{"type":"FeatureCollection", "features": [
{"type":"Feature","geometry":{"type":"Polygon","coordinates":[[[5.8235,49.5071],[6.433,49.4453],[6.3995,49.6042],[6.5309,49.7984],[6.3215,49.8416],[6.1366,49.982],[6.1085,50.1175],[5.8338,50.0474],[5.7379,49.9025],[5.7451,49.7553],[5.8844,49.6635],[5.8235,49.5071]]]},"properties":{"NAME":"Luxembourg","ABBREVN":"Luxembourg","SUBJECTO":"Luxembourg","BORDERPRECISION":3,"PARTOF":"Luxembourg"}},
{"type":"Feature","geometry":{"type":"MultiPolygon","coordinates":[[[[33.9247,34.9532],[33.7727,35.1293],[33.7805,35.2081],[34.0484,35.4079],[33.9073,35.4368],[33.3737,35.3065],[33.0775,35.3186],[32.8191,35.2817],[32.745,35.1143],[32.4831,35.1529],[32.301,35.0163],[32.1437,35.0425],[32.2711,34.7197],[32.6034,34.6147],[33.1314,34.6803],[33.4839,34.7958],[33.5385,34.9442],[33.9247,34.9532]]],[[[23.2424,39.0441],[23.0143,38.9614],[23.4629,38.6237],[23.6377,38.5226],[23.6605,38.4036],[24.0254,38.3857],[24.3143,37.9853],[24.5272,37.9674],[24.588,38.1529],[24.2915,38.1948],[24.2079,38.5524],[24.1319,38.6534],[23.7898,38.7186],[23.2424,39.0441]]],[[[24.588,36.8685],[24.2991,36.7529],[24.4664,36.6493],[24.6792,36.759],[24.588,36.8685]]],[[[25.2722,37.5647],[24.7629,38.0033],[24.6564,37.9014],[25.3178,37.4018],[25.2722,37.5647]]],[[[25.3102,37.0022],[25.3102,37.1962],[25.1506,37.172],[24.9377,36.9597],[25.1126,36.9415],[25.3102,37.0022]]],[[[25.6067,37.1235],[25.5383,37.2204],[25.3406,37.0871],[25.4547,36.9232],[25.5991,37.0265],[25.6067,37.1235]]],[[[18.5136,42.3621],[18.9099,42.2178],[19.1355,41.9995],[19.143,41.9321],[19.607,41.7615],[19.6194,41.5593],[19.4989,41.5236],[19.417,41.3453],[19.53,41.2184],[19.4454,40.9649],[19.5273,40.8659],[19.3392,40.5887],[19.4945,40.4027],[19.3691,40.2603],[19.8036,40.017],[20.0286,39.8138],[20.0908,39.6025],[20.2118,39.4049],[20.6778,39.0804],[20.9011,39.0617],[21.0072,39.113],[21.1595,39.0048],[21.0065,38.8705],[20.7718,38.8509],[21.1724,38.3478],[21.3645,38.412],[21.8265,38.464],[22.3337,38.4267],[22.8756,38.2046],[23.1163,38.1574],[22.8987,37.9976],[22.7472,37.9526],[21.9967,38.2508],[21.9058,38.2697],[21.7145,38.1354],[21.4405,38.1795],[21.2284,37.9049],[21.2963,37.7265],[21.6137,37.4148],[21.6265,37.3065],[21.5314,37.1151],[21.5882,36.9814],[21.7809,36.8225],[21.9842,37.0205],[22.1914,36.8552],[22.3903,36.5244],[22.5244,36.7221],[22.6736,36.7543],[22.9826,36.6148],[22.8869,37.0467],[22.7931,37.1386],[22.6387,37.4923],[22.7133,37.5434],[22.9421,37.5184],[22.971,37.3853],[23.1096,37.3466],[23.3122,37.5481],[23.0489,37.6426],[23.04,37.858],[22.9806,37.9578],[23.4957,38.0681],[23.6341,37.879],[23.7337,37.8579],[23.8355,37.6846],[23.9873,37.7634],[23.88,38.1154],[23.9607,38.2099],[23.8039,38.3465],[23.5558,38.3518],[23.4938,38.4831],[23.3562,38.4895],[23.1695,38.667],[22.9842,38.667],[22.8994,38.7669],[22.6023,38.8562],[22.8711,39.0243],[22.8349,39.1664],[22.7203,39.2873],[22.8509,39.3661],[22.9813,39.3293],[23.1585,39.1401],[23.2361,39.2032],[23.0742,39.4135],[22.8134,39.6027],[22.6951,39.8345],[22.4674,40.1185],[22.6023,40.3972],[22.7481,40.4825],[22.9602,40.3147],[23.2591,40.2292],[23.2918,40.2873],[23.5958,40.1923],[23.796,39.9867],[23.8687,40.1607],[23.6517,40.2292],[23.6272,40.3453],[23.7748,40.3928],[24.0478,40.3084],[24.2206,40.1448],[24.2954,40.1765],[23.9237,40.4508],[23.7852,40.4772],[23.6347,40.7728],[23.886,40.7329],[24.2191,40.8297],[24.3543,40.971],[24.5191,40.8731],[24.7007,40.8783],[25.0189,41.0171],[25.0463,40.9523],[25.3011,40.8959],[25.9929,40.8525],[26.0207,40.6693],[26.124,40.6028],[26.4548,40.5843],[26.5565,40.4983],[26.1948,40.3031],[26.2552,40.0816],[26.6136,40.398],[27.2638,40.6672],[27.4742,40.9628],[27.9322,40.9575],[28.1733,41.0579],[28.5962,40.947],[28.8278,40.9147],[28.9645,40.9892],[29.0811,41.2005],[29.0124,41.2548],[28.3715,41.4331],[28.1044,41.593],[28.0182,41.7532],[28.0262,41.8824],[27.9134,42.0781],[27.502,42.5163],[27.654,42.6837],[27.8362,42.7355],[27.8873,43.0635],[28.0346,43.3919],[28.4457,43.4764],[28.5299,43.8435],[28.5731,44.1978],[28.6862,44.4881],[28.9182,44.7658],[29.0897,44.8757],[29.4575,44.9151],[29.7108,45.2583],[29.6832,45.3748],[29.5004,45.5234],[29.6295,45.7504],[30.0688,45.8614],[30.4328,46.1757],[30.0661,46.2804],[29.4267,46.8161],[29.1156,47.2827],[28.9082,47.8184],[28.3473,48.1503],[28.1147,48.2184],[28.0125,48.3092],[27.7061,48.4397],[27.6478,48.7516],[27.4858,48.6706],[27.1077,48.8326],[27.1077,48.6436],[26.1627,48.9406],[26.3597,48.125],[26.1235,48.125],[26.1235,47.8549],[25.7859,47.9562],[25.3809,47.8549],[25.2459,47.6862],[25.6847,47.6187],[26.2922,47.2136],[26.191,46.8086],[25.8534,46.6736],[25.6509,46.4036],[25.4484,46.3023],[25.5159,45.796],[24.9421,45.9648],[24.4021,45.8973],[24.0646,46.0998],[23.7946,46.0661],[23.5583,45.8973],[23.2545,46.0661],[23.0182,45.8635],[22.4782,45.7285],[22.3432,44.986],[22.4095,44.7503],[22.1329,44.5112],[21.8589,44.6812],[21.5919,44.7078],[21.5833,44.7928],[21.3442,44.8831],[20.7893,44.7421],[20.3385,44.9592],[20.1882,45.2597],[19.0117,45.4588],[18.9866,45.3885],[19.2126,45.2027],[19.1021,45.1324],[19.1222,44.9265],[18.841,44.8511],[18.7154,45.047],[18.2584,45.1223],[17.9872,45.1223],[17.8566,45.047],[17.6658,45.1173],[17.1685,45.1575],[16.9325,45.2378],[16.8321,45.1876],[16.5106,45.2077],[16.3449,45.0018],[16.139,45.0721],[16.0235,45.2077],[15.8276,45.2027],[15.7673,45.047],[15.7573,44.7858],[15.9582,44.6804],[16.144,44.4343],[16.1942,44.1932],[16.3851,44.0425],[16.5357,44.0074],[17.0129,43.5554],[17.259,43.4449],[17.2941,43.2691],[17.6457,43.0531],[17.548,42.9201],[17.6464,42.8646],[18.1127,42.7418],[18.2534,42.6262],[18.4291,42.5861],[18.5136,42.3621]]],[[[24.7156,35.0348],[24.6935,34.9405],[25.8987,35.0453],[26.1605,35.0243],[26.236,35.2288],[25.9355,35.213],[25.789,35.137],[25.6685,35.1868],[25.7135,35.327],[25.5116,35.2948],[25.0136,35.3625],[24.7686,35.428],[24.3883,35.373],[23.8795,35.5524],[23.5294,35.5696],[23.4669,35.3179],[23.5677,35.255],[23.7856,35.2629],[24.0132,35.2104],[24.3244,35.2078],[24.6901,35.0924],[24.7156,35.0348]]],[[[50.9683,24.4362],[50.7783,24.4709],[50.6065,24.6802],[50.6189,24.8709],[50.4292,25.184],[50.3819,25.4612],[50.2143,25.5881],[50.1469,25.5356],[49.9369,25.9558],[50.0762,26.3118],[49.9342,26.4831],[50.0902,26.6115],[50.1218,26.7376],[49.9314,26.9341],[49.5325,27.0095],[49.3216,27.1616],[49.1519,27.3725],[49.1319,27.536],[48.855,27.5227],[48.7517,27.8719],[48.5875,28.0939],[48.4627,28.3859],[48.1291,29.2682],[47.9915,29.2775],[47.8036,29.1849],[47.614,29.2722],[47.8449,29.5032],[47.996,29.4903],[47.9114,29.8903],[48.0283,29.9731],[48.2118,29.9481],[48.5536,29.9946],[48.0813,30.3953],[48.107,30.6686],[48.0335,30.8777],[47.6887,30.8821],[47.6982,31.2886],[47.7869,31.5685],[47.793,31.7972],[47.612,32.0311],[47.2636,32.3022],[47.0676,32.3963],[46.5085,32.8123],[46.0899,32.8417],[46.1051,33.2101],[45.6464,33.6393],[45.5062,33.7973],[45.565,34.2738],[45.6709,34.6173],[46.1844,35.0584],[45.9949,35.4009],[46.0007,35.5154],[46.211,35.7838],[45.7304,35.832],[45.3881,35.9256],[44.7946,37.1318],[44.7842,37.2704],[44.6601,37.2862],[44.4712,37.4546],[44.4268,37.6442],[44.4918,37.7543],[44.2052,37.8674],[44.447,38.3849],[44.2291,38.4816],[44.1283,38.7029],[44.1832,38.8715],[44.0648,39.1733],[44.0821,39.2945],[44.3449,39.4144],[44.3489,39.6095],[44.6373,39.6622],[44.6696,39.757],[44.4481,39.9599],[43.8124,40.0139],[43.6845,40.1091],[43.6697,40.2946],[43.8589,40.6604],[43.8473,40.75],[43.4753,41.0874],[42.8784,41.5455],[42.6938,41.5637],[42.2501,41.369],[41.484,41.4365],[41.2931,41.2858],[40.6099,41.028],[40.361,40.9634],[40.0067,40.9563],[39.3702,41.064],[39.1386,41.0443],[38.6512,40.9216],[38.314,40.9209],[37.8218,41.0096],[37.2528,41.0277],[36.817,41.2897],[36.6412,41.315],[36.3829,41.2375],[36.1614,41.3525],[35.9578,41.6856],[35.6779,41.6209],[35.4114,41.6268],[35.0988,41.8059],[35.0019,42.0432],[34.6629,41.8756],[34.3039,41.8941],[33.5555,41.9825],[33.1555,41.9496],[32.6879,41.846],[32.419,41.7492],[31.6664,41.3948],[31.3857,41.285],[31.4041,41.1635],[31.2177,41.0541],[30.7448,41.0403],[30.2561,41.1847],[30.1376,41.1318],[29.5778,41.1534],[29.1612,41.2164],[29.0145,40.9787],[29.5252,40.6883],[28.9016,40.6201],[28.8732,40.4719],[29.0835,40.4561],[29.0524,40.3347],[28.4777,40.3951],[27.9082,40.3506],[28.0065,40.4508],[27.8078,40.5036],[27.7639,40.2873],[27.526,40.2971],[27.3292,40.3558],[27.2718,40.4508],[26.9965,40.3717],[26.7653,40.3769],[26.4817,40.187],[26.3203,39.9919],[26.186,39.9972],[26.1276,39.8786],[26.139,39.4397],[26.8043,39.5672],[26.9575,39.5483],[26.7202,39.3372],[26.7079,39.1821],[26.8708,39.056],[26.9664,38.7699],[26.6957,38.6408],[26.9974,38.4001],[26.7425,38.2784],[26.4687,38.4448],[26.3932,38.1044],[26.6793,38.1049],[26.9614,37.9461],[27.1398,37.8891],[27.1798,37.7744],[27.1226,37.4939],[27.1604,37.3601],[27.3646,37.3286],[27.5256,37.1314],[27.2686,37.0417],[27.3081,36.9207],[27.9988,36.9094],[28.051,36.833],[27.9119,36.6989],[28.0142,36.5272],[28.2669,36.7124],[28.4698,36.7383],[28.8135,36.5352],[29.0023,36.6948],[29.2982,36.1731],[29.4719,36.0907],[29.662,36.0783],[30.1661,36.1876],[30.2799,36.1178],[30.4728,36.1883],[30.5401,36.647],[30.5936,36.7617],[30.9053,36.7942],[31.3707,36.7123],[31.902,36.4969],[32.335,36.1284],[32.6403,36.008],[33.1713,35.9709],[33.7532,36.1466],[33.9541,36.1598],[33.9517,36.2516],[34.1032,36.3803],[34.4851,36.6268],[34.6624,36.6478],[35.0714,36.4877],[35.2205,36.388],[35.4946,36.4431],[35.5676,36.5874],[35.6717,36.6058],[35.8909,36.7711],[36.0824,36.6215],[36.0953,36.4825],[35.7086,36.2122],[35.7185,36.0916],[35.8559,35.8345],[35.7332,35.5854],[35.6073,35.4175],[35.7964,35.2707],[35.8414,35.0426],[35.7508,34.7468],[35.8731,34.4223],[35.5321,34.1187],[35.4919,33.8308],[35.3561,33.6398],[35.089,33.0693],[34.972,32.9384],[34.9566,32.7048],[34.8429,32.6707],[34.7585,32.3007],[34.5991,31.8179],[34.5007,31.6211],[34.1463,31.2086],[34.5603,30.2039],[34.9355,29.4181],[35.0955,29.3427],[35.0257,28.9486],[34.8856,28.3575],[34.7639,28.0967],[35.1116,28.0721],[35.4365,27.7297],[35.5948,27.514],[35.8311,27.0952],[36.3122,26.4227],[36.6693,26.0168],[37.0053,25.5347],[37.2183,25.1666],[37.2685,24.9698],[37.2015,24.6583],[37.5572,24.2715],[37.7818,24.2148],[37.9884,24.1136],[38.3294,23.8347],[38.4901,23.6127],[38.9151,22.8702],[39.0556,22.5719],[39.1022,22.4004],[39.1033,22.0002],[39.1667,21.2188],[39.5269,20.6922],[39.7641,20.4068],[40.3363,20.0967],[40.6938,19.8687],[40.8198,19.6847],[41.9226,20.7665],[41.8125,21.7126],[41.0704,22.2627],[40.6475,24.1528],[38.8141,24.8414],[37.3635,27.9574],[36.5935,29.7873],[36.5248,31.1615],[37.2119,33.5665],[38.0364,34.5972],[39.342,34.5972],[40.0291,34.391],[44.0832,30.337],[44.839,29.9934],[45.8697,29.856],[46.9051,29.4376],[46.5092,28.9701],[47.4386,28.8293],[47.6721,28.4432],[48.469,26.6954],[49.3954,26.0778],[49.7042,24.4103],[50.5688,23.8545],[50.9683,24.4362]]]]},"properties":{"NAME":"Ottoman Empire","ABBREVN":"Ottoman Empi","SUBJECTO":"Ottoman Empire","BORDERPRECISION":3,"PARTOF":"Ottoman Empire"}},
{"type":"Feature","geometry":{"type":"Polygon","coordinates":[[[91.6078,27.6415],[91.4596,27.9199],[91.319,28.0143],[91.1522,28.0324],[90,28.0535],[90,28.2799],[89.8634,28.2725],[89.6397,28.1189],[89.3655,27.8761],[88.8026,27.181],[88.7613,27.13],[88.8675,26.9084],[89.1538,26.8275],[89.4053,26.7909],[89.8344,26.6854],[90,26.7787],[91.1618,26.7502],[91.9089,26.8053],[92.0063,27.0661],[91.9989,27.193],[91.8831,27.3003],[91.7418,27.3312],[91.5949,27.4637],[91.6078,27.6415]]]},"properties":{"NAME":"Bhutan","ABBREVN":"Bhutan","SUBJECTO":"Bhutan","BORDERPRECISION":3,"PARTOF":"Bhutan"}},
{"type":"Feature","geometry":{"type":"MultiPolygon","coordinates":[[[[-66.9056,17.9362],[-66.7464,18.0128],[-66.4509,18.0452],[-66.1184,18.0078],[-65.9674,18.0272],[-65.84,18.1292],[-65.7241,18.3328],[-65.9515,18.4722],[-67.0552,18.5461],[-67.2106,18.4377],[-67.1617,18.3297],[-67.1846,18.0818],[-67.152,17.9865],[-66.9056,17.9362]]],[[[-71.677,18.0025],[-71.5307,17.7547],[-71.4008,17.7041],[-71.2165,17.9969],[-71.0615,18.3468],[-70.7654,18.4937],[-70.621,18.5067],[-70.4774,18.2845],[-70.2992,18.2595],[-69.956,18.5017],[-69.808,18.5465],[-69.5107,18.5027],[-69.156,18.5289],[-68.9859,18.5102],[-68.772,18.2437],[-68.6647,18.1994],[-68.3729,18.575],[-68.6568,18.8732],[-69.0688,19.0757],[-69.5091,19.2082],[-69.7466,19.3539],[-69.8975,19.5062],[-69.9934,19.6839],[-70.2892,19.6515],[-70.7389,19.7904],[-70.8816,19.9299],[-71.2203,19.8339],[-71.3739,19.8335],[-71.5506,19.8967],[-71.7771,19.771],[-71.7201,18.8949],[-71.8906,18.6903],[-71.8953,18.614],[-71.677,18.0025]]],[[[-82.1772,22.3659],[-81.7923,22.2078],[-81.5723,22.1638],[-80.7765,22.1019],[-80.4442,21.9945],[-80.014,21.773],[-79.7345,21.6719],[-79.3581,21.6091],[-78.7279,21.6168],[-78.6296,21.5471],[-78.5136,21.3058],[-78.4504,20.969],[-78.1574,20.8171],[-77.8863,20.7668],[-77.5712,20.7675],[-77.2912,20.7045],[-77.0987,20.5333],[-77.1766,20.3551],[-77.5041,20.0748],[-77.663,19.9028],[-77.4608,19.8714],[-76.8187,19.9364],[-76.3985,20.0199],[-75.9934,20.0017],[-75.5191,19.9074],[-75.2372,19.9334],[-74.7196,20.1125],[-74.2782,20.1515],[-74.3448,20.323],[-74.6108,20.4496],[-74.8391,20.6207],[-75.0619,20.6965],[-75.4019,20.664],[-75.6537,20.6825],[-75.7585,20.7522],[-75.6039,21.0132],[-75.7509,21.1209],[-76.2089,21.1962],[-76.9758,21.4298],[-77.1913,21.4484],[-77.3398,21.5117],[-77.5078,21.7592],[-77.7118,21.8986],[-78.1706,22.1201],[-78.7233,22.2779],[-79.069,22.328],[-79.3304,22.4037],[-79.5022,22.5178],[-79.76,22.7588],[-79.9846,22.8791],[-80.199,22.885],[-80.7212,23.0237],[-81.1026,23.0611],[-81.4311,23.1367],[-81.6857,23.117],[-82.0568,23.1353],[-82.4356,23.0646],[-82.9593,23.0254],[-83.6904,22.814],[-84.2564,22.5395],[-84.4347,22.323],[-84.3772,22.0561],[-84.5899,21.9158],[-84.7064,21.7696],[-84.2086,21.8276],[-84.0305,21.9551],[-83.9453,22.1587],[-83.8506,22.2098],[-83.3897,22.2235],[-82.8527,22.6378],[-82.5624,22.7084],[-82.0456,22.6967],[-81.7394,22.6211],[-81.6626,22.5068],[-82.1772,22.3659]]]]},"properties":{"NAME":"Spain","ABBREVN":"Spain","SUBJECTO":"Spain","BORDERPRECISION":3,"PARTOF":"Spain"}},
{"type":"Feature","geometry":{"type":"Polygon","coordinates":[[[-71.7771,19.771],[-71.8433,19.7308],[-72.1027,19.7557],[-72.5888,19.8882],[-72.9404,19.9446],[-73.2662,19.9185],[-73.4212,19.8737],[-73.4926,19.7528],[-73.3554,19.6577],[-72.9446,19.595],[-72.7672,19.5255],[-72.6765,19.3922],[-72.7594,19.0742],[-72.6984,18.9408],[-72.2978,18.662],[-72.7459,18.5085],[-73.0403,18.5269],[-73.8302,18.6524],[-74.3032,18.6959],[-74.4418,18.524],[-74.3648,18.3779],[-73.857,18.112],[-73.6871,18.2713],[-73.4738,18.3163],[-72.9155,18.2285],[-72.5207,18.223],[-72.1783,18.2873],[-71.9782,18.2622],[-71.677,18.0025],[-71.8953,18.614],[-71.8906,18.6903],[-71.7201,18.8949],[-71.7771,19.771]]]},"properties":{"NAME":"Haiti","ABBREVN":"Haiti","SUBJECTO":"Haiti","BORDERPRECISION":3,"PARTOF":"Haiti"}},
{"type":"Feature","geometry":{"type":"MultiPolygon","coordinates":[[[[-88.3205,18.4944],[-88.5168,18.4872],[-88.5969,18.2861],[-88.8667,17.9006],[-89.0404,18.0222],[-89.1656,17.9793],[-89.1543,17.8312],[-89.2511,15.8975],[-88.9408,15.9046],[-88.9408,16.0334],[-88.7661,16.1407],[-88.7418,16.2695],[-88.5798,16.2838],[-88.4445,16.4412],[-88.2834,16.8347],[-88.2419,17.0135],[-88.327,17.1566],[-88.2205,17.5143],[-88.3004,17.6354],[-88.1119,18.1939],[-88.1237,18.3871],[-88.3992,18.309],[-88.3205,18.4944]]],[[[-83.2964,14.615],[-83.8582,14.1846],[-84.095,12.5276],[-83.9001,11.8883],[-83.8831,12.1222],[-83.6881,12.9616],[-83.7073,13.3683],[-83.6624,13.7053],[-83.418,14.0681],[-83.3219,14.3861],[-83.2964,14.615]]],[[[-73.0372,21.1394],[-73.1381,21.1875],[-73.2611,21.1342],[-73.5364,21.1833],[-73.7022,20.9997],[-73.4528,20.9247],[-73.1517,20.9722],[-73.0372,21.1394]]],[[[-74.0736,22.6633],[-74.0228,22.7189],[-74.3053,22.8431],[-74.2725,22.7144],[-74.0736,22.6633]]],[[[-77.7356,24.0286],[-77.8083,23.8786],[-77.7303,23.7869],[-77.5528,23.7536],[-77.517,23.9278],[-77.5461,24.1139],[-77.6342,24.2094],[-77.7356,24.0286]]],[[[-78.192,25.2036],[-78.1611,25.0578],[-78.1994,24.8678],[-78.2889,24.7764],[-78.1945,24.6161],[-78.3603,24.5347],[-78.0953,24.3856],[-78.0114,24.2772],[-77.7167,24.5067],[-77.7736,24.7328],[-77.8864,24.8561],[-77.9828,25.1461],[-78.192,25.2036]]],[[[-76.5333,25.3983],[-76.507,25.3508],[-76.3558,25.3183],[-76.2545,25.1781],[-76.175,25.1444],[-76.145,25.0092],[-76.2111,24.8658],[-76.3203,24.7936],[-76.1683,24.69],[-76.11,25.0667],[-76.1322,25.1461],[-76.3131,25.2872],[-76.3497,25.3433],[-76.4103,25.3403],[-76.5333,25.3983]]],[[[-77.9172,26.7453],[-78.1064,26.7022],[-78.6003,26.7017],[-78.6783,26.4961],[-78.3661,26.6108],[-78.0211,26.6589],[-77.9172,26.7453]]],[[[-77.735,26.9144],[-77.5256,26.8564],[-77.3497,26.6406],[-77.1544,26.5203],[-77.2325,26.4061],[-77.2189,26.1469],[-77.3981,26.0264],[-77.1945,25.8919],[-77.1514,26.2553],[-77.0278,26.3597],[-77.0397,26.4978],[-77.2778,26.6233],[-77.5008,26.8629],[-77.735,26.9144]]],[[[-77.2908,17.806],[-77.1523,17.8635],[-77.0503,17.9781],[-76.8055,18.0041],[-76.4677,17.8713],[-76.3186,17.9034],[-76.3007,17.9924],[-76.4264,18.1193],[-77.1559,18.3974],[-77.7695,18.5105],[-78.0864,18.478],[-78.3249,18.3504],[-78.2611,18.2552],[-78.0518,18.2175],[-77.7373,17.9321],[-77.2908,17.806]]]]},"properties":{"NAME":"United Kingdom","ABBREVN":"United Kingdom","SUBJECTO":"United Kingdom","BORDERPRECISION":3,"PARTOF":"United Kingdom"}},
{"type":"Feature","geometry":{"type":"MultiPolygon","coordinates":[[[[120.3636,14.5309],[120.4714,14.8043],[120.7064,14.7286],[120.8966,14.5511],[121.2172,14.4184],[121.2854,14.3424],[121.105,14.253],[120.9438,14.2908],[120.7986,14.3858],[120.5106,14.112],[120.5985,13.9216],[121.0094,13.6557],[121.2497,13.7134],[121.3317,13.8279],[121.6249,13.8984],[122.0673,13.6516],[122.3941,13.3029],[122.492,13.4302],[122.3253,13.7792],[122.4854,13.8812],[122.8242,13.6215],[123.0937,13.3806],[123.197,13.2411],[123.239,13.0252],[123.677,12.8927],[123.8189,12.9756],[123.3976,13.5274],[123.4914,13.6229],[123.6612,13.6931],[123.6385,13.8329],[123.3592,13.953],[123.1318,13.692],[122.9851,13.7298],[122.8563,13.8883],[122.7762,14.174],[122.6746,14.2691],[122.3974,14.3066],[122.1793,14.0648],[122.1066,13.9185],[121.9735,13.95],[121.7288,14.1083],[121.6116,14.3875],[121.4568,14.8827],[121.2422,15.3078],[121.3682,15.4987],[121.439,15.9181],[121.6886,16.0584],[122.064,16.3323],[122.2033,16.5422],[122.3956,17.1143],[122.3136,17.2602],[122.0703,17.4376],[122.0074,17.7932],[122.0278,18.0092],[122.1472,18.2063],[122.139,18.3842],[122.0496,18.4475],[121.8398,18.2756],[121.5808,18.2941],[121.0364,18.5279],[120.8004,18.5528],[120.5644,18.4316],[120.3931,18.0438],[120.323,17.3703],[120.3115,17.0718],[120.2466,16.8747],[120.2581,16.6143],[120.3034,16.4175],[120.2931,16.2332],[120.2021,16.0425],[119.762,16.3591],[119.6814,16.1875],[119.813,15.9781],[119.7718,15.4698],[119.9717,14.9049],[120.3636,14.5309]]],[[[121.094,12.2011],[121.2736,12.5255],[121.3168,12.7416],[121.3045,13.129],[121.1807,13.3321],[121.0392,13.408],[120.6486,13.4135],[120.3405,13.3874],[120.547,13.1528],[120.7337,12.5497],[120.8908,12.3658],[121.094,12.2011]]],[[[125.3231,11.1239],[125.4487,11.2067],[125.3331,11.5622],[125.2777,11.9242],[125.2464,12.2926],[125.1191,12.4766],[124.9521,12.527],[124.264,12.4176],[124.3304,12.2081],[124.8755,11.8344],[124.9166,11.6439],[124.8542,11.4913],[125.07,11.244],[125.3231,11.1239]]],[[[121.873,10.4684],[122.2973,10.6472],[122.7062,10.9403],[122.8968,11.1504],[122.9324,11.3284],[122.9199,11.5253],[122.635,11.4421],[122.4702,11.4544],[122.2106,11.5809],[121.9936,11.7583],[121.9663,11.231],[121.873,10.4684]]],[[[118.8646,10.0236],[119.0338,10.1256],[119.217,10.2911],[119.5643,10.5016],[119.3445,11.003],[119.4167,11.1302],[119.3539,11.2126],[119.207,11.1297],[119.1081,10.6276],[118.9892,10.3923],[118.6997,10.0359],[118.8646,10.0236]]],[[[122.9416,9.0476],[123.0371,9.0669],[123.133,9.2513],[122.9622,9.594],[123.1044,10.2296],[123.3121,10.7383],[123.2391,10.9224],[123.1176,10.9349],[122.9202,10.8518],[122.7007,10.0318],[122.6021,9.9109],[122.3475,9.8151],[122.3031,9.6498],[122.3956,9.4784],[122.7686,9.2124],[122.9416,9.0476]]],[[[117.2706,8.4508],[117.4441,8.6355],[117.7101,8.7123],[117.8571,8.8333],[117.9672,9.1131],[118.2763,9.2662],[118.5046,9.4828],[118.5577,9.6735],[118.5081,9.9211],[118.0885,9.431],[117.8021,9.208],[117.5359,9.0486],[117.3788,8.8958],[117.2245,8.6858],[117.1278,8.4696],[117.2706,8.4508]]],[[[126.0452,6.6082],[126.3217,7.1488],[126.372,7.3396],[126.3727,7.5365],[126.2799,7.7333],[126.2545,8.0445],[126.3063,8.2353],[126.2719,8.4258],[126.03,8.3808],[125.9232,8.4822],[126.0746,8.8129],[125.9339,9.1748],[125.6138,9.5362],[125.4281,9.7836],[125.3623,9.6246],[125.4395,9.3706],[125.461,9.053],[125.4013,8.9512],[125.2248,8.9953],[125.1326,8.9316],[124.9909,8.7153],[124.8721,8.9247],[124.7416,8.918],[124.6706,8.4287],[124.3716,8.5615],[124.2104,8.4467],[124.1172,8.1924],[124.0239,8.1096],[123.8055,8.0837],[123.6628,8.0135],[123.6169,8.3375],[123.4859,8.496],[123.1358,8.4508],[122.7965,8.2722],[122.7363,8.0624],[122.638,8.005],[122.384,7.9854],[122.2117,7.9024],[122.0937,7.7751],[122.0105,7.5335],[121.8488,7.1964],[121.8399,6.9676],[121.9919,6.8726],[122.2283,7.2607],[122.4552,7.6932],[122.6351,7.7826],[122.7133,7.6748],[122.7254,7.4524],[123.023,7.4784],[123.2479,7.5933],[123.3337,7.7714],[123.465,7.7907],[123.8153,7.6581],[124.0248,7.4743],[124.0736,7.2584],[123.8642,6.8513],[123.8806,6.5654],[123.9735,6.3369],[124.2241,6.0896],[124.7253,5.8111],[124.803,5.7859],[124.9658,6.0848],[125.1295,6.0534],[125.1635,5.9074],[125.0728,5.7229],[125.2893,5.4883],[125.4615,5.7174],[125.5329,5.9399],[125.466,6.2448],[125.2804,6.5938],[125.4432,6.9627],[125.6146,7.2363],[125.7478,7.1857],[125.9108,6.8493],[125.9546,6.6525],[126.0452,6.6082]]]]},"properties":{"NAME":"Philippines","ABBREVN":"Philippines","SUBJECTO":"Philippines","BORDERPRECISION":3,"PARTOF":"Philippines"}},
{"type":"Feature","geometry":{"type":"Polygon","coordinates":[[[80.5629,5.9317],[80.8518,5.9513],[81.2027,6.0792],[81.4339,6.2703],[81.5999,6.4486],[81.779,6.754],[81.8662,7.0846],[81.8049,7.3132],[81.446,7.9287],[81.3261,8.2589],[81.0601,8.4108],[81.0934,8.6269],[81.0149,8.7728],[80.6624,9.2995],[80.3476,9.4703],[80.1096,9.6866],[80.1781,9.4452],[80.0765,9.2791],[80.0526,9.1139],[79.896,8.9204],[79.7058,8.9309],[79.6746,8.8049],[79.8087,8.6475],[79.7242,8.4166],[79.8322,8.1031],[79.8387,7.3534],[79.8541,7.0612],[80.0168,6.496],[80.2222,6.058],[80.3411,5.9693],[80.5629,5.9317]]]},"properties":{"NAME":"Ceylon","ABBREVN":"Ceylon","SUBJECTO":"Ceylon","BORDERPRECISION":3,"PARTOF":"Ceylon"}},
{"type":"Feature","geometry":{"type":"Polygon","coordinates":[[[44.6722,-16.2356],[44.4544,-16.2424],[44.4514,-16.7254],[44.378,-16.9226],[43.9716,-17.5527],[44.0758,-17.8766],[44.1595,-18.4039],[44.3942,-18.7911],[44.251,-19.1028],[44.5357,-19.3692],[44.5854,-19.528],[44.5171,-20.0239],[44.4703,-20.1701],[44.1617,-20.6983],[43.8165,-21.3156],[43.6032,-21.3986],[43.501,-21.4942],[43.3248,-22.1111],[43.2913,-22.4098],[43.3764,-22.6321],[43.7847,-23.2668],[43.8271,-23.4129],[43.6717,-23.9026],[43.6714,-24.2268],[43.7272,-24.3538],[43.9342,-24.5186],[43.981,-24.6266],[43.9898,-24.8808],[44.0368,-24.9887],[44.4253,-25.3121],[44.713,-25.3051],[44.9585,-25.3872],[45.2105,-25.66],[45.5762,-25.6211],[45.7895,-25.4109],[46.2391,-25.2637],[46.8551,-25.218],[46.9455,-25.1669],[47.2585,-24.7658],[47.4916,-24.0598],[48.0874,-22.0438],[48.6517,-20.3392],[49.0231,-19.1817],[49.3419,-18.2276],[49.4228,-17.8016],[49.4046,-17.4012],[49.4247,-17.1978],[49.7603,-16.7458],[49.8982,-16.4595],[49.8628,-16.2817],[49.685,-16.0469],[49.5977,-15.653],[49.6203,-15.4623],[49.7538,-15.3985],[50.0036,-15.7348],[50.0885,-15.8998],[50.1873,-15.9568],[50.4863,-15.4795],[50.5033,-15.3142],[50.4301,-15.1047],[50.2544,-14.7745],[50.1502,-14.4189],[49.9762,-13.3007],[49.8805,-12.9196],[49.8172,-12.8307],[49.5418,-12.7042],[49.3366,-12.4123],[49.1763,-12.2665],[48.9348,-12.4767],[48.9933,-12.7372],[48.8572,-13.2522],[48.7513,-13.4177],[48.4397,-13.6535],[48.3496,-13.838],[48.2236,-13.7938],[48.11,-13.597],[47.9425,-13.5847],[47.9155,-13.7373],[48.049,-14.131],[47.9717,-14.2837],[47.7412,-14.3096],[47.699,-14.4432],[47.8837,-14.7161],[47.6329,-14.9836],[47.5295,-14.9583],[47.4263,-14.8251],[47.1993,-15.0163],[47.1061,-15.1436],[47.2446,-15.3657],[47.0695,-15.4614],[46.9246,-15.36],[46.7344,-15.4494],[46.3875,-15.6917],[46.4644,-15.8568],[46.2819,-15.9525],[46.1423,-15.8257],[45.7323,-15.8901],[45.5546,-16.0557],[45.4335,-16.0941],[45.1969,-16.0374],[44.9174,-16.2033],[44.6722,-16.2356]],[[48.0221,-17.9993],[48.9099,-17.9993],[48.4956,-18.887],[48.318,-20.0707],[47.3711,-21.0176],[46.6609,-23.2666],[45.7732,-22.734],[44.9446,-22.3789],[46.1283,-20.6625],[46.6535,-17.733],[47.4821,-16.9044],[48.0221,-17.9993]]]},"properties":{"NAME":null,"ABBREVN":null,"SUBJECTO":null,"BORDERPRECISION":3,"PARTOF":null}},
{"type":"Feature","geometry":{"type":"MultiPolygon","coordinates":[[[[175.3077,-37.321],[175.2008,-37.0727],[174.9801,-37.0833],[174.9283,-36.9675],[174.6448,-36.8306],[174.8573,-36.6938],[174.7869,-36.2834],[174.3479,-35.9152],[174.609,-35.789],[174.3919,-35.5786],[174.2169,-35.3368],[174.0152,-35.2316],[173.703,-35.1475],[173.4696,-35.0319],[173.3303,-35.0844],[173.1527,-34.9584],[172.9896,-34.7274],[172.9603,-34.5595],[172.7892,-34.675],[172.9598,-34.8639],[173.0701,-35.1265],[173.0462,-35.2526],[173.1665,-35.4209],[173.8407,-36.1361],[174.0698,-36.1887],[174.2658,-36.4833],[174.2201,-36.557],[174.4786,-36.8622],[174.7647,-37.2965],[174.7281,-37.552],[174.9451,-37.9284],[174.9307,-38.1009],[174.7526,-38.2993],[174.7135,-38.4399],[174.7486,-38.753],[174.6547,-38.9833],[174.0299,-39.2914],[173.8048,-39.4197],[173.9921,-39.6112],[174.4331,-39.8149],[174.8893,-39.9803],[175.2317,-40.2425],[175.3536,-40.3],[175.3674,-40.4539],[175.1884,-40.679],[175.0502,-40.981],[174.9207,-41.1547],[174.8954,-41.2961],[175.0022,-41.4438],[175.3653,-41.6616],[175.6711,-41.5196],[176.0114,-41.2553],[176.7965,-40.2714],[177.0875,-40.0399],[177.1566,-39.8542],[177.0421,-39.6178],[177.0238,-39.4452],[177.146,-39.3171],[177.3403,-39.2272],[177.8667,-39.2069],[177.9224,-39.1365],[177.9385,-38.8296],[178.4082,-38.7712],[178.589,-38.2148],[178.5692,-37.921],[178.4213,-37.8447],[178.2413,-37.8323],[177.8429,-37.9864],[177.5284,-38.2042],[177.3618,-38.2365],[177.1342,-38.1859],[176.1292,-37.7982],[176.0045,-37.3643],[175.8377,-37.0262],[175.5579,-36.9438],[175.5347,-37.0715],[175.6436,-37.3075],[175.64,-37.4097],[175.3077,-37.321]]],[[[172.0627,-43.9231],[172.4406,-43.7933],[172.6673,-43.9263],[173.0096,-43.8438],[172.82,-43.7136],[172.6276,-43.6923],[172.4405,-43.5094],[172.7374,-43.3218],[172.8439,-43.2055],[173.2365,-42.9856],[173.8413,-42.4883],[173.9586,-42.3078],[174.2335,-42.0112],[174.0692,-41.6959],[174.1582,-41.5162],[174.0585,-41.2914],[173.7015,-41.2536],[173.264,-41.5437],[173.1232,-41.4347],[173.0193,-41.075],[172.7837,-40.9649],[172.769,-40.8484],[172.4374,-40.7531],[172.2071,-41.0445],[172.1479,-41.5781],[172.0868,-41.7068],[171.8866,-41.8294],[171.4584,-41.9929],[171.3491,-42.2873],[171.3984,-42.5125],[171.0771,-42.7128],[171.0241,-42.8869],[170.7249,-43.0679],[170.3709,-43.2169],[170.203,-43.2237],[169.987,-43.3595],[169.9569,-43.4821],[169.6488,-43.7408],[169.4791,-43.7863],[169.2346,-43.9481],[168.9138,-44.0972],[168.4157,-44.2209],[167.9667,-44.4802],[167.9208,-44.616],[167.6686,-44.7845],[167.521,-44.9529],[167.2648,-45.0634],[167.1375,-45.1998],[167.1643,-45.3295],[167.3181,-45.5044],[167.2812,-45.5629],[166.8553,-45.4924],[166.8007,-45.5574],[167.0095,-45.8167],[166.6403,-45.6971],[166.8439,-45.9145],[166.5511,-45.9671],[166.457,-46.1041],[166.5228,-46.2327],[166.8505,-46.3501],[167.2016,-46.3078],[167.3376,-46.1684],[167.5475,-46.2121],[167.6205,-46.3507],[168.1541,-46.4516],[168.4173,-46.651],[168.6996,-46.6003],[169.2202,-46.7164],[169.3993,-46.7096],[169.6663,-46.5268],[170.0441,-46.3568],[170.1208,-46.2461],[170.4237,-46.0894],[170.6116,-45.9461],[170.707,-45.699],[171.0245,-45.0754],[170.6341,-44.8627],[171.1712,-44.9392],[171.1912,-44.6289],[171.2546,-44.5512],[170.9942,-44.2675],[171.0662,-44.2286],[171.3779,-44.3377],[171.7723,-44.0528],[172.0235,-43.9942],[172.0627,-43.9231]]]]},"properties":{"NAME":"Maori","ABBREVN":"M?ori","SUBJECTO":"Maori","BORDERPRECISION":3,"PARTOF":"Maori"}},
{"type":"Feature","geometry":{"type":"MultiPolygon","coordinates":[[[[-6.3431,53.9396],[-5.9122,54.0274],[-5.7314,54.1749],[-5.6615,54.3222],[-5.7999,54.5229],[-5.7849,54.7374],[-6.0182,55.093],[-6.9634,55.2413],[-7.3339,55.3836],[-7.4265,55.2941],[-8.1183,55.1766],[-8.3454,55.0953],[-8.5037,54.7496],[-8.8294,54.6339],[-8.2115,54.6339],[-8.3006,54.4893],[-8.6867,54.3641],[-8.5901,54.2028],[-9.3229,54.2751],[-9.4743,54.2413],[-9.892,54.3256],[-10.1597,54.1331],[-10.1785,53.9119],[-9.9129,53.9696],[-9.6965,53.8734],[-9.8724,53.7677],[-9.8096,53.6324],[-10.1598,53.3741],[-9.8848,53.2974],[-9.6167,53.3459],[-9.1582,53.2207],[-9.5258,52.9046],[-9.4416,52.8333],[-9.6157,52.6366],[-9.1343,52.6809],[-9.1926,52.5545],[-9.504,52.5405],[-9.7357,52.4803],[-9.8016,52.2411],[-9.8906,52.1944],[-10.4692,52.2066],[-10.4973,52.1017],[-9.9638,52.0921],[-10.294,51.9776],[-10.2169,51.7583],[-9.8354,51.8033],[-9.8191,51.4346],[-9.2433,51.4726],[-8.8478,51.5998],[-8.5652,51.6155],[-7.7506,52.0327],[-7.3724,52.0921],[-6.9617,52.1112],[-6.8939,52.2066],[-6.406,52.2144],[-6.2321,52.6133],[-6.0707,52.7666],[-6.0431,52.8931],[-6.1722,53.4392],[-6.335,53.786],[-6.3431,53.9396]]],[[[0.081,53.3862],[-0.3192,53.5789],[-0.2349,53.7994],[-0.2955,54.0332],[-0.8706,54.5472],[-1.1921,54.5954],[-1.3889,54.6805],[-1.5556,54.9216],[-1.696,55.2725],[-1.719,55.4537],[-1.942,55.5561],[-2.245,55.811],[-2.7421,55.9572],[-3.1615,55.8457],[-3.713,55.8847],[-3.895,55.9851],[-3.2935,55.9739],[-3.1698,56.0621],[-2.8953,56.0855],[-2.7729,56.1713],[-2.9805,56.3536],[-2.6671,56.471],[-2.1589,57.0143],[-2.2032,57.0648],[-1.9446,57.4017],[-2.1504,57.572],[-2.854,57.5433],[-3.0926,57.577],[-3.7958,57.5415],[-4.1484,57.5545],[-4.2485,57.6363],[-4.1505,57.8348],[-3.9432,57.9584],[-3.1664,58.2751],[-3.0284,58.4057],[-3.165,58.5222],[-3.8305,58.5072],[-4.5099,58.4029],[-4.9256,58.567],[-5.1127,58.3949],[-4.9071,58.169],[-5.3459,58.0927],[-5.0556,57.751],[-5.23,57.7096],[-5.5685,57.7774],[-5.763,57.6198],[-5.4606,57.3881],[-5.7263,57.258],[-5.6253,56.9992],[-5.909,56.7333],[-6.0435,56.4748],[-5.8217,56.4005],[-5.5466,56.6524],[-5.2707,56.5441],[-5.3001,56.4287],[-5.6331,55.9399],[-5.5702,55.7505],[-5.3336,55.8795],[-5.1346,55.8934],[-4.8484,56.0972],[-4.7107,56.1313],[-4.6233,55.908],[-4.8951,55.7721],[-4.9078,55.6639],[-4.6384,55.4279],[-5.0667,54.9485],[-5.1114,54.7941],[-4.5999,54.6878],[-4.4607,54.8624],[-4.1216,54.7624],[-3.9077,54.7897],[-3.5767,54.9245],[-3.1525,54.8381],[-3.4304,54.6431],[-3.5692,54.415],[-3.4793,54.2746],[-3.2615,54.1412],[-2.8859,54.1687],[-2.8653,54.0283],[-2.9795,53.8209],[-3.0567,53.5136],[-2.9145,53.2671],[-3.9567,53.2052],[-4.3175,53.0912],[-4.6214,52.831],[-4.1475,52.8319],[-4.0939,52.7455],[-4.1236,52.3733],[-4.2947,52.2003],[-4.6191,52.0935],[-5.0615,52.0064],[-5.2488,51.8602],[-4.999,51.7017],[-4.1593,51.6768],[-3.4991,51.4597],[-3.1728,51.4669],[-2.7502,51.644],[-2.8947,51.3938],[-3.0331,51.3299],[-3.066,51.1777],[-3.483,51.1811],[-3.8252,51.2348],[-4.281,51.1872],[-4.2773,51.0637],[-4.5515,50.9972],[-4.6046,50.7787],[-4.8153,50.6042],[-5.0166,50.5605],[-5.2378,50.3463],[-5.7778,50.1341],[-5.4292,50.0679],[-5.2823,49.9638],[-4.967,50.2122],[-4.5406,50.358],[-4.0042,50.3141],[-3.8817,50.2004],[-3.715,50.2193],[-3.5632,50.3614],[-3.5215,50.6174],[-3.1109,50.6574],[-2.9606,50.7218],[-2.5505,50.57],[-2.432,50.6459],[-2.0237,50.57],[-2.0854,50.7028],[-1.3725,50.7663],[-1.1034,50.8167],[-0.839,50.7218],[-0.3357,50.8167],[0.1918,50.7313],[0.6726,50.9307],[1.335,51.1207],[1.3647,51.3529],[1.0301,51.3588],[0.2542,51.4536],[0.6862,51.5604],[1.0313,51.8127],[1.5119,52.0258],[1.6917,52.3114],[1.5857,52.65],[1.3759,52.8092],[1.0127,52.8884],[0.7418,52.9012],[0.5047,52.8475],[0.3268,52.7075],[0.0055,52.7867],[0.2509,53.0401],[0.2678,53.1267],[0.081,53.3862]]],[[[-5.7557,55.4773],[-5.4824,55.4427],[-5.5178,55.668],[-5.6887,55.6281],[-5.7557,55.4773]]]]},"properties":{"NAME":"United Kingdom of Great Britain and Ireland","ABBREVN":"UK+Ireland","SUBJECTO":"United Kingdom of Great Britain and Ireland","BORDERPRECISION":3,"PARTOF":"United Kingdom of Great Britain and Ireland"}},
{"type":"Feature","geometry":{"type":"Polygon","coordinates":[[[-8.8061,41.8892],[-8.1573,42.087],[-7.9186,41.8892],[-7.0984,41.868],[-6.8595,41.9849],[-6.7087,41.96],[-6.5184,41.7491],[-6.1395,41.5264],[-6.1115,41.4175],[-6.2411,41.3205],[-6.7966,41.0928],[-6.8572,40.8616],[-6.8249,40.6566],[-6.8842,40.214],[-6.8783,39.7024],[-7.0842,39.5991],[-7.431,39.5205],[-7.2114,39.2982],[-6.9334,38.9613],[-7.3173,38.4996],[-7.3939,38.295],[-7.0281,38.2396],[-6.8448,38.1002],[-7.2425,37.8109],[-7.3514,37.6444],[-7.4915,37.2082],[-7.2278,37.2259],[-6.948,37.1493],[-6.6322,37.0218],[-6.4217,36.7922],[-6.444,36.6232],[-6.2889,36.5722],[-6.305,36.4542],[-6.2045,36.2821],[-5.85,36.0717],[-5.6606,36.008],[-5.3867,36.11],[-5.3742,36.2375],[-5.2167,36.4096],[-4.7573,36.4861],[-4.4466,36.722],[-2.9698,36.7411],[-2.7615,36.6901],[-2.6243,36.8113],[-2.3551,36.8241],[-2.2388,36.7284],[-1.9405,36.9516],[-1.8169,37.2925],[-1.6257,37.4395],[-1.3646,37.5484],[-0.9183,37.5703],[-0.8026,37.615],[-0.8723,37.7598],[-0.6647,38.1766],[-0.5641,38.2149],[-0.4352,38.4303],[0.1726,38.7383],[0.1261,38.8214],[-0.1657,38.9541],[-0.3948,39.4345],[-0.1606,39.886],[0.2379,40.2402],[0.5051,40.5928],[0.7876,40.6569],[0.7098,40.7851],[0.8792,41.0217],[1.3112,41.1573],[2.0807,41.2985],[2.2006,41.4461],[2.6283,41.6195],[3.1289,41.8572],[3.1566,42.0757],[3.0863,42.1207],[3.0871,42.3686],[2.9365,42.4096],[2.3632,42.2935],[2.1711,42.3823],[1.9937,42.3072],[1.7092,42.4233],[1.3644,42.4096],[1.3075,42.6352],[0.7442,42.7719],[0.5841,42.7719],[0.5919,42.6283],[0.1796,42.6625],[-0.1656,42.6488],[-0.4099,42.7856],[-0.612,42.7309],[-0.84,42.9087],[-0.9074,42.8813],[-1.3973,43.0318],[-1.5577,43.0454],[-1.4914,43.2096],[-1.7024,43.1959],[-1.9146,43.3054],[-2.3674,43.3262],[-2.7684,43.5379],[-3.0072,43.5503],[-3.417,43.3757],[-3.8476,43.4392],[-4.8023,43.4694],[-5.2249,43.5072],[-5.5374,43.5775],[-5.8205,43.7057],[-5.9797,43.7054],[-6.4676,43.5627],[-6.808,43.5234],[-7.1513,43.5549],[-7.6363,43.7214],[-7.9795,43.7401],[-8.2202,43.6172],[-8.3104,43.353],[-8.8492,43.3262],[-9.0136,43.2809],[-9.2708,43.0487],[-9.2469,42.9008],[-8.9417,42.8242],[-8.6441,42.4197],[-8.7986,42.1945],[-8.8605,42.0145],[-8.8061,41.8892]]]},"properties":{"NAME":"Spain","ABBREVN":"Spain","SUBJECTO":"Spain","BORDERPRECISION":3,"PARTOF":"Spain"}},
{"type":"Feature","geometry":{"type":"Polygon","coordinates":[[[-7.4915,37.2082],[-7.3514,37.6444],[-7.2425,37.8109],[-6.8448,38.1002],[-7.0281,38.2396],[-7.3939,38.295],[-7.3173,38.4996],[-6.9334,38.9613],[-7.2114,39.2982],[-7.431,39.5205],[-7.0842,39.5991],[-6.8783,39.7024],[-6.8842,40.214],[-6.8249,40.6566],[-6.8572,40.8616],[-6.7966,41.0928],[-6.2411,41.3205],[-6.1115,41.4175],[-6.1395,41.5264],[-6.5184,41.7491],[-6.7087,41.96],[-6.8595,41.9849],[-7.0984,41.868],[-7.9186,41.8892],[-8.1573,42.087],[-8.8061,41.8892],[-8.9207,41.767],[-8.8518,41.4078],[-8.6941,40.9922],[-8.9697,40.19],[-8.9156,40.1381],[-9.1179,39.644],[-9.2993,39.4177],[-9.4153,39.3667],[-9.3977,39.2304],[-9.4598,38.9531],[-9.549,38.7745],[-9.3616,38.6711],[-9.1758,38.7322],[-9.0408,38.9202],[-8.9419,38.7419],[-9.0692,38.643],[-9.2852,38.6195],[-9.2366,38.4174],[-8.8537,38.4996],[-8.823,38.2061],[-8.9328,37.9618],[-8.851,37.9102],[-8.8415,37.5251],[-9.0166,37.0698],[-8.9908,36.99],[-8.6671,37.1214],[-8.2802,37.0886],[-8.0336,37.0088],[-7.836,37.0323],[-7.4915,37.2082]]]},"properties":{"NAME":"Portugal","ABBREVN":"Portugal","SUBJECTO":"Portugal","BORDERPRECISION":3,"PARTOF":"Portugal"}},
{"type":"Feature","geometry":{"type":"Polygon","coordinates":[[[61.2213,35.5816],[61.1563,35.4731],[61.0077,34.9573],[60.787,34.3848],[60.6873,34.2509],[60.4192,34.078],[60.4658,33.7164],[60.8414,33.5662],[60.8531,33.4838],[60.5554,33.0631],[60.5401,32.9932],[60.6542,32.505],[60.7295,31.9277],[60.7938,31.5789],[60.88,31.4842],[61.5132,31.3417],[61.6936,31.2666],[61.7792,30.9052],[61.5878,30.6565],[61.2043,30.2987],[60.8205,29.8333],[61.5031,29.602],[62.3686,29.3847],[62.9464,29.3563],[63.48,29.4546],[64.0893,29.3945],[64.6449,29.4485],[65.6105,29.6128],[66.0906,29.7361],[66.2328,29.8893],[66.2773,30.2959],[66.3817,30.6901],[66.4666,30.843],[66.9208,31.2074],[67.0481,31.2399],[67.5699,31.1857],[67.6837,31.2244],[67.8287,31.5363],[67.9918,31.6578],[68.2427,31.7672],[68.4962,31.7559],[68.9466,31.5871],[69.0533,31.6258],[69.2064,31.798],[69.2777,32.3824],[69.4074,32.7576],[69.5079,32.9486],[69.6396,33.0509],[70.0573,33.1167],[70.1991,33.1683],[70.2892,33.2831],[70.1914,33.6062],[69.87,33.9408],[70.0297,33.9988],[70.7925,33.9269],[71.0235,34.0234],[71.1535,34.1384],[71.0384,34.4931],[71.0967,34.6204],[71.5128,34.9337],[71.6589,35.1251],[71.5695,35.3396],[71.6232,35.5572],[71.5184,35.634],[71.5142,35.7855],[71.329,35.9075],[71.3248,36.0516],[71.6495,36.3336],[71.7603,36.3231],[72.1343,36.5862],[72.3727,36.7177],[72.8899,36.7861],[73.4949,36.7914],[73.7863,36.7269],[73.9382,36.8072],[74.0876,36.8049],[74.2926,36.9388],[74.5205,37.0046],[74.3927,37.0493],[74.3884,37.1704],[74.6468,37.144],[74.7333,37.2094],[74.2555,37.3022],[74.1371,37.3704],[73.8826,37.2683],[73.4447,37.2019],[73.352,37.3417],[73.0472,37.3283],[72.7142,37.1861],[72.4482,36.9676],[72.1829,36.9388],[71.8476,36.7161],[71.5245,36.7143],[71.467,36.7521],[71.3032,37.1704],[71.3865,37.3704],[71.4441,37.834],[71.3674,37.918],[71.1494,37.8759],[71.2198,38.1448],[70.9606,38.3471],[70.7188,38.3649],[70.5902,38.292],[70.53,38.1287],[70.3341,37.9361],[70.315,37.6304],[70.2214,37.528],[70.0222,37.4569],[69.6984,37.5315],[69.567,37.5053],[69.5373,37.2823],[69.3078,37.0837],[69.1364,37.0764],[68.853,37.183],[68.7065,37.1822],[68.1842,36.8993],[67.8555,36.8529],[67.6218,37.1571],[67.5153,37.2138],[66.6766,37.2409],[65.9791,37.358],[65.7247,37.4903],[65.5244,37.33],[65.3369,37.2398],[64.826,37.1479],[64.6321,36.784],[64.5407,36.3381],[64.2658,36.1711],[63.3723,35.8608],[63.1166,35.7894],[63.0627,35.4902],[62.9636,35.4006],[62.6776,35.2655],[62.4375,35.2514],[62.1795,35.2881],[61.7297,35.4446],[61.3082,35.5312],[61.2213,35.5816]]]},"properties":{"NAME":"Afghanistan","ABBREVN":"Afghanistan","SUBJECTO":"Afghanistan","BORDERPRECISION":3,"PARTOF":"Afghanistan"}},
{"type":"Feature","geometry":{"type":"MultiPolygon","coordinates":[[[[100.1587,6.3401],[100.1391,6.1773],[100.2237,5.8535],[100.3797,5.0214],[100.5593,4.7359],[100.6076,4.5517],[100.5766,4.2022],[100.6643,3.9037],[101.0669,3.5361],[101.2643,3.2252],[101.3364,2.7805],[101.4338,2.6664],[101.8926,2.3369],[102.7169,1.8812],[103.4277,1.3808],[103.6084,1.4447],[104.1756,1.3887],[103.8304,2.1696],[103.6781,2.4107],[103.4396,2.6326],[103.3511,2.804],[103.3078,3.0263],[103.3393,3.3123],[103.3078,3.7951],[103.3681,4.1828],[103.3786,4.545],[103.3418,4.8054],[103.1142,5.1481],[102.8023,5.5604],[102.3251,6.0994],[102.0738,6.1542],[102.0349,6.0025],[101.8123,5.8451],[101.7626,5.5862],[101.4729,5.5463],[101.4508,5.7611],[101.3117,5.8346],[101.0764,5.5313],[100.9314,5.6766],[101.0271,5.8556],[100.9841,6.0518],[100.8667,6.1591],[100.6653,6.2124],[100.6174,6.4223],[100.3604,6.4166],[100.1587,6.3401]]],[[[114.0737,4.455],[113.8148,4.2626],[113.4231,3.7598],[113.1875,3.6146],[112.9517,3.1552],[112.7592,3.0086],[112.3013,2.8742],[111.6345,2.7202],[111.3718,2.5989],[111.1338,2.0329],[110.9698,1.7593],[110.8934,1.5113],[111.1199,1.2703],[110.9683,1.2255],[110.8176,1.2443],[110.4752,1.4405],[110.2895,1.5164],[109.9018,1.5536],[109.7231,1.6168],[109.5175,1.8205],[109.6475,1.4643],[109.7612,1.3315],[110.2112,0.8893],[110.3476,0.8519],[110.5486,0.726],[110.9659,0.9128],[111.0809,0.9135],[111.3178,0.8132],[111.562,0.7638],[111.7419,0.8412],[111.9797,0.9951],[112.1609,1.2314],[112.4,1.4298],[112.616,1.4629],[112.8095,1.4132],[113.2963,1.2],[113.5473,1.1316],[113.6768,1.1451],[113.8865,1.3052],[114.0957,1.3827],[114.4847,1.4613],[114.6589,1.5958],[115.0763,2.3991],[115.0419,2.7357],[115.1399,2.8888],[115.4309,2.9985],[115.53,3.1707],[115.4818,3.6153],[115.5355,3.8698],[115.7068,4.1567],[115.8181,4.2273],[116.027,4.2349],[116.6566,4.1624],[117.1381,4.1525],[117.5587,3.9807],[117.5892,4.0484],[118.1124,4.1448],[118.3187,4.2342],[118.3912,4.3742],[117.9918,4.6846],[117.9484,4.7989],[118.1084,4.939],[118.4156,4.9016],[118.6828,4.9149],[118.8813,4.9788],[119.0426,5.1698],[118.998,5.2777],[118.843,5.3409],[118.377,5.6385],[118.256,5.6637],[117.7616,5.58],[117.9183,5.8028],[117.8665,5.9043],[117.3701,5.7889],[117.3536,5.8778],[117.5409,6.2404],[117.5071,6.3928],[117.1681,6.6144],[117.0311,6.8365],[116.889,6.6456],[116.7405,6.6897],[116.5956,6.8991],[116.3378,6.3585],[116.0987,6.0975],[115.9708,5.8811],[115.7871,5.7401],[115.7173,5.4676],[115.4878,5.4862],[115.2917,5.454],[115.2031,5.2759],[115.4178,5.1111],[115.4339,5.0031],[115.3614,4.8759],[115.1211,4.8309],[114.9615,4.8765],[115.078,4.5982],[115.0614,4.4371],[115.1613,4.3094],[114.6059,4.1205],[114.4337,3.9983],[114.2949,4.1205],[114.2449,4.2372],[114.1393,4.2316],[114.0737,4.455]]]]},"properties":{"NAME":"Malaya","ABBREVN":"Malaya","SUBJECTO":"Malaya","BORDERPRECISION":3,"PARTOF":"Malaya"}},
{"type":"Feature","geometry":{"type":"Polygon","coordinates":[[[146.7127,-43.7218],[146.836,-43.6893],[147.1417,-43.2567],[147.3907,-43.0822],[147.8153,-42.9654],[147.9257,-42.8234],[147.9812,-42.482],[148.3193,-41.8058],[148.3231,-41.4972],[148.2695,-41.0926],[148.0559,-40.9197],[147.7338,-41.0294],[147.5964,-41.1646],[147.2886,-41.1523],[146.7407,-41.2948],[146.3822,-41.3083],[145.8919,-41.1423],[145.228,-40.9831],[144.7761,-40.8428],[144.6969,-40.8622],[144.7001,-41.164],[144.936,-41.7097],[145.2142,-42.0307],[145.5305,-42.3453],[145.6243,-42.5189],[145.5663,-42.5834],[145.301,-42.4616],[145.1825,-42.4812],[145.2794,-42.6677],[145.4939,-42.9184],[145.7227,-43.2402],[145.9669,-43.4073],[146.7127,-43.7218]]]},"properties":{"NAME":null,"ABBREVN":null,"SUBJECTO":null,"BORDERPRECISION":3,"PARTOF":null}},
{"type":"Feature","geometry":{"type":"Polygon","coordinates":[[[81.0213,30.2465],[80.5398,29.8373],[80.4129,29.7852],[80.4165,29.6215],[80.3174,29.5025],[80.3355,29.3239],[80.0983,28.9519],[80.1159,28.8403],[80.3995,28.6692],[80.6092,28.7064],[80.9056,28.4927],[81.225,28.4236],[81.3624,28.1856],[81.9212,27.8805],[82.0253,27.9549],[82.4879,27.6871],[82.73,27.7168],[82.8118,27.5382],[83.1872,27.4638],[83.324,27.3746],[83.4307,27.501],[83.6573,27.501],[83.8743,27.382],[84.1361,27.5382],[84.3584,27.4043],[84.6477,27.3746],[84.7113,27.2704],[84.6664,27.0695],[84.9647,27.0025],[85.0933,26.8761],[85.3714,26.757],[85.6342,26.8835],[85.7754,26.8537],[85.7599,26.7049],[85.9005,26.5933],[86.0712,26.6975],[86.3954,26.6305],[86.7765,26.4668],[87.0494,26.6008],[87.1696,26.4371],[87.3493,26.385],[87.5101,26.4445],[87.6322,26.4073],[87.9407,26.4668],[88.0922,26.4445],[88.2319,26.757],[88.0389,27.129],[88.0706,27.5234],[88.1973,27.8758],[87.9023,27.9475],[87.7496,27.821],[87.5965,27.8731],[87.2144,27.8433],[87.0707,28.007],[86.7872,28.1335],[86.6039,28.1335],[86.568,27.9847],[86.4457,27.9475],[86.1379,28.1186],[86.1422,27.9549],[86.0357,27.9103],[85.972,28.1186],[85.7292,28.3418],[85.5648,28.312],[85.1442,28.3418],[85.138,28.4608],[85.2166,28.6394],[85.0699,28.6469],[84.9203,28.5352],[84.267,28.937],[84.2983,29.0635],[84.2185,29.2346],[84.0884,29.309],[83.7689,29.2569],[83.6978,29.1825],[83.402,29.5397],[83.1974,29.6662],[83.1298,29.6066],[82.9176,29.7034],[82.5912,29.9712],[82.2009,30.0903],[82.1417,30.3656],[81.6557,30.4548],[81.4487,30.4028],[81.3883,30.1721],[81.264,30.0307],[81.1293,30.0531],[81.0213,30.2465]]]},"properties":{"NAME":"Nepal","ABBREVN":"Nepal","SUBJECTO":"Nepal","BORDERPRECISION":3,"PARTOF":"Nepal"}},
{"type":"Feature","geometry":{"type":"Polygon","coordinates":[[[-61.1142,10.8217],[-61.406,10.777],[-61.5794,10.7856],[-61.8091,10.725],[-61.6617,10.5429],[-61.6964,10.4043],[-61.6531,10.2786],[-61.8307,10.2266],[-62.0388,10.0575],[-61.536,10.0359],[-61.2067,10.1182],[-61.1893,10.3089],[-61.2457,10.4779],[-61.237,10.6296],[-61.1142,10.8217]]]},"properties":{"NAME":"Trinidad","ABBREVN":"Trinidad","SUBJECTO":"Trinidad","BORDERPRECISION":3,"PARTOF":"Trinidad"}},
{"type":"Feature","geometry":{"type":"Polygon","coordinates":[[[114.0737,4.455],[114.1393,4.2316],[114.2449,4.2372],[114.2949,4.1205],[114.4337,3.9983],[114.6059,4.1205],[115.1613,4.3094],[115.0614,4.4371],[115.078,4.5982],[114.9615,4.8765],[114.8227,4.8952],[114.7452,4.9844],[114.4503,4.5626],[114.1666,4.5112],[114.0737,4.455]]]},"properties":{"NAME":"Brunei","ABBREVN":"Brunei","SUBJECTO":"Brunei","BORDERPRECISION":3,"PARTOF":"Brunei"}},
{"type":"Feature","geometry":{"type":"MultiPolygon","coordinates":[[[[-76.1329,44.3267],[-75.4585,44.6397],[-74.7824,45.0122],[-72.8616,45.0032],[-72.0267,45.0013],[-71.5346,44.9586],[-71.2929,45.3232],[-71.1118,45.3502],[-70.5894,45.2946],[-70.077,45.9471],[-69.5645,46.9461],[-69.3333,47.2279],[-69.0491,47.4644],[-68.6989,47.2639],[-68.5274,47.2257],[-68.343,47.305],[-67.9964,47.2938],[-67.7769,47.1645],[-67.6985,47.041],[-67.5592,45.7722],[-67.594,45.669],[-67.3213,45.5649],[-67.1868,45.2523],[-66.9603,45.2102],[-66.502,45.1861],[-66.4035,45.1078],[-66.0492,45.2885],[-65.7597,45.2945],[-64.8714,45.6621],[-64.7238,45.6682],[-64.5618,45.8853],[-64.3732,45.8069],[-64.3977,45.7164],[-64.9055,45.4632],[-64.1968,45.4511],[-64.0077,45.427],[-63.8835,45.3186],[-64.3369,45.156],[-64.3068,45.3487],[-64.4579,45.3909],[-65.2531,44.9753],[-65.7493,44.7412],[-66.193,44.4892],[-65.9845,44.4892],[-66.1895,44.1413],[-66.0009,43.7517],[-65.9387,43.8596],[-65.7126,43.56],[-65.4283,43.6498],[-65.3189,43.7517],[-65.0874,43.7277],[-64.8351,43.8835],[-64.842,43.9794],[-64.7063,44.1293],[-64.3608,44.3332],[-64.2361,44.3572],[-64.3058,44.6152],[-64.1465,44.6272],[-64.0876,44.5132],[-63.9021,44.5732],[-63.7897,44.5132],[-63.5589,44.5132],[-63.5165,44.5972],[-63.3033,44.6632],[-63.23,44.7832],[-63.0533,44.7112],[-62.0105,45.0717],[-61.6337,45.1439],[-61.5789,45.1981],[-61.0321,45.3788],[-61.4034,45.3909],[-61.2615,45.5536],[-61.4812,45.7405],[-61.7234,45.6863],[-61.8932,45.7586],[-61.9398,45.9215],[-62.3896,45.7224],[-62.617,45.7285],[-62.7416,45.819],[-63.1211,45.8491],[-63.2756,45.7828],[-63.4922,45.9155],[-63.7484,45.8793],[-63.8435,45.9879],[-64.08,46.0543],[-63.7492,46.169],[-64.1639,46.2475],[-64.5348,46.2717],[-64.6966,46.5435],[-64.6898,46.6947],[-64.8916,46.9124],[-64.8422,47.1242],[-65.3896,47.1303],[-64.9801,47.3301],[-64.9239,47.5603],[-64.6579,47.7785],[-65.0279,47.8817],[-65.6123,47.6634],[-65.8372,47.9605],[-66.4715,48.0994],[-66.1814,48.1848],[-65.8546,48.2051],[-65.4744,48.1013],[-65.2131,48.1214],[-64.8742,48.3245],[-64.3977,48.4561],[-64.1943,48.6526],[-64.3205,48.9467],[-64.5497,49.0771],[-64.9524,49.2073],[-65.3674,49.2326],[-66.0299,49.1659],[-66.9727,48.9546],[-68.3413,48.5465],[-69.2539,48.1201],[-69.7475,47.7667],[-70.2241,47.342],[-70.5337,47.1265],[-70.7023,47.0675],[-71.0392,46.7359],[-70.8061,47.1715],[-70.5988,47.4325],[-70.4108,47.5567],[-70.1923,47.8115],[-69.5071,48.4592],[-68.8011,48.9772],[-68.307,49.2269],[-68.0653,49.2929],[-67.5838,49.3397],[-67.3177,49.4253],[-67.1886,49.5763],[-67.0964,49.8256],[-66.8547,50.0889],[-66.3727,50.3139],[-65.5815,50.3616],[-64.3259,50.3047],[-63.8501,50.299],[-63.2074,50.3464],[-61.6402,50.2769],[-60.8098,50.334],[-60.1378,50.4117],[-59.7155,50.5115],[-59.1316,50.8361],[-58.5243,51.3795],[-57.8279,51.4139],[-57.4576,51.4676],[-56.9641,51.4884],[-56.6662,51.6149],[-56.1813,51.8943],[-55.8236,52.021],[-55.659,52.1873],[-56.1097,52.6052],[-55.927,52.8053],[-55.9043,52.9652],[-55.7697,53.1587],[-55.8813,53.3519],[-56.3545,53.5713],[-56.6493,53.6576],[-57.1308,53.483],[-57.2852,53.6698],[-57.1058,53.8706],[-57.263,54.0242],[-57.5611,54.1307],[-58.0769,54.0829],[-58.6401,53.8677],[-59.1808,53.5191],[-59.717,53.4313],[-60.246,53.2768],[-60.1242,53.5173],[-60.1372,53.6843],[-59.863,53.8386],[-59.3987,53.8662],[-59.1062,53.9671],[-58.8436,54.1483],[-58.4681,54.2562],[-58.1699,54.2769],[-57.5154,54.4658],[-57.4329,54.5799],[-58.1155,54.7128],[-58.5572,54.7723],[-59.3382,55.0802],[-59.6938,55.1537],[-60.0472,55.1192],[-60.3457,55.0445],[-60.5745,55.071],[-60.3733,55.4225],[-60.4683,55.659],[-61.4578,56.1585],[-61.743,56.1715],[-61.9277,56.273],[-62.1628,56.6123],[-62.1841,56.796],[-61.5446,56.7292],[-61.3353,56.8113],[-61.3506,57.002],[-61.4761,57.1041],[-61.8224,57.1921],[-62.186,57.4372],[-61.8284,57.5541],[-62.0147,57.8412],[-62.3492,57.9022],[-62.5767,58.0389],[-62.7411,58.3886],[-62.999,58.3744],[-63.042,58.5255],[-62.887,58.6564],[-63.0057,58.8145],[-63.4758,59.1583],[-63.7441,59.517],[-64.0974,59.7446],[-64.3706,60.0144],[-64.6706,60.1809],[-64.9879,59.8191],[-65.429,59.7767],[-65.5554,59.5758],[-65.2626,59.3482],[-65.7187,59.0575],[-65.8614,58.7953],[-65.9102,58.4513],[-66.241,58.7464],[-66.4746,58.808],[-66.6246,58.5599],[-66.8209,58.3877],[-67.107,58.3047],[-67.7724,58.2485],[-68.0046,58.1657],[-68.1294,58.3097],[-68.0947,58.4815],[-68.2648,58.6394],[-68.5694,58.7833],[-69.2142,58.7477],[-69.7258,58.5609],[-69.8942,58.6845],[-69.8324,58.9877],[-69.476,58.9745],[-69.3426,59.2093],[-69.4461,59.3956],[-69.5073,59.7205],[-69.7043,60.3178],[-69.649,60.5202],[-69.3895,60.6745],[-69.3838,60.8564],[-70.0283,60.8832],[-70.9092,61.0426],[-71.6734,61.2657],[-71.8562,61.3707],[-71.7239,61.5467],[-72.0819,61.7432],[-72.495,61.9116],[-72.8343,62.1157],[-73.3946,62.355],[-73.6597,62.3899],[-74.2219,62.2403],[-74.7078,62.1758],[-75.3559,62.1816],[-75.6946,62.2163],[-76.9896,62.4898],[-77.3616,62.5175],[-77.8676,62.29],[-78.0049,62.0989],[-77.9854,61.8589],[-77.8754,61.7393],[-77.6014,61.6201],[-77.4622,61.4726],[-77.6884,61.1561],[-78.1765,60.7418],[-77.3885,60.6943],[-77.5072,60.4146],[-77.2624,59.983],[-77.2148,59.7475],[-77.3477,59.6227],[-77.6615,59.5736],[-78.042,58.9928],[-78.4688,58.7095],[-78.3368,58.5515],[-77.4044,58.1136],[-76.7724,57.6625],[-76.5545,57.2801],[-76.4386,56.8097],[-76.4629,56.5714],[-76.5694,56.2721],[-76.7645,56.0274],[-77.2338,55.6065],[-78.3079,55.0438],[-78.5893,54.922],[-79.5451,54.6919],[-79.3987,54.2764],[-79.23,54.1494],[-78.9346,54.0763],[-78.8014,53.9627],[-78.7579,53.7488],[-79.0346,53.7416],[-78.844,53.281],[-78.842,53.0342],[-78.7247,52.6947],[-78.5731,52.4887],[-78.491,52.2561],[-78.5534,52.0102],[-78.7968,51.7709],[-78.7001,51.5656],[-78.8227,51.1614],[-79.1118,51.525],[-79.2762,51.6042],[-79.534,51.4182],[-79.5943,51.2658],[-79.3385,50.843],[-80.0733,51.298],[-80.3613,51.304],[-80.5728,51.6414],[-80.8771,51.9062],[-81.3107,52.1178],[-81.7474,52.1701],[-81.7338,52.5491],[-81.8524,52.7086],[-82.0691,52.8614],[-82.3412,52.9808],[-82.3511,53.0741],[-82.2122,53.3413],[-82.1604,53.8024],[-82.1921,53.9897],[-82.3993,54.2706],[-82.3357,54.653],[-82.2021,54.9689],[-82.3827,55.0562],[-83.576,55.2226],[-84.4684,55.1669],[-85.161,55.3276],[-85.8924,55.6102],[-87.4672,55.912],[-87.9142,56.3319],[-88.7675,56.7385],[-89.7255,56.9342],[-90,57.074],[-90,57.1779],[-91.3369,57.1631],[-92.1801,56.9705],[-92.4831,56.9767],[-92.4236,57.3865],[-92.5227,57.6873],[-92.8884,58.2077],[-93.0742,58.551],[-93.3638,58.7019],[-93.8876,58.6596],[-94.4149,58.7137],[-94.6838,58.8785],[-94.8003,59.5135],[-94.7281,59.7629],[-94.7532,59.95],[-94.4843,60.4942],[-94.376,60.7951],[-93.8743,61.3432],[-93.4656,61.4353],[-93.3246,61.5411],[-93.4226,61.858],[-92.5792,62.2693],[-92.1022,62.4118],[-91.8909,62.6036],[-92.4553,62.7941],[-92.2902,62.9152],[-91.4175,62.8529],[-90,62.9462],[-90,63.3024],[-91.0267,63.3946],[-91.6417,63.5147],[-92.351,63.5848],[-93.3169,63.9736],[-91.9838,63.8286],[-90,63.6091],[-89.8615,63.6467],[-90,63.9039],[-89.9727,64.1905],[-89.4948,64.0194],[-89.0774,63.9629],[-88.3771,64.0573],[-87.4352,64.5689],[-87.1573,65.0596],[-88.1714,65.1304],[-88.9044,65.3252],[-89.6924,65.6733],[-90,65.7679],[-90,65.9736],[-89.5087,65.9292],[-89.1774,65.8129],[-88.642,65.7117],[-88.1735,65.4575],[-87.7869,65.3491],[-87.254,65.4301],[-86.0587,66.0748],[-85.9871,66.1628],[-86.8531,66.462],[-86.739,66.5651],[-85.9032,66.6182],[-85.3868,66.6118],[-85.1185,66.3331],[-84.9495,66.2747],[-84.37,66.3125],[-83.7405,66.3063],[-84.4077,66.7094],[-85.0216,66.9441],[-84.7139,67.0703],[-84.2264,66.9309],[-83.482,66.4977],[-83.1387,66.3735],[-82.6335,66.6023],[-82.33,66.6396],[-81.4992,67.0689],[-81.2844,67.3579],[-81.295,67.4987],[-82.1783,67.9954],[-82.493,68.3233],[-82.6873,68.6975],[-82.2096,68.8185],[-81.8865,68.579],[-81.583,68.602],[-81.3699,68.7224],[-81.4799,69.1886],[-81.684,69.2788],[-82.1605,69.2477],[-82.7567,69.5488],[-84.3135,69.8262],[-85.1134,69.8171],[-85.3811,69.6953],[-85.4207,69.2944],[-84.5644,68.987],[-84.6246,68.7539],[-85.3998,68.76],[-85.5063,68.6772],[-85.7817,68.0408],[-86.395,67.6749],[-86.4884,67.3778],[-87.3254,67.1689],[-87.8084,67.5163],[-88.3239,67.8125],[-88.4815,67.991],[-88.3711,68.3123],[-87.8615,68.2834],[-87.7903,68.478],[-87.8844,68.6803],[-88.0974,68.8526],[-88.905,69.2276],[-89.1404,69.2347],[-89.4411,69.0457],[-89.7356,68.5343],[-90,68.3691],[-90,69.489],[-91.1725,69.6467],[-91.6151,69.5853],[-91.9773,69.6073],[-92.6712,69.7424],[-92.4842,69.9933],[-92.2708,70.1161],[-91.8278,70.1323],[-91.6577,70.2858],[-92.1681,70.5077],[-92.532,70.7304],[-93.0995,70.9688],[-92.9889,71.2402],[-93.2712,71.5585],[-93.8381,71.7603],[-94.4172,71.8843],[-95.4106,71.859],[-95.6587,71.71],[-95.6718,71.5696],[-95.3527,71.4067],[-95.493,71.2355],[-95.9575,71.3512],[-96.3983,71.2028],[-96.6997,70.8384],[-95.9467,70.5699],[-96.4741,70.2998],[-96.4226,70.093],[-96.127,69.9408],[-95.3096,69.7375],[-94.7496,69.6552],[-94.4232,69.6937],[-94.0367,69.5505],[-93.3272,69.4837],[-92.9925,69.5146],[-92.9561,69.0843],[-93.1943,69.0387],[-93.5271,69.219],[-94.3425,69.1119],[-94.5831,68.8781],[-94.1384,68.8413],[-93.6358,68.925],[-93.4669,68.7674],[-93.4141,68.5425],[-94.084,68.4513],[-94.637,68.069],[-95.3225,68.0603],[-95.5004,67.7247],[-95.2907,67.2798],[-95.2587,67.0284],[-95.6865,67.1681],[-96.043,67.2118],[-96.2596,67.3151],[-96.3402,67.5448],[-96.2079,68.0736],[-96.4321,68.1627],[-96.8183,68.1844],[-97.5718,68.3699],[-97.8304,68.3994],[-98.3671,68.361],[-98.4071,68.159],[-97.7876,68.1303],[-97.1586,67.9674],[-97.1512,67.7365],[-97.2607,67.5951],[-97.4955,67.5872],[-97.9231,67.7202],[-98.3549,67.9353],[-98.886,67.8152],[-99.3677,67.7919],[-101.002,67.7963],[-101.3974,67.7063],[-101.913,67.7053],[-102.7631,67.8004],[-103.3075,67.9335],[-103.5827,68.1195],[-104.0189,68.0739],[-104.4543,68.1029],[-105.1419,68.2286],[-105.636,68.3549],[-105.912,68.3394],[-106.2119,68.1071],[-106.6296,68.0392],[-107.662,67.9626],[-107.7165,67.6276],[-107.5938,67.3383],[-107.1562,67.043],[-107.1282,66.9618],[-107.6111,66.8797],[-107.5276,66.563],[-108.4852,67.0701],[-108.1011,67.2188],[-108.095,67.3596],[-108.8354,67.6106],[-109.4888,67.6911],[-110.1334,67.9058],[-110.532,67.92],[-111.7798,67.7464],[-112.5025,67.693],[-113.2898,67.6989],[-114.0663,67.7346],[-115.5617,67.8957],[-115.4021,68.2169],[-114.7654,68.3004],[-114.3447,68.2862],[-114.1087,68.3465],[-114.3896,68.6083],[-115.2851,68.8921],[-115.6898,68.9365],[-116.32,68.8977],[-116.8132,68.9118],[-117.8323,69.0078],[-118.818,69.1642],[-120.2216,69.4184],[-121.6351,69.7643],[-122.3261,69.8845],[-123.0507,69.8603],[-123.2919,69.6399],[-123.8028,69.4345],[-124.2253,69.4034],[-124.6,69.4632],[-124.5344,69.7816],[-124.7069,69.9408],[-125.3862,69.818],[-125.4177,69.6965],[-125.1877,69.4092],[-125.4546,69.3331],[-125.974,69.4304],[-126.7952,69.785],[-127.1663,70.2347],[-127.3517,70.3803],[-128.0111,70.6408],[-128.4159,70.6863],[-127.8055,70.3102],[-127.7255,70.1876],[-127.9398,70.0799],[-128.7238,69.8725],[-129.0131,69.7202],[-129.9427,69.6426],[-130.8958,69.3003],[-131.673,69.2762],[-132.175,68.981],[-132.7133,68.8671],[-132.789,68.7091],[-132.6904,68.4616],[-133.3389,68.7982],[-133.7196,68.9179],[-133.4132,69.137],[-132.6179,69.2517],[-132.3032,69.4867],[-131.1946,69.6858],[-130.7033,69.8537],[-130.0498,69.9689],[-129.8495,70.1507],[-130.2418,70.2059],[-131.0591,70.1583],[-131.4462,69.9663],[-132.508,69.8579],[-133.6476,69.5069],[-134.776,69.573],[-135.104,69.4966],[-135.4392,69.5263],[-136.044,69.336],[-136.0149,69.1472],[-135.6989,68.9895],[-135.6102,68.7038],[-136.2031,68.8756],[-137.7285,69.0158],[-138.2751,69.1355],[-138.9955,69.3683],[-139.9007,69.571],[-140.3346,69.6232],[-141.0593,69.5955],[-141.0131,69.3782],[-141.0145,68.0933],[-140.9972,67.0767],[-140.9738,66.0258],[-140.9155,64.7677],[-140.9273,63.7855],[-140.9466,61.835],[-140.9351,60.8597],[-140.8949,60.3888],[-140.807,60.263],[-140.4288,60.2299],[-139.3379,60.2847],[-139.0051,60.2584],[-138.778,59.9096],[-138.6214,59.7781],[-137.6486,59.1852],[-137.2233,58.8822],[-137.1163,59.0283],[-136.7349,59.1205],[-136.1838,59.422],[-135.8548,59.6463],[-135.6322,59.7031],[-135.2577,59.6703],[-135.1155,59.5806],[-134.7911,59.214],[-133.8693,58.6851],[-133.5028,58.4243],[-132.707,57.6287],[-131.9554,56.7819],[-131.7249,56.6052],[-131.1988,56.4508],[-130.2874,56.1075],[-130.1064,55.9926],[-130.1796,55.6382],[-130.0027,55.2885],[-129.8417,54.9785],[-130.0379,54.8437],[-130.2989,54.5476],[-130.2683,54.353],[-130.0036,53.938],[-129.4339,53.5175],[-129.0604,53.739],[-128.8141,53.7639],[-128.8888,53.4183],[-128.4321,52.9385],[-128.0772,52.9392],[-128.0596,52.4995],[-127.7102,52.3937],[-127.4306,52.4608],[-127.0373,52.4636],[-127.3097,52.2348],[-127.5558,52.1678],[-128.0129,51.8082],[-127.455,51.7695],[-127.353,51.637],[-127.5592,51.5371],[-127.675,51.2453],[-127.4551,51.0206],[-127.2475,50.9681],[-126.6913,50.9891],[-126.4253,51.0888],[-126.2281,50.9304],[-126.1637,50.752],[-125.4123,50.5487],[-124.9392,50.5958],[-124.795,50.0353],[-124.4706,49.8125],[-124.2533,49.8392],[-123.9765,49.971],[-123.8474,49.6628],[-123.6986,49.5254],[-123.531,49.5126],[-123.212,49.6247],[-123.2133,49.2724],[-122.9003,49.0672],[-121.0518,49.0508],[-118.9872,49.0619],[-117.2152,49.0583],[-115.1646,49.0562],[-112.529,49.0638],[-110.6703,49.0541],[-110.1801,49.0698],[-108.4607,49.0594],[-106.4396,49.0637],[-104.2615,49.0557],[-102.6702,49.0511],[-100.4598,49.0433],[-98.2009,49.0488],[-96.335,49.0391],[-94.8198,49.0507],[-95.0528,49.4717],[-94.8273,49.4876],[-94.424,49.1513],[-94.0877,48.7775],[-93.7132,48.5744],[-93.4802,48.6085],[-92.839,48.5151],[-92.4841,48.3322],[-92.2581,48.3267],[-92.1498,48.2048],[-91.91,48.083],[-91.6821,48.0387],[-91.3261,48.1288],[-91.1409,48.2149],[-90,48.2485],[-90,47.9723],[-89.622,47.9684],[-89.3441,48.1482],[-89.236,48.3589],[-88.8883,48.5347],[-88.7967,48.3371],[-88.5421,48.7228],[-88.1695,48.6364],[-88.1258,48.7925],[-88.2361,48.8715],[-88.095,49.0046],[-87.4621,48.8238],[-87.1916,48.7738],[-87.0357,48.8038],[-86.384,48.7253],[-86.2246,48.4952],[-86.0769,48.1794],[-85.7973,47.9663],[-85.3884,47.9248],[-85.0266,47.9395],[-84.8935,47.8599],[-84.9892,47.6858],[-84.924,47.5242],[-84.6979,47.3749],[-84.6234,47.2609],[-84.7692,47.0161],[-84.4422,46.817],[-84.4657,46.6548],[-84.5552,46.5833],[-84.6,46.4597],[-84.7436,46.4684],[-84.7231,46.4477],[-84.4402,46.4587],[-84.2773,46.2658],[-83.8207,46.1504],[-83.7936,46.257],[-83.6136,46.266],[-83.2666,46.199],[-82.7433,46.1985],[-82.4596,46.1525],[-81.5645,46.0737],[-81.4182,45.9942],[-81.1011,45.9371],[-80.8071,45.9548],[-80.6491,45.7405],[-80.3974,45.6093],[-80.3126,45.4329],[-80.0986,45.3957],[-80.087,45.1771],[-79.978,45.129],[-79.9181,44.9668],[-80.0878,44.774],[-80.0099,44.6184],[-80.2243,44.5046],[-80.4689,44.5722],[-80.7583,44.7087],[-81.0949,44.7992],[-81.1174,44.9086],[-81.3082,45.0967],[-81.3904,45.248],[-81.698,45.2461],[-81.3848,44.9934],[-81.297,44.7131],[-81.3546,44.5462],[-81.6381,44.2683],[-81.7186,44.1386],[-81.7522,43.8923],[-81.7387,43.5294],[-81.8079,43.3176],[-81.9598,43.2569],[-82.138,43.1004],[-82.2978,43.0287],[-82.5362,42.6122],[-83.0405,42.2434],[-83.056,42.027],[-82.6895,42.0191],[-82.4842,41.9601],[-82.2844,42.1472],[-81.8384,42.2903],[-81.6823,42.4574],[-81.4395,42.5871],[-81.0142,42.6242],[-80.4064,42.5687],[-80.2756,42.7411],[-80.0229,42.8066],[-79.637,42.8531],[-79.0502,42.8523],[-79.14,43.2221],[-79.4775,43.1948],[-79.7937,43.3006],[-79.6469,43.4908],[-79.2667,43.669],[-79.1529,43.7724],[-78.7384,43.8777],[-78.0231,43.9847],[-77.6228,44.0102],[-77.4434,43.9344],[-77.2895,43.956],[-77.1754,43.8433],[-76.9328,43.9097],[-77.1274,44.1488],[-77.0018,44.1995],[-76.8758,44.1117],[-76.5862,44.2335],[-76.1329,44.3267]]],[[[-98.8779,68.8851],[-98.1682,68.7812],[-97.6056,68.6396],[-96.7936,68.5286],[-96.2127,68.5372],[-95.5146,68.8087],[-96.0072,69.041],[-96.1822,69.297],[-96.7615,69.4773],[-97.4074,69.7487],[-97.7416,69.8316],[-98.1154,69.8005],[-98.2526,69.6941],[-98.3043,69.3913],[-98.4774,69.3079],[-99.1715,69.1255],[-99.365,68.9745],[-98.8779,68.8851]]],[[[-101.4063,72.2948],[-100.7592,72.241],[-100.3189,72.1397],[-99.8626,71.9289],[-99.4343,71.6406],[-98.939,71.3922],[-98.3719,71.37],[-98.0039,71.5497],[-98.4784,71.7985],[-98.19,71.846],[-97.8419,71.6904],[-97.284,71.6524],[-96.8496,71.8798],[-96.6575,72.3431],[-96.3509,72.5012],[-96.4346,72.6984],[-96.6885,72.8165],[-97.7405,73.0127],[-98.0519,72.9724],[-98.3937,73.1306],[-98.1863,73.2901],[-97.4889,73.4588],[-97.3435,73.6108],[-96.9367,73.7877],[-97.3471,73.8911],[-97.9566,73.9221],[-98.511,73.8649],[-98.7065,73.7523],[-99.2194,73.7433],[-99.6677,73.9189],[-100.1765,73.8217],[-100.934,73.8603],[-100.9138,73.7081],[-99.955,73.2629],[-100.558,72.8726],[-100.8349,72.7455],[-101.5207,72.8708],[-101.9852,73.0841],[-102.2792,73.1472],[-102.6687,72.8528],[-101.6537,72.3731],[-101.4063,72.2948]]],[[[-95.4931,73.6143],[-95.6408,73.1437],[-95.5476,72.882],[-95.1239,72.5192],[-95.0584,72.2831],[-94.5424,72.1898],[-94.1086,72.222],[-93.7238,72.3879],[-93.6393,72.5299],[-94.2658,72.8527],[-93.6949,72.8776],[-92.6243,72.8083],[-92.0006,72.8411],[-91.3196,73.2552],[-90,73.5908],[-90,73.9998],[-91.5242,74.0546],[-92.1163,73.9892],[-92.6933,74.0122],[-93.3523,74.1236],[-93.899,74.1628],[-94.8682,74.1368],[-95.0685,74.0641],[-94.758,73.7437],[-95.3234,73.7586],[-95.4931,73.6143]]],[[[-125.6454,49.0562],[-125.4596,49.1679],[-124.999,49.1689],[-125.1961,48.8737],[-125.0978,48.7954],[-124.4926,48.6003],[-123.902,48.4706],[-123.7191,48.4775],[-123.5934,48.6347],[-123.6454,48.8179],[-123.8614,49.158],[-124.0036,49.2494],[-124.7179,49.4906],[-124.8808,49.5755],[-125.0757,49.7654],[-125.2675,50.0541],[-125.7186,50.4094],[-126.5159,50.5003],[-126.9574,50.5919],[-127.848,50.8611],[-127.9997,50.8807],[-128.4328,50.8269],[-128.3431,50.6685],[-127.7687,50.2801],[-127.3855,50.05],[-127.2116,50.0042],[-126.9612,50.0574],[-126.5222,49.8217],[-126.6648,49.6902],[-126.5631,49.5722],[-126.1115,49.5272],[-125.8922,49.3768],[-125.9668,49.1735],[-125.6454,49.0562]]],[[[-132.3785,53.987],[-132.7299,54.0667],[-133.0539,54.0661],[-133.086,53.8048],[-132.997,53.6511],[-132.5688,53.2795],[-132.0898,53.3988],[-131.9995,53.7935],[-131.8942,53.8942],[-132.0823,54.0211],[-132.3785,53.987]]],[[[-111.7255,72.3306],[-111.6408,72.7253],[-112.0635,72.8432],[-112.8389,72.9527],[-113.2413,72.944],[-113.7535,72.6976],[-114.4727,72.6251],[-114.4629,72.9893],[-114.1851,73.2442],[-114.647,73.3549],[-115.1479,73.3141],[-115.4632,73.1941],[-116.0592,73.1214],[-117.2197,72.8573],[-118.3988,72.4757],[-118.9856,72.0342],[-118.9684,71.9088],[-118.6491,71.7998],[-118.3376,71.8239],[-117.7402,71.5829],[-117.3139,71.4746],[-116.604,71.546],[-115.6935,71.5789],[-115.517,71.4234],[-115.7423,71.2986],[-116.9621,71.1876],[-117.4102,71.2022],[-118.4988,71.0528],[-118.5035,70.9599],[-117.7607,70.7217],[-116.2966,70.7707],[-113.7641,70.7369],[-112.8902,70.646],[-111.8499,70.4247],[-111.7305,70.2559],[-112.9911,70.2382],[-115.1466,70.2725],[-116.2141,70.2322],[-116.4856,70.1473],[-117.1929,70.123],[-117.5682,69.9922],[-116.9949,69.7426],[-116.6562,69.5159],[-115.9066,69.3509],[-115.3407,69.2991],[-113.9246,69.2489],[-113.5391,69.1138],[-113.602,68.7224],[-113.1522,68.5956],[-112.5225,68.6343],[-111.6294,68.6059],[-110.4482,68.6531],[-109.2094,68.8132],[-108.6456,69.0023],[-107.5362,69.0571],[-107.0347,69.2844],[-106.8538,69.4509],[-106.3753,69.4821],[-105.9304,69.2336],[-104.9051,69.0093],[-104.1878,68.8978],[-103.1782,68.8545],[-102.2779,68.954],[-101.8084,69.1356],[-101.8037,69.2413],[-102.198,69.4823],[-102.7784,69.3603],[-103.2675,69.3291],[-103.3613,69.6391],[-102.7867,69.7084],[-102.2395,69.8763],[-101.4493,69.6654],[-100.8913,69.674],[-101.0552,70.0308],[-101.5106,70.2061],[-102.4357,70.4654],[-103.1163,70.5103],[-103.8636,70.7015],[-104.5946,71.0479],[-104.6754,71.1873],[-104.4453,71.5688],[-104.4671,71.6545],[-105.0104,72.0447],[-105.2405,72.3349],[-105.3126,72.6501],[-105.6093,72.8711],[-106.5232,73.1949],[-107.3221,73.265],[-108.1815,73.3829],[-108.284,73.2234],[-108.0866,72.6291],[-107.5273,72.0164],[-107.5904,71.8988],[-108.0605,71.7571],[-108.3479,71.913],[-108.7822,72.3912],[-108.9863,72.7302],[-109.8335,72.9504],[-110.5246,72.9967],[-110.0794,72.5622],[-110.5709,72.5376],[-111.1966,72.371],[-111.7255,72.3306]]],[[[-125.1892,71.9285],[-124.5773,71.8983],[-124.0721,71.735],[-123.6305,71.4082],[-123.4677,71.1986],[-122.5744,71.146],[-122.1704,71.2865],[-121.9362,71.5048],[-121.3904,71.4747],[-120.8435,71.5303],[-120.5456,71.6556],[-120.424,71.8826],[-120.4536,72.2985],[-119.7684,72.3943],[-118.585,72.9737],[-117.2813,73.3101],[-115.7627,73.5683],[-115.6537,73.6325],[-116.7286,73.9994],[-117.3362,74.1673],[-118.2334,74.2059],[-119.1441,74.1236],[-119.5574,74.1631],[-121.2387,74.58],[-123.057,74.4391],[-124.1481,74.4694],[-124.9093,74.4437],[-124.7404,74.2421],[-124.0648,73.8652],[-124.0103,73.721],[-124.2472,73.4566],[-124.7439,73.2165],[-124.8821,73.0492],[-125.3413,72.969],[-125.1447,72.6051],[-125.1807,72.4314],[-125.6624,72.2022],[-125.9037,72.1546],[-125.617,71.9904],[-125.1892,71.9285]]],[[[-114.3724,76.4696],[-114.948,76.4431],[-116.2964,76.2378],[-116.15,75.9345],[-115.1503,75.7568],[-115.5822,75.6853],[-116.9978,75.6492],[-117.3966,75.4071],[-117.0124,75.2585],[-116.5721,75.2014],[-115.9421,75.3103],[-115.1859,75.1543],[-113.5153,75.29],[-112.8115,75.4158],[-111.1497,75.3525],[-111.3673,75.1037],[-113.045,74.985],[-114.2173,74.8446],[-114.0933,74.6744],[-113.1061,74.5143],[-112.2028,74.4998],[-110.8692,74.721],[-109.0703,75.1329],[-107.4796,75.0121],[-106.371,75.0554],[-105.7735,75.2301],[-105.6122,75.4377],[-105.498,75.8466],[-105.9172,76.0218],[-106.59,76.1299],[-106.8419,75.9697],[-106.6915,75.7607],[-107.5036,75.9433],[-108.1633,76.0092],[-108.3963,76.3034],[-108.3887,76.4895],[-108.7368,76.7947],[-108.965,76.871],[-109.7145,76.7502],[-109.9506,76.5798],[-110.3825,76.4349],[-109.353,76.0994],[-109.1026,75.8481],[-109.1438,75.7142],[-109.9119,75.6294],[-110.5498,75.6699],[-111.3856,75.6599],[-111.8427,75.8178],[-112.5736,76.1606],[-112.8512,76.2275],[-113.5486,76.1335],[-114.3724,76.4696]]],[[[-122.6358,76.2764],[-122.2821,76.1506],[-121.7113,76.1769],[-121.3108,76.2958],[-120.454,75.9523],[-120.0999,75.9781],[-119.3868,76.3755],[-118.736,76.9377],[-118.2532,76.8789],[-117.8633,76.4376],[-117.413,76.43],[-116.9999,76.7279],[-116.2396,76.7804],[-116.5047,77.1132],[-116.4059,77.2335],[-115.6824,77.3812],[-116.3591,77.5784],[-116.826,77.543],[-117.2256,77.4127],[-117.9816,77.4199],[-119.6956,77.3133],[-120.183,77.2091],[-120.4299,77.0543],[-121.1381,76.8819],[-121.5777,76.7021],[-122.6594,76.5386],[-122.6358,76.2764]]],[[[-113.1602,77.7925],[-113.0243,77.6021],[-111.9104,77.4832],[-110.6197,77.5375],[-109.6612,77.9499],[-110.7101,78.0234],[-113.0097,77.9232],[-113.1602,77.7925]]],[[[-103.5125,78.2732],[-102.5636,78.31],[-101.1679,78.2689],[-100.4715,77.8949],[-99.6796,77.7922],[-99.0494,77.9411],[-99.1251,78.1328],[-99.8916,78.6581],[-100.6933,78.8777],[-102.5687,79.0161],[-103.3648,79.3892],[-104.4411,79.4588],[-105.4515,79.4031],[-105.481,79.2242],[-104.1102,79.0576],[-103.5053,78.8369],[-103.3776,78.6074],[-104.5271,78.7023],[-104.9661,78.5339],[-104.1625,78.2982],[-103.5125,78.2732]]],[[[-60.6271,47.1329],[-61.0466,46.6636],[-61.3806,46.3314],[-61.4088,46.0456],[-61.2485,45.7928],[-61.025,45.67],[-60.5074,45.6645],[-59.9972,45.8536],[-59.8072,46.0812],[-60.0299,46.2886],[-60.169,46.3143],[-60.4465,46.1708],[-60.7613,45.8911],[-61.072,45.9878],[-60.9626,46.1893],[-60.5839,46.3849],[-60.4788,46.5346],[-60.4285,46.7428],[-60.2598,46.9383],[-60.6271,47.1329]]],[[[-57.8142,49.2015],[-57.974,49.0834],[-58.2311,49.1091],[-58.392,49.0368],[-58.6805,48.7026],[-58.1395,48.5991],[-58.4257,48.4482],[-58.6518,48.3759],[-59.2345,48.0417],[-59.3185,47.9633],[-59.1566,47.6701],[-58.7004,47.7362],[-58.0905,47.7634],[-57.6354,47.7252],[-57.123,47.6414],[-56.8037,47.616],[-56.3301,47.6365],[-56.1456,47.7346],[-56.0789,47.8652],[-55.7385,47.8724],[-55.7561,47.6506],[-55.5127,47.5859],[-55.3675,47.7949],[-54.7826,47.7112],[-55.067,47.5477],[-55.2767,47.3127],[-55.8296,47.1293],[-55.8042,46.9666],[-55.4079,46.9479],[-55.1845,47.098],[-54.9362,47.3394],[-54.5762,47.4965],[-54.2114,47.8036],[-54.0857,47.7713],[-53.8963,47.5565],[-53.9013,47.4066],[-54.1251,47.1131],[-54.0824,46.9895],[-53.9142,46.9963],[-53.6437,47.1792],[-53.6249,46.8863],[-53.4893,46.8215],[-53.0696,46.7313],[-52.7286,47.4545],[-52.7737,47.5391],[-53.0958,47.5515],[-53.1628,47.6753],[-53.1184,47.8775],[-53.3556,47.9488],[-53.5768,47.7397],[-53.7029,47.8438],[-53.8817,48.1893],[-53.8125,48.2482],[-53.4113,48.2947],[-53.115,48.5239],[-53.249,48.6478],[-53.6455,48.5163],[-53.7626,48.5226],[-54.1296,48.8357],[-53.6429,49.1507],[-53.5091,49.2819],[-54.1579,49.4771],[-54.6199,49.4763],[-54.7662,49.2926],[-55.1073,49.2788],[-55.8508,49.5656],[-55.9684,49.6571],[-55.5654,49.9661],[-56.0671,50.1033],[-56.2731,50.0173],[-56.4904,49.7676],[-56.7326,49.6884],[-56.7836,49.8194],[-56.6615,50.0561],[-56.11,50.7032],[-55.7703,51.0541],[-55.9274,51.2522],[-55.5565,51.3257],[-55.422,51.4252],[-55.5608,51.5574],[-56.1524,51.4701],[-56.3755,51.3836],[-56.7015,51.1845],[-57.3556,50.5952],[-57.8601,49.9879],[-58.1277,49.4956],[-57.8142,49.2015]]],[[[-87.0529,63.752],[-87.1012,63.5447],[-86.0321,63.6753],[-85.6007,63.7476],[-85.4321,63.5978],[-85.4628,63.2055],[-85.1568,63.1847],[-84.6547,63.3139],[-84.0871,63.6718],[-83.4958,63.7444],[-83.5174,64.0521],[-83.4259,64.1741],[-83.1885,64.1818],[-82.731,64.0751],[-82.1977,63.6896],[-82.0005,63.6328],[-81.1231,63.5202],[-80.696,63.4996],[-80.1794,63.722],[-80.6377,63.9143],[-80.953,63.9781],[-81.8721,63.9907],[-81.8314,64.4068],[-82.1096,64.6436],[-83.0854,64.865],[-83.7597,65.2113],[-84.424,65.3917],[-84.605,65.1807],[-84.8423,65.202],[-85.1984,65.3758],[-85.0579,65.6091],[-85.5575,65.8636],[-85.8208,65.36],[-86.016,65.1054],[-86.2428,64.5423],[-86.0611,64.1405],[-86.8008,63.8884],[-87.0529,63.752]]],[[[-76.7942,68.1472],[-77.2475,67.6548],[-77.0648,67.3287],[-76.8628,67.2625],[-76.2692,67.2488],[-75.7704,67.3015],[-75.3092,67.458],[-75.1463,67.577],[-75.1195,68.113],[-75.4748,68.2542],[-75.8847,68.3431],[-76.4963,68.2672],[-76.7942,68.1472]]],[[[-71.2581,63.5673],[-71.5355,63.3599],[-71.6217,63.2101],[-71.3189,63.0613],[-70.3622,62.8641],[-70.0752,62.7723],[-69.5595,62.7094],[-69.1553,62.4196],[-68.6636,62.3073],[-68.014,62.259],[-66.765,61.9436],[-65.9403,61.79],[-66.3323,62.3188],[-66.6807,62.5659],[-67.2638,62.8557],[-68.0926,63.1456],[-68.4765,63.3371],[-68.836,63.6504],[-68.486,63.7368],[-67.6816,63.4527],[-67.7657,63.8025],[-67.1442,63.3753],[-66.496,63.0774],[-66.0868,62.9929],[-65.698,63.0078],[-65.298,62.6961],[-65.021,62.5549],[-64.9379,62.711],[-65.1561,62.9875],[-64.7393,62.9315],[-64.735,63.0665],[-65.2095,63.6429],[-65.0015,63.7647],[-64.4154,63.245],[-64.3649,63.4375],[-64.4739,63.7443],[-64.6198,63.8513],[-65.3086,64.1794],[-65.3271,64.3587],[-65.0418,64.4095],[-65.6628,64.588],[-66.1925,64.8894],[-66.5977,64.7662],[-66.8287,64.9603],[-67.3294,65.584],[-67.8652,65.6267],[-68.2518,66.0642],[-68.085,66.189],[-67.6142,65.9118],[-67.161,65.9858],[-67.7599,66.3729],[-67.7491,66.4757],[-67.2559,66.6163],[-66.9128,66.5949],[-66.5669,66.4633],[-66.0407,66.1855],[-65.7174,66.0543],[-65.1703,66.0114],[-65.0338,65.9532],[-65.1778,65.6536],[-64.8437,65.3776],[-64.4253,65.502],[-64.1836,65.1899],[-63.5406,64.9953],[-63.352,65.0247],[-63.5113,65.431],[-63.3809,65.927],[-63.0123,65.665],[-62.8448,65.6143],[-62.544,65.8483],[-62.0683,65.9368],[-62.094,66.0611],[-62.6551,66.3385],[-62.2977,66.4346],[-61.8636,66.3179],[-61.4948,66.3406],[-61.4488,66.4875],[-61.2106,66.635],[-62.0961,67.0166],[-62.5205,66.8461],[-63.1649,66.926],[-62.9914,67.1774],[-63.394,67.1989],[-63.6235,67.1393],[-64.6138,67.1153],[-64.6014,67.315],[-63.933,67.4126],[-64.1021,67.568],[-64.8289,67.9533],[-65.1033,67.9677],[-65.53,67.8701],[-66.4071,68.0248],[-66.7447,67.9273],[-67.0316,68.3073],[-68.2212,68.627],[-68.6653,68.7161],[-68.7755,68.8436],[-68.077,68.8975],[-67.9797,68.9879],[-68.5332,69.2505],[-68.3907,69.3337],[-67.6261,69.2069],[-67.1712,69.1701],[-66.6681,69.1861],[-66.7728,69.3217],[-67.4398,69.5017],[-68.0399,69.5308],[-68.2338,69.7121],[-68.043,69.7731],[-67.0443,69.7977],[-67.5755,70.1853],[-68.0208,70.2994],[-68.3659,70.1226],[-68.9217,70.068],[-69.4627,69.9601],[-69.6981,70.0742],[-69.5911,70.1969],[-68.7496,70.3901],[-68.4694,70.5597],[-69.0916,70.782],[-69.6838,70.7423],[-70.2929,70.6179],[-70.6516,70.7636],[-70.6666,71.0805],[-71.3564,70.9553],[-71.8815,70.9312],[-71.2525,71.3508],[-71.664,71.5133],[-72.5346,71.6285],[-73.2752,71.1608],[-73.6718,71.5563],[-74.1119,71.688],[-74.8095,71.4219],[-75.2039,71.569],[-74.3127,72.0394],[-74.8958,72.2816],[-75.322,72.5484],[-75.6319,72.6109],[-76.15,72.5705],[-77.1187,72.7108],[-77.896,72.7014],[-78.3634,72.5821],[-78.6664,72.3138],[-78.5744,71.9296],[-79.0563,71.96],[-79.1254,72.2894],[-79.3296,72.3676],[-79.9533,72.3429],[-80.0808,72.1384],[-80.5704,71.9964],[-81.0268,72.0503],[-81.0436,72.3801],[-80.7247,72.6646],[-80.4887,73.037],[-81.5318,73.6884],[-82.1952,73.7752],[-82.6968,73.7822],[-83.4561,73.6368],[-84.5055,73.4911],[-84.8623,73.3548],[-83.8848,73.0704],[-84.564,73.0453],[-85.107,73.084],[-85.5057,72.9404],[-85.5044,72.6082],[-85.1473,72.4827],[-84.8311,72.4676],[-84.2893,72.2561],[-84.6658,72.224],[-85.1165,72.2781],[-85.6025,72.0104],[-85.2047,71.7687],[-84.6889,71.6604],[-84.4884,71.3493],[-84.7826,71.0617],[-85.891,71.1217],[-85.8585,71.2613],[-85.2431,71.4645],[-85.9447,71.7439],[-86.3325,71.9934],[-86.414,72.315],[-86.2142,72.4492],[-86.7794,72.6927],[-86.8554,72.8587],[-86.662,73.0969],[-86.035,73.3845],[-85.2542,73.7775],[-85.6398,73.8649],[-86.2462,73.8798],[-86.8924,73.8305],[-88.0992,73.6361],[-89.1002,73.1957],[-89.6386,72.7823],[-89.8209,72.348],[-89.3341,72.1681],[-89.3705,72.0661],[-89.814,71.979],[-89.9972,71.5413],[-89.435,71.4412],[-88.8542,71.45],[-87.9492,71.3506],[-87.1688,71.0186],[-87.7047,70.9248],[-88.7595,71.0001],[-89.1498,70.9685],[-89.205,70.8447],[-89.0185,70.6753],[-88.4322,70.4608],[-87.948,70.3849],[-87.4017,70.3629],[-87.1215,70.4018],[-86.9435,70.5559],[-86.3733,70.4647],[-86.3719,70.1961],[-85.9839,70.1126],[-84.8737,70.1146],[-83.3129,69.9571],[-82.9262,70.0112],[-82.2692,69.8604],[-81.8072,69.9827],[-81.5956,69.9603],[-80.8294,69.7114],[-81.138,70.0145],[-81.0128,70.1831],[-80.7126,70.1531],[-79.8256,69.9181],[-79.2414,69.8812],[-78.7129,70.0114],[-78.941,70.2713],[-80.2184,70.5916],[-80.6605,70.7526],[-80.49,70.8147],[-79.3759,70.5855],[-79.1011,70.6553],[-78.6188,70.4485],[-78.0034,70.2884],[-77.6986,70.1357],[-77.6223,69.8918],[-77.367,69.8088],[-76.9715,69.802],[-76.2732,69.5004],[-75.5517,69.2223],[-75.6247,69.1016],[-76.6426,69.0319],[-76.5464,68.7314],[-75.5704,68.8685],[-75.1991,68.8616],[-74.7523,69.043],[-74.5153,68.8704],[-74.4053,68.6604],[-73.9371,68.444],[-73.371,68.2954],[-73.1849,68.2958],[-72.354,67.5303],[-72.3049,67.2636],[-72.8735,66.8857],[-73.036,66.6423],[-73.9943,66.2659],[-74.2581,66.2361],[-74.2799,66.0602],[-73.932,65.9],[-73.4199,65.5289],[-73.4942,65.405],[-74.0791,65.4476],[-74.6648,65.3228],[-75.3676,65.2634],[-75.3559,64.9155],[-75.789,65.1972],[-76.0215,65.2621],[-76.6551,65.3409],[-77.3584,65.3759],[-77.3007,65.1435],[-77.387,65.0636],[-77.8666,64.9902],[-78.1267,64.651],[-78.1034,64.5072],[-77.7375,64.3929],[-76.5261,64.2301],[-75.9355,64.2671],[-75.591,64.5335],[-75.4518,64.5481],[-74.6851,64.3986],[-74.4312,64.435],[-74.5591,64.7801],[-74.2555,64.7662],[-73.6656,64.6018],[-73.1636,64.574],[-73.148,64.3441],[-72.73,64.015],[-72.3879,63.8582],[-71.8786,63.8019],[-71.2581,63.5673]]],[[[-89.8017,75.9182],[-91.1564,75.9743],[-90,76.1847],[-89.8115,76.3725],[-90,76.5908],[-91.1346,76.6325],[-92.2471,76.6219],[-93.0849,76.527],[-93.0639,76.3748],[-92.2241,75.9472],[-92.1012,75.6381],[-92.3655,75.4213],[-92.1665,75.0988],[-91.8668,74.7889],[-91.3577,74.7574],[-91.054,74.9773],[-89.6981,74.6146],[-89.2686,74.7046],[-88.9471,74.9324],[-88.3902,74.9905],[-88.3257,74.682],[-88.1436,74.569],[-87.4898,74.5378],[-86.3057,74.621],[-86.2116,74.8157],[-85.1182,74.6232],[-84.5679,74.6161],[-83.581,74.699],[-83.6136,75.0242],[-83.0738,74.9841],[-82.936,74.684],[-82.373,74.5555],[-80.3493,74.6159],[-80.5605,74.9156],[-80.4999,75.0301],[-79.4952,75.2798],[-79.7392,75.4701],[-80.7661,75.6096],[-81.7031,75.875],[-83.5587,75.9049],[-84.4367,75.7945],[-85.2033,75.7429],[-85.8303,75.6166],[-86.179,75.4081],[-86.618,75.4322],[-87.2929,75.6555],[-88.6474,75.5946],[-89.0422,75.4608],[-89.5935,75.86],[-89.8017,75.9182]]],[[[-88.6398,82.0738],[-91.2186,81.8373],[-91.0799,81.5385],[-89.5592,81.4177],[-89.1925,81.0964],[-89.6752,81.0262],[-89.2355,80.8636],[-88.3217,81.1657],[-86.4368,81.3932],[-85.1924,81.3245],[-84.923,81.1224],[-85.3641,80.9907],[-85.5038,80.6181],[-84.793,80.7824],[-83.8209,80.7745],[-82.7907,80.6974],[-81.8759,80.7488],[-80.0879,81.0218],[-78.9623,81.0342],[-78.3209,80.9654],[-77.5209,80.7499],[-79.5967,80.6447],[-80.2847,80.5449],[-81.0637,80.5335],[-81.7187,80.3854],[-82.2626,80.051],[-81.3557,79.9081],[-81.1063,79.7011],[-81.7581,79.6819],[-83.6184,80.2067],[-85.3841,80.2321],[-86.1701,80.279],[-86.3224,80.1143],[-83.9109,79.2566],[-83.1269,79.1156],[-81.5972,78.7546],[-82.3256,78.6653],[-83.84,78.8568],[-85.8068,78.9062],[-86.3038,78.8344],[-86.8254,78.5861],[-86.9172,78.2452],[-86.5099,78.2969],[-84.8434,78.1596],[-84.8683,77.7077],[-84.4071,77.6307],[-83.0486,77.6312],[-83.3188,77.374],[-83.6917,77.313],[-84.9299,77.3451],[-85.5376,77.4903],[-86.0361,77.7228],[-86.4357,77.8175],[-87.8125,77.8756],[-88.0512,77.7536],[-87.5818,77.4606],[-87.0992,77.2807],[-87.8539,77.2192],[-88.5607,77.0294],[-89.247,76.9768],[-89.4181,76.6103],[-88.5888,76.4678],[-88.3102,76.5361],[-88.1834,76.7401],[-87.2727,76.5042],[-85.0371,76.4069],[-84.5594,76.5432],[-84.7964,76.8658],[-84.6219,76.8917],[-83.7633,76.5363],[-82.4236,76.4711],[-82.5719,76.7763],[-81.9179,76.6331],[-81.3823,76.6511],[-80.8135,76.2377],[-79.8375,76.3746],[-78.2123,76.5468],[-77.8041,76.7258],[-77.8243,76.8876],[-78.1214,77.0407],[-79.0219,77.0561],[-79.7119,77.1318],[-81.4728,77.2399],[-82.1024,77.3161],[-81.5539,77.5411],[-81.1003,77.5765],[-80.4571,77.4742],[-78.8554,77.3738],[-78.2186,77.5733],[-78.3668,78.0329],[-78.1768,78.0681],[-77.0171,77.9745],[-76.1432,78.072],[-76.6185,78.2983],[-75.753,78.3612],[-75.5213,78.6783],[-74.9089,78.8208],[-74.9631,79.1223],[-76.2538,79.3248],[-77.2992,79.2856],[-77.2388,79.5827],[-76.3347,79.6113],[-75.1737,79.5149],[-73.6739,79.5177],[-73.376,79.5811],[-74.5423,79.8941],[-74.2455,80.0427],[-73.1718,79.969],[-72.5138,79.8708],[-71.4545,79.8458],[-70.2185,80.1374],[-70.5111,80.5454],[-69.4975,80.5475],[-68.5462,80.836],[-67.9541,80.937],[-66.4817,81.3029],[-65.2998,81.4584],[-65.5879,81.705],[-66.7106,81.5889],[-67.5164,81.5873],[-67.8538,81.752],[-67.5852,81.9613],[-66.3745,82.1007],[-65.3467,82.1029],[-63.9206,82.0112],[-63.0887,82.0973],[-61.9894,82.3119],[-61.8163,82.473],[-62.4271,82.6336],[-63.1851,82.6536],[-64.0098,82.7824],[-65.4809,82.8997],[-67.6963,82.8728],[-70.5843,83.176],[-71.9259,83.0841],[-73.3612,83.103],[-74.1611,82.9906],[-76.3821,83.1519],[-77.0741,82.863],[-78.6985,83.0025],[-80.4146,82.8666],[-81.5226,82.6893],[-81.287,82.3875],[-79.8906,82.0399],[-81.3906,82.0788],[-82.57,82.2246],[-84.0581,82.2853],[-84.9466,82.3795],[-85.7382,82.335],[-86.3244,82.2058],[-86.6818,81.9937],[-87.4533,82.1398],[-88.6398,82.0738]]],[[[-100.6194,75.7889],[-100.097,75.7648],[-99.8957,75.615],[-100.474,75.3147],[-100.3871,75.1824],[-99.9442,75.0841],[-98.9058,75.1356],[-98.1638,75.0957],[-98.0016,75.1621],[-98.1515,75.6016],[-97.6667,75.8614],[-97.6513,76.1384],[-97.8165,76.4757],[-98.6148,76.6778],[-99.0244,76.4226],[-100.0674,76.675],[-100.6937,76.6059],[-100.5105,76.4452],[-99.9122,76.1678],[-100.0738,76.0162],[-101.1395,76.4355],[-101.7463,76.5445],[-101.8849,76.3327],[-101.6755,76.0635],[-102.5336,75.7686],[-102.1496,75.644],[-100.6194,75.7889]]],[[[-96.7231,77.0224],[-96.8095,76.9197],[-96.2765,76.7332],[-95.8734,76.5133],[-93.9376,76.3985],[-93.7945,76.738],[-94.1951,76.8991],[-94.9345,76.9233],[-95.6285,77.0416],[-96.7231,77.0224]]],[[[-97.3098,78.8222],[-98.3432,78.8025],[-98.4372,78.6609],[-97.9227,78.3189],[-97.4598,78.1011],[-96.602,77.9981],[-95.2325,78.1315],[-95.097,78.4384],[-97.3098,78.8222]]],[[[-88.3729,80.226],[-89.042,80.1666],[-89.4247,80.6145],[-91.0162,80.7496],[-92.0249,81.2592],[-93.4347,81.4398],[-93.2034,81.2263],[-95.0599,81.0307],[-94.2503,80.6736],[-95.0813,80.5832],[-95.5804,80.3862],[-94.675,80.1165],[-95.7001,80.0375],[-96.5869,80.0934],[-96.4334,79.9334],[-95.0394,79.3962],[-94.3175,79.4872],[-93.1776,79.5342],[-91.819,79.4382],[-90,79.1261],[-93.3026,79.2565],[-94.1893,79.1478],[-94.1034,79.0234],[-92.7015,78.4342],[-91.4238,78.305],[-90,78.2627],[-90,78.6241],[-89.1208,78.3445],[-88.7594,78.4505],[-88.9559,78.7497],[-88.6607,78.9007],[-87.7873,78.7255],[-87.1654,79.1256],[-85.7585,79.3782],[-85.9937,79.486],[-86.9967,79.4453],[-87.3406,79.6442],[-87.3357,80.093],[-87.8273,80.3728],[-88.3729,80.226]]]]},"properties":{"NAME":"Canada","ABBREVN":"Canada","SUBJECTO":"Canada","BORDERPRECISION":3,"PARTOF":"Canada"}},
{"type":"Feature","geometry":{"type":"MultiPolygon","coordinates":[[[[-73.1115,-72.7495],[-71.5661,-72.7495],[-70.0207,-72.6722],[-69.3253,-72.2858],[-68.6299,-72.054],[-68.3981,-71.1268],[-68.8617,-70.5086],[-69.4798,-69.9678],[-69.9434,-69.3496],[-70.3298,-68.9632],[-70.7161,-68.8087],[-71.4116,-68.886],[-71.9525,-69.0405],[-72.3944,-69.2615],[-71.7979,-69.7359],[-71.7979,-70.3541],[-72.1843,-70.5859],[-72.107,-71.0495],[-72.7252,-71.2813],[-74.116,-71.3586],[-74.6569,-71.4359],[-75.2751,-71.6677],[-75.0433,-72.054],[-74.3478,-72.2086],[-73.4206,-71.9768],[-72.0297,-71.8222],[-71.9525,-72.2086],[-72.4934,-72.4404],[-72.8797,-72.4404],[-73.1115,-72.7495]]],[[[-102.5513,-72.1313],[-101.1604,-72.3631],[-98.834,-72.5207],[-97.1424,-72.6722],[-95.9061,-72.3631],[-97.2197,-71.8222],[-99.6923,-71.8222],[-101.1604,-71.8222],[-102.5513,-72.1313]]],[[[-150.9514,-76.9491],[-150.3246,-77.0983],[-149.4292,-77.0983],[-149.7873,-76.8894],[-150.4141,-76.8297],[-150.9514,-76.9491]]],[[[-55.1849,-80.9401],[-50.1624,-80.7855],[-44.8308,-80.3219],[-43.9035,-79.781],[-43.9035,-79.2401],[-44.2126,-78.3902],[-45.758,-78.0811],[-48.8488,-78.0811],[-50.2397,-78.3902],[-50.8578,-78.6992],[-51.0124,-79.3947],[-51.7078,-79.781],[-53.8713,-79.9356],[-54.9531,-80.3992],[-55.1849,-80.9401]]],[[[-164.058,-79.356],[-162.3581,-79.7424],[-160.4263,-79.9742],[-159.2026,-79.8825],[-158.8037,-79.6651],[-160.7354,-79.0469],[-162.5899,-78.8151],[-163.5171,-78.9697],[-164.058,-79.356]]],[[[169.7694,-83.4179],[167.5688,-83.3167],[168.3865,-83.0925],[167.2747,-82.9877],[164.9566,-82.4468],[163.3086,-82.0868],[162.0152,-81.6599],[160.5774,-81.5343],[160.433,-80.9064],[159.5791,-80.4418],[158.3485,-80.492],[158.135,-80.3162],[159.3154,-80.0274],[160.3451,-79.3995],[159.8428,-79.1609],[160.0886,-78.9697],[160.6856,-79.1138],[161.7732,-78.8658],[162.5937,-78.9039],[163.643,-78.6606],[164.9024,-78.5986],[166.7533,-78.5986],[165.5512,-78.3506],[165.3985,-78.1979],[164.4827,-78.0644],[164.1066,-77.6561],[163.5286,-77.74],[163.2997,-77.1867],[162.3265,-76.9577],[162.67,-76.7669],[162.6318,-76.4235],[162.3838,-76.2136],[162.7654,-75.9655],[162.8226,-75.6221],[162.4067,-75.338],[162.3456,-75.1069],[163.4141,-75.0306],[163.4332,-74.7444],[163.7767,-74.649],[164.33,-74.7634],[165.1886,-74.668],[164.6162,-74.1719],[165.7992,-73.8285],[167.5754,-73.4757],[168.1782,-73.5834],[168.8993,-73.5403],[168.9747,-73.2389],[169.459,-73.056],[169.7281,-72.7761],[170.1048,-72.6362],[170.1156,-72.3348],[169.7927,-72.2379],[169.8896,-72.0765],[170.7291,-71.9043],[170.5246,-71.6029],[170.0833,-71.6675],[168.7428,-71.2427],[167.9629,-71.097],[167.6346,-70.8651],[164.9566,-70.6246],[164.3193,-70.5178],[163.4394,-70.539],[163.3758,-70.6556],[162.8882,-70.5708],[162.4854,-70.3057],[161.5567,-70.3155],[161.33,-70.2315],[160.5985,-70.2209],[159.8459,-69.8287],[159.1145,-69.6061],[157.3069,-69.1564],[156.1478,-69.311],[154.9453,-69.0774],[154.4346,-68.9497],[154.2856,-68.6305],[153.9238,-68.4389],[153.6046,-68.4815],[153.7525,-68.9246],[152.3065,-68.8433],[151.0935,-68.8858],[150.8381,-68.7794],[150.8935,-68.5383],[148.7299,-68.3065],[148.2631,-68.2048],[148.0931,-67.937],[146.8755,-67.9974],[146.3903,-67.7792],[145.454,-67.6302],[145.322,-67.5751],[145.5857,-67.2235],[145.2624,-67.0982],[144.3802,-67.1733],[143.3881,-66.9723],[142.7603,-67.0477],[142.1826,-66.9849],[141.1575,-66.7224],[138.6849,-66.5679],[136.3174,-66.3986],[135.0532,-66.1815],[134.6908,-66.083],[134.9821,-65.5974],[134.5896,-65.0225],[134.0353,-65.1847],[134.011,-65.5488],[134.2052,-66.1801],[133.3069,-66.1315],[132.9669,-66.2588],[130.2721,-66.2529],[129.4224,-66.52],[129.0096,-67.0298],[126.8003,-66.8842],[126.4118,-66.3743],[125.4407,-66.4471],[125.1251,-66.787],[123.54,-66.6452],[122.4582,-66.6452],[121.4537,-66.7997],[119.5992,-66.9156],[118.2856,-67.0701],[116.9721,-66.8383],[116.1221,-66.5293],[115.6788,-66.4143],[114.4356,-66.4932],[113.9585,-65.9884],[113.0149,-65.7631],[112.0268,-65.9884],[111.673,-65.9604],[110.6074,-66.0591],[110.4814,-66.2974],[110.568,-66.3945],[109.976,-66.5919],[109.4037,-66.7103],[108.4368,-66.7497],[108.1014,-66.7103],[107.6224,-66.452],[107.1588,-66.452],[105.4589,-66.2974],[103.8362,-65.9884],[103.3114,-66.0661],[102.6308,-65.9262],[101.715,-65.977],[100.8754,-66.0788],[99.6543,-66.5495],[99.12,-66.8929],[98.6621,-66.6258],[98.0642,-66.5876],[97.1137,-66.6838],[95.7229,-66.5293],[93.4821,-66.6065],[90,-66.6065],[88.6536,-66.7639],[88.5169,-66.4146],[88.305,-66.0656],[88.0841,-66.1109],[87.8414,-66.452],[87.7651,-66.7487],[87.2232,-66.9929],[85.5233,-66.9156],[82.7416,-67.2247],[81.8143,-67.302],[80.8871,-67.611],[79.8053,-67.9201],[78.2599,-68.3837],[77.7963,-68.8473],[76.8691,-69.311],[75.4009,-69.4655],[74.3964,-69.7746],[72.542,-70.2382],[71.9238,-70.5473],[71.1511,-71.32],[70.3011,-72.0154],[69.5284,-72.4018],[68.2149,-72.4018],[67.3649,-72.0927],[67.3649,-71.7063],[68.1376,-71.0882],[68.6839,-71.0603],[69.0744,-70.5877],[68.8894,-70.4233],[68.4579,-70.6904],[68.1908,-70.6699],[67.5127,-70.4644],[67.8415,-70.0329],[68.2149,-69.8518],[68.6223,-70.0329],[68.9511,-69.8891],[69.1421,-69.3882],[69.4442,-69.1904],[69.773,-68.6356],[69.683,-68.1519],[69.3739,-67.8428],[66.9785,-67.8428],[63.5787,-67.5338],[62.806,-67.611],[62.1105,-67.5338],[59.603,-67.3298],[57.4019,-67.0392],[56.6269,-66.9423],[56.7023,-66.7378],[57.1113,-66.6948],[57.1005,-66.5226],[56.7669,-66.458],[56.1749,-66.4472],[55.1416,-65.9629],[53.7654,-65.9111],[52.4518,-65.9884],[50.5201,-66.3747],[50.1396,-66.4837],[50.006,-66.5876],[50.006,-66.8399],[50.2435,-66.9883],[50.2732,-67.1367],[49.9615,-67.1961],[49.6701,-67.0701],[48.9672,-66.9735],[48.3142,-67.018],[48.2697,-67.1812],[48.8485,-67.4335],[48.2793,-67.5338],[47.3051,-67.7749],[47.0083,-67.671],[46.9192,-67.4039],[46.3701,-67.3296],[46.0585,-67.4335],[46.0384,-67.6883],[44.797,-67.7452],[44.184,-68.036],[42.5613,-68.1133],[41.9431,-68.4224],[39.6471,-68.9336],[39.4593,-69.7007],[38.332,-70.0295],[38.4103,-69.6381],[37.9563,-69.8886],[37.2988,-69.6537],[37.6745,-69.5128],[37.5806,-69.278],[36.9856,-69.3563],[36.5316,-69.6537],[36.0776,-69.5911],[35.2979,-69.1178],[34.7155,-68.9336],[34.2934,-68.4996],[33.5413,-68.5422],[33.0247,-68.9179],[32.748,-69.3496],[31.7435,-69.5041],[30.6618,-69.736],[28.3437,-70.045],[25.6392,-70.3541],[23.7075,-70.5859],[22.5484,-70.5859],[19.5349,-70.1609],[17.6032,-70.0837],[16.0578,-70.1609],[12.6579,-70.3155],[11.9625,-70.7018],[11.1125,-70.8564],[10.3398,-70.7018],[9.4126,-70.0837],[8.4853,-70.0837],[6.5536,-70.47],[3.3083,-70.9336],[0.6811,-71.32],[-0.0916,-71.5518],[-0.787,-71.7063],[-1.2506,-71.32],[-2.7188,-71.3972],[-4.8823,-71.2813],[-6.3176,-71.425],[-6.255,-71.1536],[-5.7323,-70.895],[-6.3505,-70.6632],[-7.2004,-70.895],[-7.6327,-71.258],[-7.7413,-71.6677],[-8.8225,-71.8216],[-9.364,-71.1268],[-9.7503,-71.0495],[-10.2139,-71.2041],[-11.1412,-71.5904],[-11.5989,-71.6337],[-11.8076,-71.2997],[-12.3712,-71.4041],[-12.3295,-71.6755],[-11.5571,-72.0721],[-11.8285,-72.3226],[-12.5382,-72.5104],[-14.2708,-72.8444],[-14.5839,-73.1784],[-15.7001,-73.2904],[-16.3955,-73.4449],[-17.0909,-73.9085],[-16.1637,-74.0631],[-15.0047,-73.8312],[-14.4509,-74.0646],[-17.1682,-74.7585],[-18.4045,-75.6857],[-20.6454,-75.9175],[-23.5816,-75.9175],[-25.977,-76.3039],[-30.2268,-76.8448],[-32.0813,-77.3084],[-33.1631,-77.3856],[-34.9403,-77.9265],[-36.4084,-78.622],[-36.4084,-79.1629],[-35.0175,-79.1629],[-32.854,-79.3174],[-31.8495,-79.2401],[-29.5677,-79.2243],[-29.035,-79.3765],[-28.9132,-79.8583],[-28.3723,-80.0901],[-28.9132,-80.4764],[-32.9312,-80.8628],[-38.031,-80.9401],[-41.8173,-81.4037],[-42.9763,-81.9446],[-43.8263,-81.79],[-48.2307,-81.9446],[-52.2487,-82.0218],[-55.1849,-82.3309],[-57.5803,-83.0263],[-58.9711,-83.1809],[-59.2802,-82.7173],[-60.2075,-82.3309],[-63.1437,-82.0991],[-67.9344,-81.4809],[-71.7979,-81.0946],[-74.8887,-80.7082],[-76.6434,-80.2146],[-78.2886,-80.3219],[-80.0034,-79.9299],[-78.8295,-80.0128],[-76.4341,-79.8583],[-76.4156,-79.5882],[-76.5887,-79.3947],[-77.9795,-79.0856],[-80.2203,-79.3174],[-81.3021,-79.3174],[-81.9203,-79.1629],[-82.4611,-79.2401],[-82.9248,-79.1629],[-84.1037,-78.6485],[-84.1611,-78.2356],[-83.0793,-78.2356],[-82.0748,-78.7765],[-81.4566,-78.8538],[-79.1385,-78.931],[-77.7824,-78.6485],[-77.6704,-78.4674],[-78.2886,-78.3129],[-79.2931,-78.3129],[-80.7612,-78.2356],[-81.2847,-77.9936],[-81.6549,-77.6804],[-80.6868,-77.5665],[-79.2931,-77.6947],[-77.0523,-77.9265],[-74.5024,-78.0811],[-73.0271,-77.8228],[-73.5681,-77.4811],[-75.816,-77.4629],[-78.5977,-76.6129],[-78.8295,-76.2266],[-78.4431,-75.9948],[-77.825,-75.9948],[-76.2796,-76.3039],[-75.9315,-76.4845],[-73.8813,-76.6268],[-70.5616,-76.6902],[-69.248,-76.3811],[-68.1662,-76.2266],[-65.9254,-75.8403],[-64.4573,-75.6857],[-63.6846,-75.2221],[-63.221,-74.8357],[-62.6801,-74.7585],[-61.3665,-73.9085],[-60.8256,-72.7495],[-60.9802,-72.054],[-61.3665,-71.4359],[-61.6756,-70.8177],[-62.1392,-70.5086],[-62.4483,-70.1223],[-63.1437,-69.4269],[-63.4528,-68.886],[-63.8391,-68.6542],[-64.5346,-68.6542],[-65.1527,-68.4996],[-65.6936,-67.8815],[-65.3845,-67.3406],[-64.9209,-67.0315],[-64.38,-66.7224],[-63.8391,-66.4906],[-63.3755,-66.4906],[-62.7574,-66.6452],[-62.4483,-66.3361],[-62.371,-65.7952],[-61.5983,-65.177],[-61.1347,-64.868],[-59.8211,-64.3271],[-58.8939,-64.3271],[-58.353,-64.0952],[-57.2712,-63.7089],[-57.4258,-63.2453],[-58.1212,-63.3998],[-59.1257,-63.8634],[-60.2075,-63.9407],[-61.2892,-64.4816],[-62.9119,-64.7134],[-64.2255,-65.2543],[-64.6891,-65.5634],[-65.0755,-65.9497],[-65.7709,-66.1815],[-66.8527,-66.7997],[-67.7026,-66.877],[-67.8572,-67.5724],[-67.3163,-67.8042],[-67.239,-68.2678],[-67.0845,-68.6542],[-67.4708,-69.1951],[-68.2435,-69.3496],[-68.7844,-69.8132],[-68.6299,-70.2768],[-68.089,-70.5859],[-67.7026,-71.2813],[-67.0845,-71.8222],[-67.0845,-72.4404],[-67.6254,-72.7495],[-71.4888,-73.3676],[-73.7297,-73.5994],[-75.5841,-73.754],[-77.1295,-73.6381],[-78.5204,-73.7153],[-79.7567,-73.1745],[-80.993,-73.2517],[-81.3021,-73.7926],[-81.7657,-74.0244],[-84.3929,-73.7926],[-85.9383,-73.4835],[-86.3246,-73.2517],[-87.4064,-73.4063],[-88.5655,-73.2517],[-88.72,-72.7881],[-89.2609,-72.7881],[-89.57,-73.0972],[-90,-73.329],[-91.9653,-73.2517],[-93.9743,-73.1745],[-95.4425,-73.2517],[-96.5242,-73.329],[-99.7882,-72.9978],[-102.1737,-73.0895],[-102.5513,-72.7881],[-103.5867,-72.7409],[-103.5867,-73.1079],[-103.2931,-73.3281],[-102.9444,-73.3648],[-100.2286,-73.4382],[-99.6781,-73.6584],[-101.4214,-73.7685],[-103.2467,-73.5608],[-103.1646,-73.8602],[-102.8604,-73.9471],[-101.8801,-74.0988],[-101.4948,-74.5392],[-100.5589,-74.4658],[-100.4121,-74.7594],[-100.9993,-74.8878],[-100.0084,-74.9429],[-99.7332,-75.0713],[-100.0451,-75.3099],[-100.6968,-75.2607],[-101.7517,-75.2548],[-103.9421,-75.1062],[-105.6421,-75.0676],[-106.8011,-75.3766],[-108.3465,-75.2994],[-109.1965,-75.1448],[-110.557,-75.3029],[-110.7914,-74.9513],[-110.3373,-74.7609],[-110.4328,-74.2949],[-111.0991,-74.1749],[-111.7464,-74.2949],[-111.7437,-74.7169],[-112.3645,-74.8357],[-113.4283,-74.6876],[-113.2379,-74.3214],[-113.5016,-74.0723],[-114.1462,-73.9258],[-114.9372,-74.0577],[-114.9917,-74.4494],[-117.3871,-74.5267],[-118.0825,-74.2949],[-118.7779,-74.6039],[-120.1688,-74.5267],[-123.5687,-74.8357],[-127.1231,-74.6812],[-128.9775,-74.913],[-130.9865,-74.7971],[-133.5364,-74.7971],[-134.7728,-74.6426],[-136.7818,-74.8744],[-138.559,-75.1062],[-140.568,-75.2607],[-144.5087,-75.7243],[-145.8996,-75.9562],[-146.6723,-76.1107],[-148.5268,-76.0334],[-149.6086,-76.3425],[-148.4495,-76.497],[-147.1308,-76.5312],[-146.116,-76.8596],[-146.1459,-77.4565],[-147.9859,-77.347],[-149.9949,-77.7334],[-150.6131,-77.6561],[-152.0856,-77.3371],[-154.1675,-77.1152],[-156.4083,-77.1152],[-157.1511,-77.238],[-158.031,-77.2697],[-158.1855,-77.8106],[-157.3355,-78.197],[-156.5628,-78.3515],[-156.0219,-78.3515],[-154.7084,-78.1197],[-154.1323,-78.3523],[-155.8674,-78.7379],[-154.5538,-79.1242],[-153.2402,-79.1242],[-151.7721,-79.2015],[-150.5802,-79.4829],[-148.6041,-79.6651],[-146.9041,-80.0514],[-145.6678,-80.5151],[-148.8359,-81.365],[-149.9949,-81.2105],[-151.5403,-81.2105],[-154.4766,-81.056],[-155.7129,-81.056],[-156.9988,-81.1963],[-156.9519,-81.3136],[-155.5686,-81.4073],[-154.2675,-81.6769],[-154.9825,-81.9114],[-154.5538,-82.1377],[-153.5493,-82.2923],[-152.0812,-82.6014],[-152.9312,-82.9104],[-153.2402,-83.2968],[-153.3097,-83.9419],[-153.0857,-84.1467],[-152.0039,-84.3786],[-149.6086,-84.4558],[-145.2815,-84.7649],[-138.8168,-85.013],[-139.3309,-85.2228],[-141.418,-85.2285],[-148.7586,-85.074],[-150.3812,-85.4603],[-151.463,-85.3058],[-156.5628,-85.4603],[-160.5036,-85.3831],[-167.2261,-84.7649],[-170.3169,-84.6876],[-173.8713,-84.4558],[-178.4302,-84.4558],[-180,-84.3223],[-180,-85.3223],[-180,-86.3223],[-180,-87.3223],[-180,-88.3223],[-180,-89.3223],[-180,-90],[-179.2037,-90],[-178.2037,-90],[-177.2037,-90],[-176.2037,-90],[-175.2037,-90],[-174.2037,-90],[-173.2037,-90],[-172.2037,-90],[-171.2037,-90],[-170.2037,-90],[-169.2037,-90],[-168.2037,-90],[-167.2037,-90],[-166.2037,-90],[-165.2037,-90],[-164.2037,-90],[-163.2037,-90],[-162.2037,-90],[-161.2037,-90],[-160.2037,-90],[-159.2037,-90],[-158.2037,-90],[-157.2037,-90],[-156.2037,-90],[-155.2037,-90],[-154.2037,-90],[-153.2037,-90],[-152.2037,-90],[-151.2037,-90],[-150.2037,-90],[-149.2037,-90],[-148.2037,-90],[-147.2037,-90],[-146.2037,-90],[-145.2037,-90],[-144.2037,-90],[-143.2037,-90],[-142.2037,-90],[-141.2037,-90],[-140.2037,-90],[-139.2037,-90],[-138.2037,-90],[-137.2037,-90],[-136.2037,-90],[-135.2037,-90],[-134.2037,-90],[-133.2037,-90],[-132.2037,-90],[-131.2037,-90],[-130.2037,-90],[-129.2037,-90],[-128.2037,-90],[-127.2037,-90],[-126.2037,-90],[-125.2037,-90],[-124.2037,-90],[-123.2037,-90],[-122.2037,-90],[-121.2037,-90],[-120.2037,-90],[-119.2037,-90],[-118.2037,-90],[-117.2037,-90],[-116.2037,-90],[-115.2037,-90],[-114.2037,-90],[-113.2037,-90],[-112.2037,-90],[-111.2037,-90],[-110.2037,-90],[-109.2037,-90],[-108.2037,-90],[-107.2037,-90],[-106.2037,-90],[-105.2037,-90],[-104.2037,-90],[-103.2037,-90],[-102.2037,-90],[-101.2037,-90],[-100.2037,-90],[-99.2037,-90],[-98.2037,-90],[-97.2037,-90],[-96.2037,-90],[-95.2037,-90],[-94.2037,-90],[-93.2037,-90],[-92.2037,-90],[-91.2037,-90],[-90,-90],[-89.2037,-90],[-88.2037,-90],[-87.2037,-90],[-86.2037,-90],[-85.2037,-90],[-84.2037,-90],[-83.2037,-90],[-82.2037,-90],[-81.2037,-90],[-80.2037,-90],[-79.2037,-90],[-78.2037,-90],[-77.2037,-90],[-76.2037,-90],[-75.2037,-90],[-74.2037,-90],[-73.2037,-90],[-72.2037,-90],[-71.2037,-90],[-70.2037,-90],[-69.2037,-90],[-68.2037,-90],[-67.2037,-90],[-66.2037,-90],[-65.2037,-90],[-64.2037,-90],[-63.2037,-90],[-62.2037,-90],[-61.2037,-90],[-60.2037,-90],[-59.2037,-90],[-58.2037,-90],[-57.2037,-90],[-56.2037,-90],[-55.2037,-90],[-54.2037,-90],[-53.2037,-90],[-52.2037,-90],[-51.2037,-90],[-50.2037,-90],[-49.2037,-90],[-48.2037,-90],[-47.2037,-90],[-46.2037,-90],[-45.2037,-90],[-44.2037,-90],[-43.2037,-90],[-42.2037,-90],[-41.2037,-90],[-40.2037,-90],[-39.2037,-90],[-38.2037,-90],[-37.2037,-90],[-36.2037,-90],[-35.2037,-90],[-34.2037,-90],[-33.2037,-90],[-32.2037,-90],[-31.2037,-90],[-30.2037,-90],[-29.2037,-90],[-28.2037,-90],[-27.2037,-90],[-26.2037,-90],[-25.2037,-90],[-24.2037,-90],[-23.2037,-90],[-22.2037,-90],[-21.2037,-90],[-20.2037,-90],[-19.2037,-90],[-18.2037,-90],[-17.2037,-90],[-16.2037,-90],[-15.2037,-90],[-14.2037,-90],[-13.2037,-90],[-12.2037,-90],[-11.2037,-90],[-10.2037,-90],[-9.2037,-90],[-8.2037,-90],[-7.2037,-90],[-6.2037,-90],[-5.2037,-90],[-4.2037,-90],[-3.2037,-90],[-2.2037,-90],[-1.2037,-90],[-0.2037,-90],[0.7781,-90],[1.7781,-90],[2.7781,-90],[3.7781,-90],[4.7781,-90],[5.7781,-90],[6.7781,-90],[7.7781,-90],[8.7781,-90],[9.7781,-90],[10.7781,-90],[11.7781,-90],[12.7781,-90],[13.7781,-90],[14.7781,-90],[15.7781,-90],[16.7781,-90],[17.7781,-90],[18.7781,-90],[19.7781,-90],[20.7781,-90],[21.7781,-90],[22.7781,-90],[23.7781,-90],[24.7781,-90],[25.7781,-90],[26.7781,-90],[27.7781,-90],[28.7781,-90],[29.7781,-90],[30.7781,-90],[31.7781,-90],[32.7781,-90],[33.7781,-90],[34.7781,-90],[35.7781,-90],[36.7781,-90],[37.7781,-90],[38.7781,-90],[39.7781,-90],[40.7781,-90],[41.7781,-90],[42.7781,-90],[43.7781,-90],[44.7781,-90],[45.7781,-90],[46.7781,-90],[47.7781,-90],[48.7781,-90],[49.7781,-90],[50.7781,-90],[51.7781,-90],[52.7781,-90],[53.7781,-90],[54.7781,-90],[55.7781,-90],[56.7781,-90],[57.7781,-90],[58.7781,-90],[59.7781,-90],[60.7781,-90],[61.7781,-90],[62.7781,-90],[63.7781,-90],[64.7781,-90],[65.7781,-90],[66.7781,-90],[67.7781,-90],[68.7781,-90],[69.7781,-90],[70.7781,-90],[71.7781,-90],[72.7781,-90],[73.7781,-90],[74.7781,-90],[75.7781,-90],[76.7781,-90],[77.7781,-90],[78.7781,-90],[79.7781,-90],[80.7781,-90],[81.7781,-90],[82.7781,-90],[83.7781,-90],[84.7781,-90],[85.7781,-90],[86.7781,-90],[87.7781,-90],[88.7781,-90],[89.7781,-90],[89.7963,-90],[90,-90],[91.7781,-90],[92.7781,-90],[93.7781,-90],[94.7781,-90],[95.7781,-90],[96.7781,-90],[97.7781,-90],[98.7781,-90],[99.7781,-90],[100.7781,-90],[101.7781,-90],[102.7781,-90],[103.7781,-90],[104.7781,-90],[105.7781,-90],[106.7781,-90],[107.7781,-90],[108.7781,-90],[109.7781,-90],[110.7781,-90],[111.7781,-90],[112.7781,-90],[113.7781,-90],[114.7781,-90],[115.7781,-90],[116.7781,-90],[117.7781,-90],[118.7781,-90],[119.7781,-90],[120.7781,-90],[121.7781,-90],[122.7781,-90],[123.7781,-90],[124.7781,-90],[125.7781,-90],[126.7781,-90],[127.7781,-90],[128.7781,-90],[129.7781,-90],[130.7781,-90],[131.7781,-90],[132.7781,-90],[133.7781,-90],[134.7781,-90],[135.7781,-90],[136.7781,-90],[137.7781,-90],[138.7781,-90],[139.7781,-90],[140.7781,-90],[141.7781,-90],[142.7781,-90],[143.7781,-90],[144.7781,-90],[145.7781,-90],[146.7781,-90],[147.7781,-90],[148.7781,-90],[149.7781,-90],[150.7781,-90],[151.7781,-90],[152.7781,-90],[153.7781,-90],[154.7781,-90],[155.7781,-90],[156.7781,-90],[157.7781,-90],[158.7781,-90],[159.7781,-90],[160.7781,-90],[161.7781,-90],[162.7781,-90],[163.7781,-90],[164.7781,-90],[165.7781,-90],[166.7781,-90],[167.7781,-90],[168.7781,-90],[169.7781,-90],[170.7781,-90],[171.7781,-90],[172.7781,-90],[173.7781,-90],[174.7781,-90],[175.7781,-90],[176.7781,-90],[177.7781,-90],[178.7781,-90],[180,-90],[180,-89.3192],[180,-88.3192],[180,-87.3192],[180,-86.3192],[180,-85.3192],[180,-84.3404],[179.1613,-84.1739],[178.304,-84.1871],[176.9334,-84.0309],[174.5851,-83.8825],[172.5803,-83.8442],[171.4897,-83.5937],[169.7694,-83.4179]]]]},"properties":{"NAME":null,"ABBREVN":"Antarctica","SUBJECTO":null,"BORDERPRECISION":3,"PARTOF":null}},
{"type":"Feature","geometry":{"type":"MultiPolygon","coordinates":[[[[2.5221,51.0911],[2.0303,51.0067],[1.5889,50.8219],[1.5283,50.5777],[1.552,50.2288],[1.2745,50.0043],[0.5286,49.8258],[0.1894,49.681],[0.0904,49.5106],[0.3308,49.455],[0.0329,49.3337],[-0.2394,49.2855],[-0.4649,49.3514],[-1.0232,49.3985],[-1.1771,49.3325],[-1.2887,49.521],[-1.251,49.6999],[-1.5242,49.6528],[-1.9413,49.7093],[-1.8915,49.5264],[-1.639,49.2196],[-1.5634,49.0362],[-1.5914,48.6375],[-1.8576,48.6084],[-1.8706,48.7117],[-2.2001,48.599],[-2.3429,48.6741],[-2.6364,48.552],[-2.7905,48.5896],[-3.0912,48.8716],[-3.5577,48.8101],[-3.6079,48.693],[-3.9989,48.7305],[-4.762,48.552],[-4.7796,48.3548],[-4.3502,48.3905],[-4.3889,48.2984],[-4.3129,48.1013],[-4.7003,48.0638],[-4.3909,47.9418],[-4.3644,47.8293],[-3.9548,47.9043],[-3.8581,47.7918],[-3.7119,47.7981],[-3.0627,47.6039],[-2.8425,47.4919],[-2.6137,47.5722],[-2.4655,47.4944],[-2.5765,47.3249],[-2.4937,47.2469],[-2.1095,47.124],[-2.0046,47.0425],[-2.1297,46.8508],[-1.9425,46.7058],[-1.7107,46.4488],[-1.4027,46.4039],[-1.2561,46.3068],[-1.0752,46.0146],[-1.2365,45.8],[-1.2474,45.6881],[-1.1234,45.4316],[-1.2755,45.1287],[-1.3144,44.559],[-1.5614,43.5244],[-1.7461,43.3602],[-1.9146,43.3054],[-1.7024,43.1959],[-1.4914,43.2096],[-1.5577,43.0454],[-1.3973,43.0318],[-0.9074,42.8813],[-0.84,42.9087],[-0.612,42.7309],[-0.4099,42.7856],[-0.1656,42.6488],[0.1796,42.6625],[0.5919,42.6283],[0.5841,42.7719],[0.7442,42.7719],[1.3075,42.6352],[1.3644,42.4096],[1.7092,42.4233],[1.9937,42.3072],[2.1711,42.3823],[2.3632,42.2935],[2.9365,42.4096],[3.0871,42.3686],[3.0019,42.7708],[3.0679,42.9446],[3.4787,43.3121],[3.8075,43.4672],[4.0782,43.4871],[4.4168,43.3461],[4.6465,43.3209],[4.9098,43.3664],[5.0518,43.3281],[5.4345,43.1037],[5.8286,43.0208],[6.523,43.1509],[6.9231,43.4477],[7.2976,43.6673],[7.3971,43.7641],[7.3552,43.9015],[6.9228,43.815],[6.8857,43.9015],[6.9969,44.0497],[6.8363,44.1115],[6.7869,44.2968],[6.8698,44.3492],[6.7829,44.5479],[6.9247,44.715],[6.9426,44.8687],[6.6653,44.9545],[6.5073,45.1157],[6.2804,45.1986],[6.2187,45.3468],[5.9345,45.3221],[5.8234,45.3962],[5.9098,45.5074],[5.9469,45.8162],[5.8604,46.0263],[5.9415,46.1755],[6.049,46.2772],[6.0584,46.6161],[6.3815,46.8041],[6.3643,46.946],[6.6233,47.054],[6.8663,47.3102],[6.9219,47.5141],[7.3334,47.4647],[7.5066,47.6037],[7.446,47.7088],[7.5431,48.0242],[7.536,48.1913],[7.6806,48.3585],[7.7291,48.6156],[8.1583,48.9783],[7.8857,49.0652],[7.4654,49.0993],[7.4228,49.1831],[6.9747,49.1366],[6.9544,49.2017],[6.7772,49.1769],[6.433,49.4453],[5.8235,49.5071],[5.4754,49.4801],[5.4181,49.5826],[5.0977,49.7607],[4.8599,49.7822],[4.8771,49.8848],[4.6681,49.9604],[4.2846,49.911],[4.1563,49.9658],[4.2196,50.2422],[4.0509,50.3181],[3.675,50.3344],[3.6034,50.47],[3.2828,50.5243],[3.1228,50.8071],[2.8751,50.6818],[2.6157,50.8902],[2.5221,51.0911]]],[[[9.4322,42.7941],[9.0184,42.691],[8.6093,42.4873],[8.5004,42.3598],[8.6284,42.2617],[8.5107,42.1341],[8.6683,42.0287],[8.7424,41.8816],[8.6269,41.7321],[8.8233,41.688],[8.7269,41.5606],[9.0133,41.4577],[9.173,41.3499],[9.3045,41.5753],[9.3575,41.9012],[9.4525,42.0483],[9.4867,42.4064],[9.4055,42.5806],[9.4322,42.7941]]]]},"properties":{"NAME":"France","ABBREVN":"France","SUBJECTO":"France","BORDERPRECISION":3,"PARTOF":"France"}},
{"type":"Feature","geometry":{"type":"MultiPolygon","coordinates":[[[[14.0764,42.6338],[13.7136,42.3976],[13.5475,42.4308],[13.4147,42.3644],[13.5807,42.0987],[13.6471,41.7998],[13.863,41.75],[13.9294,41.6338],[13.9792,41.3349],[13.8132,41.3183],[13.7605,41.2067],[13.9419,40.998],[14.0509,40.7675],[14.3703,40.8515],[14.4946,40.73],[14.7433,40.7048],[14.951,40.5515],[15.0273,40.2122],[15.432,39.989],[15.6662,40.0919],[15.757,39.9336],[15.8247,39.6606],[15.9896,39.4284],[16.0826,39.0125],[16.2122,38.778],[15.9898,38.7348],[15.8273,38.6227],[15.9335,38.5399],[15.7909,38.2964],[15.6266,38.2331],[15.6275,38.0042],[15.7852,37.9097],[16.0529,37.9312],[16.3307,38.3207],[16.572,38.4571],[16.5222,38.725],[16.7977,38.9259],[17.0947,38.915],[17.1074,39.2805],[17.1491,39.4218],[16.5321,39.6975],[16.6239,39.9678],[16.6044,40.0899],[16.7276,40.1836],[16.9487,40.4811],[17.0841,40.5251],[17.2042,40.3979],[17.4017,40.2919],[17.8496,40.2435],[17.9677,40.1669],[18.0171,39.9479],[18.3649,39.7467],[18.5226,40.0941],[18.3836,40.3078],[18.0599,40.5135],[18.0339,40.5967],[16.946,41.0938],[15.991,41.4061],[15.8733,41.5021],[15.9891,41.6346],[16.1984,41.7457],[16.1874,41.8409],[16.0128,41.9043],[15.4486,41.8567],[14.9224,41.9718],[14.7385,42.0472],[14.72,42.1418],[14.5193,42.2297],[14.0764,42.6338]]],[[[14.9424,36.7386],[15.0273,36.7451],[15.3013,37.0579],[15.1162,37.2869],[15.1122,37.459],[15.181,37.6823],[15.4729,38.1101],[15.3867,38.2055],[14.7659,38.0576],[14.1345,37.9735],[13.8095,37.9664],[13.628,38.0298],[13.3225,38.2205],[13.066,38.0669],[12.7828,38.1174],[12.5166,37.9192],[12.4541,37.766],[12.6369,37.5815],[13.0116,37.5249],[13.8684,37.157],[14.2159,37.0493],[14.622,36.7761],[14.9424,36.7386]]]]},"properties":{"NAME":"Kingdom of the Two Sicilies","ABBREVN":"Sicily","SUBJECTO":"Kingdom of the Two Sicilies","BORDERPRECISION":3,"PARTOF":"Kingdom of the Two Sicilies"}},
{"type":"Feature","geometry":{"type":"Polygon","coordinates":[[[8.1583,48.9783],[8.4833,49.2938],[8.3104,49.5531],[7.9935,49.5819],[7.8206,49.7548],[7.8782,49.8989],[7.6448,49.9796],[7.5526,49.9796],[6.9993,49.6568],[7.0685,49.5416],[6.8841,49.4263],[6.9544,49.2017],[6.9747,49.1366],[7.4228,49.1831],[7.4654,49.0993],[7.8857,49.0652],[8.1583,48.9783]]]},"properties":{"NAME":"Palatinate","ABBREVN":"Palatinate","SUBJECTO":"Palatinate","BORDERPRECISION":3,"PARTOF":"Palatinate"}},
{"type":"Feature","geometry":{"type":"Polygon","coordinates":[[[8.5943,47.8894],[8.6825,47.97],[8.5121,48.1123],[8.5943,47.8894]]]},"properties":{"NAME":"Hohenzollern","ABBREVN":"Hohenzollern","SUBJECTO":"Hohenzollern","BORDERPRECISION":3,"PARTOF":"Hohenzollern"}},
{"type":"Feature","geometry":{"type":"Polygon","coordinates":[[[8.6351,47.7786],[8.5943,47.8894],[8.5121,48.1123],[8.3969,47.9106],[8.0223,48.4581],[8.3681,48.4869],[8.7427,48.8327],[8.8867,48.7751],[9.2613,49.0632],[9.4278,49.0949],[9.4713,49.2104],[9.6378,49.2939],[9.6381,49.5857],[9.4088,49.6691],[9.3045,49.6274],[9.1585,49.398],[9.0751,49.3772],[8.7415,49.398],[8.7207,49.5531],[8.3104,49.5531],[8.4833,49.2938],[8.1583,48.9783],[7.7291,48.6156],[7.6806,48.3585],[7.536,48.1913],[7.5431,48.0242],[7.446,47.7088],[7.5066,47.6037],[7.8727,47.5728],[8.6351,47.7786]]]},"properties":{"NAME":"Baden","ABBREVN":"Baden","SUBJECTO":"Baden","BORDERPRECISION":3,"PARTOF":"Baden"}},
{"type":"Feature","geometry":{"type":"Polygon","coordinates":[[[15.0093,51.0556],[14.7151,51.4106],[14.24,51.5357],[14.115,51.4857],[13.7149,51.4982],[13.0773,51.5732],[12.9273,51.5482],[12.6273,51.6107],[12.3647,51.4857],[12.2897,51.5732],[12.0647,51.5107],[12.0272,51.3481],[12.1272,51.2481],[12.0647,51.0231],[12.3522,50.8856],[12.2022,50.6855],[11.9897,50.6105],[11.8424,50.3274],[12.1147,50.173],[12.2523,50.2159],[12.4616,50.3981],[12.7837,50.4741],[12.9823,50.4741],[13.1894,50.561],[13.233,50.6638],[13.5242,50.7565],[13.8548,50.7674],[14.5964,51.023],[14.6103,50.8979],[14.9973,50.9169],[15.0093,51.0556]]]},"properties":{"NAME":"Saxony","ABBREVN":"Saxony","SUBJECTO":"Saxony","BORDERPRECISION":3,"PARTOF":"Saxony"}},
{"type":"Feature","geometry":{"type":"Polygon","coordinates":[[[9.9105,50.5017],[10.1317,50.3288],[10.2331,50.493],[9.9473,50.5881],[9.9105,50.5017]]]},"properties":{"NAME":"Prussia","ABBREVN":"Prussia","SUBJECTO":"Prussia","BORDERPRECISION":3,"PARTOF":"Prussia"}},
{"type":"Feature","geometry":{"type":"Polygon","coordinates":[[[11.2583,50.6987],[11.3427,50.506],[11.4482,50.4973],[11.4271,50.6549],[11.2583,50.6987]]]},"properties":{"NAME":"Prussia","ABBREVN":"Prussia","SUBJECTO":"Prussia","BORDERPRECISION":3,"PARTOF":"Prussia"}},
{"type":"Feature","geometry":{"type":"MultiPolygon","coordinates":[[[[10.8935,53.8844],[10.8687,53.724],[10.7227,53.6108],[10.9132,53.4316],[11.0807,53.6911],[10.9604,53.8984],[10.8935,53.8844]]],[[[12.8357,52.9417],[13.0943,52.6669],[13.3044,52.6507],[13.1428,52.877],[13.2721,53.0225],[13.5307,53.0871],[13.6116,53.2811],[13.7247,53.2811],[13.8055,53.6044],[13.4014,53.7014],[13.2559,53.5721],[13.0458,53.168],[12.7872,53.2488],[12.6417,53.0387],[12.8357,52.9417]]]]},"properties":{"NAME":"Mecklenburg-Strelitz","ABBREVN":"Mecklenburg","SUBJECTO":"Mecklenburg-Strelitz","BORDERPRECISION":3,"PARTOF":"Mecklenburg-Strelitz"}},
{"type":"Feature","geometry":{"type":"Polygon","coordinates":[[[8.3104,49.5531],[8.7207,49.5531],[8.7415,49.398],[9.0751,49.3772],[8.9709,49.4814],[8.8236,50.2293],[8.4152,50.0774],[8.198,50.0718],[7.737,50.1409],[7.6448,49.9796],[7.8782,49.8989],[7.8206,49.7548],[7.9935,49.5819],[8.3104,49.5531]]]},"properties":{"NAME":"Grand Duchy of Hesse","ABBREVN":"Grand Duchy","SUBJECTO":"Grand Duchy of Hesse","BORDERPRECISION":3,"PARTOF":"Grand Duchy of Hesse"}},
{"type":"Feature","geometry":{"type":"Polygon","coordinates":[[[8.4152,50.0774],[8.3642,50.1462],[8.402,50.2719],[8.2071,50.3129],[8.1763,50.59],[8.3655,50.6386],[8.1689,50.7972],[7.9711,50.6413],[7.7351,50.6618],[7.6633,50.3437],[7.737,50.1409],[8.198,50.0718],[8.4152,50.0774]]]},"properties":{"NAME":"Nassau","ABBREVN":"Nassau","SUBJECTO":"Nassau","BORDERPRECISION":3,"PARTOF":"Nassau"}},
{"type":"Feature","geometry":{"type":"Polygon","coordinates":[[[8.3655,50.6386],[8.1763,50.59],[8.2071,50.3129],[8.402,50.2719],[8.361,50.4053],[8.4123,50.6105],[8.3655,50.6386]]]},"properties":{"NAME":"Wetzlar","ABBREVN":"Wetzlar","SUBJECTO":"Wetzlar","BORDERPRECISION":3,"PARTOF":"Wetzlar"}},
{"type":"Feature","geometry":{"type":"Polygon","coordinates":[[[8.5347,51.079],[8.715,50.9491],[8.8381,51.0927],[8.8637,51.2569],[8.7201,51.3492],[8.5347,51.079]]]},"properties":{"NAME":"Waldeck","ABBREVN":"Waldeck","SUBJECTO":"Waldeck","BORDERPRECISION":3,"PARTOF":"Waldeck"}},
{"type":"Feature","geometry":{"type":"Polygon","coordinates":[[[8.833,52.1598],[8.4995,52.0367],[8.5918,51.7597],[8.8689,51.6571],[9.1729,51.6254],[9.1921,51.8007],[8.9869,51.7289],[8.9356,51.9957],[8.833,52.1598]]]},"properties":{"NAME":"Lippe-Detmold","ABBREVN":"Lippe","SUBJECTO":"Lippe-Detmold","BORDERPRECISION":3,"PARTOF":"Lippe-Detmold"}},
{"type":"Feature","geometry":{"type":"Polygon","coordinates":[[[9.3511,51.5982],[9.4722,51.644],[9.7836,51.5599],[10.1514,51.6365],[10.2108,51.6629],[9.9249,51.6739],[9.8259,51.8059],[9.5839,51.6739],[9.1921,51.8007],[9.1729,51.6254],[9.1613,51.5442],[9.3511,51.5982]]]},"properties":{"NAME":"Brunswick","ABBREVN":"Brunswick","SUBJECTO":"Brunswick","BORDERPRECISION":3,"PARTOF":"Brunswick"}},
{"type":"Feature","geometry":{"type":"Polygon","coordinates":[[[10.1617,51.4724],[10.4696,51.4892],[10.55,51.575],[10.1802,51.5964],[10.1617,51.4724]]]},"properties":{"NAME":"Brunswick","ABBREVN":"Brunswick","SUBJECTO":"Brunswick","BORDERPRECISION":3,"PARTOF":"Brunswick"}},
{"type":"Feature","geometry":{"type":"Polygon","coordinates":[[[10.4696,51.4892],[10.765,51.4437],[10.9727,51.5843],[10.6913,51.6178],[10.55,51.575],[10.4696,51.4892]]]},"properties":{"NAME":"Anhalt","ABBREVN":"Anhalt","SUBJECTO":"Anhalt","BORDERPRECISION":3,"PARTOF":"Anhalt"}},
{"type":"Feature","geometry":{"type":"Polygon","coordinates":[[[10.9604,53.8984],[11.0807,53.6911],[10.9132,53.4316],[10.7541,53.2892],[10.9384,53.239],[11.0807,52.971],[11.397,53.1518],[11.4617,53.0871],[11.8173,53.2165],[12.0921,53.2003],[12.7872,52.8932],[12.8357,52.9417],[12.6417,53.0387],[12.7872,53.2488],[13.0458,53.168],[13.2559,53.5721],[13.1428,53.7822],[12.771,53.7014],[12.9003,54.0247],[12.7063,54.0894],[12.4625,54.2548],[12.0411,54.0967],[11.565,54.0354],[11.4078,53.8593],[10.9604,53.8984]]]},"properties":{"NAME":"Mecklenburg-Schwerin","ABBREVN":"Mecklenburg","SUBJECTO":"Mecklenburg-Schwerin","BORDERPRECISION":3,"PARTOF":"Mecklenburg-Schwerin"}},
{"type":"Feature","geometry":{"type":"MultiPolygon","coordinates":[[[[11.8424,50.3274],[11.9897,50.6105],[12.2022,50.6855],[12.3522,50.8856],[12.0647,51.0231],[11.9508,50.8588],[11.7832,50.9147],[11.5598,51.1493],[11.4033,51.0711],[11.3028,51.2163],[10.8,51.1605],[10.6771,50.7247],[10.543,51.0823],[10.3196,51.004],[10.1185,51.004],[9.9286,51.1046],[9.8392,50.9147],[9.6828,50.8811],[9.6492,50.6912],[9.694,50.5049],[9.8883,50.378],[10.1177,50.0653],[10.4305,50.0653],[10.5764,49.961],[10.8683,49.961],[10.9518,50.2321],[10.8892,50.4406],[11.0361,50.531],[11.2828,50.4594],[11.3062,50.1904],[11.8424,50.3274]],[[11.2583,50.6987],[11.4271,50.6549],[11.4482,50.4973],[11.3427,50.506],[11.2583,50.6987]],[[9.9105,50.5017],[9.9473,50.5881],[10.2331,50.493],[10.1317,50.3288],[9.9105,50.5017]]],[[[10.3371,51.3491],[10.3111,51.1779],[10.6125,51.1556],[10.7242,51.364],[10.3371,51.3491]]]]},"properties":{"NAME":"Thuringia","ABBREVN":"Thuringia","SUBJECTO":"Thuringia","BORDERPRECISION":3,"PARTOF":"Thuringia"}},
{"type":"Feature","geometry":{"type":"Polygon","coordinates":[[[10.8837,53.8824],[10.6618,53.6852],[10.7227,53.6108],[10.8687,53.724],[10.8935,53.8844],[10.8837,53.8824]]]},"properties":{"NAME":"Lübeck","ABBREVN":"Lübeck","SUBJECTO":"Lübeck","BORDERPRECISION":3,"PARTOF":"Lübeck"}},
{"type":"Feature","geometry":{"type":"Polygon","coordinates":[[[10.7709,53.9309],[10.5768,53.8854],[10.6618,53.6852],[10.8837,53.8824],[10.7709,53.9309]]]},"properties":{"NAME":"Oldenburg","ABBREVN":"Oldenburg","SUBJECTO":"Oldenburg","BORDERPRECISION":3,"PARTOF":"Oldenburg"}},
{"type":"Feature","geometry":{"type":"Polygon","coordinates":[[[9.3511,51.5982],[9.4719,51.2593],[9.6487,51.3082],[10.1617,51.4724],[10.1802,51.5964],[10.1514,51.6365],[9.7836,51.5599],[9.4722,51.644],[9.3511,51.5982]]]},"properties":{"NAME":"Hanover","ABBREVN":"Hanover","SUBJECTO":"Hanover","BORDERPRECISION":3,"PARTOF":"Hanover"}},
{"type":"Feature","geometry":{"type":"Polygon","coordinates":[[[8.3642,50.1462],[8.4456,50.2273],[8.8599,50.2781],[9.078,50.5834],[8.78,50.7215],[8.4123,50.6105],[8.361,50.4053],[8.402,50.2719],[8.3642,50.1462]]]},"properties":{"NAME":"Grand Duchy of Hesse","ABBREVN":"Gr D of Hess","SUBJECTO":"Grand Duchy of Hesse","BORDERPRECISION":3,"PARTOF":"Grand Duchy of Hesse"}},
{"type":"Feature","geometry":{"type":"Polygon","coordinates":[[[8.8236,50.2293],[8.9096,50.3014],[9.171,50.2753],[9.694,50.5049],[9.6492,50.6912],[9.6828,50.8811],[9.8392,50.9147],[9.9286,51.1046],[9.6487,51.3082],[9.4719,51.2593],[9.3511,51.5982],[9.1613,51.5442],[8.9869,51.3185],[8.8637,51.2569],[8.8381,51.0927],[8.715,50.9491],[8.5347,51.079],[8.1689,50.7972],[8.3655,50.6386],[8.4123,50.6105],[8.78,50.7215],[9.078,50.5834],[8.8599,50.2781],[8.4456,50.2273],[8.3642,50.1462],[8.4152,50.0774],[8.8236,50.2293]]]},"properties":{"NAME":"Electoral Hesse","ABBREVN":"Elect. Hesse","SUBJECTO":"Electoral Hesse","BORDERPRECISION":3,"PARTOF":"Electoral Hesse"}},
{"type":"Feature","geometry":{"type":"Polygon","coordinates":[[[7.875,53.6337],[7.9475,53.3438],[7.6888,53.0024],[7.6888,52.63],[7.8854,52.6714],[8.0199,52.5472],[7.9992,52.4438],[8.3199,52.3921],[8.3406,52.6714],[8.4647,52.6921],[8.5061,53.0335],[8.6602,53.0265],[8.5578,53.1576],[8.4233,53.2611],[8.5018,53.449],[8.3057,53.5254],[8.0987,53.4439],[7.875,53.6337]]]},"properties":{"NAME":"Oldenburg","ABBREVN":"Oldenburg","SUBJECTO":"Oldenburg","BORDERPRECISION":3,"PARTOF":"Oldenburg"}},
{"type":"Feature","geometry":{"type":"Polygon","coordinates":[[[8.5578,53.1576],[8.6602,53.0265],[8.744,53.0852],[8.5578,53.1576]]]},"properties":{"NAME":"Bremen","ABBREVN":"Bremen","SUBJECTO":"Bremen","BORDERPRECISION":3,"PARTOF":"Bremen"}},
{"type":"Feature","geometry":{"type":"Polygon","coordinates":[[[8.5162,53.761],[8.5619,53.7453],[8.5856,53.7931],[8.5162,53.761]]]},"properties":{"NAME":"Cuxhaven","ABBREVN":"Cuxhaven","SUBJECTO":"Cuxhaven","BORDERPRECISION":3,"PARTOF":"Cuxhaven"}},
{"type":"Feature","geometry":{"type":"Polygon","coordinates":[[[8.884,54.2294],[9.0562,54.3486],[9.4487,54.1887],[9.674,54.1887],[10.1417,54.3368],[9.978,54.4901],[9.8644,54.7263],[9.496,54.9383],[8.6161,54.8874],[8.596,54.7614],[8.9506,54.4186],[8.884,54.2294]]]},"properties":{"NAME":"Schleswig","ABBREVN":"Schleswig","SUBJECTO":"Schleswig","BORDERPRECISION":3,"PARTOF":"Schleswig"}},
{"type":"Feature","geometry":{"type":"Polygon","coordinates":[[[9.1921,51.8007],[9.5839,51.6739],[9.8259,51.8059],[9.9249,51.6739],[10.2108,51.6629],[10.1931,51.7652],[10.5113,51.8824],[10.5783,52.2425],[10.5029,52.3514],[10.5281,52.7366],[10.7039,52.8203],[10.9216,52.7784],[11.1477,52.8119],[11.0807,52.971],[10.9384,53.239],[10.7541,53.2892],[10.9132,53.4316],[10.7227,53.6108],[10.6618,53.6852],[10.5768,53.8854],[10.3573,53.7598],[10.3573,53.6145],[9.943,53.5999],[10.0229,53.4546],[9.7523,53.5032],[9.376,53.5708],[9.125,53.7905],[8.8485,53.7497],[8.5856,53.7931],[8.5619,53.7453],[8.5162,53.761],[8.4287,53.612],[8.5018,53.449],[8.4233,53.2611],[8.5578,53.1576],[8.744,53.0852],[8.6602,53.0265],[8.5061,53.0335],[8.4647,52.6921],[8.3406,52.6714],[8.3199,52.3921],[7.9992,52.4438],[8.0199,52.5472],[7.8854,52.6714],[7.6888,52.63],[7.6888,53.0024],[7.9475,53.3438],[7.875,53.6337],[7.1656,53.5917],[7.0373,53.5101],[6.9807,53.3167],[7.1599,53.164],[7.228,52.9667],[7.0729,52.8043],[7.0348,52.6235],[6.7781,52.6399],[6.7136,52.4757],[7.069,52.3663],[7.0682,52.2726],[7.2169,52.2214],[7.6376,52.4882],[7.8633,52.3445],[7.9044,52.0367],[8.3148,52.0983],[8.4687,52.3137],[8.4174,52.4471],[8.6431,52.4882],[8.7868,52.365],[8.8504,52.1948],[8.833,52.1598],[8.9356,51.9957],[8.9869,51.7289],[9.1921,51.8007]]]},"properties":{"NAME":"Hanover","ABBREVN":"Hanover","SUBJECTO":"Hanover","BORDERPRECISION":3,"PARTOF":"Hanover"}},
{"type":"Feature","geometry":{"type":"Polygon","coordinates":[[[9.125,53.7905],[9.376,53.5708],[9.7523,53.5032],[9.943,53.5999],[10.3573,53.6145],[10.3573,53.7598],[10.5768,53.8854],[10.7709,53.9309],[11.0159,54.0967],[11.0386,54.3133],[10.6486,54.259],[10.3402,54.3623],[10.1417,54.3368],[9.674,54.1887],[9.4487,54.1887],[9.0562,54.3486],[8.884,54.2294],[8.7788,54.1324],[8.9463,54.015],[8.8571,53.867],[9.125,53.7905]]]},"properties":{"NAME":"Holstein","ABBREVN":"Holstein","SUBJECTO":"Holstein","BORDERPRECISION":3,"PARTOF":"Holstein"}},
{"type":"Feature","geometry":{"type":"Polygon","coordinates":[[[9.943,53.5999],[9.7523,53.5032],[10.0229,53.4546],[9.943,53.5999]]]},"properties":{"NAME":"Hamburg","ABBREVN":"Hamburg","SUBJECTO":"Hamburg","BORDERPRECISION":3,"PARTOF":"Hamburg"}},
{"type":"Feature","geometry":{"type":"Polygon","coordinates":[[[11.0591,51.5575],[11.2452,51.658],[11.8034,51.5649],[11.997,51.5947],[11.9858,51.7398],[12.1607,51.8403],[11.9337,52.0934],[11.7923,52.0562],[11.3903,51.7696],[11.0666,51.7473],[11.0591,51.5575]]]},"properties":{"NAME":"Anhalt","ABBREVN":"Anhalt","SUBJECTO":"Anhalt","BORDERPRECISION":3,"PARTOF":"Anhalt"}},
{"type":"Feature","geometry":{"type":"Polygon","coordinates":[[[8.7868,52.365],[8.7704,52.2423],[8.8504,52.1948],[8.7868,52.365]]]},"properties":{"NAME":"Schaumburg-Lippe","ABBREVN":"Westphalia","SUBJECTO":"Schaumburg-Lippe","BORDERPRECISION":3,"PARTOF":"Schaumburg-Lippe"}},
{"type":"Feature","geometry":{"type":"Polygon","coordinates":[[[8.1689,50.7972],[8.5347,51.079],[8.7201,51.3492],[8.8637,51.2569],[8.9869,51.3185],[9.1613,51.5442],[9.1729,51.6254],[8.8689,51.6571],[8.5918,51.7597],[8.4995,52.0367],[8.833,52.1598],[8.8504,52.1948],[8.7704,52.2423],[8.7868,52.365],[8.6431,52.4882],[8.4174,52.4471],[8.4687,52.3137],[8.3148,52.0983],[7.9044,52.0367],[7.8633,52.3445],[7.6376,52.4882],[7.2169,52.2214],[7.0682,52.2726],[6.8822,52.1257],[6.8246,51.9564],[6.3814,51.8199],[6.2114,51.8799],[5.9794,51.8035],[6.1169,51.6399],[6.2223,51.3891],[5.9642,51.0243],[6.0739,50.8666],[6.0102,50.7594],[6.2814,50.4976],[6.2984,50.2869],[6.1085,50.1175],[6.1366,49.982],[6.3215,49.8416],[6.5309,49.7984],[6.3995,49.6042],[6.433,49.4453],[6.7772,49.1769],[6.9544,49.2017],[6.8841,49.4263],[7.0685,49.5416],[6.9993,49.6568],[7.5526,49.9796],[7.6448,49.9796],[7.737,50.1409],[7.6633,50.3437],[7.7351,50.6618],[7.9711,50.6413],[8.1689,50.7972]]]},"properties":{"NAME":"Prussia","ABBREVN":"Prussia","SUBJECTO":"Prussia","BORDERPRECISION":3,"PARTOF":"Prussia"}},
{"type":"Feature","geometry":{"type":"Polygon","coordinates":[[[-1.0813,32.4539],[0.8732,31.9859],[6.2692,31.8735],[8.0208,33.0203],[7.8174,33.0636],[7.666,33.4123],[7.5306,33.8119],[7.5812,34.041],[8.2177,34.5848],[8.291,34.7695],[8.3126,35.0112],[8.2771,35.6795],[8.272,36.3228],[8.3237,36.5206],[8.6315,36.8027],[8.6367,36.8853],[7.9132,36.7752],[7.719,36.9533],[7.5449,37.0421],[7.307,37.0608],[6.923,36.8178],[6.7705,36.8621],[6.3229,37.0906],[6.0474,36.8416],[5.3827,36.6745],[5.1445,36.6677],[4.3946,36.8382],[3.7412,36.8369],[3.3238,36.6512],[3.07,36.6189],[2.8099,36.7139],[2.5244,36.5732],[2.2938,36.5408],[1.5797,36.5139],[1.0576,36.4619],[0.7812,36.3849],[0.4744,36.225],[0.1987,36.0333],[0.0153,35.8037],[-0.0917,35.7398],[-0.283,35.7585],[-0.4288,35.8601],[-0.9175,35.668],[-1.1467,35.6294],[-1.3291,35.4889],[-1.4951,35.2339],[-1.7383,35.1188],[-2.193,35.0542],[-2.0766,34.8257],[-1.8233,34.7],[-1.7382,34.6051],[-1.664,34.2051],[-1.6811,33.2578],[-1.6102,33.0485],[-1.3409,32.694],[-1.1126,32.5491],[-1.0813,32.4539]]]},"properties":{"NAME":"Algiers","ABBREVN":"Algiers","SUBJECTO":"Algiers","BORDERPRECISION":3,"PARTOF":"Algiers"}},
{"type":"Feature","geometry":{"type":"Polygon","coordinates":[[[8.0208,33.0203],[9.4169,33.3349],[10.4126,33.6311],[10.1487,33.8784],[10.0195,34.0815],[10.1164,34.2342],[10.574,34.6481],[10.8394,34.8012],[11.1251,35.2406],[10.989,35.6223],[10.8308,35.6793],[10.6026,35.8889],[10.5115,36.0862],[10.5092,36.2136],[10.6334,36.424],[10.9201,36.6539],[11.0394,36.909],[11.0238,37.0683],[10.8433,36.9915],[10.5806,36.7934],[10.3928,36.7166],[10.2715,36.7546],[10.1327,37.1047],[10.0214,37.2001],[9.7322,37.2824],[9.4161,37.2754],[9.1503,37.1729],[8.8655,36.9684],[8.6367,36.8853],[8.6315,36.8027],[8.3237,36.5206],[8.272,36.3228],[8.2771,35.6795],[8.3126,35.0112],[8.291,34.7695],[8.2177,34.5848],[7.5812,34.041],[7.5306,33.8119],[7.666,33.4123],[7.8174,33.0636],[8.0208,33.0203]]]},"properties":{"NAME":"Tunis","ABBREVN":"Tunis","SUBJECTO":"Tunis","BORDERPRECISION":3,"PARTOF":"Tunis"}},
{"type":"Feature","geometry":{"type":"Polygon","coordinates":[[[34.4638,9.7466],[36.5304,9.7306],[38.9384,9.7197],[39.4561,10.3669],[39.0678,12.6966],[39.0032,14.4275],[38.8784,14.6235],[38.8072,14.5166],[38.6112,14.4275],[38.2548,14.3918],[38.0053,14.6591],[37.8984,14.6591],[37.7203,14.8017],[37.1501,14.4453],[36.9363,14.4097],[36.8115,14.2493],[36.4767,14.2665],[36.4093,13.8028],[36.2299,13.2489],[35.8795,13.1035],[35.6658,12.6228],[35.4796,12.4565],[35.1674,11.9462],[35.0979,11.7933],[35.0119,11.3035],[34.9,10.9827],[34.7546,10.8131],[34.4262,10.728],[34.3668,10.5465],[34.3183,10.1344],[34.3668,9.9163],[34.4638,9.7466]]]},"properties":{"NAME":"Ethiopia","ABBREVN":"Ethiopia","SUBJECTO":"Ethiopia","BORDERPRECISION":3,"PARTOF":"Ethiopia"}},
{"type":"Feature","geometry":{"type":"Polygon","coordinates":[[[23.1614,-9.9513],[23.4842,-10.0435],[24.3143,-9.9974],[24.9138,-9.7207],[25.4211,-8.5217],[25.3289,-7.9222],[25.0522,-7.6916],[23.8992,-7.7377],[23.5303,-7.9222],[23.1614,-8.5678],[23.1614,-9.9513]]]},"properties":{"NAME":"Lunda","ABBREVN":"Lunda","SUBJECTO":"Lunda","BORDERPRECISION":3,"PARTOF":"Lunda"}},
{"type":"Feature","geometry":{"type":"Polygon","coordinates":[[[18.9009,-9.9433],[19.3589,-10.8995],[20.0629,-10.4178],[20.137,-10.0473],[19.8406,-9.7138],[19.3589,-9.6027],[18.9883,-9.7509],[18.9009,-9.9433]]]},"properties":{"NAME":"Imbangala","ABBREVN":"Imbangala","SUBJECTO":"Imbangala","BORDERPRECISION":3,"PARTOF":"Imbangala"}},
{"type":"Feature","geometry":{"type":"Polygon","coordinates":[[[16.8447,14.3665],[16.7103,14.6803],[15.1481,14.3962],[14.5327,13.7808],[12.7338,14.4909],[11.5977,14.0649],[12.4971,12.2187],[15.8108,11.982],[16.8429,14.3277],[16.8447,14.3665]]]},"properties":{"NAME":"Bornu-Kanem","ABBREVN":"Bornu","SUBJECTO":"Bornu-Kanem","BORDERPRECISION":3,"PARTOF":"Bornu-Kanem"}},
{"type":"Feature","geometry":{"type":"Polygon","coordinates":[[[11.5977,14.0649],[7.1595,16.0392],[2.4996,15.4475],[1.4641,13.6723],[2.7215,9.6041],[4.7186,7.681],[8.8607,8.1988],[12.1892,7.3112],[13.2987,7.755],[13.6686,8.2727],[13.0029,9.826],[12.4971,12.2187],[11.5977,14.0649]]]},"properties":{"NAME":"Fulani Empire","ABBREVN":"Fulani Empir","SUBJECTO":"Fulani Empire","BORDERPRECISION":3,"PARTOF":"Fulani Empire"}},
{"type":"Feature","geometry":{"type":"Polygon","coordinates":[[[-13.1643,8.8508],[-13.1449,8.7221],[-12.9273,8.6273],[-12.9902,8.4555],[-13.2125,8.347],[-12.8692,7.9728],[-12.5131,7.7258],[-12.2741,7.631],[-12.2639,7.3514],[-12.0468,7.2629],[-11.7494,7.0793],[-11.4654,6.8439],[-11.046,7.3087],[-11.4645,8.6332],[-13.0312,9.0018],[-13.1643,8.8508]]]},"properties":{"NAME":"Sierra Leone","ABBREVN":"Sierra Leone","SUBJECTO":"Sierra Leone","BORDERPRECISION":3,"PARTOF":"Sierra Leone"}},
{"type":"Feature","geometry":{"type":"Polygon","coordinates":[[[34.1463,31.2086],[33.917,31.0701],[33.5576,30.9677],[33.1296,31.0517],[33.0214,31.1321],[32.7687,30.9516],[32.5972,30.9639],[32.3094,31.084],[32.0765,31.0137],[31.8081,31.1783],[31.7174,31.3878],[31.3923,31.4443],[30.996,31.4689],[30.4761,31.3153],[30.0991,31.2319],[29.6831,31.0532],[29.2488,30.7537],[28.9664,30.7848],[28.5172,30.9618],[27.9194,30.9987],[27.7633,31.1826],[27.0881,31.3067],[26.1433,31.4906],[25.7895,31.4898],[25.2582,31.4379],[26.0048,30.7076],[29.4257,22.6638],[30.6686,21.9181],[31.6447,21.2769],[32.6617,20.9996],[35.2505,21.3694],[36.8001,21.9149],[36.6604,22.1665],[36.4732,22.3377],[36.2902,22.5724],[36.1114,22.6483],[35.7463,22.9143],[35.5759,23.2317],[35.4685,23.7207],[35.4879,23.7906],[35.7247,23.9118],[35.1899,24.3999],[34.9974,24.7172],[34.5148,25.5739],[34.1042,26.3545],[33.9288,26.5638],[33.8041,26.9321],[33.5669,27.37],[33.3542,27.9095],[32.9347,28.3788],[32.6493,28.7658],[32.5906,28.9372],[32.3185,29.5402],[32.4384,29.7755],[32.648,29.8522],[32.7373,29.6935],[32.9438,29.1984],[33.1785,28.9956],[33.3307,28.5512],[33.5041,28.3292],[33.856,28.025],[34.058,27.7903],[34.2412,27.7589],[34.322,27.829],[34.5489,28.7316],[34.7643,29.2467],[34.9355,29.4181],[34.5603,30.2039],[34.1463,31.2086]]]},"properties":{"NAME":"Egypt","ABBREVN":"Egypt","SUBJECTO":"Egypt","BORDERPRECISION":3,"PARTOF":"Egypt"}},
{"type":"Feature","geometry":{"type":"Polygon","coordinates":[[[12.117,32.8785],[12.4134,32.4643],[14.7249,30.2453],[15.6495,30.5227],[18.8854,30.2212],[18.5372,30.4137],[17.9572,30.7684],[17.709,30.8949],[17.4216,30.996],[16.7825,31.1281],[16.3184,31.1653],[15.8433,31.285],[15.5334,31.5512],[15.3581,31.805],[15.2414,32.1733],[15.0098,32.3634],[14.7908,32.363],[14.4334,32.4639],[14.157,32.6794],[13.4588,32.7796],[13.1871,32.7918],[12.7989,32.7338],[12.5648,32.7396],[12.117,32.8785]]]},"properties":{"NAME":"Tripolitania","ABBREVN":"Tripolitania","SUBJECTO":"Tripolitania","BORDERPRECISION":3,"PARTOF":"Tripolitania"}},
{"type":"Feature","geometry":{"type":"Polygon","coordinates":[[[19.3188,30.2554],[20.3648,30.3378],[21.1969,31.0775],[22.1215,31.0775],[23.7424,32.0641],[23.1533,32.1388],[23.0267,32.2529],[23.0073,32.4816],[22.9228,32.5577],[22.5431,32.7221],[22.216,32.7913],[21.6734,32.8156],[21.0545,32.6301],[20.5155,32.3875],[20.3657,32.2982],[20.0684,32.0371],[19.9615,31.7955],[19.9416,31.6112],[19.9921,31.3508],[20.1167,31.0715],[20.1168,30.9571],[19.9815,30.7217],[19.6639,30.4415],[19.3188,30.2554]]]},"properties":{"NAME":"Cyrenaica","ABBREVN":"Cyrenaica","SUBJECTO":"Cyrenaica","BORDERPRECISION":3,"PARTOF":"Cyrenaica"}},
{"type":"Feature","geometry":{"type":"Polygon","coordinates":[[[41.8125,21.7126],[41.799,23.1134],[42.4166,25.0896],[43.8988,25.9543],[46.9868,25.5837],[49.7042,24.4103],[49.3954,26.0778],[48.469,26.6954],[47.6721,28.4432],[47.4386,28.8293],[46.5092,28.9701],[46.9051,29.4376],[45.8697,29.856],[44.839,29.9934],[44.0832,30.337],[40.0291,34.391],[39.342,34.5972],[38.0364,34.5972],[37.2119,33.5665],[36.5248,31.1615],[36.5935,29.7873],[37.3635,27.9574],[38.8141,24.8414],[40.6475,24.1528],[41.0704,22.2627],[41.8125,21.7126]]]},"properties":{"NAME":null,"ABBREVN":null,"SUBJECTO":null,"BORDERPRECISION":3,"PARTOF":null}},
{"type":"Feature","geometry":{"type":"Polygon","coordinates":[[[56.2816,25.4624],[56.1129,25.2175],[56.1129,24.3042],[56.3815,23.8207],[57.4022,22.5314],[57.6171,22.1553],[57.6171,21.5106],[57.241,20.8122],[57.3485,20.1138],[57.8386,19.0348],[57.7784,19.3142],[57.7776,19.67],[57.8061,20.172],[57.9313,20.4009],[58.0444,20.433],[58.4031,20.3575],[58.512,20.4212],[58.8614,21.1145],[59.2588,21.4774],[59.5357,21.8021],[59.8373,22.2792],[59.8257,22.3745],[59.4614,22.5389],[59.2543,22.729],[59.0216,23.0208],[58.6285,23.4583],[58.4647,23.5088],[58.0807,23.5016],[57.9042,23.5711],[57.1462,23.9825],[56.7942,24.2676],[56.6108,24.4769],[56.4054,24.8195],[56.4063,25.3087],[56.2816,25.4624]]]},"properties":{"NAME":"Oman","ABBREVN":"Oman","SUBJECTO":"Oman","BORDERPRECISION":3,"PARTOF":"Oman"}},
{"type":"Feature","geometry":{"type":"Polygon","coordinates":[[[41.9226,20.7665],[43.5954,20.0601],[45.3683,18.6096],[51.7613,19.9526],[53.0506,20.3824],[53.373,20.7585],[53.2655,21.833],[53.0506,22.1553],[51.6538,22.5851],[50.9554,23.2835],[50.5688,23.8545],[49.7042,24.4103],[46.9868,25.5837],[43.8988,25.9543],[42.4166,25.0896],[41.799,23.1134],[41.8125,21.7126],[41.9226,20.7665]]]},"properties":{"NAME":"Nejd","ABBREVN":"Nejd","SUBJECTO":"Nejd","BORDERPRECISION":3,"PARTOF":"Nejd"}},
{"type":"Feature","geometry":{"type":"Polygon","coordinates":[[[46.8777,13.4739],[46.7113,13.9357],[46.3353,14.0968],[45.2608,13.8282],[44.5087,14.0968],[43.488,16.6218],[42.7637,16.6455],[42.8839,15.9849],[42.7635,15.667],[42.7959,15.4701],[43.2069,14.0795],[43.3476,13.851],[43.384,13.5652],[43.3028,13.241],[43.4836,12.93],[43.8406,12.6639],[44.0627,12.6136],[44.4405,12.6398],[44.6811,12.8246],[44.9636,12.8252],[45.1934,12.9337],[45.396,13.0739],[45.6925,13.3478],[45.8259,13.4052],[46.6012,13.4005],[46.8777,13.4739]]]},"properties":{"NAME":"Yemen","ABBREVN":"Yemen","SUBJECTO":"Yemen","BORDERPRECISION":3,"PARTOF":"Yemen"}},
{"type":"Feature","geometry":{"type":"Polygon","coordinates":[[[50.9683,24.4362],[50.5688,23.8545],[50.9554,23.2835],[51.6538,22.5851],[53.0506,22.1553],[53.2655,21.833],[53.373,20.7585],[53.0506,20.3824],[51.7613,19.9526],[45.3683,18.6096],[43.5954,20.0601],[41.9226,20.7665],[40.8198,19.6847],[41.033,19.2849],[41.3992,18.4406],[41.6286,18.0472],[42.0094,17.7367],[42.2065,17.5147],[42.5353,17.0707],[42.7637,16.6455],[43.488,16.6218],[44.5087,14.0968],[45.2608,13.8282],[46.3353,14.0968],[46.7113,13.9357],[46.8777,13.4739],[47.3696,13.6691],[48.0362,14.0454],[48.2701,14.0776],[48.5367,14.0464],[48.7646,14.0977],[48.9604,14.2189],[49.1732,14.4989],[49.3338,14.6327],[49.7129,14.7733],[50.2911,14.9588],[51.3126,15.2469],[51.9504,15.5405],[52.1352,15.6871],[52.2376,16.1003],[52.6522,16.4887],[52.8943,16.61],[53.6813,16.8975],[54.0843,17.0191],[54.4069,17.0452],[54.7561,16.9507],[54.9106,16.9701],[55.1948,17.1486],[55.2904,17.6761],[55.3895,17.8097],[55.5611,17.9372],[56.0128,17.9318],[56.2576,17.9768],[56.4576,18.0916],[56.5494,18.2188],[56.6086,18.4667],[56.7389,18.6894],[56.9043,18.8168],[57.1862,18.9381],[57.657,18.9709],[57.8386,19.0348],[57.3485,20.1138],[57.241,20.8122],[57.6171,21.5106],[57.6171,22.1553],[57.4022,22.5314],[56.3815,23.8207],[56.1129,24.3042],[56.1129,25.2175],[56.2816,25.4624],[56.2148,25.5433],[56.405,25.8614],[56.3671,26.2361],[56.0155,25.7716],[55.5305,25.373],[55.4572,25.4202],[55.0908,25.02],[54.7708,24.7335],[54.5922,24.3773],[54.4874,24.3443],[54.3471,24.1545],[54.0165,24.0505],[53.6868,23.9875],[53.0757,24.0872],[52.9394,24.0244],[52.6716,24.0747],[52.4812,24.0557],[52.383,24.1082],[52.2546,23.9875],[51.9456,23.9455],[51.7646,24.0029],[51.5859,24.0032],[51.5229,24.1607],[51.2914,24.2814],[51.2878,24.4108],[51.5589,24.8157],[51.6062,24.9873],[51.5529,25.1015],[51.5391,25.4202],[51.5867,25.6091],[51.5059,25.8453],[51.3888,25.8873],[51.3577,26.029],[51.217,26.0665],[51.0688,25.9455],[50.8473,25.2652],[50.8962,24.9096],[50.9649,24.7127],[50.9683,24.4362]]]},"properties":{"NAME":null,"ABBREVN":null,"SUBJECTO":null,"BORDERPRECISION":3,"PARTOF":null}},
{"type":"Feature","geometry":{"type":"Polygon","coordinates":[[[69.0533,31.6258],[68.9466,31.5871],[68.4962,31.7559],[68.2427,31.7672],[67.9918,31.6578],[67.8287,31.5363],[67.6837,31.2244],[67.5699,31.1857],[67.0481,31.2399],[66.9208,31.2074],[66.4666,30.843],[66.3817,30.6901],[66.2773,30.2959],[66.2328,29.8893],[66.0906,29.7361],[65.6105,29.6128],[64.6449,29.4485],[64.0893,29.3945],[63.48,29.4546],[62.9464,29.3563],[62.3686,29.3847],[61.5031,29.602],[60.8205,29.8333],[61.2043,30.2987],[61.5878,30.6565],[61.7792,30.9052],[61.6936,31.2666],[61.5132,31.3417],[60.88,31.4842],[60.7938,31.5789],[60.7295,31.9277],[60.6542,32.505],[60.5401,32.9932],[60.5554,33.0631],[60.8531,33.4838],[60.8414,33.5662],[60.4658,33.7164],[60.4192,34.078],[60.6873,34.2509],[60.787,34.3848],[61.0077,34.9573],[61.1563,35.4731],[61.2213,35.5816],[61.1187,35.9054],[61.0969,36.5416],[61.014,36.6366],[60.6599,36.6028],[60.3463,36.6074],[59.2405,37.4478],[58.9716,37.5992],[58.6749,37.6739],[58.095,37.728],[57.4065,37.9917],[57.2255,38.1882],[56.5173,38.2607],[56.1309,38.0483],[55.3557,38.0377],[55.1697,37.9729],[54.9558,37.8252],[54.6761,37.5307],[54.4666,37.3958],[54.2139,37.3371],[54.0151,37.3483],[54.0674,36.9415],[53.9845,36.7819],[53.7997,36.679],[53.139,36.6435],[52.6022,36.5769],[51.7955,36.4323],[51.417,36.4557],[50.561,36.6864],[50.2522,36.8948],[50.0387,37.2247],[49.848,37.2682],[49.4758,37.2916],[49.0595,37.3976],[48.8372,37.511],[48.7448,37.727],[48.8092,37.9886],[48.825,38.3096],[48.9882,38.7192],[48.9457,38.8362],[49.0521,38.9319],[49.0414,39.1447],[49.1797,39.1447],[49.3393,39.283],[49.4882,39.2936],[49.4031,39.4851],[49.5414,39.8786],[49.5733,40.1765],[49.9137,40.3254],[50.3073,40.3254],[50.4243,40.4105],[50.1902,40.5701],[49.8073,40.5807],[49.6052,40.6871],[49.6052,40.7615],[49.3499,40.953],[49.2435,41.2934],[48.9989,41.5168],[48.8925,41.687],[48.5004,41.9287],[48.4195,42.0905],[48.2217,42.2794],[47.9699,42.5941],[47.844,42.6211],[47.7901,42.8548],[47.5653,43.0077],[47.6013,43.3224],[47.4934,43.5832],[47.1948,43.3759],[47.2486,42.7849],[48.2237,41.4711],[47.9883,41.2189],[47.8181,41.1977],[47.3501,41.304],[47.3501,41.4423],[47.2224,41.57],[46.914,41.7508],[46.8501,41.8359],[46.6693,41.8146],[46.4991,41.9636],[46.0417,42.0487],[45.7545,42.2508],[45.8609,42.4741],[45.8077,42.538],[45.4779,42.5486],[45.2971,42.6763],[44.978,42.772],[44.8716,42.6656],[44.6695,42.7614],[44.4142,42.7294],[44.2972,42.6124],[43.9568,42.5912],[42.8784,41.5455],[43.4753,41.0874],[43.8473,40.75],[43.8589,40.6604],[43.6697,40.2946],[43.6845,40.1091],[43.8124,40.0139],[44.4481,39.9599],[44.6696,39.757],[44.6373,39.6622],[44.3489,39.6095],[44.3449,39.4144],[44.0821,39.2945],[44.0648,39.1733],[44.1832,38.8715],[44.1283,38.7029],[44.2291,38.4816],[44.447,38.3849],[44.2052,37.8674],[44.4918,37.7543],[44.4268,37.6442],[44.4712,37.4546],[44.6601,37.2862],[44.7842,37.2704],[44.7946,37.1318],[45.3881,35.9256],[45.7304,35.832],[46.211,35.7838],[46.0007,35.5154],[45.9949,35.4009],[46.1844,35.0584],[45.6709,34.6173],[45.565,34.2738],[45.5062,33.7973],[45.6464,33.6393],[46.1051,33.2101],[46.0899,32.8417],[46.5085,32.8123],[47.0676,32.3963],[47.2636,32.3022],[47.612,32.0311],[47.793,31.7972],[47.7869,31.5685],[47.6982,31.2886],[47.6887,30.8821],[48.0335,30.8777],[48.107,30.6686],[48.0813,30.3953],[48.5536,29.9946],[48.7138,30],[48.8013,30.0827],[48.9457,30.3879],[49.2222,30.4775],[49.2351,30.2234],[49.3214,30.1029],[49.511,30.0207],[49.7178,30.0021],[50.1324,30.0664],[50.3598,29.7429],[50.7047,29.4006],[50.7025,29.1338],[50.7968,29.0133],[51.3501,28.0361],[51.6113,27.827],[51.9616,27.7769],[52.4104,27.581],[52.6338,27.3146],[52.8908,27.0523],[53.3807,26.9096],[53.6339,26.7479],[54.0649,26.7014],[54.6461,26.3913],[54.7599,26.4106],[54.9255,26.538],[55.0981,26.7374],[55.3401,26.7994],[55.4249,26.9631],[55.8053,27.0051],[55.8997,27.1048],[56.4309,27.1066],[56.6678,27.0499],[56.7904,26.9739],[56.9291,26.7519],[56.935,26.4645],[57.0663,26.3075],[57.1124,26.0762],[57.2451,26.0185],[57.2548,25.7933],[57.4649,25.7048],[57.8051,25.6483],[57.9005,25.5409],[58.7444,25.536],[59.0315,25.3079],[59.3021,25.3402],[59.6546,25.3219],[60.2982,25.3232],[60.4796,25.2982],[60.7522,25.1844],[60.8583,25.0957],[61.344,25.0269],[61.8133,25.0533],[62.4496,25.1626],[63.4035,25.1646],[63.6503,25.3366],[64.0592,25.401],[64.2383,25.2108],[64.425,25.1731],[64.8512,25.2058],[65.2157,25.2701],[65.7688,25.3093],[66.3001,25.4947],[66.4323,25.4886],[66.6205,25.3175],[66.7005,25.1144],[66.6481,24.9046],[66.7017,24.7523],[67.7707,25.8085],[67.6096,26.668],[67.6633,27.8499],[68.3617,28.2797],[69.275,28.3872],[69.3197,28.9352],[69.0448,29.43],[69.0533,31.6258]]]},"properties":{"NAME":"Persia","ABBREVN":"Persia","SUBJECTO":"Persia","BORDERPRECISION":3,"PARTOF":"Persia"}},
{"type":"Feature","geometry":{"type":"Polygon","coordinates":[[[103.6214,14.4108],[102.9357,14.1498],[102.3603,13.5078],[102.7521,12.3981],[102.6121,12.0958],[102.5298,12.1484],[102.6585,12.0661],[102.9626,11.3679],[103.0396,10.898],[103.192,10.9046],[103.4001,11.0385],[103.5249,11.0578],[103.6523,10.8802],[103.6703,10.7659],[103.5249,10.5242],[103.6069,10.4735],[103.831,10.474],[104.0031,10.5379],[104.1603,10.5192],[104.3872,10.3144],[104.5218,10.4441],[104.8126,10.5475],[105.2241,10.785],[105.4937,10.8882],[105.7172,10.8832],[106.0271,10.7961],[106.09,11.0061],[105.8341,11.2015],[105.7368,11.3915],[105.8425,11.5827],[106.2881,11.8394],[106.9419,12.1419],[107.2114,12.226],[107.3845,12.3541],[107.4823,12.5833],[107.4578,13.0659],[107.5146,13.422],[107.3097,13.878],[107.2967,14.1765],[107.387,14.5569],[106.8414,14.3159],[106.5109,14.5412],[106.0456,14.3871],[106.1435,14.0904],[106.1313,13.9598],[105.8619,13.9716],[105.1273,14.221],[104.356,14.3278],[103.6214,14.4108]]]},"properties":{"NAME":"Cambodia","ABBREVN":"Cambodia","SUBJECTO":"Cambodia","BORDERPRECISION":3,"PARTOF":"Cambodia"}},
{"type":"Feature","geometry":{"type":"Polygon","coordinates":[[[106.7044,10.4484],[106.09,11.0061],[106.0271,10.7961],[105.7172,10.8832],[105.4937,10.8882],[105.2241,10.785],[104.8126,10.5475],[104.5218,10.4441],[104.3872,10.3144],[104.7649,10.1774],[104.9785,9.9809],[104.9873,9.8221],[104.8904,9.6948],[104.8224,9.4723],[104.7425,8.4937],[104.9071,8.475],[105.2084,8.6535],[105.5031,9.029],[105.6908,9.1247],[105.9266,9.1888],[106.1184,9.3353],[106.2293,9.5516],[106.482,9.5521],[106.6563,9.7431],[106.7486,10.0673],[106.7044,10.4484]]]},"properties":{"NAME":"Cochin China","ABBREVN":"Cochin China","SUBJECTO":"Cochin China","BORDERPRECISION":3,"PARTOF":"Cochin China"}},
{"type":"Feature","geometry":{"type":"Polygon","coordinates":[[[107.8756,21.4621],[107.7866,21.5263],[107.3775,21.5747],[107.0981,21.6493],[106.6734,21.9262],[106.5506,22.0905],[106.5074,22.3252],[106.7198,22.6629],[106.6945,22.8342],[106.588,22.9288],[106.2381,22.9077],[105.9411,22.9314],[105.594,23.0373],[105.3134,23.296],[104.9446,23.1034],[104.6314,22.854],[104.4781,22.7832],[104.115,22.7303],[103.3973,22.7071],[103.2478,22.6554],[102.9851,22.4698],[102.8388,22.5134],[102.5704,22.6896],[102.417,22.6951],[102.1855,22.6366],[101.9679,22.5337],[102.1706,22.1984],[102.4464,21.9397],[102.6907,21.6681],[102.8429,21.2499],[102.9929,20.9396],[103.2662,20.7444],[103.4779,20.6567],[103.6071,20.6829],[103.8361,20.9001],[104.0112,20.9773],[104.1291,20.9399],[104.3241,20.6363],[104.7158,20.2004],[104.7197,19.9719],[104.6051,19.8252],[104.3585,19.7158],[104.1446,19.7463],[104.0048,19.701],[103.8801,19.5352],[103.8993,19.3131],[104.5277,18.9358],[104.8122,18.7216],[105.4127,18.0837],[106.1698,17.1293],[106.4264,16.7181],[106.6382,16.4843],[106.9463,16.3083],[107.1075,16.1696],[107.1686,15.9921],[107.0671,15.7946],[107.0998,15.6678],[107.3381,15.4533],[107.434,15.257],[107.4634,14.9968],[107.387,14.5569],[107.2967,14.1765],[107.3097,13.878],[107.5146,13.422],[107.4578,13.0659],[107.4823,12.5833],[107.3845,12.3541],[107.2114,12.226],[106.9419,12.1419],[106.2881,11.8394],[105.8425,11.5827],[105.7368,11.3915],[105.8341,11.2015],[106.09,11.0061],[106.7044,10.4484],[106.7732,10.6392],[107.0356,10.4364],[107.2657,10.348],[107.412,10.3674],[107.6729,10.5268],[107.9387,10.8069],[108.1643,10.9662],[108.6959,11.1452],[108.8973,11.3426],[109.0734,11.6352],[109.0484,11.9338],[109.0909,12.1181],[109.0684,12.4865],[109.3071,12.9063],[109.0711,14.17],[108.9178,14.7923],[108.7861,15.0906],[108.4989,15.3631],[108.3631,15.6233],[108.2361,16.0804],[108.0953,16.2516],[107.8092,16.2827],[107.692,16.3714],[107.115,16.9546],[106.6223,17.3284],[106.4331,17.5503],[106.3938,17.6645],[106.3644,18.0075],[105.8641,18.4892],[105.5326,18.8442],[105.707,19.2829],[105.8434,19.7024],[105.9649,19.8805],[106.3809,20.1101],[106.7716,20.6381],[106.7462,20.8159],[106.807,20.905],[107.3743,20.8808],[107.4658,20.9763],[107.4178,21.1858],[107.8756,21.4621]]]},"properties":{"NAME":"Annam","ABBREVN":"Annam","SUBJECTO":"Annam","BORDERPRECISION":3,"PARTOF":"Annam"}},
{"type":"Feature","geometry":{"type":"Polygon","coordinates":[[[47.3907,11.1593],[46.721,8.4268],[45.3569,6.8529],[45.252,5.8036],[45.941,3.5023],[46.2254,2.5523],[46.3605,2.6678],[47.384,3.7948],[47.5564,3.9926],[48.0782,4.6668],[48.4716,5.2014],[48.7918,5.7041],[48.9495,5.9904],[49.0461,6.4163],[49.421,6.989],[49.8229,7.6952],[49.7772,7.854],[49.8319,7.9939],[50.2108,8.3505],[50.7794,9.3684],[50.8527,9.5973],[50.8868,10.2773],[51.0557,10.5064],[51.1298,10.7099],[51.0703,10.9893],[51.0605,11.2435],[51.247,11.6569],[51.1807,11.7774],[50.9687,11.8787],[50.6973,11.948],[50.0809,11.4764],[49.6472,11.3294],[49.3035,11.246],[48.9703,11.2326],[48.5337,11.3333],[47.9962,11.1161],[47.8073,11.0967],[47.3907,11.1593]]]},"properties":{"NAME":"Somalia","ABBREVN":"Somalia","SUBJECTO":"Somalia","BORDERPRECISION":3,"PARTOF":"Somalia"}},
{"type":"Feature","geometry":{"type":"Polygon","coordinates":[[[45.941,3.5023],[43.8879,2.0262],[41.0549,-0.597],[38.7464,-3.9546],[38.2218,-6.1581],[38.9038,-10.7749],[40.524,-10.5501],[40.3869,-10.3725],[39.8382,-10.0051],[39.6576,-9.7957],[39.5768,-9.5417],[39.3918,-8.735],[39.4004,-8.3092],[39.4777,-7.9976],[39.4243,-7.8961],[39.2701,-7.8011],[39.4372,-7.3305],[39.5554,-7.1713],[39.5664,-7.0442],[39.2209,-6.7844],[38.9215,-6.3402],[38.8724,-6.0925],[38.9338,-5.6348],[39.1225,-5.037],[39.2673,-4.7762],[39.4174,-4.7314],[39.5298,-4.6167],[39.6814,-4.3241],[39.6401,-4.0827],[40.074,-3.4717],[40.2344,-3.1917],[40.2713,-2.8167],[40.4485,-2.6447],[40.7498,-2.5932],[40.8769,-2.4277],[40.9154,-2.0781],[41.0886,-2.1286],[41.3393,-2.0518],[41.6099,-1.8767],[41.6522,-1.7525],[41.6073,-1.5937],[41.8842,-1.2182],[42.4401,-0.5116],[42.9148,-0.017],[43.7243,0.8003],[44.3007,1.2908],[44.5675,1.463],[45.5413,1.9671],[46.2254,2.5523],[45.941,3.5023]]]},"properties":{"NAME":"Zanzibar","ABBREVN":"Zanzibar","SUBJECTO":"Zanzibar","BORDERPRECISION":3,"PARTOF":"Zanzibar"}},
{"type":"Feature","geometry":{"type":"Polygon","coordinates":[[[38.9038,-10.7749],[39.5334,-12.2439],[39.7433,-13.7129],[39.6383,-15.2868],[39.2186,-15.7065],[37.6447,-16.0213],[36.3856,-16.9657],[35.5462,-16.9657],[34.287,-15.9164],[33.3427,-15.7065],[33.9722,-16.6509],[34.8117,-17.5952],[34.9166,-18.3297],[34.1821,-18.5396],[33.9722,-18.9593],[34.0772,-20.0086],[34.4969,-23.2613],[35.2974,-23.825],[35.4254,-23.4561],[35.5309,-22.4581],[35.5118,-22.1848],[35.3714,-22.2805],[35.2608,-22.2743],[35.2016,-21.9503],[34.9942,-21.2707],[35.1072,-20.9845],[35.0225,-20.8131],[34.699,-20.5722],[34.7262,-19.8604],[34.8468,-19.8029],[35.9148,-19.0316],[36.3136,-18.6495],[36.8923,-18],[37.2753,-17.7132],[37.8639,-17.4513],[38.1927,-17.3489],[38.859,-17.0552],[39.4713,-16.717],[39.7951,-16.424],[40.3858,-15.7363],[40.5741,-15.4817],[40.6102,-15.3545],[40.5274,-15.1831],[40.781,-14.922],[40.8554,-14.6994],[40.8486,-14.5786],[40.6183,-14.4838],[40.5992,-14.4012],[40.6033,-13.5306],[40.5339,-13.3083],[40.3658,-12.9909],[40.4818,-12.8444],[40.527,-12.5838],[40.4455,-12.0819],[40.4504,-11.8722],[40.3925,-11.5482],[40.3113,-11.345],[40.5364,-11.0267],[40.6195,-10.766],[40.524,-10.5501],[38.9038,-10.7749]]]},"properties":{"NAME":"Portuguese East Africa","ABBREVN":"Port E Afric","SUBJECTO":"Portuguese East Africa","BORDERPRECISION":3,"PARTOF":"Portuguese East Africa"}},
{"type":"Feature","geometry":{"type":"MultiPolygon","coordinates":[[[[59.4472,45.1876],[59.2853,45.2752],[59.1333,45.1945],[59.0464,44.9547],[59.2379,44.7966],[59.461,45.0552],[59.4472,45.1876]]],[[[77.4923,41.0564],[77.6892,41.0193],[78.1107,41.0728],[78.4013,41.228],[78.6883,41.5433],[78.8706,41.6788],[79.6731,41.9011],[80.1093,41.9996],[80.2788,42.1543],[80.2023,42.6284],[80.2109,42.8081],[80.3551,42.9885],[80.6725,43.2342],[80.7721,43.3825],[80.7186,43.5941],[80.4329,44.0746],[80.4195,44.6855],[80.2017,44.7487],[80.0368,44.7221],[79.9324,44.8052],[80.06,45.0378],[80.2366,45.1226],[81.0459,45.2368],[81.6903,45.3566],[81.9152,45.2738],[82.4251,45.1668],[82.6019,45.2],[82.7765,45.3754],[82.7197,45.5043],[82.4399,45.7355],[82.5013,45.9234],[82.8275,46.5532],[83.0595,47.0667],[83.2517,47.2949],[84.3362,47.0541],[84.9671,47.0185],[85.4776,47.0927],[85.678,47.269],[85.7486,47.4446],[85.6526,47.7625],[85.6092,48.1003],[85.7619,48.3614],[85.9544,48.4862],[86.4945,48.5281],[86.7621,48.6533],[86.7827,48.9923],[86.9081,49.1104],[87.1522,49.1769],[87.7584,49.1997],[87.9377,49.2528],[88.2973,49.444],[88.5667,49.5368],[89.1909,49.5728],[89.4621,49.6395],[89.7963,49.8164],[90,50.1276],[90,50.3067],[91.1017,50.4605],[91.7817,50.6744],[92.1597,50.7553],[93.008,50.6415],[93.3234,50.6206],[94.2104,51.3201],[93.5674,52.3489],[91.124,52.4774],[84.4369,50.5485],[81.4791,50.2913],[78.65,50.8057],[77.0583,52.2327],[75.4633,51.6632],[71.8843,51.7417],[66.5306,50.6366],[72.9517,45.0337],[76.7365,43.364],[73.7766,42.9748],[74.8926,42.6901],[76.9791,41.7197],[77.4923,41.0564]],[[78.8229,46.7948],[79.0842,46.8101],[79.222,46.7204],[79.0228,46.4475],[78.8898,46.3699],[78.4654,46.3924],[78.1606,46.3187],[77.8654,46.4287],[77.7258,46.4071],[77.4293,46.4997],[77.1039,46.4542],[76.7418,46.532],[76.2385,46.5549],[75.448,46.4983],[75.2122,46.4266],[75.0932,46.4609],[74.8881,46.3766],[74.7714,46.1078],[74.5499,46.0059],[74.278,46.0041],[74.2895,45.6506],[74.1006,45.5369],[74.151,45.3173],[74.1356,45.0702],[73.8397,45.2639],[73.4437,45.657],[73.7371,46.0127],[73.6455,46.15],[73.9495,46.2884],[74.0943,46.4278],[74.2798,46.4702],[74.5242,46.6229],[74.6254,46.7521],[74.9394,46.8168],[75.4268,46.7375],[75.8259,46.8181],[76.2031,46.78],[76.4963,46.6355],[76.6684,46.6734],[77.266,46.6114],[77.69,46.6586],[78.1363,46.5949],[78.4765,46.6246],[78.6303,46.747],[78.8229,46.7948]]]]},"properties":{"NAME":"central Asian khanates","ABBREVN":"central Asian khanates","SUBJECTO":"central Asian khanates","BORDERPRECISION":3,"PARTOF":"central Asian khanates"}},
{"type":"Feature","geometry":{"type":"Polygon","coordinates":[[[124.1339,39.8431],[124.4911,40.2796],[124.7251,40.4277],[125.415,40.6997],[125.8795,40.945],[126.1655,41.1894],[126.4742,41.6515],[126.8493,41.7175],[126.9724,41.5391],[127.4228,41.3562],[127.8615,41.3777],[128.0985,41.4494],[127.8493,41.8445],[127.8608,41.9982],[127.984,42.1076],[128.1603,42.1342],[128.31,42.0774],[128.7555,42.0606],[129.0345,42.1774],[129.4645,42.4166],[129.5682,42.7374],[129.7405,42.8985],[129.9656,42.9574],[130.2259,42.6513],[130.8397,42.8853],[131.0695,43.0788],[131.1396,43.2266],[131.1467,43.868],[131.1184,44.163],[130.9692,44.5668],[130.9905,44.8174],[131.7395,45.2593],[131.9178,45.2409],[132.5314,45.0315],[132.7776,44.9877],[132.989,45.1436],[133.3848,45.6488],[133.6667,46.1347],[133.909,46.6144],[134.1653,47.3346],[134.7174,47.6942],[134.7097,47.9213],[134.6284,48.2131],[134.5178,48.2644],[134.1117,48.2493],[133.5803,48.1555],[132.9694,48.0159],[132.2687,47.7784],[130.9245,47.7323],[130.8074,47.9329],[130.4758,48.8996],[130.3836,48.9642],[129.1866,49.3421],[128.5012,49.4557],[127.94,49.6092],[127.712,49.6993],[127.5159,49.8744],[127.099,50.7306],[126.6756,51.4451],[126.1864,52.5181],[125.8527,52.9465],[125.5092,53.1568],[125.2666,53.1688],[124.6432,53.1125],[124.336,53.197],[123.8694,53.4134],[123.3526,53.5103],[122.3987,53.4389],[122.0224,53.3838],[121.1878,53.3197],[120.7022,53.1845],[119.9965,52.7038],[119.9427,52.591],[120.5636,52.6142],[120.7731,52.4763],[120.8211,52.3642],[120.746,52.0071],[120.129,51.7334],[119.8598,51.4881],[119.3722,50.8933],[119.1823,50.7017],[119.1639,50.5244],[119.3217,50.3677],[119.2912,50.125],[118.9403,49.9725],[117.842,49.6338],[117.4905,49.5863],[116.9841,49.8446],[116.566,50.0056],[116.2862,49.9976],[115.7337,49.864],[115.1937,49.9983],[114.8555,50.2259],[114.5226,50.2963],[114.0983,50.2743],[113.5744,50.0552],[113.2347,49.8312],[113.0331,49.6539],[112.5245,49.462],[111.3783,49.319],[110.1999,49.241],[109.424,49.2955],[109.0169,49.4042],[108.4235,49.5185],[108.0583,49.6862],[107.5491,49.8271],[106.6685,50.3135],[106.3229,50.4167],[105.1551,50.4433],[104.7969,50.4086],[103.6808,50.1664],[103.3779,50.2173],[102.639,50.4562],[102.2657,50.809],[102.1842,51.0256],[102.1822,51.2692],[102.1174,51.3611],[101.7724,51.4252],[101.0112,51.6717],[99.7582,51.9027],[99.2954,51.9465],[98.9176,52.037],[97.6101,52.1481],[97.3194,52.8265],[95.8658,53.7955],[95.1874,53.7955],[93.5674,52.3489],[94.2104,51.3201],[93.3234,50.6206],[93.008,50.6415],[92.1597,50.7553],[91.7817,50.6744],[91.1017,50.4605],[90,50.3067],[90,50.1276],[89.7963,49.8164],[89.4621,49.6395],[89.1909,49.5728],[88.5667,49.5368],[88.2973,49.444],[87.9377,49.2528],[87.7584,49.1997],[87.1522,49.1769],[86.9081,49.1104],[86.7827,48.9923],[86.7621,48.6533],[86.4945,48.5281],[85.9544,48.4862],[85.7619,48.3614],[85.6092,48.1003],[85.6526,47.7625],[85.7486,47.4446],[85.678,47.269],[85.4776,47.0927],[84.9671,47.0185],[84.3362,47.0541],[83.2517,47.2949],[83.0595,47.0667],[82.8275,46.5532],[82.5013,45.9234],[82.4399,45.7355],[82.7197,45.5043],[82.7765,45.3754],[82.6019,45.2],[82.4251,45.1668],[81.9152,45.2738],[81.6903,45.3566],[81.0459,45.2368],[80.2366,45.1226],[80.06,45.0378],[79.9324,44.8052],[80.0368,44.7221],[80.2017,44.7487],[80.4195,44.6855],[80.4329,44.0746],[80.7186,43.5941],[80.7721,43.3825],[80.6725,43.2342],[80.3551,42.9885],[80.2109,42.8081],[80.2023,42.6284],[80.2788,42.1543],[80.1093,41.9996],[79.6731,41.9011],[78.8706,41.6788],[78.6883,41.5433],[78.4013,41.228],[78.1107,41.0728],[77.6892,41.0193],[77.4923,41.0564],[77.1277,41.125],[77.0204,41.1116],[76.8107,40.8993],[76.6021,40.5463],[76.4816,40.437],[76.0836,40.3772],[75.8556,40.3121],[75.7009,40.3368],[75.5917,40.6239],[75.43,40.6102],[74.6484,40.2798],[74.0087,39.9632],[73.8271,39.7837],[73.7599,39.4201],[73.7702,38.9559],[73.677,38.8557],[73.712,38.7187],[73.8583,38.5415],[74.0666,38.5618],[74.1692,38.6344],[74.5798,38.5901],[74.7029,38.5207],[74.8355,38.2985],[74.8443,38.0602],[74.9347,37.9998],[74.8782,37.8074],[74.9884,37.7009],[74.9201,37.5389],[75.0102,37.4655],[74.8928,37.2704],[74.7333,37.2094],[74.6468,37.144],[74.3884,37.1704],[74.3927,37.0493],[74.5205,37.0046],[74.7091,36.8914],[74.8358,36.9861],[75.218,36.9124],[75.3468,36.7651],[75.6278,36.769],[75.8915,36.5125],[75.8946,36.287],[75.7544,36.0548],[75.8897,36.0232],[76.0923,35.7984],[76.4339,35.8865],[76.8154,35.5604],[77.4171,35.5134],[77.6202,35.4064],[77.8462,35.4748],[77.8462,35.243],[78.1443,34.5475],[78.5086,34.4978],[78.8067,34.1997],[78.5749,34.0176],[78.6245,33.5042],[78.757,33.4049],[79.08,33.3618],[79.1409,33.2449],[79.447,33.2003],[79.4004,33.0143],[79.5653,32.7018],[79.1362,32.4116],[78.9705,32.3893],[78.8188,32.5084],[78.804,32.672],[78.4507,32.5828],[78.5211,32.2703],[78.7818,32.0024],[78.7349,31.8015],[78.8576,31.6378],[78.7607,31.5411],[78.8053,31.3477],[78.8943,31.3179],[79.1088,31.4593],[79.2813,31.3477],[79.6286,30.9682],[79.7921,31.0203],[80.2772,30.7599],[80.2252,30.5962],[80.5651,30.4846],[80.6344,30.5144],[81.0213,30.2465],[81.1293,30.0531],[81.264,30.0307],[81.3883,30.1721],[81.4487,30.4028],[81.6557,30.4548],[82.1417,30.3656],[82.2009,30.0903],[82.5912,29.9712],[82.9176,29.7034],[83.1298,29.6066],[83.1974,29.6662],[83.402,29.5397],[83.6978,29.1825],[83.7689,29.2569],[84.0884,29.309],[84.2185,29.2346],[84.2983,29.0635],[84.267,28.937],[84.9203,28.5352],[85.0699,28.6469],[85.2166,28.6394],[85.138,28.4608],[85.1442,28.3418],[85.5648,28.312],[85.7292,28.3418],[85.972,28.1186],[86.0357,27.9103],[86.1422,27.9549],[86.1379,28.1186],[86.4457,27.9475],[86.568,27.9847],[86.6039,28.1335],[86.7872,28.1335],[87.0707,28.007],[87.2144,27.8433],[87.5965,27.8731],[87.7496,27.821],[87.9023,27.9475],[88.1973,27.8758],[88.5641,27.9794],[88.7307,27.8661],[88.7072,27.4788],[88.8026,27.181],[89.3655,27.8761],[89.6397,28.1189],[89.8634,28.2725],[90,28.2799],[90,28.0535],[91.1522,28.0324],[91.319,28.0143],[91.4596,27.9199],[91.6078,27.6415],[91.693,27.6864],[92.0461,27.7011],[92.3673,27.7981],[92.5461,27.9198],[93.0514,28.4177],[93.2956,28.5841],[93.669,28.7005],[94.1662,29.027],[94.4117,29.1617],[94.5717,29.2007],[94.7005,29.1253],[95.1393,28.9818],[95.309,29.0018],[95.9286,29.3798],[96.4553,28.8815],[96.4758,28.7102],[96.2546,28.3853],[97.0596,28.2186],[97.3404,28.1821],[97.4785,28.3923],[97.603,28.4121],[97.83,28.2865],[98.0087,28.0908],[98.1181,27.6852],[98.216,27.5461],[98.5717,27.5418],[98.6372,27.4787],[98.7254,26.7367],[98.7337,26.3432],[98.5754,25.9551],[98.3823,25.6302],[98.1072,25.3938],[97.888,25.2719],[97.5241,24.8],[97.6312,24.2736],[97.5309,24.0127],[97.5306,23.8921],[97.6952,23.8796],[98.1368,24.0988],[98.6988,24.1465],[98.7692,24.0898],[98.894,23.2968],[98.985,23.1513],[99.234,23.1845],[99.4689,23.1414],[99.4836,23.0209],[99.1559,22.3078],[99.2086,22.1494],[99.3109,22.1056],[99.7555,22.1272],[99.8867,21.9565],[100.0402,21.6209],[100.3208,21.4638],[100.6122,21.5353],[100.8947,21.7211],[100.945,21.55],[101.0937,21.354],[101.2385,21.2596],[101.5842,21.2235],[101.7038,21.3194],[101.7529,21.4721],[101.6995,21.7067],[101.5969,21.8712],[101.535,22.1375],[101.5544,22.2837],[101.6624,22.3923],[101.9679,22.5337],[102.1855,22.6366],[102.417,22.6951],[102.5704,22.6896],[102.8388,22.5134],[102.9851,22.4698],[103.2478,22.6554],[103.3973,22.7071],[104.115,22.7303],[104.4781,22.7832],[104.6314,22.854],[104.9446,23.1034],[105.3134,23.296],[105.594,23.0373],[105.9411,22.9314],[106.2381,22.9077],[106.588,22.9288],[106.6945,22.8342],[106.7198,22.6629],[106.5074,22.3252],[106.5506,22.0905],[106.6734,21.9262],[107.0981,21.6493],[107.3775,21.5747],[107.7866,21.5263],[107.8756,21.4621],[108.1167,21.4985],[108.2659,21.4734],[108.3873,21.5309],[108.4666,21.7851],[108.555,21.8234],[108.813,21.4936],[109.1174,21.399],[109.3219,21.4312],[109.4143,21.5648],[109.5161,21.5968],[109.7798,21.483],[109.7868,21.4068],[109.6081,21.057],[109.6029,20.8792],[109.7116,20.5682],[109.9283,20.2447],[110.2713,20.3153],[110.4337,20.4363],[110.0772,20.8675],[110.2026,21.0964],[110.2388,21.2807],[110.5664,21.2306],[110.7496,21.3771],[111.0856,21.4794],[111.4342,21.4611],[111.5361,21.4931],[111.734,21.7095],[111.8312,21.7541],[112.0395,21.6593],[112.3079,21.6789],[112.4725,21.7301],[112.7495,21.7561],[112.8153,21.8261],[112.8713,22.0612],[113.0967,21.9791],[113.2837,22.0303],[113.3777,22.1639],[113.4193,22.5705],[113.3766,22.6466],[113.4626,22.7739],[113.7168,22.4822],[113.8452,22.4634],[113.9891,22.5527],[114.3039,22.6486],[114.5375,22.6745],[114.5587,22.4649],[114.8478,22.51],[115.0435,22.5994],[115.1855,22.7458],[115.3088,22.7714],[115.7067,22.6389],[115.86,22.8361],[116.3406,22.9133],[116.4002,22.9833],[116.4039,23.1993],[116.7091,23.346],[116.9627,23.5562],[117.4059,23.6905],[117.8491,24.0471],[117.7961,24.4217],[117.9249,24.5617],[118.3456,24.4673],[118.5312,24.69],[118.8129,24.8494],[119.0959,25.4407],[119.3354,25.5301],[119.4703,25.7717],[119.436,26.0383],[119.5549,26.2672],[119.4289,26.5908],[119.6007,26.6928],[119.857,26.706],[119.9714,26.7888],[120.0841,26.9859],[120.3518,27.177],[120.5059,27.5901],[120.6865,27.8699],[121.0086,28.277],[121.1659,28.1249],[121.2597,28.1823],[121.3585,28.3857],[121.3458,28.5444],[121.4325,28.8367],[121.6492,29.3197],[121.4115,29.3446],[121.3619,29.4144],[121.6704,29.6245],[121.7703,29.8343],[121.5652,29.8466],[121.3913,29.9224],[121.1552,30.1886],[120.8627,30.188],[120.4379,29.9966],[119.9437,30.1162],[120.2269,30.2502],[120.6087,30.3462],[121.0355,30.5947],[121.3284,30.6905],[121.5689,30.7101],[121.6402,30.9261],[121.4989,31.2814],[121.2683,31.4523],[121.6233,31.6182],[121.606,31.8276],[121.4837,31.948],[121.2305,32.0618],[121.0508,32.328],[120.7383,32.4607],[120.6609,32.5431],[120.7194,32.848],[120.6406,33.0446],[120.3403,33.3361],[120.1494,33.8943],[119.9736,34.1352],[119.2999,34.5909],[119.0209,34.6919],[119.0032,34.9395],[119.0602,35.0413],[119.6888,35.545],[119.9073,35.7681],[119.9756,35.9336],[119.9138,36.1434],[120.1393,36.1948],[120.2697,35.9851],[120.5048,36.0556],[120.5373,36.3865],[120.8555,36.5844],[121.6099,36.8342],[121.8467,36.8602],[122.2556,36.7337],[122.2813,36.982],[122.3929,37.3006],[121.8948,37.376],[121.4343,37.3368],[121.1898,37.4255],[120.7874,37.7049],[120.6581,37.7365],[120.1694,37.5763],[119.9407,37.3529],[119.5989,37.1166],[119.2844,37.046],[118.9546,37.0771],[118.837,37.2042],[118.8116,37.4461],[118.8673,37.7074],[118.8752,37.9494],[118.7446,38.0638],[118.2003,38.0436],[117.8407,38.1639],[117.5895,38.2845],[117.4395,38.6028],[117.5751,38.9153],[117.7529,39.2025],[118.0699,39.2542],[118.2746,38.9996],[118.5593,39.1723],[118.7813,39.1664],[118.9776,39.2241],[119.0906,39.3391],[119.2107,39.639],[119.3855,39.8434],[119.8238,40.0422],[120.1127,40.0811],[120.2727,40.1518],[120.7884,40.6838],[121.0106,40.8507],[121.4267,40.8643],[121.7536,40.737],[122.0824,40.488],[122.1079,40.3537],[121.789,40.0781],[121.6681,39.9054],[121.2394,39.5538],[121.2822,39.3499],[121.449,39.3821],[121.6602,39.3315],[121.5118,39.1719],[121.1237,38.8651],[121.2165,38.757],[121.4884,38.8786],[121.7432,39.0894],[122.0275,39.2558],[123.0391,39.6722],[123.3664,39.7494],[124.1339,39.8431]]]},"properties":{"NAME":"Manchu Empire","ABBREVN":"Qing Empire","SUBJECTO":"Manchu Empire","BORDERPRECISION":3,"PARTOF":"Manchu Empire"}},
{"type":"Feature","geometry":{"type":"Polygon","coordinates":[[[-2.193,35.0542],[-2.7148,35.0977],[-2.8299,35.1421],[-3.009,35.39],[-3.4408,35.1663],[-4.0279,35.1332],[-4.593,35.1512],[-5.1718,35.4238],[-5.4794,35.8052],[-5.565,35.8623],[-5.9288,35.7279],[-6.302,34.8614],[-6.5115,34.4543],[-6.753,34.1234],[-7.004,33.875],[-7.3326,33.6964],[-8.3144,33.3385],[-8.6403,33.1217],[-9.2187,32.5804],[-9.2223,32.2562],[-9.3176,31.9637],[-9.6353,31.5754],[-9.8133,31.2891],[-9.8578,31.0602],[-9.817,30.7552],[-9.625,30.4061],[-9.6027,30.1837],[-9.6626,29.9548],[-9.8696,29.643],[-10.3393,29.1463],[-8.5932,28.6414],[-8.2845,28.783],[-4.95,28.8566],[-1.7136,28.3942],[-1.3437,29.0415],[-1.7136,30.0587],[-1.2343,31.989],[-1.0813,32.4539],[-1.1126,32.5491],[-1.3409,32.694],[-1.6102,33.0485],[-1.6811,33.2578],[-1.664,34.2051],[-1.7382,34.6051],[-1.8233,34.7],[-2.0766,34.8257],[-2.193,35.0542]]]},"properties":{"NAME":"Morocco","ABBREVN":"Morocco","SUBJECTO":"Morocco","BORDERPRECISION":3,"PARTOF":"Morocco"}},
{"type":"Feature","geometry":{"type":"MultiPolygon","coordinates":[[[[-50.4763,-1.6788],[-50.225,-1.7354],[-49.9368,-1.6585],[-49.3471,-1.6445],[-49.1381,-1.5678],[-48.8857,-1.4211],[-48.7556,-1.2811],[-48.6398,-1.0584],[-48.5528,-0.6324],[-48.4019,-0.3907],[-48.5458,-0.3211],[-48.9773,-0.2076],[-49.1427,-0.1953],[-49.3582,-0.2847],[-50.2068,-0.1912],[-50.5014,-0.2617],[-50.6167,-0.8911],[-50.5743,-1.177],[-50.6466,-1.2661],[-50.6115,-1.4376],[-50.4763,-1.6788]]],[[[-58.5751,6.9844],[-58.5589,7.3149],[-58.6166,7.4991],[-58.8811,7.7972],[-59.1938,8.0317],[-59.8344,8.4402],[-60.2125,8.5633],[-60.5389,8.6007],[-60.9567,8.5871],[-61.2706,8.5102],[-61.7647,8.5828],[-61.2899,8.7707],[-61.1937,8.8726],[-61.1211,9.1651],[-60.7927,9.3882],[-61.0015,9.5212],[-61.4147,9.6983],[-61.5309,9.8506],[-61.9166,9.9069],[-62.1033,10.0209],[-62.1864,9.9572],[-62.2969,9.7218],[-62.3846,10.014],[-62.6585,10.2549],[-62.9253,10.3687],[-62.9143,10.5467],[-62.3356,10.5352],[-62.2032,10.6181],[-62.2897,10.7323],[-62.7031,10.7569],[-63.6531,10.6913],[-63.8566,10.7099],[-64.0683,10.6268],[-64.5374,10.2635],[-64.7118,10.1615],[-64.8837,10.1357],[-65.3759,10.1537],[-65.5965,10.2168],[-65.9767,10.4066],[-66.1565,10.6223],[-66.4781,10.6788],[-67.5209,10.6003],[-67.9796,10.5421],[-68.1411,10.5799],[-68.3025,10.7257],[-68.3724,11.0116],[-68.5491,11.2654],[-68.6946,11.3795],[-68.9613,11.4679],[-69.4807,11.5494],[-69.6289,11.5406],[-69.7429,11.6566],[-69.7863,11.9396],[-69.87,12.0123],[-69.9735,12.2284],[-70.1385,12.209],[-70.2903,12.1133],[-70.3393,11.9988],[-70.1974,11.7512],[-69.9228,11.79],[-69.7915,11.693],[-69.7478,11.5335],[-70.1224,11.4909],[-70.1614,11.3899],[-71.0984,11.1201],[-71.5482,10.9493],[-71.4563,10.8847],[-71.4956,10.6462],[-71.1839,10.0458],[-71.0894,9.9189],[-71.0144,9.6267],[-71.0442,9.3915],[-71.3694,9.143],[-71.6047,9.0916],[-71.758,9.2502],[-71.8705,9.574],[-72,9.6882],[-72.114,9.904],[-71.8959,10.4401],[-71.7487,10.6039],[-71.688,10.7693],[-71.757,11.0297],[-71.8382,11.1514],[-71.9879,11.6076],[-71.9228,11.703],[-71.5936,11.8436],[-71.1887,11.9116],[-71.0606,12.0608],[-71.1305,12.2132],[-71.4368,12.4223],[-71.6979,12.4281],[-71.9089,12.3513],[-72.0588,12.2366],[-72.1838,11.9885],[-72.3797,11.8101],[-72.7614,11.6949],[-72.9753,11.5609],[-73.0822,11.4463],[-73.3623,11.325],[-74,11.3426],[-74.2189,11.3676],[-74.3085,11.1195],[-74.3228,10.9225],[-74.449,10.7697],[-74.5482,10.9689],[-74.7669,11.0613],[-75.0335,10.9527],[-75.2264,10.8252],[-75.4504,10.6277],[-75.5433,10.4114],[-75.5733,10.119],[-75.6516,9.7693],[-75.6049,9.5978],[-75.7027,9.426],[-76.0104,9.3808],[-76.1577,9.3106],[-76.3834,8.9796],[-76.7635,8.6928],[-76.8515,8.4638],[-76.7023,8.1146],[-76.8582,7.93],[-76.9639,8.0187],[-77.063,8.2473],[-77.2417,8.4757],[-77.4947,8.6615],[-77.6775,8.961],[-77.9672,9.2146],[-78.2665,9.3855],[-78.6118,9.4801],[-78.9667,9.4726],[-78.9984,9.5429],[-79.3325,9.5739],[-79.5004,9.6384],[-80.1243,9.2239],[-80.3557,9.2031],[-80.9625,8.8649],[-81.1684,8.8278],[-81.495,8.8647],[-81.674,9.0581],[-81.7836,8.966],[-82.0664,8.977],[-82.2296,9.0465],[-82.2384,9.2147],[-82.326,9.4449],[-82.5599,9.5831],[-82.593,9.5278],[-82.8078,9.6107],[-82.9066,9.5186],[-82.9126,9.1134],[-82.6843,8.9752],[-82.8627,8.8094],[-82.8067,8.5699],[-82.975,8.4041],[-82.8656,8.3212],[-82.9575,8.0472],[-82.7951,8.2699],[-82.6539,8.3211],[-82.3844,8.3212],[-82.1894,8.2015],[-81.7574,8.1462],[-81.6643,8.1646],[-81.5621,7.8238],[-81.1969,7.6396],[-81.1173,7.9431],[-81.0074,7.7844],[-80.8138,7.2701],[-80.6614,7.2513],[-80.4058,7.2988],[-80.2118,7.4747],[-79.9763,7.4923],[-80.0513,7.7317],[-80.4026,8.059],[-80.4246,8.1924],[-80.2694,8.3771],[-80.1187,8.3901],[-79.7121,8.616],[-79.7169,8.8831],[-79.3206,9.0401],[-79.0676,9.0343],[-78.7535,8.8739],[-78.652,8.7449],[-78.5055,8.6859],[-78.4912,8.5652],[-78.3815,8.3949],[-78.1837,8.4133],[-78.0448,8.5515],[-77.9456,8.266],[-78.2466,8.1971],[-78.3271,8.0889],[-78.2655,7.8857],[-78.0669,7.5429],[-77.8967,7.1718],[-77.4002,6.6704],[-77.3222,6.5435],[-77.3385,6.4291],[-77.4935,6.1936],[-77.4746,6.092],[-77.2203,5.8764],[-77.2413,5.6921],[-77.4619,5.6281],[-77.5004,5.5136],[-77.3337,5.1263],[-77.2666,4.7388],[-77.3067,4.5035],[-77.4445,4.1791],[-77.4125,4.0966],[-77.1608,3.9128],[-77.106,3.7922],[-77.3991,3.3149],[-77.6018,2.8823],[-77.8021,2.5769],[-77.9865,2.4748],[-78.0733,2.4937],[-78.4682,2.4674],[-78.6095,2.3654],[-78.6483,2.1747],[-78.4918,1.9208],[-78.5753,1.7745],[-78.7848,1.8249],[-79.0139,1.7735],[-79.0625,1.6781],[-78.9285,1.4115],[-78.9843,1.297],[-79.376,1.0165],[-79.7769,0.8631],[-80.0856,0.818],[-80.1349,0.7162],[-80.0462,0.4304],[-80.109,0.049],[-80.4031,-0.2249],[-80.4823,-0.4856],[-80.3388,-0.6632],[-80.9661,-1.0331],[-80.7539,-1.452],[-80.8138,-1.6619],[-80.8163,-1.8589],[-80.7412,-2.1192],[-80.7862,-2.2273],[-80.961,-2.3548],[-80.7776,-2.5387],[-80.5073,-2.6843],[-80.3573,-2.7284],[-80.0279,-2.4481],[-79.839,-2.346],[-79.7448,-2.6763],[-79.7618,-2.797],[-80.0252,-3.2742],[-80.2289,-3.4712],[-80.2446,-3.95],[-80.3497,-4.1031],[-80.2585,-4.414],[-80.0587,-4.4636],[-79.6917,-4.4615],[-79.5515,-4.575],[-79.4654,-4.7906],[-79.2862,-5.0119],[-78.9983,-5.0102],[-78.878,-4.8697],[-77.4052,-4.3332],[-77.3393,-4.7947],[-75.6912,-5.0584],[-75.4935,-4.6628],[-74.9845,-4.7815],[-74.6048,-4.3596],[-74.3095,-4.6127],[-74.1829,-4.4018],[-73.8876,-4.5706],[-73.5922,-4.444],[-73.4235,-4.0221],[-73.1281,-3.9377],[-73.2547,-3.6002],[-72.875,-3.3892],[-72.2421,-3.5158],[-71.8624,-3.2626],[-71.7359,-3.6424],[-71.0608,-3.9377],[-70.5879,-3.7909],[-70.3137,-3.7511],[-70.2071,-3.8077],[-69.878,-4.187],[-69.817,-4.3328],[-69.9012,-4.3787],[-69.3626,-4.1355],[-69.2308,-3.4762],[-67.9783,-3.4103],[-67.8464,-3.0807],[-67.2531,-2.5533],[-66.6598,-2.817],[-67.0553,0.9406],[-66.8498,1.0111],[-66.6554,0.9868],[-66.3428,0.7408],[-66.1259,0.6404],[-65.9394,0.6732],[-65.5989,0.9867],[-65.478,0.5552],[-65.3559,0.5623],[-65.0657,0.8946],[-64.7325,1.189],[-64.4831,1.3176],[-64.1898,1.3956],[-64.0838,1.4916],[-63.9675,1.7911],[-63.876,1.8806],[-63.5826,1.9396],[-63.3265,2.0619],[-60.5158,2.1898],[-59.6249,1.7343],[-59.1287,1.3304],[-58.8527,1.1541],[-58.5442,1.1877],[-58.2318,1.4184],[-57.9005,1.5939],[-57.8789,2.8491],[-58.5816,4.9998],[-58.5751,6.9844]],[[-77.2535,-2.7591],[-77.8999,-3.1125],[-78.3923,-2.9128],[-78.5616,-2.1287],[-77.8537,-1.6672],[-77.2535,-2.0979],[-77.2535,-2.7591]]]]},"properties":{"NAME":"Vice-Royalty of New Granada","ABBREVN":"New Granada","SUBJECTO":"Spain","BORDERPRECISION":3,"PARTOF":"Vice-Royalty of New Granada"}},
{"type":"Feature","geometry":{"type":"Polygon","coordinates":[[[-53.8369,5.6895],[-54.2862,5.8815],[-54.5697,5.9635],[-54.8948,5.9946],[-55.2834,5.9811],[-55.8098,5.999],[-55.8734,5.9607],[-55.9108,5.7763],[-56.1202,5.795],[-56.7464,6.0033],[-56.9184,5.9775],[-57.0651,5.8374],[-57.2332,6.1294],[-57.4137,6.3514],[-58.0057,6.7886],[-58.2753,6.8707],[-58.3746,6.826],[-58.5085,6.559],[-58.5751,6.9844],[-58.5816,4.9998],[-57.8789,2.8491],[-57.9005,1.5939],[-57.5542,1.7085],[-57.1339,1.9017],[-56.5296,1.8735],[-56.0312,1.7493],[-55.7935,1.7253],[-56.0687,2.1814],[-55.9011,2.3985],[-55.4239,2.2805],[-55.2448,2.307],[-55.0043,2.4801],[-54.8606,2.481],[-54.3883,2.2613],[-54.1683,2.6949],[-53.9773,3.3571],[-53.9902,3.5541],[-54.2249,3.9342],[-54.2636,4.2328],[-54.3661,4.6899],[-54.3042,4.9573],[-54.1284,5.2952],[-53.8369,5.6895]]]},"properties":{"NAME":"Guiana","ABBREVN":"British Guia","SUBJECTO":"Netherlands","BORDERPRECISION":3,"PARTOF":"Guiana"}},
{"type":"Feature","geometry":{"type":"Polygon","coordinates":[[[-53.8369,5.6895],[-54.1284,5.2952],[-54.3042,4.9573],[-54.3661,4.6899],[-54.2636,4.2328],[-54.2249,3.9342],[-53.9902,3.5541],[-53.9773,3.3571],[-54.1683,2.6949],[-54.3883,2.2613],[-54.8606,2.481],[-55.0043,2.4801],[-55.2448,2.307],[-55.4239,2.2805],[-55.9011,2.3985],[-56.0687,2.1814],[-55.7935,1.7253],[-56.0312,1.7493],[-56.5296,1.8735],[-57.1339,1.9017],[-57.5542,1.7085],[-57.9005,1.5939],[-58.2318,1.4184],[-58.5442,1.1877],[-58.8527,1.1541],[-59.1287,1.3304],[-59.6249,1.7343],[-60.5158,2.1898],[-63.3265,2.0619],[-63.5826,1.9396],[-63.876,1.8806],[-63.9675,1.7911],[-64.0838,1.4916],[-64.1898,1.3956],[-64.4831,1.3176],[-64.7325,1.189],[-65.0657,0.8946],[-65.3559,0.5623],[-65.478,0.5552],[-65.5989,0.9867],[-65.9394,0.6732],[-66.1259,0.6404],[-66.3428,0.7408],[-66.6554,0.9868],[-66.8498,1.0111],[-67.0553,0.9406],[-66.6598,-2.817],[-67.2531,-2.5533],[-67.8464,-3.0807],[-67.9783,-3.4103],[-69.2308,-3.4762],[-69.3626,-4.1355],[-69.9012,-4.3787],[-69.9703,-4.4164],[-70.5491,-4.2673],[-70.6938,-4.2999],[-70.9655,-4.4985],[-71.1324,-4.5504],[-71.4338,-4.5204],[-72.2862,-4.8686],[-72.6018,-5.0675],[-72.7693,-5.1448],[-73.0389,-5.7819],[-73.1919,-6.0815],[-73.0619,-6.5192],[-73.3431,-6.7433],[-73.622,-6.8911],[-73.7788,-7.0445],[-73.89,-7.3248],[-73.8421,-7.5787],[-73.5637,-8.0092],[-72.964,-8.9842],[-72.9161,-9.0411],[-66.4741,-9.915],[-66.306,-9.8407],[-65.8858,-9.8064],[-65.3087,-9.8157],[-65.2881,-10.1524],[-65.3528,-10.7119],[-65.3366,-11.0804],[-65.2731,-11.3659],[-65.1221,-11.6319],[-64.7563,-12.0491],[-64.2614,-12.4719],[-64.1194,-12.5155],[-63.6053,-12.5125],[-62.9912,-12.763],[-62.6537,-13.0342],[-62.5189,-13.0779],[-62.0786,-13.1007],[-61.9055,-13.4491],[-61.6273,-13.6254],[-61.1105,-13.5906],[-60.5828,-13.7209],[-60.3629,-13.9039],[-60.38,-14.1581],[-60.2888,-14.6214],[-60.2129,-15.8535],[-60.1009,-16.2785],[-60.0322,-16.3289],[-59.3721,-16.3504],[-58.3335,-16.3697],[-58.3148,-16.503],[-58.432,-16.8786],[-58.4017,-17.1325],[-58.2056,-17.3156],[-57.8767,-17.4788],[-57.7344,-17.694],[-57.5964,-18.0426],[-57.5865,-18.2649],[-57.6698,-18.7927],[-57.7771,-19.1681],[-57.9482,-19.5122],[-58.1377,-19.8118],[-55.134,-24.0569],[-54.5537,-23.8566],[-54.2272,-24.058],[-54.2188,-24.1215],[-54.4973,-24.8345],[-54.5969,-25.2035],[-54.6091,-25.553],[-54.5804,-25.7433],[-54.1499,-25.671],[-53.9418,-25.6634],[-53.8489,-25.7518],[-53.6165,-26.2713],[-53.6588,-27.0083],[-53.7311,-27.2183],[-53.9654,-27.3594],[-54.7547,-27.6942],[-54.9113,-27.8031],[-55.6464,-28.4551],[-56.2922,-29.0684],[-57.1046,-29.8859],[-57.5757,-30.4029],[-57.328,-30.4015],[-56.7464,-30.2458],[-56.6266,-30.2896],[-56.4151,-30.4534],[-56.2445,-30.6366],[-55.8741,-31.1743],[-55.7527,-31.1672],[-55.4406,-30.9749],[-55.0821,-31.411],[-54.5567,-31.5858],[-54.1072,-31.85],[-53.8939,-32.0456],[-53.4511,-32.6336],[-53.2283,-32.8165],[-53.2359,-32.9371],[-53.5209,-33.2816],[-53.567,-33.4025],[-53.4056,-33.8795],[-52.9214,-33.4386],[-52.567,-33.0187],[-52.3507,-32.6752],[-52.1493,-31.9062],[-52.1436,-31.7474],[-52.0422,-31.5566],[-51.6023,-31.2317],[-51.4454,-31.0154],[-51.2651,-30.4687],[-51.2324,-30.2654],[-50.9476,-30.3601],[-50.5817,-30.4165],[-50.854,-30.9379],[-51.137,-31.1926],[-51.333,-31.4598],[-51.4774,-31.8235],[-50.8061,-31.1919],[-50.4687,-30.7402],[-50.2441,-30.3205],[-50.0301,-29.8055],[-49.9363,-29.6274],[-49.5465,-29.1565],[-49.1921,-28.9207],[-48.9373,-28.6978],[-48.7284,-28.3671],[-48.6391,-28.0873],[-48.5639,-27.6806],[-48.6026,-26.6769],[-48.7754,-26.385],[-48.6106,-26.2449],[-48.5162,-25.8763],[-48.5703,-25.635],[-48.7218,-25.5336],[-48.7245,-25.4256],[-48.3444,-25.3994],[-48.1255,-25.2909],[-47.8862,-24.9855],[-47.6091,-24.788],[-47.2829,-24.6157],[-47.0451,-24.4373],[-46.2062,-23.8828],[-45.9529,-23.7679],[-45.7953,-23.7358],[-45.4592,-23.8558],[-45.3644,-23.6968],[-45.1482,-23.493],[-44.7901,-23.3525],[-44.6575,-23.2633],[-44.5613,-22.9899],[-44.23,-22.9892],[-43.8152,-22.9565],[-43.6058,-23.0069],[-42.9674,-23.031],[-42.5271,-22.9538],[-42.1384,-22.972],[-41.9578,-22.9208],[-41.9292,-22.5459],[-41.7696,-22.3804],[-41.5249,-22.2528],[-40.9835,-22.0864],[-41.0481,-21.6609],[-40.9328,-21.2794],[-40.4783,-20.6494],[-40.1398,-19.9752],[-39.8355,-19.7014],[-39.739,-19.5741],[-39.6913,-19.4088],[-39.8014,-18.7483],[-39.7835,-18.583],[-39.6661,-18.227],[-39.4842,-17.9978],[-39.1425,-17.7747],[-39.225,-17.4445],[-39.2077,-17.1458],[-38.9482,-16.0016],[-38.9832,-15.5569],[-39.1262,-14.3245],[-39.0697,-13.7208],[-38.8279,-12.9832],[-38.7989,-12.6273],[-38.6338,-12.6651],[-38.5088,-12.7983],[-38.4731,-12.9888],[-38.2661,-12.8867],[-37.9063,-12.3903],[-37.6366,-11.9513],[-37.4097,-11.4679],[-37.3621,-11.131],[-37.1865,-10.8447],[-37.0269,-10.8253],[-36.8289,-10.7359],[-36.2046,-10.1563],[-35.5986,-9.6276],[-35.3656,-9.2459],[-35.1142,-8.6607],[-35.005,-8.2792],[-34.8907,-7.6118],[-34.9184,-7.167],[-35.0391,-6.6526],[-35.3057,-5.7509],[-35.3449,-5.4777],[-35.4644,-5.2683],[-35.6648,-5.1797],[-36.6359,-5.1183],[-36.9661,-5.0428],[-37.1806,-4.9543],[-37.7348,-4.5297],[-38.7864,-3.6043],[-39.0501,-3.4078],[-39.7218,-3.009],[-40.2309,-2.8512],[-40.418,-2.858],[-40.6777,-2.9348],[-41.1025,-2.9738],[-41.6056,-2.9368],[-42.3165,-2.8176],[-43.0681,-2.4507],[-43.334,-2.4322],[-43.7819,-2.6365],[-44.2221,-2.7772],[-44.5934,-3.1466],[-44.711,-2.7592],[-44.6587,-2.5685],[-44.4617,-2.2694],[-44.5538,-2.0917],[-44.7959,-1.7364],[-44.9319,-1.6223],[-45.0756,-1.6035],[-45.2563,-1.7628],[-45.3713,-1.7567],[-45.4921,-1.49],[-45.6426,-1.3633],[-46.1236,-1.161],[-46.4899,-1.0347],[-46.6338,-1.0477],[-46.9283,-0.9276],[-47.2371,-0.6804],[-47.4745,-0.7699],[-47.9274,-0.7709],[-48.0425,-0.8156],[-48.1651,-0.9938],[-48.3895,-1.4137],[-48.527,-1.5856],[-48.6569,-1.6558],[-49.2211,-2.1081],[-49.4228,-2.3588],[-49.4152,-2.0959],[-49.2906,-1.7906],[-49.6223,-1.9247],[-49.8886,-1.9507],[-50.3993,-1.9645],[-50.6431,-1.8825],[-50.842,-1.5143],[-50.9768,-1.1143],[-51.0271,-1.1271],[-51.5678,-1.446],[-51.7913,-1.5355],[-52.0216,-1.5677],[-52.1435,-1.5172],[-51.9626,-1.3134],[-51.7742,-0.8555],[-51.5294,-0.4292],[-51.1704,-0.0789],[-50.8761,0.0869],[-50.6468,0.2717],[-50.1201,1.0545],[-49.8843,1.2139],[-49.881,1.5761],[-49.9692,1.7284],[-50.4091,1.8228],[-50.5549,1.9686],[-50.6881,2.2162],[-50.9004,2.8385],[-50.949,3.1116],[-51.1354,3.715],[-51.2093,4.0707],[-51.3152,4.2611],[-51.4393,4.3244],[-51.6234,4.2159],[-51.7101,4.2285],[-51.8528,4.4379],[-52.0979,4.6915],[-52.6669,5.1796],[-53.0267,5.4267],[-53.8369,5.6895]]]},"properties":{"NAME":"Viceroyalty of Brazil","ABBREVN":"Brazil","SUBJECTO":"Portugal","BORDERPRECISION":3,"PARTOF":"Vice-Royalty of Brazil"}},
{"type":"Feature","geometry":{"type":"Polygon","coordinates":[[[-54.5804,-25.7433],[-54.6091,-25.553],[-54.5969,-25.2035],[-54.4973,-24.8345],[-54.2188,-24.1215],[-54.2272,-24.058],[-54.5537,-23.8566],[-55.134,-24.0569],[-58.1377,-19.8118],[-62.61,-22.1565],[-62.4235,-22.3333],[-62.0714,-22.7442],[-61.4996,-23.3633],[-61.2405,-23.6159],[-60.8647,-23.8805],[-60.6408,-23.9872],[-60.1129,-24.0794],[-59.8111,-24.2174],[-59.0768,-24.715],[-58.4251,-25.0288],[-58.1323,-25.1097],[-57.7099,-25.3359],[-57.7178,-25.4566],[-57.9955,-25.9981],[-58.2768,-26.3808],[-58.2982,-26.4825],[-58.2036,-26.7614],[-58.2533,-26.8506],[-58.6629,-27.2213],[-58.6063,-27.3417],[-58.0721,-27.1925],[-57.7989,-27.2036],[-57.3525,-27.3535],[-57.0986,-27.3965],[-56.7788,-27.3946],[-56.4435,-27.3356],[-56.1634,-27.245],[-56.0061,-27.2886],[-55.7318,-27.4521],[-55.5735,-27.2226],[-55.438,-27.1011],[-54.9851,-26.7683],[-54.8166,-26.5577],[-54.5715,-25.8513],[-54.5804,-25.7433]]]},"properties":{"NAME":"Paraguay","ABBREVN":"Paraguay","SUBJECTO":"Paraguay","BORDERPRECISION":3,"PARTOF":"Paraguay"}},
{"type":"Feature","geometry":{"type":"Polygon","coordinates":[[[-80.2289,-3.4712],[-80.5829,-3.6566],[-81.0418,-4.0516],[-81.3036,-4.3317],[-81.4133,-4.5671],[-81.4176,-4.6751],[-81.3015,-4.9989],[-81.1429,-5.1955],[-80.8762,-5.5889],[-80.8234,-5.7159],[-80.8881,-5.9003],[-81.1623,-5.9136],[-81.297,-6.0409],[-81.0227,-6.2056],[-80.6116,-6.3699],[-80.274,-6.5661],[-80.0659,-6.7563],[-79.7971,-7.1941],[-79.0602,-8.2155],[-78.7509,-8.7867],[-78.3021,-9.6689],[-77.7587,-10.6589],[-77.6916,-10.8367],[-77.7072,-11.256],[-77.4639,-11.389],[-77.3355,-11.5094],[-76.7106,-12.7597],[-76.3592,-13.2291],[-76.238,-13.502],[-76.2418,-14.1056],[-76.0526,-14.4101],[-75.7853,-14.7272],[-75.2309,-15.2216],[-74.6214,-15.665],[-74.0496,-16.045],[-73.283,-16.3674],[-72.5872,-16.7407],[-71.8632,-17.1203],[-71.6119,-17.2215],[-71.4702,-17.3927],[-71.3652,-17.6974],[-71.224,-17.8051],[-70.5841,-18.0833],[-70.4539,-18.2228],[-70.296,-18.629],[-70.2085,-19.0672],[-70.1898,-19.7596],[-70.1124,-20.6934],[-70.1106,-21.7479],[-70.2339,-22.428],[-70.2302,-22.7964],[-70.292,-22.9871],[-70.5732,-23.1656],[-70.5796,-23.4896],[-70.4152,-23.5274],[-70.3595,-23.6607],[-70.4628,-23.9341],[-70.4528,-24.347],[-70.5194,-24.4551],[-70.4977,-24.8298],[-70.3981,-25.2489],[-70.4932,-25.4714],[-70.683,-25.7704],[-70.6546,-26.2595],[-70.748,-26.8759],[-70.8574,-27.3144],[-70.9346,-27.7274],[-71.142,-27.9946],[-71.2972,-28.6683],[-71.4301,-29.1005],[-71.3862,-29.2846],[-71.2336,-29.5193],[-71.2367,-29.8496],[-71.3295,-30.1039],[-71.6816,-30.6],[-71.6954,-30.8541],[-71.6515,-31.2414],[-71.5198,-32.1812],[-71.4161,-32.7526],[-71.7504,-33.1915],[-71.6099,-33.5723],[-71.6157,-33.7057],[-71.8228,-33.9347],[-71.9627,-34.2462],[-72.1666,-34.9579],[-72.33,-35.2826],[-72.6288,-35.6459],[-72.8464,-36.3592],[-72.96,-36.5759],[-73.1442,-37.1558],[-73.3597,-37.3219],[-73.5841,-37.2777],[-73.6903,-37.3671],[-73.6725,-37.5009],[-73.435,-37.9018],[-73.4007,-38.0993],[-73.4412,-38.6284],[-73.1963,-39.4187],[-73.1938,-39.5654],[-73.4343,-39.9104],[-73.7594,-40.2434],[-73.9052,-40.839],[-73.8453,-41.1528],[-73.6656,-41.4794],[-73.5936,-41.6972],[-73.4636,-41.7868],[-73.1777,-41.7606],[-72.8909,-41.5291],[-72.5872,-41.6183],[-71.8048,-41.5737],[-71.8602,-40.7482],[-71.8155,-40.5817],[-71.6733,-40.3379],[-71.4434,-39.2459],[-71.3628,-39.0288],[-70.8441,-38.7265],[-71.0408,-38.3072],[-71.1526,-37.8112],[-71.1588,-37.2892],[-71.0951,-36.8052],[-70.9912,-36.6647],[-70.3907,-36.1651],[-70.3558,-36.0186],[-70.4804,-35.358],[-70.3368,-35.0902],[-69.8493,-34.2559],[-69.8155,-34.0717],[-69.84,-33.7608],[-70.193,-32.4934],[-70.3765,-31.974],[-70.5048,-31.6891],[-70.4345,-31.257],[-70.26,-30.7165],[-70.1288,-30.5634],[-69.9072,-30.4415],[-69.8518,-30.3586],[-69.951,-29.3561],[-69.5807,-28.5286],[-69.4541,-28.3311],[-69.1803,-28.0184],[-68.9712,-27.6426],[-68.8235,-27.2671],[-68.3177,-27.2197],[-68.2543,-26.9781],[-68.4928,-26.7635],[-68.5439,-26.5352],[-68.3482,-26.1976],[-68.3616,-26.096],[-68.5147,-25.8937],[-68.5653,-25.6971],[-68.5622,-25.4367],[-68.3728,-25.1118],[-68.4855,-24.744],[-68.3935,-24.6038],[-68.0251,-24.4365],[-67.4195,-24.198],[-67.2575,-24.0827],[-67.0145,-23.4271],[-66.9724,-23.1411],[-67.1889,-22.9835],[-66.2772,-22.0445],[-66.1459,-21.9231],[-65.9142,-22.0805],[-65.6377,-22.1678],[-64.9946,-22.1323],[-64.7556,-22.1627],[-64.5892,-22.2507],[-64.4358,-22.3895],[-64.2486,-22.8775],[-63.7836,-22.0745],[-63.4749,-22.0727],[-62.8764,-22.1073],[-62.61,-22.1565],[-58.1377,-19.8118],[-57.9482,-19.5122],[-57.7771,-19.1681],[-57.6698,-18.7927],[-57.5865,-18.2649],[-57.5964,-18.0426],[-57.7344,-17.694],[-57.8767,-17.4788],[-58.2056,-17.3156],[-58.4017,-17.1325],[-58.432,-16.8786],[-58.3148,-16.503],[-58.3335,-16.3697],[-59.3721,-16.3504],[-60.0322,-16.3289],[-60.1009,-16.2785],[-60.2129,-15.8535],[-60.2888,-14.6214],[-60.38,-14.1581],[-60.3629,-13.9039],[-60.5828,-13.7209],[-61.1105,-13.5906],[-61.6273,-13.6254],[-61.9055,-13.4491],[-62.0786,-13.1007],[-62.5189,-13.0779],[-62.6537,-13.0342],[-62.9912,-12.763],[-63.6053,-12.5125],[-64.1194,-12.5155],[-64.2614,-12.4719],[-64.7563,-12.0491],[-65.1221,-11.6319],[-65.2731,-11.3659],[-65.3366,-11.0804],[-65.3528,-10.7119],[-65.2881,-10.1524],[-65.3087,-9.8157],[-65.8858,-9.8064],[-66.306,-9.8407],[-66.4741,-9.915],[-72.9161,-9.0411],[-72.964,-8.9842],[-73.5637,-8.0092],[-73.8421,-7.5787],[-73.89,-7.3248],[-73.7788,-7.0445],[-73.622,-6.8911],[-73.3431,-6.7433],[-73.0619,-6.5192],[-73.1919,-6.0815],[-73.0389,-5.7819],[-72.7693,-5.1448],[-72.6018,-5.0675],[-72.2862,-4.8686],[-71.4338,-4.5204],[-71.1324,-4.5504],[-70.9655,-4.4985],[-70.6938,-4.2999],[-70.5491,-4.2673],[-69.9703,-4.4164],[-69.9012,-4.3787],[-69.817,-4.3328],[-69.878,-4.187],[-70.2071,-3.8077],[-70.3137,-3.7511],[-70.5879,-3.7909],[-71.0608,-3.9377],[-71.7359,-3.6424],[-71.8624,-3.2626],[-72.2421,-3.5158],[-72.875,-3.3892],[-73.2547,-3.6002],[-73.1281,-3.9377],[-73.4235,-4.0221],[-73.5922,-4.444],[-73.8876,-4.5706],[-74.1829,-4.4018],[-74.3095,-4.6127],[-74.6048,-4.3596],[-74.9845,-4.7815],[-75.4935,-4.6628],[-75.6912,-5.0584],[-77.3393,-4.7947],[-77.4052,-4.3332],[-78.878,-4.8697],[-78.9983,-5.0102],[-79.2862,-5.0119],[-79.4654,-4.7906],[-79.5515,-4.575],[-79.6917,-4.4615],[-80.0587,-4.4636],[-80.2585,-4.414],[-80.3497,-4.1031],[-80.2446,-3.95],[-80.2289,-3.4712]]]},"properties":{"NAME":"Vice-Royalty of Peru","ABBREVN":"Peru","SUBJECTO":"Spain","BORDERPRECISION":3,"PARTOF":"Vice-Royalty of Peru"}},
{"type":"Feature","geometry":{"type":"Polygon","coordinates":[[[-62.61,-22.1565],[-62.8764,-22.1073],[-63.4749,-22.0727],[-63.7836,-22.0745],[-64.2486,-22.8775],[-64.4358,-22.3895],[-64.5892,-22.2507],[-64.7556,-22.1627],[-64.9946,-22.1323],[-65.6377,-22.1678],[-65.9142,-22.0805],[-66.1459,-21.9231],[-66.2772,-22.0445],[-67.1889,-22.9835],[-66.9724,-23.1411],[-67.0145,-23.4271],[-67.2575,-24.0827],[-67.4195,-24.198],[-68.0251,-24.4365],[-68.3935,-24.6038],[-68.4855,-24.744],[-68.3728,-25.1118],[-68.5622,-25.4367],[-68.5653,-25.6971],[-68.5147,-25.8937],[-68.3616,-26.096],[-68.3482,-26.1976],[-68.5439,-26.5352],[-68.4928,-26.7635],[-68.2543,-26.9781],[-68.3177,-27.2197],[-68.8235,-27.2671],[-68.9712,-27.6426],[-69.1803,-28.0184],[-69.4541,-28.3311],[-69.5807,-28.5286],[-69.951,-29.3561],[-69.8518,-30.3586],[-69.9072,-30.4415],[-70.1288,-30.5634],[-70.26,-30.7165],[-70.4345,-31.257],[-70.5048,-31.6891],[-70.3765,-31.974],[-70.193,-32.4934],[-69.84,-33.7608],[-69.8155,-34.0717],[-69.8493,-34.2559],[-70.3368,-35.0902],[-70.4804,-35.358],[-70.3558,-36.0186],[-70.3907,-36.1651],[-70.9912,-36.6647],[-71.0951,-36.8052],[-71.1588,-37.2892],[-71.1526,-37.8112],[-71.0408,-38.3072],[-70.8441,-38.7265],[-71.3628,-39.0288],[-71.4434,-39.2459],[-71.6733,-40.3379],[-71.8155,-40.5817],[-71.8602,-40.7482],[-71.8048,-41.5737],[-70.7502,-41.0031],[-69.951,-40.9708],[-69.7735,-40.4382],[-69.3,-40.379],[-68.8266,-39.7281],[-66.2819,-40.2607],[-64.9799,-40.0831],[-64.9207,-40.5566],[-64.2106,-40.5566],[-62.7315,-41.0497],[-62.4008,-40.9249],[-62.2598,-40.8029],[-62.2893,-40.6749],[-62.4658,-40.3679],[-62.4349,-40.1951],[-62.1082,-39.6898],[-62.0678,-39.5558],[-62.351,-39.3331],[-62.3673,-38.9695],[-62.3099,-38.8802],[-61.8895,-38.9813],[-61.3607,-39.0313],[-60.9357,-39.0113],[-59.5154,-38.8745],[-58.6512,-38.6942],[-58.1831,-38.5403],[-57.8089,-38.3865],[-57.6434,-38.2587],[-57.5021,-37.9269],[-57.1739,-37.5821],[-56.8365,-37.1609],[-56.6981,-36.9441],[-56.7997,-36.543],[-57.0836,-36.4163],[-57.2936,-36.2702],[-57.3717,-36.1494],[-57.4192,-35.9968],[-57.3996,-35.8185],[-57.2368,-35.5827],[-57.2255,-35.4363],[-57.4793,-35.2141],[-58.107,-34.961],[-58.5228,-34.5871],[-58.5297,-34.4855],[-58.3397,-34.2161],[-58.1802,-34.2878],[-57.9337,-34.5414],[-57.7868,-34.5983],[-57.3477,-34.5084],[-57.0056,-34.5776],[-56.719,-34.6914],[-56.3383,-34.9955],[-56.1671,-35.0142],[-55.8791,-34.8865],[-55.3831,-34.8157],[-54.9898,-34.9673],[-54.6215,-34.9221],[-54.4232,-34.8518],[-54.0743,-34.6478],[-53.7932,-34.3995],[-53.4056,-33.8795],[-53.567,-33.4025],[-53.5209,-33.2816],[-53.2359,-32.9371],[-53.2283,-32.8165],[-53.4511,-32.6336],[-53.8939,-32.0456],[-54.1072,-31.85],[-54.5567,-31.5858],[-55.0821,-31.411],[-55.4406,-30.9749],[-55.7527,-31.1672],[-55.8741,-31.1743],[-56.2445,-30.6366],[-56.4151,-30.4534],[-56.6266,-30.2896],[-56.7464,-30.2458],[-57.328,-30.4015],[-57.5757,-30.4029],[-57.1046,-29.8859],[-56.2922,-29.0684],[-55.6464,-28.4551],[-54.9113,-27.8031],[-54.7547,-27.6942],[-53.9654,-27.3594],[-53.7311,-27.2183],[-53.6588,-27.0083],[-53.6165,-26.2713],[-53.8489,-25.7518],[-53.9418,-25.6634],[-54.1499,-25.671],[-54.5804,-25.7433],[-54.5715,-25.8513],[-54.8166,-26.5577],[-54.9851,-26.7683],[-55.438,-27.1011],[-55.5735,-27.2226],[-55.7318,-27.4521],[-56.0061,-27.2886],[-56.1634,-27.245],[-56.4435,-27.3356],[-56.7788,-27.3946],[-57.0986,-27.3965],[-57.3525,-27.3535],[-57.7989,-27.2036],[-58.0721,-27.1925],[-58.6063,-27.3417],[-58.6629,-27.2213],[-58.2533,-26.8506],[-58.2036,-26.7614],[-58.2982,-26.4825],[-58.2768,-26.3808],[-57.9955,-25.9981],[-57.7178,-25.4566],[-57.7099,-25.3359],[-58.1323,-25.1097],[-58.4251,-25.0288],[-59.0768,-24.715],[-59.8111,-24.2174],[-60.1129,-24.0794],[-60.6408,-23.9872],[-60.8647,-23.8805],[-61.2405,-23.6159],[-61.4996,-23.3633],[-62.0714,-22.7442],[-62.4235,-22.3333],[-62.61,-22.1565]]]},"properties":{"NAME":"United Provinces of La Plata","ABBREVN":"La Plata","SUBJECTO":"Spain","BORDERPRECISION":3,"PARTOF":"United Provinces of La Plata"}},
{"type":"Feature","geometry":{"type":"MultiPolygon","coordinates":[]},"properties":{"NAME":null,"ABBREVN":null,"SUBJECTO":null,"BORDERPRECISION":3,"PARTOF":null}},
{"type":"Feature","geometry":{"type":"Polygon","coordinates":[[[-70.4982,-54.9231],[-69.861,-54.7745],[-69.6717,-54.7741],[-69.214,-54.934],[-68.3755,-54.852],[-67.4916,-54.8704],[-67.1526,-54.91],[-66.6218,-55.07],[-66.1082,-54.9817],[-65.3477,-54.9132],[-65.2622,-54.8193],[-65.3477,-54.9132],[-66.1082,-54.9817],[-66.6218,-55.07],[-67.1526,-54.91],[-67.4916,-54.8704],[-68.3755,-54.852],[-69.214,-54.934],[-69.6717,-54.7741],[-69.861,-54.7745],[-70.4982,-54.9231]]]},"properties":{"NAME":null,"ABBREVN":null,"SUBJECTO":null,"BORDERPRECISION":3,"PARTOF":null}},
{"type":"Feature","geometry":{"type":"Polygon","coordinates":[[[92.51,22.1104],[92.5976,21.387],[92.237,21.15],[92.1237,20.9964],[92.1763,20.8866],[92.4034,20.614],[92.6628,20.4049],[92.8271,20.4243],[92.9333,20.3102],[92.8944,20.1132],[93.0656,19.9928],[93.3343,20.0252],[93.7238,19.594],[93.815,19.2576],[93.4579,19.1742],[93.6947,19.0096],[93.839,18.9527],[93.9656,19.1944],[94.0537,19.0611],[94.4205,18.1408],[94.4653,17.6428],[95.1639,17.6428],[95.3616,18.0383],[94.7024,20.016],[93.318,21.73],[93.1277,22.2029],[93.0046,22.0371],[92.8923,21.9793],[92.51,22.1104]]]},"properties":{"NAME":"Arakan","ABBREVN":"Arakan","SUBJECTO":"Arakan","BORDERPRECISION":3,"PARTOF":"Arakan"}},
{"type":"Feature","geometry":{"type":"Polygon","coordinates":[[[10.8561,45.0507],[10.8244,45.3531],[10.6418,45.4694],[10.6596,45.8066],[10.5246,45.7391],[10.4571,46.2116],[10.5583,46.3129],[10.5583,46.7179],[10.3957,46.8874],[10.3387,46.7483],[10.0237,46.6209],[9.885,46.4025],[9.4599,46.3793],[9.283,46.4992],[9.2485,46.2389],[9.0091,46.041],[9.0877,45.9054],[8.911,45.8351],[8.8508,46.0787],[8.6366,46.1173],[8.4666,45.7682],[8.45,45.5192],[8.5829,45.2867],[8.8153,45.1705],[9.1308,45.1207],[9.6621,45.2203],[10.2931,45.021],[10.3933,45.0263],[10.8561,45.0507]]]},"properties":{"NAME":"Lombardy","ABBREVN":"Lombardy","SUBJECTO":"Austrian Empire","BORDERPRECISION":3,"PARTOF":"Lombardy"}},
{"type":"Feature","geometry":{"type":"Polygon","coordinates":[[[13.8,45.5664],[13.825,45.6627],[13.5351,45.8013],[13.6063,46.1321],[13.3445,46.2845],[13.6211,46.4209],[13.5689,46.5104],[12.9519,46.5975],[12.3619,46.7085],[12.2178,46.8843],[12.0748,46.9275],[11.7397,46.7517],[11.9084,46.4141],[11.5709,46.2454],[11.5709,45.9754],[11.2334,46.0091],[11.1659,45.7391],[10.9296,45.8403],[10.7946,45.6378],[10.6596,45.8066],[10.6418,45.4694],[10.8244,45.3531],[10.8561,45.0507],[11.1698,45.0672],[11.6048,44.9048],[11.7709,45.0709],[12.0531,45.021],[12.1362,45.1041],[12.3778,44.7315],[12.5231,44.8828],[12.3221,45.0424],[12.3125,45.1783],[12.1762,45.2143],[12.2797,45.4023],[12.654,45.4951],[13.0972,45.6368],[13.1562,45.7265],[13.3677,45.6945],[13.6732,45.7145],[13.8,45.5664]]]},"properties":{"NAME":"Venetia","ABBREVN":"Venetia","SUBJECTO":"Austrian Empire","BORDERPRECISION":3,"PARTOF":"Venetia"}},
{"type":"Feature","geometry":{"type":"Polygon","coordinates":[[[9.5724,44.437],[9.5957,44.5727],[9.8946,44.5561],[9.9776,44.4067],[10.0565,44.3804],[10.1271,44.3569],[10.3595,44.689],[10.2765,44.9048],[10.3933,45.0263],[10.2931,45.021],[9.6621,45.2203],[9.1308,45.1207],[9.1308,44.7886],[9.2304,44.772],[9.2968,44.5395],[9.3965,44.4399],[9.5724,44.437]]]},"properties":{"NAME":"Parma","ABBREVN":"Parma","SUBJECTO":"Austrian Empire","BORDERPRECISION":3,"PARTOF":"Parma"}},
{"type":"Feature","geometry":{"type":"Polygon","coordinates":[[[7.3971,43.7641],[7.5528,43.8675],[7.9795,43.9649],[8.1864,44.1264],[8.6717,44.4174],[8.8966,44.4372],[9.6919,44.2196],[9.8255,44.1525],[9.878,44.2905],[9.5724,44.437],[9.3965,44.4399],[9.2968,44.5395],[9.2304,44.772],[9.1308,44.7886],[9.1308,45.1207],[8.8153,45.1705],[8.5829,45.2867],[8.45,45.5192],[8.4666,45.7682],[8.6366,46.1173],[8.4435,46.2511],[8.4374,46.4658],[8.0886,46.2678],[8.154,46.1457],[7.7899,45.927],[7.5068,46.0025],[7.2248,45.9109],[6.9553,45.9389],[6.8074,46.394],[6.5451,46.3948],[6.3837,46.3416],[6.1079,46.1255],[5.9415,46.1755],[5.8604,46.0263],[5.9469,45.8162],[5.9098,45.5074],[5.8234,45.3962],[5.9345,45.3221],[6.2187,45.3468],[6.2804,45.1986],[6.5073,45.1157],[6.6653,44.9545],[6.9426,44.8687],[6.9247,44.715],[6.7829,44.5479],[6.8698,44.3492],[6.7869,44.2968],[6.8363,44.1115],[6.9969,44.0497],[6.8857,43.9015],[6.9228,43.815],[7.3552,43.9015],[7.3971,43.7641]]]},"properties":{"NAME":"Kingdom of Sardinia","ABBREVN":"Sardinia","SUBJECTO":"Kingdom of Sardinia","BORDERPRECISION":3,"PARTOF":"Kingdom of Sardinia"}},
{"type":"Feature","geometry":{"type":"Polygon","coordinates":[[[12.3778,44.7315],[12.1362,45.1041],[12.0531,45.021],[11.7709,45.0709],[11.6048,44.9048],[11.1698,45.0672],[11.3392,44.855],[11.1731,44.6059],[11.2893,44.4565],[11.1399,44.3403],[11.202,44.1426],[11.4554,44.2739],[11.6879,44.2572],[11.8539,44.3569],[11.9369,44.0912],[12.1196,43.7425],[12.1196,43.4769],[12.3022,43.2776],[12.1528,43.0617],[12.1694,42.63],[12.0531,42.5304],[12.0697,42.298],[11.9601,42.0074],[12.3948,41.7295],[12.6415,41.5311],[12.9768,41.3714],[13.4984,41.3019],[13.7605,41.2067],[13.8132,41.3183],[13.9792,41.3349],[13.9294,41.6338],[13.863,41.75],[13.6471,41.7998],[13.5807,42.0987],[13.4147,42.3644],[13.5475,42.4308],[13.7136,42.3976],[14.0764,42.6338],[13.7916,43.1233],[13.7316,43.3742],[13.6009,43.5348],[12.6972,43.9348],[12.3451,44.301],[12.2736,44.6726],[12.3778,44.7315]],[[12.4038,43.9558],[12.5041,43.9901],[12.4878,43.8969],[12.4038,43.9558]]]},"properties":{"NAME":"Papal States","ABBREVN":"Papal States","SUBJECTO":"Papal States","BORDERPRECISION":3,"PARTOF":"Papal States"}},
{"type":"Feature","geometry":{"type":"Polygon","coordinates":[[[9.878,44.2905],[9.9776,44.4067],[9.8946,44.5561],[9.5957,44.5727],[9.5724,44.437],[9.878,44.2905]]]},"properties":{"NAME":"Pontremoli","ABBREVN":"Pontremoli","SUBJECTO":"Pontremoli","BORDERPRECISION":3,"PARTOF":"Pontremoli"}},
{"type":"Feature","geometry":{"type":"Polygon","coordinates":[[[10.0565,44.3804],[10.0372,44.2916],[10.1407,44.2192],[10.1717,44.3123],[10.1271,44.3569],[10.0565,44.3804]]]},"properties":{"NAME":"Fivizzano","ABBREVN":"Fivizzano","SUBJECTO":"Fivizzano","BORDERPRECISION":3,"PARTOF":"Fivizzano"}},
{"type":"Feature","geometry":{"type":"Polygon","coordinates":[[[10.3379,43.5962],[10.5959,43.5778],[10.7511,43.6295],[10.689,43.8675],[10.6916,44.0912],[10.509,44.0912],[10.4101,43.9374],[10.2614,43.7452],[10.3379,43.5962]]]},"properties":{"NAME":"Lucca","ABBREVN":"Lucca","SUBJECTO":"Lucca","BORDERPRECISION":3,"PARTOF":"Lucca"}},
{"type":"Feature","geometry":{"type":"Polygon","coordinates":[[[11.9601,42.0074],[12.0697,42.298],[12.0531,42.5304],[12.1694,42.63],[12.1528,43.0617],[12.3022,43.2776],[12.1196,43.4769],[12.1196,43.7425],[11.9369,44.0912],[11.8539,44.3569],[11.6879,44.2572],[11.4554,44.2739],[11.202,44.1426],[11.0569,44.1244],[10.8244,44.2074],[10.6916,44.0912],[10.689,43.8675],[10.7511,43.6295],[10.5959,43.5778],[10.3379,43.5962],[10.4877,43.2359],[10.7428,42.8505],[11.1048,42.5491],[11.4974,42.3764],[11.9601,42.0074]]]},"properties":{"NAME":"Tuscany","ABBREVN":"Tuscany","SUBJECTO":"Tuscany","BORDERPRECISION":3,"PARTOF":"Tuscany"}},
{"type":"Feature","geometry":{"type":"Polygon","coordinates":[[[11.202,44.1426],[11.1399,44.3403],[11.2893,44.4565],[11.1731,44.6059],[11.3392,44.855],[11.1698,45.0672],[10.8561,45.0507],[10.3933,45.0263],[10.2765,44.9048],[10.3595,44.689],[10.1271,44.3569],[10.1717,44.3123],[10.1407,44.2192],[10.0372,44.2916],[10.0565,44.3804],[9.9776,44.4067],[9.878,44.2905],[9.8255,44.1525],[10.1552,43.8811],[10.2855,43.9813],[10.4101,43.9374],[10.509,44.0912],[10.6916,44.0912],[10.8244,44.2074],[11.0569,44.1244],[11.202,44.1426]]]},"properties":{"NAME":"Modena","ABBREVN":"Modena","SUBJECTO":"Austrian Empire","BORDERPRECISION":3,"PARTOF":"Modena"}},
{"type":"Feature","geometry":{"type":"Polygon","coordinates":[[[10.4101,43.9374],[10.2855,43.9813],[10.1552,43.8811],[10.2614,43.7452],[10.4101,43.9374]]]},"properties":{"NAME":"Massa","ABBREVN":"Massa","SUBJECTO":"Massa","BORDERPRECISION":3,"PARTOF":"Massa"}},
{"type":"Feature","geometry":{"type":"Polygon","coordinates":[[[8.8236,50.2293],[8.9709,49.4814],[9.0751,49.3772],[9.1585,49.398],[9.3045,49.6274],[9.4088,49.6691],[9.6381,49.5857],[9.6378,49.2939],[9.8049,49.3146],[9.7632,48.9601],[9.659,48.8767],[9.7215,48.6265],[9.7215,48.3555],[9.5756,48.2929],[9.6381,47.7091],[9.4641,47.6488],[9.6655,47.5562],[9.892,47.5635],[10.1995,47.301],[10.4031,47.4554],[10.3883,47.579],[10.8348,47.545],[10.9029,47.4152],[11.1703,47.4245],[11.5034,47.5357],[11.5596,47.613],[12.122,47.6284],[12.1633,47.7088],[12.4461,47.6624],[12.7001,47.6902],[12.7437,47.5635],[12.942,47.4832],[13.023,47.6624],[12.8475,47.7397],[12.9363,47.8727],[12.6942,48.1294],[12.8582,48.2316],[13.2936,48.3647],[13.3841,48.5939],[13.64,48.5382],[13.9467,48.6551],[13.7455,48.9399],[13.5782,49.0369],[13.2031,49.1662],[12.9453,49.3979],[12.8608,49.3656],[12.5363,49.5626],[12.4483,49.7061],[12.5542,50.0016],[12.3684,50.0456],[12.2523,50.2159],[12.1147,50.173],[11.8424,50.3274],[11.3062,50.1904],[11.2828,50.4594],[11.0361,50.531],[10.8892,50.4406],[10.9518,50.2321],[10.8683,49.961],[10.5764,49.961],[10.4305,50.0653],[10.1177,50.0653],[9.8883,50.378],[9.694,50.5049],[9.171,50.2753],[8.9096,50.3014],[8.8236,50.2293]]]},"properties":{"NAME":"Bavaria","ABBREVN":"Bavaria","SUBJECTO":"Bavaria","BORDERPRECISION":3,"PARTOF":"Bavaria"}},
{"type":"Feature","geometry":{"type":"Polygon","coordinates":[[[8.6351,47.7786],[8.6586,47.715],[8.9835,47.6796],[9.1181,47.6785],[9.2161,47.671],[9.4641,47.6488],[9.6381,47.7091],[9.5756,48.2929],[9.7215,48.3555],[9.7215,48.6265],[9.659,48.8767],[9.7632,48.9601],[9.8049,49.3146],[9.6378,49.2939],[9.4713,49.2104],[9.4278,49.0949],[9.2613,49.0632],[8.8867,48.7751],[8.7427,48.8327],[8.3681,48.4869],[8.0223,48.4581],[8.3969,47.9106],[8.5121,48.1123],[8.6825,47.97],[8.5943,47.8894],[8.6351,47.7786]]]},"properties":{"NAME":"Württemberg","ABBREVN":"Württemberg","SUBJECTO":"Württemberg","BORDERPRECISION":3,"PARTOF":"Württemberg"}},
{"type":"Feature","geometry":{"type":"Polygon","coordinates":[[[91.6078,27.6415],[91.5949,27.4637],[91.7418,27.3312],[91.8831,27.3003],[91.9989,27.193],[92.0063,27.0661],[91.9089,26.8053],[91.1618,26.7502],[90,26.3603],[90,25.9662],[91.4343,26.0976],[91.5657,26.0538],[91.4343,25.7911],[91.5657,25.7036],[91.4343,25.2658],[91.7408,25.0031],[91.5219,25.0031],[91.5657,24.3464],[91.303,24.3464],[91.2592,24.1275],[91.4781,24.0837],[91.8283,23.7335],[91.8283,23.5584],[91.9159,23.5146],[92.0472,23.6897],[93.4287,24.0779],[93.7938,23.9339],[94.1082,23.8786],[94.1848,23.9362],[94.7014,24.9487],[94.7016,25.0948],[94.6148,25.2784],[94.6352,25.3737],[95.0576,25.884],[95.1184,26.0557],[95.0929,26.3984],[95.1818,26.5576],[95.8327,26.9548],[96.1561,27.1852],[96.2967,27.2431],[96.5476,27.2065],[96.9315,27.1072],[97.0642,27.1333],[96.9816,27.4565],[97.0138,27.5837],[97.2819,27.8454],[97.3324,27.9536],[97.3404,28.1821],[97.0596,28.2186],[96.2546,28.3853],[96.4758,28.7102],[96.4553,28.8815],[95.9286,29.3798],[95.309,29.0018],[95.1393,28.9818],[94.7005,29.1253],[94.5717,29.2007],[94.4117,29.1617],[94.1662,29.027],[93.669,28.7005],[93.2956,28.5841],[93.0514,28.4177],[92.5461,27.9198],[92.3673,27.7981],[92.0461,27.7011],[91.693,27.6864],[91.6078,27.6415]]]},"properties":{"NAME":"Assam","ABBREVN":"Assam","SUBJECTO":"Assam","BORDERPRECISION":3,"PARTOF":"Assam"}},
{"type":"Feature","geometry":{"type":"Polygon","coordinates":[[[97.3404,28.1821],[97.3324,27.9536],[97.2819,27.8454],[97.0138,27.5837],[96.9816,27.4565],[97.0642,27.1333],[96.9315,27.1072],[96.5476,27.2065],[96.2967,27.2431],[96.1561,27.1852],[95.8327,26.9548],[95.1818,26.5576],[95.0929,26.3984],[95.1184,26.0557],[95.0576,25.884],[94.6352,25.3737],[94.6148,25.2784],[94.7016,25.0948],[94.7014,24.9487],[94.1848,23.9362],[94.1082,23.8786],[93.7938,23.9339],[93.4287,24.0779],[92.0472,23.6897],[92.1786,23.4271],[92.2661,22.9455],[92.5288,22.5953],[92.51,22.1104],[92.8923,21.9793],[93.0046,22.0371],[93.1277,22.2029],[93.318,21.73],[94.7024,20.016],[95.3616,18.0383],[95.1639,17.6428],[94.4653,17.6428],[94.4649,17.2643],[94.392,16.9084],[94.1434,16.2154],[94.1444,16.0057],[94.3041,15.9489],[94.4156,16.0762],[94.8193,16.2105],[94.7534,15.9372],[94.828,15.842],[94.9726,15.836],[95.1248,15.9951],[95.2202,16.0017],[95.223,15.8048],[95.3298,15.6779],[95.5523,15.8753],[95.7138,16.1552],[96.4692,16.5126],[96.6629,16.6972],[96.7341,16.888],[96.7704,17.3327],[96.8816,17.3457],[97.215,16.9398],[97.352,16.5272],[97.5732,16.4451],[97.6641,15.7909],[97.7423,15.0097],[97.823,14.616],[98.1989,13.6448],[98.4859,13.1118],[98.5968,12.7372],[98.6765,12.0512],[98.5883,11.8223],[98.6371,11.6572],[98.8674,11.645],[98.7384,11.4351],[98.6836,11.0855],[98.6053,10.863],[98.3979,10.5639],[98.4317,10.2019],[98.5932,10.1205],[98.6372,10.2886],[99.0919,11.0536],[99.5466,11.7551],[99.5811,11.8887],[99.3173,12.4398],[99.0976,12.9721],[99.1336,13.3725],[99.0945,13.6708],[99.003,13.8862],[98.4869,14.3723],[98.137,15.1896],[98.5029,15.3822],[98.5798,15.4716],[98.4756,16.0045],[98.5329,16.1064],[98.736,16.2093],[98.8236,16.3177],[98.7501,16.4697],[98.4595,16.938],[98.3931,17.0837],[97.9022,17.5126],[97.7876,17.5755],[97.706,18.0513],[97.3735,18.4494],[97.2749,18.5036],[97.3724,20.7798],[97.7735,21.3664],[98.1962,21.6085],[97.6952,23.8796],[97.5306,23.8921],[97.5309,24.0127],[97.6312,24.2736],[97.5241,24.8],[97.888,25.2719],[98.1072,25.3938],[98.3823,25.6302],[98.5754,25.9551],[98.7337,26.3432],[98.7254,26.7367],[98.6372,27.4787],[98.5717,27.5418],[98.216,27.5461],[98.1181,27.6852],[98.0087,28.0908],[97.83,28.2865],[97.603,28.4121],[97.4785,28.3923],[97.3404,28.1821]]]},"properties":{"NAME":"Burma","ABBREVN":"Burma","SUBJECTO":"Burma","BORDERPRECISION":3,"PARTOF":"Burma"}},
{"type":"Feature","geometry":{"type":"Polygon","coordinates":[[[88.2319,26.757],[88.6018,26.6404],[88.8675,26.9084],[88.7613,27.13],[88.8026,27.181],[88.7072,27.4788],[88.7307,27.8661],[88.5641,27.9794],[88.1973,27.8758],[88.0706,27.5234],[88.0389,27.129],[88.2319,26.757]]]},"properties":{"NAME":"Sikkim (Indian princely state)","ABBREVN":"Sikkim","SUBJECTO":"Sikkim (Indian princely state)","BORDERPRECISION":3,"PARTOF":"Sikkim (Indian princely state)"}},
{"type":"Feature","geometry":{"type":"Polygon","coordinates":[[[80.9056,28.4927],[80.7279,28.1623],[80.7963,27.8887],[80.4543,27.3415],[80.1806,27.2046],[80.1806,26.7258],[80.3174,26.6574],[80.5227,26.1102],[80.8647,26.1102],[81.2067,25.6313],[81.6171,25.6313],[81.9592,25.4261],[81.9592,25.2893],[82.3696,25.1525],[82.438,25.2209],[82.7116,25.2209],[83.3273,25.905],[83.122,26.0418],[83.122,26.4522],[83.6009,26.4522],[83.6693,26.9994],[83.9429,26.9994],[83.8743,27.382],[83.6573,27.501],[83.4307,27.501],[83.324,27.3746],[83.1872,27.4638],[82.8118,27.5382],[82.73,27.7168],[82.4879,27.6871],[82.0253,27.9549],[81.9212,27.8805],[81.3624,28.1856],[81.225,28.4236],[80.9056,28.4927]]]},"properties":{"NAME":"Oudh","ABBREVN":"Oudh","SUBJECTO":"Oudh","BORDERPRECISION":3,"PARTOF":"Oudh"}},
{"type":"Feature","geometry":{"type":"Polygon","coordinates":[[[75.2403,14.1547],[75.2085,14.0486],[75.0013,14.0486],[74.9584,13.8635],[75.2348,13.5872],[75.5611,12.5083],[75.663,12.4517],[75.8328,12.5536],[76.0591,12.0782],[76.161,12.0782],[76.3194,12.2027],[76.4553,12.1801],[76.4782,11.7358],[76.7546,11.5976],[76.6164,11.4042],[76.7822,11.1002],[76.9204,11.0449],[77.3625,11.1831],[77.1655,11.4458],[77.4739,11.5236],[77.4513,11.6934],[77.655,11.7274],[77.8814,11.6595],[77.9606,11.75],[77.8361,11.9085],[78.1304,12.1575],[78.2662,12.033],[78.6058,12.248],[78.7869,12.7687],[78.47,12.7687],[78.3907,13.0403],[77.9719,13.0969],[77.6324,13.1988],[77.5645,13.4138],[77.3721,13.4138],[77.2928,13.1535],[77.0325,13.244],[76.7948,13.1874],[76.7495,13.493],[76.9759,13.4704],[77.0778,13.6289],[76.8514,13.7421],[76.659,13.6855],[76.5571,13.9118],[76.5345,14.2853],[76.2176,14.4778],[76.1497,14.3646],[76.3421,14.2401],[76.3987,14.025],[76.2296,13.9188],[76.0638,14.0017],[75.8151,13.9188],[75.6769,14.1122],[75.4006,14.1122],[75.2403,14.1547]]]},"properties":{"NAME":"Mysore (Indian princely state)","ABBREVN":"Mysore","SUBJECTO":"Mysore (Indian princely state)","BORDERPRECISION":3,"PARTOF":"Mysore (Indian princely state)"}},
{"type":"Feature","geometry":{"type":"Polygon","coordinates":[[[76.294,9.9849],[76.3853,9.7477],[76.5379,9.119],[76.6624,8.8842],[76.7035,8.7064],[77.3414,8.0533],[77.4844,8.0282],[77.848,8.2327],[77.4461,8.4397],[77.3612,8.7792],[77.3612,9.0764],[77.4885,9.232],[77.4885,9.3452],[77.3895,9.4159],[77.3187,10.0667],[77.1207,10.0667],[76.9226,10.1658],[76.7387,10.2082],[76.6113,10.3638],[76.4698,10.2931],[76.5547,10.1516],[76.294,9.9849]]]},"properties":{"NAME":"Travancore","ABBREVN":"Travancore","SUBJECTO":"Travancore","BORDERPRECISION":3,"PARTOF":"Travancore"}},
{"type":"Feature","geometry":{"type":"Polygon","coordinates":[[[77.6802,30.3688],[77.5919,30.3953],[77.5919,29.9636],[77.1601,29.834],[76.9442,29.7045],[77.0737,29.2727],[77.4192,29.2296],[77.376,29.1],[77.1601,29.1],[76.9442,28.9705],[76.8579,28.9705],[76.642,28.7978],[76.642,28.7114],[76.901,28.7114],[77.0737,28.4524],[76.8579,28.1933],[76.8147,27.8047],[76.9442,27.6752],[77.0306,27.8479],[77.2033,27.7184],[77.4192,27.9343],[77.5487,27.9343],[77.5487,27.5457],[77.8077,27.5888],[78.1532,26.9844],[78.369,26.7685],[78.1963,26.4231],[78.2395,26.2072],[78.4986,26.4662],[78.9735,26.4662],[79.0167,26.2504],[78.8872,25.9913],[78.8872,25.8618],[79.2757,25.7322],[79.2757,25.43],[79.4485,25.3437],[79.9234,25.3437],[80.2688,25.5164],[80.6574,25.2573],[80.571,24.9982],[80.8733,25.0846],[81.0892,24.8687],[81.046,24.696],[81.1323,24.6528],[81.2187,24.4369],[81.7368,24.7824],[81.8663,24.5665],[82.2118,24.7392],[82.4276,24.3506],[82.3413,24.1779],[82.6867,24.0052],[83.0321,23.8757],[83.248,23.9188],[83.4639,23.7893],[83.5502,23.1848],[83.8525,23.0121],[84.1547,23.0553],[84.5865,22.6667],[84.2842,22.1054],[84.7592,22.1486],[85.1046,22.0191],[85.3205,22.1486],[85.3205,21.76],[85.8818,21.5441],[85.9681,21.6305],[85.9681,22.0191],[85.7522,22.0622],[85.9681,22.3645],[86.2704,22.2349],[86.3567,21.8032],[86.8748,21.5873],[86.4862,21.4146],[86.3135,21.2419],[85.2341,21.026],[85.2341,20.7669],[85.4068,20.5511],[85.3637,20.2056],[84.9751,20.2056],[84.6728,20.292],[84.4569,20.1625],[84.716,19.9034],[84.716,19.7739],[84.4569,19.7739],[84.1547,19.5148],[83.982,19.5148],[84.0684,20.0761],[83.9388,20.1625],[83.5502,19.9466],[83.3775,20.3352],[82.9458,20.3783],[82.9026,20.3352],[82.5572,20.3783],[82.2981,20.1625],[82.0391,20.4647],[81.8663,20.4647],[81.9959,20.2488],[81.7023,19.4716],[81.8059,18.7117],[82.1168,18.3318],[81.9095,18.09],[81.4259,18.5045],[81.2187,18.539],[81.046,18.4009],[80.8387,17.8827],[80.8387,17.5028],[80.6453,17.4061],[80.59,17.2679],[80.4795,17.6548],[80.0374,18.1522],[79.9622,18.077],[80.0153,17.9178],[79.9269,17.8471],[80.2629,17.5111],[80.1391,17.3342],[80.369,17.2104],[80.3966,17.0745],[81.0322,17.0745],[81.1427,16.9916],[80.8111,16.9087],[80.4795,16.6876],[80.369,16.5771],[80.1825,16.5356],[79.9407,16.7429],[79.837,16.4665],[79.6643,16.5702],[79.3189,16.3284],[79.4226,16.0175],[79.2153,15.9484],[78.7663,15.9484],[78.1791,15.7412],[76.9356,15.4303],[76.6247,15.2576],[76.4175,14.8086],[76.072,14.6704],[75.9684,14.8086],[75.7266,14.6704],[75.3121,14.3941],[75.2403,14.1547],[75.4006,14.1122],[75.6769,14.1122],[75.8151,13.9188],[76.0638,14.0017],[76.2296,13.9188],[76.3987,14.025],[76.3421,14.2401],[76.1497,14.3646],[76.2176,14.4778],[76.5345,14.2853],[76.5571,13.9118],[76.659,13.6855],[76.8514,13.7421],[77.0778,13.6289],[76.9759,13.4704],[76.7495,13.493],[76.7948,13.1874],[77.0325,13.244],[77.2928,13.1535],[77.3721,13.4138],[77.5645,13.4138],[77.6324,13.1988],[77.9719,13.0969],[78.3907,13.0403],[78.47,12.7687],[78.7869,12.7687],[78.6058,12.248],[78.2662,12.033],[78.1304,12.1575],[77.8361,11.9085],[77.9606,11.75],[77.8814,11.6595],[77.655,11.7274],[77.4513,11.6934],[77.4739,11.5236],[77.1655,11.4458],[77.3625,11.1831],[76.9204,11.0449],[76.7822,11.1002],[76.6164,11.4042],[76.7546,11.5976],[76.4782,11.7358],[76.4553,12.1801],[76.3194,12.2027],[76.161,12.0782],[76.0591,12.0782],[75.8328,12.5536],[75.663,12.4517],[75.5611,12.5083],[75.2348,13.5872],[74.9584,13.8635],[75.0013,14.0486],[74.8976,14.5322],[74.5997,14.6757],[74.5823,14.5024],[74.4214,14.3755],[74.7336,13.6834],[74.9617,12.877],[75.2109,12.1024],[75.6518,11.4235],[76.0751,10.554],[76.294,9.9849],[76.5547,10.1516],[76.4698,10.2931],[76.6113,10.3638],[76.7387,10.2082],[76.9226,10.1658],[77.1207,10.0667],[77.3187,10.0667],[77.3895,9.4159],[77.4885,9.3452],[77.4885,9.232],[77.3612,9.0764],[77.3612,8.7792],[77.4461,8.4397],[77.848,8.2327],[78.0649,8.3853],[78.1358,8.4998],[78.1811,8.8112],[78.3138,8.9958],[78.6601,9.1236],[78.7976,9.1302],[79.1596,9.2772],[78.9377,9.4355],[78.9266,9.4927],[79.0723,9.7599],[79.2225,10.1922],[79.3063,10.2559],[79.7899,10.2506],[79.8263,10.3587],[79.7318,11.1527],[79.7107,11.4449],[79.7694,11.731],[80.2238,12.8311],[80.3135,13.1045],[80.3199,13.3332],[80.0759,13.6694],[80.1697,13.892],[80.1617,14.2541],[80.0871,14.9464],[80.0894,15.1752],[80.1634,15.3913],[80.3002,15.6457],[80.4598,15.7731],[80.736,15.8373],[80.9631,15.7234],[81.0879,15.8268],[81.2531,16.2259],[81.3691,16.3469],[81.5968,16.3029],[81.789,16.3287],[82.0814,16.4627],[82.2346,16.6473],[82.2674,16.857],[82.354,17.0859],[82.5464,17.2261],[83.077,17.5004],[83.3814,17.7107],[83.6847,18.0834],[83.9877,18.2075],[84.2627,18.4558],[84.6588,18.9331],[84.9066,19.1814],[85.1132,19.4423],[85.3791,19.6054],[85.9089,19.7235],[86.1192,19.8065],[86.6324,20.2036],[86.6379,20.3191],[86.9261,20.6913],[86.8442,20.8753],[86.7962,21.1357],[86.9372,21.2884],[87.6407,21.5631],[87.8675,21.697],[88.053,21.9387],[88.2479,21.5961],[88.3771,21.5773],[88.5676,21.8954],[88.657,21.8574],[88.7235,21.54],[88.8809,21.5149],[89.0723,21.7743],[89.2339,21.6554],[89.4566,21.9417],[89.579,21.7006],[89.7963,21.8321],[89.8697,22.1332],[90,21.9303],[90,22.561],[91.0814,22.5613],[91.4102,22.7208],[91.5711,22.5433],[91.8459,21.9087],[91.946,21.3626],[92.1237,20.9964],[92.237,21.15],[92.5976,21.387],[92.51,22.1104],[92.5288,22.5953],[92.2661,22.9455],[92.1786,23.4271],[92.0472,23.6897],[91.9159,23.5146],[91.8283,23.5584],[91.8283,23.7335],[91.4781,24.0837],[91.2592,24.1275],[91.303,24.3464],[91.5657,24.3464],[91.5219,25.0031],[91.7408,25.0031],[91.4343,25.2658],[91.5657,25.7036],[91.4343,25.7911],[91.5657,26.0538],[91.4343,26.0976],[90,25.9662],[90,26.3603],[91.1618,26.7502],[90,26.7787],[89.8344,26.6854],[89.4053,26.7909],[89.1538,26.8275],[88.8675,26.9084],[88.6018,26.6404],[88.2319,26.757],[88.0922,26.4445],[87.9407,26.4668],[87.6322,26.4073],[87.5101,26.4445],[87.3493,26.385],[87.1696,26.4371],[87.0494,26.6008],[86.7765,26.4668],[86.3954,26.6305],[86.0712,26.6975],[85.9005,26.5933],[85.7599,26.7049],[85.7754,26.8537],[85.6342,26.8835],[85.3714,26.757],[85.0933,26.8761],[84.9647,27.0025],[84.6664,27.0695],[84.7113,27.2704],[84.6477,27.3746],[84.3584,27.4043],[84.1361,27.5382],[83.8743,27.382],[83.9429,26.9994],[83.6693,26.9994],[83.6009,26.4522],[83.122,26.4522],[83.122,26.0418],[83.3273,25.905],[82.7116,25.2209],[82.438,25.2209],[82.3696,25.1525],[81.9592,25.2893],[81.9592,25.4261],[81.6171,25.6313],[81.2067,25.6313],[80.8647,26.1102],[80.5227,26.1102],[80.3174,26.6574],[80.1806,26.7258],[80.1806,27.2046],[80.4543,27.3415],[80.7963,27.8887],[80.7279,28.1623],[80.9056,28.4927],[80.6092,28.7064],[80.3995,28.6692],[80.1159,28.8403],[80.0983,28.9519],[79.7075,29.3591],[79.6212,28.9273],[79.4485,28.7978],[79.2757,28.3228],[79.0167,28.3228],[78.8872,28.5387],[79.0599,29.7477],[78.9735,29.834],[78.3259,29.834],[78.0236,30.2658],[77.6802,30.3688]]]},"properties":{"NAME":"British East India Company","ABBREVN":"British East India Company","SUBJECTO":"British East India Company","BORDERPRECISION":3,"PARTOF":"British East India Company"}},
{"type":"Feature","geometry":{"type":"Polygon","coordinates":[[[74.5997,14.6757],[74.5303,14.8317],[74.3917,14.9184],[74.1531,14.8495],[74.4214,14.3755],[74.5823,14.5024],[74.5997,14.6757]]]},"properties":{"NAME":"Goa","ABBREVN":"Goa","SUBJECTO":"Goa","BORDERPRECISION":3,"PARTOF":"Goa"}},
{"type":"Feature","geometry":{"type":"Polygon","coordinates":[[[31.9997,-1.28],[33.5067,0.1041],[33.4142,1.0289],[33.1923,1.7502],[32.7484,2.194],[31.3798,2.1385],[30.64,1.2138],[30.64,0.5665],[30.2952,-0.7592],[31.3369,-0.9959],[31.9997,-1.28]]]},"properties":{"NAME":"Buganda","ABBREVN":"Buganda","SUBJECTO":"Buganda","BORDERPRECISION":3,"PARTOF":"Buganda"}},
{"type":"Feature","geometry":{"type":"Polygon","coordinates":[[[30.2952,-0.7592],[30.64,0.5665],[30.64,1.2138],[31.3798,2.1385],[31.4723,3.1558],[29.7271,3.7387],[28.4487,3.502],[27.7385,2.1289],[27.6912,0.7559],[27.7859,-0.3804],[27.9279,-0.8066],[29.6797,-0.9013],[30.2952,-0.7592]]]},"properties":{"NAME":"Bunyoro","ABBREVN":"Bunyoro","SUBJECTO":"Bunyoro","BORDERPRECISION":3,"PARTOF":"Bunyoro"}},
{"type":"Feature","geometry":{"type":"Polygon","coordinates":[[[27.9279,-0.8066],[26.981,-1.8008],[27.0283,-2.227],[27.8806,-2.7478],[29.7744,-2.4637],[30.9581,-2.511],[31.905,-2.4637],[31.9997,-1.28],[31.3369,-0.9959],[30.2952,-0.7592],[29.6797,-0.9013],[27.9279,-0.8066]]]},"properties":{"NAME":"Nkore","ABBREVN":"Nkore","SUBJECTO":"Nkore","BORDERPRECISION":3,"PARTOF":"Nkore"}},
{"type":"Feature","geometry":{"type":"Polygon","coordinates":[[[26.8863,-5.92],[27.9753,-5.8253],[29.5377,-5.92],[30.5793,-6.0147],[31.5736,-5.8253],[32.2365,-5.3518],[32.5205,-4.1208],[32.2365,-3.0792],[31.905,-2.4637],[30.9581,-2.511],[29.7744,-2.4637],[27.8806,-2.7478],[27.4545,-2.9372],[27.123,-3.2686],[26.9336,-3.5527],[26.6496,-4.5469],[26.7443,-5.2571],[26.8863,-5.92]]]},"properties":{"NAME":"Rwanda","ABBREVN":"Rwanda","SUBJECTO":"Rwanda","BORDERPRECISION":3,"PARTOF":"Rwanda"}},
{"type":"Feature","geometry":{"type":"Polygon","coordinates":[[[26.8863,-5.92],[26.981,-6.6302],[26.7443,-8.382],[27.3124,-8.7608],[31.0054,-8.7608],[32.2365,-8.6187],[32.6626,-7.9085],[32.6626,-6.9616],[32.2365,-5.3518],[31.5736,-5.8253],[30.5793,-6.0147],[29.5377,-5.92],[27.9753,-5.8253],[26.8863,-5.92]]]},"properties":{"NAME":"Burundi","ABBREVN":"Burundi","SUBJECTO":"Burundi","BORDERPRECISION":3,"PARTOF":"Burundi"}},
{"type":"Feature","geometry":{"type":"Polygon","coordinates":[[[33.3427,-15.7065],[34.287,-15.9164],[35.1719,-15.5787],[35.0773,-14.2056],[34.5564,-13.2114],[34.4144,-12.2171],[34.4617,-11.6016],[33.5148,-11.2228],[33.136,-11.3175],[32.9467,-12.7853],[32.272,-13.8861],[31.1475,-14.3003],[30.8516,-15.0697],[31.0291,-15.7207],[32.5131,-15.6197],[33.3427,-15.7065]]]},"properties":{"NAME":"Kazembe","ABBREVN":"Kazembe","SUBJECTO":"Kazembe","BORDERPRECISION":3,"PARTOF":"Kazembe"}},
{"type":"Feature","geometry":{"type":"Polygon","coordinates":[[[29.5495,-15.3656],[29.1944,-14.5963],[28.7802,-14.182],[26.6496,-14.1228],[24.5781,-13.235],[23.8679,-13.235],[23.2169,-14.0636],[23.3945,-16.4309],[22.8026,-17.7922],[23.572,-18.4432],[25.7618,-18.384],[27.8332,-18.6799],[29.1944,-17.2003],[29.5495,-16.135],[29.5495,-15.3656]]]},"properties":{"NAME":"Lozi","ABBREVN":"Lozi","SUBJECTO":"Lozi","BORDERPRECISION":3,"PARTOF":"Lozi"}},
{"type":"Feature","geometry":{"type":"Polygon","coordinates":[[[12.3009,-14.5602],[14.4427,-12.6404],[14.6777,-11.7592],[14.3684,-9.6379],[14.2665,-8.9393],[14.3253,-8.2343],[14.0903,-7.7055],[13.5615,-7.5293],[13.0231,-7.6054],[13.3871,-8.1557],[13.4768,-8.416],[13.4795,-8.6321],[13.4314,-8.8228],[13.1459,-9.0649],[13.0838,-9.2875],[13.2039,-9.6367],[13.418,-9.9858],[13.6394,-10.303],[13.7299,-10.5443],[13.8163,-10.9763],[13.8371,-11.3575],[13.8132,-11.6562],[13.649,-12.1968],[13.3386,-12.6486],[13.0507,-12.7509],[12.9305,-12.91],[12.8481,-13.1644],[12.5854,-13.4637],[12.4407,-13.877],[12.3329,-14.3158],[12.3009,-14.5602]]]},"properties":{"NAME":"Angola","ABBREVN":"Angola","SUBJECTO":"Angola","BORDERPRECISION":3,"PARTOF":"Angola"}},
{"type":"Feature","geometry":{"type":"Polygon","coordinates":[[[13.0231,-7.6054],[13.5615,-7.5293],[14.0903,-7.7055],[14.1027,-7.3759],[14.3986,-7.1984],[14.8721,-7.3759],[14.9905,-7.1984],[15.0496,-6.0147],[14.5762,-4.7718],[14.1027,-4.9494],[13.2741,-5.778],[13.215,-6.1331],[12.8007,-5.9555],[12.3717,-6.2578],[12.7957,-6.8606],[12.877,-7.0511],[12.9686,-7.5148],[13.0231,-7.6054]]]},"properties":{"NAME":"Congo","ABBREVN":"Congo","SUBJECTO":"Congo","BORDERPRECISION":3,"PARTOF":"Congo"}},
{"type":"Feature","geometry":{"type":"Polygon","coordinates":[[[22.5885,-34.1346],[22.5067,-33.7125],[22.0924,-33.3574],[20.4945,-33.1206],[20.1986,-31.9961],[19.9618,-31.8778],[18.3357,-32.3388],[18.3087,-32.7075],[18.2315,-32.8983],[17.9455,-32.918],[17.8676,-32.9944],[18.0731,-33.2228],[18.4591,-33.8321],[18.4128,-34.0229],[18.2929,-34.2456],[18.4872,-34.3977],[18.5703,-34.1942],[18.7242,-34.2193],[18.8401,-34.4351],[18.9664,-34.3967],[19.1814,-34.4217],[19.2793,-34.5041],[19.3209,-34.7329],[19.8838,-34.9923],[20.2561,-34.6229],[20.5148,-34.5334],[20.8469,-34.5009],[21.3455,-34.5444],[21.6693,-34.5056],[21.9972,-34.2634],[22.2621,-34.1675],[22.5885,-34.1346]]]},"properties":{"NAME":"Cape Colony","ABBREVN":"Cape Colony","SUBJECTO":"Cape Colony","BORDERPRECISION":3,"PARTOF":"Cape Colony"}},
{"type":"Feature","geometry":{"type":"Polygon","coordinates":[[[25.6185,-33.9191],[25.6322,-32.3836],[24.519,-32.5288],[23.0986,-32.0553],[22.0333,-31.1676],[21.4414,-30.99],[20.0802,-31.2268],[19.0149,-31.1084],[17.4321,-30.5705],[17.5665,-30.8278],[17.9039,-31.2911],[18.1786,-31.8053],[18.3357,-32.3388],[19.9618,-31.8778],[20.1986,-31.9961],[20.4945,-33.1206],[22.0924,-33.3574],[22.5067,-33.7125],[22.5885,-34.1346],[22.6818,-34.1031],[23.1889,-34.2419],[23.4992,-34.0697],[23.7429,-34.0755],[24.0847,-34.1511],[24.4299,-34.3347],[24.6935,-34.3087],[24.9286,-34.0794],[25.0647,-34.0728],[25.5159,-34.1736],[25.6185,-33.9191]]]},"properties":{"NAME":"Dutch East Indies","ABBREVN":"Dutch East Indies","SUBJECTO":"Netherlands","BORDERPRECISION":3,"PARTOF":"Dutch East Indies"}},
{"type":"Feature","geometry":{"type":"Polygon","coordinates":[[[29.0864,-32.1267],[28.4251,-31.1676],[27.8924,-31.1084],[27.0047,-31.8778],[25.8802,-32.3512],[25.6322,-32.3836],[25.6185,-33.9191],[25.8657,-33.8868],[26.3067,-33.8923],[26.6587,-33.8471],[26.963,-33.713],[27.6564,-33.2539],[28.2769,-32.7632],[28.9219,-32.2979],[29.0864,-32.1267]]]},"properties":{"NAME":"Xhosa","ABBREVN":"Xhosa","SUBJECTO":"Xhosa","BORDERPRECISION":3,"PARTOF":"Xhosa"}},
{"type":"Feature","geometry":{"type":"Polygon","coordinates":[[[30.2948,-30.9202],[30.6749,-30.4383],[31.297,-29.5472],[31.5631,-29.2098],[31.9783,-28.9483],[32.2347,-28.7444],[32.3462,-28.5853],[32.3932,-28.3754],[32.3034,-28.1341],[32.3455,-28.026],[32.5274,-27.9811],[32.609,-27.8983],[32.7672,-27.5166],[32.8874,-26.7151],[32.5679,-26.6105],[32.0944,-26.2554],[28.721,-28.4451],[28.4251,-28.9186],[28.6026,-29.2737],[30.2948,-30.9202]]]},"properties":{"NAME":"Zulu","ABBREVN":"Zulu","SUBJECTO":"Zulu","BORDERPRECISION":3,"PARTOF":"Zulu"}},
{"type":"Feature","geometry":{"type":"Polygon","coordinates":[[[32.9449,-25.5396],[32.6271,-25.3676],[32.0944,-25.6043],[32.0944,-26.2554],[32.5679,-26.6105],[32.8874,-26.7151],[32.896,-26.3723],[32.631,-26.2203],[32.4997,-26.0681],[32.6511,-25.839],[32.9449,-25.5396]]]},"properties":{"NAME":"Delagoa Bay","ABBREVN":"Delagoa Bay","SUBJECTO":"Delagoa Bay","BORDERPRECISION":3,"PARTOF":"Delagoa Bay"}},
{"type":"Feature","geometry":{"type":"Polygon","coordinates":[[[48.0221,-17.9993],[47.4821,-16.9044],[46.6535,-17.733],[46.1283,-20.6625],[44.9446,-22.3789],[45.7732,-22.734],[46.6609,-23.2666],[47.3711,-21.0176],[48.318,-20.0707],[48.4956,-18.887],[48.9099,-17.9993],[48.0221,-17.9993]]]},"properties":{"NAME":"Expansionist Kingdom of Merina","ABBREVN":"Merina","SUBJECTO":"Expansionist Kingdom of Merina","BORDERPRECISION":3,"PARTOF":"Expansionist Kingdom of Merina"}},
{"type":"Feature","geometry":{"type":"Polygon","coordinates":[[[-0.5173,6.1503],[-0.5895,7.5235],[-0.3798,8.0829],[-0.1457,8.7072],[-0.7375,9.0031],[-2.2171,8.7811],[-3.441,8.9997],[-4.2885,9.151],[-4.8803,8.7811],[-4.9543,8.0413],[-4.5104,6.1919],[-4.5752,5.2494],[-3.9416,5.266],[-3.3506,5.1529],[-3.1346,5.1406],[-3.0271,5.268],[-2.9335,5.2745],[-2.7497,5.0956],[-2.7794,5.4289],[-0.5299,6.1506],[-0.5173,6.1503]]]},"properties":{"NAME":"Asante","ABBREVN":"Asante","SUBJECTO":"Asante","BORDERPRECISION":3,"PARTOF":"Asante"}},
{"type":"Feature","geometry":{"type":"Polygon","coordinates":[[[2.6168,6.3414],[2.1477,8.1153],[0.3722,8.3373],[-0.3798,8.0829],[-0.5895,7.5235],[-0.5173,6.1503],[-0.161,6.2038],[0.1703,6.3753],[1.5804,6.8278],[1.7133,6.3455],[1.761,6.2532],[2.6168,6.3414]]]},"properties":{"NAME":"Oyo","ABBREVN":"Oyo","SUBJECTO":"Oyo","BORDERPRECISION":3,"PARTOF":"Oyo"}},
{"type":"Feature","geometry":{"type":"Polygon","coordinates":[[[-2.7497,5.0956],[-2.7165,5.0399],[-2.291,4.8438],[-2.0312,4.6982],[-1.6002,4.9533],[-1.1761,5.1385],[-0.6078,5.3177],[-0.1189,5.5729],[0.0898,5.656],[0.5361,5.7205],[0.8026,5.7147],[0.9394,5.7595],[1.1764,6.0841],[1.3418,6.1798],[1.761,6.2532],[1.7133,6.3455],[1.5804,6.8278],[0.1703,6.3753],[0.0809,6.3466],[-0.5175,6.1546],[-0.5299,6.1506],[-2.7794,5.4289],[-2.7497,5.0956]]]},"properties":{"NAME":"Fante","ABBREVN":"Fante","SUBJECTO":"Fante","BORDERPRECISION":3,"PARTOF":"Fante"}},
{"type":"Feature","geometry":{"type":"Polygon","coordinates":[[[-0.7375,9.0031],[-0.2936,11.6663],[-0.1457,12.85],[-0.6635,15.2173],[-1.1814,15.7352],[-2.7349,15.8831],[-3.3268,15.5132],[-3.9926,13.6638],[-3.9926,11.4444],[-3.441,8.9997],[-2.2171,8.7811],[-0.7375,9.0031]]]},"properties":{"NAME":"Mossi States","ABBREVN":"Mossi States","SUBJECTO":"Mossi States","BORDERPRECISION":3,"PARTOF":"Mossi States"}},
{"type":"Feature","geometry":{"type":"Polygon","coordinates":[[[7.1757,4.5275],[6.7344,5.0082],[6.7344,5.5261],[7.1783,6.2658],[6.3645,6.9317],[5.6247,6.6357],[5.3834,5.6102],[5.4482,5.4769],[5.333,5.2479],[5.4195,4.9558],[5.6066,4.6321],[5.8513,4.4293],[6.0888,4.3281],[6.6502,4.323],[6.8445,4.2916],[7.0462,4.5081],[7.1757,4.5275]]]},"properties":{"NAME":"Sotho","ABBREVN":"Sotho","SUBJECTO":"Sotho","BORDERPRECISION":3,"PARTOF":"Sotho"}},
{"type":"Feature","geometry":{"type":"Polygon","coordinates":[[[-4.5844,17.0668],[-5.5461,17.2147],[-7.3216,16.179],[-11.3905,16.1051],[-12.5742,15.2173],[-12.2782,11.6663],[-11.4645,11.2224],[-8.7272,11.2224],[-5.2502,10.1867],[-4.7324,10.8525],[-4.9543,11.5184],[-4.2145,15.8831],[-4.5844,17.0668]]]},"properties":{"NAME":"Kaarta","ABBREVN":"Kaarta","SUBJECTO":"Kaarta","BORDERPRECISION":3,"PARTOF":"Kaarta"}},
{"type":"Feature","geometry":{"type":"Polygon","coordinates":[[[-16.8704,14.3635],[-16.0512,15.0694],[-15.7553,16.253],[-16.4501,16.1184],[-16.6003,15.7495],[-16.8648,15.2977],[-17.1902,14.9602],[-17.4332,14.8072],[-17.2205,14.725],[-17.0501,14.5856],[-16.8704,14.3635]]]},"properties":{"NAME":"Senegal","ABBREVN":"Senegal","SUBJECTO":"Senegal","BORDERPRECISION":3,"PARTOF":"Senegal"}},
{"type":"Feature","geometry":{"type":"MultiPolygon","coordinates":[[[[-16.8704,14.3635],[-16.6967,14.0779],[-16.6404,13.8429],[-16.4709,13.7225],[-16.4943,13.4747],[-16.6894,13.4488],[-16.7671,13.3597],[-16.7763,13.1245],[-16.7255,12.7878],[-16.7721,12.5971],[-16.6958,12.413],[-16.5666,12.3098],[-15.4593,12.4801],[-15.158,11.8761],[-15.213,11.7171],[-15.3613,11.5198],[-15.4158,11.3354],[-15.3414,11.2212],[-15.0294,11.1583],[-15.018,10.9168],[-14.8209,10.8029],[-14.5749,10.7843],[-14.5509,10.6446],[-14.5914,10.4665],[-14.4664,10.3334],[-14.058,10.0801],[-13.6801,9.9156],[-13.6256,9.6234],[-13.2817,9.2747],[-13.1414,9.0271],[-13.1643,8.8508],[-13.0312,9.0018],[-11.4645,8.6332],[-11.046,7.3087],[-11.4654,6.8439],[-11.1683,6.5975],[-10.7626,6.3569],[-10.4371,6.2051],[-9.9373,5.8631],[-9.2479,5.1719],[-8.7925,4.9187],[-8.2433,4.6403],[-7.5286,4.3368],[-7.4134,4.3307],[-7.0979,4.522],[-6.3155,4.8732],[-5.5754,5.129],[-5,5.2383],[-4.5752,5.2494],[-4.5104,6.1919],[-4.9543,8.0413],[-4.8803,8.7811],[-4.2885,9.151],[-3.441,8.9997],[-3.9926,11.4444],[-3.9926,13.6638],[-3.3268,15.5132],[-2.7349,15.8831],[-1.1814,15.7352],[-0.6635,15.2173],[-0.1457,12.85],[-0.2936,11.6663],[-0.7375,9.0031],[-0.1457,8.7072],[-0.3798,8.0829],[0.3722,8.3373],[2.1477,8.1153],[2.6168,6.3414],[3.4597,6.3813],[3.611,6.4134],[3.7189,6.5471],[3.9495,6.5794],[4.0721,6.4398],[4.6341,6.2123],[4.8863,6.0031],[5.0952,5.7558],[5.1529,5.6415],[5.3834,5.6102],[5.6247,6.6357],[6.3645,6.9317],[7.1783,6.2658],[6.7344,5.5261],[6.7344,5.0082],[7.1757,4.5275],[7.4491,4.4073],[8.1402,4.466],[8.3276,4.6126],[8.263,4.7459],[8.328,4.8413],[8.6372,4.6832],[8.8747,4.6201],[8.9249,4.5249],[8.9533,4.2835],[9.0322,4.1375],[9.2839,4.0173],[9.543,4.0433],[9.6509,4.0181],[9.7802,3.8532],[9.5857,3.6748],[9.7652,3.3829],[9.8513,3.148],[9.9231,2.824],[9.8008,2.379],[9.8943,2.1377],[9.8513,1.8771],[9.7006,1.6162],[9.4995,1.3806],[9.3704,1.1707],[9.6222,1.0886],[9.644,0.9552],[9.5656,0.6119],[9.3501,0.5352],[9.6022,0.3323],[9.8542,0.174],[9.8833,0.0788],[9.4734,0.116],[9.3025,-0.4563],[9.2025,-0.6344],[8.8152,-0.8958],[8.9814,-1.0988],[9.1119,-1.3527],[9.3207,-1.4158],[9.4653,-1.5934],[9.2432,-1.7718],[9.6564,-2.4191],[9.8939,-2.444],[10.0601,-2.5707],[9.9314,-2.7108],[10.5247,-3.237],[10.6412,-3.4464],[10.8805,-3.6937],[11.134,-3.9156],[11.7726,-4.537],[11.949,-4.9242],[12.2265,-5.3621],[12.2635,-5.47],[12.1942,-5.7752],[12.3717,-6.2578],[12.8007,-5.9555],[13.215,-6.1331],[13.2741,-5.778],[14.1027,-4.9494],[14.5762,-4.7718],[15.0496,-6.0147],[14.9905,-7.1984],[14.8721,-7.3759],[14.3986,-7.1984],[14.1027,-7.3759],[14.0903,-7.7055],[14.3253,-8.2343],[14.2665,-8.9393],[14.3684,-9.6379],[14.6777,-11.7592],[14.4427,-12.6404],[12.3009,-14.5602],[12.2506,-14.9451],[12.1772,-15.2757],[12.06,-15.5937],[11.782,-15.8675],[11.8026,-16.522],[11.7746,-17.5961],[11.7947,-17.8439],[11.8497,-18.0217],[12.0795,-18.4914],[12.5243,-19.0624],[12.9294,-19.7416],[13.3076,-20.4716],[13.8036,-21.4428],[13.9576,-21.6903],[14.4155,-22.2677],[14.5327,-22.4962],[14.5768,-22.7313],[14.5244,-22.9411],[14.3961,-23.0748],[14.409,-23.2527],[14.6676,-24.4215],[14.909,-25.0183],[14.9098,-25.2344],[14.8433,-25.6222],[14.9474,-26.0097],[15.1532,-26.3333],[15.0756,-26.6068],[15.1369,-26.8291],[15.2919,-27.1529],[15.4538,-27.6165],[15.6598,-27.8893],[16.1282,-28.3395],[16.5302,-28.7709],[16.7883,-29.1389],[17.3543,-30.4215],[17.4321,-30.5705],[19.0149,-31.1084],[20.0802,-31.2268],[21.4414,-30.99],[22.0333,-31.1676],[23.0986,-32.0553],[24.519,-32.5288],[25.6322,-32.3836],[25.8802,-32.3512],[27.0047,-31.8778],[27.8924,-31.1084],[28.4251,-31.1676],[29.0864,-32.1267],[29.2951,-31.9094],[29.8319,-31.4316],[30.2948,-30.9202],[28.6026,-29.2737],[28.4251,-28.9186],[28.721,-28.4451],[32.0944,-26.2554],[32.0944,-25.6043],[32.6271,-25.3676],[32.9449,-25.5396],[33.3473,-25.3036],[34.015,-25.0607],[34.5848,-24.8752],[34.8837,-24.722],[35.198,-24.4798],[35.4301,-24.2251],[35.5122,-23.939],[35.2974,-23.825],[34.4969,-23.2613],[34.0772,-20.0086],[33.9722,-18.9593],[34.1821,-18.5396],[34.9166,-18.3297],[34.8117,-17.5952],[33.9722,-16.6509],[33.3427,-15.7065],[32.5131,-15.6197],[31.0291,-15.7207],[30.8516,-15.0697],[31.1475,-14.3003],[32.272,-13.8861],[32.9467,-12.7853],[33.136,-11.3175],[33.5148,-11.2228],[34.4617,-11.6016],[34.4144,-12.2171],[34.5564,-13.2114],[35.0773,-14.2056],[35.1719,-15.5787],[34.287,-15.9164],[35.5462,-16.9657],[36.3856,-16.9657],[37.6447,-16.0213],[39.2186,-15.7065],[39.6383,-15.2868],[39.7433,-13.7129],[39.5334,-12.2439],[38.9038,-10.7749],[38.2218,-6.1581],[38.7464,-3.9546],[41.0549,-0.597],[43.8879,2.0262],[45.941,3.5023],[45.252,5.8036],[45.3569,6.8529],[46.721,8.4268],[47.3907,11.1593],[46.9292,10.847],[46.6773,10.7003],[46.4303,10.668],[45.9094,10.8321],[45.6463,10.7616],[45.0126,10.4489],[44.8452,10.4168],[44.4482,10.4286],[44.2808,10.3965],[44.1615,10.4915],[44.0524,10.6628],[43.7886,10.9419],[43.3681,11.4556],[43.1036,11.5313],[42.6688,11.5113],[42.5553,11.5683],[42.81,11.7785],[43.0618,11.9188],[43.2591,11.9637],[43.4748,12.0976],[43.4587,12.2247],[43.3305,12.4341],[42.6364,13.0934],[42.4084,13.1755],[42.355,13.2707],[42.3571,13.4677],[42.079,13.861],[41.7611,13.8858],[41.3413,14.3423],[40.7391,14.9192],[40.3899,14.9058],[40.2175,15.0833],[40.0372,15.3879],[39.8562,15.4002],[39.8885,15.1843],[39.7964,15.0888],[39.5179,15.463],[39.2079,16.3265],[39.0088,17.0568],[38.6857,18.0028],[38.5275,18.1613],[38.3067,18.2498],[38.0286,18.4779],[37.48,18.8199],[37.3982,18.915],[37.2546,19.6517],[37.1278,21.2272],[36.9035,21.7286],[36.8001,21.9149],[35.2505,21.3694],[32.6617,20.9996],[31.6447,21.2769],[30.6686,21.9181],[29.4257,22.6638],[26.0048,30.7076],[25.2582,31.4379],[25.1066,31.5138],[24.9822,31.647],[24.9515,31.8185],[24.8159,31.9072],[24.0344,31.9373],[23.7424,32.0641],[22.1215,31.0775],[21.1969,31.0775],[20.3648,30.3378],[19.3188,30.2554],[19.1245,30.1989],[18.8854,30.2212],[15.6495,30.5227],[14.7249,30.2453],[12.4134,32.4643],[12.117,32.8785],[11.2089,33.2515],[11.0991,33.5372],[10.9565,33.5751],[10.7781,33.473],[10.6502,33.4982],[10.4126,33.6311],[9.4169,33.3349],[8.0208,33.0203],[6.2692,31.8735],[0.8732,31.9859],[-1.0813,32.4539],[-1.2343,31.989],[-1.7136,30.0587],[-1.3437,29.0415],[-1.7136,28.3942],[-4.95,28.8566],[-8.2845,28.783],[-8.5932,28.6414],[-10.3393,29.1463],[-10.8562,28.7512],[-11.5765,28.2286],[-12.0906,28.0242],[-12.8662,27.8573],[-13.0601,27.6726],[-13.316,27.1637],[-13.4663,26.8138],[-13.6287,26.5911],[-14.1878,26.2721],[-14.3673,26.1192],[-14.6601,25.6356],[-14.7972,25.146],[-14.82,24.7329],[-14.9752,24.5101],[-15.607,23.9813],[-15.714,23.8731],[-16.3525,22.4927],[-16.806,21.9897],[-16.9837,21.5953],[-17.0519,21.0041],[-17.0213,20.7436],[-16.8445,20.941],[-16.7109,20.8904],[-16.3473,20.5226],[-16.269,20.3639],[-16.2396,20.1225],[-16.2696,19.6839],[-16.3513,19.4931],[-16.4716,19.3657],[-16.1907,19.0295],[-16.0557,18.6739],[-15.9827,18.1784],[-16.0411,17.6699],[-16.1255,17.3011],[-16.3788,16.7159],[-16.4501,16.1184],[-15.7553,16.253],[-16.0512,15.0694],[-16.8704,14.3635]],[[-4.5844,17.0668],[-4.2145,15.8831],[-4.9543,11.5184],[-4.7324,10.8525],[-5.2502,10.1867],[-8.7272,11.2224],[-11.4645,11.2224],[-12.2782,11.6663],[-12.5742,15.2173],[-11.3905,16.1051],[-7.3216,16.179],[-5.5461,17.2147],[-4.5844,17.0668]],[[29.5495,-15.3656],[29.5495,-16.135],[29.1944,-17.2003],[27.8332,-18.6799],[25.7618,-18.384],[23.572,-18.4432],[22.8026,-17.7922],[23.3945,-16.4309],[23.2169,-14.0636],[23.8679,-13.235],[24.5781,-13.235],[26.6496,-14.1228],[28.7802,-14.182],[29.1944,-14.5963],[29.5495,-15.3656]],[[18.9009,-9.9433],[18.9883,-9.7509],[19.3589,-9.6027],[19.8406,-9.7138],[20.137,-10.0473],[20.0629,-10.4178],[19.3589,-10.8995],[18.9009,-9.9433]],[[23.1614,-9.9513],[23.1614,-8.5678],[23.5303,-7.9222],[23.8992,-7.7377],[25.0522,-7.6916],[25.3289,-7.9222],[25.4211,-8.5217],[24.9138,-9.7207],[24.3143,-9.9974],[23.4842,-10.0435],[23.1614,-9.9513]],[[34.4638,9.7466],[34.3668,9.9163],[34.3183,10.1344],[34.3668,10.5465],[34.4262,10.728],[34.7546,10.8131],[34.9,10.9827],[35.0119,11.3035],[35.0979,11.7933],[35.1674,11.9462],[35.4796,12.4565],[35.6658,12.6228],[35.8795,13.1035],[36.2299,13.2489],[36.4093,13.8028],[36.4767,14.2665],[36.8115,14.2493],[36.9363,14.4097],[37.1501,14.4453],[37.7203,14.8017],[37.8984,14.6591],[38.0053,14.6591],[38.2548,14.3918],[38.6112,14.4275],[38.8072,14.5166],[38.8784,14.6235],[39.0032,14.4275],[39.0678,12.6966],[39.4561,10.3669],[38.9384,9.7197],[36.5304,9.7306],[34.4638,9.7466]],[[16.8429,14.3277],[15.8108,11.982],[12.4971,12.2187],[13.0029,9.826],[13.6686,8.2727],[13.2987,7.755],[12.1892,7.3112],[8.8607,8.1988],[4.7186,7.681],[2.7215,9.6041],[1.4641,13.6723],[2.4996,15.4475],[7.1595,16.0392],[11.5977,14.0649],[12.7338,14.4909],[14.5327,13.7808],[15.1481,14.3962],[16.7103,14.6803],[16.8447,14.3665],[16.8429,14.3277]],[[27.8806,-2.7478],[27.0283,-2.227],[26.981,-1.8008],[27.9279,-0.8066],[27.7859,-0.3804],[27.6912,0.7559],[27.7385,2.1289],[28.4487,3.502],[29.7271,3.7387],[31.4723,3.1558],[31.3798,2.1385],[32.7484,2.194],[33.1923,1.7502],[33.4142,1.0289],[33.5067,0.1041],[31.9997,-1.28],[31.905,-2.4637],[32.2365,-3.0792],[32.5205,-4.1208],[32.2365,-5.3518],[32.6626,-6.9616],[32.6626,-7.9085],[32.2365,-8.6187],[31.0054,-8.7608],[27.3124,-8.7608],[26.7443,-8.382],[26.981,-6.6302],[26.8863,-5.92],[26.7443,-5.2571],[26.6496,-4.5469],[26.9336,-3.5527],[27.123,-3.2686],[27.4545,-2.9372],[27.8806,-2.7478]]],[[[8.5763,3.0665],[8.7835,3.4483],[8.8272,3.6119],[8.6308,3.6556],[8.4781,3.5574],[8.4672,3.3611],[8.3581,3.3174],[8.3581,3.0883],[8.5763,3.0665]]]]},"properties":{"NAME":null,"ABBREVN":null,"SUBJECTO":null,"BORDERPRECISION":3,"PARTOF":null}},
{"type":"Feature","geometry":{"type":"Polygon","coordinates":[[[-15.158,11.8761],[-15.4593,12.4801],[-16.5666,12.3098],[-16.279,12.2105],[-16.2479,12.1025],[-16.086,11.9694],[-15.8086,11.8429],[-15.5496,11.9197],[-15.3254,11.9266],[-15.158,11.8761]]]},"properties":{"NAME":"Portuguese Guinea","ABBREVN":"Port. Guinea","SUBJECTO":"Portuguese Guinea","BORDERPRECISION":3,"PARTOF":"Portuguese Guinea"}},
{"type":"Feature","geometry":{"type":"Polygon","coordinates":[[[142.8639,53.3409],[142.6749,53.5402],[142.2141,53.2997],[141.767,53.2723],[141.6896,53.1657],[141.841,52.96],[141.8115,52.628],[141.5982,52.2167],[141.6432,51.8131],[142.0166,51.4306],[142.1124,51.2196],[142.1529,50.89],[142.0851,50.3043],[142.0828,49.7077],[142.0491,49.3547],[141.9214,48.9431],[141.7396,48.8073],[141.9775,48.2847],[142.0365,47.9593],[141.8106,47.6756],[141.7318,47.4712],[141.9094,47.0734],[141.6228,46.558],[141.7084,46.1398],[141.8983,45.9148],[142.1877,46.3229],[142.3273,46.5631],[142.6148,46.7128],[143.0043,46.5774],[143.3034,46.0112],[143.4448,46.5717],[143.2365,46.8633],[142.9933,46.9537],[142.6146,47.4596],[142.4899,47.9016],[142.6461,48.6575],[142.854,49.1277],[143.1528,49.2589],[143.5984,49.2336],[144.5399,48.7533],[144.0382,49.5088],[143.6331,50.235],[143.3407,50.8858],[143.0742,51.2676],[142.9439,51.6173],[142.9449,51.9611],[143.0334,52.3122],[143.1433,52.5112],[143.1389,52.8562],[143.0569,53.062],[142.8639,53.3409]]]},"properties":{"NAME":null,"ABBREVN":null,"SUBJECTO":null,"BORDERPRECISION":3,"PARTOF":null}},
{"type":"Feature","geometry":{"type":"Polygon","coordinates":[[[-61.6867,17.0244],[-61.7944,17.1633],[-61.8872,17.0331],[-61.6867,17.0244]]]},"properties":{"NAME":"Antigua and Barbuda","ABBREVN":"Antigua and Barbuda","SUBJECTO":"Antigua and Barbuda","BORDERPRECISION":3,"PARTOF":"Antigua and Barbuda"}},
{"type":"Feature","geometry":{"type":"MultiPolygon","coordinates":[[[[-14.5098,28.05],[-13.881,28.1994],[-13.7842,28.8793],[-13.4214,29.0909],[-13.5182,29.4285],[-13.8084,29.0486],[-14.147,28.391],[-14.5098,28.05]]],[[[-15.574,28.178],[-15.9127,27.9005],[-15.574,27.7294],[-15.2112,27.9005],[-15.4047,28.1994],[-15.574,28.178]]],[[[-17.2913,28.2846],[-17.3397,28.0287],[-16.6383,28.05],[-16.2271,28.3698],[-16.082,28.5399],[-16.8801,28.3272],[-17.2913,28.2846]]]]},"properties":{"NAME":"Guanches","ABBREVN":"Guanches","SUBJECTO":"Guanches","BORDERPRECISION":3,"PARTOF":"Guanches"}},
{"type":"Feature","geometry":{"type":"Polygon","coordinates":[[[134.4625,-33.2863],[134.6311,-33.2691],[134.7102,-33.3643],[134.8437,-33.6948],[135.1531,-34.0504],[135.3573,-34.4572],[135.5281,-35.0549],[135.7124,-35.2074],[135.9439,-34.844],[136.1061,-34.532],[136.4001,-34.2769],[136.7308,-34.0599],[137.0671,-33.9511],[137.1934,-33.8045],[137.2788,-33.5944],[137.4572,-33.3141],[137.8199,-33.0653],[137.8682,-32.7471],[138.1658,-33.1918],[138.1887,-33.2935],[138.0908,-33.4528],[137.9125,-33.5168],[137.8637,-33.8795],[137.716,-34.0833],[137.5119,-34.4591],[137.5592,-34.9107],[137.3934,-35.0893],[137.1084,-35.0708],[136.947,-35.4726],[137.1498,-35.4531],[137.2395,-35.3828],[137.598,-35.382],[137.6833,-35.3309],[137.8829,-34.6874],[138.1015,-34.3561],[138.5676,-34.9277],[138.5346,-35.2973],[138.4298,-35.5524],[138.1972,-35.7569],[138.3524,-35.865],[138.7737,-35.7876],[139.1275,-35.6084],[139.3679,-35.6143],[139.4445,-36.0413],[139.7434,-36.3723],[139.8627,-36.7804],[139.8225,-37.2463],[140.012,-37.6416],[140.2492,-37.7944],[140.6522,-38.1639],[141.2253,-38.4566],[141.5472,-38.5326],[141.6747,-38.4109],[141.904,-38.4296],[142.6943,-38.6708],[143.0929,-38.868],[143.3648,-38.9697],[143.4645,-38.9567],[144.3114,-38.5653],[144.7476,-38.4558],[144.4111,-38.2457],[144.5617,-38.1368],[144.7803,-38.0598],[144.9698,-38.0658],[145.2521,-38.2312],[145.5043,-38.4415],[145.5359,-38.7225],[145.9339,-38.8815],[146.5259,-39.1806],[146.2992,-38.8935],[146.821,-38.8413],[146.9171,-38.7134],[147.1168,-38.6555],[148.037,-38.0979],[148.2742,-38.0271],[149.1648,-37.9742],[149.5041,-37.9288],[149.7124,-37.7943],[149.8571,-37.6344],[149.9848,-37.3469],[149.9752,-37.0469],[150.0107,-36.6257],[150.0865,-36.1535],[150.2215,-35.6941],[150.3428,-35.5472],[150.6131,-35.3937],[150.762,-35.2531],[150.8557,-35.0108],[150.8497,-34.7181],[151.2169,-34.2083],[151.3645,-33.5209],[151.5743,-33.2151],[151.7646,-33.0047],[152.1762,-32.8767],[152.4451,-32.5071],[152.5367,-32.2079],[152.834,-31.7683],[152.9719,-31.4182],[153.0011,-31.0555],[152.9396,-30.6994],[153.2027,-29.9101],[153.3614,-29.1592],[153.4935,-28.8409],[153.4778,-28.5038],[153.3964,-28.1287],[153.2965,-27.9127],[152.9462,-27.341],[153.0867,-27.01],[153.0691,-26.2277],[152.9042,-25.6303],[152.7612,-25.4207],[152.5336,-25.364],[152.3998,-25.0717],[152.318,-24.8176],[152.0727,-24.7418],[151.8595,-24.2907],[151.7301,-24.1575],[151.4582,-24.0881],[151.2002,-23.9424],[150.8025,-23.5999],[150.7544,-22.8115],[150.6109,-22.6211],[150.3556,-22.5517],[149.9448,-22.3236],[150.0173,-22.7304],[149.6702,-22.5722],[149.5568,-22.4326],[149.4114,-21.9178],[149.1015,-21.0601],[148.706,-20.8448],[148.567,-20.6543],[148.7564,-20.2915],[148.7037,-20.2026],[148.1904,-20.1719],[147.9729,-20.0961],[147.5936,-19.8553],[147.4127,-19.5632],[147.0776,-19.513],[146.3218,-19.0823],[146.23,-18.9235],[146.1062,-18.5487],[145.9246,-18.2566],[146.0187,-17.8622],[145.9942,-17.5126],[145.8695,-17.195],[145.4511,-16.5982],[145.3255,-16.4904],[145.3464,-16.0136],[145.2222,-15.6642],[145.1843,-15.0476],[144.6926,-14.7244],[144.5292,-14.6676],[144.3854,-14.3691],[144.2123,-14.4521],[144.0647,-14.5923],[143.8749,-14.5863],[143.7432,-14.4658],[143.5381,-13.945],[143.4735,-13.6654],[143.4375,-13.0806],[143.3712,-12.8138],[143.2923,-12.6868],[142.9708,-12.535],[143.1731,-12.1213],[143.1274,-12.0134],[142.9383,-12.0074],[142.8235,-11.9187],[142.7703,-11.6137],[142.7492,-11.3213],[142.6443,-11.0927],[142.3376,-10.9154],[142.1257,-11.1574],[142.0929,-11.5325],[141.953,-11.9523],[141.6934,-12.3788],[141.6785,-12.4678],[141.9189,-12.7025],[141.8476,-12.8425],[141.6998,-12.9128],[141.5988,-13.0465],[141.5123,-13.8095],[141.6684,-14.1143],[141.4781,-14.6169],[141.4682,-14.7568],[141.6524,-15.0361],[141.7113,-15.2267],[141.5176,-15.5323],[141.4015,-15.8567],[141.3138,-16.4482],[141.1324,-16.9571],[140.8009,-17.5618],[140.7075,-17.632],[140.2497,-17.7982],[140.0602,-17.8304],[139.8183,-17.761],[139.2483,-17.4316],[139.1731,-17.3555],[139.0753,-17.076],[138.9627,-16.9936],[138.6101,-16.9117],[138.4108,-16.8994],[138.2603,-16.8425],[137.9546,-16.6016],[137.7596,-16.3986],[137.4257,-16.1895],[137.0737,-16.0313],[136.7978,-16.07],[136.6871,-16.0258],[136.4586,-15.7529],[136.0944,-15.4485],[135.6275,-15.1698],[135.4166,-14.9732],[135.3881,-14.897],[135.4576,-14.6807],[135.709,-14.464],[135.8806,-14.203],[135.9645,-13.8913],[135.8288,-13.7327],[135.8309,-13.4848],[136.0086,-13.3318],[136.2383,-13.2296],[136.4691,-13.2228],[136.523,-13.1082],[136.5276,-12.9112],[136.6067,-12.8156],[136.6637,-12.6248],[136.8597,-12.4401],[136.6396,-12.3261],[136.4345,-12.1168],[136.3534,-12.1551],[136.2986,-12.5112],[136.0912,-12.5752],[135.9425,-12.3594],[135.649,-12.1884],[135.4445,-12.1761],[135.1918,-12.3737],[134.94,-12.3361],[134.7621,-12.0632],[134.6447,-12.059],[134.4625,-33.2863]]]},"properties":{"NAME":"New South Wales","ABBREVN":"New South Wales","SUBJECTO":"United Kingdom of Great Britain and Ireland","BORDERPRECISION":3,"PARTOF":"New South Wales"}},
{"type":"Feature","geometry":{"type":"Polygon","coordinates":[[[-59.5331,13.0506],[-59.4292,13.165],[-59.6594,13.2878],[-59.6433,13.1492],[-59.5331,13.0506]]]},"properties":{"NAME":"Barbados","ABBREVN":"Barbados","SUBJECTO":"Barbados","BORDERPRECISION":3,"PARTOF":"Barbados"}},
{"type":"Feature","geometry":{"type":"Polygon","coordinates":[[[-61.3636,15.1981],[-61.2553,15.285],[-61.3042,15.5736],[-61.4747,15.6186],[-61.4747,15.4864],[-61.3636,15.1981]]]},"properties":{"NAME":"Dominica","ABBREVN":"Dominica","SUBJECTO":"Dominica","BORDERPRECISION":3,"PARTOF":"Dominica"}},
{"type":"Feature","geometry":{"type":"Polygon","coordinates":[[[-61.7469,11.9975],[-61.5964,12.1256],[-61.7247,12.1722],[-61.7469,11.9975]]]},"properties":{"NAME":"Grenada","ABBREVN":"Grenada","SUBJECTO":"Grenada","BORDERPRECISION":3,"PARTOF":"Grenada"}},
{"type":"Feature","geometry":{"type":"Polygon","coordinates":[[[-60.8608,14.4028],[-60.8297,14.57],[-61.0344,14.8292],[-61.2317,14.8094],[-61.0339,14.4658],[-60.8608,14.4028]]]},"properties":{"NAME":"Martinique","ABBREVN":"Martinique","SUBJECTO":"Martinique","BORDERPRECISION":3,"PARTOF":"Martinique"}},
{"type":"Feature","geometry":{"type":"Polygon","coordinates":[[[-62.1714,16.6714],[-62.1375,16.6928],[-62.1764,16.8086],[-62.2367,16.7119],[-62.1714,16.6714]]]},"properties":{"NAME":"Montserrat","ABBREVN":"Montserrat","SUBJECTO":"Montserrat","BORDERPRECISION":3,"PARTOF":"Montserrat"}},
{"type":"Feature","geometry":{"type":"Polygon","coordinates":[[[-63.1678,18.1644],[-62.9931,18.2272],[-63.0575,18.2564],[-63.1678,18.1644]]]},"properties":{"NAME":"Anguilla","ABBREVN":"Anguilla","SUBJECTO":"Anguilla","BORDERPRECISION":3,"PARTOF":"Anguilla"}},
{"type":"Feature","geometry":{"type":"Polygon","coordinates":[[[-62.7017,17.3369],[-62.8128,17.4094],[-62.8639,17.3708],[-62.7783,17.2922],[-62.7017,17.3369]]]},"properties":{"NAME":"Saint Kitts and Nevis","ABBREVN":"Saint Kitts and Nevis","SUBJECTO":"Saint Kitts and Nevis","BORDERPRECISION":3,"PARTOF":"Saint Kitts and Nevis"}},
{"type":"Feature","geometry":{"type":"Polygon","coordinates":[[[-60.9547,13.7094],[-60.8781,13.9567],[-60.9458,14.1047],[-61.075,13.8969],[-61.0675,13.7886],[-60.9547,13.7094]]]},"properties":{"NAME":"Saint Lucia","ABBREVN":"Saint Lucia","SUBJECTO":"Saint Lucia","BORDERPRECISION":3,"PARTOF":"Saint Lucia"}},
{"type":"Feature","geometry":{"type":"Polygon","coordinates":[[[-61.1731,13.1325],[-61.1233,13.2489],[-61.2089,13.3678],[-61.2781,13.2503],[-61.1731,13.1325]]]},"properties":{"NAME":"Saint Vincent and the Grenadines","ABBREVN":"Saint Vincent and the Grenadines","SUBJECTO":"Saint Vincent and the Grenadines","BORDERPRECISION":3,"PARTOF":"Saint Vincent and the Grenadines"}},
{"type":"Feature","geometry":{"type":"Polygon","coordinates":[[[-61.3461,16.3342],[-61.4989,16.3486],[-61.6097,16.2839],[-61.7308,16.3622],[-61.7939,16.2419],[-61.695,15.9492],[-61.5528,16.0544],[-61.5811,16.2047],[-61.2258,16.2531],[-61.3461,16.3342]]]},"properties":{"NAME":"Guadeloupe","ABBREVN":"Guadeloupe","SUBJECTO":"Guadeloupe","BORDERPRECISION":3,"PARTOF":"Guadeloupe"}},
{"type":"Feature","geometry":{"type":"Polygon","coordinates":[[[-68.9656,12.1989],[-69.0778,12.3486],[-69.1583,12.3114],[-69.0625,12.1883],[-68.8322,12.0494],[-68.8242,12.1603],[-68.9656,12.1989]]]},"properties":{"NAME":"Netherlands Antilles","ABBREVN":"Netherlands Antilles","SUBJECTO":"Netherlands Antilles","BORDERPRECISION":3,"PARTOF":"Netherlands Antilles"}},
{"type":"Feature","geometry":{"type":"Polygon","coordinates":[[[-63.0115,18.0673],[-63.045,18.1214],[-63.1398,18.0586],[-63.0115,18.0673]]]},"properties":{"NAME":"Saint Martin","ABBREVN":"Saint Martin","SUBJECTO":"Saint Martin","BORDERPRECISION":3,"PARTOF":"Saint Martin"}},
{"type":"Feature","geometry":{"type":"Polygon","coordinates":[[[-63.1398,18.0586],[-63.0333,18.0156],[-63.0115,18.0673],[-63.1398,18.0586]]]},"properties":{"NAME":"Saint Barthelemy","ABBREVN":"Saint Barthelemy","SUBJECTO":"Saint Barthelemy","BORDERPRECISION":3,"PARTOF":"Saint Barthelemy"}},
{"type":"Feature","geometry":{"type":"Polygon","coordinates":[[[-124.3059,42.0548],[-124.1526,41.5802],[-124.1791,41.1946],[-124.3672,40.7513],[-124.4119,40.4689],[-124.3648,40.3343],[-124.0328,39.9824],[-123.8197,39.6074],[-123.8921,39.4138],[-123.7449,39.076],[-123.7963,39.0304],[-123.4605,38.7041],[-123.2216,38.5334],[-123.052,38.3019],[-122.9908,38.1388],[-122.7586,37.9568],[-122.3746,37.8544],[-122.2926,37.7899],[-122.3909,37.6534],[-122.5781,37.7748],[-122.5581,37.5662],[-122.4591,37.3956],[-122.4941,37.3008],[-122.2533,37.0696],[-121.9321,37.009],[-121.8383,36.8957],[-121.8515,36.749],[-121.9972,36.5764],[-121.9268,36.3383],[-121.7429,36.2398],[-121.5611,36.0655],[-121.3852,35.7853],[-121.1985,35.6868],[-120.9277,35.4747],[-120.9486,35.2892],[-120.6773,35.1893],[-120.7372,34.9807],[-120.6663,34.754],[-120.6879,34.6217],[-120.5287,34.5083],[-120.2044,34.531],[-119.7849,34.4592],[-119.6128,34.4781],[-119.4202,34.3685],[-119.2915,34.2211],[-118.8724,34.07],[-118.6044,34.0964],[-118.502,33.983],[-118.4377,33.7942],[-118.2884,33.8432],[-118.0066,33.7315],[-117.7093,33.5285],[-117.4967,33.3254],[-117.3481,33.0534],[-117.3041,32.7549],[-117.0746,32.3023],[-116.9603,32.1563],[-116.6107,31.8771],[-116.7061,31.7052],[-116.7047,31.5907],[-116.5095,31.2732],[-116.2293,30.943],[-116.1378,30.7651],[-116.1258,30.4981],[-116.0584,30.3392],[-115.8571,30.2824],[-115.6023,29.6852],[-115.4214,29.5329],[-114.9778,29.3113],[-114.4829,28.9117],[-114.2732,28.7086],[-114.0673,28.4229],[-114.1047,28.054],[-114.2144,27.9075],[-114.4792,27.7798],[-114.7489,27.7856],[-115.0546,27.8532],[-114.4779,27.2439],[-114.1533,27.1047],[-113.5853,26.7689],[-113.4221,26.7438],[-113.285,26.8077],[-112.9812,26.5031],[-112.7558,26.3637],[-112.558,26.3196],[-112.411,26.1928],[-112.3038,26.0213],[-112.0843,25.5704],[-112.0685,25.4559],[-112.1658,25.0107],[-111.9057,24.687],[-111.3915,24.243],[-111.0159,24.0149],[-110.7837,23.7993],[-110.5024,23.66],[-110.2247,23.3999],[-110.1166,23.0696],[-110.0036,22.8854],[-109.8892,22.8666],[-109.5169,23.1916],[-109.4289,23.4334],[-109.4886,23.5731],[-109.6152,23.5792],[-109.8242,23.6932],[-109.9403,23.9536],[-110.2049,24.3155],[-110.4852,24.1496],[-110.6557,24.2192],[-110.7724,24.3778],[-110.7976,24.88],[-111.0898,25.4199],[-111.3287,25.8962],[-111.4835,26.5572],[-111.5938,26.7604],[-111.6941,26.6966],[-111.9149,26.6644],[-112.1151,27.02],[-112.1873,27.3123],[-112.2841,27.5093],[-112.5671,27.5595],[-112.7236,27.7055],[-112.8699,28.3347],[-113.1241,28.4295],[-113.3219,28.5563],[-113.5929,29.1026],[-113.8291,29.401],[-114.0996,29.6421],[-114.3887,29.7623],[-114.6828,30.1432],[-114.7224,30.3721],[-114.7347,30.8427],[-114.9875,31.1665],[-114.9671,31.3637],[-114.8387,31.8155],[-114.1951,31.5243],[-114.0823,31.5436],[-113.9521,31.6901],[-113.6886,31.538],[-113.6617,31.3346],[-113.304,31.2463],[-113.0521,31.1387],[-113.085,30.7698],[-113.0167,30.5664],[-112.7371,30.1091],[-112.6543,29.9185],[-112.3232,29.4359],[-112.0329,29.0613],[-111.9064,28.8136],[-111.6916,28.4961],[-111.2709,28.1091],[-111.0642,27.9951],[-110.6044,27.8561],[-110.5214,27.7546],[-110.5819,27.462],[-110.3821,27.2144],[-110.1073,27.1387],[-109.9459,27.0436],[-109.8927,26.8848],[-109.7242,26.6054],[-109.5266,26.7202],[-109.1888,26.4412],[-109.1319,26.2887],[-109.3383,25.9576],[-109.3361,25.8114],[-109.2627,25.6462],[-109.1556,25.5765],[-108.8476,25.6153],[-108.683,25.3804],[-108.4993,25.2409],[-108.2255,25.1525],[-108.0126,24.9813],[-107.9867,24.7652],[-107.9157,24.6445],[-107.4038,24.2959],[-106.7573,23.5853],[-106.5116,23.3633],[-105.8389,22.5637],[-105.5399,22.2846],[-105.5084,22.1639],[-105.6283,21.9538],[-105.2936,21.5223],[-105.2161,21.3126],[-105.2343,21.141],[-105.4397,20.8354],[-105.291,20.6704],[-105.3928,20.5113],[-105.62,20.4726],[-105.6704,20.3517],[-105.5069,20.1041],[-105.173,19.6599],[-104.9479,19.4378],[-104.6694,19.3176],[-104.1973,19.058],[-103.9749,18.8805],[-103.7483,18.5949],[-103.4939,18.3539],[-102.6682,18.095],[-102.3583,18.0321],[-102.0855,18.0581],[-101.9926,18.0265],[-101.4872,17.5763],[-101.2208,17.4179],[-100.7374,17.2219],[-100.4126,17.0573],[-99.9791,16.893],[-99.2092,16.7166],[-98.8562,16.5966],[-98.4355,16.3623],[-98.1456,16.1722],[-97.8809,16.052],[-97.2938,15.9643],[-96.7517,15.7811],[-96.3329,15.7502],[-95.9927,15.8654],[-95.1302,16.2995],[-94.8347,16.3192],[-94.363,16.2248],[-94.0754,16.1112],[-93.8116,15.9209],[-92.9005,15.1919],[-92.4721,14.7923],[-91.9247,14.3541],[-91.5157,14.0589],[-91.242,13.9516],[-90,13.9372],[-89.9892,13.6782],[-89.402,13.4824],[-88.6381,13.2552],[-88.2546,13.1925],[-87.9487,13.1718],[-87.7548,13.4669],[-87.5555,13.3656],[-87.4043,13.0299],[-87.6854,13.0165],[-87.5868,12.8324],[-87.2614,12.6234],[-86.885,12.2556],[-86.4336,11.7671],[-86.0141,11.3676],[-85.8397,11.0776],[-85.8702,10.9279],[-85.6209,10.8266],[-85.6173,10.6516],[-85.7665,10.5502],[-85.8243,10.3607],[-85.7778,10.1384],[-85.5664,9.9227],[-85.3141,9.8279],[-85.1536,9.7012],[-85.0888,9.5831],[-84.8442,9.841],[-84.9256,9.9608],[-85.1156,9.9809],[-85.2555,10.3108],[-84.8089,10.0324],[-84.6971,9.9884],[-84.6313,9.8739],[-84.6347,9.6844],[-84.4925,9.5374],[-84.1823,9.491],[-84.1467,9.4265],[-83.8338,9.2973],[-83.6149,9.1516],[-83.5329,8.9992],[-83.5508,8.8276],[-83.6639,8.6748],[-83.6055,8.5478],[-83.279,8.4133],[-83.2661,8.5422],[-83.3623,8.7634],[-83.0851,8.6506],[-83.0896,8.3949],[-82.9561,8.2568],[-82.9575,8.0472],[-82.8656,8.3212],[-82.975,8.4041],[-82.8067,8.5699],[-82.8627,8.8094],[-82.6843,8.9752],[-82.9126,9.1134],[-82.9066,9.5186],[-82.8078,9.6107],[-82.593,9.5278],[-82.5599,9.5831],[-82.752,9.7445],[-82.9615,10.0344],[-83.0627,10.0552],[-83.2041,10.2002],[-83.3772,10.4804],[-83.7466,10.8785],[-83.9141,11.2514],[-83.9283,11.4992],[-83.9001,11.8883],[-84.095,12.5276],[-83.8582,14.1846],[-83.2964,14.615],[-83.3135,14.7675],[-83.5272,15.2366],[-83.7779,15.2678],[-84.132,15.3751],[-84.2344,15.502],[-84.1714,15.7628],[-84.4253,15.8767],[-84.6505,15.9334],[-84.934,15.9328],[-85.2774,15.8875],[-85.632,15.8741],[-85.8871,15.9943],[-86.0577,15.9049],[-86.372,15.8026],[-87.0214,15.8202],[-87.5706,15.908],[-87.8581,15.882],[-88.1335,15.7606],[-88.2739,15.7472],[-88.4802,15.9125],[-88.6643,15.7258],[-88.8043,15.8617],[-88.9408,15.9046],[-89.2511,15.8975],[-89.1543,17.8312],[-89.1656,17.9793],[-89.0404,18.0222],[-88.8667,17.9006],[-88.5969,18.2861],[-88.5168,18.4872],[-88.3205,18.4944],[-88.3114,18.7415],[-88.1377,18.8944],[-88.0301,18.6213],[-87.8771,18.3809],[-87.6822,19.2813],[-87.6371,19.5747],[-87.7886,19.5125],[-87.8582,19.5823],[-87.6597,19.8751],[-87.6507,20.1899],[-87.5081,20.3902],[-87.07,20.8045],[-86.9359,20.9764],[-86.9216,21.3006],[-87.2006,21.5289],[-87.3709,21.5707],[-87.5969,21.4835],[-88.3337,21.59],[-88.6011,21.564],[-89.0581,21.3978],[-89.5475,21.2951],[-89.8628,21.2499],[-90,21.1607],[-90,20.1613],[-90,19.3815],[-91.2197,19.1025],[-91.7025,18.8235],[-91.5256,18.7448],[-91.479,18.6338],[-91.7297,18.4157],[-92.107,18.5159],[-92.0979,18.7596],[-93.0875,18.5541],[-93.7849,18.3492],[-94.242,18.2402],[-94.5899,18.2712],[-94.8165,18.4995],[-95.0833,18.7024],[-95.3431,18.7718],[-95.8439,18.7961],[-96.0123,18.9293],[-96.3407,19.4816],[-96.5788,19.9197],[-96.7952,20.1545],[-96.8815,20.3577],[-97.2234,20.7638],[-97.5042,21.1892],[-97.882,22.3326],[-97.8747,22.8412],[-97.8148,23.3753],[-97.8225,24.2081],[-97.7419,24.7296],[-97.6581,25.073],[-97.4249,25.4423],[-97.26,25.8114],[-97.4514,26.2179],[-97.5733,26.561],[-97.638,26.8469],[-97.6323,27.2284],[-97.5632,27.3621],[-97.2666,27.6743],[-97.3167,27.7505],[-97.5678,27.9089],[-97.4471,27.9854],[-97.1154,28.1069],[-96.8315,28.1584],[-96.6845,28.2477],[-96.5771,28.426],[-96.7736,28.6227],[-96.7166,28.7118],[-96.2031,28.6366],[-96.0146,28.6561],[-95.6028,28.7987],[-94.8446,29.3463],[-95.0577,29.6754],[-94.8574,29.7839],[-94.7969,29.5634],[-94.4258,29.5427],[-94.0606,29.6991],[-94.1323,29.7799],[-93.9432,30.0068],[-93.8964,30.118],[-93.9423,30.5238],[-93.835,30.6608],[-93.7298,30.9125],[-93.7521,31.1693],[-93.891,31.2937],[-93.8961,31.42],[-94.0429,31.5819],[-93.998,31.6849],[-94.1054,31.858],[-94.2462,31.9821],[-94.2469,33.5352],[-94.593,33.5297],[-94.8521,33.6799],[-95.0733,33.729],[-95.1723,33.8438],[-95.4228,33.9445],[-95.4988,33.8556],[-95.7558,33.8724],[-95.9767,33.8268],[-96.3526,33.82],[-96.3815,33.7434],[-96.626,33.759],[-96.8324,33.8353],[-97.0698,33.8361],[-97.1276,33.9421],[-97.3295,33.6999],[-97.459,33.8466],[-97.5763,33.8024],[-97.7926,33.8869],[-97.8649,33.9737],[-98.0691,33.8323],[-98.2878,33.9858],[-98.3721,34.0972],[-98.5674,34.14],[-98.6897,34.0455],[-99.1547,34.1953],[-99.3899,34.1965],[-99.4164,34.3233],[-99.773,34.4014],[-99.8978,34.3612],[-100.092,34.5334],[-100.2037,34.5435],[-100.2037,35.4053],[-100.2037,36.4827],[-100.2358,37.7093],[-102.3281,37.7093],[-104.0985,37.5484],[-107.4783,38.1922],[-109.2487,38.1922],[-110.2144,38.3531],[-110.2144,42.0548],[-118.925,42.0548],[-124.3059,42.0548]]]},"properties":{"NAME":"Vice-Royalty of New Spain","ABBREVN":"Vice-Royalty of New Spain","SUBJECTO":"Spain","BORDERPRECISION":3,"PARTOF":"Vice-Royalty of New Spain"}},
{"type":"Feature","geometry":{"type":"MultiPolygon","coordinates":[[[[-158.0719,21.297],[-158.0218,21.2377],[-157.8416,21.2902],[-158.0468,21.4589],[-158.1791,21.6891],[-158.4344,21.452],[-158.2976,21.2765],[-158.0719,21.297]]],[[[-156.8225,20.9399],[-156.615,20.7952],[-156.5067,20.5989],[-156.253,20.6299],[-156.1185,20.7901],[-156.3959,20.9502],[-156.5508,20.9747],[-156.7157,21.0691],[-156.8225,20.9399]]],[[[-156.1633,19.8084],[-156.0542,19.5035],[-156.0342,19.1057],[-155.7828,18.9455],[-155.6501,19.1367],[-155.482,19.24],[-155.1372,19.3279],[-154.9477,19.4829],[-155.2117,19.8962],[-155.4788,20.0874],[-155.9313,20.2837],[-156.0324,20.1959],[-155.9466,19.9892],[-156.1633,19.8084]]]]},"properties":{"NAME":"Kongldom of Hawaii","ABBREVN":"Hawaii","SUBJECTO":"Kongldom of Hawaii","BORDERPRECISION":3,"PARTOF":"Kongldom of Hawaii"}},
{"type":"Feature","geometry":{"type":"Polygon","coordinates":[[[-77.2535,-2.7591],[-77.2535,-2.0979],[-77.8537,-1.6672],[-78.5616,-2.1287],[-78.3923,-2.9128],[-77.8999,-3.1125],[-77.2535,-2.7591]]]},"properties":{"NAME":"Shuar","ABBREVN":"Shuar","SUBJECTO":"Shuar","BORDERPRECISION":3,"PARTOF":"Shuar"}},
{"type":"Feature","geometry":{"type":"Polygon","coordinates":[[[19.3344,57.9558],[19.1047,57.9753],[19.1417,57.9078],[19.3344,57.9558]]]},"properties":{"NAME":null,"ABBREVN":null,"SUBJECTO":null,"BORDERPRECISION":3,"PARTOF":null}},
{"type":"Feature","geometry":{"type":"Polygon","coordinates":[[[18.2061,56.9119],[18.3914,57.13],[18.7119,57.2417],[18.8092,57.7036],[19.0333,57.8269],[18.725,57.9228],[18.4672,57.8119],[18.1114,57.5194],[18.2061,56.9119]]]},"properties":{"NAME":null,"ABBREVN":null,"SUBJECTO":null,"BORDERPRECISION":3,"PARTOF":null}},
{"type":"Feature","geometry":{"type":"Polygon","coordinates":[[[122.9486,-8.3771],[122.9431,-8.2407],[122.8632,-8.1409],[122.715,-8.2931],[122.3436,-8.4821],[122.376,-8.5818],[122.1659,-8.6343],[121.9798,-8.5503],[121.5782,-8.5893],[121.4314,-8.7231],[121.2794,-8.7171],[121.0788,-8.5714],[120.565,-8.3881],[120.3275,-8.395],[120.0251,-8.4847],[119.8525,-8.574],[119.8404,-8.6821],[119.9353,-8.9361],[120.0779,-8.9167],[120.5486,-8.9348],[120.9709,-9.0546],[121.1057,-9.0289],[121.2755,-8.9141],[121.6944,-8.9959],[121.8985,-8.8494],[122.0507,-8.868],[122.3126,-8.7445],[122.7112,-8.5975],[122.6962,-8.4926],[122.9486,-8.3771]]]},"properties":{"NAME":null,"ABBREVN":"East Indies","SUBJECTO":"Dutch East Indies","BORDERPRECISION":3,"PARTOF":null}},
{"type":"Feature","geometry":{"type":"Polygon","coordinates":[[[117.9377,-8.54],[117.9024,-8.6972],[117.8172,-8.8136],[117.5542,-8.7392],[117.5138,-8.6133],[117.334,-8.5667],[116.9584,-8.5293],[116.6627,-8.7025],[116.6989,-8.816],[116.6345,-8.9334],[116.6632,-9.0593],[116.8003,-9.1463],[116.9764,-9.1777],[117.1159,-9.1223],[117.2766,-9.1452],[117.8409,-8.9544],[117.9739,-8.9754],[118.216,-8.7392],[118.2746,-8.927],[118.658,-8.8562],[118.6888,-8.7602],[118.8282,-8.7864],[118.9705,-8.881],[118.982,-8.7025],[118.8726,-8.6715],[118.8633,-8.4808],[118.7608,-8.3793],[118.6177,-8.3924],[118.5442,-8.5293],[118.42,-8.3246],[118.2671,-8.2774],[118.1301,-8.3426],[117.9479,-8.1619],[117.8062,-8.178],[117.691,-8.2672],[117.7054,-8.4388],[117.9377,-8.54]]]},"properties":{"NAME":null,"ABBREVN":"East Indies","SUBJECTO":"Dutch East Indies","BORDERPRECISION":3,"PARTOF":null}},
{"type":"Feature","geometry":{"type":"Polygon","coordinates":[[[115.0724,-8.7814],[115.2437,-8.5903],[115.5005,-8.469],[115.0844,-8.2347],[114.8763,-8.2479],[114.645,-8.331],[114.4575,-8.3314],[114.5107,-8.4521],[114.8956,-8.6546],[115.0724,-8.7814]]]},"properties":{"NAME":null,"ABBREVN":"East Indies","SUBJECTO":"Dutch East Indies","BORDERPRECISION":3,"PARTOF":null}},
{"type":"Feature","geometry":{"type":"Polygon","coordinates":[[[127.6307,-0.017],[127.6363,-0.3079],[127.8839,-0.6378],[128.2994,-1.0246],[128.3697,-0.9291],[128.0992,-0.6056],[127.9456,-0.3263],[127.8647,0.0992],[127.9007,0.2963],[128.0374,0.3665],[128.7058,0.2091],[128.6416,0.4314],[128.1896,0.6274],[128.2626,0.7673],[128.6319,1.0223],[128.545,1.4479],[128.1022,1.1991],[128.0417,0.9638],[127.802,0.7155],[127.7162,0.7789],[127.6889,0.925],[127.8517,1.2684],[127.9626,1.4466],[127.9866,1.5738],[127.7998,1.8974],[127.5686,1.5284],[127.4397,1.1278],[127.4235,0.9816],[127.5222,0.7848],[127.4414,0.5368],[127.6275,0.0606],[127.6307,-0.017]]]},"properties":{"NAME":null,"ABBREVN":"East Indies","SUBJECTO":"Dutch East Indies","BORDERPRECISION":3,"PARTOF":null}},
{"type":"Feature","geometry":{"type":"Polygon","coordinates":[[[106.5527,-3.1752],[106.4707,-2.9212],[106.5234,-2.7939],[106.6427,-2.7111],[106.3286,-2.572],[106.0365,-2.204],[105.8963,-1.8039],[105.8634,-1.6261],[105.7224,-1.7471],[105.6557,-1.957],[105.4267,-1.7096],[105.3214,-1.8179],[105.1997,-2.1105],[105.2518,-2.1739],[105.4528,-2.1608],[105.5835,-2.205],[105.8118,-2.3824],[105.9024,-2.7254],[105.9947,-2.8904],[106.1643,-2.9981],[106.5527,-3.1752]]]},"properties":{"NAME":"Dutch East Indies","ABBREVN":"East Indies","SUBJECTO":"Dutch East Indies","BORDERPRECISION":3,"PARTOF":"Dutch East Indies"}},
{"type":"Feature","geometry":{"type":"Polygon","coordinates":[[[120.2798,-10.3782],[120.4142,-10.3525],[120.525,-10.2441],[120.5813,-10.0978],[120.4624,-9.9265],[119.9458,-9.5907],[119.7887,-9.4576],[119.5626,-9.5089],[119.1163,-9.5226],[118.949,-9.5865],[118.9004,-9.682],[119.0317,-9.7707],[119.4098,-9.8716],[119.7698,-10.0742],[120.1824,-10.3466],[120.2798,-10.3782]]]},"properties":{"NAME":null,"ABBREVN":"East Indies","SUBJECTO":"Dutch East Indies","BORDERPRECISION":3,"PARTOF":null}},
{"type":"Feature","geometry":{"type":"Polygon","coordinates":[[[117.5587,3.9807],[117.1381,4.1525],[116.6566,4.1624],[116.027,4.2349],[115.8181,4.2273],[115.7068,4.1567],[115.5355,3.8698],[115.4818,3.6153],[115.53,3.1707],[115.4309,2.9985],[115.1399,2.8888],[115.0419,2.7357],[115.0763,2.3991],[114.6589,1.5958],[114.4847,1.4613],[114.0957,1.3827],[113.8865,1.3052],[113.6768,1.1451],[113.5473,1.1316],[113.2963,1.2],[112.8095,1.4132],[112.616,1.4629],[112.4,1.4298],[112.1609,1.2314],[111.9797,0.9951],[111.7419,0.8412],[111.562,0.7638],[111.3178,0.8132],[111.0809,0.9135],[110.9659,0.9128],[110.5486,0.726],[110.3476,0.8519],[110.2112,0.8893],[109.7612,1.3315],[109.6475,1.4643],[109.5175,1.8205],[109.2824,1.8827],[109.1462,1.5202],[108.9555,1.2593],[108.8143,0.8078],[108.8703,0.5411],[108.841,0.3313],[108.9991,0.1982],[109.1578,-0.0747],[109.0734,-0.4053],[109.1895,-0.5385],[109.4286,-0.7096],[109.1789,-0.869],[109.2445,-0.9324],[109.5998,-1.1223],[109.7828,-1.3062],[109.9409,-1.6426],[109.9462,-1.8587],[110.0659,-2.494],[110.1023,-3.0785],[110.3651,-2.9954],[110.6525,-2.9884],[110.7968,-3.1724],[111.436,-2.974],[111.5872,-2.7957],[111.7286,-3.2593],[111.7395,-3.647],[111.9034,-3.6148],[112.0469,-3.4556],[112.2456,-3.398],[112.4063,-3.4485],[112.5777,-3.4227],[112.7954,-2.971],[112.9493,-3.0406],[113.1235,-3.2436],[113.32,-3.294],[113.4608,-3.3827],[113.6084,-3.6111],[113.7445,-3.5981],[113.9706,-3.3625],[114.0995,-3.3495],[114.2185,-3.4319],[114.3562,-3.6032],[114.5046,-3.9651],[114.4936,-4.1558],[114.5809,-4.2954],[114.7124,-4.2062],[115.5681,-3.8039],[115.8063,-3.5365],[115.9559,-3.1993],[116.202,-2.9001],[116.2445,-2.703],[116.0408,-2.4429],[116.3491,-2.4168],[116.2727,-2.2835],[116.2455,-2.1056],[116.0463,-1.9345],[116.3842,-1.6605],[116.5789,-1.3677],[117.0456,-0.9346],[117.3703,-1.0038],[117.4298,-0.6224],[117.3182,-0.1397],[117.375,0.1973],[117.5343,0.6107],[117.7083,0.8207],[117.8597,0.8655],[118.2183,0.7583],[118.5561,0.7463],[118.7652,0.823],[118.5173,1.1656],[118.2473,1.3874],[117.9128,1.5901],[117.7301,1.7994],[117.6964,1.9009],[117.8483,2.2253],[117.8292,2.3143],[117.342,3.0249],[117.139,3.1706],[117.2151,3.2724],[117.074,3.5072],[117.5802,3.5655],[117.6839,3.6292],[117.5405,3.9403],[117.5587,3.9807]]]},"properties":{"NAME":null,"ABBREVN":null,"SUBJECTO":null,"BORDERPRECISION":3,"PARTOF":null}},
{"type":"Feature","geometry":{"type":"MultiPolygon","coordinates":[[[[149.379,-6.2094],[149.5542,-6.4061],[149.9172,-6.3544],[150.2763,-6.3409],[150.4941,-6.2769],[151.0557,-6.0151],[151.2393,-5.7923],[151.2801,-5.6714],[151.8015,-5.7084],[151.9199,-5.6573],[152.0587,-5.4981],[151.8622,-5.2825],[151.9066,-5.1044],[152.1355,-5.0849],[152.2682,-4.7795],[152.2332,-4.6207],[152.0899,-4.3604],[151.9442,-4.5196],[151.7623,-4.4946],[151.5393,-4.4061],[151.5876,-4.9017],[151.5699,-5.0289],[151.4516,-5.0863],[151.1574,-5.0997],[151.0492,-5.1952],[150.8865,-5.5197],[150.7216,-5.6218],[150.2893,-5.7117],[150.0519,-5.6232],[149.8693,-5.4012],[149.7644,-5.6302],[149.6485,-5.7131],[149.4128,-5.739],[149.0786,-5.7016],[148.8365,-5.6449],[148.3766,-5.6586],[148.3063,-5.7732],[148.4157,-5.881],[148.7125,-5.9884],[149.0215,-6.242],[149.2086,-6.1526],[149.379,-6.2094]]],[[[142.4133,-3.3073],[142.0308,-3.1556],[140.8698,-2.7948],[140.2852,-2.6128],[139.592,-2.3792],[138.6343,-1.9554],[137.8543,-1.614],[137.7039,-1.6333],[137.2088,-1.9077],[137.1107,-1.9842],[137.0842,-2.2511],[136.9141,-2.315],[136.4288,-2.4114],[136.2709,-2.4181],[135.7342,-3.2518],[135.5076,-3.4493],[135.2464,-3.5389],[134.9544,-3.4632],[134.7731,-3.3047],[134.634,-2.822],[134.557,-2.7078],[134.4554,-3.0004],[134.2831,-2.8546],[134.1863,-2.6196],[134.0828,-2.1814],[133.9834,-2.01],[134.0139,-1.8383],[134.141,-1.5013],[134.0792,-1.3235],[133.9073,-1.0061],[133.4963,-0.9371],[133.265,-0.8613],[132.5924,-0.5704],[132.254,-0.5267],[131.8336,-0.8263],[131.4197,-1.0115],[131.2114,-1.0246],[131.1834,-1.406],[131.0644,-1.5397],[131.6268,-1.5957],[131.8156,-1.6652],[131.9063,-1.8175],[131.9734,-2.116],[132.219,-2.3443],[132.6807,-2.3814],[133.0251,-2.3616],[133.3207,-2.38],[133.5928,-2.3477],[133.855,-2.2454],[133.8836,-2.4297],[133.843,-2.6649],[133.7808,-2.7222],[133.3213,-2.7423],[133.1208,-2.5965],[132.7187,-2.9342],[132.6474,-2.9471],[132.2019,-2.8019],[132.0158,-2.8214],[132.025,-3.0184],[132.1772,-3.0434],[132.4954,-3.2207],[132.7493,-3.3981],[132.8956,-3.6965],[132.723,-3.8176],[132.7128,-3.8875],[132.8618,-4.1923],[132.9316,-4.2684],[133.2449,-4.1088],[133.3955,-3.9878],[133.5083,-3.7142],[133.5632,-3.4154],[133.6688,-3.2372],[133.8225,-3.2877],[133.7627,-3.5103],[133.857,-3.7707],[134.0406,-3.9482],[134.2261,-4.0368],[134.4009,-4.0682],[134.7658,-4.0356],[134.8097,-4.1563],[134.7768,-4.3089],[135.0605,-4.4545],[135.3778,-4.5618],[135.6536,-4.593],[136.2206,-4.7634],[137.3852,-5.1231],[137.8236,-5.4272],[138.2975,-6.1889],[138.4214,-6.481],[138.5506,-6.6523],[138.8181,-6.836],[139.0283,-7.0199],[138.8614,-7.0902],[138.6624,-7.0398],[138.6496,-7.1415],[138.904,-7.4905],[139.1561,-7.7251],[139.1536,-7.8522],[138.958,-8.145],[138.917,-8.3167],[139.1124,-8.3227],[139.7941,-8.2132],[139.9769,-8.2382],[140.299,-8.6443],[140.9476,-9.2739],[141.4962,-9.3154],[142.3066,-9.3327],[142.6074,-9.3766],[143.3311,-9],[143.2327,-8.8223],[143.0507,-8.6701],[142.7528,-8.5118],[142.4637,-8.4362],[142.464,-8.2964],[142.97,-8.3779],[143.4368,-8.3578],[143.4893,-8.3069],[143.3561,-8.1292],[143.4959,-8.0844],[143.6674,-8.1412],[143.7918,-8.0138],[143.6648,-7.6709],[144.016,-7.8735],[144.3798,-7.7583],[144.6274,-7.7832],[144.9294,-7.9224],[145.6152,-8.0735],[145.8196,-8.0984],[146.0955,-8.4665],[146.6461,-9.2789],[146.8584,-9.431],[147.185,-9.5701],[147.293,-9.6906],[147.3933,-9.9256],[147.6155,-10.084],[147.8736,-10.1788],[148.5605,-10.1837],[149.3286,-10.36],[149.7834,-10.4099],[149.9057,-10.6639],[150.0024,-10.7336],[150.4946,-10.7389],[150.5234,-10.6371],[150.4176,-10.2941],[150.1756,-10.1611],[149.6964,-10.035],[149.5674,-9.9273],[149.859,-9.8313],[149.8299,-9.7106],[149.1757,-9.5531],[149.0779,-9.458],[149.2368,-9.2097],[149.1977,-9.1208],[149.0455,-9.1148],[148.5887,-9.1603],[148.4588,-9.097],[148.1327,-8.6274],[148.0347,-8.2462],[147.376,-7.7963],[147.1512,-7.5617],[146.886,-7.1173],[146.9091,-6.8948],[147.1623,-6.8244],[147.6638,-6.7915],[147.7386,-6.7405],[147.6439,-6.4801],[147.3765,-6.1248],[147.0529,-6.0428],[146.8934,-6.0305],[146.0445,-5.6764],[145.7454,-5.6262],[145.6081,-5.5248],[145.5934,-5.4231],[145.7282,-4.997],[145.3775,-4.6736],[144.783,-4.3381],[144.6595,-4.2239],[144.5427,-3.9954],[144.3717,-4.0212],[144.1029,-3.9836],[143.4455,-3.6101],[142.4133,-3.3073]]],[[[137.6759,-8.4592],[138.1759,-8.5535],[138.2972,-8.5405],[138.5838,-8.2285],[138.699,-8.152],[138.8948,-7.7829],[138.8054,-7.675],[138.568,-7.523],[138.3763,-7.5552],[138.1927,-7.6764],[137.9411,-7.9947],[137.6759,-8.4592]]]]},"properties":{"NAME":"Papou","ABBREVN":"Papou","SUBJECTO":"Papu","BORDERPRECISION":3,"PARTOF":"Papou"}},
{"type":"Feature","geometry":{"type":"MultiPolygon","coordinates":[[[[123.6145,-9.8879],[123.6041,-10.1295],[123.4919,-10.3522],[123.7079,-10.3453],[123.9563,-10.2431],[124.1542,-10.2045],[124.4481,-9.9878],[124.9385,-9.5545],[125.2115,-9.3951],[126.1482,-9.0816],[126.8725,-8.8067],[127.1415,-8.5964],[127.0438,-8.4758],[126.4094,-8.5598],[125.9998,-8.6561],[125.2898,-8.7021],[125.0798,-8.7725],[124.9179,-9.0461],[124.6199,-9.2501],[123.9688,-9.5312],[123.6654,-9.748],[123.6145,-9.8879]]],[[[105.2862,-6.7712],[105.1848,-6.8657],[105.89,-6.9326],[106.3655,-7.0397],[106.5466,-7.16],[106.3447,-7.3702],[106.4837,-7.5034],[107.2068,-7.5336],[107.3676,-7.565],[107.7297,-7.7867],[108.1602,-7.8556],[108.3607,-7.8361],[108.6104,-7.7021],[109.0372,-7.7203],[109.5436,-7.8399],[110.0382,-7.9914],[110.4154,-8.2067],[110.7777,-8.3203],[112.0934,-8.4446],[112.4144,-8.4884],[112.571,-8.4626],[112.8358,-8.3476],[113.0738,-8.3471],[113.7438,-8.5999],[114.1048,-8.6881],[114.3293,-8.783],[114.0692,-8.434],[114.1376,-8.2114],[114.2522,-8.0204],[114.2308,-7.9315],[113.9484,-7.8241],[113.7614,-7.8308],[113.5587,-7.9139],[113.0727,-7.8768],[112.6784,-7.7188],[112.5009,-7.4649],[112.5366,-7.2645],[112.2748,-7.0269],[111.9168,-6.9577],[111.3297,-6.9082],[111.0447,-6.8516],[110.9145,-6.6294],[110.8146,-6.5343],[110.6133,-6.5411],[110.4915,-6.6621],[110.3959,-6.9547],[110.2426,-7.0313],[110.0273,-7.0445],[109.382,-6.9886],[109.1611,-7.0231],[108.9534,-6.9387],[108.5558,-6.9205],[108.4754,-6.6855],[108.309,-6.4508],[108.1733,-6.3557],[107.9696,-6.4388],[107.7687,-6.4519],[107.677,-6.3304],[107.5246,-6.3508],[107.3396,-6.1541],[106.9451,-6.026],[106.864,-6.2696],[106.628,-6.3094],[106.5213,-6.11],[106.3081,-6.1309],[106.0242,-6.0807],[105.7915,-6.2569],[105.8107,-6.4816],[105.6722,-6.4563],[105.6335,-6.7552],[105.4674,-6.8132],[105.2862,-6.7712]]],[[[119.9137,0.5396],[119.6975,0.0053],[119.5782,-0.4906],[119.5972,-0.8782],[119.3963,-0.9041],[119.2437,-1.2285],[119.2048,-1.4319],[119.2471,-1.9593],[119.1746,-2.1755],[118.9637,-2.5255],[118.7426,-2.7611],[118.6836,-2.9011],[118.7964,-3.4792],[118.7914,-3.6635],[119.0498,-3.6502],[119.2257,-3.5736],[119.3653,-3.6305],[119.4611,-3.8082],[119.448,-3.9608],[119.5045,-4.1894],[119.4462,-5.0666],[119.2946,-5.4228],[119.3667,-5.6578],[119.4768,-5.8038],[119.6909,-5.7715],[119.9216,-5.663],[120.2481,-5.586],[120.1244,-5.3321],[120.1327,-5.2304],[120.3022,-4.944],[120.3069,-4.8042],[120.1434,-4.3978],[120.2803,-3.6539],[120.2162,-3.2346],[120.1442,-3.0759],[120.3666,-2.8974],[120.5928,-2.8016],[120.9247,-2.8263],[120.999,-3.0486],[120.9464,-3.3093],[120.8185,-3.4875],[120.8025,-3.5956],[120.8808,-3.7162],[121.0683,-3.8556],[121.508,-4.2359],[121.4165,-4.4967],[121.3928,-4.7891],[121.4413,-4.8653],[121.6487,-4.9474],[121.8728,-4.9597],[121.9735,-4.648],[122.159,-4.5142],[122.4524,-4.4881],[122.6484,-4.5131],[122.6409,-4.2843],[122.3914,-4.0878],[122.1903,-3.8468],[122.1443,-3.6626],[122.2582,-3.2111],[121.8743,-2.6527],[121.664,-2.418],[121.2649,-2.1011],[121.2671,-1.9359],[121.5858,-2.0114],[121.7465,-1.8522],[122.2229,-1.6542],[122.4196,-1.4631],[122.5943,-1.2276],[122.7571,-1.0938],[123.0019,-1.1123],[123.2127,-1.2326],[123.25,-0.9021],[123.1911,-0.8069],[122.9815,-0.7184],[122.8596,-0.744],[122.7392,-0.8778],[122.1589,-1.0125],[121.9954,-1.1145],[121.7721,-1.0959],[121.6341,-1.0136],[121.4611,-0.9886],[121.1676,-1.4277],[121.0554,-1.5487],[120.6884,-1.5367],[120.5066,-1.4482],[120.4075,-1.1751],[120.0218,-0.9027],[119.9038,-0.6805],[119.8727,-0.4646],[119.9568,-0.1403],[120.143,0.1905],[120.3373,0.3562],[120.5243,0.4011],[120.8263,0.4144],[121.0851,0.3769],[121.5524,0.397],[121.9478,0.3788],[122.4656,0.4053],[122.9831,0.3746],[123.2489,0.1846],[123.4718,0.1533],[124.234,0.3011],[124.4214,0.4794],[124.8574,1.0459],[124.9832,1.3004],[125.0162,1.5419],[124.9825,1.6499],[124.8525,1.6242],[124.7195,1.4396],[124.5451,1.3312],[124.4569,1.2039],[124.5271,1.0833],[124.4322,0.956],[124.1502,0.7966],[123.8262,0.7387],[122.9925,0.775],[122.7329,0.6728],[122.1809,0.8686],[121.5912,0.8609],[121.2631,1.1017],[120.9907,1.1646],[120.7674,1.1387],[120.5623,0.7761],[120.4319,0.636],[120.2389,0.7881],[120.109,0.7243],[119.9137,0.5396]]],[[[126.15,-3.6285],[126.4719,-3.8502],[126.6605,-3.8752],[127.1122,-3.7217],[127.0938,-3.5184],[126.7266,-3.2332],[126.3823,-3.253],[126.1111,-3.2981],[126.0457,-3.4253],[126.15,-3.6285]]],[[[130.6093,-3.8476],[130.7838,-3.879],[130.8058,-3.7646],[130.7252,-3.4851],[130.5935,-3.3074],[130.3687,-3.13],[129.7428,-2.9788],[129.5561,-2.9856],[129.3114,-3.1323],[129.1678,-3.1389],[128.9094,-2.9997],[128.1527,-2.9695],[128.0418,-3.0588],[128.1524,-3.2619],[128.376,-3.5474],[128.6529,-3.3434],[128.9146,-3.2539],[129.0307,-3.4125],[129.4867,-3.5958],[129.5795,-3.5829],[129.5949,-3.335],[129.7813,-3.3219],[129.9141,-3.3852],[130.2971,-3.6767],[130.6093,-3.8476]]],[[[103.6866,-0.1183],[103.7222,0.0152],[103.4631,0.2879],[103.2405,0.459],[103.0466,0.5284],[102.7016,0.5658],[102.4718,0.6225],[102.2783,0.7428],[102.1359,0.9395],[102.0098,1.2697],[101.8681,1.4346],[101.6753,1.5231],[101.4743,1.5481],[101.2758,1.7192],[101.0598,2.081],[100.8317,2.1758],[100.8006,2.0677],[100.8543,1.8772],[100.7319,1.8706],[100.4565,2.1178],[100.1214,2.5428],[99.8632,2.5676],[99.8584,2.9044],[99.7959,2.9805],[99.4913,3.126],[98.9624,3.4362],[98.6253,3.6579],[98.1455,4.0699],[98.1994,4.3114],[98.1738,4.3813],[97.9428,4.5205],[97.5293,5.0407],[97.3841,5.1801],[97.2038,5.1734],[96.7527,5.0644],[96.1873,5.1458],[96.0247,5.2153],[95.7405,5.4689],[95.4641,5.5699],[95.2832,5.5505],[95.1906,5.4105],[95.2051,5.2453],[95.3082,4.9596],[95.5609,4.5345],[95.8276,4.2237],[96.1184,3.9511],[96.3944,3.6467],[96.7204,3.7046],[97.2545,3.1402],[97.4277,2.9246],[97.5087,2.7405],[97.5433,2.4101],[97.5971,2.2514],[97.9825,2.1124],[98.3026,1.9352],[98.6006,1.7071],[98.7193,1.4786],[98.6891,1.3705],[98.9989,0.5578],[99.1133,0.2212],[99.401,0.0884],[99.6966,-0.1524],[99.972,-0.5013],[100.272,-0.9709],[100.6503,-1.631],[100.7963,-2.0247],[100.8121,-2.336],[101.3455,-3.0149],[101.6596,-3.3193],[102.1107,-3.6043],[102.2865,-3.9788],[102.4622,-4.1818],[103.0686,-4.6127],[103.5235,-4.9994],[103.8725,-5.3418],[104.5685,-6.0712],[104.6422,-5.9757],[104.4647,-5.6392],[104.5634,-5.6009],[105.0328,-5.8795],[105.1867,-5.5423],[105.304,-5.5802],[105.4757,-5.815],[105.6407,-5.929],[105.7285,-5.8271],[105.7956,-5.3503],[105.7967,-4.7339],[105.6932,-4.3083],[105.7111,-4.1049],[105.9428,-3.2147],[105.6287,-2.9103],[105.5639,-2.7134],[105.4449,-2.5993],[104.9946,-2.4668],[104.6778,-2.6708],[104.6098,-2.5757],[104.8126,-2.1558],[104.5675,-2.1373],[104.4725,-2.0803],[104.3524,-1.8899],[104.3552,-1.7056],[104.2977,-1.3625],[104.2299,-1.1911],[104.1212,-1.1405],[103.7469,-1.1159],[103.3842,-0.8943],[103.2376,-0.6595],[103.4087,-0.5002],[103.5007,-0.3157],[103.6866,-0.1183]]]]},"properties":{"NAME":null,"ABBREVN":"East Indies","SUBJECTO":"Dutch East Indies","BORDERPRECISION":3,"PARTOF":null}},
{"type":"Feature","geometry":{"type":"Polygon","coordinates":[[[77.5919,29.9636],[77.5919,30.3953],[77.6802,30.3688],[78.0236,30.2658],[78.3259,29.834],[78.9735,29.834],[79.0599,29.7477],[78.8872,28.5387],[79.0167,28.3228],[79.2757,28.3228],[79.4485,28.7978],[79.6212,28.9273],[79.7075,29.3591],[80.0983,28.9519],[80.3355,29.3239],[80.3174,29.5025],[80.4165,29.6215],[80.4129,29.7852],[80.5398,29.8373],[81.0213,30.2465],[80.6344,30.5144],[80.5651,30.4846],[80.2252,30.5962],[80.2772,30.7599],[79.7921,31.0203],[79.6286,30.9682],[79.2813,31.3477],[79.1088,31.4593],[78.8943,31.3179],[78.8053,31.3477],[78.7607,31.5411],[78.8576,31.6378],[78.7349,31.8015],[78.7818,32.0024],[78.5211,32.2703],[78.4507,32.5828],[78.804,32.672],[78.8188,32.5084],[78.9705,32.3893],[79.1362,32.4116],[79.5653,32.7018],[79.4004,33.0143],[79.447,33.2003],[79.1409,33.2449],[79.08,33.3618],[78.757,33.4049],[78.6245,33.5042],[78.5749,34.0176],[78.8067,34.1997],[78.5086,34.4978],[78.1443,34.5475],[77.8462,35.243],[77.8462,35.4748],[77.6202,35.4064],[77.4171,35.5134],[76.8154,35.5604],[76.4339,35.8865],[76.0923,35.7984],[75.8897,36.0232],[75.7544,36.0548],[75.8946,36.287],[75.8915,36.5125],[75.6278,36.769],[75.3468,36.7651],[75.218,36.9124],[74.8358,36.9861],[74.7091,36.8914],[74.5205,37.0046],[74.2926,36.9388],[74.0876,36.8049],[73.9382,36.8072],[73.7863,36.7269],[73.4949,36.7914],[72.8899,36.7861],[72.3727,36.7177],[72.1343,36.5862],[71.7603,36.3231],[71.6495,36.3336],[71.3248,36.0516],[71.329,35.9075],[71.5142,35.7855],[71.5184,35.634],[71.6232,35.5572],[71.5695,35.3396],[71.6589,35.1251],[71.5128,34.9337],[71.0967,34.6204],[71.0384,34.4931],[71.1535,34.1384],[71.0235,34.0234],[70.7925,33.9269],[70.0297,33.9988],[69.87,33.9408],[70.1914,33.6062],[70.2892,33.2831],[70.1991,33.1683],[70.0573,33.1167],[69.6396,33.0509],[69.5079,32.9486],[69.4074,32.7576],[69.2777,32.3824],[69.2064,31.798],[69.0533,31.6258],[69.0448,29.43],[69.3197,28.9352],[69.275,28.3872],[68.3617,28.2797],[67.6633,27.8499],[67.6096,26.668],[67.7707,25.8085],[66.7017,24.7523],[66.9995,24.7148],[67.2042,24.5882],[67.3159,24.0929],[67.486,23.9281],[67.6923,23.8142],[68.047,23.7641],[68.0722,23.6752],[68.3729,23.3264],[68.7908,23.0287],[69.1072,22.8989],[69.6649,22.7892],[70.0459,22.7773],[70.3102,22.8286],[70.4106,22.7526],[70.1762,22.479],[69.9685,22.3515],[69.7692,22.2875],[69.4922,22.2488],[69.0142,22.305],[68.8942,22.2857],[69.1261,21.9685],[69.7522,21.3981],[70.2099,20.948],[70.4675,20.777],[70.8551,20.6508],[71.0244,20.6575],[71.3026,20.7724],[71.5289,20.8237],[71.8944,20.9897],[72.1209,21.1553],[72.2562,21.3526],[72.289,21.5496],[72.131,21.7462],[72.1271,21.8287],[72.319,22.115],[72.6956,22.1285],[72.6659,21.8489],[72.7657,21.1504],[72.9311,20.9538],[73.1129,20.8271],[73.1097,20.6873],[72.8644,20.312],[72.7595,20.0576],[72.8534,19.2447],[73.0642,18.0317],[73.4093,16.5585],[73.5727,16.0379],[73.8414,15.3905],[74.1531,14.8495],[74.3917,14.9184],[74.5303,14.8317],[74.5997,14.6757],[74.8976,14.5322],[75.0013,14.0486],[75.2085,14.0486],[75.2403,14.1547],[75.3121,14.3941],[75.7266,14.6704],[75.9684,14.8086],[76.072,14.6704],[76.4175,14.8086],[76.6247,15.2576],[76.9356,15.4303],[78.1791,15.7412],[78.7663,15.9484],[79.2153,15.9484],[79.4226,16.0175],[79.3189,16.3284],[79.6643,16.5702],[79.837,16.4665],[79.9407,16.7429],[80.1825,16.5356],[80.369,16.5771],[80.4795,16.6876],[80.8111,16.9087],[81.1427,16.9916],[81.0322,17.0745],[80.3966,17.0745],[80.369,17.2104],[80.1391,17.3342],[80.2629,17.5111],[79.9269,17.8471],[80.0153,17.9178],[79.9622,18.077],[80.0374,18.1522],[80.4795,17.6548],[80.59,17.2679],[80.6453,17.4061],[80.8387,17.5028],[80.8387,17.8827],[81.046,18.4009],[81.2187,18.539],[81.4259,18.5045],[81.9095,18.09],[82.1168,18.3318],[81.8059,18.7117],[81.7023,19.4716],[81.9959,20.2488],[81.8663,20.4647],[82.0391,20.4647],[82.2981,20.1625],[82.5572,20.3783],[82.9026,20.3352],[82.9458,20.3783],[83.3775,20.3352],[83.5502,19.9466],[83.9388,20.1625],[84.0684,20.0761],[83.982,19.5148],[84.1547,19.5148],[84.4569,19.7739],[84.716,19.7739],[84.716,19.9034],[84.4569,20.1625],[84.6728,20.292],[84.9751,20.2056],[85.3637,20.2056],[85.4068,20.5511],[85.2341,20.7669],[85.2341,21.026],[86.3135,21.2419],[86.4862,21.4146],[86.8748,21.5873],[86.3567,21.8032],[86.2704,22.2349],[85.9681,22.3645],[85.7522,22.0622],[85.9681,22.0191],[85.9681,21.6305],[85.8818,21.5441],[85.3205,21.76],[85.3205,22.1486],[85.1046,22.0191],[84.7592,22.1486],[84.2842,22.1054],[84.5865,22.6667],[84.1547,23.0553],[83.8525,23.0121],[83.5502,23.1848],[83.4639,23.7893],[83.248,23.9188],[83.0321,23.8757],[82.6867,24.0052],[82.3413,24.1779],[82.4276,24.3506],[82.2118,24.7392],[81.8663,24.5665],[81.7368,24.7824],[81.2187,24.4369],[81.1323,24.6528],[81.046,24.696],[81.0892,24.8687],[80.8733,25.0846],[80.571,24.9982],[80.6574,25.2573],[80.2688,25.5164],[79.9234,25.3437],[79.4485,25.3437],[79.2757,25.43],[79.2757,25.7322],[78.8872,25.8618],[78.8872,25.9913],[79.0167,26.2504],[78.9735,26.4662],[78.4986,26.4662],[78.2395,26.2072],[78.1963,26.4231],[78.369,26.7685],[78.1532,26.9844],[77.8077,27.5888],[77.5487,27.5457],[77.5487,27.9343],[77.4192,27.9343],[77.2033,27.7184],[77.0306,27.8479],[76.9442,27.6752],[76.8147,27.8047],[76.8579,28.1933],[77.0737,28.4524],[76.901,28.7114],[76.642,28.7114],[76.642,28.7978],[76.8579,28.9705],[76.9442,28.9705],[77.1601,29.1],[77.376,29.1],[77.4192,29.2296],[77.0737,29.2727],[76.9442,29.7045],[77.1601,29.834],[77.5919,29.9636]]]},"properties":{"NAME":"Maratha Confederacy","ABBREVN":"Maratha Confederacy","SUBJECTO":"Maratha Confederacy","BORDERPRECISION":3,"PARTOF":"Maratha Confederacy"}},
{"type":"Feature","geometry":{"type":"MultiPolygon","coordinates":[[[[-70.4982,-54.9231],[-69.861,-54.7745],[-69.6717,-54.7741],[-69.214,-54.934],[-68.3755,-54.852],[-67.4916,-54.8704],[-67.1526,-54.91],[-66.6218,-55.07],[-66.1082,-54.9817],[-65.3477,-54.9132],[-65.2622,-54.8193],[-65.3231,-54.7256],[-65.9004,-54.7133],[-66.4175,-54.6072],[-66.9828,-54.3407],[-67.8381,-53.7012],[-68.1297,-53.3752],[-68.2844,-53.3156],[-68.5575,-53.3494],[-68.7053,-53.2346],[-68.3054,-52.9431],[-68.3322,-52.85],[-68.7013,-52.7201],[-69.2205,-52.6923],[-69.4067,-52.5665],[-69.7973,-52.8529],[-70.2805,-53.0865],[-70.4647,-53.3731],[-70.3333,-53.4727],[-69.5146,-53.3446],[-69.4407,-53.4111],[-69.4206,-53.5443],[-70.1455,-53.8057],[-70.0425,-53.9857],[-69.8902,-54.139],[-69.4735,-54.2184],[-69.3353,-54.2917],[-69.0555,-54.602],[-69.3731,-54.6048],[-69.5678,-54.4593],[-70.213,-54.4338],[-70.6207,-54.5015],[-70.5739,-54.6419],[-70.7215,-54.9369],[-70.4982,-54.9231]]],[[[-73.4552,-42.2616],[-73.4751,-42.114],[-73.6372,-41.9668],[-74.0048,-42.0188],[-74.1686,-42.3465],[-74.1341,-42.7639],[-74.2016,-43.0596],[-74.296,-43.2655],[-74.2363,-43.3683],[-74.1418,-43.4452],[-73.7713,-43.5088],[-73.6958,-43.3865],[-73.6086,-42.9106],[-73.8305,-42.5641],[-73.7649,-42.4613],[-73.4552,-42.2616]]],[[[-72.8449,-52.6461],[-72.869,-52.2813],[-73.19,-52.3283],[-73.5605,-52.2826],[-73.6584,-52.442],[-73.6256,-52.6078],[-73.2433,-52.5739],[-73.2806,-52.9526],[-73.0804,-53.032],[-72.8449,-52.6461]]],[[[-69.1147,-51.3524],[-71.1652,-51.5614],[-71.4875,-51.1039],[-72.044,-48.7664],[-72.1905,-45.9901],[-71.6339,-43.1955],[-70.7502,-41.0031],[-71.8048,-41.5737],[-72.5872,-41.6183],[-72.7311,-41.9072],[-72.6086,-41.9968],[-72.4659,-42.035],[-72.4381,-42.3045],[-72.6875,-42.3756],[-72.7474,-42.4464],[-72.7236,-42.7996],[-72.5297,-43.0627],[-72.8339,-43.1854],[-72.9985,-43.3337],[-72.9719,-43.7067],[-73.082,-44.0223],[-73.058,-44.1896],[-72.7601,-44.3693],[-72.5827,-44.4398],[-72.5552,-44.5429],[-72.6771,-44.7493],[-72.9466,-44.9432],[-73.3141,-45.086],[-73.3346,-45.28],[-73.1377,-45.3443],[-73.0473,-45.3765],[-73.3314,-45.4741],[-73.4737,-45.6686],[-73.4987,-45.9601],[-73.5711,-46.2649],[-73.9697,-46.7134],[-73.9952,-46.4863],[-73.9787,-46.3435],[-74.17,-46.3374],[-74.2907,-46.5128],[-74.4293,-46.5326],[-74.4789,-46.3056],[-74.3336,-46.1821],[-74.0418,-46.0908],[-74.0685,-45.9353],[-74.189,-45.8449],[-74.5639,-45.8715],[-74.8639,-46.2286],[-75.4414,-46.5151],[-75.4443,-46.6254],[-75.0219,-46.5532],[-75.0112,-46.7739],[-74.862,-46.8191],[-74.4632,-46.7988],[-73.9788,-47.0317],[-74.0868,-47.2984],[-74.328,-47.2924],[-74.3811,-47.4226],[-74.3926,-47.5332],[-74.5453,-47.6832],[-74.5378,-47.7873],[-74.2966,-47.7608],[-74.1541,-47.8386],[-73.7637,-47.7728],[-73.3605,-47.9738],[-73.4387,-48.1564],[-73.7589,-48.1245],[-73.9434,-48.0141],[-74.2103,-48.0081],[-74.133,-48.4773],[-74.3124,-48.7451],[-74.2716,-49.431],[-73.9631,-49.2408],[-73.8999,-49.4303],[-74.2405,-49.6337],[-74.1866,-49.8234],[-73.9325,-49.9931],[-74.1902,-50.171],[-74.0749,-50.4734],[-73.9342,-50.5061],[-73.5302,-50.4329],[-73.5521,-50.5382],[-73.7306,-50.7032],[-73.7756,-50.8351],[-74.2085,-51.0206],[-73.8605,-51.2113],[-73.6788,-51.2308],[-73.6379,-51.3562],[-73.8753,-51.5615],[-73.7785,-51.6142],[-73.5912,-51.7925],[-73.2585,-51.7058],[-73.4081,-52.0238],[-73.1069,-52.1028],[-72.8102,-51.93],[-72.65,-52.1284],[-72.4492,-52.1611],[-72.5652,-52.3868],[-72.5588,-52.5726],[-72.2123,-52.5719],[-71.9503,-52.5714],[-71.678,-52.6439],[-72.2331,-52.7911],[-72.3526,-52.778],[-72.7842,-52.8985],[-72.8418,-52.985],[-72.7509,-53.1378],[-72.5055,-53.0642],[-72.0511,-53.07],[-71.4425,-52.8294],[-71.152,-52.9618],[-71.4253,-53.2085],[-71.5722,-53.4085],[-71.8723,-53.6956],[-71.4423,-53.8816],[-70.998,-53.8207],[-70.8781,-53.4738],[-70.9051,-53.2341],[-70.7336,-52.8015],[-70.4156,-52.668],[-69.8952,-52.6272],[-69.6714,-52.5405],[-69.483,-52.3609],[-69.2371,-52.2941],[-68.9949,-52.4263],[-68.5938,-52.4654],[-68.4559,-52.4202],[-68.5165,-52.253],[-68.831,-51.9024],[-69.0769,-51.4993],[-69.1147,-51.3524]]]]},"properties":{"NAME":"Patagonian shellfish and marine mammal hunters","ABBREVN":"Patagonian shellfish and marine mammal hunters","SUBJECTO":"Patagonian shellfish and marine mammal hunters","BORDERPRECISION":3,"PARTOF":"Patagonian shellfish and marine mammal hunters"}},
{"type":"Feature","geometry":{"type":"Polygon","coordinates":[[[-70.7502,-41.0031],[-71.6339,-43.1955],[-72.1905,-45.9901],[-72.044,-48.7664],[-71.4875,-51.1039],[-71.1652,-51.5614],[-69.1147,-51.3524],[-69.167,-51.1494],[-69.1427,-50.9185],[-69.0409,-50.5624],[-68.8954,-50.3844],[-68.706,-50.2853],[-68.27,-50.1727],[-67.8335,-49.9682],[-67.6498,-49.6209],[-67.6999,-49.3856],[-67.5776,-49.0585],[-67.2572,-48.7445],[-66.5637,-48.3777],[-66.0777,-48.1421],[-65.8389,-47.868],[-65.7812,-47.7116],[-65.7133,-47.3536],[-65.776,-47.2301],[-66.3755,-47.1273],[-66.6709,-47.0174],[-67.1119,-46.7324],[-67.3281,-46.5316],[-67.4686,-46.2659],[-67.4725,-45.9223],[-67.2253,-45.5527],[-66.9735,-45.3063],[-66.6949,-45.1311],[-66.4106,-45.0206],[-66.1943,-44.9815],[-65.6572,-44.9418],[-65.4362,-44.8897],[-65.6266,-44.7225],[-65.6366,-44.6259],[-65.2698,-44.2579],[-65.2333,-44.1419],[-65.3058,-43.788],[-65.3072,-43.6014],[-65.0473,-43.3307],[-64.698,-43.2014],[-64.3093,-43.0271],[-64.7512,-42.9123],[-65.0171,-42.8807],[-65.0851,-42.7844],[-64.6879,-42.6487],[-64.2173,-42.6157],[-64.1654,-42.6477],[-64.0011,-42.8529],[-63.6646,-42.7752],[-63.6237,-42.5695],[-63.729,-42.101],[-64.2937,-42.2048],[-64.1197,-42.3842],[-64.2859,-42.4745],[-64.6439,-42.4367],[-64.992,-42.1934],[-65.0335,-42.0202],[-64.9247,-41.7312],[-64.9414,-41.5517],[-65.1346,-41.2444],[-65.1532,-40.9753],[-64.9389,-40.8275],[-64.2773,-41.0055],[-63.8419,-41.1584],[-63.4756,-41.1898],[-62.964,-41.1375],[-62.7315,-41.0497],[-64.2106,-40.5566],[-64.9207,-40.5566],[-64.9799,-40.0831],[-66.2819,-40.2607],[-68.8266,-39.7281],[-69.3,-40.379],[-69.7735,-40.4382],[-69.951,-40.9708],[-70.7502,-41.0031]]]},"properties":{"NAME":"Pampas cultures","ABBREVN":"Pampas cultures","SUBJECTO":"Pampas cultures","BORDERPRECISION":3,"PARTOF":"Pampas cultures"}},
{"type":"Feature","geometry":{"type":"Polygon","coordinates":[[[27.7814,35.8903],[28.0636,36.1119],[28.238,36.4311],[27.9092,36.3397],[27.7197,36.1661],[27.7814,35.8903]]]},"properties":{"NAME":null,"ABBREVN":null,"SUBJECTO":null,"BORDERPRECISION":3,"PARTOF":null}},
{"type":"Feature","geometry":{"type":"Polygon","coordinates":[[[8.6961,38.9958],[8.8196,38.9769],[9.0625,39.2199],[9.2963,39.2331],[9.4789,39.1442],[9.6483,39.4572],[9.698,39.6935],[9.6308,40.0959],[9.7937,40.5637],[9.5909,40.9029],[9.3062,41.1844],[8.7661,40.8628],[8.2407,40.8553],[8.2016,40.663],[8.4282,40.4649],[8.5085,39.9465],[8.465,39.6399],[8.3742,39.3078],[8.4172,39.2122],[8.6961,38.9958]]]},"properties":{"NAME":"Kingdom of Sardinia","ABBREVN":"Sardinia","SUBJECTO":"Kingdom of Sardinia","BORDERPRECISION":3,"PARTOF":"Kingdom of Sardinia"}},
{"type":"Feature","geometry":{"type":"Polygon","coordinates":[[[10.3957,46.8874],[10.3118,47.017],[10.0515,46.8677],[9.5208,47.0694],[9.4646,47.2855],[9.5393,47.4872],[9.1779,47.6643],[8.9835,47.6796],[8.6586,47.715],[8.6351,47.7786],[7.8727,47.5728],[7.5066,47.6037],[7.3334,47.4647],[6.9219,47.5141],[6.8663,47.3102],[6.6233,47.054],[6.3643,46.946],[6.3815,46.8041],[6.0584,46.6161],[6.049,46.2772],[5.9415,46.1755],[6.1079,46.1255],[6.3837,46.3416],[6.3469,46.4609],[6.592,46.5177],[6.8074,46.394],[6.9553,45.9389],[7.2248,45.9109],[7.5068,46.0025],[7.7899,45.927],[8.154,46.1457],[8.0886,46.2678],[8.4374,46.4658],[8.4435,46.2511],[8.6366,46.1173],[8.8508,46.0787],[8.911,45.8351],[9.0877,45.9054],[9.0091,46.041],[9.2485,46.2389],[9.283,46.4992],[9.4599,46.3793],[9.885,46.4025],[10.0237,46.6209],[10.3387,46.7483],[10.3957,46.8874]]]},"properties":{"NAME":"Switzerland","ABBREVN":"Switzerland","SUBJECTO":"Switzerland","BORDERPRECISION":3,"PARTOF":"Switzerland"}},
{"type":"Feature","geometry":{"type":"Polygon","coordinates":[[[119.9166,-32.1804],[120.0657,-32.3407],[120.2303,-32.5538],[120.3121,-32.6534],[120.406,-32.7756],[120.4609,-32.877],[120.5377,-32.9692],[120.5816,-33.052],[120.7134,-33.1715],[120.9739,-33.125],[121.4048,-33.1152],[121.8414,-33.283],[122.3006,-33.4004],[122.7548,-33.3913],[122.7995,-33.1645],[122.8326,-33.0354],[122.9097,-32.7581],[122.9317,-32.4893],[122.9208,-32.3685],[122.9979,-32.0985],[123.108,-31.7529],[123.1851,-31.4623],[123.3833,-30.9917],[123.2512,-30.9539],[123.1192,-30.9162],[122.9651,-30.8784],[122.6679,-30.8216],[122.2607,-30.6986],[121.8315,-30.8782],[121.3802,-31.0197],[121.215,-31.1139],[120.9618,-31.2457],[120.6976,-31.4054],[120.4224,-31.6399],[120.1691,-31.8925],[120.059,-32.0139],[119.9166,-32.1804]]]},"properties":{"NAME":"Kalaako/Malpa","ABBREVN":"Kalaako/Malpa","SUBJECTO":"Kalaako/Malpa","BORDERPRECISION":3,"PARTOF":"Kalaako/Malpa"}},
{"type":"Feature","geometry":{"type":"Polygon","coordinates":[[[128.1814,-15.2493],[128.0819,-15.3594],[128.0676,-15.4166],[128.0182,-15.5119],[128.0896,-15.549],[128.161,-15.5701],[128.4521,-15.5754],[128.4741,-15.4219],[128.4631,-15.316],[128.4631,-15.2418],[128.562,-15.157],[128.7653,-15.0933],[129.1003,-15.2577],[129.2487,-15.3584],[129.5947,-15.3584],[129.8145,-15.316],[129.8694,-15.2842],[129.6932,-15.0905],[129.6323,-15.278],[129.4829,-15.2148],[129.1964,-14.9929],[128.9809,-14.9234],[128.4589,-14.8864],[128.389,-14.9438],[128.1814,-15.2493]]]},"properties":{"NAME":"Kadjerong","ABBREVN":"Kadjerong","SUBJECTO":"Kadjerong","BORDERPRECISION":3,"PARTOF":"Kadjerong"}},
{"type":"Feature","geometry":{"type":"Polygon","coordinates":[[[125.6506,-18.1145],[125.4913,-18.3076],[125.4968,-18.4171],[125.5902,-18.6462],[125.9198,-18.9531],[126.2274,-18.9582],[126.4197,-18.9115],[126.6284,-18.7659],[126.7657,-18.7295],[126.7712,-18.6046],[126.7767,-18.4379],[126.7273,-18.2815],[126.568,-18.1459],[126.3098,-18.0728],[125.9253,-18.0466],[125.744,-18.0466],[125.6506,-18.1145]]]},"properties":{"NAME":"Gooniyandi","ABBREVN":"Gooniyandi","SUBJECTO":"Gooniyandi","BORDERPRECISION":3,"PARTOF":"Gooniyandi"}},
{"type":"Feature","geometry":{"type":"Polygon","coordinates":[[[115.8948,-22.5684],[116.0046,-22.7812],[116.2408,-22.9432],[116.4825,-23.0292],[116.7902,-22.9685],[116.8781,-22.7964],[116.8781,-22.685],[116.8616,-22.6089],[116.7847,-22.477],[116.4111,-22.3247],[116.0761,-22.3704],[115.9442,-22.5126],[115.8948,-22.5684]]]},"properties":{"NAME":"Pinikura","ABBREVN":"Pinikura","SUBJECTO":"Pinikura","BORDERPRECISION":3,"PARTOF":"Pinikura"}},
{"type":"Feature","geometry":{"type":"Polygon","coordinates":[[[128.0176,-15.0209],[127.9688,-14.7391],[127.8479,-14.8598],[127.6996,-15.1199],[127.6282,-15.3425],[127.6282,-15.4802],[127.7106,-15.586],[127.8809,-15.5543],[128.0676,-15.4325],[128.0856,-15.3552],[128.0661,-15.3767],[127.9849,-15.2879],[128.0176,-15.0209]]]},"properties":{"NAME":"Yiiji","ABBREVN":"Yiiji","SUBJECTO":"Yiiji","BORDERPRECISION":3,"PARTOF":"Yiiji"}},
{"type":"Feature","geometry":{"type":"Polygon","coordinates":[[[116.7744,-20.7855],[116.4188,-20.8371],[116.201,-20.9496],[116.2848,-21.023],[116.3837,-21.2484],[116.6144,-21.407],[116.7902,-21.4275],[117.0703,-21.2996],[117.0923,-21.1306],[117.0593,-20.9717],[116.9769,-20.8845],[116.8211,-20.7845],[116.7744,-20.7855]]]},"properties":{"NAME":"Martuthunira","ABBREVN":"Martuthunira","SUBJECTO":"Martuthunira","BORDERPRECISION":3,"PARTOF":"Martuthunira"}},
{"type":"Feature","geometry":{"type":"Polygon","coordinates":[[[118.504,-23.6294],[118.5754,-23.4985],[118.0865,-23.2262],[117.5922,-22.8977],[117.4988,-22.8116],[117.4548,-22.7306],[117.2406,-22.7205],[117.1527,-22.7458],[116.9824,-22.7964],[116.9824,-22.8825],[116.9824,-22.9331],[117.2021,-23.206],[117.1857,-23.3523],[117.1802,-23.5136],[117.1472,-23.6194],[117.0813,-23.8959],[117.334,-23.9461],[117.6086,-23.9612],[117.8833,-24.0314],[118.1854,-23.8054],[118.504,-23.6294]]]},"properties":{"NAME":"Yinhawangka","ABBREVN":"Yinhawangka","SUBJECTO":"Yinhawangka","BORDERPRECISION":3,"PARTOF":"Yinhawangka"}},
{"type":"Feature","geometry":{"type":"Polygon","coordinates":[[[122.5374,-16.9232],[122.1289,-17.3528],[122.1597,-17.39],[122.6569,-17.3952],[122.8162,-17.3664],[122.8271,-17.3244],[122.8381,-17.2562],[122.8629,-17.188],[122.9233,-17.1119],[122.8958,-17.0384],[122.8629,-17.0253],[122.6431,-16.9859],[122.558,-16.9438],[122.5374,-16.9232]]]},"properties":{"NAME":"Jabirrjabirr","ABBREVN":"Jabirrjabirr","SUBJECTO":"Jabirrjabirr","BORDERPRECISION":3,"PARTOF":"Jabirrjabirr"}},
{"type":"Feature","geometry":{"type":"Polygon","coordinates":[[[118.4656,-28.3962],[118.8831,-28.517],[119.2017,-28.6424],[119.5203,-28.8062],[119.6851,-29.0081],[120.1135,-28.9216],[120.52,-28.9216],[120.8826,-28.8832],[121.1462,-28.912],[121.7065,-28.9216],[122.0361,-28.8832],[122.3657,-28.8062],[122.2668,-28.5845],[121.9592,-28.1592],[121.8054,-27.9847],[121.756,-27.9071],[121.6132,-27.7905],[121.4923,-27.6495],[121.322,-27.5278],[121.1792,-27.5326],[120.976,-27.5326],[120.8661,-27.5375],[120.5035,-27.4595],[120.2179,-27.3523],[119.6027,-27.2693],[119.3225,-27.2839],[119.1248,-27.5521],[118.8336,-28.0429],[118.6469,-28.1447],[118.4656,-28.3962]]]},"properties":{"NAME":"Kuwarra","ABBREVN":"Kuwarra","SUBJECTO":"Kuwarra","BORDERPRECISION":3,"PARTOF":"Kuwarra"}},
{"type":"Feature","geometry":{"type":"Polygon","coordinates":[[[113.6674,-23.7801],[113.9667,-23.8909],[114.4446,-24.0214],[114.6313,-23.7652],[114.7028,-23.4935],[114.7083,-23.201],[114.7302,-23.0545],[114.7742,-22.928],[114.7961,-22.8268],[114.7577,-22.7711],[114.2908,-22.685],[113.9612,-22.6951],[113.8239,-22.7559],[113.7744,-22.8572],[113.7433,-23.2484],[113.762,-23.4811],[113.6674,-23.7801]]]},"properties":{"NAME":"Payungu","ABBREVN":"Payungu","SUBJECTO":"Payungu","BORDERPRECISION":3,"PARTOF":"Payungu"}},
{"type":"Feature","geometry":{"type":"Polygon","coordinates":[[[113.6674,-23.7801],[113.3734,-24.2638],[113.3734,-24.4471],[113.5657,-24.7917],[113.681,-24.8316],[114.126,-24.7468],[114.483,-24.7917],[114.939,-24.9711],[115.0763,-25.0458],[115.1587,-25.0508],[115.3125,-24.8067],[115.3235,-24.632],[115.2576,-24.4871],[114.8676,-24.1066],[114.6313,-23.9963],[114.2633,-23.931],[113.6674,-23.7801]]]},"properties":{"NAME":"Maya","ABBREVN":"Maya","SUBJECTO":"Maya","BORDERPRECISION":3,"PARTOF":"Maya"}},
{"type":"Feature","geometry":{"type":"Polygon","coordinates":[[[133.6377,-13.411],[133.5498,-13.2988],[133.2587,-13.3041],[133.1268,-13.2881],[132.9785,-13.3041],[132.8082,-13.2346],[132.6489,-13.1597],[132.4622,-13.1437],[132.3688,-13.0955],[132.2589,-13.0848],[132.182,-13.1918],[132.2095,-13.2399],[132.2644,-13.2667],[132.6764,-13.3843],[132.8467,-13.5499],[132.6215,-13.5766],[132.4072,-13.6727],[132.1985,-13.6833],[132.0996,-13.7207],[132.0447,-13.7954],[132.0007,-13.9287],[131.9568,-14.1153],[131.9458,-14.291],[131.8854,-14.4294],[131.8799,-14.4879],[131.9073,-14.6261],[132.1106,-14.5995],[132.4237,-14.5517],[132.7753,-14.6633],[132.9291,-14.743],[133.1708,-14.9076],[133.3795,-14.6846],[133.4619,-14.3229],[133.5773,-14.1099],[133.6377,-13.71],[133.6322,-13.5552],[133.6377,-13.411]]]},"properties":{"NAME":"Jawoyn","ABBREVN":"Jawoyn","SUBJECTO":"Jawoyn","BORDERPRECISION":3,"PARTOF":"Jawoyn"}},
{"type":"Feature","geometry":{"type":"Polygon","coordinates":[[[134.3298,-20.6533],[134.5724,-20.4814],[134.5941,-17.9577],[134.231,-17.9369],[133.7915,-17.9787],[133.9893,-18.1459],[133.4949,-18.031],[133.374,-18.4483],[133.7476,-18.8543],[133.4839,-19.1244],[132.9785,-19.2697],[132.4731,-19.3111],[132.1655,-19.3733],[132.583,-20.1282],[132.7258,-20.4167],[132.8577,-20.6122],[132.9895,-20.7664],[133.0994,-20.9512],[133.8245,-20.9307],[134.0332,-20.8485],[134.3298,-20.6533]]]},"properties":{"NAME":"Warumungu","ABBREVN":"Warumungu","SUBJECTO":"Warumungu","BORDERPRECISION":3,"PARTOF":"Warumungu"}},
{"type":"Feature","geometry":{"type":"Polygon","coordinates":[[[131.0504,-23.6999],[130.9351,-24.2369],[130.8252,-24.4371],[130.589,-24.652],[130.5341,-24.7768],[130.6989,-24.8416],[130.8472,-24.8815],[131.001,-25.0408],[131.0614,-25.2099],[131.0504,-25.3986],[131.0339,-25.5127],[131.2097,-25.5969],[131.5009,-25.7009],[131.9348,-25.879],[132.627,-26.1949],[132.8357,-26.3427],[132.9236,-26.4706],[133.1213,-26.4411],[133.3191,-26.3131],[133.8135,-26.116],[134.0112,-25.9877],[133.7366,-25.7603],[133.5059,-25.4929],[133.418,-25.3242],[133.3081,-24.9462],[133.1213,-24.5771],[132.9456,-24.3971],[132.6379,-24.1868],[132.3853,-23.9762],[132.2095,-23.7049],[132.1216,-23.4128],[132.2314,-23.201],[132.3413,-23.0898],[132.2864,-22.9786],[131.6602,-22.9786],[131.2866,-22.9483],[131.0669,-22.9989],[131.0339,-23.3423],[131.0504,-23.6999]]]},"properties":{"NAME":"Luritja","ABBREVN":"Luritja","SUBJECTO":"Luritja","BORDERPRECISION":3,"PARTOF":"Luritja"}},
{"type":"Feature","geometry":{"type":"Polygon","coordinates":[[[134.5386,-22.5734],[134.5546,-22.5537],[134.5744,-20.2472],[134.0552,-20.6122],[133.5718,-20.7767],[132.8247,-20.7767],[132.9565,-21.0435],[132.9785,-21.5144],[132.9126,-21.9023],[133.0225,-22.1264],[133.6816,-22.2077],[134.0991,-22.3907],[134.5386,-22.5734]]]},"properties":{"NAME":"Kaytej","ABBREVN":"Kaytej","SUBJECTO":"Kaytej","BORDERPRECISION":3,"PARTOF":"Kaytej"}},
{"type":"Feature","geometry":{"type":"Polygon","coordinates":[[[117.741,-35.2199],[118.2071,-35.0903],[118.4159,-34.9244],[118.6728,-34.6058],[119.0081,-34.6148],[119.0314,-34.493],[118.8666,-34.2572],[118.6523,-34.2527],[117.5867,-34.2754],[117.4878,-34.2935],[116.7462,-34.3071],[116.521,-34.3298],[116.5759,-34.6016],[116.5704,-34.8273],[116.4111,-35.084],[116.7242,-35.1873],[117.741,-35.2199]]]},"properties":{"NAME":"Minang","ABBREVN":"Minang","SUBJECTO":"Minang","BORDERPRECISION":3,"PARTOF":"Minang"}},
{"type":"Feature","geometry":{"type":"Polygon","coordinates":[[[113.8965,-25.5901],[114.1825,-26.017],[114.1808,-26.2714],[114.0504,-26.2886],[114.0951,-26.5386],[113.8807,-26.509],[113.6577,-26.0682],[113.3212,-25.6903],[113.285,-25.8268],[113.3866,-25.9737],[113.5832,-26.1522],[113.7394,-26.6665],[113.5798,-26.656],[113.433,-26.572],[113.2445,-26.3411],[113.1762,-26.1417],[113.0601,-26.1162],[113.4998,-26.6867],[113.5986,-26.7603],[113.7964,-26.8192],[114.1095,-26.6229],[114.3073,-26.559],[114.5709,-26.4853],[114.8071,-26.4263],[114.8621,-26.2146],[114.8126,-25.7801],[114.6478,-25.7207],[114.1589,-25.7356],[113.9777,-25.6514],[113.8965,-25.5901]]]},"properties":{"NAME":"Malkana","ABBREVN":"Malkana","SUBJECTO":"Malkana","BORDERPRECISION":3,"PARTOF":"Malkana"}},
{"type":"Feature","geometry":{"type":"Polygon","coordinates":[[[122.2281,-18.1439],[122.2244,-18.1834],[122.2256,-18.2111],[122.2916,-18.245],[122.4399,-18.2893],[122.7695,-18.4405],[122.8683,-18.4614],[122.959,-18.464],[122.9947,-18.3962],[123.0359,-18.3441],[123.0771,-18.2476],[123.0881,-18.1824],[123.0881,-18.0806],[123.0496,-17.9944],[122.97,-17.9056],[122.8986,-17.7827],[122.8601,-17.6597],[122.8024,-17.6676],[122.753,-17.6833],[122.72,-17.7199],[122.6706,-17.8637],[122.6349,-17.9212],[122.4619,-18.0022],[122.3657,-18.0362],[122.308,-18.0728],[122.2281,-18.1439]]]},"properties":{"NAME":"Yawuru","ABBREVN":"Yawuru","SUBJECTO":"Yawuru","BORDERPRECISION":3,"PARTOF":"Yawuru"}},
{"type":"Feature","geometry":{"type":"Polygon","coordinates":[[[117.5592,-33.7746],[117.4054,-33.6192],[117.2571,-33.5002],[116.9879,-33.381],[116.7572,-33.2984],[116.5759,-33.1835],[116.4056,-33.1007],[116.142,-33.0271],[115.9772,-32.981],[115.8344,-32.981],[115.7151,-33.0177],[115.6499,-33.3493],[115.7355,-33.4177],[115.8398,-33.6604],[116.0046,-33.7198],[116.2134,-33.9479],[116.1969,-34.1936],[116.4331,-34.3071],[117.3944,-34.2799],[117.5647,-34.2073],[117.691,-33.9889],[117.5592,-33.7746]]]},"properties":{"NAME":"Kaniyang","ABBREVN":"Kaniyang","SUBJECTO":"Kaniyang","BORDERPRECISION":3,"PARTOF":"Kaniyang"}},
{"type":"Feature","geometry":{"type":"Polygon","coordinates":[[[129.5123,-15.9772],[129.353,-16.1777],[129.2596,-16.3307],[129.2377,-16.5467],[129.1937,-16.6993],[129.2377,-16.8361],[129.408,-16.9254],[129.5947,-16.936],[129.8914,-17.0673],[130.2209,-17.1723],[130.3308,-17.0935],[130.6824,-16.6941],[130.957,-16.4414],[130.968,-16.3623],[130.9021,-16.2621],[130.8691,-16.1039],[130.7098,-16.0511],[130.4846,-15.9613],[130.4462,-15.8081],[130.4462,-15.6601],[130.4187,-15.5278],[130.3583,-15.4484],[130.2869,-15.3954],[130.0342,-15.5701],[129.787,-15.7394],[129.5123,-15.9772]]]},"properties":{"NAME":"Ngarinman","ABBREVN":"Ngarinman","SUBJECTO":"Ngarinman","BORDERPRECISION":3,"PARTOF":"Ngarinman"}},
{"type":"Feature","geometry":{"type":"Polygon","coordinates":[[[122.182,-17.9176],[122.2126,-18.0494],[122.2476,-18.0597],[122.3685,-18.0623],[122.6898,-17.916],[122.7008,-17.8219],[122.753,-17.7147],[122.6733,-17.7173],[122.4893,-17.7225],[122.4042,-17.7513],[122.2998,-17.7408],[122.1927,-17.7644],[122.157,-17.7905],[122.182,-17.9176]]]},"properties":{"NAME":"Jukun","ABBREVN":"Jukun","SUBJECTO":"Jukun","BORDERPRECISION":3,"PARTOF":"Jukun"}},
{"type":"Feature","geometry":{"type":"Polygon","coordinates":[[[130.0855,-13.5925],[129.8614,-13.7151],[129.9463,-13.7127],[130.0369,-13.67],[130.0919,-13.6994],[130.1138,-13.8541],[130.1688,-13.8941],[130.2484,-13.8781],[130.2841,-13.6433],[130.2127,-13.6033],[130.1909,-13.4978],[130.0855,-13.5925]]]},"properties":{"NAME":"Maranunggu","ABBREVN":"Maranunggu","SUBJECTO":"Maranunggu","BORDERPRECISION":3,"PARTOF":"Maranunggu"}},
{"type":"Feature","geometry":{"type":"Polygon","coordinates":[[[116.4331,-23.9762],[116.4496,-24.1818],[116.3452,-24.4622],[116.3837,-24.642],[116.6254,-24.5421],[116.889,-24.4821],[116.9824,-24.3371],[116.9934,-24.1618],[117.1088,-24.0866],[117.5043,-24.0615],[117.7295,-23.9863],[117.7295,-23.8557],[117.6416,-23.8306],[117.4988,-23.725],[117.2791,-23.6797],[117.0319,-23.564],[116.6913,-23.3977],[116.2793,-23.2111],[115.9772,-23.014],[115.7355,-22.9027],[115.697,-23.2514],[115.8234,-23.6999],[115.7684,-23.8356],[115.8948,-23.8557],[116.2738,-23.8758],[116.4331,-23.9762]]]},"properties":{"NAME":"Thiin","ABBREVN":"Thiin","SUBJECTO":"Thiin","BORDERPRECISION":3,"PARTOF":"Thiin"}},
{"type":"Feature","geometry":{"type":"Polygon","coordinates":[[[128.0457,-15.6442],[127.8204,-15.8662],[127.8644,-15.9613],[128.4302,-16.0405],[128.6279,-16.1144],[128.8202,-16.1566],[129.1718,-16.2358],[129.3256,-16.3149],[129.4354,-16.1408],[129.8035,-15.7605],[130.0122,-15.6442],[130.166,-15.5119],[130.1331,-15.4378],[129.9133,-15.4113],[129.8859,-15.3425],[129.8145,-15.2524],[129.7156,-15.2895],[129.2816,-15.2948],[129.0729,-15.2312],[128.7817,-15.0827],[128.573,-15.0986],[128.4741,-15.1676],[128.4521,-15.3319],[128.4412,-15.4907],[128.1445,-15.5595],[128.0457,-15.6442]]]},"properties":{"NAME":"Doolboong/Miriwoong","ABBREVN":"Doolboong/Miriwoong","SUBJECTO":"Doolboong/Miriwoong","BORDERPRECISION":3,"PARTOF":"Doolboong/Miriwoong"}},
{"type":"Feature","geometry":{"type":"Polygon","coordinates":[[[129.0344,-18.0101],[129.1333,-18.1772],[129.1553,-18.4483],[129.1443,-18.9167],[128.8586,-19.1659],[128.7158,-19.3008],[129.2761,-19.6736],[129.8694,-19.9424],[130.2869,-20.3034],[130.4956,-20.5505],[130.4956,-20.7972],[130.3967,-21.0025],[130.1331,-21.2075],[129.9792,-21.6778],[130.2979,-22.3501],[130.7263,-22.7964],[130.946,-22.8673],[131.2646,-22.9685],[131.4624,-23.009],[131.781,-23.009],[132.1216,-23.0292],[132.2314,-23.0292],[132.0337,-22.7458],[131.8799,-22.5531],[131.8799,-22.2891],[132.0667,-22.0042],[132.4622,-21.9634],[132.9016,-21.9634],[133.0774,-21.6778],[133.0994,-21.2075],[133.0005,-20.8793],[132.8247,-20.2107],[132.5281,-19.8184],[132.4512,-19.5598],[132.1985,-19.1555],[132.0557,-18.9479],[131.748,-18.7295],[131.5942,-18.5629],[131.2317,-18.3024],[130.946,-18.1041],[130.7593,-18.1876],[129.8914,-18.3128],[129.2651,-18.3232],[129.0344,-18.0101]]]},"properties":{"NAME":"Warlpiri","ABBREVN":"Warlpiri","SUBJECTO":"Warlpiri","BORDERPRECISION":3,"PARTOF":"Warlpiri"}},
{"type":"Feature","geometry":{"type":"Polygon","coordinates":[[[124.8816,-18.4796],[124.7498,-18.6775],[124.7607,-19.1036],[124.9695,-19.5908],[124.9915,-20.0456],[124.8706,-20.2519],[125.0354,-20.2828],[125.5957,-20.3549],[125.9253,-20.4064],[126.134,-20.4064],[126.3977,-20.427],[126.5405,-20.2828],[126.6394,-20.0456],[126.6833,-19.8081],[126.7548,-19.6736],[126.7712,-19.4666],[126.8152,-19.2645],[126.8317,-19.1348],[126.8481,-19.0933],[126.7767,-19.0621],[126.4417,-19.0673],[126.3428,-18.9582],[126.2219,-18.9271],[126.0571,-18.9271],[125.8759,-18.8543],[125.766,-18.7451],[125.5463,-18.4275],[125.4529,-18.4171],[125.3101,-18.4848],[124.8816,-18.4796]]]},"properties":{"NAME":"Walmatjarri","ABBREVN":"Walmatjarri","SUBJECTO":"Walmatjarri","BORDERPRECISION":3,"PARTOF":"Walmatjarri"}},
{"type":"Feature","geometry":{"type":"Polygon","coordinates":[[[116.7744,-20.7855],[116.7792,-20.7972],[116.8117,-20.7847],[116.7744,-20.7855]]]},"properties":{"NAME":"Jaburrara","ABBREVN":"Jaburrara","SUBJECTO":"Jaburrara","BORDERPRECISION":3,"PARTOF":"Jaburrara"}},
{"type":"Feature","geometry":{"type":"Polygon","coordinates":[[[120.3937,-32.7734],[120.4156,-32.5653],[120.3882,-32.3568],[120.2893,-32.2174],[119.3665,-31.6674],[118.4711,-31.1],[118.2349,-30.8362],[117.9163,-31.2645],[117.724,-31.527],[117.5262,-31.9568],[117.5372,-32.2128],[117.6691,-32.5468],[118.0371,-32.9764],[118.1525,-33.1053],[118.6578,-33.1513],[119.6576,-33.1697],[120.1355,-33.1422],[120.3278,-32.9534],[120.3937,-32.7734]]]},"properties":{"NAME":"Nyaki-nyaki","ABBREVN":"Nyaki-nyaki","SUBJECTO":"Nyaki-nyaki","BORDERPRECISION":3,"PARTOF":"Nyaki-nyaki"}},
{"type":"Feature","geometry":{"type":"Polygon","coordinates":[[[117.0881,-20.7785],[116.8116,-20.7847],[116.7792,-20.828],[116.922,-20.8999],[116.9879,-20.9768],[117.1362,-21.064],[117.9327,-21.3252],[118.0261,-21.2996],[117.8778,-20.7356],[117.8284,-20.6276],[117.8143,-20.6189],[117.7552,-20.6754],[117.5969,-20.7583],[117.0881,-20.7785]]]},"properties":{"NAME":"Ngarluma","ABBREVN":"Ngarluma","SUBJECTO":"Ngarluma","BORDERPRECISION":3,"PARTOF":"Ngarluma"}},
{"type":"Feature","geometry":{"type":"Polygon","coordinates":[[[130.0781,-14.07],[130.0287,-14.0673],[130.0397,-14.1019],[130.0809,-14.1233],[130.1028,-14.1286],[130.1907,-14.1312],[130.2539,-14.1046],[130.3253,-13.9527],[130.3226,-13.9207],[130.3088,-13.8861],[130.2621,-13.8727],[130.2182,-13.9021],[130.2182,-13.9527],[130.2155,-13.9874],[130.1852,-14.0353],[130.1303,-14.0513],[130.0671,-14.0513],[130.0781,-14.07]]]},"properties":{"NAME":"Marramaninjsji","ABBREVN":"Marramaninjsji","SUBJECTO":"Marramaninjsji","BORDERPRECISION":3,"PARTOF":"Marramaninjsji"}},
{"type":"Feature","geometry":{"type":"Polygon","coordinates":[[[125.5078,-17.5707],[125.343,-17.6021],[125.3101,-17.7696],[125.4089,-17.9369],[125.6177,-18.1354],[125.6946,-18.1563],[125.8594,-18.0832],[126.0681,-17.9892],[126.3208,-17.7905],[126.2988,-17.644],[126.0571,-17.4764],[125.8704,-17.4135],[125.6946,-17.4135],[125.5078,-17.5707]]]},"properties":{"NAME":"Punuba","ABBREVN":"Punuba","SUBJECTO":"Punuba","BORDERPRECISION":3,"PARTOF":"Punuba"}},
{"type":"Feature","geometry":{"type":"Polygon","coordinates":[[[131.4899,-17.9787],[131.1053,-18.0623],[130.9021,-18.1563],[131.0834,-18.3493],[131.3745,-18.49],[131.6327,-18.7399],[131.8579,-18.9011],[132.149,-19.223],[132.4292,-19.3422],[132.6984,-19.3371],[133.5388,-19.2697],[133.8135,-19.1348],[133.8794,-18.9894],[133.8464,-18.8127],[133.5608,-18.5317],[133.5004,-18.3389],[133.3411,-18.1667],[133.352,-17.7487],[132.2809,-17.6859],[132.0117,-17.801],[131.6382,-17.9108],[131.4899,-17.9787]]]},"properties":{"NAME":"Warlmanpa","ABBREVN":"Warlmanpa","SUBJECTO":"Warlmanpa","BORDERPRECISION":3,"PARTOF":"Warlmanpa"}},
{"type":"Feature","geometry":{"type":"Polygon","coordinates":[[[125.8704,-16.8361],[125.6616,-17.0463],[125.6836,-17.2143],[125.7275,-17.3087],[125.8044,-17.4345],[126.0352,-17.4764],[126.189,-17.5917],[126.2878,-17.7382],[126.5295,-17.7278],[126.8152,-17.5812],[127.0569,-17.4974],[127.2546,-17.3716],[127.4084,-17.3611],[127.5293,-17.2772],[127.4854,-17.1618],[127.3645,-16.6151],[127.4194,-16.415],[127.4524,-16.0775],[127.4744,-15.9402],[127.1228,-15.9191],[126.969,-15.9402],[126.8701,-16.1092],[126.8701,-16.3518],[126.5955,-16.7835],[126.4417,-16.8361],[126.2,-16.8151],[125.8704,-16.8361]]]},"properties":{"NAME":"Worla","ABBREVN":"Worla","SUBJECTO":"Worla","BORDERPRECISION":3,"PARTOF":"Worla"}},
{"type":"Feature","geometry":{"type":"Polygon","coordinates":[[[118.6523,-28.0332],[118.7567,-28.1253],[118.9545,-27.9459],[119.2401,-27.5424],[119.339,-27.3181],[119.6191,-27.2937],[119.8993,-27.3376],[120.4321,-27.4595],[120.6903,-27.5375],[121.3165,-27.5765],[121.2781,-27.401],[121.1517,-27.279],[120.9265,-26.9074],[120.8496,-26.5934],[120.8386,-26.4657],[120.8002,-26.3574],[120.6683,-26.2589],[120.2289,-26.1653],[120.0201,-26.0173],[119.6741,-25.8839],[119.3115,-25.7752],[118.938,-25.7306],[118.8062,-25.8691],[118.5699,-26.3082],[118.4381,-26.4804],[118.2568,-26.8388],[118.1085,-27.0689],[118.0426,-27.1569],[118.0206,-27.2058],[118.0975,-27.3913],[118.3282,-27.7127],[118.537,-27.8439],[118.6523,-28.0332]]]},"properties":{"NAME":"Tjupany","ABBREVN":"Tjupany","SUBJECTO":"Tjupany","BORDERPRECISION":3,"PARTOF":"Tjupany"}},
{"type":"Feature","geometry":{"type":"Polygon","coordinates":[[[131.0449,-25.4532],[130.946,-25.7504],[130.8252,-25.9185],[130.7813,-26.0765],[130.8691,-26.7358],[130.8252,-27.02],[130.7043,-27.3327],[130.7043,-27.518],[130.8472,-27.7224],[131.0669,-27.9653],[131.4294,-28.2076],[131.803,-28.3431],[132.2314,-28.4204],[132.6599,-28.4107],[133.1104,-28.4107],[133.4619,-28.4011],[133.5059,-28.2076],[133.3411,-27.8002],[133.2422,-27.2546],[133.1104,-26.8927],[133.0664,-26.7162],[132.9895,-26.382],[132.9126,-26.0963],[132.6379,-25.8493],[131.77,-25.7405],[131.3416,-25.6118],[131.0449,-25.4532]]]},"properties":{"NAME":"Yankuntjatjara","ABBREVN":"Yankuntjatjara","SUBJECTO":"Yankuntjatjara","BORDERPRECISION":3,"PARTOF":"Yankuntjatjara"}},
{"type":"Feature","geometry":{"type":"Polygon","coordinates":[[[126.958,-26.6376],[127.0679,-27.1374],[127.2217,-27.9168],[127.2217,-28.3141],[127.2986,-28.6327],[127.5623,-28.5556],[127.9907,-28.4397],[129.1882,-28.3624],[129.5947,-28.3624],[129.9023,-28.3721],[129.9902,-28.285],[130.155,-28.0332],[130.5945,-27.6738],[130.5835,-27.518],[130.21,-27.4985],[129.5288,-27.2644],[129.2871,-27.1276],[129.0784,-26.8241],[129.0234,-26.4017],[129.0234,-26.0963],[129.0234,-25.958],[129.0234,-25.8394],[128.7598,-25.9086],[128.2764,-25.9185],[127.9688,-26.0765],[127.793,-26.2836],[127.4744,-26.3919],[126.958,-26.6376]]]},"properties":{"NAME":"Nakako","ABBREVN":"Nakako","SUBJECTO":"Nakako","BORDERPRECISION":3,"PARTOF":"Nakako"}},
{"type":"Feature","geometry":{"type":"Polygon","coordinates":[[[125.4419,-25.8691],[125.1013,-25.8592],[124.7937,-26.0864],[124.552,-26.3919],[124.4092,-26.8437],[124.3762,-27.1178],[124.3542,-27.4498],[124.3982,-27.6738],[125.0244,-28.0817],[125.6946,-28.5363],[126.0901,-28.7773],[126.4636,-28.8928],[126.7383,-28.9409],[127.002,-28.8543],[127.1228,-28.7388],[127.3975,-28.6327],[127.2766,-28.1495],[127.3206,-27.7905],[127.1448,-26.8633],[127.0129,-26.6082],[126.8042,-26.5197],[126.4197,-26.382],[125.4419,-25.8691]]]},"properties":{"NAME":"Mandjindja","ABBREVN":"Mandjindja","SUBJECTO":"Mandjindja","BORDERPRECISION":3,"PARTOF":"Mandjindja"}},
{"type":"Feature","geometry":{"type":"Polygon","coordinates":[[[131.4404,-30.2306],[131.1548,-30.1261],[130.8472,-30.0311],[130.5176,-29.8692],[130.3528,-29.6594],[130.144,-29.5065],[130.0452,-29.3535],[129.9023,-28.9505],[129.8694,-28.7388],[129.9023,-28.5459],[129.9463,-28.3141],[129.6167,-28.256],[128.3752,-28.2754],[127.9578,-28.3141],[127.5293,-28.4783],[127.3975,-28.5749],[127.4304,-28.6713],[127.5952,-28.8062],[127.804,-29.0754],[128.2104,-29.5065],[128.3972,-29.793],[128.4082,-30.0596],[128.4631,-30.1261],[129.342,-30.0881],[130.155,-30.1166],[131.2537,-30.2116],[131.4404,-30.2306]]]},"properties":{"NAME":"Ngalea","ABBREVN":"Ngalea","SUBJECTO":"Ngalea","BORDERPRECISION":3,"PARTOF":"Ngalea"}},
{"type":"Feature","geometry":{"type":"Polygon","coordinates":[[[117.9685,-20.4715],[117.7939,-20.6384],[117.7954,-20.6893],[117.9163,-21.1562],[118.0042,-21.3917],[118.1799,-21.5246],[118.4875,-21.6778],[118.5864,-21.6574],[118.6743,-21.5655],[118.8831,-20.946],[118.916,-20.6996],[118.8776,-20.5094],[118.6889,-20.3403],[118.6087,-20.3811],[118.1907,-20.4138],[117.9685,-20.4715]]]},"properties":{"NAME":"Kariyarra","ABBREVN":"Kariyarra","SUBJECTO":"Kariyarra","BORDERPRECISION":3,"PARTOF":"Kariyarra"}},
{"type":"Feature","geometry":{"type":"Polygon","coordinates":[[[122.6529,-16.7362],[122.5429,-16.9174],[122.547,-16.9281],[122.558,-16.9544],[122.6239,-16.999],[122.7145,-17.0279],[122.8656,-17.0384],[122.981,-17.0279],[123.0789,-16.979],[123.0227,-16.856],[122.927,-16.7335],[122.8629,-16.7335],[122.7859,-16.7414],[122.7283,-16.7414],[122.6529,-16.7362]]]},"properties":{"NAME":"Nyul Nyul","ABBREVN":"Nyul Nyul","SUBJECTO":"Nyul Nyul","BORDERPRECISION":3,"PARTOF":"Nyul Nyul"}},
{"type":"Feature","geometry":{"type":"Polygon","coordinates":[[[134.4287,-29.0466],[134.4992,-29.0036],[134.5226,-26.28],[134.165,-26.037],[133.9343,-26.0074],[133.5938,-26.0667],[133.1763,-26.2343],[132.9675,-26.3623],[132.9785,-26.7652],[133.0774,-27.2839],[133.1763,-27.5862],[133.2312,-28.0138],[133.2532,-28.3914],[133.5828,-28.7388],[133.9124,-28.9312],[134.4287,-29.0466]]]},"properties":{"NAME":"Antakarinja","ABBREVN":"Antakarinja","SUBJECTO":"Antakarinja","BORDERPRECISION":3,"PARTOF":"Antakarinja"}},
{"type":"Feature","geometry":{"type":"Polygon","coordinates":[[[132.1436,-16.0036],[132.1271,-15.8398],[131.9623,-15.7552],[131.7316,-15.7552],[131.5063,-15.787],[131.369,-15.7923],[131.3306,-15.993],[131.0999,-15.9983],[130.9076,-16.0722],[130.8362,-16.125],[130.9076,-16.3043],[130.9406,-16.415],[131.0779,-16.4677],[131.2646,-16.552],[131.3635,-16.7151],[131.5613,-16.6046],[131.748,-16.4572],[131.9403,-16.3149],[132.0392,-16.2305],[132.1436,-16.0036]]]},"properties":{"NAME":"Karangpurru","ABBREVN":"Karangpurru","SUBJECTO":"Karangpurru","BORDERPRECISION":3,"PARTOF":"Karangpurru"}},
{"type":"Feature","geometry":{"type":"Polygon","coordinates":[[[116.2683,-21.3917],[115.6421,-22.1162],[115.3894,-22.3399],[115.1917,-22.5024],[115.8069,-22.5734],[115.9497,-22.4618],[116.1694,-22.4212],[116.4221,-22.4313],[116.7517,-22.6647],[116.9604,-22.8673],[116.9934,-22.8774],[117.5098,-22.7559],[117.6855,-22.4973],[117.8229,-22.2077],[117.8229,-22.0704],[117.6746,-21.943],[117.4823,-21.8156],[117.2626,-21.734],[117.0978,-21.5297],[116.944,-21.4224],[116.6858,-21.3764],[116.3727,-21.3098],[116.2683,-21.3917]]]},"properties":{"NAME":"Kurrama","ABBREVN":"Kurrama","SUBJECTO":"Kurrama","BORDERPRECISION":3,"PARTOF":"Kurrama"}},
{"type":"Feature","geometry":{"type":"Polygon","coordinates":[[[121.8494,-26.037],[121.2451,-26.1554],[120.9814,-26.2442],[120.7727,-26.4214],[120.8276,-26.7848],[121.0583,-27.3132],[121.4429,-27.6738],[121.6846,-27.9556],[122.2778,-27.6835],[122.5745,-27.3327],[123.0579,-26.6769],[123.1128,-26.4706],[123.1567,-26.3919],[123.0908,-26.2442],[122.8271,-26.037],[122.4207,-25.9778],[121.8494,-26.037]]]},"properties":{"NAME":"Nana","ABBREVN":"Nana","SUBJECTO":"Nana","BORDERPRECISION":3,"PARTOF":"Nana"}},
{"type":"Feature","geometry":{"type":"Polygon","coordinates":[[[134.1427,-12.0836],[134.0222,-12.0563],[134.0167,-12.1333],[134.0167,-12.1978],[134.0195,-12.2702],[134.0579,-12.3212],[134.1101,-12.3024],[134.1321,-12.2649],[134.1486,-12.2085],[134.1925,-12.1145],[134.2277,-12.0956],[134.1427,-12.0836]]]},"properties":{"NAME":"Gunibidji","ABBREVN":"Gunibidji","SUBJECTO":"Gunibidji","BORDERPRECISION":3,"PARTOF":"Gunibidji"}},
{"type":"Feature","geometry":{"type":"Polygon","coordinates":[[[133.1488,-14.8811],[133.2971,-14.9554],[133.5773,-15.0668],[133.7091,-15.0668],[133.797,-14.9925],[133.8409,-14.9023],[134.0057,-14.8121],[134.0771,-14.7749],[134.1486,-14.7218],[133.9124,-14.4932],[133.5333,-14.291],[133.4344,-14.275],[133.4125,-14.4613],[133.1488,-14.8811]]]},"properties":{"NAME":"Mangarayi","ABBREVN":"Mangarayi","SUBJECTO":"Mangarayi","BORDERPRECISION":3,"PARTOF":"Mangarayi"}},
{"type":"Feature","geometry":{"type":"Polygon","coordinates":[[[114.9719,-30.3421],[115.1147,-30.7796],[115.4334,-31.3912],[115.9167,-31.3724],[116.1584,-31.4662],[116.3892,-31.3912],[116.6803,-30.4108],[116.8286,-30.0548],[116.716,-29.9978],[115.0818,-30.2472],[114.9637,-30.278],[114.9719,-30.3421]]]},"properties":{"NAME":"Yuat","ABBREVN":"Yuat","SUBJECTO":"Yuat","BORDERPRECISION":3,"PARTOF":"Yuat"}},
{"type":"Feature","geometry":{"type":"Polygon","coordinates":[[[115.4935,-31.546],[115.677,-31.9279],[115.7473,-32.2076],[115.7575,-32.4938],[116.0266,-32.4356],[116.2024,-32.3614],[116.5979,-32.1477],[116.6693,-31.9894],[116.7078,-31.6581],[116.6254,-31.5739],[116.3919,-31.4708],[116.1584,-31.4029],[115.9827,-31.4216],[115.5899,-31.4123],[115.4935,-31.546]]]},"properties":{"NAME":"Wajuk","ABBREVN":"Wajuk","SUBJECTO":"Wajuk","BORDERPRECISION":3,"PARTOF":"Wajuk"}},
{"type":"Feature","geometry":{"type":"Polygon","coordinates":[[[133.418,-16.2041],[133.3411,-16.5309],[133.352,-17.4345],[133.3081,-17.5707],[133.2751,-17.7696],[133.2532,-17.9056],[133.2642,-18.2919],[133.5388,-18.2189],[133.8354,-18.1876],[134.176,-18.0936],[134.3298,-17.9683],[134.4397,-17.8115],[134.5056,-17.5393],[134.5056,-17.2353],[134.3958,-17.0253],[134.1211,-16.6888],[133.7366,-16.3307],[133.418,-16.2041]]]},"properties":{"NAME":"Jingili","ABBREVN":"Jingili","SUBJECTO":"Jingili","BORDERPRECISION":3,"PARTOF":"Jingili"}},
{"type":"Feature","geometry":{"type":"Polygon","coordinates":[[[115.1257,-22.4009],[115.4224,-22.4009],[115.719,-22.2789],[116.4551,-21.4224],[116.4441,-21.2075],[116.2513,-20.9236],[116.1346,-20.984],[115.5674,-21.4556],[115.3492,-21.6023],[114.6855,-21.9534],[115.1257,-22.4009]]]},"properties":{"NAME":"Nhuwala","ABBREVN":"Nhuwala","SUBJECTO":"Nhuwala","BORDERPRECISION":3,"PARTOF":"Nhuwala"}},
{"type":"Feature","geometry":{"type":"Polygon","coordinates":[[[126.7163,-18.6671],[126.2988,-18.8855],[126.3098,-19.0206],[126.4417,-19.1036],[126.6943,-19.0829],[126.8262,-19.1555],[127.0569,-19.2697],[127.3535,-19.363],[127.7271,-19.4252],[128.1116,-19.3837],[128.54,-19.2593],[128.7817,-19.2489],[129.0344,-19.1036],[129.1992,-18.9375],[129.2432,-18.6254],[129.2542,-18.4275],[129.2761,-18.2189],[129.1992,-17.9265],[128.9355,-17.7591],[128.8037,-17.6336],[128.595,-17.5498],[128.3752,-17.5393],[128.2214,-17.5812],[128.1226,-17.8115],[127.6172,-18.0728],[127.4194,-18.3024],[127.1008,-18.3754],[126.8591,-18.3858],[126.7163,-18.6671]]]},"properties":{"NAME":"Jaru","ABBREVN":"Jaru","SUBJECTO":"Jaru","BORDERPRECISION":3,"PARTOF":"Jaru"}},
{"type":"Feature","geometry":{"type":"Polygon","coordinates":[[[129.8515,-14.1233],[129.8488,-14.2684],[129.8735,-14.3589],[129.9889,-14.4054],[129.9889,-14.4307],[130.015,-14.456],[130.0438,-14.456],[130.0397,-14.4067],[130.004,-14.3376],[130.1056,-14.1659],[130.1056,-14.1166],[130.0383,-14.0886],[129.9257,-14.0833],[129.868,-14.0913],[129.8515,-14.1233]]]},"properties":{"NAME":"Ngan’gikurunggurr","ABBREVN":"Ngan’gikurunggurr","SUBJECTO":"Ngan’gikurunggurr","BORDERPRECISION":3,"PARTOF":"Ngan’gikurunggurr"}},
{"type":"Feature","geometry":{"type":"Polygon","coordinates":[[[132.215,-12.7957],[132.2424,-12.576],[132.2164,-12.3412],[131.8175,-12.3683],[131.6346,-12.3896],[131.6107,-12.9136],[131.7206,-12.951],[131.9128,-13.0206],[132.0721,-12.9617],[132.215,-12.7957]]]},"properties":{"NAME":"Limilngan","ABBREVN":"Limilngan","SUBJECTO":"Limilngan","BORDERPRECISION":3,"PARTOF":"Limilngan"}},
{"type":"Feature","geometry":{"type":"Polygon","coordinates":[[[118.6898,-28.5565],[118.2239,-28.3044],[117.8892,-28.3532],[117.5317,-28.5749],[117.105,-28.9033],[116.3095,-29.2145],[116.52,-29.5984],[116.779,-30.0252],[116.9489,-30.119],[117.0492,-30.2155],[117.4842,-30.4178],[117.9221,-30.6663],[118.0866,-30.7443],[118.2652,-30.9072],[118.3518,-31.0673],[118.8691,-31.5303],[119.1216,-31.6986],[119.5058,-31.8945],[119.9166,-32.1804],[120.1691,-31.8925],[120.4224,-31.6399],[120.6976,-31.4054],[120.9618,-31.2457],[121.215,-31.1139],[120.7393,-30.6345],[120.509,-30.0596],[120.0037,-29.3247],[119.4214,-28.7484],[118.6898,-28.5565]]]},"properties":{"NAME":"Kalaamaya","ABBREVN":"Kalaamaya","SUBJECTO":"Kalaamaya","BORDERPRECISION":3,"PARTOF":"Kalaamaya"}},
{"type":"Feature","geometry":{"type":"Polygon","coordinates":[[[115.8893,-22.6191],[115.752,-22.8066],[115.697,-22.9078],[115.8673,-22.9989],[116.2134,-23.201],[116.554,-23.3776],[116.8835,-23.5287],[117.356,-23.7451],[117.6581,-23.8657],[117.7789,-23.7552],[117.8229,-23.5791],[117.724,-23.4733],[117.334,-23.3725],[117.0978,-23.3069],[116.8561,-23.206],[116.6693,-23.0898],[116.4551,-22.9685],[116.087,-22.7964],[115.9552,-22.6394],[115.8893,-22.6191]]]},"properties":{"NAME":"Jiwarli","ABBREVN":"Jiwarli","SUBJECTO":"Jiwarli","BORDERPRECISION":3,"PARTOF":"Jiwarli"}},
{"type":"Feature","geometry":{"type":"Polygon","coordinates":[[[125.108,-15.2051],[125.0844,-15.3084],[125.376,-15.3319],[125.376,-15.459],[125.6012,-15.6654],[125.6726,-15.75],[125.744,-15.8292],[125.8264,-15.6654],[125.8923,-15.5172],[126.0022,-14.8067],[126.0022,-14.6474],[126.0022,-14.541],[125.9678,-14.4797],[125.8632,-14.6949],[125.4972,-14.6766],[125.1557,-14.8045],[125.1739,-15.0397],[125.108,-15.2051]]]},"properties":{"NAME":"Wunambul","ABBREVN":"Wunambul","SUBJECTO":"Wunambul","BORDERPRECISION":3,"PARTOF":"Wunambul"}},
{"type":"Feature","geometry":{"type":"Polygon","coordinates":[[[130.979,-17.5498],[130.979,-17.8324],[130.99,-17.9056],[131.4075,-17.9474],[131.5503,-17.9787],[131.759,-17.9892],[132.3083,-17.8742],[132.4731,-17.7696],[132.7533,-17.7435],[132.8796,-17.7435],[133.0334,-17.7278],[133.2587,-17.7173],[133.3795,-17.644],[133.5004,-17.3139],[133.4125,-16.9622],[133.418,-16.5625],[133.3905,-16.4097],[133.1873,-16.4888],[132.8796,-16.4888],[132.6324,-16.415],[132.4292,-16.1619],[132.2314,-16.3096],[131.9293,-16.4361],[131.7426,-16.4308],[130.979,-17.5498]]]},"properties":{"NAME":"Mudburra","ABBREVN":"Mudburra","SUBJECTO":"Mudburra","BORDERPRECISION":3,"PARTOF":"Mudburra"}},
{"type":"Feature","geometry":{"type":"Polygon","coordinates":[[[134.3298,-13.4217],[134.3683,-13.7847],[134.4507,-13.8914],[134.6287,-13.9284],[134.6353,-13.1519],[134.4122,-13.272],[134.3298,-13.4217]]]},"properties":{"NAME":"Ngalkbun","ABBREVN":"Ngalkbun","SUBJECTO":"Ngalkbun","BORDERPRECISION":3,"PARTOF":"Ngalkbun"}},
{"type":"Feature","geometry":{"type":"Polygon","coordinates":[[[118.5699,-24.3371],[118.5754,-24.4471],[118.7128,-24.5271],[118.9655,-24.6021],[119.4049,-24.8366],[119.6466,-25.0209],[119.7784,-24.9861],[119.9487,-24.7219],[120.0037,-24.5221],[119.9817,-24.0866],[119.8718,-23.8205],[119.7015,-23.559],[119.6027,-23.438],[119.1852,-23.3826],[118.9819,-23.433],[118.7897,-23.5841],[118.5754,-24.1267],[118.5699,-24.3371]]]},"properties":{"NAME":"Ngalawangka","ABBREVN":"Ngalawangka","SUBJECTO":"Ngalawangka","BORDERPRECISION":3,"PARTOF":"Ngalawangka"}},
{"type":"Feature","geometry":{"type":"Polygon","coordinates":[[[122.8436,-18.5369],[122.7393,-18.9998],[122.8766,-19.1815],[123.0469,-19.2852],[123.371,-19.6685],[123.6017,-20.1436],[123.8379,-20.679],[124.3817,-20.6636],[124.8486,-20.3034],[125.0024,-20.1488],[125.1123,-19.8752],[124.964,-19.3163],[124.8596,-19.223],[124.7992,-18.9582],[124.8047,-18.7815],[124.8596,-18.6983],[124.8596,-18.589],[124.7003,-18.5577],[124.5905,-18.3493],[124.4586,-18.245],[124.3542,-18.2085],[124.1455,-18.3441],[124.0521,-18.5161],[124.0137,-18.6983],[123.8763,-18.8023],[123.6511,-18.6775],[123.4644,-18.5109],[123.3215,-18.4431],[123.1403,-18.4379],[122.9315,-18.4483],[122.8436,-18.5369]]]},"properties":{"NAME":"Mangala","ABBREVN":"Mangala","SUBJECTO":"Mangala","BORDERPRECISION":3,"PARTOF":"Mangala"}},
{"type":"Feature","geometry":{"type":"Polygon","coordinates":[[[132.8906,-12.7689],[132.8412,-12.6618],[132.7698,-12.6511],[132.6544,-12.6671],[132.6434,-12.7261],[132.6929,-12.7957],[132.8192,-12.8546],[132.8906,-12.7689]]]},"properties":{"NAME":"Bukurnidja","ABBREVN":"Bukurnidja","SUBJECTO":"Bukurnidja","BORDERPRECISION":3,"PARTOF":"Bukurnidja"}},
{"type":"Feature","geometry":{"type":"Polygon","coordinates":[[[120.2234,-29.4013],[120.6519,-29.8597],[120.7397,-30.1546],[120.9595,-30.5812],[120.9924,-30.7324],[121.0693,-31.1],[121.6187,-31.1],[122.2778,-31.0435],[122.8052,-30.9776],[123.3545,-30.9211],[123.5522,-30.9493],[123.5852,-30.7041],[123.5522,-30.2591],[123.1348,-29.4779],[122.7612,-28.8735],[122.7393,-28.7484],[122.5415,-28.652],[122.2998,-28.7002],[122.1021,-28.7677],[121.8494,-28.8447],[121.355,-28.8639],[121.1023,-28.7773],[120.3552,-28.8062],[119.8718,-28.8543],[119.729,-28.9697],[120.2234,-29.4013]]]},"properties":{"NAME":"Wangkathaa","ABBREVN":"Wangkathaa","SUBJECTO":"Wangkathaa","BORDERPRECISION":3,"PARTOF":"Wangkathaa"}},
{"type":"Feature","geometry":{"type":"Polygon","coordinates":[[[114.6973,-24.0565],[114.873,-24.1768],[115.0928,-24.4572],[115.0928,-24.7019],[115.0763,-24.8017],[114.9994,-25.0309],[115.2026,-25.0806],[115.34,-25.0856],[115.4224,-24.8864],[115.4828,-24.6969],[115.5212,-24.6221],[115.6366,-24.2169],[115.7684,-24.0013],[115.8179,-23.8105],[115.8179,-23.7602],[115.719,-23.72],[115.4388,-23.6697],[115.0543,-23.4229],[114.9225,-23.3977],[114.7852,-23.3523],[114.6753,-23.317],[114.6478,-23.5438],[114.5215,-23.8758],[114.5215,-24.0264],[114.6973,-24.0565]]]},"properties":{"NAME":"Tharrgari","ABBREVN":"Tharrgari","SUBJECTO":"Tharrgari","BORDERPRECISION":3,"PARTOF":"Tharrgari"}},
{"type":"Feature","geometry":{"type":"Polygon","coordinates":[[[124.5314,-16.3252],[124.6125,-16.3779],[124.6234,-16.3728],[124.8102,-16.3728],[124.8047,-16.2674],[124.8926,-16.1514],[124.8541,-16.0194],[124.9255,-15.8927],[125.1837,-15.861],[125.4254,-15.8874],[125.7275,-15.9772],[125.8209,-15.956],[125.8209,-15.8821],[125.7715,-15.7605],[125.6122,-15.586],[125.4144,-15.4643],[125.4639,-15.3319],[125.3595,-15.2153],[125.0956,-15.2593],[125.0585,-15.4213],[125.1091,-15.6247],[125.018,-15.6439],[124.6886,-15.4666],[124.4245,-15.6579],[124.3637,-15.8869],[124.3952,-16.0203],[124.3378,-16.262],[124.5314,-16.3252]]]},"properties":{"NAME":"Worora","ABBREVN":"Worora","SUBJECTO":"Worora","BORDERPRECISION":3,"PARTOF":"Worora"}},
{"type":"Feature","geometry":{"type":"Polygon","coordinates":[[[123.5577,-17.209],[123.5193,-17.5026],[123.4259,-17.6911],[123.1677,-17.8585],[123.0579,-18.0362],[123.0029,-18.2659],[122.8931,-18.4536],[123.0579,-18.5525],[123.2336,-18.4275],[123.3545,-18.49],[123.5962,-18.7191],[123.9368,-18.8855],[124.1675,-18.3441],[124.3652,-18.2085],[124.563,-18.3545],[124.6399,-18.5942],[124.7113,-18.615],[124.8376,-18.615],[125.0244,-18.5734],[125.3705,-18.5265],[125.5627,-18.3493],[125.6561,-18.2398],[125.744,-18.1197],[125.6506,-18.0728],[125.4803,-17.9056],[125.3979,-17.7696],[125.3485,-17.6702],[125.2771,-17.5393],[125.2057,-17.445],[125.0464,-17.3978],[124.7003,-17.4188],[124.552,-17.4188],[124.3982,-17.4031],[123.8599,-17.3192],[123.6731,-17.2353],[123.5687,-17.167],[123.5577,-17.209]]]},"properties":{"NAME":"Nyikina","ABBREVN":"Nyikina","SUBJECTO":"Nyikina","BORDERPRECISION":3,"PARTOF":"Nyikina"}},
{"type":"Feature","geometry":{"type":"Polygon","coordinates":[[[123.5758,-16.3908],[123.5529,-16.696],[123.6317,-16.8039],[123.8378,-16.8913],[123.8873,-16.8834],[123.9862,-16.8151],[124.0356,-16.7046],[124.0356,-16.6362],[123.9697,-16.5572],[123.5758,-16.3908]]]},"properties":{"NAME":"Unggarangi","ABBREVN":"Unggarangi","SUBJECTO":"Unggarangi","BORDERPRECISION":3,"PARTOF":"Unggarangi"}},
{"type":"Feature","geometry":{"type":"Polygon","coordinates":[[[123.4983,-17.3186],[123.4187,-17.5799],[123.3012,-17.4657],[123.0611,-16.9401],[122.9315,-16.9885],[122.8381,-17.0988],[122.8052,-17.2615],[122.7997,-17.4083],[122.8107,-17.6178],[122.8381,-17.8428],[122.9205,-18.0049],[123.0908,-18.0832],[123.2172,-17.8637],[123.5468,-17.6388],[123.5797,-17.5655],[123.5687,-17.4921],[123.5303,-17.3769],[123.4983,-17.3186]]]},"properties":{"NAME":"Nimanburu","ABBREVN":"Nimanburu","SUBJECTO":"Nimanburu","BORDERPRECISION":3,"PARTOF":"Nimanburu"}},
{"type":"Feature","geometry":{"type":"Polygon","coordinates":[[[134.3188,-30.8834],[134.4826,-30.9351],[134.4999,-28.9211],[134.1101,-28.6906],[133.6267,-28.5459],[133.5608,-28.4301],[133.2642,-28.3141],[132.9236,-28.3431],[132.605,-28.4011],[132.1216,-28.4011],[131.7151,-28.2463],[131.2756,-28.0429],[130.979,-27.7711],[130.7813,-27.5375],[130.6714,-27.4595],[130.4407,-27.6446],[130.2209,-27.8488],[129.8474,-28.256],[129.8254,-28.6327],[129.9023,-29.133],[129.9902,-29.4683],[130.2979,-29.7453],[130.6604,-29.9454],[131.0229,-30.1166],[131.4404,-30.2496],[131.8469,-30.3729],[133.2312,-30.496],[134.3188,-30.8834]]]},"properties":{"NAME":"Kokatha","ABBREVN":"Kokatha","SUBJECTO":"Kokatha","BORDERPRECISION":3,"PARTOF":"Kokatha"}},
{"type":"Feature","geometry":{"type":"Polygon","coordinates":[[[134.0439,-12.0612],[133.7256,-11.9891],[133.8492,-12.187],[133.8959,-12.2112],[134.0387,-12.2863],[134.0439,-12.0612]]]},"properties":{"NAME":"Gunbalang","ABBREVN":"Gunbalang","SUBJECTO":"Gunbalang","BORDERPRECISION":3,"PARTOF":"Gunbalang"}},
{"type":"Feature","geometry":{"type":"Polygon","coordinates":[[[118.4161,-28.3721],[118.548,-28.2947],[118.6304,-28.1979],[118.7347,-28.1011],[118.7018,-27.941],[118.6853,-27.8973],[118.4106,-27.703],[118.2019,-27.479],[118.0591,-27.196],[117.9272,-27.1569],[117.6746,-27.1862],[117.5098,-27.4498],[116.543,-27.9944],[116.3562,-28.1592],[116.1035,-28.3141],[115.9717,-28.4783],[115.8179,-28.5652],[115.8179,-28.6086],[116.0761,-29.0226],[116.2738,-29.2672],[116.4276,-29.2145],[116.5045,-29.1666],[116.7682,-29.0466],[116.9165,-28.9649],[117.1912,-28.8399],[117.3395,-28.7965],[117.4933,-28.6617],[117.8119,-28.4687],[118.3282,-28.3962],[118.4161,-28.3721]]]},"properties":{"NAME":"Badimaya","ABBREVN":"Badimaya","SUBJECTO":"Badimaya","BORDERPRECISION":3,"PARTOF":"Badimaya"}},
{"type":"Feature","geometry":{"type":"Polygon","coordinates":[[[130.9845,-12.9831],[130.8032,-12.935],[130.4846,-12.8921],[130.403,-12.8609],[130.2329,-13.1472],[130.2739,-13.3632],[130.4681,-13.3736],[130.6055,-13.3736],[130.957,-13.4431],[131.1658,-13.4537],[131.4075,-13.5018],[131.5283,-13.411],[131.5997,-13.3415],[131.5228,-13.2292],[131.1658,-13.0367],[130.9845,-12.9831]]]},"properties":{"NAME":"Kungarakany","ABBREVN":"Kungarakany","SUBJECTO":"Kungarakany","BORDERPRECISION":3,"PARTOF":"Kungarakany"}},
{"type":"Feature","geometry":{"type":"Polygon","coordinates":[[[133.8025,-13.9287],[133.6322,-13.678],[133.5388,-13.7634],[133.4509,-14.1472],[133.4619,-14.3016],[133.5553,-14.3921],[134.0277,-14.7164],[134.2639,-14.8652],[134.3793,-14.9872],[134.6183,-15.1412],[134.6237,-14.5054],[134.2145,-14.1952],[133.8025,-13.9287]]]},"properties":{"NAME":"Ngalakan","ABBREVN":"Ngalakan","SUBJECTO":"Ngalakan","BORDERPRECISION":3,"PARTOF":"Ngalakan"}},
{"type":"Feature","geometry":{"type":"Polygon","coordinates":[[[124.2224,-31.0341],[124.3285,-32.0202],[124.4312,-32.9441],[124.7499,-32.8966],[125.0186,-32.7269],[125.4947,-32.5607],[125.7184,-32.4116],[126.0127,-32.2712],[126.2192,-32.2291],[126.4125,-32.2844],[126.7108,-32.3034],[127.3137,-32.2673],[127.6723,-32.1411],[127.9974,-32.0792],[128.4181,-31.9397],[128.9026,-31.7095],[129.5578,-31.6116],[130.1098,-31.5748],[130.6039,-31.5863],[130.7822,-31.6168],[131.0236,-31.5463],[131.1112,-31.4618],[131.1877,-31.4662],[131.3362,-30.9865],[131.2427,-30.8079],[131.026,-30.7679],[128.6871,-30.3358],[127.1299,-30.3681],[126.3585,-30.3841],[125.1894,-30.6467],[124.2224,-31.0341]]]},"properties":{"NAME":"Mirning","ABBREVN":"Mirning","SUBJECTO":"Mirning","BORDERPRECISION":3,"PARTOF":"Mirning"}},
{"type":"Feature","geometry":{"type":"Polygon","coordinates":[[[131.0065,-15.3345],[130.9131,-15.3981],[130.6824,-15.4299],[130.4984,-15.4643],[130.3555,-15.4802],[130.3802,-15.5648],[130.4132,-15.6442],[130.4269,-15.705],[130.6412,-15.7394],[131.0559,-15.6997],[131.2949,-15.6865],[131.4185,-15.6839],[131.4294,-15.6045],[131.3882,-15.496],[131.2482,-15.361],[131.1191,-15.3186],[131.0587,-15.3054],[131.0065,-15.3345]]]},"properties":{"NAME":"Nungali","ABBREVN":"Nungali","SUBJECTO":"Nungali","BORDERPRECISION":3,"PARTOF":"Nungali"}},
{"type":"Feature","geometry":{"type":"Polygon","coordinates":[[[117.4219,-21.0999],[117.1802,-21.0332],[117.0264,-21.0435],[116.911,-21.2843],[116.889,-21.3405],[116.8726,-21.4428],[117.2076,-21.785],[117.3175,-21.8258],[117.4768,-21.9074],[117.6471,-21.9838],[117.9602,-22.1264],[118.2074,-22.162],[118.5809,-22.2993],[118.8776,-22.3755],[119.0424,-22.2332],[119.0369,-22.1009],[119.0204,-21.9379],[118.9709,-21.8003],[118.6908,-21.6523],[118.3942,-21.5502],[118.114,-21.4326],[117.9053,-21.274],[117.4219,-21.0999]]]},"properties":{"NAME":"Yindjibarndi","ABBREVN":"Yindjibarndi","SUBJECTO":"Yindjibarndi","BORDERPRECISION":3,"PARTOF":"Yindjibarndi"}},
{"type":"Feature","geometry":{"type":"Polygon","coordinates":[[[122.2211,-18.1906],[122.1965,-18.2437],[121.7608,-18.5371],[121.5459,-18.7712],[121.5417,-18.814],[122.3465,-18.9673],[122.6857,-19.0595],[122.8491,-18.9479],[122.926,-18.5629],[122.8821,-18.4483],[122.5085,-18.2607],[122.2339,-18.1876],[122.2211,-18.1906]]]},"properties":{"NAME":"Karajarri","ABBREVN":"Karajarri","SUBJECTO":"Karajarri","BORDERPRECISION":3,"PARTOF":"Karajarri"}},
{"type":"Feature","geometry":{"type":"Polygon","coordinates":[[[123.4599,-33.9939],[123.623,-33.9151],[123.9547,-33.4787],[123.8269,-33.3764],[123.6511,-33.1376],[122.4536,-33.0179],[121.9153,-32.8519],[121.5198,-32.778],[121.0913,-32.778],[120.3772,-33.0087],[120.2014,-33.0823],[120.0146,-33.1559],[119.6082,-33.1376],[119.1687,-33.1376],[118.4766,-33.1099],[118.5754,-33.2846],[118.7842,-33.7517],[119.5082,-34.3364],[119.5921,-34.2223],[119.7715,-34.1202],[120.2801,-34.1191],[120.7022,-34.0483],[121.4095,-33.9705],[121.7403,-33.9635],[121.8724,-34.0014],[122.1709,-34.1789],[122.351,-34.0958],[122.768,-34.0313],[123.1858,-34.04],[123.4599,-33.9939]]]},"properties":{"NAME":"Wudjari","ABBREVN":"Wudjari","SUBJECTO":"Wudjari","BORDERPRECISION":3,"PARTOF":"Wudjari"}},
{"type":"Feature","geometry":{"type":"Polygon","coordinates":[[[131.3855,-16.773],[131.3965,-16.6257],[131.1987,-16.4677],[130.979,-16.3939],[130.8252,-16.4466],[130.7373,-16.4888],[130.7263,-16.552],[130.2979,-17.0778],[130.2649,-17.2877],[130.2649,-17.3506],[130.4956,-17.3506],[130.8142,-17.4031],[130.968,-17.3926],[131.3855,-16.773]]]},"properties":{"NAME":"Bilinara","ABBREVN":"Bilinara","SUBJECTO":"Bilinara","BORDERPRECISION":3,"PARTOF":"Bilinara"}},
{"type":"Feature","geometry":{"type":"Polygon","coordinates":[[[130.3658,-13.3743],[130.3082,-13.3923],[130.3027,-13.4404],[130.3219,-13.4591],[130.3535,-13.4631],[130.4118,-13.4043],[130.3905,-13.3769],[130.3658,-13.3743]]]},"properties":{"NAME":"Tjerratj","ABBREVN":"Tjerratj","SUBJECTO":"Tjerratj","BORDERPRECISION":3,"PARTOF":"Tjerratj"}},
{"type":"Feature","geometry":{"type":"Polygon","coordinates":[[[121.333,-21.994],[121.1462,-22.0245],[121.0803,-22.106],[121.1243,-22.2789],[121.1243,-23.0494],[121.0034,-23.3019],[120.954,-23.3574],[120.9705,-23.438],[121.1902,-23.7652],[121.4539,-24.0013],[121.9537,-24.5271],[122.2614,-24.7967],[122.8381,-25.2993],[122.9095,-25.3738],[122.981,-25.4234],[123.3545,-25.0209],[124.2664,-24.257],[125.2551,-24.4672],[125.6067,-24.637],[125.8813,-24.4871],[126.156,-24.2269],[128.0127,-24.1066],[127.8259,-23.916],[127.4304,-23.6546],[127.0459,-23.3019],[126.925,-23.009],[126.5625,-22.3501],[126.3098,-22.0449],[125.9912,-21.8105],[125.387,-21.8105],[125.2112,-21.9634],[124.3872,-22.2891],[124.0906,-22.3501],[124.0796,-21.943],[123.8928,-21.637],[123.6072,-21.4224],[123.4094,-21.361],[123.1677,-21.3815],[122.7612,-21.9838],[122.5415,-22.411],[122.2009,-22.4009],[121.3989,-22.1467],[121.333,-21.994]]]},"properties":{"NAME":"Mardu","ABBREVN":"Mardu","SUBJECTO":"Mardu","BORDERPRECISION":3,"PARTOF":"Mardu"}},
{"type":"Feature","geometry":{"type":"Polygon","coordinates":[[[119.3542,-34.5458],[119.4604,-34.4015],[119.1632,-34.1027],[118.8886,-33.7426],[118.6743,-33.5231],[118.4381,-33.1651],[118.3502,-33.1467],[117.8613,-33.3948],[117.5098,-33.5506],[117.4493,-33.6512],[117.6526,-33.8111],[117.6746,-34.0481],[117.5812,-34.2618],[118.5699,-34.2254],[118.9215,-34.289],[119.1357,-34.5201],[119.3542,-34.5458]]]},"properties":{"NAME":"Goreng","ABBREVN":"Goreng","SUBJECTO":"Goreng","BORDERPRECISION":3,"PARTOF":"Goreng"}},
{"type":"Feature","geometry":{"type":"Polygon","coordinates":[[[133.407,-12.8493],[133.4509,-12.8921],[133.5223,-12.9136],[133.5773,-12.9939],[133.6981,-12.7957],[133.9069,-12.4205],[133.9563,-12.3507],[134.0057,-12.2541],[133.808,-12.0877],[133.7615,-11.9972],[133.4476,-11.9034],[133.1708,-11.8539],[133.1021,-11.862],[133.0499,-11.9077],[133.0444,-11.9587],[133.0334,-11.999],[133.0142,-12.0769],[133.19,-12.2407],[133.3301,-12.4795],[133.3191,-12.8064],[133.407,-12.8493]]]},"properties":{"NAME":"Gunwinggu","ABBREVN":"Gunwinggu","SUBJECTO":"Gunwinggu","BORDERPRECISION":3,"PARTOF":"Gunwinggu"}},
{"type":"Feature","geometry":{"type":"Polygon","coordinates":[[[113.7524,-25.3242],[114.0051,-25.7108],[114.2139,-25.7653],[114.5709,-25.7653],[114.9664,-25.7306],[115.2081,-25.7158],[115.4718,-25.7207],[115.8893,-25.6861],[115.9442,-25.349],[115.9387,-25.2596],[115.8948,-25.2944],[115.8289,-25.2099],[115.7684,-25.1701],[115.752,-25.1768],[115.4388,-25.011],[115.2631,-24.9661],[114.8676,-24.9213],[114.494,-24.7718],[114.137,-24.672],[113.9008,-24.6919],[113.6316,-24.7817],[113.5547,-24.8815],[113.6206,-25.0906],[113.7524,-25.3242]]]},"properties":{"NAME":"Yinggarda","ABBREVN":"Yinggarda","SUBJECTO":"Yinggarda","BORDERPRECISION":3,"PARTOF":"Yinggarda"}},
{"type":"Feature","geometry":{"type":"Polygon","coordinates":[[[134.165,-26.254],[134.5203,-26.5456],[134.5506,-23.0191],[134.3188,-23.0191],[133.8354,-22.9584],[133.2202,-22.9179],[132.627,-22.7762],[132.5391,-22.7964],[132.2754,-23.0393],[132.0337,-23.1808],[132.0337,-23.6647],[132.4951,-24.3071],[132.8687,-24.5471],[133.1323,-25.0259],[133.2422,-25.4433],[133.5498,-25.7603],[133.7695,-26.0173],[134.165,-26.254]]]},"properties":{"NAME":"Arrernte","ABBREVN":"Arrernte","SUBJECTO":"Arrernte","BORDERPRECISION":3,"PARTOF":"Arrernte"}},
{"type":"Feature","geometry":{"type":"Polygon","coordinates":[[[132.4292,-12.7475],[132.4512,-12.6001],[132.4256,-12.322],[132.1756,-12.344],[132.193,-12.7663],[132.2974,-12.785],[132.4292,-12.7475]]]},"properties":{"NAME":"Konbudj","ABBREVN":"Konbudj","SUBJECTO":"Konbudj","BORDERPRECISION":3,"PARTOF":"Konbudj"}},
{"type":"Feature","geometry":{"type":"Polygon","coordinates":[[[123.9478,-24.3471],[122.937,-25.1652],[122.7612,-25.6217],[122.7832,-26.1554],[122.8931,-26.4902],[123.1567,-26.7848],[123.728,-27.1569],[124.1675,-27.3523],[124.3652,-27.4693],[124.4861,-27.1569],[124.53,-26.8535],[124.7058,-26.4214],[124.8816,-26.1357],[125.2551,-25.9086],[125.4858,-25.9086],[125.7825,-26.0963],[126.1121,-26.2244],[126.3757,-26.4411],[126.8372,-26.5787],[127.3096,-26.5885],[127.4304,-26.5787],[127.0789,-26.3919],[126.8701,-26.2343],[126.3647,-25.958],[126.134,-25.7603],[125.9033,-25.6514],[125.7605,-25.4036],[125.5847,-24.9661],[125.5847,-24.7468],[125.5078,-24.5971],[125.2441,-24.4171],[124.7717,-24.287],[124.2554,-24.1969],[123.9478,-24.3471]]]},"properties":{"NAME":"Ngaanyatjarra","ABBREVN":"Ngaanyatjarra","SUBJECTO":"Ngaanyatjarra","BORDERPRECISION":3,"PARTOF":"Ngaanyatjarra"}},
{"type":"Feature","geometry":{"type":"Polygon","coordinates":[[[124.8463,-16.53],[125.0574,-16.7414],[125.4968,-17.0148],[125.6177,-17.1198],[125.7715,-17.0043],[125.8594,-16.9307],[125.9363,-16.8361],[126.145,-16.8571],[126.2878,-16.9517],[126.5295,-16.8992],[126.8591,-16.5625],[126.936,-16.3307],[126.958,-16.088],[127.0789,-16.0036],[127.2986,-16.0036],[127.5183,-16.0036],[127.738,-15.9825],[128.0237,-15.824],[128.1116,-15.6548],[128.1226,-15.5172],[128.0237,-15.4219],[127.8259,-15.5595],[127.7161,-15.4643],[127.7161,-15.2948],[127.6172,-15.1994],[127.4414,-15.1782],[127.3755,-14.9342],[127.3755,-14.7005],[127.2766,-14.4453],[126.991,-14.3815],[126.6943,-14.3815],[126.3538,-14.541],[126.0461,-14.6367],[125.9473,-14.8705],[125.9033,-15.3054],[125.8484,-15.5066],[125.7275,-15.7711],[125.5627,-15.8451],[125.0024,-15.7923],[124.8157,-15.9402],[124.7827,-16.2358],[124.8047,-16.4993],[124.8463,-16.53]]]},"properties":{"NAME":"Ngarinyin","ABBREVN":"Ngarinyin","SUBJECTO":"Ngarinyin","BORDERPRECISION":3,"PARTOF":"Ngarinyin"}},
{"type":"Feature","geometry":{"type":"Polygon","coordinates":[[[127.4084,-16.0775],[127.3206,-16.6678],[127.3645,-16.9097],[127.4963,-17.2038],[127.3425,-17.3297],[127.1448,-17.3821],[126.958,-17.4974],[126.7053,-17.5707],[126.4526,-17.6859],[126.2219,-17.7278],[126.0571,-17.9265],[125.9363,-18.0623],[125.9912,-18.1145],[126.2549,-18.0936],[126.4856,-18.1354],[126.7053,-18.3858],[126.7383,-18.4796],[126.8921,-18.4796],[127.0294,-18.4692],[127.5458,-18.2607],[127.8644,-18.0205],[128.0566,-17.9369],[128.2324,-17.7173],[128.2983,-17.5498],[128.4302,-17.5602],[128.7817,-17.665],[128.8806,-17.7801],[128.9795,-17.8115],[129.0564,-17.8533],[129.0234,-17.6231],[128.8916,-17.1723],[128.8037,-16.6993],[128.9026,-16.6467],[129.1113,-16.6257],[129.2651,-16.6257],[129.342,-16.4572],[129.2871,-16.3412],[129.2212,-16.2674],[129.0125,-16.1408],[128.6279,-16.0775],[128.3313,-15.993],[128.0786,-15.8768],[127.804,-15.8662],[127.5513,-15.9719],[127.4084,-16.0775]]]},"properties":{"NAME":"Kija","ABBREVN":"Kija","SUBJECTO":"Kija","BORDERPRECISION":3,"PARTOF":"Kija"}},
{"type":"Feature","geometry":{"type":"Polygon","coordinates":[[[131.3416,-13.6326],[131.3113,-13.7154],[131.1548,-13.7661],[130.9076,-13.7794],[130.8554,-13.8087],[130.8636,-13.9047],[130.8774,-14.0167],[130.9076,-14.1818],[130.8911,-14.3203],[130.7922,-14.3974],[130.545,-14.4826],[130.3857,-14.4879],[130.3363,-14.5145],[130.3363,-14.5729],[130.3473,-14.6686],[130.3528,-14.7483],[130.4242,-14.7589],[130.6274,-14.7536],[130.8472,-14.7643],[130.957,-14.7961],[131.012,-14.8386],[131.1768,-14.8067],[131.3086,-14.7908],[131.6711,-14.6527],[131.9733,-14.6474],[132.0007,-14.541],[131.9238,-14.4506],[131.9788,-14.3708],[131.998,-14.2245],[131.998,-14.07],[131.998,-13.9767],[131.9485,-13.8887],[131.8607,-13.8274],[131.5503,-13.5018],[131.5283,-13.403],[131.4679,-13.4217],[131.4047,-13.4804],[131.3416,-13.6326]]]},"properties":{"NAME":"Wagiman","ABBREVN":"Wagiman","SUBJECTO":"Wagiman","BORDERPRECISION":3,"PARTOF":"Wagiman"}},
{"type":"Feature","geometry":{"type":"Polygon","coordinates":[[[132.3358,-12.9778],[132.3743,-13.0153],[132.4127,-13.042],[132.6709,-13.0367],[132.7258,-12.9082],[132.7258,-12.8279],[132.7094,-12.7957],[132.616,-12.7422],[132.4951,-12.7636],[132.4127,-12.8011],[132.3358,-12.9778]]]},"properties":{"NAME":"Ngombur","ABBREVN":"Ngombur","SUBJECTO":"Ngombur","BORDERPRECISION":3,"PARTOF":"Ngombur"}},
{"type":"Feature","geometry":{"type":"Polygon","coordinates":[[[134.0552,-23.2413],[134.5487,-23.2413],[134.5599,-21.937],[134.4067,-22.1264],[133.9893,-22.3704],[133.9453,-22.8369],[134.0552,-23.2413]]]},"properties":{"NAME":"Alyawarre","ABBREVN":"Alyawarre","SUBJECTO":"Alyawarre","BORDERPRECISION":3,"PARTOF":"Alyawarre"}},
{"type":"Feature","geometry":{"type":"Polygon","coordinates":[[[132.6263,-11.7499],[132.8027,-11.6065],[132.9126,-11.6953],[132.9785,-11.8217],[133.0334,-11.8781],[133.0582,-11.905],[133.1378,-11.8673],[133.1735,-11.7733],[133.1735,-11.728],[132.929,-11.5332],[132.776,-11.578],[132.6614,-11.5337],[132.3838,-11.2992],[132.0406,-11.3825],[132.1344,-11.5412],[132.3028,-11.5027],[132.5146,-11.6231],[132.6263,-11.7499]]]},"properties":{"NAME":"Iwaidja","ABBREVN":"Iwaidja","SUBJECTO":"Iwaidja","BORDERPRECISION":3,"PARTOF":"Iwaidja"}},
{"type":"Feature","geometry":{"type":"Polygon","coordinates":[[[132.2919,-13.0741],[132.2864,-13.1169],[132.3303,-13.1169],[132.4072,-13.1276],[132.4512,-13.133],[132.5116,-13.149],[132.594,-13.1972],[132.6599,-13.1972],[132.7313,-13.1437],[132.7917,-13.1009],[132.8467,-13.026],[132.8577,-12.9617],[132.8247,-12.9189],[132.8687,-12.8707],[132.8302,-12.8172],[132.7643,-12.8011],[132.7148,-12.8118],[132.6654,-13.0153],[132.4072,-12.9939],[132.3468,-12.9617],[132.3248,-13.0527],[132.2919,-13.0741]]]},"properties":{"NAME":"Mbukarla","ABBREVN":"Mbukarla","SUBJECTO":"Mbukarla","BORDERPRECISION":3,"PARTOF":"Mbukarla"}},
{"type":"Feature","geometry":{"type":"Polygon","coordinates":[[[115.708,-23.9812],[115.5157,-24.4271],[115.3564,-24.9313],[115.3894,-25.0508],[115.7465,-25.2149],[115.9772,-25.1801],[116.2958,-24.6969],[116.4056,-24.4871],[116.488,-24.292],[116.554,-24.0766],[116.4441,-23.8959],[116.2518,-23.8456],[115.8673,-23.8256],[115.7574,-23.8959],[115.708,-23.9812]]]},"properties":{"NAME":"Warriyangga","ABBREVN":"Warriyangga","SUBJECTO":"Warriyangga","BORDERPRECISION":3,"PARTOF":"Warriyangga"}},
{"type":"Feature","geometry":{"type":"Polygon","coordinates":[[[132.6285,-12.2712],[132.4,-12.3284],[132.4072,-12.7207],[132.4786,-12.785],[132.6324,-12.785],[132.7094,-12.7422],[132.6709,-12.576],[132.7313,-12.2219],[132.7246,-12.2009],[132.6285,-12.2712]]]},"properties":{"NAME":"Gagudju","ABBREVN":"Gagudju","SUBJECTO":"Gagudju","BORDERPRECISION":3,"PARTOF":"Gagudju"}},
{"type":"Feature","geometry":{"type":"Polygon","coordinates":[[[122.7338,-16.7151],[122.775,-16.7572],[122.949,-16.7617],[122.869,-16.6593],[122.7612,-16.5966],[122.7338,-16.7151]]]},"properties":{"NAME":"Bardi","ABBREVN":"Bardi","SUBJECTO":"Bardi","BORDERPRECISION":3,"PARTOF":"Bardi"}},
{"type":"Feature","geometry":{"type":"Polygon","coordinates":[[[133.3973,-11.8818],[133.1361,-11.7023],[133.0829,-11.8566],[133.1433,-11.8942],[133.3136,-11.9211],[133.5278,-11.9426],[133.537,-11.9418],[133.3973,-11.8818]]]},"properties":{"NAME":"Maung","ABBREVN":"Maung","SUBJECTO":"Maung","BORDERPRECISION":3,"PARTOF":"Maung"}},
{"type":"Feature","geometry":{"type":"Polygon","coordinates":[[[118.7343,-20.3172],[118.6209,-20.3749],[118.7567,-20.4991],[118.8062,-20.6174],[118.8007,-20.9871],[118.6359,-21.54],[118.6523,-21.7085],[118.894,-21.836],[118.96,-21.9838],[119.1248,-22.0449],[119.6686,-22.0704],[119.9323,-22.1111],[120.4047,-22.0856],[120.954,-22.162],[121.0693,-22.2332],[121.2012,-22.1009],[121.2341,-21.9481],[121.2286,-21.6013],[121.0803,-21.1511],[120.8826,-20.8177],[120.553,-20.6688],[120.1575,-20.3498],[120.0366,-20.1436],[119.9268,-20.1127],[119.8279,-20.2622],[119.6356,-20.391],[119.3829,-20.3549],[119.0259,-20.2364],[118.8278,-20.1398],[118.7343,-20.3172]]]},"properties":{"NAME":"Nyamal","ABBREVN":"Nyamal","SUBJECTO":"Nyamal","BORDERPRECISION":3,"PARTOF":"Nyamal"}},
{"type":"Feature","geometry":{"type":"Polygon","coordinates":[[[129.7633,-14.0191],[129.581,-14.1815],[129.6799,-14.4107],[129.787,-14.4586],[129.9792,-14.4506],[130.0204,-14.4134],[129.9765,-14.3815],[129.9271,-14.3602],[129.8996,-14.3682],[129.8721,-14.3256],[129.8584,-14.1978],[129.8721,-14.1259],[129.9271,-14.03],[129.8776,-13.9687],[129.7637,-13.9903],[129.7633,-14.0191]]]},"properties":{"NAME":"Marringarr","ABBREVN":"Marringarr","SUBJECTO":"Marringarr","BORDERPRECISION":3,"PARTOF":"Marringarr"}},
{"type":"Feature","geometry":{"type":"Polygon","coordinates":[[[115.1367,-34.3978],[115.4608,-34.493],[115.6476,-34.597],[116.0046,-34.9355],[116.4276,-35.048],[116.5594,-34.8364],[116.5704,-34.6332],[116.499,-34.3389],[116.1859,-34.2163],[116.1804,-34.1664],[116.2024,-33.9342],[116.0541,-33.802],[115.9607,-33.6741],[115.8453,-33.6695],[115.8069,-33.738],[115.7245,-33.8887],[115.3729,-34.0845],[115.1367,-34.3978]]]},"properties":{"NAME":"Bibbulman","ABBREVN":"Bibbulman","SUBJECTO":"Bibbulman","BORDERPRECISION":3,"PARTOF":"Bibbulman"}},
{"type":"Feature","geometry":{"type":"Polygon","coordinates":[[[126.1015,-14.2049],[125.9223,-14.5734],[125.9583,-14.6952],[126.0791,-14.6739],[126.3153,-14.6474],[126.6888,-14.4826],[126.7657,-14.3495],[126.6398,-14.1546],[126.546,-14.3502],[126.4257,-14.147],[126.2684,-14.0711],[126.1015,-14.2049]]]},"properties":{"NAME":"Gamberre","ABBREVN":"Gamberre","SUBJECTO":"Gamberre","BORDERPRECISION":3,"PARTOF":"Gamberre"}},
{"type":"Feature","geometry":{"type":"Polygon","coordinates":[[[126.4087,-24.1969],[126.0022,-24.2269],[125.6836,-24.4571],[125.5078,-24.6171],[125.5188,-25.0458],[125.6616,-25.3738],[125.8374,-25.6811],[126.6833,-26.2442],[127.0459,-26.4214],[127.3645,-26.5394],[127.6831,-26.4804],[127.8259,-26.382],[127.9358,-26.2047],[128.2104,-25.9975],[128.573,-25.9975],[128.9246,-26.0074],[129.0674,-25.8493],[129.1003,-25.5722],[129.0894,-25.1652],[129.0344,-24.7967],[128.8806,-24.4171],[128.6719,-24.1066],[128.1226,-23.9863],[127.4414,-23.9863],[126.4966,-24.1468],[126.4087,-24.1969]]]},"properties":{"NAME":"Ngatatjara","ABBREVN":"Ngatatjara","SUBJECTO":"Ngatatjara","BORDERPRECISION":3,"PARTOF":"Ngatatjara"}},
{"type":"Feature","geometry":{"type":"Polygon","coordinates":[[[119.8059,-23.3725],[119.6191,-23.4028],[119.6191,-23.5136],[119.696,-23.6647],[119.8059,-23.9361],[119.8828,-24.4271],[119.8279,-24.7069],[119.718,-24.9263],[119.5752,-25.1254],[119.3225,-25.3341],[119.0918,-25.4433],[118.894,-25.6811],[118.905,-25.8098],[119.2346,-25.8098],[119.6411,-25.9975],[120.6079,-26.3131],[120.7947,-26.4214],[121.0254,-26.4902],[121.2891,-26.4017],[121.5198,-26.3623],[121.7725,-26.2737],[121.9373,-26.0963],[122.4976,-26.0074],[122.7942,-26.0074],[122.948,-26.0272],[122.97,-25.5325],[122.937,-25.3142],[122.7942,-25.1154],[122.2998,-24.5971],[121.7944,-24.277],[121.5417,-23.9361],[121.1902,-23.5036],[120.9814,-23.2817],[120.7178,-23.3523],[120.2783,-23.4028],[119.8059,-23.3725]]]},"properties":{"NAME":"Wawula","ABBREVN":"Wawula","SUBJECTO":"Wawula","BORDERPRECISION":3,"PARTOF":"Wawula"}},
{"type":"Feature","geometry":{"type":"Polygon","coordinates":[[[121.5395,-18.7854],[121.3865,-19.1164],[121.1943,-19.3775],[120.8721,-19.6769],[120.7104,-19.7727],[120.2229,-19.9835],[119.9257,-20.0808],[120.0256,-20.2828],[120.2234,-20.5196],[120.9045,-20.982],[121.0584,-21.2894],[121.1133,-21.5962],[121.1353,-21.9532],[121.4209,-22.2586],[121.7395,-22.3094],[122.1899,-22.472],[122.5635,-22.5126],[122.8931,-21.8411],[123.1348,-21.5757],[123.2611,-21.3866],[123.5632,-21.0537],[123.7061,-20.8999],[123.8379,-20.7458],[123.8379,-20.4167],[123.8049,-20.0353],[123.5852,-19.6736],[123.1458,-19.1348],[122.4866,-18.9582],[121.8384,-18.8439],[121.5395,-18.7854]]]},"properties":{"NAME":"Nyangumarda","ABBREVN":"Nyangumarda","SUBJECTO":"Nyangumarda","BORDERPRECISION":3,"PARTOF":"Nyangumarda"}},
{"type":"Feature","geometry":{"type":"Polygon","coordinates":[[[134.4507,-17.2143],[134.6012,-17.133],[134.6192,-15.0316],[134.2969,-14.7961],[134.1431,-14.7218],[133.9343,-14.7749],[133.9014,-14.8386],[133.7585,-15.0191],[133.6267,-15.1146],[133.6157,-15.5807],[133.4949,-16.0353],[133.4839,-16.2147],[133.6597,-16.3834],[133.8684,-16.5625],[134.3079,-16.9727],[134.4507,-17.2143]]]},"properties":{"NAME":"Alawa","ABBREVN":"Alawa","SUBJECTO":"Alawa","BORDERPRECISION":3,"PARTOF":"Alawa"}},
{"type":"Feature","geometry":{"type":"Polygon","coordinates":[[[132.3303,-16.1092],[132.5281,-16.3728],[132.6929,-16.5204],[132.9675,-16.5941],[133.1982,-16.573],[133.429,-16.3939],[133.6047,-15.9508],[133.6926,-15.4113],[133.6926,-15.1464],[133.7036,-14.9448],[133.396,-14.9129],[133.1982,-14.8705],[133.0994,-14.9554],[132.9016,-15.0297],[132.4622,-14.9766],[132.2864,-15.0297],[132.2314,-15.21],[132.3193,-15.4854],[132.3193,-15.7605],[132.3193,-15.9613],[132.3303,-16.1092]]]},"properties":{"NAME":"Yangman","ABBREVN":"Yangman","SUBJECTO":"Yangman","BORDERPRECISION":3,"PARTOF":"Yangman"}},
{"type":"Feature","geometry":{"type":"Polygon","coordinates":[[[131.3558,-31.6707],[131.6945,-31.8312],[131.9925,-32.0659],[132.1822,-32.1482],[132.3766,-32.1605],[132.6977,-32.0899],[133.1251,-32.3371],[133.3441,-32.3684],[133.7175,-32.2977],[133.837,-32.342],[134.237,-32.7419],[134.2581,-32.8754],[134.4672,-32.7375],[134.4836,-30.8289],[133.9124,-30.619],[133.5388,-30.5055],[133.0994,-30.4203],[132.7148,-30.3729],[132.4841,-30.2591],[131.781,-30.1831],[131.4514,-30.1831],[131.2866,-30.278],[131.0449,-30.6379],[131.026,-30.7679],[131.2427,-30.8079],[131.3362,-30.9865],[131.1877,-31.4662],[131.1112,-31.4618],[131.3558,-31.6707]]]},"properties":{"NAME":"Wirangu","ABBREVN":"Wirangu","SUBJECTO":"Wirangu","BORDERPRECISION":3,"PARTOF":"Wirangu"}},
{"type":"Feature","geometry":{"type":"Polygon","coordinates":[[[127.3975,-14.1004],[127.2437,-14.275],[127.2437,-14.4453],[127.3096,-14.6899],[127.3096,-15.1888],[127.4524,-15.2736],[127.5842,-15.2312],[127.6611,-15.2312],[127.8589,-15.0191],[127.9892,-14.8571],[127.9626,-14.7031],[127.678,-14.4367],[127.5291,-14.1955],[127.3975,-14.1004]]]},"properties":{"NAME":"Kwini","ABBREVN":"Kwini","SUBJECTO":"Kwini","BORDERPRECISION":3,"PARTOF":"Kwini"}},
{"type":"Feature","geometry":{"type":"Polygon","coordinates":[[[131.2042,-12.9189],[131.2289,-12.7448],[131.2317,-12.5787],[131.1218,-12.2622],[131.109,-12.2515],[131.0283,-12.2683],[130.8589,-12.4466],[130.9513,-12.6308],[130.8396,-12.7073],[130.5176,-12.7334],[130.4635,-12.7589],[130.3861,-12.8892],[130.9296,-12.9885],[131.0971,-12.9644],[131.2042,-12.9189]]]},"properties":{"NAME":"Larrakia","ABBREVN":"Larrakia","SUBJECTO":"Larrakia","BORDERPRECISION":3,"PARTOF":"Larrakia"}},
{"type":"Feature","geometry":{"type":"Polygon","coordinates":[[[114.5445,-28.7804],[114.6304,-28.903],[114.8405,-29.3858],[114.9122,-29.6973],[114.9003,-30.1289],[114.95,-30.3065],[115.0159,-30.3681],[115.2136,-30.3065],[116.153,-30.2211],[116.5045,-30.1071],[116.6254,-30.0406],[116.6693,-29.9502],[116.3837,-29.3822],[116.2958,-29.2241],[115.9772,-28.6858],[115.8453,-28.5314],[115.73,-28.4156],[115.4938,-28.4445],[115.2301,-28.57],[114.7028,-28.7195],[114.5929,-28.7195],[114.5445,-28.7804]]]},"properties":{"NAME":"Amangu","ABBREVN":"Amangu","SUBJECTO":"Amangu","BORDERPRECISION":3,"PARTOF":"Amangu"}},
{"type":"Feature","geometry":{"type":"Polygon","coordinates":[[[134.3925,-12.1189],[134.2277,-12.0956],[134.1705,-12.1186],[134.1444,-12.1763],[134.1238,-12.242],[134.117,-12.289],[134.1815,-12.3078],[134.2749,-12.3252],[134.4012,-12.23],[134.4026,-12.1508],[134.3925,-12.1189]]]},"properties":{"NAME":"Gungurugoni","ABBREVN":"Gungurugoni","SUBJECTO":"Gungurugoni","BORDERPRECISION":3,"PARTOF":"Gungurugoni"}},
{"type":"Feature","geometry":{"type":"Polygon","coordinates":[[[122.7548,-33.3913],[123.0651,-33.3543],[123.6079,-33.382],[123.9222,-33.5214],[124.001,-33.4232],[124.0992,-33.1665],[124.2352,-33.0117],[124.4312,-32.9441],[124.3285,-32.0202],[124.2224,-31.0341],[123.3833,-30.9917],[123.1851,-31.4623],[123.108,-31.7529],[122.9979,-32.0985],[122.9208,-32.3685],[122.9317,-32.4893],[122.9097,-32.7581],[122.8326,-33.0354],[122.7548,-33.3913]]]},"properties":{"NAME":"Ngatjumay","ABBREVN":"Ngatjumay","SUBJECTO":"Ngatjumay","BORDERPRECISION":3,"PARTOF":"Ngatjumay"}},
{"type":"Feature","geometry":{"type":"Polygon","coordinates":[[[130.4132,-15.7077],[130.4297,-15.956],[130.5615,-16.0247],[130.7813,-16.0722],[130.9021,-16.088],[131.4294,-15.9877],[131.4294,-15.8081],[131.4294,-15.6601],[131.1548,-15.6548],[130.9241,-15.6548],[130.6219,-15.6971],[130.4462,-15.6918],[130.4132,-15.7077]]]},"properties":{"NAME":"Ngaliwuru","ABBREVN":"Ngaliwuru","SUBJECTO":"Ngaliwuru","BORDERPRECISION":3,"PARTOF":"Ngaliwuru"}},
{"type":"Feature","geometry":{"type":"Polygon","coordinates":[[[114.6385,-21.9822],[114.4563,-22.0937],[114.309,-22.5645],[114.0748,-22.6031],[114.0225,-22.3299],[113.9006,-22.0377],[113.8223,-22.254],[113.6254,-22.5659],[113.6166,-22.6614],[113.7195,-22.8167],[113.8184,-22.8521],[113.8623,-22.7812],[114.2249,-22.7205],[114.483,-22.7559],[114.6313,-22.7863],[114.8621,-22.8369],[115.5981,-22.8724],[115.8124,-22.8268],[115.8728,-22.7103],[115.9113,-22.6039],[115.9497,-22.5481],[116.0156,-22.4669],[115.8948,-22.472],[115.7849,-22.4821],[115.3949,-22.4618],[115.296,-22.3958],[115.2631,-22.4263],[114.9225,-22.4161],[114.6643,-22.2179],[114.6385,-21.9822]]]},"properties":{"NAME":"Thalanyji","ABBREVN":"Thalanyji","SUBJECTO":"Thalanyji","BORDERPRECISION":3,"PARTOF":"Thalanyji"}},
{"type":"Feature","geometry":{"type":"Polygon","coordinates":[[[131.6602,-12.9376],[131.6437,-12.8439],[131.6794,-12.5465],[131.6761,-12.3848],[131.5399,-12.4006],[131.1829,-12.2361],[131.0631,-12.261],[131.1273,-12.3615],[131.1685,-12.5197],[131.1768,-12.8761],[131.2097,-12.9162],[131.6107,-13.0313],[131.6602,-12.9376]]]},"properties":{"NAME":"Woolna","ABBREVN":"Woolna","SUBJECTO":"Woolna","BORDERPRECISION":3,"PARTOF":"Woolna"}},
{"type":"Feature","geometry":{"type":"Polygon","coordinates":[[[134.3188,-13.427],[134.4727,-13.3308],[134.6346,-13.2426],[134.6415,-12.4356],[134.2749,-12.6618],[133.9618,-12.9831],[133.9453,-13.1009],[133.9618,-13.2934],[134.0607,-13.4003],[134.3188,-13.427]]]},"properties":{"NAME":"Rembarnga","ABBREVN":"Rembarnga","SUBJECTO":"Rembarnga","BORDERPRECISION":3,"PARTOF":"Rembarnga"}},
{"type":"Feature","geometry":{"type":"Polygon","coordinates":[[[129.7288,-14.6739],[129.8168,-14.7811],[130.155,-14.7855],[130.3198,-14.8014],[130.3885,-14.7536],[130.3995,-14.7111],[130.372,-14.5251],[130.2209,-14.4533],[130.0809,-14.44],[129.9243,-14.4294],[129.809,-14.4453],[129.6497,-14.3362],[129.5962,-14.168],[129.4266,-14.3059],[129.4588,-14.4965],[129.7288,-14.6739]]]},"properties":{"NAME":"Murrinh-patha","ABBREVN":"Murrinh-patha","SUBJECTO":"Murrinh-patha","BORDERPRECISION":3,"PARTOF":"Murrinh-patha"}},
{"type":"Feature","geometry":{"type":"Polygon","coordinates":[[[128.8037,-24.4371],[128.8806,-24.996],[128.8916,-25.7108],[128.8477,-25.9482],[128.8916,-26.3131],[128.8916,-26.618],[129.1113,-26.9612],[129.3311,-27.2449],[129.7156,-27.4985],[130.5066,-27.5278],[130.7483,-27.4498],[130.8911,-27.1765],[131.001,-26.8437],[130.99,-26.4706],[130.8362,-26.1061],[131.0449,-25.5722],[131.1218,-25.3242],[131.1108,-25.1353],[130.8911,-24.8366],[130.4956,-24.7468],[129.9353,-24.5471],[129.4519,-24.4772],[128.8477,-24.4271],[128.8037,-24.4371]]]},"properties":{"NAME":"Pitjantjatjara","ABBREVN":"Pitjantjatjara","SUBJECTO":"Pitjantjatjara","BORDERPRECISION":3,"PARTOF":"Pitjantjatjara"}},
{"type":"Feature","geometry":{"type":"Polygon","coordinates":[[[117.9781,-35.0977],[118.0023,-35.1054],[118.0011,-35.0897],[117.9781,-35.0977]]]},"properties":{"NAME":"Minang","ABBREVN":"Minang","SUBJECTO":"Minang","BORDERPRECISION":3,"PARTOF":"Minang"}},
{"type":"Feature","geometry":{"type":"Polygon","coordinates":[[[115.0543,-34.3752],[115.1752,-34.3842],[115.3235,-34.18],[115.3674,-34.0709],[115.5432,-33.9798],[115.752,-33.8522],[115.7629,-33.7974],[115.8289,-33.6878],[115.8069,-33.5414],[115.741,-33.4589],[115.686,-33.3305],[115.6535,-33.3305],[115.6467,-33.3654],[115.558,-33.5754],[115.4085,-33.7666],[115.2058,-33.8052],[114.9858,-33.7547],[114.9613,-33.8693],[115.0221,-34.2621],[115.0543,-34.3752]]]},"properties":{"NAME":"Wardandi","ABBREVN":"Wardandi","SUBJECTO":"Wardandi","BORDERPRECISION":3,"PARTOF":"Wardandi"}},
{"type":"Feature","geometry":{"type":"Polygon","coordinates":[[[132.7511,-12.1692],[132.8796,-12.1682],[132.9291,-12.093],[133.028,-12.0286],[133.0939,-11.9104],[132.9895,-11.7975],[132.9016,-11.6253],[132.776,-11.578],[132.6263,-11.7499],[132.7511,-12.1692]]]},"properties":{"NAME":"Amarak","ABBREVN":"Amarak","SUBJECTO":"Amarak","BORDERPRECISION":3,"PARTOF":"Amarak"}},
{"type":"Feature","geometry":{"type":"Polygon","coordinates":[[[123.5758,-16.3908],[123.9148,-16.5678],[123.9697,-16.6415],[123.9642,-16.7414],[124.0082,-16.8676],[124.1345,-16.9097],[124.4476,-16.8887],[124.4971,-16.773],[124.4349,-16.5155],[124.2773,-16.5228],[123.9795,-16.409],[123.5758,-16.3908]]]},"properties":{"NAME":"Umida","ABBREVN":"Umida","SUBJECTO":"Umida","BORDERPRECISION":3,"PARTOF":"Umida"}},
{"type":"Feature","geometry":{"type":"Polygon","coordinates":[[[132.7511,-12.1692],[132.6995,-12.2192],[132.6956,-12.3024],[132.6379,-12.6055],[132.7039,-12.6966],[132.8549,-12.7448],[132.9236,-12.6832],[132.9675,-12.4419],[132.8687,-12.238],[132.7511,-12.1692]]]},"properties":{"NAME":"Kundjey’mi","ABBREVN":"Kundjey’mi","SUBJECTO":"Kundjey’mi","BORDERPRECISION":3,"PARTOF":"Kundjey’mi"}},
{"type":"Feature","geometry":{"type":"Polygon","coordinates":[[[118.9819,-22.0602],[118.9105,-22.2789],[118.9545,-22.3958],[119.2401,-22.5836],[119.3555,-22.7053],[119.6136,-23.3826],[119.7235,-23.4481],[120.5804,-23.4884],[120.8771,-23.4179],[121.0226,-23.3649],[121.0803,-23.312],[121.1243,-23.2287],[121.2616,-22.7407],[121.2231,-22.1823],[121.0748,-21.9991],[120.6628,-21.8819],[119.9927,-22.0195],[119.4379,-21.9685],[119.0808,-21.9634],[118.9819,-22.0602]]]},"properties":{"NAME":"Palyku","ABBREVN":"Palyku","SUBJECTO":"Palyku","BORDERPRECISION":3,"PARTOF":"Palyku"}},
{"type":"Feature","geometry":{"type":"Polygon","coordinates":[[[117.6746,-24.0314],[117.5812,-24.0314],[117.4219,-24.0063],[117.3615,-23.9712],[116.9879,-24.0615],[116.933,-24.3571],[116.8341,-24.4821],[116.5045,-24.5121],[116.2903,-24.647],[116.1365,-24.7618],[116.0596,-24.9661],[115.8948,-25.1055],[115.8124,-25.2944],[115.8234,-25.5524],[115.4388,-25.6514],[114.917,-25.6663],[114.7302,-25.7108],[114.7192,-25.8741],[114.7687,-26.0815],[114.7412,-26.3869],[114.6423,-26.4657],[114.7028,-26.618],[114.8676,-27.1618],[114.917,-27.6105],[114.906,-27.9507],[115.0488,-28.2463],[115.2026,-28.4735],[115.3949,-28.57],[115.73,-28.5121],[115.8563,-28.5942],[116.2354,-28.2995],[116.7572,-27.9507],[117.2021,-27.7224],[117.5702,-27.4644],[117.746,-27.2497],[117.9767,-27.2058],[118.2294,-27.0396],[118.3557,-26.775],[118.6249,-26.446],[118.8831,-25.9926],[118.916,-25.79],[118.9545,-25.6465],[119.0094,-25.5474],[119.1742,-25.3788],[119.339,-25.3341],[119.6466,-25.1751],[119.696,-25.1204],[119.7729,-24.9711],[119.4818,-24.7867],[119.3005,-24.687],[119.0753,-24.5371],[118.8776,-24.4572],[118.6139,-24.3971],[118.4436,-24.3671],[118.3063,-24.302],[117.7954,-24.1468],[117.6746,-24.0314]]]},"properties":{"NAME":"Watjarri","ABBREVN":"Watjarri","SUBJECTO":"Watjarri","BORDERPRECISION":3,"PARTOF":"Watjarri"}},
{"type":"Feature","geometry":{"type":"Polygon","coordinates":[[[127.738,-19.4562],[127.7161,-19.8081],[127.7161,-20.4064],[127.738,-20.6019],[127.8809,-20.7356],[128.1335,-20.9101],[128.4302,-20.9922],[128.8916,-21.0435],[129.1882,-21.146],[129.375,-21.0435],[129.6277,-20.9307],[129.9902,-21.146],[130.1111,-21.2689],[130.3802,-21.0794],[130.545,-20.7869],[130.5725,-20.5196],[130.2869,-20.221],[129.7595,-19.8287],[129.397,-19.7047],[129.1003,-19.5494],[128.8806,-19.3941],[128.7378,-19.2385],[128.4082,-19.2385],[127.9578,-19.3111],[127.738,-19.4562]]]},"properties":{"NAME":"Ngarti","ABBREVN":"Ngarti","SUBJECTO":"Ngarti","BORDERPRECISION":3,"PARTOF":"Ngarti"}},
{"type":"Feature","geometry":{"type":"Polygon","coordinates":[[[123.5958,-17.1574],[123.6841,-17.2772],[123.7775,-17.3454],[124.2828,-17.4345],[124.4257,-17.4398],[124.4861,-17.4398],[124.5081,-17.2825],[124.5026,-17.041],[124.4696,-16.8413],[124.3433,-16.8308],[124.1949,-16.8308],[124.0521,-16.8151],[123.9587,-16.8151],[123.8203,-16.8839],[123.8852,-16.9114],[123.912,-16.9749],[123.8268,-17.2485],[123.5958,-17.1574]]]},"properties":{"NAME":"Warwa","ABBREVN":"Warwa","SUBJECTO":"Warwa","BORDERPRECISION":3,"PARTOF":"Warwa"}},
{"type":"Feature","geometry":{"type":"Polygon","coordinates":[[[133.7476,-13.0153],[133.9618,-13.026],[134.187,-12.8493],[134.3079,-12.6886],[134.5001,-12.6135],[134.6411,-12.4778],[134.6443,-12.1108],[134.5551,-12.1038],[134.3683,-12.1682],[134.3573,-12.2541],[134.187,-12.2595],[134.0717,-12.2595],[133.9838,-12.2702],[133.8519,-12.3883],[133.5992,-12.9028],[133.7476,-13.0153]]]},"properties":{"NAME":"Dangbon","ABBREVN":"Dangbon","SUBJECTO":"Dangbon","BORDERPRECISION":3,"PARTOF":"Dangbon"}},
{"type":"Feature","geometry":{"type":"Polygon","coordinates":[[[132.2095,-14.7749],[131.9843,-14.557],[131.792,-14.5836],[131.5063,-14.6048],[131.0284,-14.7749],[130.9625,-14.8492],[131.0339,-15.2683],[131.1108,-15.3795],[131.2701,-15.4378],[131.3361,-15.549],[131.3965,-15.6812],[131.402,-15.8081],[131.5228,-15.8292],[131.9403,-15.7764],[132.0557,-15.8504],[132.1765,-15.9825],[132.3029,-15.9825],[132.3468,-15.7447],[132.3798,-15.3531],[132.3193,-15.0668],[132.2095,-14.7749]]]},"properties":{"NAME":"Wardaman","ABBREVN":"Wardaman","SUBJECTO":"Wardaman","BORDERPRECISION":3,"PARTOF":"Wardaman"}},
{"type":"Feature","geometry":{"type":"Polygon","coordinates":[[[116.6281,-32.1431],[116.5485,-32.1477],[116.2683,-32.2918],[116.098,-32.431],[116.0761,-32.6394],[115.9882,-32.9534],[115.9854,-32.9925],[116.1722,-33.0179],[116.6309,-33.2295],[117.1582,-33.4383],[117.4191,-33.6443],[117.529,-33.5528],[117.9602,-33.3168],[118.1744,-33.2548],[118.4656,-33.1007],[118.1332,-33.0685],[117.9575,-32.981],[117.7954,-32.7734],[117.6498,-32.3846],[117.5125,-32.3753],[116.738,-32.1872],[116.6281,-32.1431]]]},"properties":{"NAME":"Wiilman","ABBREVN":"Wiilman","SUBJECTO":"Wiilman","BORDERPRECISION":3,"PARTOF":"Wiilman"}},
{"type":"Feature","geometry":{"type":"Polygon","coordinates":[[[131.5997,-13.2079],[131.5283,-13.3201],[131.5118,-13.4431],[131.5393,-13.5819],[131.7975,-13.8541],[131.8964,-13.9447],[131.9897,-14.014],[132.0502,-13.8967],[132.0721,-13.7527],[132.182,-13.6994],[132.3303,-13.7207],[132.7203,-13.63],[132.8796,-13.6193],[132.9071,-13.5178],[132.7203,-13.3896],[132.5226,-13.3201],[132.215,-13.2292],[131.9183,-13.1009],[131.6876,-13.026],[131.5997,-13.2079]]]},"properties":{"NAME":"Warray","ABBREVN":"Warray","SUBJECTO":"Warray","BORDERPRECISION":3,"PARTOF":"Warray"}},
{"type":"Feature","geometry":{"type":"Polygon","coordinates":[[[126.8042,-19.1971],[126.5076,-20.0146],[126.3647,-20.2828],[126.2439,-20.6328],[126.156,-20.9614],[126.0571,-21.146],[125.8154,-21.4019],[125.5188,-21.8105],[125.7495,-21.8411],[126.0022,-21.8717],[126.156,-21.9329],[126.4197,-21.7901],[126.8811,-21.4837],[127.0679,-21.2075],[127.4634,-20.9512],[127.7051,-20.6842],[127.782,-20.4991],[127.782,-19.4355],[127.771,-19.3526],[126.925,-19.114],[126.8042,-19.1971]]]},"properties":{"NAME":"Kukatja","ABBREVN":"Kukatja","SUBJECTO":"Kukatja","BORDERPRECISION":3,"PARTOF":"Kukatja"}},
{"type":"Feature","geometry":{"type":"Polygon","coordinates":[[[116.8396,-22.7812],[116.6528,-22.923],[116.5649,-23.0848],[116.7627,-23.2161],[117.0758,-23.3372],[117.5592,-23.4884],[117.713,-23.5338],[117.8503,-23.4683],[117.8284,-23.3675],[117.4548,-22.9078],[117.2406,-22.7711],[117.0593,-22.7002],[116.9165,-22.7458],[116.8396,-22.7812]]]},"properties":{"NAME":"Jurruru","ABBREVN":"Jurruru","SUBJECTO":"Jurruru","BORDERPRECISION":3,"PARTOF":"Jurruru"}},
{"type":"Feature","geometry":{"type":"Polygon","coordinates":[[[114.7522,-22.8268],[114.6863,-23.2565],[114.7632,-23.3725],[115.1807,-23.5388],[115.3894,-23.6596],[115.7025,-23.7803],[115.8838,-23.7803],[115.8618,-23.5388],[115.7849,-23.3271],[115.7849,-23.1606],[115.7794,-23.0898],[115.7794,-22.9432],[115.7684,-22.8724],[115.6256,-22.8066],[114.873,-22.8116],[114.7742,-22.8319],[114.7522,-22.8268]]]},"properties":{"NAME":"Purduna","ABBREVN":"Purduna","SUBJECTO":"Purduna","BORDERPRECISION":3,"PARTOF":"Purduna"}},
{"type":"Feature","geometry":{"type":"Polygon","coordinates":[[[127.6172,-20.6533],[127.3315,-20.9614],[127.0239,-21.0435],[126.6284,-21.6166],[126.2109,-21.8819],[126.167,-22.1467],[126.5186,-22.5531],[127.0679,-23.5036],[127.4414,-23.7652],[127.6831,-23.9059],[127.8809,-24.0264],[128.1445,-24.1267],[128.4961,-24.267],[128.9575,-24.4271],[129.3311,-24.4871],[129.7266,-24.627],[130.2319,-24.7668],[130.4956,-24.8665],[130.6714,-24.7069],[130.9131,-24.3871],[130.979,-24.1066],[131.1877,-23.4632],[131.2646,-23.1505],[131.3086,-22.8876],[131.3196,-22.7559],[131.1328,-22.7559],[130.8582,-22.6242],[130.6824,-22.3399],[130.6714,-22.0755],[130.8252,-21.9227],[130.8691,-21.637],[130.7373,-21.3201],[130.4407,-21.1357],[130.0891,-21.0947],[129.7925,-20.9614],[129.4519,-20.9409],[129.1443,-21.064],[128.7158,-20.9101],[128.4192,-20.8896],[127.6172,-20.6533]]]},"properties":{"NAME":"Pintupi","ABBREVN":"Pintupi","SUBJECTO":"Pintupi","BORDERPRECISION":3,"PARTOF":"Pintupi"}},
{"type":"Feature","geometry":{"type":"Polygon","coordinates":[[[127.3975,-14.1004],[127.1665,-14.0628],[126.8534,-13.7838],[126.7647,-14.0001],[126.6651,-14.102],[126.6166,-14.203],[126.6888,-14.3495],[126.8591,-14.44],[127.1393,-14.4719],[127.2931,-14.4826],[127.3975,-14.1004]]]},"properties":{"NAME":"Miwa","ABBREVN":"Miwa","SUBJECTO":"Miwa","BORDERPRECISION":3,"PARTOF":"Miwa"}},
{"type":"Feature","geometry":{"type":"Polygon","coordinates":[[[118.7952,-23.5388],[119.1412,-23.5489],[119.4708,-23.5388],[119.6191,-23.5287],[119.6576,-23.5287],[119.6686,-23.3473],[119.5313,-22.8977],[119.3225,-22.5734],[119.1632,-22.4466],[118.9105,-22.3298],[118.2019,-22.0805],[117.8943,-22.0398],[117.7679,-22.1213],[117.5977,-22.4466],[117.5427,-22.6089],[117.4878,-22.685],[117.4274,-22.8167],[117.4933,-22.9129],[118.2019,-23.3423],[118.4161,-23.4582],[118.5754,-23.5338],[118.7952,-23.5388]]]},"properties":{"NAME":"Banjima","ABBREVN":"Banjima","SUBJECTO":"Banjima","BORDERPRECISION":3,"PARTOF":"Banjima"}},
{"type":"Feature","geometry":{"type":"Polygon","coordinates":[[[130.206,-13.4842],[130.1761,-13.5111],[130.2003,-13.6019],[130.2292,-13.6353],[130.247,-13.6366],[130.2882,-13.6326],[130.3528,-13.4671],[130.3198,-13.435],[130.291,-13.4257],[130.206,-13.4842]]]},"properties":{"NAME":"Kuwema","ABBREVN":"Kuwema","SUBJECTO":"Kuwema","BORDERPRECISION":3,"PARTOF":"Kuwema"}},
{"type":"Feature","geometry":{"type":"Polygon","coordinates":[[[130.957,-17.4764],[130.9351,-17.3716],[130.7263,-17.3821],[130.2869,-17.2877],[130.2869,-17.1828],[130.144,-17.0673],[129.8694,-17.0253],[129.6497,-16.8992],[129.397,-16.8781],[129.2542,-16.794],[129.2542,-16.6046],[129.1113,-16.5625],[128.7598,-16.6888],[128.7378,-16.8676],[128.7817,-17.1933],[128.8696,-17.5183],[128.9795,-17.7905],[129.1003,-18.0101],[129.1772,-18.2502],[129.2651,-18.4067],[129.8364,-18.3754],[130.2869,-18.3337],[130.8252,-18.2294],[131.0449,-18.1563],[131.3745,-18.0623],[131.6162,-18.0101],[131.2866,-17.8951],[131.0889,-17.8951],[130.979,-17.8742],[130.957,-17.4764]]]},"properties":{"NAME":"Gurindji","ABBREVN":"Gurindji","SUBJECTO":"Gurindji","BORDERPRECISION":3,"PARTOF":"Gurindji"}},
{"type":"Feature","geometry":{"type":"Polygon","coordinates":[[[132.9675,-21.8921],[132.3083,-21.8717],[131.9238,-21.9838],[131.7261,-22.3094],[131.8469,-22.685],[132.0227,-22.8977],[132.1436,-23.0595],[132.5171,-23.009],[133.0664,-22.9179],[133.4399,-22.8977],[133.9783,-22.8876],[134.0112,-22.6546],[134.1541,-22.3501],[133.9893,-22.2281],[132.9675,-21.8921]]]},"properties":{"NAME":"Anmatyerre","ABBREVN":"Anmatyerre","SUBJECTO":"Anmatyerre","BORDERPRECISION":3,"PARTOF":"Anmatyerre"}},
{"type":"Feature","geometry":{"type":"Polygon","coordinates":[[[129.7663,-13.8156],[129.7635,-14.0071],[129.8694,-13.9834],[129.8969,-13.9927],[129.8735,-14.05],[129.8845,-14.0966],[129.9243,-14.1019],[129.9889,-14.1099],[130.0768,-14.082],[130.1591,-14.054],[130.2072,-14.0127],[130.2278,-13.9327],[130.2264,-13.8981],[130.1413,-13.8647],[130.1042,-13.7767],[130.1303,-13.662],[130.0611,-13.6059],[129.8523,-13.7201],[129.7663,-13.8156]]]},"properties":{"NAME":"Marrithiyel","ABBREVN":"Marrithiyel","SUBJECTO":"Marrithiyel","BORDERPRECISION":3,"PARTOF":"Marrithiyel"}},
{"type":"Feature","geometry":{"type":"Polygon","coordinates":[[[130.4764,-13.4217],[130.3693,-13.3789],[130.3226,-13.4698],[130.3033,-13.5499],[130.2676,-13.6326],[130.2374,-13.7127],[130.2237,-13.8807],[130.3116,-13.9154],[130.4187,-13.9154],[130.5423,-13.9021],[130.8197,-13.8141],[130.8939,-13.8141],[131.0834,-13.7954],[131.2207,-13.7954],[131.3416,-13.7447],[131.3553,-13.6967],[131.3306,-13.6246],[131.2866,-13.5712],[130.7483,-13.4911],[130.4764,-13.4217]]]},"properties":{"NAME":"Malak malak","ABBREVN":"Malak malak","SUBJECTO":"Malak malak","BORDERPRECISION":3,"PARTOF":"Malak malak"}},
{"type":"Feature","geometry":{"type":"Polygon","coordinates":[[[124.8463,-16.53],[124.7163,-16.4964],[124.3964,-16.5173],[124.4476,-16.6467],[124.4476,-16.773],[124.4476,-17.0673],[124.4586,-17.3454],[124.4586,-17.4502],[125.1453,-17.4555],[125.2991,-17.644],[125.4803,-17.6702],[125.7825,-17.4502],[125.8264,-17.3192],[125.8099,-17.1513],[125.6177,-17.0253],[125.4639,-16.8781],[125.1563,-16.6993],[124.8871,-16.3781],[124.7552,-16.3307],[124.5596,-16.3435],[124.8463,-16.53]]]},"properties":{"NAME":"Unggumi","ABBREVN":"Unggumi","SUBJECTO":"Unggumi","BORDERPRECISION":3,"PARTOF":"Unggumi"}},
{"type":"Feature","geometry":{"type":"Polygon","coordinates":[[[122.4976,-27.2937],[122.1021,-27.557],[121.9373,-27.6933],[121.5747,-27.9362],[121.8494,-28.2076],[122.0581,-28.5363],[122.146,-28.758],[122.5195,-28.7965],[122.8381,-28.6038],[123.3215,-28.459],[123.6401,-28.2947],[124.2664,-27.7322],[124.3433,-27.5862],[124.4421,-27.5083],[124.3652,-27.3327],[124.1125,-27.2058],[124.0137,-27.1471],[123.7939,-26.9808],[123.4424,-26.775],[123.2446,-26.6082],[123.1567,-26.5001],[123.0469,-26.4214],[122.8162,-26.775],[122.4976,-27.2937]]]},"properties":{"NAME":"Tjalkanti","ABBREVN":"Tjalkanti","SUBJECTO":"Tjalkanti","BORDERPRECISION":3,"PARTOF":"Tjalkanti"}},
{"type":"Feature","geometry":{"type":"Polygon","coordinates":[[[122.1515,-17.7278],[122.1899,-17.7827],[122.6816,-17.7644],[122.8134,-17.7225],[122.8683,-17.6833],[122.8464,-17.3166],[122.7585,-17.3166],[122.5964,-17.3166],[122.1608,-17.3192],[122.1012,-17.3819],[122.1515,-17.7278]]]},"properties":{"NAME":"Ngumbarl","ABBREVN":"Ngumbarl","SUBJECTO":"Ngumbarl","BORDERPRECISION":3,"PARTOF":"Ngumbarl"}},
{"type":"Feature","geometry":{"type":"Polygon","coordinates":[[[114.3376,-28.4854],[114.4522,-28.6488],[114.6753,-28.758],[115.0598,-28.705],[115.3345,-28.5797],[115.2301,-28.459],[115.1862,-28.3189],[114.9774,-28.009],[114.9335,-27.8488],[114.9554,-27.2302],[114.906,-27.0347],[114.6918,-26.4509],[114.6313,-26.3968],[114.527,-26.4017],[114.0161,-26.5885],[113.8458,-26.7505],[113.703,-26.8143],[113.736,-26.9759],[113.9392,-27.279],[114.0381,-27.6397],[114.0875,-27.975],[114.3376,-28.4854]]]},"properties":{"NAME":"Nhanta","ABBREVN":"Nhanta","SUBJECTO":"Nhanta","BORDERPRECISION":3,"PARTOF":"Nhanta"}},
{"type":"Feature","geometry":{"type":"Polygon","coordinates":[[[118.8651,-20.069],[118.8101,-20.1735],[119.0863,-20.2983],[119.3994,-20.4013],[119.6796,-20.4322],[119.8608,-20.2983],[119.9762,-20.1127],[119.9732,-20.0652],[119.8125,-20.1179],[119.5311,-20.1375],[119.1365,-20.0367],[118.8651,-20.069]]]},"properties":{"NAME":"Ngarla","ABBREVN":"Ngarla","SUBJECTO":"Ngarla","BORDERPRECISION":3,"PARTOF":"Ngarla"}},
{"type":"Feature","geometry":{"type":"Polygon","coordinates":[[[129.7025,-15.0617],[129.6724,-15.1544],[129.7321,-15.2312],[129.8145,-15.3637],[129.9298,-15.4907],[130.2045,-15.5278],[130.3088,-15.496],[130.5505,-15.4854],[130.9845,-15.4219],[131.1163,-15.2789],[131.0999,-14.8917],[130.9955,-14.7589],[130.6604,-14.7164],[130.2649,-14.7164],[130.0616,-14.7218],[129.8419,-14.7536],[129.7943,-14.7536],[129.8486,-14.8199],[129.8386,-14.928],[129.7025,-15.0617]]]},"properties":{"NAME":"Jaminjung","ABBREVN":"Jaminjung","SUBJECTO":"Jaminjung","BORDERPRECISION":3,"PARTOF":"Jaminjung"}},
{"type":"Feature","geometry":{"type":"Polygon","coordinates":[[[117.5906,-30.6003],[117.1347,-30.3758],[116.848,-30.0718],[116.4311,-31.471],[116.7308,-31.6042],[116.7308,-32.1243],[117.7079,-32.4327],[117.7079,-32.1684],[117.6037,-31.9697],[117.7991,-31.6597],[118.3072,-31.0813],[118.0596,-30.7124],[117.5906,-30.6003]]]},"properties":{"NAME":"Ballardong","ABBREVN":"Ballardong","SUBJECTO":"Ballardong","BORDERPRECISION":3,"PARTOF":"Ballardong"}},
{"type":"Feature","geometry":{"type":"Polygon","coordinates":[[[124.2554,-20.5299],[123.8159,-20.5299],[123.5083,-20.8383],[123.2886,-21.2894],[123.2886,-21.5144],[123.6621,-21.6166],[123.8379,-21.8207],[123.9258,-22.2077],[123.9258,-22.411],[124.541,-22.411],[125.2881,-22.1671],[125.5298,-22.0653],[125.8154,-21.8411],[126.0352,-21.5757],[126.4526,-20.6328],[126.4526,-20.3652],[126.0791,-20.2828],[125.4199,-20.2003],[125.1123,-20.1797],[124.7168,-20.221],[124.2554,-20.5299]]]},"properties":{"NAME":"Yulparitja","ABBREVN":"Yulparitja","SUBJECTO":"Yulparitja","BORDERPRECISION":3,"PARTOF":"Yulparitja"}},
{"type":"Feature","geometry":{"type":"Polygon","coordinates":[[[132.8494,-12.8386],[132.8357,-12.9028],[132.8329,-12.9644],[132.7176,-13.1357],[132.6379,-13.1865],[132.6901,-13.2292],[132.7286,-13.2506],[132.9977,-13.3709],[133.0637,-13.2988],[133.1131,-13.28],[133.2504,-13.3041],[133.3246,-13.3255],[133.5306,-13.3362],[133.6102,-13.3175],[133.6597,-13.2453],[133.6542,-13.0367],[133.5883,-12.9644],[133.5416,-12.9162],[133.5059,-12.9109],[133.4399,-12.8814],[133.3218,-12.8252],[133.0417,-12.7689],[132.9126,-12.777],[132.8494,-12.8386]]]},"properties":{"NAME":"Wuningangk","ABBREVN":"Wuningangk","SUBJECTO":"Wuningangk","BORDERPRECISION":3,"PARTOF":"Wuningangk"}},
{"type":"Feature","geometry":{"type":"Polygon","coordinates":[[[130.0122,-14.2804],[129.9902,-14.3442],[130.0122,-14.3868],[130.0259,-14.432],[130.0699,-14.4666],[130.1633,-14.4666],[130.2814,-14.4905],[130.3226,-14.5065],[130.4462,-14.5357],[130.6604,-14.4985],[130.8911,-14.4081],[130.9406,-14.2537],[130.9076,-14.0087],[130.8856,-13.8647],[130.8746,-13.8007],[130.7263,-13.8007],[130.589,-13.8541],[130.4187,-13.8861],[130.3033,-13.8914],[130.2924,-14.0034],[130.21,-14.094],[130.0946,-14.1312],[130.0342,-14.2005],[130.0122,-14.2804]]]},"properties":{"NAME":"Ngan’giwumirri","ABBREVN":"Ngan’giwumirri","SUBJECTO":"Ngan’giwumirri","BORDERPRECISION":3,"PARTOF":"Ngan’giwumirri"}},
{"type":"Feature","geometry":{"type":"Polygon","coordinates":[[[115.7669,-32.7545],[115.7148,-33.0193],[115.9662,-32.9902],[115.9854,-32.9234],[116.0184,-32.8265],[116.0239,-32.7596],[116.109,-32.519],[116.142,-32.38],[115.7568,-32.4744],[115.7669,-32.7545]]]},"properties":{"NAME":"Pinjarup","ABBREVN":"Pinjarup","SUBJECTO":"Pinjarup","BORDERPRECISION":3,"PARTOF":"Pinjarup"}},
{"type":"Feature","geometry":{"type":"Polygon","coordinates":[[[123.5632,-30.9211],[124.4196,-30.9551],[125.1894,-30.6467],[126.3585,-30.3841],[127.1299,-30.3681],[127.6172,-30.2401],[128.1665,-30.1261],[128.4521,-30.1261],[128.4741,-29.7834],[128.3423,-29.497],[127.8589,-29.0562],[127.6392,-28.7869],[127.3755,-28.517],[127.1338,-28.6327],[126.936,-28.8254],[126.6504,-28.8832],[126.2988,-28.6713],[125.9253,-28.5556],[125.4639,-28.285],[125.2661,-28.1301],[125.0684,-28.0332],[124.8267,-27.7808],[124.6069,-27.6057],[124.3872,-27.5083],[124.1675,-27.6251],[123.8818,-27.8779],[123.2776,-28.285],[123.0139,-28.4107],[122.6294,-28.6617],[122.6404,-28.8543],[122.7283,-28.9409],[122.97,-29.3822],[123.4094,-30.1071],[123.5083,-30.4676],[123.5193,-30.7324],[123.5632,-30.9211]]]},"properties":{"NAME":"Nyanganyatjara","ABBREVN":"Nyanganyatjara","SUBJECTO":"Nyanganyatjara","BORDERPRECISION":3,"PARTOF":"Nyanganyatjara"}},
{"type":"Feature","geometry":{"type":"Polygon","coordinates":[[[127.1299,-30.3681],[128.6871,-30.3358],[131.026,-30.7679],[131.0449,-30.6379],[131.2866,-30.278],[131.4404,-30.2306],[130.155,-30.1166],[129.342,-30.0881],[128.4631,-30.1261],[128.1665,-30.1261],[127.1299,-30.3681]]]},"properties":{"NAME":null,"ABBREVN":null,"SUBJECTO":null,"BORDERPRECISION":3,"PARTOF":null}},
{"type":"Feature","geometry":{"type":"MultiPolygon","coordinates":[[[[131.0236,-31.5463],[130.7822,-31.6168],[130.6039,-31.5863],[130.1098,-31.5748],[129.5578,-31.6116],[128.9026,-31.7095],[128.4181,-31.9397],[127.9974,-32.0792],[127.6723,-32.1411],[127.3137,-32.2673],[126.7108,-32.3034],[126.4125,-32.2844],[126.2192,-32.2291],[126.0127,-32.2712],[125.7184,-32.4116],[125.4947,-32.5607],[125.0186,-32.7269],[124.7499,-32.8966],[124.4312,-32.9441],[124.2352,-33.0117],[124.0992,-33.1665],[124.001,-33.4232],[124.2484,-33.1441],[124.411,-33.0547],[124.8472,-32.9521],[125.6419,-32.5624],[126.0589,-32.4344],[127.2651,-32.381],[128.17,-32.1501],[128.6148,-31.952],[129.1854,-31.7982],[130.2802,-31.7705],[130.8573,-31.7311],[131.1824,-31.6351],[131.3558,-31.6707],[131.0816,-31.4903],[131.0236,-31.5463]]],[[[119.4604,-34.4015],[119.5082,-34.3364],[119.1632,-34.1027],[119.4604,-34.4015]]],[[[119.3542,-34.5458],[119.1357,-34.5201],[118.9215,-34.289],[119.0314,-34.493],[119.0081,-34.6148],[119.175,-34.6366],[119.3542,-34.5458]]],[[[115.0221,-34.2621],[115.0469,-34.4225],[115.2833,-34.4728],[115.6163,-34.6312],[115.9665,-34.9358],[116.2514,-35.1007],[116.561,-35.1893],[117.5298,-35.251],[117.741,-35.2199],[116.7242,-35.1873],[116.4111,-35.084],[116.4276,-35.048],[116.0046,-34.9355],[115.6476,-34.597],[115.4608,-34.493],[115.1367,-34.3978],[115.0543,-34.3752],[115.0221,-34.2621]]],[[[115.9167,-31.3724],[115.4334,-31.3912],[115.1147,-30.7796],[114.9719,-30.3421],[114.95,-30.3065],[114.9003,-30.1289],[114.9646,-30.5175],[115.0583,-30.8035],[115.4935,-31.546],[115.5899,-31.4123],[115.9827,-31.4216],[115.9167,-31.3724]]],[[[114.5445,-28.7804],[114.5929,-28.7195],[114.4522,-28.6488],[114.5445,-28.7804]]],[[[113.0601,-26.1162],[113.0351,-26.1627],[113.1581,-26.4251],[113.5955,-26.883],[113.9252,-27.3847],[114.0222,-27.6261],[113.9646,-28.0332],[114.3376,-28.4854],[114.0875,-27.975],[114.0381,-27.6397],[113.9392,-27.279],[113.736,-26.9759],[113.703,-26.8143],[113.5986,-26.7603],[113.4998,-26.6867],[113.0601,-26.1162]]],[[[113.3734,-24.2638],[113.3619,-24.283],[113.3792,-24.6136],[113.4326,-24.8742],[113.5919,-25.1854],[113.8965,-25.5901],[113.7524,-25.3242],[113.6206,-25.0906],[113.5547,-24.8815],[113.5657,-24.7917],[113.3734,-24.4471],[113.3734,-24.2638]]],[[[113.7433,-23.2484],[113.7744,-22.8572],[113.7195,-22.8167],[113.6166,-22.6614],[113.7247,-23.0171],[113.7433,-23.2484]]],[[[115.2631,-22.4263],[115.1257,-22.4009],[114.6855,-21.9534],[114.6385,-21.9822],[114.6643,-22.2179],[114.9225,-22.4161],[115.2631,-22.4263]]],[[[122.308,-18.0728],[122.2476,-18.0597],[122.2126,-18.0494],[122.2281,-18.1439],[122.308,-18.0728]]],[[[122.1515,-17.7278],[122.1012,-17.3819],[122.0928,-17.6209],[122.182,-17.9176],[122.157,-17.7905],[122.1515,-17.7278]]],[[[122.5429,-16.9174],[122.5374,-16.9232],[122.547,-16.9281],[122.5429,-16.9174]]],[[[122.7283,-16.7414],[122.7338,-16.7151],[122.7612,-16.5966],[122.6529,-16.7362],[122.7283,-16.7414]]],[[[123.5577,-17.209],[123.5687,-17.167],[123.5958,-17.1574],[123.5083,-17.1093],[123.4983,-17.3186],[123.5303,-17.3769],[123.5577,-17.209]]],[[[116.7308,-32.1243],[116.7308,-31.6042],[116.4311,-31.471],[116.848,-30.0718],[117.1347,-30.3758],[117.5906,-30.6003],[117.9221,-30.6663],[117.4842,-30.4178],[117.0492,-30.2155],[116.9489,-30.119],[116.8286,-30.0548],[116.6803,-30.4108],[116.3892,-31.3912],[116.3919,-31.4708],[116.6254,-31.5739],[116.7078,-31.6581],[116.6693,-31.9894],[116.6281,-32.1431],[116.738,-32.1872],[117.5125,-32.3753],[116.7308,-32.1243]]],[[[116.3837,-29.3822],[116.6693,-29.9502],[116.716,-29.9978],[116.52,-29.5984],[116.3837,-29.3822]]],[[[118.4161,-28.3721],[118.6898,-28.5565],[119.2017,-28.6424],[118.8831,-28.517],[118.4656,-28.3962],[118.4161,-28.3721]]],[[[120.2234,-29.4013],[119.7565,-28.9937],[119.6851,-29.0081],[119.5203,-28.8062],[119.436,-28.7629],[120.0037,-29.3247],[120.509,-30.0596],[120.7393,-30.6345],[121.0341,-30.9316],[120.9924,-30.7324],[120.9595,-30.5812],[120.7397,-30.1546],[120.6519,-29.8597],[120.2234,-29.4013]]],[[[130.9845,-12.9831],[131.1658,-13.0367],[131.5228,-13.2292],[131.5997,-13.2079],[131.6876,-13.026],[131.9183,-13.1009],[132.182,-13.1918],[132.2589,-13.0848],[132.2919,-13.0741],[132.3248,-13.0527],[132.3358,-12.9778],[132.4127,-12.8011],[132.4292,-12.7475],[132.2974,-12.785],[132.215,-12.7957],[132.0721,-12.9617],[131.9128,-13.0206],[131.7206,-12.951],[131.6602,-12.9376],[131.6107,-13.0313],[131.2097,-12.9162],[131.2042,-12.9189],[131.0971,-12.9644],[130.9845,-12.9831]]],[[[116.1804,-34.1664],[116.1859,-34.2163],[116.499,-34.3389],[116.5704,-34.6332],[116.5594,-34.8364],[116.5704,-34.8273],[116.5759,-34.6016],[116.521,-34.3298],[116.7462,-34.3071],[117.4878,-34.2935],[117.5867,-34.2754],[118.6523,-34.2527],[118.5699,-34.2254],[117.5812,-34.2618],[117.6746,-34.0481],[117.5647,-34.2073],[117.3944,-34.2799],[116.4331,-34.3071],[116.1969,-34.1936],[116.2134,-33.9479],[116.1804,-34.1664]]],[[[117.6526,-33.8111],[117.4493,-33.6512],[117.5592,-33.7746],[117.6526,-33.8111]]],[[[134.3188,-13.427],[134.0607,-13.4003],[133.9618,-13.2934],[133.9453,-13.1009],[133.7476,-13.0153],[133.6542,-13.0367],[133.6597,-13.2453],[133.6102,-13.3175],[133.6377,-13.411],[133.6322,-13.5552],[133.6368,-13.6848],[133.8025,-13.9287],[134.2145,-14.1952],[134.6237,-14.5054],[134.6287,-13.9284],[134.4507,-13.8914],[134.3683,-13.7847],[134.3298,-13.4217],[134.3188,-13.427]]],[[[117.9575,-32.981],[118.0371,-32.9764],[117.7954,-32.7734],[117.9575,-32.981]]],[[[118.6743,-33.5231],[118.5754,-33.2846],[118.4381,-33.1651],[118.6743,-33.5231]]],[[[120.3772,-33.0087],[120.4609,-32.877],[120.406,-32.7756],[120.3937,-32.7734],[120.3278,-32.9534],[120.2014,-33.0823],[120.3772,-33.0087]]],[[[131.3855,-16.773],[130.968,-17.3926],[130.957,-17.4764],[130.979,-17.8742],[130.979,-17.8324],[130.979,-17.5498],[131.6972,-16.4973],[131.5613,-16.6046],[131.391,-16.6998],[131.3855,-16.773]]],[[[131.9293,-16.4361],[132.2314,-16.3096],[132.3912,-16.1903],[132.3303,-16.1092],[132.3193,-15.9613],[132.3029,-15.9825],[132.1765,-15.9825],[132.1436,-16.0036],[132.0392,-16.2305],[131.9403,-16.3149],[131.9293,-16.4361]]],[[[123.5522,-30.9493],[123.3545,-30.9211],[123.2512,-30.9539],[123.3833,-30.9917],[124.2224,-31.0341],[124.4196,-30.9551],[123.5632,-30.9211],[123.5522,-30.9493]]],[[[117.6746,-24.0314],[117.7954,-24.1468],[118.3063,-24.302],[118.4436,-24.3671],[118.5699,-24.3371],[118.5754,-24.1267],[118.7897,-23.5841],[118.7952,-23.5388],[118.5754,-23.5338],[118.504,-23.6294],[118.1854,-23.8054],[117.8833,-24.0314],[117.6746,-24.0314]]],[[[133.0994,-14.9554],[133.162,-14.9016],[132.9291,-14.743],[132.7753,-14.6633],[132.4237,-14.5517],[132.1106,-14.5995],[132.2095,-14.7749],[132.3034,-15.0245],[132.4622,-14.9766],[132.9016,-15.0297],[133.0994,-14.9554]]],[[[128.6871,-30.3358],[131.026,-30.7679],[131.0449,-30.6379],[131.2866,-30.278],[131.3732,-30.2282],[131.3529,-30.2217],[131.2537,-30.2116],[130.155,-30.1166],[129.342,-30.0881],[128.4631,-30.1261],[128.4521,-30.1261],[128.1665,-30.1261],[127.6172,-30.2401],[127.1299,-30.3681],[128.6871,-30.3358]]],[[[131.3416,-13.6326],[131.3967,-13.4997],[131.1658,-13.4537],[130.957,-13.4431],[130.6055,-13.3736],[130.4681,-13.3736],[130.4764,-13.4217],[130.7483,-13.4911],[131.2866,-13.5712],[131.3306,-13.6246],[131.3416,-13.6326]]],[[[133.0142,-12.0769],[132.9291,-12.093],[132.8796,-12.1682],[132.8687,-12.238],[132.9675,-12.4419],[132.9236,-12.6832],[132.8906,-12.7689],[132.9126,-12.777],[133.0417,-12.7689],[133.3218,-12.8252],[133.3191,-12.8064],[133.3301,-12.4795],[133.19,-12.2407],[133.0142,-12.0769]]]]},"properties":{"NAME":"Australian aboriginal hunter-gatherers","ABBREVN":"Australian aboriginal hunter-gatherers","SUBJECTO":"Australian aboriginal hunter-gatherers","BORDERPRECISION":1,"PARTOF":"Australian aboriginal hunter-gatherers"}},
{"type":"Feature","geometry":{"type":"Polygon","coordinates":[[[-4.1533,53.2256],[-4.2769,53.3983],[-4.5692,53.3881],[-4.5675,53.2733],[-4.3514,53.1244],[-4.1533,53.2256]]]},"properties":{"NAME":null,"ABBREVN":null,"SUBJECTO":null,"BORDERPRECISION":3,"PARTOF":null}},
{"type":"Feature","geometry":{"type":"Polygon","coordinates":[[[-5.1036,55.4386],[-5.1547,55.6733],[-5.4003,55.6006],[-5.3403,55.475],[-5.1036,55.4386]]]},"properties":{"NAME":null,"ABBREVN":null,"SUBJECTO":null,"BORDERPRECISION":3,"PARTOF":null}},
{"type":"Feature","geometry":{"type":"Polygon","coordinates":[[[-6.1217,55.8789],[-6.3275,55.5894],[-6.0247,55.6808],[-6.1217,55.8789]]]},"properties":{"NAME":null,"ABBREVN":null,"SUBJECTO":null,"BORDERPRECISION":3,"PARTOF":null}},
{"type":"Feature","geometry":{"type":"Polygon","coordinates":[[[-5.9469,55.83],[-5.7461,56.0636],[-5.9681,56.0236],[-6.0789,55.9055],[-5.9469,55.83]]]},"properties":{"NAME":null,"ABBREVN":null,"SUBJECTO":null,"BORDERPRECISION":3,"PARTOF":null}},
{"type":"Feature","geometry":{"type":"Polygon","coordinates":[[[-7.4669,56.9408],[-7.3761,56.9786],[-7.4456,57.0556],[-7.5536,56.9664],[-7.4669,56.9408]]]},"properties":{"NAME":null,"ABBREVN":null,"SUBJECTO":null,"BORDERPRECISION":3,"PARTOF":null}},
{"type":"Feature","geometry":{"type":"Polygon","coordinates":[[[-7.2231,57.3375],[-7.425,57.3822],[-7.3814,57.1086],[-7.2303,57.0947],[-7.2231,57.3375]]]},"properties":{"NAME":null,"ABBREVN":null,"SUBJECTO":null,"BORDERPRECISION":3,"PARTOF":null}},
{"type":"Feature","geometry":{"type":"Polygon","coordinates":[[[-7.2689,57.3989],[-7.2047,57.4608],[-7.3511,57.4894],[-7.3881,57.4239],[-7.2689,57.3989]]]},"properties":{"NAME":null,"ABBREVN":null,"SUBJECTO":null,"BORDERPRECISION":3,"PARTOF":null}},
{"type":"Feature","geometry":{"type":"Polygon","coordinates":[[[-7.1886,57.6872],[-7.4914,57.6464],[-7.4769,57.5625],[-7.1539,57.5094],[-7.1886,57.6872]]]},"properties":{"NAME":null,"ABBREVN":null,"SUBJECTO":null,"BORDERPRECISION":3,"PARTOF":null}},
{"type":"Feature","geometry":{"type":"Polygon","coordinates":[[[-7.0064,57.8814],[-6.9936,57.9186],[-7.0736,57.8961],[-7.0064,57.8814]]]},"properties":{"NAME":null,"ABBREVN":null,"SUBJECTO":null,"BORDERPRECISION":3,"PARTOF":null}},
{"type":"Feature","geometry":{"type":"Polygon","coordinates":[[[-6.8022,58.203],[-6.7944,58.218],[-6.8542,58.25],[-6.8731,58.2064],[-6.8022,58.203]]]},"properties":{"NAME":null,"ABBREVN":null,"SUBJECTO":null,"BORDERPRECISION":3,"PARTOF":null}},
{"type":"Feature","geometry":{"type":"Polygon","coordinates":[[[-6.2042,58.3561],[-6.2928,58.4883],[-6.5503,58.3633],[-7.0319,58.2381],[-7.1281,58.1347],[-6.985,57.9594],[-6.8303,57.9008],[-7.0658,57.8208],[-6.9608,57.7275],[-6.4739,57.9403],[-6.3239,58.2636],[-6.2042,58.3561]]]},"properties":{"NAME":null,"ABBREVN":null,"SUBJECTO":null,"BORDERPRECISION":3,"PARTOF":null}},
{"type":"Feature","geometry":{"type":"Polygon","coordinates":[[[-2.9183,58.7319],[-2.8767,58.8203],[-3.0369,58.8181],[-2.9183,58.7319]]]},"properties":{"NAME":null,"ABBREVN":null,"SUBJECTO":null,"BORDERPRECISION":3,"PARTOF":null}},
{"type":"Feature","geometry":{"type":"Polygon","coordinates":[[[-3.2314,58.7756],[-3.1364,58.8042],[-3.3356,58.9275],[-3.4311,58.8714],[-3.2314,58.7756]]]},"properties":{"NAME":null,"ABBREVN":null,"SUBJECTO":null,"BORDERPRECISION":3,"PARTOF":null}},
{"type":"Feature","geometry":{"type":"Polygon","coordinates":[[[-2.7931,58.9514],[-3.0769,59.1217],[-3.3503,59.11],[-3.3456,58.9658],[-3.195,58.9111],[-2.7931,58.9514]]]},"properties":{"NAME":null,"ABBREVN":null,"SUBJECTO":null,"BORDERPRECISION":3,"PARTOF":null}},
{"type":"Feature","geometry":{"type":"Polygon","coordinates":[[[-2.6814,59.1958],[-2.6206,59.2361],[-2.4956,59.245],[-2.4144,59.3136],[-2.5928,59.2906],[-2.6814,59.1958]]]},"properties":{"NAME":null,"ABBREVN":null,"SUBJECTO":null,"BORDERPRECISION":3,"PARTOF":null}},
{"type":"Feature","geometry":{"type":"Polygon","coordinates":[[[-2.89,59.2953],[-3.0489,59.3292],[-3.0033,59.2636],[-2.9719,59.2872],[-2.89,59.2953]]]},"properties":{"NAME":null,"ABBREVN":null,"SUBJECTO":null,"BORDERPRECISION":3,"PARTOF":null}},
{"type":"Feature","geometry":{"type":"Polygon","coordinates":[[[-1.2961,60.4911],[-1.3203,60.3564],[-1.6669,60.2997],[-1.655,60.2261],[-1.2603,60.1242],[-1.1261,60.1517],[-1.0414,60.4469],[-1.2961,60.4911]]]},"properties":{"NAME":null,"ABBREVN":null,"SUBJECTO":null,"BORDERPRECISION":3,"PARTOF":null}},
{"type":"Feature","geometry":{"type":"Polygon","coordinates":[[[-1.0294,60.4958],[-0.9911,60.72],[-1.1772,60.6367],[-1.0294,60.4958]]]},"properties":{"NAME":null,"ABBREVN":null,"SUBJECTO":null,"BORDERPRECISION":3,"PARTOF":null}},
{"type":"Feature","geometry":{"type":"Polygon","coordinates":[[[-0.8197,60.6889],[-0.7678,60.8289],[-0.9389,60.7944],[-0.9656,60.688],[-0.8197,60.6889]]]},"properties":{"NAME":null,"ABBREVN":null,"SUBJECTO":null,"BORDERPRECISION":3,"PARTOF":null}},
{"type":"Feature","geometry":{"type":"Polygon","coordinates":[[[-6.7069,61.9375],[-6.7189,62.0286],[-7.1922,62.3078],[-7.2322,62.1725],[-6.7069,61.9375]]]},"properties":{"NAME":null,"ABBREVN":null,"SUBJECTO":null,"BORDERPRECISION":3,"PARTOF":null}},
{"type":"Feature","geometry":{"type":"Polygon","coordinates":[[[-4.7778,54.0556],[-4.3944,54.1864],[-4.3083,54.3006],[-4.5275,54.3672],[-4.7139,54.2144],[-4.7778,54.0556]]]},"properties":{"NAME":null,"ABBREVN":null,"SUBJECTO":null,"BORDERPRECISION":3,"PARTOF":null}},
{"type":"Feature","geometry":{"type":"Polygon","coordinates":[[[129.7155,28.4511],[129.575,28.4617],[129.2567,28.3208],[129.1577,28.235],[129.3686,28.1161],[129.5119,28.295],[129.7155,28.4511]]]},"properties":{"NAME":null,"ABBREVN":null,"SUBJECTO":null,"BORDERPRECISION":3,"PARTOF":null}},
{"type":"Feature","geometry":{"type":"Polygon","coordinates":[[[129.963,29.9572],[129.9417,30],[129.9236,29.9839],[129.963,29.9572]]]},"properties":{"NAME":null,"ABBREVN":null,"SUBJECTO":null,"BORDERPRECISION":3,"PARTOF":null}},
{"type":"Feature","geometry":{"type":"Polygon","coordinates":[[[129.8964,29.8742],[129.8772,29.8308],[129.9233,29.825],[129.8964,29.8742]]]},"properties":{"NAME":null,"ABBREVN":null,"SUBJECTO":null,"BORDERPRECISION":3,"PARTOF":null}},
{"type":"Feature","geometry":{"type":"Polygon","coordinates":[[[130.9061,30.3547],[130.9697,30.3906],[131.0744,30.6892],[130.9453,30.6833],[130.8694,30.4697],[130.9061,30.3547]]]},"properties":{"NAME":null,"ABBREVN":null,"SUBJECTO":null,"BORDERPRECISION":3,"PARTOF":null}},
{"type":"Feature","geometry":{"type":"Polygon","coordinates":[[[130.5586,30.2364],[130.6719,30.3733],[130.5108,30.4589],[130.3872,30.3972],[130.4402,30.2528],[130.5586,30.2364]]]},"properties":{"NAME":null,"ABBREVN":null,"SUBJECTO":null,"BORDERPRECISION":3,"PARTOF":null}},
{"type":"Feature","geometry":{"type":"Polygon","coordinates":[[[121.7347,25.1389],[121.6108,25.2575],[121.4806,25.2719],[121.385,25.1575],[121.1947,25.11],[121.0017,25.0017],[120.8716,24.74],[120.6977,24.6008],[120.1155,23.6314],[120.1483,23.3272],[120.0491,23.0608],[120.1639,22.9536],[120.1997,22.7869],[120.3286,22.5194],[120.573,22.3661],[120.675,22.1819],[120.6983,21.9458],[120.8242,21.9278],[120.8825,22.0394],[120.8786,22.3414],[120.9697,22.5683],[121.1681,22.7625],[121.3556,23.0875],[121.453,23.3272],[121.5964,23.9],[121.605,24.0806],[121.8397,24.4764],[121.8169,24.8478],[121.9992,25.0108],[121.8817,25.1147],[121.7347,25.1389]]]},"properties":{"NAME":null,"ABBREVN":null,"SUBJECTO":null,"BORDERPRECISION":3,"PARTOF":null}},
{"type":"Feature","geometry":{"type":"Polygon","coordinates":[[[128.9008,32.6431],[128.8133,32.7925],[128.6494,32.7778],[128.6102,32.6117],[128.9008,32.6431]]]},"properties":{"NAME":null,"ABBREVN":null,"SUBJECTO":null,"BORDERPRECISION":3,"PARTOF":null}},
{"type":"Feature","geometry":{"type":"Polygon","coordinates":[[[123.8708,24.2525],[123.9219,24.3711],[123.7672,24.4144],[123.6789,24.3161],[123.8708,24.2525]]]},"properties":{"NAME":null,"ABBREVN":null,"SUBJECTO":null,"BORDERPRECISION":3,"PARTOF":null}},
{"type":"Feature","geometry":{"type":"Polygon","coordinates":[[[125.3564,24.7767],[125.2619,24.8789],[125.2522,24.7378],[125.3564,24.7767]]]},"properties":{"NAME":null,"ABBREVN":null,"SUBJECTO":null,"BORDERPRECISION":3,"PARTOF":null}},
{"type":"Feature","geometry":{"type":"Polygon","coordinates":[[[124.2617,24.4575],[124.0778,24.42],[124.1219,24.345],[124.2297,24.3383],[124.2617,24.4575]]]},"properties":{"NAME":null,"ABBREVN":null,"SUBJECTO":null,"BORDERPRECISION":3,"PARTOF":null}},
{"type":"Feature","geometry":{"type":"Polygon","coordinates":[[[128.2528,26.6389],[128.3314,26.7525],[128.2472,26.84],[127.9589,26.5444],[128.2528,26.6389]]]},"properties":{"NAME":null,"ABBREVN":null,"SUBJECTO":null,"BORDERPRECISION":3,"PARTOF":null}},
{"type":"Feature","geometry":{"type":"Polygon","coordinates":[[[126.7619,26.3869],[126.7019,26.3486],[126.7811,26.2983],[126.81,26.3469],[126.7619,26.3869]]]},"properties":{"NAME":null,"ABBREVN":null,"SUBJECTO":null,"BORDERPRECISION":3,"PARTOF":null}},
{"type":"Feature","geometry":{"type":"Polygon","coordinates":[[[128.9511,27.6758],[129.03,27.7744],[128.8989,27.8978],[128.8972,27.7258],[128.9511,27.6758]]]},"properties":{"NAME":null,"ABBREVN":null,"SUBJECTO":null,"BORDERPRECISION":3,"PARTOF":null}},
{"type":"Feature","geometry":{"type":"Polygon","coordinates":[[[128.6091,27.3589],[128.6964,27.4486],[128.5236,27.4136],[128.6091,27.3589]]]},"properties":{"NAME":null,"ABBREVN":null,"SUBJECTO":null,"BORDERPRECISION":3,"PARTOF":null}},
{"type":"Feature","geometry":{"type":"Polygon","coordinates":[[[129.9922,28.2817],[130.0325,28.3531],[129.943,28.3222],[129.9922,28.2817]]]},"properties":{"NAME":null,"ABBREVN":null,"SUBJECTO":null,"BORDERPRECISION":3,"PARTOF":null}},
{"type":"Feature","geometry":{"type":"Polygon","coordinates":[[[129.3361,28.0753],[129.3402,28.1108],[129.2238,28.1836],[129.2191,28.0978],[129.3361,28.0753]]]},"properties":{"NAME":null,"ABBREVN":null,"SUBJECTO":null,"BORDERPRECISION":3,"PARTOF":null}},
{"type":"Feature","geometry":{"type":"Polygon","coordinates":[[[129.733,29.6097],[129.7533,29.6478],[129.7097,29.6517],[129.733,29.6097]]]},"properties":{"NAME":null,"ABBREVN":null,"SUBJECTO":null,"BORDERPRECISION":3,"PARTOF":null}},
{"type":"Feature","geometry":{"type":"Polygon","coordinates":[[[6.0102,50.7594],[6.0739,50.8666],[5.9642,51.0243],[6.2223,51.3891],[6.1169,51.6399],[5.9794,51.8035],[6.2114,51.8799],[6.3814,51.8199],[6.8246,51.9564],[6.8822,52.1257],[7.0682,52.2726],[7.069,52.3663],[6.7136,52.4757],[6.7781,52.6399],[7.0348,52.6235],[7.0729,52.8043],[7.228,52.9667],[7.1599,53.164],[6.861,53.2658],[6.7507,53.3899],[6.2607,53.3217],[5.9663,53.335],[5.3895,53.1386],[5.3257,52.7904],[5.5469,52.6787],[5.6113,52.5315],[5.8171,52.5214],[5.7569,52.3337],[5.4732,52.1766],[4.9498,52.2779],[5.1082,52.5315],[5.2346,52.6229],[5.0084,52.8562],[4.641,52.7557],[4.3872,52.2304],[4.2644,52.0709],[3.8781,51.7917],[3.5203,51.5791],[3.7661,51.3814],[4.2692,51.3039],[5.079,51.3921],[5.7852,51.1328],[5.7381,50.7829],[6.0102,50.7594]]]},"properties":{"NAME":"       ","ABBREVN":"Netherlands","SUBJECTO":"United Kingdom of Netherlands","BORDERPRECISION":3,"PARTOF":"United Kingdom of Netherlands"}},
{"type":"Feature","geometry":{"type":"MultiPolygon","coordinates":[[[[20.263,49.887],[18.7858,49.892],[18.1878,50.0213],[18.048,50.1026],[17.7507,50.036],[17.6788,50.3383],[17.3597,50.3357],[17.0144,50.4768],[16.8844,50.4225],[17.0115,50.2869],[16.728,50.1486],[16.585,50.1812],[16.4514,50.352],[16.2044,50.4632],[16.4428,50.6234],[16.3531,50.7049],[16.0009,50.656],[15.8183,50.7973],[15.4722,50.8326],[15.3088,50.906],[15.267,51.023],[15.0093,51.0556],[14.9973,50.9169],[14.6103,50.8979],[14.5964,51.023],[13.8548,50.7674],[13.5242,50.7565],[13.233,50.6638],[13.1894,50.561],[12.9823,50.4741],[12.7837,50.4741],[12.4616,50.3981],[12.2523,50.2159],[12.3684,50.0456],[12.5542,50.0016],[12.4483,49.7061],[12.5363,49.5626],[12.8608,49.3656],[12.9453,49.3979],[13.2031,49.1662],[13.5782,49.0369],[13.7455,48.9399],[13.9467,48.6551],[13.64,48.5382],[13.3841,48.5939],[13.2936,48.3647],[12.8582,48.2316],[12.6942,48.1294],[12.9363,47.8727],[12.8475,47.7397],[13.023,47.6624],[12.942,47.4832],[12.7437,47.5635],[12.7001,47.6902],[12.4461,47.6624],[12.1633,47.7088],[12.122,47.6284],[11.5596,47.613],[11.5034,47.5357],[11.1703,47.4245],[10.9029,47.4152],[10.8348,47.545],[10.3883,47.579],[10.4031,47.4554],[10.1995,47.301],[9.892,47.5635],[9.6655,47.5562],[9.5393,47.4872],[9.4646,47.2855],[9.5208,47.0694],[10.0515,46.8677],[10.3118,47.017],[10.3957,46.8874],[10.5583,46.7179],[10.5583,46.3129],[10.4571,46.2116],[10.5246,45.7391],[10.6596,45.8066],[10.7946,45.6378],[10.9296,45.8403],[11.1659,45.7391],[11.2334,46.0091],[11.5709,45.9754],[11.5709,46.2454],[11.9084,46.4141],[11.7397,46.7517],[12.0748,46.9275],[12.2178,46.8843],[12.3619,46.7085],[12.9519,46.5975],[13.5689,46.5104],[13.6211,46.4209],[13.3445,46.2845],[13.6063,46.1321],[13.5351,45.8013],[13.825,45.6627],[13.8,45.5664],[13.5269,45.4543],[13.5976,45.1784],[13.8951,44.7592],[13.9993,44.8125],[14.0705,44.9843],[14.2129,45.1221],[14.3263,45.3542],[14.5741,45.2912],[14.8483,45.1073],[14.9455,44.9266],[14.907,44.7233],[14.9891,44.54],[15.2859,44.3289],[15.1495,44.2399],[15.4123,43.9348],[15.9128,43.6522],[16.0594,43.4335],[16.3667,43.513],[16.6398,43.3897],[16.9923,43.3227],[17.0751,43.2227],[17.548,42.9201],[17.6457,43.0531],[17.2941,43.2691],[17.259,43.4449],[17.0129,43.5554],[16.5357,44.0074],[16.3851,44.0425],[16.1942,44.1932],[16.144,44.4343],[15.9582,44.6804],[15.7573,44.7858],[15.7673,45.047],[15.8276,45.2027],[16.0235,45.2077],[16.139,45.0721],[16.3449,45.0018],[16.5106,45.2077],[16.8321,45.1876],[16.9325,45.2378],[17.1685,45.1575],[17.6658,45.1173],[17.8566,45.047],[17.9872,45.1223],[18.2584,45.1223],[18.7154,45.047],[18.841,44.8511],[19.1222,44.9265],[19.1021,45.1324],[19.2126,45.2027],[18.9866,45.3885],[19.0117,45.4588],[20.1882,45.2597],[20.3385,44.9592],[20.7893,44.7421],[21.3442,44.8831],[21.5833,44.7928],[21.5919,44.7078],[21.8589,44.6812],[22.1329,44.5112],[22.4095,44.7503],[22.3432,44.986],[22.4782,45.7285],[23.0182,45.8635],[23.2545,46.0661],[23.5583,45.8973],[23.7946,46.0661],[24.0646,46.0998],[24.4021,45.8973],[24.9421,45.9648],[25.5159,45.796],[25.4484,46.3023],[25.6509,46.4036],[25.8534,46.6736],[26.191,46.8086],[26.2922,47.2136],[25.6847,47.6187],[25.2459,47.6862],[25.3809,47.8549],[25.7859,47.9562],[26.1235,47.8549],[26.1235,48.125],[26.3597,48.125],[26.1627,48.9406],[26.0781,49.1224],[26.0364,49.6338],[24.2573,50.1593],[20.263,49.887]]],[[[14.6386,44.9686],[14.7042,45.0683],[14.5956,45.2322],[14.4333,45.0725],[14.6386,44.9686]]],[[[6.0102,50.7594],[5.7381,50.7829],[5.7852,51.1328],[5.079,51.3921],[4.2692,51.3039],[3.7661,51.3814],[3.6813,51.3214],[3.2136,51.3536],[2.9953,51.3135],[2.5221,51.0911],[2.6157,50.8902],[2.8751,50.6818],[3.1228,50.8071],[3.2828,50.5243],[3.6034,50.47],[3.675,50.3344],[4.0509,50.3181],[4.2196,50.2422],[4.1563,49.9658],[4.2846,49.911],[4.6681,49.9604],[4.8771,49.8848],[4.8599,49.7822],[5.0977,49.7607],[5.4181,49.5826],[5.4754,49.4801],[5.8235,49.5071],[5.8844,49.6635],[5.7451,49.7553],[5.7379,49.9025],[5.8338,50.0474],[6.1085,50.1175],[6.2984,50.2869],[6.2814,50.4976],[6.0102,50.7594]]],[[[18.5136,42.3621],[18.4291,42.5861],[18.2534,42.6262],[18.1127,42.7418],[17.6464,42.8646],[18.0014,42.6945],[18.5136,42.3621]]]]},"properties":{"NAME":"Austrian Empire","ABBREVN":"Austria-Hung","SUBJECTO":"Austrian Empire","BORDERPRECISION":3,"PARTOF":"Austrian Empire"}},
{"type":"Feature","geometry":{"type":"MultiPolygon","coordinates":[[[[149.5339,45.5828],[149.6925,45.6386],[149.9816,45.8336],[150.1989,45.9325],[150.4255,46.1189],[150.3427,46.2117],[149.6678,45.8508],[149.5339,45.5828]]],[[[154.7433,49.5861],[154.6005,49.3672],[154.7158,49.2639],[154.8822,49.5475],[154.7433,49.5861]]],[[[155.4833,50.1194],[155.7953,50.1889],[156.153,50.525],[156.1164,50.7475],[155.8969,50.6986],[155.7655,50.4639],[155.638,50.378],[155.2477,50.3014],[155.2086,50.0808],[155.4833,50.1194]]],[[[156.1689,50.7414],[156.4008,50.6256],[156.4941,50.8425],[156.3411,50.8511],[156.1689,50.7414]]]]},"properties":{"NAME":"Kuril Islands","ABBREVN":"","SUBJECTO":"(Russian and Japanese claim)","BORDERPRECISION":3,"PARTOF":""}},
{"type":"Feature","geometry":{"type":"MultiPolygon","coordinates":[[[[136.8108,37.3107],[136.6404,37.1703],[136.6685,36.6675],[136.5015,36.4635],[136.1873,36.202],[135.9779,35.9725],[135.928,35.6035],[135.7271,35.4505],[135.3577,35.3225],[135.188,35.443],[135.157,35.6465],[134.7558,35.5312],[134.2236,35.4538],[133.8041,35.4275],[133.0062,35.2541],[132.9808,35.4449],[132.6629,35.3806],[131.6723,34.502],[131.3341,34.2918],[131.1098,34.2405],[130.8923,34.2464],[130.7793,33.9669],[130.899,33.9037],[131.3942,33.9364],[131.6549,33.9116],[131.995,33.8043],[131.9973,34.09],[132.1835,34.2872],[132.3867,34.2685],[132.4812,34.1291],[132.8477,34.2631],[133.5891,34.4424],[133.8253,34.3857],[134.2135,34.5706],[134.4273,34.6282],[134.9357,34.5404],[135.2057,34.6171],[135.317,34.4713],[135.2367,34.3505],[134.9692,34.1342],[135.0629,33.69],[135.7557,33.3423],[135.991,33.7237],[136.1992,34.0034],[136.3938,34.1117],[136.7669,34.1696],[136.8986,34.2587],[136.5071,34.5182],[136.6169,34.7596],[136.7339,34.8741],[137.0418,34.7287],[137.2482,34.4816],[137.7592,34.5525],[138.1491,34.5279],[138.2952,34.763],[138.4502,34.903],[138.6837,34.9923],[138.751,34.9226],[138.7498,34.6497],[138.8638,34.5674],[139.0228,34.6883],[139.0529,35.0249],[139.2086,35.1651],[139.4226,35.1655],[139.6827,35.4458],[139.9137,35.5544],[140.0029,35.4974],[139.7881,34.9628],[139.8301,34.836],[140.3166,35.0338],[140.3949,35.4091],[140.5569,35.543],[140.8343,35.6771],[140.6448,35.8358],[140.5554,35.9691],[140.5466,36.2872],[140.6556,36.6183],[140.9639,36.9563],[140.9822,37.2682],[140.8722,37.9174],[140.9506,38.1214],[141.0967,38.2618],[141.4964,38.4219],[141.4671,38.5875],[141.5686,38.7852],[141.8878,39.13],[141.9985,39.4489],[141.9981,39.672],[141.6756,40.3162],[141.4671,40.5141],[141.4369,41.2694],[141.087,41.4416],[140.7745,41.2552],[140.9368,41.1147],[141.0766,41.1021],[141.1526,40.8654],[140.657,40.7236],[140.4728,40.9857],[140.3864,40.9855],[140.1597,40.729],[139.9152,40.575],[139.985,40.1146],[139.8046,39.8907],[140.0111,39.6935],[140.0301,39.4832],[139.8961,38.9985],[139.7457,38.6796],[139.5039,38.4179],[139.4398,38.1884],[139.1979,37.9204],[138.8562,37.7351],[138.699,37.4482],[138.3172,37.2055],[137.464,36.8537],[137.1762,36.6431],[137.0453,36.6683],[136.983,36.8336],[137.0138,37.0374],[137.3349,37.2735],[137.3096,37.4327],[136.8108,37.3107]]],[[[132.5676,32.6375],[132.6988,32.5489],[132.9007,32.6699],[132.9697,32.7653],[133.1542,33.2164],[133.241,33.2991],[133.5165,33.3949],[133.7269,33.3762],[133.9986,33.1483],[134.5191,33.6508],[134.6098,33.8986],[134.5404,34.0127],[134.1527,34.1135],[134.0102,34.1893],[133.8056,34.1762],[133.603,34.0362],[133.4629,33.8835],[133.2455,33.8006],[132.9687,33.7936],[132.7843,33.9075],[132.4499,33.5196],[132.1211,33.3475],[132.3426,33.1068],[132.4671,32.7579],[132.5676,32.6375]]],[[[130.5793,30.9065],[130.744,30.8878],[130.9597,31.193],[131.2106,31.3523],[131.3193,31.5112],[131.4069,32.0828],[131.563,32.4322],[131.831,32.6931],[131.7953,32.8073],[131.5956,33.0037],[131.4136,33.1112],[131.6698,33.3085],[131.5688,33.4861],[131.286,33.3903],[130.9711,33.5039],[130.8595,33.6751],[130.6444,33.7],[130.4266,33.6742],[130.1762,33.3372],[129.8583,33.2604],[129.528,33.2978],[129.3434,33.1514],[129.4609,32.9866],[129.6303,32.8663],[129.7337,32.638],[129.8459,32.5874],[130.1075,32.9308],[130.2574,32.912],[130.4965,32.557],[130.444,32.2839],[130.0589,31.9721],[130.2193,31.5597],[130.2051,31.4264],[130.0601,31.2166],[130.0863,31.1214],[130.2329,31.0265],[130.4044,31.23],[130.4744,31.4396],[130.5819,31.5287],[130.7325,31.4783],[130.6745,31.2115],[130.5541,30.97],[130.5793,30.9065]]],[[[140.0126,41.3818],[140.1125,41.2731],[140.2686,41.3247],[140.5889,41.6777],[140.9793,41.6529],[141.155,41.7493],[141.0195,41.8709],[140.7677,42.005],[140.2455,42.2284],[140.2234,42.3631],[140.5409,42.537],[140.6935,42.5501],[140.9296,42.2555],[141.3969,42.5194],[141.721,42.5393],[141.9281,42.5013],[142.8423,42.0669],[143.0335,41.9582],[143.2138,41.9265],[143.3304,42.1961],[143.5086,42.421],[143.8479,42.7746],[144.1664,42.9422],[144.3701,42.949],[144.5902,42.8596],[144.9947,42.9374],[145.4481,43.1696],[145.1486,43.5995],[145.0594,43.7858],[145.2099,44.0369],[145.14,44.1783],[144.7504,43.8816],[144.6138,43.8428],[144.0281,43.9509],[143.5082,44.1558],[143.0205,44.4637],[142.539,44.8427],[141.8753,45.4354],[141.5974,45.2797],[141.5228,45.1826],[141.5666,44.9696],[141.7457,44.6286],[141.7094,43.9142],[141.3019,43.7205],[141.3036,43.187],[141.0642,43.0966],[140.8966,43.1348],[140.5989,43.327],[140.3736,43.1852],[140.5168,43.057],[140.4998,42.8964],[140.209,42.7289],[139.974,42.6514],[139.7117,42.4776],[139.7772,42.1121],[140.0997,41.946],[140.1245,41.7922],[139.9777,41.5035],[140.0126,41.3818]]],[[[146.905,43.84],[146.6105,43.8067],[146.6827,43.7078],[146.905,43.84]]],[[[146.4688,44.4222],[146.2014,44.4994],[146.078,44.4636],[145.7447,44.0517],[145.4075,43.8294],[145.4375,43.7169],[145.7794,43.9286],[145.9402,44.128],[146.0919,44.2361],[146.5083,44.358],[146.4688,44.4222]]],[[[148.493,45.2703],[148.84,45.3467],[148.8589,45.4675],[148.7008,45.5208],[148.3122,45.2672],[147.895,45.23],[147.6564,45.0753],[147.1119,44.7939],[147.2911,44.6669],[147.6227,44.8972],[147.9641,45.0117],[148.2852,45.2208],[148.493,45.2703]]]]},"properties":{"NAME":"Japan","ABBREVN":"Japan","SUBJECTO":"Japan","BORDERPRECISION":3,"PARTOF":"Japan"}},
{"type":"Feature","geometry":{"type":"Polygon","coordinates":[[[-179.057,51.248],[-179.087,51.291],[-179.142,51.269],[-179.129,51.22],[-179.057,51.248]]]},"properties":{"NAME":null,"ABBREVN":null,"SUBJECTO":null,"BORDERPRECISION":3,"PARTOF":null}},
{"type":"Feature","geometry":{"type":"Polygon","coordinates":[[[-178.9,51.355],[-178.985,51.374],[-178.991,51.309],[-178.9,51.355]]]},"properties":{"NAME":null,"ABBREVN":null,"SUBJECTO":null,"BORDERPRECISION":3,"PARTOF":null}},
{"type":"Feature","geometry":{"type":"Polygon","coordinates":[[[-178.077,51.698],[-177.911,51.659],[-177.825,51.831],[-177.946,51.919],[-178.214,51.862],[-177.966,51.772],[-178.077,51.698]]]},"properties":{"NAME":null,"ABBREVN":null,"SUBJECTO":null,"BORDERPRECISION":3,"PARTOF":null}},
{"type":"Feature","geometry":{"type":"Polygon","coordinates":[[[-176.434,51.838],[-176.606,51.986],[-176.972,51.658],[-176.913,51.604],[-176.417,51.75],[-176.434,51.838]]]},"properties":{"NAME":null,"ABBREVN":null,"SUBJECTO":null,"BORDERPRECISION":3,"PARTOF":null}},
{"type":"Feature","geometry":{"type":"Polygon","coordinates":[[[-178.777,51.828],[-178.863,51.786],[-178.798,51.744],[-178.727,51.783],[-178.777,51.828]]]},"properties":{"NAME":null,"ABBREVN":null,"SUBJECTO":null,"BORDERPRECISION":3,"PARTOF":null}},
{"type":"Feature","geometry":{"type":"Polygon","coordinates":[[[-177.626,51.692],[-177.374,51.726],[-177.154,51.699],[-177.046,51.889],[-177.196,51.921],[-177.243,51.793],[-177.626,51.692]]]},"properties":{"NAME":null,"ABBREVN":null,"SUBJECTO":null,"BORDERPRECISION":3,"PARTOF":null}},
{"type":"Feature","geometry":{"type":"Polygon","coordinates":[[[-176.309,51.868],[-176.418,51.85],[-176.386,51.729],[-176.261,51.78],[-176.309,51.868]]]},"properties":{"NAME":null,"ABBREVN":null,"SUBJECTO":null,"BORDERPRECISION":3,"PARTOF":null}},
{"type":"Feature","geometry":{"type":"Polygon","coordinates":[[[-176.215,51.815],[-176.033,51.823],[-176.024,51.848],[-176.206,51.879],[-176.215,51.815]]]},"properties":{"NAME":null,"ABBREVN":null,"SUBJECTO":null,"BORDERPRECISION":3,"PARTOF":null}},
{"type":"Feature","geometry":{"type":"Polygon","coordinates":[[[-175.962,51.888],[-176.058,51.905],[-176.051,51.863],[-175.962,51.888]]]},"properties":{"NAME":null,"ABBREVN":null,"SUBJECTO":null,"BORDERPRECISION":3,"PARTOF":null}},
{"type":"Feature","geometry":{"type":"Polygon","coordinates":[[[-175.725,51.931],[-175.663,51.954],[-175.699,51.97],[-175.725,51.931]]]},"properties":{"NAME":null,"ABBREVN":null,"SUBJECTO":null,"BORDERPRECISION":3,"PARTOF":null}},
{"type":"Feature","geometry":{"type":"Polygon","coordinates":[[[-175.805,51.987],[-175.941,51.982],[-175.881,51.96],[-175.805,51.987]]]},"properties":{"NAME":null,"ABBREVN":null,"SUBJECTO":null,"BORDERPRECISION":3,"PARTOF":null}},
{"type":"Feature","geometry":{"type":"Polygon","coordinates":[[[-176.152,52.103],[-176.166,51.992],[-175.995,52.029],[-176.152,52.103]]]},"properties":{"NAME":null,"ABBREVN":null,"SUBJECTO":null,"BORDERPRECISION":3,"PARTOF":null}},
{"type":"Feature","geometry":{"type":"Polygon","coordinates":[[[-172.956,52.086],[-173.508,52.105],[-173.47,52.037],[-172.956,52.086]]]},"properties":{"NAME":null,"ABBREVN":null,"SUBJECTO":null,"BORDERPRECISION":3,"PARTOF":null}},
{"type":"Feature","geometry":{"type":"Polygon","coordinates":[[[-174.788,52.023],[-174.72,52.002],[-174.142,52.124],[-174.232,52.269],[-174.788,52.023]]]},"properties":{"NAME":null,"ABBREVN":null,"SUBJECTO":null,"BORDERPRECISION":3,"PARTOF":null}},
{"type":"Feature","geometry":{"type":"Polygon","coordinates":[[[-172.567,52.335],[-172.521,52.243],[-172.314,52.312],[-172.414,52.39],[-172.567,52.335]]]},"properties":{"NAME":null,"ABBREVN":null,"SUBJECTO":null,"BORDERPRECISION":3,"PARTOF":null}},
{"type":"Feature","geometry":{"type":"Polygon","coordinates":[[[-171.25,52.524],[-171.304,52.504],[-171.308,52.449],[-171.235,52.451],[-171.202,52.493],[-171.25,52.524]]]},"properties":{"NAME":null,"ABBREVN":null,"SUBJECTO":null,"BORDERPRECISION":3,"PARTOF":null}},
{"type":"Feature","geometry":{"type":"Polygon","coordinates":[[[-170.795,52.532],[-170.612,52.587],[-170.676,52.694],[-170.818,52.624],[-170.795,52.532]]]},"properties":{"NAME":null,"ABBREVN":null,"SUBJECTO":null,"BORDERPRECISION":3,"PARTOF":null}},
{"type":"Feature","geometry":{"type":"Polygon","coordinates":[[[-170.055,52.759],[-170.18,52.784],[-170.189,52.724],[-170.055,52.759]]]},"properties":{"NAME":null,"ABBREVN":null,"SUBJECTO":null,"BORDERPRECISION":3,"PARTOF":null}},
{"type":"Feature","geometry":{"type":"Polygon","coordinates":[[[-169.989,52.799],[-169.709,52.777],[-169.781,52.885],[-169.989,52.799]]]},"properties":{"NAME":null,"ABBREVN":null,"SUBJECTO":null,"BORDERPRECISION":3,"PARTOF":null}},
{"type":"Feature","geometry":{"type":"Polygon","coordinates":[[[-169.994,52.902],[-170.077,52.919],[-170.127,52.889],[-170.05,52.852],[-169.994,52.902]]]},"properties":{"NAME":null,"ABBREVN":null,"SUBJECTO":null,"BORDERPRECISION":3,"PARTOF":null}},
{"type":"Feature","geometry":{"type":"Polygon","coordinates":[[[-169.677,53.032],[-169.753,53.026],[-169.762,52.971],[-169.696,52.96],[-169.677,53.032]]]},"properties":{"NAME":null,"ABBREVN":null,"SUBJECTO":null,"BORDERPRECISION":3,"PARTOF":null}},
{"type":"Feature","geometry":{"type":"Polygon","coordinates":[[[-169.042,52.833],[-168.47,53.047],[-168.325,53.211],[-167.868,53.372],[-167.795,53.496],[-168.006,53.564],[-168.24,53.529],[-168.407,53.415],[-168.359,53.26],[-168.621,53.272],[-168.794,53.147],[-168.775,53.057],[-169.042,52.833]]]},"properties":{"NAME":null,"ABBREVN":null,"SUBJECTO":null,"BORDERPRECISION":3,"PARTOF":null}},
{"type":"Feature","geometry":{"type":"Polygon","coordinates":[[[-166.214,53.922],[-166.469,53.891],[-166.759,54.008],[-167.017,53.958],[-167.161,53.854],[-167.014,53.706],[-167.163,53.61],[-167.167,53.463],[-167.843,53.312],[-167.495,53.279],[-167.142,53.417],[-166.76,53.444],[-166.556,53.617],[-166.274,53.684],[-166.324,53.776],[-166.214,53.922]]]},"properties":{"NAME":null,"ABBREVN":null,"SUBJECTO":null,"BORDERPRECISION":3,"PARTOF":null}},
{"type":"Feature","geometry":{"type":"Polygon","coordinates":[[[-166.199,53.834],[-166.296,53.756],[-166.21,53.705],[-166.115,53.777],[-166.199,53.834]]]},"properties":{"NAME":null,"ABBREVN":null,"SUBJECTO":null,"BORDERPRECISION":3,"PARTOF":null}},
{"type":"Feature","geometry":{"type":"Polygon","coordinates":[[[-165.477,54.071],[-165.361,54.071],[-165.298,54.037],[-165.246,54.056],[-165.284,54.091],[-165.433,54.084],[-165.477,54.071]]]},"properties":{"NAME":null,"ABBREVN":null,"SUBJECTO":null,"BORDERPRECISION":3,"PARTOF":null}},
{"type":"Feature","geometry":{"type":"Polygon","coordinates":[[[-165.087,54.067],[-165.129,54.128],[-165.21,54.083],[-165.087,54.067]]]},"properties":{"NAME":null,"ABBREVN":null,"SUBJECTO":null,"BORDERPRECISION":3,"PARTOF":null}},
{"type":"Feature","geometry":{"type":"Polygon","coordinates":[[[-165.992,54.048],[-165.664,54.127],[-165.938,54.221],[-165.992,54.048]]]},"properties":{"NAME":null,"ABBREVN":null,"SUBJECTO":null,"BORDERPRECISION":3,"PARTOF":null}},
{"type":"Feature","geometry":{"type":"Polygon","coordinates":[[[-165.494,54.291],[-165.682,54.238],[-165.623,54.128],[-165.486,54.173],[-165.494,54.291]]]},"properties":{"NAME":null,"ABBREVN":null,"SUBJECTO":null,"BORDERPRECISION":3,"PARTOF":null}},
{"type":"Feature","geometry":{"type":"Polygon","coordinates":[[[-163.329,54.701],[-163.524,55.043],[-163.916,55.035],[-164.235,54.891],[-164.433,54.931],[-164.704,54.668],[-164.952,54.587],[-164.768,54.395],[-164.473,54.412],[-164.33,54.516],[-164.298,54.549],[-164.167,54.607],[-163.621,54.61],[-163.429,54.684],[-163.329,54.701]]]},"properties":{"NAME":null,"ABBREVN":null,"SUBJECTO":null,"BORDERPRECISION":3,"PARTOF":null}},
{"type":"Feature","geometry":{"type":"Polygon","coordinates":[[[-169.641,56.546],[-169.471,56.592],[-169.76,56.618],[-169.641,56.546]]]},"properties":{"NAME":null,"ABBREVN":null,"SUBJECTO":null,"BORDERPRECISION":3,"PARTOF":null}},
{"type":"Feature","geometry":{"type":"Polygon","coordinates":[[[-170.413,57.169],[-170.249,57.129],[-170.151,57.228],[-170.387,57.202],[-170.413,57.169]]]},"properties":{"NAME":null,"ABBREVN":null,"SUBJECTO":null,"BORDERPRECISION":3,"PARTOF":null}},
{"type":"Feature","geometry":{"type":"Polygon","coordinates":[[[-165.859,60.345],[-166.11,60.399],[-166.496,60.379],[-166.932,60.207],[-167.418,60.189],[-167.127,59.997],[-166.604,59.851],[-166.114,59.848],[-165.729,59.91],[-165.681,60.295],[-165.859,60.345]]]},"properties":{"NAME":null,"ABBREVN":null,"SUBJECTO":null,"BORDERPRECISION":3,"PARTOF":null}},
{"type":"Feature","geometry":{"type":"Polygon","coordinates":[[[-172.256,60.304],[-172.38,60.391],[-172.577,60.396],[-172.599,60.325],[-172.256,60.304]]]},"properties":{"NAME":null,"ABBREVN":null,"SUBJECTO":null,"BORDERPRECISION":3,"PARTOF":null}},
{"type":"Feature","geometry":{"type":"Polygon","coordinates":[[[-170.707,63.654],[-170.903,63.573],[-171.544,63.615],[-171.645,63.715],[-171.72,63.745],[-171.851,63.509],[-171.739,63.381],[-171.461,63.315],[-170.869,63.461],[-170.246,63.286],[-170.22,63.206],[-170.151,63.182],[-169.888,63.151],[-169.509,63.097],[-169.155,63.201],[-168.873,63.153],[-168.717,63.306],[-169.163,63.297],[-169.545,63.359],[-170.032,63.537],[-170.3,63.694],[-170.707,63.654]]]},"properties":{"NAME":null,"ABBREVN":null,"SUBJECTO":null,"BORDERPRECISION":3,"PARTOF":null}},
{"type":"Feature","geometry":{"type":"Polygon","coordinates":[[[-172.532,64.661],[-172.661,64.674],[-172.751,64.644],[-172.544,64.613],[-172.532,64.661]]]},"properties":{"NAME":null,"ABBREVN":null,"SUBJECTO":null,"BORDERPRECISION":3,"PARTOF":null}},
{"type":"Feature","geometry":{"type":"Polygon","coordinates":[[[-172.571,64.824],[-172.591,64.703],[-172.167,64.772],[-172.303,64.848],[-172.571,64.824]]]},"properties":{"NAME":null,"ABBREVN":null,"SUBJECTO":null,"BORDERPRECISION":3,"PARTOF":null}},
{"type":"Feature","geometry":{"type":"Polygon","coordinates":[[[-178.208,71.475],[-179.034,71.598],[-180,71.536],[-180,70.997],[-179.486,70.912],[-177.939,71.037],[-177.439,71.227],[-178.208,71.475]]]},"properties":{"NAME":null,"ABBREVN":null,"SUBJECTO":null,"BORDERPRECISION":3,"PARTOF":null}},
{"type":"Feature","geometry":{"type":"Polygon","coordinates":[[[-175.683,71.407],[-175.8,71.43],[-175.804,71.394],[-175.683,71.407]]]},"properties":{"NAME":null,"ABBREVN":null,"SUBJECTO":null,"BORDERPRECISION":3,"PARTOF":null}},
{"type":"Feature","geometry":{"type":"MultiPolygon","coordinates":[[[[-132.6881,55.6492],[-132.6333,55.9001],[-133.1573,56.1163],[-133.2807,56.2316],[-133.5178,56.2107],[-133.2663,55.8311],[-133.271,55.621],[-133.016,55.371],[-132.1738,54.8463],[-132.1772,55.2848],[-132.5547,55.4531],[-132.6881,55.6492]]],[[[-135.4661,57.2292],[-134.9457,56.4535],[-134.7638,56.7937],[-135.0023,57.3258],[-135.4412,57.4275],[-135.4661,57.2292]]],[[[-163.2624,55.171],[-163.1997,55.0427],[-162.968,54.9487],[-162.8006,54.9962],[-162.7876,55.1516],[-163.0909,55.2727],[-163.2624,55.171]]],[[[-162.2238,55.4977],[-162.5846,55.3887],[-162.5462,55.1453],[-162.2183,55.1324],[-161.6959,55.3769],[-161.5751,55.4786],[-160.8671,55.5748],[-160.5278,55.5416],[-160.3557,55.6571],[-160.676,55.7649],[-161.3181,55.8791],[-161.8105,55.7831],[-162.2238,55.4977]]],[[[-170.032,63.537],[-169.545,63.359],[-169.163,63.297],[-169.3329,63.3973],[-170.032,63.537]]],[[[-170.22,63.206],[-170.246,63.286],[-170.869,63.461],[-170.22,63.206]]],[[[-171.72,63.745],[-171.9716,63.7285],[-172.0523,63.5995],[-171.851,63.509],[-171.72,63.745]]],[[[-170.707,63.654],[-171.2286,63.6512],[-171.645,63.715],[-171.544,63.615],[-170.903,63.573],[-170.707,63.654]]],[[[-153.1778,57.8253],[-153.3959,57.8043],[-153.4248,57.6397],[-153.7313,57.4269],[-154.1886,57.6314],[-154.5852,57.3637],[-154.5926,57.1448],[-154.1601,56.9817],[-153.8778,56.9413],[-153.4921,57.0513],[-153.1771,57.4074],[-152.9116,57.49],[-152.3783,57.5184],[-152.6795,57.7645],[-153.1778,57.8253]]],[[[-135.147,57.5992],[-135.115,57.6746],[-135.3249,58.0927],[-135.6718,58.0439],[-136.0245,58.215],[-136.3001,58.1801],[-136.5964,57.9049],[-136.237,57.7273],[-135.8164,57.4542],[-135.8217,57.7555],[-135.5425,57.7218],[-135.147,57.5992]]],[[[-141.0593,69.5955],[-141.704,69.7344],[-142.8025,70.0903],[-143.3076,70.1968],[-144.3603,70.1334],[-145.2725,70.1164],[-146.1826,70.2681],[-147.7235,70.3267],[-148.7406,70.494],[-149.2863,70.5392],[-150.6386,70.4751],[-152.1371,70.5339],[-152.6512,70.8185],[-152.9712,70.934],[-154.4613,70.9932],[-155.0999,71.0773],[-155.4748,70.8519],[-156.138,70.9281],[-156.0432,71.223],[-156.474,71.3544],[-156.9047,71.3459],[-157.8119,70.9714],[-158.8552,70.8843],[-159.3694,70.8988],[-160.2403,70.8585],[-160.2483,70.7656],[-159.9096,70.6041],[-159.9047,70.4269],[-161.1876,70.4399],[-161.6974,70.3312],[-162.1772,70.2842],[-162.8791,69.9991],[-163.5107,69.5042],[-163.7142,69.2239],[-164.0672,69.0647],[-164.8902,68.935],[-166.2968,68.8796],[-166.3354,68.6614],[-166.8435,68.4052],[-165.94,68.1598],[-164.5127,67.7967],[-163.826,67.4482],[-163.7387,67.2183],[-162.5987,67.1612],[-161.9357,67.0884],[-161.7956,66.7486],[-161.2184,66.7276],[-160.0323,66.5676],[-160.1252,66.3393],[-160.5847,66.3164],[-161.2614,66.396],[-161.6268,66.2263],[-162.2751,66.071],[-162.7585,66.0628],[-163.37,66.1056],[-163.8431,66.1781],[-163.7824,66.5385],[-164.4631,66.5962],[-165.5214,66.366],[-165.9972,66.2034],[-167.0242,65.9595],[-167.73,65.863],[-168.1798,65.6939],[-166.9991,65.4917],[-166.1387,65.3548],[-165.6633,65.2465],[-165.8638,65.1661],[-166.6038,65.1501],[-166.6685,65.0846],[-166.586,64.7304],[-166.3477,64.6371],[-165.7407,64.559],[-165.1712,64.5457],[-164.5999,64.6188],[-163.8834,64.5913],[-163.0252,64.4417],[-162.8019,64.4709],[-162.1366,64.7892],[-161.2906,64.9641],[-160.9022,64.8132],[-160.7897,64.6403],[-160.9439,64.5248],[-161.3729,64.4664],[-161.0063,64.1579],[-160.89,63.8568],[-160.9739,63.6418],[-161.133,63.5628],[-161.9108,63.5256],[-162.4745,63.4102],[-162.9701,63.1025],[-163.3086,63.0377],[-164.2918,63.2498],[-164.467,63.171],[-165.0296,62.6504],[-165.4312,62.4295],[-165.5792,62.1388],[-165.8021,62.0393],[-165.8341,61.8343],[-166.1895,61.7489],[-165.8981,61.2703],[-165.4233,61.2642],[-164.5393,60.9497],[-164.3017,60.9432],[-163.8949,61.0422],[-163.6888,60.9233],[-163.52,60.7063],[-163.627,60.601],[-163.9378,60.6145],[-164.8447,60.8159],[-165.128,60.5422],[-165.0476,60.4165],[-164.5942,60.2078],[-164.0274,59.7982],[-163.5364,59.8408],[-163.3538,59.9314],[-163.0218,59.9667],[-162.3781,60.1631],[-161.9891,59.7119],[-161.9252,59.518],[-162.0601,59.2893],[-162.0039,58.8266],[-161.9382,58.7233],[-161.646,58.6825],[-161.1171,58.7455],[-160.8276,58.8978],[-160.4305,59.0022],[-159.8136,58.9412],[-159.1101,58.4875],[-158.8565,58.4536],[-158.9731,58.7703],[-158.9119,58.8739],[-158.5167,58.9989],[-158.2914,58.7302],[-157.9874,58.717],[-157.1394,58.8558],[-157.2419,58.4911],[-157.5537,58.2703],[-157.6646,57.9334],[-157.6653,57.6042],[-157.7851,57.5081],[-158.4507,57.2127],[-158.6621,57.0756],[-158.6173,56.7481],[-159.2487,56.781],[-159.7759,56.5823],[-160.1139,56.323],[-160.4573,56.1999],[-160.6074,55.9619],[-160.1694,55.8066],[-159.0769,55.992],[-158.7381,56.1896],[-158.5267,56.4485],[-157.9803,56.6539],[-157.7475,56.7702],[-156.9934,56.9149],[-156.4958,57.1002],[-156.4507,57.1755],[-156.6846,57.4007],[-156.3694,57.5656],[-155.9032,57.7173],[-155.5981,57.8962],[-154.6493,58.0765],[-154.2139,58.428],[-153.6823,58.6425],[-153.455,58.8773],[-153.6644,58.9805],[-154.1269,59.0417],[-154.2982,59.1174],[-154.2823,59.2488],[-153.976,59.5192],[-153.7098,59.6444],[-153.1522,59.7425],[-152.8987,59.8956],[-152.8189,60.1324],[-152.8777,60.2789],[-152.561,60.3842],[-152.1897,60.6577],[-151.731,60.7847],[-151.3419,60.9537],[-151.0841,61.1507],[-150.7806,61.2919],[-150.3112,61.3139],[-149.3169,60.9294],[-149.4247,60.8591],[-149.9128,60.9143],[-150.4372,60.9063],[-150.8284,60.8004],[-151.1596,60.6597],[-151.2304,60.4706],[-151.415,60.2537],[-151.783,59.995],[-151.4899,59.711],[-151.448,59.5379],[-151.7723,59.3573],[-151.881,59.1635],[-151.388,59.2128],[-150.501,59.6158],[-150.0211,59.7138],[-149.5812,59.9852],[-149.3256,60.0275],[-148.6999,59.9036],[-148.4935,59.904],[-148.3009,60.1061],[-148.2575,60.2806],[-148.3361,60.4132],[-148.8397,60.5451],[-148.7278,60.7273],[-148.4659,60.8679],[-148.4926,61.0643],[-148.189,61.1],[-147.9401,61.2059],[-147.638,61.0519],[-147.2701,60.9403],[-146.5783,60.8365],[-145.9984,60.6624],[-145.8932,60.5157],[-145.4927,60.3836],[-145.1384,60.4542],[-145.0029,60.5524],[-144.8108,60.3151],[-144.4064,60.0926],[-144.053,60.0514],[-143.0837,60.0742],[-142.4246,60.0197],[-141.9585,60.0415],[-141.7471,60.1325],[-141.4394,60.0912],[-141.3852,59.8966],[-140.9045,59.7865],[-140.1329,59.7672],[-139.5726,59.9],[-139.3998,59.8309],[-139.3674,59.63],[-139.7851,59.5184],[-139.2001,59.2773],[-138.7802,59.1814],[-138.4457,59.1619],[-138.2012,59.0305],[-137.5767,58.6042],[-137.085,58.4468],[-136.3561,58.5239],[-136.3703,58.6202],[-136.9388,58.9432],[-136.3901,58.8408],[-136.1484,58.9033],[-135.7383,58.47],[-135.3003,58.3745],[-135.3257,58.5809],[-135.5148,58.9735],[-135.4695,59.3397],[-135.3086,59.347],[-135.1438,59.1675],[-135.0459,58.9054],[-134.8303,58.5612],[-134.1235,58.2392],[-133.8404,57.9994],[-133.6403,57.9654],[-133.4741,57.8423],[-133.6413,57.7391],[-133.3408,57.3768],[-133.4004,57.2195],[-132.8713,57.0156],[-132.5593,56.7025],[-132.101,56.3494],[-132.2792,56.1316],[-132.2556,55.85],[-131.767,56.01],[-131.1905,56.0348],[-130.8924,55.7692],[-130.6954,55.4654],[-130.7734,55.0662],[-130.5457,54.9097],[-130.4129,55.0207],[-130.065,55.1021],[-130.0027,55.2885],[-130.1796,55.6382],[-130.1064,55.9926],[-130.2874,56.1075],[-131.1988,56.4508],[-131.7249,56.6052],[-131.9554,56.7819],[-132.707,57.6287],[-133.5028,58.4243],[-133.8693,58.6851],[-134.7911,59.214],[-135.1155,59.5806],[-135.2577,59.6703],[-135.6322,59.7031],[-135.8548,59.6463],[-136.1838,59.422],[-136.7349,59.1205],[-137.1163,59.0283],[-137.2233,58.8822],[-137.6486,59.1852],[-138.6214,59.7781],[-138.778,59.9096],[-139.0051,60.2584],[-139.3379,60.2847],[-140.4288,60.2299],[-140.807,60.263],[-140.8949,60.3888],[-140.9351,60.8597],[-140.9466,61.835],[-140.9273,63.7855],[-140.9155,64.7677],[-140.9738,66.0258],[-140.9972,67.0767],[-141.0145,68.0933],[-141.0131,69.3782],[-141.0593,69.5955]]],[[[-179.501,68.954],[-180,68.98],[-180,68.069],[-180,67.069],[-180,66.069],[-180,65.069],[-179.57,65.262],[-179.533,65.435],[-179.327,65.626],[-179.736,65.789],[-179.823,65.952],[-179.696,66.183],[-179.242,66.197],[-178.543,66.163],[-178.81,65.867],[-178.454,65.696],[-178.563,65.516],[-178.369,65.476],[-177.699,65.476],[-177.068,65.61],[-176.078,65.47],[-175.931,65.402],[-175.781,65.161],[-175.816,64.958],[-175.449,64.784],[-174.846,64.778],[-174.123,64.554],[-174.016,64.413],[-173.436,64.333],[-173.191,64.254],[-172.359,64.424],[-172.462,64.555],[-172.748,64.596],[-172.869,64.73],[-172.782,64.851],[-172.133,65.072],[-172.349,65.269],[-172.419,65.575],[-171.709,65.512],[-170.677,65.608],[-170.529,65.673],[-170.588,65.864],[-170.158,66.015],[-169.813,65.991],[-169.701,66.125],[-170.142,66.157],[-170.246,66.272],[-170.513,66.309],[-170.745,66.46],[-171.302,66.631],[-171.423,66.774],[-171.709,66.857],[-171.726,66.955],[-172.536,66.97],[-172.819,66.909],[-173.224,66.975],[-173.257,67.076],[-173.633,67.128],[-174.125,66.989],[-174.009,66.675],[-174.302,66.586],[-174.196,66.464],[-174.377,66.361],[-174.613,66.581],[-175,66.671],[-174.743,66.773],[-174.956,67.1],[-174.837,67.389],[-175.218,67.449],[-175.464,67.707],[-176.97,68.134],[-177.246,68.154],[-177.951,68.29],[-178.041,68.426],[-178.738,68.539],[-178.788,68.717],[-179.413,68.839],[-179.501,68.954]]]]},"properties":{"NAME":"Russian Empire","ABBREVN":"Russia","SUBJECTO":"Russian Empire","BORDERPRECISION":3,"PARTOF":"Russian Empire"}},
{"type":"Feature","geometry":{"type":"MultiPolygon","coordinates":[[[[-94.0606,29.6991],[-93.4455,29.7678],[-93.0422,29.6923],[-92.6433,29.5787],[-92.1167,29.5416],[-91.9783,29.6254],[-92.2278,29.8021],[-91.951,29.832],[-91.429,29.5431],[-91.2404,29.3209],[-90,29.1087],[-89.9779,29.4062],[-89.6223,29.2843],[-89.4982,29.0957],[-89.2715,29.058],[-89.0315,29.119],[-89.2917,29.367],[-89.5589,29.4325],[-89.677,29.5912],[-89.686,29.7057],[-89.38,29.8734],[-89.6843,30.0904],[-89.8667,30.1317],[-90,30.0387],[-90,30.39],[-89.7107,30.1834],[-89.5355,30.2083],[-89.2328,30.406],[-88.3429,30.3888],[-88.1418,30.328],[-88.0346,30.6794],[-87.7746,30.2628],[-87.404,30.3074],[-87.383,30.4416],[-87.0891,30.359],[-86.6155,30.4107],[-86.3887,30.4727],[-86.2896,30.3676],[-86.0576,30.2346],[-85.7192,30.2035],[-85.4867,30.0387],[-85.4276,29.7597],[-85.3048,29.6639],[-84.7638,29.7986],[-84.5587,29.9579],[-84.3174,30.092],[-84.1238,30.1242],[-83.8862,30.0483],[-83.4924,29.6868],[-83.1182,29.2425],[-82.8949,29.1857],[-82.7789,29.1097],[-82.647,28.9065],[-82.7181,28.437],[-82.8413,27.838],[-82.7165,27.7446],[-82.5047,27.9277],[-82.4508,27.7244],[-82.6196,27.5276],[-82.7527,27.5276],[-82.5839,27.3106],[-82.3101,26.8249],[-82.1423,26.8668],[-82.0776,26.5511],[-81.8873,26.4478],[-81.8366,26.0791],[-81.7447,25.9207],[-81.401,25.8587],[-81.1456,25.3782],[-81.0979,25.125],[-80.8689,25.187],[-80.738,25.1302],[-80.3141,25.2439],[-80.354,25.5482],[-80.2144,25.7347],[-80.05,26.5511],[-80.0779,26.9231],[-80.2285,27.2383],[-80.4472,27.7756],[-80.6055,28.561],[-81.0259,29.2637],[-81.2311,29.6564],[-81.4054,30.0726],[-81.5115,30.7272],[-81.182,31.6404],[-80.5806,32.4968],[-80.2219,32.5357],[-79.7171,32.7974],[-79.3485,33.1097],[-79.2041,33.4597],[-78.8989,33.702],[-78.6211,33.8107],[-77.9629,33.9328],[-77.6852,34.264],[-77.2959,34.6666],[-76.6218,34.763],[-76.3058,34.9788],[-76.6242,35.0321],[-76.6525,35.1002],[-76.4995,35.2808],[-76.5158,35.4674],[-76.141,35.3845],[-76.0268,35.4733],[-75.8842,35.6866],[-75.7082,35.7488],[-75.7292,35.8821],[-76.0677,36.048],[-76.3247,35.9829],[-76.5092,36.0569],[-76.3404,36.1518],[-76.0937,36.2051],[-75.7933,36.1369],[-75.896,36.3977],[-75.9065,36.7653],[-75.9746,36.9372],[-76.5032,37.0291],[-76.723,37.2011],[-76.921,37.2664],[-76.8523,37.3583],[-76.6388,37.2693],[-76.4173,37.0291],[-76.2831,37.0558],[-76.3771,37.2901],[-76.2585,37.3731],[-76.3142,37.732],[-76.2152,37.9426],[-76.5143,38.1177],[-76.9435,38.2512],[-76.6079,38.2898],[-76.324,38.1088],[-76.4083,38.3966],[-76.3838,38.4589],[-76.5379,38.7854],[-76.4055,39.0852],[-76.5866,39.3109],[-76.2601,39.201],[-76.1495,39.0674],[-76.1117,38.8448],[-76.0076,38.6667],[-76.3261,38.539],[-76.2227,38.361],[-76.0435,38.2927],[-75.8459,38.4263],[-75.6675,37.8981],[-75.8661,37.7142],[-76.0199,37.3257],[-75.8685,37.2812],[-75.652,37.5511],[-75.4308,37.993],[-75.0421,38.4975],[-75.0887,38.8418],[-75.2149,38.8715],[-75.3888,39.1327],[-75.4011,39.4237],[-75.1332,39.2455],[-74.94,39.2515],[-74.8601,38.9902],[-74.5206,39.3524],[-74.4139,39.4178],[-74.1528,39.7652],[-73.9457,40.4468],[-74.1945,40.4885],[-74.1769,40.6419],[-73.7405,40.9775],[-73.3865,41.1386],[-72.8544,41.2937],[-71.4492,41.4251],[-71.4098,41.7236],[-71.1936,41.6758],[-71.1732,41.5265],[-70.9671,41.5624],[-70.8955,41.6818],[-70.7608,41.6938],[-70.6416,41.5922],[-69.922,41.7236],[-69.991,41.867],[-70.3021,41.7594],[-70.4816,41.8072],[-70.5062,41.9865],[-70.7759,42.3032],[-71.0544,42.357],[-70.8475,42.5603],[-70.7594,42.7099],[-70.8681,42.8714],[-70.6863,43.0989],[-70.5363,43.4042],[-70.3782,43.4521],[-70.3059,43.6199],[-70.1873,43.6378],[-70.2165,43.7996],[-69.9693,43.8116],[-69.8261,43.7517],[-69.6797,43.8835],[-69.5066,43.8955],[-69.3945,44.0933],[-69.2489,43.9914],[-69.0947,44.1413],[-68.7817,44.6272],[-68.8041,44.3932],[-68.5043,44.2972],[-68.4666,44.4412],[-68.131,44.5672],[-68.0524,44.4112],[-67.908,44.4772],[-67.7382,44.6632],[-67.5373,44.6092],[-67.1689,44.7112],[-66.9389,44.8793],[-67.1868,45.2523],[-67.3213,45.5649],[-67.594,45.669],[-67.5592,45.7722],[-67.6985,47.041],[-67.7769,47.1645],[-67.9964,47.2938],[-68.343,47.305],[-68.5274,47.2257],[-68.6989,47.2639],[-69.0491,47.4644],[-69.3333,47.2279],[-69.5645,46.9461],[-70.077,45.9471],[-70.5894,45.2946],[-71.1118,45.3502],[-71.2929,45.3232],[-71.5346,44.9586],[-72.0267,45.0013],[-72.8616,45.0032],[-74.7824,45.0122],[-75.4585,44.6397],[-76.1329,44.3267],[-76.2811,44.1435],[-76.0854,43.9661],[-76.289,43.8498],[-76.1739,43.6252],[-76.2743,43.5312],[-76.519,43.4593],[-76.9375,43.237],[-77.3893,43.2696],[-77.5795,43.2164],[-77.8458,43.3498],[-78.5034,43.362],[-79.14,43.2221],[-79.0502,42.8523],[-78.8749,42.8043],[-79.1984,42.5707],[-80.0734,42.1534],[-80.5664,41.9698],[-81.0429,41.8361],[-81.3968,41.699],[-81.8108,41.4948],[-82.1308,41.482],[-82.5676,41.4045],[-82.7973,41.5153],[-83.0337,41.5626],[-83.4499,41.7539],[-83.2637,42.0021],[-83.056,42.027],[-83.0405,42.2434],[-82.5362,42.6122],[-82.2978,43.0287],[-82.4647,43.1954],[-82.6581,43.8396],[-82.9207,44.0573],[-83.294,43.9542],[-83.5899,43.6651],[-83.7441,43.6207],[-83.917,43.7844],[-83.8716,43.9202],[-83.6465,44.0339],[-83.5478,44.1987],[-83.3856,44.3127],[-83.2859,44.6188],[-83.3014,44.8406],[-83.4213,44.9744],[-83.3687,45.0681],[-83.4309,45.275],[-83.6365,45.3917],[-84.1151,45.5278],[-84.3552,45.6738],[-84.6338,45.751],[-84.7468,45.8544],[-84.6942,45.9842],[-83.9716,45.9505],[-83.8207,46.1504],[-84.2773,46.2658],[-84.4402,46.4587],[-84.7231,46.4477],[-84.7436,46.4684],[-85.0149,46.5578],[-84.9818,46.7012],[-85.1002,46.7487],[-85.6678,46.6748],[-85.9931,46.6722],[-86.2779,46.6057],[-86.5221,46.4754],[-86.7345,46.4411],[-86.9148,46.5029],[-87.2726,46.5119],[-87.7605,46.8639],[-88.4566,46.9197],[-88.2827,47.1425],[-87.8812,47.4617],[-88.2993,47.3991],[-88.5596,47.279],[-88.8396,47.0927],[-89.3114,46.8814],[-89.6984,46.8244],[-90.2766,46.625],[-90.5274,46.6031],[-90.7048,46.6884],[-90.8318,46.944],[-91.558,46.7615],[-91.8682,46.7078],[-92.111,46.7337],[-91.8969,46.8908],[-91.1503,47.3676],[-90.4567,47.7051],[-89.622,47.9684],[-90,47.9723],[-90,48.2485],[-91.1409,48.2149],[-91.3261,48.1288],[-91.6821,48.0387],[-91.91,48.083],[-92.1498,48.2048],[-92.2581,48.3267],[-92.4841,48.3322],[-92.839,48.5151],[-93.4802,48.6085],[-93.7132,48.5744],[-94.0877,48.7775],[-94.424,49.1513],[-94.8273,49.4876],[-95.0528,49.4717],[-94.8198,49.0507],[-96.335,49.0391],[-98.2009,49.0488],[-100.4598,49.0433],[-102.6702,49.0511],[-104.2615,49.0557],[-106.4396,49.0637],[-108.4607,49.0594],[-110.1801,49.0698],[-110.6703,49.0541],[-112.529,49.0638],[-115.1646,49.0562],[-117.2152,49.0583],[-118.9872,49.0619],[-121.0518,49.0508],[-122.9003,49.0672],[-122.6056,48.8347],[-122.3744,48.2661],[-122.3453,48.0767],[-122.4859,47.6064],[-122.6628,47.469],[-122.7483,47.2622],[-122.944,47.4228],[-123.1834,47.4883],[-122.8084,47.8276],[-122.826,48.0235],[-123.072,48.1667],[-123.2589,48.2056],[-123.793,48.198],[-124.1461,48.2496],[-124.6753,48.3858],[-124.7261,48.1178],[-124.3088,47.4593],[-124.1696,46.9407],[-124.1307,46.6686],[-124.1586,46.3505],[-124.0542,46.2898],[-124.0037,46.05],[-124.0638,45.8363],[-123.9947,45.7641],[-124.0717,45.0479],[-124.3313,44.072],[-124.3017,43.9236],[-124.1373,43.666],[-124.3017,43.3433],[-124.4828,43.2527],[-124.6297,43.014],[-124.5607,42.602],[-124.3059,42.0548],[-118.925,42.0548],[-110.2144,42.0548],[-110.2144,38.3531],[-109.2487,38.1922],[-107.4783,38.1922],[-104.0985,37.5484],[-102.3281,37.7093],[-100.2358,37.7093],[-100.2037,36.4827],[-100.2037,35.4053],[-100.2037,34.5435],[-100.092,34.5334],[-99.8978,34.3612],[-99.773,34.4014],[-99.4164,34.3233],[-99.3899,34.1965],[-99.1547,34.1953],[-98.6897,34.0455],[-98.5674,34.14],[-98.3721,34.0972],[-98.2878,33.9858],[-98.0691,33.8323],[-97.8649,33.9737],[-97.7926,33.8869],[-97.5763,33.8024],[-97.459,33.8466],[-97.3295,33.6999],[-97.1276,33.9421],[-97.0698,33.8361],[-96.8324,33.8353],[-96.626,33.759],[-96.3815,33.7434],[-96.3526,33.82],[-95.9767,33.8268],[-95.7558,33.8724],[-95.4988,33.8556],[-95.4228,33.9445],[-95.1723,33.8438],[-95.0733,33.729],[-94.8521,33.6799],[-94.593,33.5297],[-94.2469,33.5352],[-94.2462,31.9821],[-94.1054,31.858],[-93.998,31.6849],[-94.0429,31.5819],[-93.8961,31.42],[-93.891,31.2937],[-93.7521,31.1693],[-93.7298,30.9125],[-93.835,30.6608],[-93.9423,30.5238],[-93.8964,30.118],[-93.9432,30.0068],[-94.1323,29.7799],[-94.0606,29.6991]],[[-87.6816,42.0226],[-87.7832,42.2036],[-87.8149,42.4161],[-87.7766,42.66],[-87.9084,43.1918],[-87.7558,43.5754],[-87.7146,43.8761],[-87.5637,44.1295],[-87.487,44.4415],[-87.3433,44.8177],[-87.5438,44.8623],[-87.7182,44.6951],[-87.9435,44.5646],[-87.9906,44.6714],[-87.8762,44.8782],[-87.6207,45.0221],[-87.6068,45.1074],[-87.1948,45.5699],[-86.7201,45.8672],[-86.5426,45.8578],[-86.4112,45.7713],[-86.2955,45.9053],[-85.8375,45.9542],[-85.5512,46.0616],[-85.3818,46.0748],[-84.9484,45.9678],[-84.763,45.8167],[-84.9586,45.7605],[-85.0746,45.6124],[-85.0765,45.4831],[-84.9519,45.4082],[-85.2506,45.3141],[-85.3692,45.2026],[-85.4234,44.8981],[-85.6379,44.8294],[-85.5506,45.1467],[-85.8735,44.9385],[-86.0018,44.9172],[-86.2142,44.7039],[-86.3297,44.2749],[-86.4534,44.1299],[-86.4518,43.8823],[-86.5138,43.6808],[-86.4697,43.4955],[-86.2426,42.9879],[-86.2301,42.6166],[-86.3718,42.2482],[-86.5178,42.0351],[-86.8418,41.766],[-87.2245,41.6346],[-87.3751,41.6344],[-87.5538,41.7662],[-87.6816,42.0226]]],[[[-72.2786,41.1172],[-72.3508,41.1408],[-72.6472,40.9797],[-73.1461,40.9592],[-73.2267,40.9105],[-73.5894,40.9205],[-73.9114,40.795],[-74.0331,40.6475],[-73.6181,40.5944],[-73.5611,40.6453],[-72.8678,40.7561],[-72.5428,40.8256],[-72.2786,41.1172]]]]},"properties":{"NAME":"United States","ABBREVN":"United States","SUBJECTO":"United States","BORDERPRECISION":3,"PARTOF":"United States"}},
{"type":"Feature","geometry":{"type":"MultiPolygon","coordinates":[[[[124.1339,39.8431],[124.209,39.7383],[124.4428,39.573],[124.9223,39.6186],[125.2065,39.4853],[125.2961,39.3643],[125.0279,38.8156],[125.2937,38.6887],[125.2686,38.5676],[124.9294,38.4649],[124.7362,38.2798],[124.6937,38.1395],[124.7697,37.9359],[125.077,37.7709],[125.2694,37.4847],[125.5617,37.8355],[125.7412,37.785],[125.909,37.5115],[126.2097,37.7541],[126.4189,37.5925],[126.6292,37.5914],[126.6564,37.4111],[126.7661,37.2319],[126.7614,36.97],[126.4992,37.0497],[126.3208,36.878],[126.1844,36.8783],[126.1236,36.7092],[126.4972,36.7239],[126.4644,36.5747],[126.5444,36.1364],[126.6736,36.0047],[126.62,35.8886],[126.7519,35.7783],[126.4794,35.64],[126.4917,35.5097],[126.3783,35.3122],[126.3597,35.0692],[126.4336,34.9636],[126.3714,34.7892],[126.6202,34.6242],[126.2883,34.5903],[126.4633,34.4847],[126.4783,34.3453],[126.6003,34.3003],[126.8008,34.4631],[126.8969,34.4492],[127.0097,34.6022],[127.2167,34.7075],[127.3153,34.4436],[127.51,34.5786],[127.3639,34.7514],[127.5225,34.8569],[127.5542,34.6561],[127.7478,34.7275],[127.5764,34.8869],[127.7674,34.9603],[128.0561,34.9308],[128.4519,34.8455],[128.4772,35.0539],[128.5728,35.17],[128.735,35.0928],[129.1369,35.1122],[129.4394,35.4758],[129.5839,35.9889],[129.3869,36.036],[129.3819,36.3086],[129.4505,36.5064],[129.4169,36.6167],[129.475,36.7744],[129.4336,37.0589],[129.3425,37.2572],[129.0664,37.6244],[128.6411,38.1172],[128.3636,38.6252],[128.2696,38.4205],[127.956,38.6941],[127.4046,39.0753],[127.2769,39.2217],[127.4408,39.6237],[127.6715,39.8664],[127.9313,39.9562],[128.2362,39.9696],[128.4466,40.0659],[129.0148,40.5275],[129.177,40.6302],[129.4778,40.682],[129.6311,41.2778],[129.5907,41.4699],[129.6413,41.6558],[129.8247,41.8614],[130.4351,42.2768],[130.2259,42.6513],[129.9656,42.9574],[129.7405,42.8985],[129.5682,42.7374],[129.4645,42.4166],[129.0345,42.1774],[128.7555,42.0606],[128.31,42.0774],[128.1603,42.1342],[127.984,42.1076],[127.8608,41.9982],[127.8493,41.8445],[128.0985,41.4494],[127.8615,41.3777],[127.4228,41.3562],[126.9724,41.5391],[126.8493,41.7175],[126.4742,41.6515],[126.1655,41.1894],[125.8795,40.945],[125.415,40.6997],[124.7251,40.4277],[124.4911,40.2796],[124.1339,39.8431]]],[[[126.5994,33.2333],[126.843,33.3083],[126.9411,33.4539],[126.7931,33.5508],[126.3175,33.4528],[126.1705,33.2625],[126.3308,33.2255],[126.5994,33.2333]]],[[[126.1797,34.3511],[126.3828,34.4719],[126.2389,34.57],[126.1019,34.425],[126.1797,34.3511]]],[[[128.743,34.788],[128.7111,34.9767],[128.5019,34.8875],[128.743,34.788]]]]},"properties":{"NAME":"Korea","ABBREVN":"Korea","SUBJECTO":"Korea","BORDERPRECISION":3,"PARTOF":"Korea"}},
{"type":"Feature","geometry":{"type":"Polygon","coordinates":[[[13.672,54.569],[13.225,54.634],[13.232,54.486],[13.118,54.334],[13.25,54.258],[13.508,54.343],[13.672,54.569]]]},"properties":{"NAME":null,"ABBREVN":null,"SUBJECTO":null,"BORDERPRECISION":3,"PARTOF":null}},
{"type":"Feature","geometry":{"type":"Polygon","coordinates":[[[14.764,55.306],[14.678,55.102],[15.043,54.995],[15.149,55.129],[14.764,55.306]]]},"properties":{"NAME":null,"ABBREVN":null,"SUBJECTO":null,"BORDERPRECISION":3,"PARTOF":null}},
{"type":"Feature","geometry":{"type":"Polygon","coordinates":[[[23.174,58.676],[23.071,58.588],[23.227,58.53],[23.347,58.639],[23.174,58.676]]]},"properties":{"NAME":null,"ABBREVN":null,"SUBJECTO":null,"BORDERPRECISION":3,"PARTOF":null}},
{"type":"Feature","geometry":{"type":"Polygon","coordinates":[[[23.206,58.445],[22.917,58.616],[22.502,58.602],[22.112,58.492],[21.884,58.252],[22.201,58.145],[22.475,58.242],[22.757,58.24],[23.206,58.445]]]},"properties":{"NAME":null,"ABBREVN":null,"SUBJECTO":null,"BORDERPRECISION":3,"PARTOF":null}},
{"type":"Feature","geometry":{"type":"Polygon","coordinates":[[[22.948,58.844],[22.952,58.967],[22.576,59.069],[22.229,58.878],[22.446,58.838],[22.48,58.7],[22.948,58.844]]]},"properties":{"NAME":null,"ABBREVN":null,"SUBJECTO":null,"BORDERPRECISION":3,"PARTOF":null}},
{"type":"Feature","geometry":{"type":"Polygon","coordinates":[[[23.181,59.042],[23.181,58.961],[23.381,58.976],[23.326,59.037],[23.181,59.042]]]},"properties":{"NAME":null,"ABBREVN":null,"SUBJECTO":null,"BORDERPRECISION":3,"PARTOF":null}},
{"type":"Feature","geometry":{"type":"Polygon","coordinates":[[[20.123,60.081],[20.004,60.051],[20.137,59.992],[20.212,60.06],[20.123,60.081]]]},"properties":{"NAME":null,"ABBREVN":null,"SUBJECTO":null,"BORDERPRECISION":3,"PARTOF":null}},
{"type":"Feature","geometry":{"type":"Polygon","coordinates":[[[20.295,60.121],[20.216,60.139],[20.205,60.081],[20.271,60.057],[20.295,60.121]]]},"properties":{"NAME":null,"ABBREVN":null,"SUBJECTO":null,"BORDERPRECISION":3,"PARTOF":null}},
{"type":"Feature","geometry":{"type":"Polygon","coordinates":[[[19.565,60.249],[19.512,60.181],[19.543,60.128],[19.673,60.15],[19.565,60.249]]]},"properties":{"NAME":null,"ABBREVN":null,"SUBJECTO":null,"BORDERPRECISION":3,"PARTOF":null}},
{"type":"Feature","geometry":{"type":"Polygon","coordinates":[[[20.067,60.296],[19.931,60.277],[19.772,60.081],[20.044,60.086],[19.914,60.217],[20.067,60.296]]]},"properties":{"NAME":null,"ABBREVN":null,"SUBJECTO":null,"BORDERPRECISION":3,"PARTOF":null}},
{"type":"Feature","geometry":{"type":"Polygon","coordinates":[[[20.442,60.248],[20.341,60.241],[20.387,60.193],[20.442,60.248]]]},"properties":{"NAME":null,"ABBREVN":null,"SUBJECTO":null,"BORDERPRECISION":3,"PARTOF":null}},
{"type":"Feature","geometry":{"type":"Polygon","coordinates":[[[11.044,54.518],[11.021,54.439],[11.313,54.407],[11.243,54.496],[11.044,54.518]]]},"properties":{"NAME":null,"ABBREVN":null,"SUBJECTO":null,"BORDERPRECISION":3,"PARTOF":null}},
{"type":"Feature","geometry":{"type":"MultiPolygon","coordinates":[[[[-22.4741,65.9964],[-22.9109,65.9444],[-23.3411,66.1337],[-23.6083,65.9796],[-23.267,65.7249],[-23.9726,65.6871],[-24.2189,65.5337],[-24.1469,65.4393],[-23.6785,65.3167],[-22.8137,65.4709],[-22.3616,65.4499],[-21.9548,65.378],[-21.7289,65.1825],[-21.9783,64.9503],[-22.7784,64.8552],[-23.1356,64.8473],[-23.6112,64.7457],[-23.5083,64.559],[-22.5536,64.6255],[-22.2786,64.6188],[-22.0862,64.4396],[-21.4885,64.3761],[-21.8041,64.1104],[-22.5066,63.8658],[-22.3729,63.7732],[-21.5475,63.7176],[-20.8799,63.7403],[-20.4039,63.6983],[-19.8267,63.4783],[-18.9608,63.3375],[-18.6419,63.3238],[-17.9441,63.4248],[-17.5915,63.6893],[-16.5338,63.7841],[-15.6341,64.0575],[-15.2665,64.2802],[-14.8212,64.195],[-14.5975,64.2671],[-14.3659,64.4756],[-14.3481,64.6695],[-13.6942,64.7786],[-13.5256,65.1833],[-13.6469,65.4953],[-14.4001,65.5667],[-14.7541,65.6971],[-14.6407,65.9453],[-14.7633,66.0547],[-15.0708,66.0614],[-15.574,66.2068],[-15.8599,66.4187],[-16.3852,66.4544],[-16.3757,66.1321],[-16.568,66.0293],[-16.9221,65.9776],[-17.5697,66.0129],[-18.0225,66.0778],[-17.861,65.8371],[-18.1279,65.7855],[-18.6763,66.0912],[-19.1654,66.0026],[-19.2745,65.9293],[-19.1559,65.7253],[-19.556,65.7683],[-19.9733,66.1107],[-20.2174,66.0006],[-20.1684,65.5559],[-20.8306,65.3656],[-21.0797,65.2054],[-21.4947,65.568],[-21.2962,65.6994],[-21.2425,65.8818],[-21.4432,66.1299],[-21.7791,66.2537],[-22.2098,66.2896],[-22.6764,66.3913],[-22.8411,66.281],[-22.4741,65.9964]]],[[[10.5581,57.7451],[9.8493,57.5818],[9.4487,57.2276],[9.3024,57.1658],[8.6613,57.1041],[8.3589,57.0227],[8.1835,56.7985],[8.4709,56.5969],[8.7781,56.7985],[8.847,56.9863],[9.0785,57.0368],[9.503,56.9751],[10.2566,57.0059],[10.4628,57.2417],[10.4012,57.5059],[10.5581,57.7451]]],[[[9.496,54.9383],[9.5439,55.3513],[9.811,55.437],[9.897,55.28],[10.153,55.084],[10.498,55.029],[10.74,55.067],[10.835,55.294],[10.744,55.497],[10.6,55.483],[10.31,55.617],[9.905,55.506],[10.0071,55.7304],[10.1471,55.7649],[10.2299,55.9509],[10.1752,56.0759],[10.4425,56.1509],[10.4961,56.0336],[10.7507,56.0973],[10.8887,56.3687],[10.8258,56.4433],[10.3138,56.4695],[10.2297,56.6051],[10.2162,56.8498],[9.8346,56.8899],[9.3701,56.8823],[9.3119,56.4811],[9.1359,56.4604],[9.0027,56.6572],[8.8686,56.6161],[8.6749,56.3577],[8.3088,56.4792],[8.1834,56.4315],[8.1166,56.0923],[8.317,55.8489],[8.0346,55.4759],[8.319,55.4811],[8.5596,55.3561],[8.6451,55.069],[8.6161,54.8874],[9.496,54.9383]]],[[[12.0526,55.7031],[11.9625,55.5813],[11.7281,55.6619],[11.5677,55.8848],[11.2963,55.6746],[11.1019,55.6337],[11.2854,55.1886],[11.7672,55.176],[11.9696,54.9542],[12.4297,55.2447],[12.1584,55.3791],[12.4091,55.5483],[12.4692,55.7106],[12.444,55.9677],[12.088,55.967],[12.0526,55.7031]]],[[[-27.912,70.2825],[-28.3845,70.458],[-28.0835,70.8973],[-27.6061,71.0682],[-26.3294,71.1324],[-25.6949,71.273],[-25.8496,71.4357],[-26.7875,71.5583],[-26.1202,71.6686],[-25.2913,71.5689],[-24.3864,71.1825],[-24.0402,70.7737],[-23.7537,70.5896],[-23.0842,70.4679],[-22.2032,70.4849],[-21.7138,70.3861],[-21.4708,70.5323],[-21.5918,71.211],[-21.726,71.4046],[-22.0297,71.4351],[-22.4309,71.3412],[-22.6485,71.7452],[-22.8178,71.8697],[-23.9196,72.1885],[-25.073,72.6344],[-25.7782,72.6095],[-26.4601,72.7265],[-27.0377,72.7491],[-27.3572,72.8591],[-27.5164,73.0963],[-27.4406,73.287],[-26.8266,73.4075],[-25.7629,73.3538],[-25.0099,73.4746],[-24.0764,73.7557],[-23.4938,73.5093],[-22.8203,73.3275],[-22.2692,73.2649],[-21.7085,73.2739],[-21.4405,73.3937],[-20.8796,73.4425],[-20.3296,73.4196],[-20.3536,73.8106],[-21.1525,73.9933],[-21.7809,74.0162],[-22.0288,74.104],[-21.7623,74.3055],[-20.5022,74.2274],[-19.7162,74.2128],[-19.051,74.3347],[-18.8987,74.4398],[-19.0709,74.6089],[-19.8206,74.745],[-20.6158,74.9543],[-20.6792,75.3082],[-20.5118,75.3582],[-19.5616,75.2277],[-19.1935,75.4435],[-19.1998,75.6928],[-19.5702,76.11],[-19.8835,76.1766],[-21.217,76.2666],[-21.751,76.3666],[-22.3777,76.6359],[-22.2502,76.8058],[-21.7733,76.8238],[-21.1827,76.6975],[-20.5606,76.9112],[-19.9779,76.9463],[-18.8829,76.8888],[-18.057,76.8053],[-17.9201,77.0611],[-18.2534,77.3001],[-19.0644,77.2386],[-20.1049,77.3825],[-20.2351,77.5112],[-19.9437,77.6411],[-19.0857,77.5996],[-19.1773,77.8242],[-20.3913,77.9867],[-20.7767,77.9686],[-21.382,77.5866],[-21.7676,77.7673],[-21.7,77.9235],[-20.8788,78.8179],[-20.0682,78.8018],[-19.7632,78.8731],[-19.4813,79.4603],[-19.1768,79.613],[-18.1023,79.6689],[-17.7677,79.7774],[-17.7692,79.9666],[-20.2674,79.9989],[-20.0447,80.2397],[-19.045,80.4262],[-16.9196,80.411],[-16.4409,80.451],[-15.7344,80.6978],[-15.0126,80.8577],[-14.2019,81.2101],[-12.6445,81.3858],[-12.7051,81.6213],[-14.2525,81.8354],[-15.4988,81.9057],[-16.4654,81.9036],[-17.2897,81.6528],[-17.9635,81.5177],[-19.3174,81.597],[-20.0654,81.5235],[-21.1817,81.2866],[-23.3388,80.623],[-23.9117,80.5628],[-24.1096,80.7694],[-23.5329,81.0999],[-22.0529,81.5398],[-21.7979,81.757],[-22.0636,81.9648],[-22.9476,81.9002],[-24.8766,81.5954],[-25.9747,81.8311],[-27.8905,81.8479],[-28.8907,81.7937],[-30.6513,81.8107],[-32.4145,81.6516],[-32.7487,81.7647],[-32.5981,81.9736],[-31.1347,82.1981],[-29.0164,82.2345],[-28.3914,82.3104],[-25.4572,82.221],[-22.59,82.4191],[-22.2319,82.5596],[-22.4324,82.7433],[-24.1026,82.9255],[-25.3236,82.9999],[-26.4208,83.3423],[-29.936,83.5035],[-30.7572,83.479],[-31.5937,83.5791],[-32.5132,83.577],[-34.4269,83.403],[-36.4871,83.5113],[-38.5872,83.3824],[-38.4521,83.17],[-38.5872,82.8277],[-40.1946,82.9668],[-41.8811,83.2628],[-43.8125,83.0803],[-44.8941,83.0779],[-45.2129,82.9667],[-43.9554,82.4905],[-44.3228,81.8231],[-45.5252,81.8205],[-47.3192,82.0891],[-49.6476,82.4781],[-50.7724,82.4971],[-50.9054,82.3681],[-49.846,81.8113],[-50.6261,81.7888],[-52.3643,82.1205],[-52.816,82.1301],[-53.0104,81.68],[-53.6635,81.4626],[-53.7679,82.2446],[-54.5752,82.3281],[-57.0681,82.0892],[-58.1333,82.0132],[-57.8196,81.7838],[-57.074,81.5477],[-57.4442,81.4239],[-60.0387,81.8833],[-61.1224,81.7976],[-60.9517,81.3655],[-61.1118,81.1824],[-62.2513,81.1195],[-62.7748,81.1587],[-63.7254,81.0862],[-66.5217,80.7113],[-67.1428,80.5621],[-67.4103,80.2107],[-66.4194,79.9819],[-65.8996,80.0692],[-65.0237,80.0518],[-64.6232,79.9492],[-64.8905,79.3824],[-65.4849,79.1582],[-67.9691,79.1268],[-68.8385,78.9741],[-69.2663,78.7962],[-72.0188,78.5792],[-72.3832,78.5257],[-72.5254,78.1661],[-71.8884,77.9494],[-71.0452,77.9163],[-70.3795,77.6661],[-69.6875,77.5551],[-68.9532,77.6342],[-67.8518,77.5931],[-66.8047,77.7768],[-66.1534,77.5532],[-66.1778,77.398],[-66.7838,77.2593],[-67.7363,77.1889],[-69.2521,77.2117],[-70.6184,77.2778],[-71.1839,77.2595],[-71.4483,77.1219],[-70.5,76.8333],[-69.851,76.792],[-68.3763,76.7778],[-68.1444,76.5998],[-69.0448,76.2938],[-67.6191,76.019],[-67.0367,75.9362],[-66.5404,75.9707],[-66.6839,76.3067],[-65.4745,76.0986],[-64.8359,76.167],[-63.6508,76.3799],[-62.4676,76.34],[-61.5075,76.2575],[-59.7835,75.9165],[-58.6357,75.7933],[-58.2285,75.6106],[-58.2053,75.2952],[-57.7743,75.0895],[-56.9394,74.919],[-56.6795,74.7006],[-56.1822,74.1206],[-55.7793,73.7045],[-55.3535,73.3463],[-54.7304,73.0376],[-54.5582,72.8716],[-54.6261,72.7213],[-55.3661,72.7278],[-55.2976,72.1612],[-55.4296,71.8713],[-55.6264,71.7304],[-55.4766,71.4891],[-55.0124,71.3346],[-54.3816,71.3047],[-53.9882,71.4141],[-53.3229,71.8908],[-52.8134,71.7434],[-52.0368,71.698],[-51.7201,71.5896],[-52.198,71.3554],[-51.6754,71.2244],[-51.4038,71.0236],[-51.3264,70.823],[-50.9392,70.5772],[-50.7995,70.3854],[-51.1528,70.3233],[-52.3675,70.6669],[-52.6898,70.6817],[-53.6281,70.8186],[-54.158,70.8099],[-54.3735,70.7247],[-53.6663,70.357],[-52.9091,70.2894],[-51.6365,69.9402],[-51.1171,69.9411],[-50.5726,69.8663],[-50.4566,69.7376],[-50.6944,69.5329],[-50.7674,69.3364],[-50.3665,69.1939],[-50.2665,68.9532],[-50.8744,68.9446],[-50.9538,68.5393],[-51.2137,68.4789],[-51.6787,68.5005],[-52.3369,68.6641],[-52.6912,68.6634],[-52.8425,68.5058],[-52.6834,68.4537],[-51.5605,68.2316],[-50.491,67.9726],[-50.3567,67.8909],[-50.4911,67.6454],[-50.4771,67.4822],[-51.876,67.6651],[-52.26,67.7386],[-52.8079,67.7748],[-53.319,67.6178],[-53.4941,67.4735],[-53.1703,67.2858],[-53.4496,67.0844],[-53.2673,66.9224],[-52.3032,66.9095],[-52.448,66.6073],[-53.2217,66.5309],[-53.3481,66.3243],[-52.8604,66.3532],[-52.7297,66.2764],[-53.1084,66.034],[-53.1025,65.8732],[-52.8354,65.6549],[-52.536,65.4952],[-52.1869,65.5177],[-52.0777,65.3724],[-51.9402,64.6568],[-51.9574,64.3766],[-51.8048,64.2333],[-51.2797,64.4281],[-50.9937,64.6154],[-50.1445,64.7393],[-50.0199,64.6101],[-50.0426,64.4376],[-50.439,64.2431],[-50.9879,64.0915],[-51.266,63.9264],[-51.3658,63.726],[-51.1005,63.4695],[-50.6167,63.4348],[-50.5909,63.15],[-50.4658,63.0507],[-49.8575,62.9665],[-50.0959,62.668],[-50.1589,62.4624],[-50.0479,62.3141],[-49.6115,62.1947],[-49.4013,62.2163],[-49.1164,62.1038],[-49.1483,61.7723],[-48.9155,61.421],[-48.5679,61.2461],[-47.9692,61.0369],[-47.8224,60.7782],[-47.6305,60.5968],[-47.1594,60.8564],[-46.0719,60.9424],[-45.7709,61.1041],[-45.4603,60.8946],[-45.6217,60.6006],[-45.362,60.4615],[-44.8562,60.3787],[-44.6822,60.2884],[-44.7531,60.0307],[-44.4674,59.7609],[-44.2761,60.0316],[-44.0523,60.1642],[-43.5788,59.9357],[-43.1436,59.8188],[-43.0145,59.8329],[-42.962,60.0341],[-43.1541,60.3053],[-43.4971,60.479],[-42.7849,60.5292],[-42.8171,61.0256],[-43.0373,61.2917],[-42.6703,61.2643],[-42.4783,61.3068],[-42.3062,61.7289],[-42.2714,62.1944],[-42.9191,62.4619],[-43.226,62.6809],[-42.7395,62.6889],[-42.2988,62.7394],[-41.8344,62.6906],[-41.7891,62.8468],[-41.9156,63.1236],[-41.4345,63.0392],[-41.227,63.253],[-41.3782,63.5234],[-40.8939,63.5244],[-40.5162,63.7821],[-40.6912,63.9319],[-41.4841,64.2742],[-41.0111,64.3324],[-40.4724,64.3478],[-40.3507,64.5275],[-40.4836,64.6854],[-41.0603,65.0375],[-39.8978,64.9529],[-39.7269,64.9965],[-39.6863,65.1706],[-39.992,65.5333],[-38.9894,65.5716],[-38.4674,65.6454],[-38.1103,65.821],[-37.9367,66.004],[-37.9249,66.2088],[-38.0418,66.3992],[-37.5673,66.3194],[-37.1548,66.3202],[-37.5789,65.5451],[-37.0479,65.7428],[-36.3244,65.7223],[-35.9719,65.8469],[-35.7745,66.1031],[-35.708,66.3522],[-35.2477,66.2285],[-34.7823,66.266],[-34.4331,66.384],[-33.9601,66.7669],[-33.214,67.47],[-32.956,67.641],[-32.2675,67.8652],[-32.0372,67.9847],[-32.3555,68.4542],[-32.0188,68.4474],[-31.6346,68.2538],[-31.3547,68.0456],[-30.7365,67.9276],[-30.305,67.9805],[-29.9945,68.3914],[-29.8254,68.4141],[-29.3997,68.2281],[-28.4212,68.4167],[-27.9591,68.4774],[-26.9636,68.5017],[-26.3621,68.66],[-25.8016,68.8636],[-25.3244,69.0899],[-24.8966,69.3921],[-24.3333,69.3328],[-22.7323,69.7741],[-22.1575,70.0561],[-23.0089,70.0927],[-23.5874,70.084],[-24.5847,70.304],[-25.4533,70.2871],[-26.252,70.1784],[-27.4749,70.2068],[-27.912,70.2825]]],[[[-21.9061,72.0512],[-21.8821,72.365],[-22.2505,72.498],[-23.131,72.6775],[-23.7984,72.6605],[-23.5854,72.4404],[-22.8328,72.269],[-22.1457,72.0273],[-21.9061,72.0512]]],[[[-53.0375,70.0366],[-53.6167,70.1578],[-54.5937,70.2402],[-54.7227,70.0869],[-54.6869,69.707],[-54.4859,69.5636],[-53.5515,69.2784],[-52.5211,69.4766],[-51.8774,69.5307],[-51.8129,69.6216],[-52.084,69.7725],[-52.7012,69.9154],[-53.0375,70.0366]]],[[[12.072,54.786],[11.847,54.956],[11.709,54.937],[11.899,54.719],[12.072,54.786]]],[[[11.834,54.661],[11.845,54.77],[11.564,54.822],[11.276,54.95],[11.014,54.896],[11.032,54.756],[11.456,54.619],[11.834,54.661]]]]},"properties":{"NAME":"Denmark","ABBREVN":"Denmark","SUBJECTO":"Denmark","BORDERPRECISION":3,"PARTOF":"Denmark"}},
{"type":"Feature","geometry":{"type":"MultiPolygon","coordinates":[[[[31.0538,69.6396],[30.7354,69.7524],[30.3613,69.7668],[29.7286,69.6976],[29.5559,69.8334],[29.08,69.9612],[28.7301,70.1359],[29.7349,70.1149],[30.2519,70.1311],[30.7988,70.308],[30.7542,70.4304],[30.462,70.5373],[29.7412,70.605],[28.9843,70.8574],[28.7948,70.8648],[28.3889,70.5718],[28.2897,70.3722],[27.8754,70.4251],[27.9853,70.717],[28.3084,70.9486],[28.2112,71.0179],[27.516,70.9703],[27.1311,70.5771],[26.6174,70.392],[26.6065,70.9146],[26.2627,70.7907],[25.574,70.3671],[25.263,70.1065],[25.0741,70.1444],[25.2307,70.5582],[25.8321,70.8978],[25.389,70.9046],[24.5705,70.7414],[24.2077,70.4719],[23.8273,70.4788],[23.5084,70.2791],[23.2036,69.9428],[22.7456,70.1706],[22.3064,70.2156],[21.9081,69.804],[21.412,70.0154],[21.1027,69.8177],[20.3583,69.7104],[20.1577,69.7478],[19.8212,69.3697],[19.58,69.1811],[18.9848,69.3154],[18.5532,69.2469],[18.3191,69.3594],[18.0974,69.058],[17.5659,68.9744],[17.4069,68.7715],[16.8548,68.5578],[17.1264,68.4161],[17.0333,68.3376],[16.5219,68.3409],[16.6485,68.0457],[16.4116,67.8742],[16.0711,68.0447],[15.5722,67.8207],[15.7618,67.6763],[15.3845,67.4644],[14.9762,67.5229],[14.5692,67.3293],[14.7777,67.2165],[14.0547,66.9746],[13.7472,66.9224],[13.9916,66.6875],[13.3832,66.679],[13.1686,66.4583],[13.581,66.1881],[13.1519,66.1361],[13.0874,65.8804],[12.7091,65.9089],[12.2841,65.4349],[12.4962,65.3845],[12.5265,65.109],[12.1121,65.1299],[11.8956,64.9127],[11.4065,64.617],[11.3641,64.416],[10.9966,64.4942],[10.0662,64.0555],[9.8701,63.8764],[9.8321,63.6836],[9.4409,63.4975],[9.2161,63.2836],[8.9572,63.404],[8.6059,63.3251],[8.258,63.0543],[7.9892,62.9403],[7.6065,62.9041],[7.0882,62.9102],[7.1016,62.7046],[7.5467,62.5993],[7.2893,62.4856],[6.613,62.5833],[6.5325,62.3357],[6.3084,62.2858],[6.0535,62.3348],[5.8236,62.179],[5.5646,62.1503],[5.4257,62.0093],[5.8339,61.8194],[5.149,61.7409],[5.141,61.3896],[5.0183,61.3051],[5.1196,61.1371],[5.387,61.0256],[5.1085,60.9061],[4.9804,60.6892],[5.0755,60.5917],[5.4558,60.5924],[5.5511,60.5089],[5.0962,60.2641],[5.2791,60.1253],[5.8941,60.1613],[5.8058,59.9493],[5.5433,59.8243],[5.694,59.7529],[5.6462,59.5865],[5.3826,59.7113],[5.0866,59.5092],[5.1766,59.3074],[5.5285,59.2659],[5.7171,59.3371],[6.0326,59.2007],[5.7719,59.0762],[5.7937,58.9163],[5.531,58.8808],[5.3997,58.7152],[5.6155,58.4552],[5.8738,58.4316],[6.2313,58.2782],[6.6517,58.172],[6.9586,57.9717],[8.1537,58.0895],[8.1752,58.172],[8.9217,58.5379],[9.3716,58.7861],[9.3462,58.8453],[9.6976,58.9992],[9.9376,58.94],[10.1723,58.9874],[10.5493,59.3786],[10.8292,59.1058],[11.1121,59.1651],[11.1789,59.0703],[11.0392,58.9104],[11.1404,58.8512],[11.2214,58.3083],[11.4067,58.3313],[11.8019,58.1779],[11.6098,57.8069],[11.8811,57.509],[12.2886,56.8799],[12.526,56.7804],[12.6575,56.6108],[12.8716,56.5115],[12.6524,56.2955],[12.4144,56.243],[12.699,55.9051],[12.9859,55.6666],[12.8024,55.3529],[13.3019,55.3007],[13.8233,55.4218],[14.1172,55.3471],[14.2864,55.5155],[14.126,55.6666],[14.2589,55.8993],[14.6529,56.1206],[15.2208,56.0804],[15.497,56.1672],[15.7705,56.0332],[16.3762,56.8224],[16.3945,57.0743],[16.4942,57.2789],[16.6587,57.443],[16.4765,57.7021],[16.4595,57.8952],[16.7246,57.8893],[16.7735,58.0379],[16.744,58.312],[16.5132,58.4281],[16.4429,58.6344],[17.0807,58.6499],[17.3567,58.743],[17.5822,58.893],[17.9401,58.9085],[18.0157,59.0379],[18.372,59.1571],[18.2734,59.2867],[17.8617,59.24],[17.3581,59.2452],[17.2658,59.3385],[16.9998,59.3593],[16.5232,59.5825],[17.0706,59.5461],[17.368,59.4683],[18.0301,59.3593],[18.6393,59.5669],[19.0373,59.8632],[18.8931,59.9257],[18.8041,60.1084],[18.4169,60.1816],[17.9307,60.5903],[17.7065,60.5536],[17.3176,60.7531],[17.1462,60.9528],[17.1502,61.1977],[17.0652,61.5384],[17.387,61.6584],[17.4968,62.0881],[17.2902,62.4407],[17.7181,62.3567],[17.9363,62.548],[17.8682,62.7886],[18.3032,62.7894],[18.4866,62.9812],[18.785,63.138],[19.0759,63.2025],[19.3182,63.4448],[19.6703,63.3885],[20.7007,63.8181],[21.0489,64.2192],[21.3858,64.3846],[20.9212,64.7138],[21.3294,64.8944],[21.4894,65.0172],[21.2773,65.2123],[21.5223,65.3723],[21.9575,65.4457],[22.2016,65.7153],[22.6456,65.9348],[23.204,65.6808],[23.9477,65.7967],[23.7495,66.0398],[23.6561,66.2804],[23.8812,66.6406],[23.8682,66.8169],[23.4579,67.4119],[23.4877,67.8343],[22.9127,68.1882],[22.2007,68.2815],[21.7125,68.4132],[21.1333,68.7092],[20.7906,68.9323],[21.246,69.2275],[21.6251,69.237],[22.4598,68.6935],[22.7012,68.6349],[23.3362,68.6158],[24.0818,68.7168],[24.8007,68.429],[25.0628,68.5947],[25.6254,68.8071],[25.7456,69.258],[25.8625,69.4544],[26.1177,69.6442],[26.5073,69.8125],[27.9087,69.8877],[28.4149,69.6937],[28.717,69.6424],[29.1133,69.486],[29.133,69.3656],[28.7397,68.9504],[29.0074,68.8318],[29.4628,69.1342],[29.9236,69.3546],[30.6408,69.4185],[31.0538,69.6396]]],[[[20.3442,79.7963],[21.9708,79.7829],[21.6549,79.4781],[20.9833,79.3609],[20.9983,79.1911],[23.8205,79.1475],[24.4163,79.3122],[25.3367,79.403],[26.067,79.5741],[27.1968,79.9444],[26.9486,80.1137],[26.2544,80.1989],[25.034,80.1675],[24.7829,80.3797],[23.0768,80.2406],[20.9737,80.275],[20.5245,80.3224],[19.9154,80.6334],[19.0676,80.165],[18.3306,79.8824],[19.2181,79.7402],[20.3442,79.7963]]],[[[13.3967,79.4337],[13.2522,79.8007],[12.0003,79.7714],[11.2843,79.7071],[10.9194,79.5452],[11.3352,79.2071],[12.157,79.3154],[12.5248,79.0586],[11.7603,78.8802],[12.0746,78.6957],[13.0621,78.3468],[13.6184,78.2692],[14.3528,78.4279],[14.819,78.7185],[16.617,78.4673],[15.9209,78.2649],[14.3365,78.0268],[13.9051,77.9999],[14.131,77.7664],[14.8934,77.7852],[16.418,77.9006],[16.7116,77.7886],[16.2868,77.6152],[14.7779,77.5348],[14.4846,77.3709],[15.0989,77.1153],[16.6629,76.7269],[17.267,76.8129],[17.4849,77.2481],[17.8294,77.4889],[18.3886,77.5416],[18.7868,77.9398],[19.1158,78.4545],[19.4291,78.5866],[20.3212,78.685],[20.9081,78.8094],[19.9319,79.1082],[19.1516,79.2309],[18.5487,79.5597],[17.7222,79.4866],[17.8341,79.8095],[16.3263,80.0251],[15.9166,79.8418],[16.082,79.5282],[16.3888,79.2346],[15.7741,79.2423],[14.8101,79.8037],[14.3166,79.7219],[14.1589,79.3638],[13.3967,79.4337]]],[[[16.572,56.372],[16.77,56.796],[16.617,56.874],[16.393,56.529],[16.572,56.372]]]]},"properties":{"NAME":"Sweden–Norway","ABBREVN":"Sweden–Norway","SUBJECTO":"","BORDERPRECISION":3,"PARTOF":""}},
{"type":"Feature","geometry":{"type":"Polygon","coordinates":[[[18.7858,49.892],[18.7685,50.1793],[18.646,50.6445],[18.1401,50.9877],[18.1131,51.7707],[18.0051,51.8787],[17.897,52.1757],[18.0861,52.3918],[18.4641,52.3918],[18.5991,52.4998],[18.5181,52.6618],[18.5721,52.8238],[18.7611,52.9318],[18.8421,53.0668],[19.2849,53.1651],[19.5787,53.0787],[20.0108,53.0441],[20.0972,53.1824],[20.4774,53.1305],[20.702,53.3206],[21.1168,53.2688],[22.8066,53.8076],[22.7397,53.9499],[22.6625,54.5709],[22.7935,54.9024],[22.5839,55.0094],[21.684,55.3535],[21.2755,55.8611],[20.9454,56.07],[20.996,56.0241],[21.0185,55.634],[21.2163,55.3437],[21.143,55.2558],[21.2239,55.1114],[21.1373,54.8455],[20.9852,54.8116],[19.9426,54.8499],[19.8632,54.7517],[20.0057,54.5475],[20.1886,54.522],[19.7331,54.3103],[19.3281,54.1615],[19.255,54.2772],[18.965,54.2276],[18.5132,54.3158],[18.4538,54.5254],[18.2794,54.7241],[17.6576,54.6855],[16.9759,54.5493],[16.4732,54.415],[16.1147,54.1996],[15.8984,54.1284],[15.3117,54.071],[14.4729,53.8768],[14.5653,53.6936],[14.4332,53.5942],[14.0097,53.6732],[13.7805,53.7752],[13.7378,54.0303],[13.431,54.0302],[13.0638,54.1937],[12.9431,54.347],[12.4625,54.2548],[12.7063,54.0894],[12.9003,54.0247],[12.771,53.7014],[13.1428,53.7822],[13.2559,53.5721],[13.4014,53.7014],[13.8055,53.6044],[13.7247,53.2811],[13.6116,53.2811],[13.5307,53.0871],[13.2721,53.0225],[13.1428,52.877],[13.3044,52.6507],[13.0943,52.6669],[12.8357,52.9417],[12.7872,52.8932],[12.0921,53.2003],[11.8173,53.2165],[11.4617,53.0871],[11.397,53.1518],[11.0807,52.971],[11.1477,52.8119],[10.9216,52.7784],[10.7039,52.8203],[10.5281,52.7366],[10.5029,52.3514],[10.5783,52.2425],[10.5113,51.8824],[10.1931,51.7652],[10.2108,51.6629],[10.1514,51.6365],[10.1802,51.5964],[10.55,51.575],[10.6913,51.6178],[10.9727,51.5843],[10.765,51.4437],[10.4696,51.4892],[10.1617,51.4724],[9.6487,51.3082],[9.9286,51.1046],[10.1185,51.004],[10.3196,51.004],[10.543,51.0823],[10.6771,50.7247],[10.8,51.1605],[11.3028,51.2163],[11.4033,51.0711],[11.5598,51.1493],[11.7832,50.9147],[11.9508,50.8588],[12.0647,51.0231],[12.1272,51.2481],[12.0272,51.3481],[12.0647,51.5107],[12.2897,51.5732],[12.3647,51.4857],[12.6273,51.6107],[12.9273,51.5482],[13.0773,51.5732],[13.7149,51.4982],[14.115,51.4857],[14.24,51.5357],[14.7151,51.4106],[15.0093,51.0556],[15.267,51.023],[15.3088,50.906],[15.4722,50.8326],[15.8183,50.7973],[16.0009,50.656],[16.3531,50.7049],[16.4428,50.6234],[16.2044,50.4632],[16.4514,50.352],[16.585,50.1812],[16.728,50.1486],[17.0115,50.2869],[16.8844,50.4225],[17.0144,50.4768],[17.3597,50.3357],[17.6788,50.3383],[17.7507,50.036],[18.048,50.1026],[18.1878,50.0213],[18.7858,49.892]],[[11.0591,51.5575],[11.0666,51.7473],[11.3903,51.7696],[11.7923,52.0562],[11.9337,52.0934],[12.1607,51.8403],[11.9858,51.7398],[11.997,51.5947],[11.8034,51.5649],[11.2452,51.658],[11.0591,51.5575]],[[10.3371,51.3491],[10.7242,51.364],[10.6125,51.1556],[10.3111,51.1779],[10.3371,51.3491]]]},"properties":{"NAME":"Prussia","ABBREVN":"Prussia","SUBJECTO":"Prussia","BORDERPRECISION":3,"PARTOF":"Prussia"}},
{"type":"Feature","geometry":{"type":"Polygon","coordinates":[[[14.0699,53.9178],[13.7784,54.0444],[13.8278,53.8297],[14.0699,53.9178]]]},"properties":{"NAME":"Prussia","ABBREVN":"Prussia","SUBJECTO":"Prussia","BORDERPRECISION":3,"PARTOF":"Prussia"}},
{"type":"Feature","geometry":{"type":"Polygon","coordinates":[[[20.263,49.887],[20.1795,50.1467],[19.2075,50.2529],[18.7685,50.1793],[18.7858,49.892],[20.263,49.887]]]},"properties":{"NAME":"Republic of Kraków","ABBREVN":"Republic of Kraków","SUBJECTO":"Republic of Kraków","BORDERPRECISION":3,"PARTOF":"Republic of Kraków"}},
{"type":"Feature","geometry":{"type":"Polygon","coordinates":[[[20.263,49.887],[24.2573,50.1593],[26.0364,49.6338],[26.0781,49.1224],[26.1627,48.9406],[27.1077,48.6436],[27.1077,48.8326],[27.4858,48.6706],[27.6478,48.7516],[27.7061,48.4397],[28.0125,48.3092],[28.1147,48.2184],[28.3473,48.1503],[28.9082,47.8184],[29.1156,47.2827],[29.4267,46.8161],[30.0661,46.2804],[30.4328,46.1757],[30.8329,46.5766],[31.5377,46.7014],[31.781,46.7019],[31.9513,46.8646],[32.1888,46.5922],[31.9259,46.4099],[32.2022,46.1704],[32.5164,46.1256],[33.3325,46.1661],[33.5279,46.1341],[33.6388,45.9268],[32.9023,45.6726],[32.5032,45.4451],[32.6434,45.3806],[33.0135,45.3814],[33.3979,45.2527],[33.5167,45.1235],[33.5594,44.9361],[33.3955,44.6005],[33.6602,44.5237],[34.0137,44.4921],[34.135,44.5375],[34.3722,44.7572],[34.6142,44.8415],[35.0673,44.8617],[35.3867,45.0819],[35.5996,45.1017],[35.8655,45.0311],[36.2648,45.0966],[36.3671,45.1615],[36.521,45.3883],[36.3232,45.4397],[35.8498,45.4452],[35.3167,45.3212],[35.0634,45.3401],[34.99,45.45],[35.0081,45.6119],[34.1273,46.0639],[33.8391,46.1931],[34.0642,46.2649],[34.9068,46.273],[35.0464,46.3577],[35.2124,46.6371],[35.4161,46.4947],[35.6243,46.5211],[35.8506,46.6644],[36.354,46.7758],[36.8646,46.8093],[37.1926,46.8944],[37.4221,47.0769],[37.8593,47.1037],[39.1599,47.2689],[39.2824,47.074],[38.7227,46.8779],[38.4011,46.7214],[37.8666,46.6554],[37.7571,46.6032],[37.9702,46.4413],[38.2649,46.3186],[38.459,46.0789],[37.9899,46.0067],[37.7061,45.5784],[37.6613,45.3452],[37.2277,45.312],[36.9599,45.2274],[37.3179,44.9242],[37.4739,44.6924],[37.8804,44.7189],[38.1092,44.4938],[38.277,44.4232],[38.5561,44.3851],[38.9237,44.2119],[40.2516,43.2682],[40.5571,43.1466],[40.9693,43.0767],[41.1226,43.0191],[41.4097,42.7882],[41.5027,42.6085],[41.6518,42.1206],[41.6661,41.7292],[41.484,41.4365],[42.2501,41.369],[42.6938,41.5637],[42.8784,41.5455],[43.9568,42.5912],[44.2972,42.6124],[44.4142,42.7294],[44.6695,42.7614],[44.8716,42.6656],[44.978,42.772],[45.2971,42.6763],[45.4779,42.5486],[45.8077,42.538],[45.8609,42.4741],[45.7545,42.2508],[46.0417,42.0487],[46.4991,41.9636],[46.6693,41.8146],[46.8501,41.8359],[46.914,41.7508],[47.2224,41.57],[47.3501,41.4423],[47.3501,41.304],[47.8181,41.1977],[47.9883,41.2189],[48.2237,41.4711],[47.2486,42.7849],[47.1948,43.3759],[47.4934,43.5832],[47.5653,43.844],[47.3315,44.1856],[47.1427,44.3385],[46.8459,44.4464],[46.8729,44.6802],[47.1697,44.86],[47.5563,45.4535],[47.6552,45.5434],[47.6732,45.7502],[47.871,45.6783],[48.3026,45.7682],[48.6353,45.975],[48.8331,45.9211],[48.8331,46.0829],[49.0579,46.1369],[49.2378,46.2628],[49.5345,46.5415],[49.9481,46.5595],[50.2718,46.6854],[50.6315,46.9102],[50.8204,46.9192],[51.1171,47.063],[51.3689,47.09],[51.7915,47.0091],[51.9353,46.8922],[52.1422,46.8382],[52.3759,46.8742],[52.5558,46.9821],[53.0234,46.9192],[53.1852,46.8652],[53.2841,46.6764],[53.1223,46.4966],[53.2572,46.3167],[53.1492,45.957],[52.8345,45.6423],[52.8435,45.5075],[53.0593,45.4535],[53.2691,45.3351],[53.5297,45.2808],[58.6133,46.7869],[65.3279,50.3883],[66.5306,50.6366],[71.8843,51.7417],[75.4633,51.6632],[77.0583,52.2327],[78.65,50.8057],[81.4791,50.2913],[84.4369,50.5485],[91.124,52.4774],[93.5674,52.3489],[95.1874,53.7955],[95.8658,53.7955],[97.3194,52.8265],[97.6101,52.1481],[98.9176,52.037],[99.2954,51.9465],[99.7582,51.9027],[101.0112,51.6717],[101.7724,51.4252],[102.1174,51.3611],[102.1822,51.2692],[102.1842,51.0256],[102.2657,50.809],[102.639,50.4562],[103.3779,50.2173],[103.6808,50.1664],[104.7969,50.4086],[105.1551,50.4433],[106.3229,50.4167],[106.6685,50.3135],[107.5491,49.8271],[108.0583,49.6862],[108.4235,49.5185],[109.0169,49.4042],[109.424,49.2955],[110.1999,49.241],[111.3783,49.319],[112.5245,49.462],[113.0331,49.6539],[113.2347,49.8312],[113.5744,50.0552],[114.0983,50.2743],[114.5226,50.2963],[114.8555,50.2259],[115.1937,49.9983],[115.7337,49.864],[116.2862,49.9976],[116.566,50.0056],[116.9841,49.8446],[117.4905,49.5863],[117.842,49.6338],[118.9403,49.9725],[119.2912,50.125],[119.3217,50.3677],[119.1639,50.5244],[119.1823,50.7017],[119.3722,50.8933],[119.8598,51.4881],[120.129,51.7334],[120.746,52.0071],[120.8211,52.3642],[120.7731,52.4763],[120.5636,52.6142],[119.9427,52.591],[119.9965,52.7038],[120.7022,53.1845],[121.1878,53.3197],[122.0224,53.3838],[122.3987,53.4389],[123.3526,53.5103],[123.8694,53.4134],[124.336,53.197],[124.6432,53.1125],[125.2666,53.1688],[125.5092,53.1568],[125.8527,52.9465],[126.1864,52.5181],[126.6756,51.4451],[127.099,50.7306],[127.5159,49.8744],[127.712,49.6993],[127.94,49.6092],[128.5012,49.4557],[129.1866,49.3421],[130.3836,48.9642],[130.4758,48.8996],[130.8074,47.9329],[130.9245,47.7323],[132.2687,47.7784],[132.9694,48.0159],[133.5803,48.1555],[134.1117,48.2493],[134.5178,48.2644],[134.6284,48.2131],[134.7097,47.9213],[134.7174,47.6942],[134.1653,47.3346],[133.909,46.6144],[133.6667,46.1347],[133.3848,45.6488],[132.989,45.1436],[132.7776,44.9877],[132.5314,45.0315],[131.9178,45.2409],[131.7395,45.2593],[130.9905,44.8174],[130.9692,44.5668],[131.1184,44.163],[131.1467,43.868],[131.1396,43.2266],[131.0695,43.0788],[130.8397,42.8853],[130.2259,42.6513],[130.4351,42.2768],[131.0646,42.7492],[131.5842,43.2127],[131.8652,43.2904],[131.6746,43.0266],[131.8831,43.072],[132.1818,43.1946],[132.3331,42.9637],[132.4847,42.8805],[132.8274,42.8619],[132.9528,42.6695],[133.312,42.7794],[134.1389,42.993],[134.5686,43.2122],[134.9624,43.515],[135.4148,44.0368],[135.6928,44.224],[136.034,44.3984],[136.1792,44.5468],[136.2851,44.753],[136.4941,44.966],[137.7205,45.9967],[137.9846,46.2693],[138.3516,46.8732],[138.9493,47.3224],[139.0467,47.6152],[139.2137,47.8106],[140.081,48.5026],[140.3282,49.3579],[140.457,50.104],[140.3235,50.5178],[140.4045,50.8274],[140.7303,51.4413],[141.1263,51.8716],[141.2571,52.1035],[141.1606,52.2092],[140.9395,52.2618],[141.0905,52.5869],[141.032,52.7261],[140.8282,52.8252],[141.1212,53.0516],[140.7023,53.2769],[140.3213,53.5356],[140.1025,53.8017],[139.8059,53.9611],[139.378,54.0804],[138.4168,54.0919],[138.4095,53.8051],[138.234,53.5716],[137.9794,53.4646],[137.2392,53.4565],[137.1217,53.5894],[137.3829,53.8098],[137.0407,53.8625],[136.7702,53.6954],[136.4871,53.6548],[136.3507,53.7012],[136.3435,53.8878],[136.4916,54.4555],[136.1964,54.475],[135.7258,54.4073],[135.0945,54.4328],[134.902,54.5594],[134.9852,54.8539],[135.2695,55.0287],[136.5213,55.5899],[137.2291,55.9827],[137.6019,56.2403],[138.3459,56.8042],[138.8668,57.1245],[139.2938,57.3362],[140.0287,57.6441],[140.5874,58.2393],[141.3496,58.5009],[141.5908,58.7275],[141.9238,58.9409],[142.3578,59.141],[142.8459,59.2725],[143.3029,59.2665],[144.3898,59.3099],[144.8457,59.2832],[145.4041,59.3255],[145.5128,59.0369],[145.6526,58.9754],[145.957,58.9829],[146.054,59.2511],[146.3074,59.286],[146.9996,59.191],[147.9192,59.2615],[148.4161,59.0974],[148.7472,59.2974],[148.7284,59.4763],[149.0453,59.5872],[149.7296,59.5953],[150.1201,59.3895],[150.2787,59.3622],[150.6634,59.4318],[151.1402,59.4396],[151.5236,59.3439],[151.8573,59.0558],[151.0562,58.9238],[151.0075,58.7933],[151.3545,58.6911],[151.6907,58.7535],[152.1912,58.9259],[152.5042,58.7687],[152.8283,58.9477],[153.1399,59.0101],[153.4541,58.9489],[153.9244,58.9223],[154.3871,59.04],[154.9059,59.1028],[154.7528,59.2812],[154.1818,59.3008],[153.9445,59.3967],[153.943,59.5688],[154.3157,59.9833],[154.6933,60.199],[155.1518,60.3944],[155.7339,60.5554],[155.6667,60.778],[156.4184,61.1213],[156.4232,61.401],[157.098,61.6334],[158.8413,61.784],[159.1064,61.7073],[159.2311,61.5463],[159.4546,61.5608],[159.9658,61.765],[160.1493,61.6602],[159.7435,61.0996],[159.8155,60.9811],[160.2356,60.947],[160.0071,60.5913],[160.1188,60.5636],[160.645,60.7178],[161.5358,61.1868],[162.2352,61.5099],[162.7488,61.609],[162.7106,61.7632],[163.0092,62.1783],[162.9902,62.3261],[163.3403,62.4113],[164.1377,62.5327],[165.0672,62.4357],[165.2857,62.2881],[164.2772,62.2229],[164.0083,62.1309],[163.9259,61.955],[163.9423,61.7374],[163.5757,61.3305],[163.8314,61.2331],[163.7927,61.1282],[163.4448,60.8903],[163.3293,60.6949],[162.3811,60.4636],[161.8179,60.268],[161.5352,59.9417],[160.8442,59.5542],[159.6491,58.9537],[159.5863,58.8027],[159.3927,58.6104],[159.1043,58.4249],[158.3263,58.0268],[157.5112,57.7455],[156.7769,57.5805],[156.8777,57.3627],[156.5579,56.9475],[156.2358,56.7568],[155.703,56.3696],[155.6276,56.2679],[155.4535,55.2758],[155.4652,54.9198],[155.7075,54.065],[155.7108,53.8049],[155.9418,53.1931],[156.0381,52.7815],[156.1752,52.6093],[156.3332,52.2716],[156.3619,51.9142],[156.5637,51.2344],[156.6964,50.9577],[157.2095,51.229],[157.8978,51.666],[158.258,52.0171],[158.3895,52.2027],[158.4624,52.5871],[158.4614,52.826],[158.7881,52.9594],[159.3198,53.1265],[159.5918,53.1336],[159.8969,53.2406],[159.9048,53.4002],[159.6835,53.5794],[159.6951,53.8592],[159.9311,54.0864],[160.4043,54.3676],[160.6829,54.4483],[161.1364,54.4091],[161.5666,54.4232],[161.8759,54.5641],[162.0082,54.7382],[161.9385,54.8451],[161.6474,54.9851],[161.5027,55.2874],[161.6094,55.5569],[161.8613,55.8609],[162.3176,56.2401],[162.5218,56.3487],[162.7219,56.3423],[162.5472,56.1053],[162.5546,56.0107],[162.7713,55.9166],[163.0091,55.9441],[163.166,56.1065],[163.1723,56.3838],[163.098,56.5597],[162.7443,56.5997],[162.5124,57.0335],[162.5933,57.1695],[162.932,57.3742],[163.1278,57.5516],[162.8257,57.701],[162.2037,57.6794],[161.9892,57.7199],[161.7999,57.8627],[161.8044,58.1017],[162.22,58.4855],[162.9074,58.8913],[162.8352,59.0559],[163.2545,59.2904],[163.0429,59.462],[163.1064,59.5792],[163.3887,59.8141],[163.7668,59.8838],[164.1105,60.0782],[164.3281,59.9607],[164.4419,59.7402],[164.5846,59.6647],[164.8816,59.7341],[164.933,59.9619],[165.4154,60.1152],[165.78,60.3541],[166.2034,60.3526],[165.945,59.7706],[166.0272,59.7087],[166.8684,60.1734],[167.104,60.271],[168.2109,60.4329],[168.6708,60.4546],[169.1541,60.4346],[169.4557,60.2963],[169.6136,60.0122],[169.8775,59.8746],[170.0601,59.8818],[170.2731,60.0134],[170.3368,60.2771],[171.0724,60.4521],[171.2484,60.6542],[172.0001,60.8576],[172.4924,61.2633],[172.9183,61.2781],[173.4809,61.6011],[173.9268,61.616],[174.2504,61.7147],[174.5423,61.8907],[175.1726,61.9691],[176.5491,62.3797],[176.832,62.6764],[177.1903,62.67],[177.2908,62.4868],[178.2503,62.3829],[178.7377,62.2993],[179.0488,62.3914],[179.2422,62.5257],[179.2877,62.8151],[178.9316,62.7651],[179.0043,62.9702],[178.714,63.1537],[178.3444,63.458],[178.4026,63.6641],[178.1473,64.1566],[178.0111,64.1921],[177.5347,64.0897],[177.0816,64.303],[177.0816,64.5174],[176.7532,64.5711],[176.4678,64.409],[175.8998,64.5474],[176.3317,64.7729],[176.7125,64.7817],[177.2515,64.8561],[177.4267,64.6067],[178.0044,64.5477],[178.726,64.6063],[179.016,64.7729],[179.3091,64.7865],[180,64.9535],[180,65.0519],[180,65.311],[180,65.3816],[180,65.9631],[180,66.9631],[180,67.9631],[180,68.9199],[178.965,69.2291],[178.6289,69.2585],[177.705,69.4896],[177.0792,69.5336],[176.1922,69.7127],[175.611,69.7794],[173.6367,69.7607],[173.0083,69.6917],[172.9082,69.8348],[172.3592,69.9092],[170.4517,70.0192],[170.0563,69.6109],[170.4313,69.5589],[170.9049,69.0343],[170.8328,68.9219],[170.0889,68.7785],[169.3886,68.7175],[169.1132,68.7842],[168.9861,68.9634],[168.5924,69.1125],[168.1,69.2315],[167.3201,69.6586],[166.7004,69.4317],[166.3092,69.3783],[164.6365,69.4128],[164.3182,69.4649],[164.0537,69.66],[163.7224,69.6745],[163.0382,69.5452],[161.961,69.5282],[161.4161,69.3542],[161.1708,69.1586],[160.8623,69.0831],[160.674,69.2703],[160.6816,69.5785],[159.673,69.6519],[159.4438,69.7646],[159.6279,70.2198],[159.2292,70.5475],[158.4087,70.8142],[157.3964,70.9275],[156.0432,70.9866],[155.0492,70.9385],[153.4044,70.7282],[152.134,70.6644],[151.6448,70.8938],[151.48,71.0858],[151.1195,71.2548],[150.6937,71.3467],[149.7154,71.4376],[148.7109,71.6294],[149.722,71.8952],[149.5303,72.0274],[148.698,72.1662],[148.1595,72.1964],[146.9151,72.2019],[146.1861,71.8421],[145.7462,71.6937],[145.1004,71.5762],[144.8808,71.7231],[145.6782,71.9267],[145.815,72.0984],[145.6646,72.1605],[144.8204,72.1433],[145.6,72.4262],[144.5618,72.4556],[142.2002,72.6787],[141.294,72.7871],[140.5891,72.4952],[140.215,72.4319],[139.3118,72.3832],[138.9693,72.2105],[139.3388,72.1644],[139.8479,72.2356],[139.7386,71.8379],[139.8257,71.6284],[139.7445,71.4036],[139.1588,71.418],[138.6749,71.6184],[138.1194,71.4702],[138.0758,71.246],[137.6297,71.0754],[136.765,71.4058],[136.2266,71.5132],[135.5106,71.5118],[134.6229,71.3013],[134.2414,71.2619],[133.7439,71.3228],[133.1384,71.4532],[132.7906,71.592],[132.6843,71.8014],[132.2836,71.6609],[131.7917,71.1879],[131.4127,70.8638],[131.0548,70.6865],[130.7793,70.6783],[130.1717,70.8153],[129.3552,71.1757],[128.4325,71.7546],[127.4175,72.1422],[127.1209,72.2119],[126.2253,72.2493],[126.2164,72.3823],[127.3135,72.7139],[128.5249,72.9523],[128.4989,73.1259],[127.7196,73.4015],[126.487,73.3834],[125.7173,73.3978],[124.8177,73.6582],[124.2222,73.6969],[123.4099,73.4808],[123.5148,73.172],[122.8824,72.7528],[122.2433,72.9091],[120.5785,72.8351],[119.4174,72.9669],[118.4978,73.0362],[118.3385,73.1861],[118.4604,73.5192],[117.5346,73.5493],[116.6711,73.6192],[115.6115,73.6252],[114.9341,73.5603],[114.1867,73.551],[113.547,73.2009],[113.3117,73.3827],[113.2216,73.7481],[112.997,73.7796],[112.4768,73.6591],[111.7617,73.6578],[111.2153,73.7683],[110.9441,73.9433],[110.5513,74.0384],[110.1784,73.7982],[110.4,73.7429],[110.4423,73.5679],[109.9906,73.44],[107.8043,73.1428],[107.2499,73.1338],[106.5015,73.0613],[106.087,72.8554],[105.6002,72.7443],[105.2788,72.7515],[106.2083,73.2585],[107.2655,73.5222],[108.3399,73.6912],[110.0547,74.2537],[111.5866,74.731],[112.5771,74.8862],[113.625,75.2727],[113.1134,75.4944],[113.723,75.8688],[113.533,76.0937],[112.8223,76.0589],[112.5885,76.2592],[112.0572,76.4514],[111.4273,76.5681],[109.6564,76.6913],[108.2445,76.6464],[107.666,76.4431],[106.404,76.4323],[106.5374,76.5672],[107.0714,76.771],[107.1603,76.9491],[106.2429,76.9135],[105.5281,76.98],[104.7046,76.9275],[104.4851,76.995],[104.7823,77.1488],[105.4697,77.3293],[105.4495,77.4491],[105.0625,77.5685],[103.9466,77.5922],[103.3933,77.5578],[101.6905,77.2026],[101.1665,77.0058],[101.1115,76.8529],[101.3895,76.625],[100.8303,76.4554],[99.9832,76.437],[99.7736,76.2854],[99.7794,76.0593],[99.4672,75.9669],[98.7162,76.074],[98.2887,76.0565],[97.1164,75.8708],[95.9818,75.902],[96.1394,76.0859],[95.9673,76.1692],[94.6943,76.1836],[93.5921,75.8808],[91.6347,75.6527],[90,75.6015],[89.2847,75.4661],[87.9223,75.0599],[86.9583,74.7821],[86.8135,74.4353],[86.9776,74.299],[87.5406,74.0997],[87.6908,73.9],[87.5696,73.7721],[87.1397,73.6041],[86.1235,73.4511],[86.3264,73.6344],[86.7569,73.7866],[86.4921,73.8738],[85.8562,73.8248],[85.0015,73.5762],[84.6161,73.7427],[83.9766,73.6698],[83.0204,73.6123],[81.8775,73.6022],[80.8382,73.5526],[80.464,73.3136],[80.8289,73.0135],[80.8442,72.5802],[80.9823,72.447],[82.3206,72.2223],[82.4363,72.0506],[83.2024,71.8259],[83.5611,71.6244],[83.168,71.1822],[83.6571,70.5982],[83.677,70.4603],[83.0363,70.2449],[83.0759,70.5818],[82.8037,70.8193],[82.5015,70.7111],[82.0456,70.4189],[82.1036,70.8564],[82.2153,71.2036],[82.8801,71.4913],[82.4914,71.5681],[81.6714,71.5743],[80.8283,71.767],[80.3387,72.0076],[79.2226,72.2713],[78.6473,72.2624],[78.0857,72.1753],[78.1264,71.8476],[77.7899,71.7769],[77.2749,71.8149],[77.0749,71.8924],[76.4567,71.8679],[76.3329,71.7197],[76.6072,71.5183],[76.8661,71.449],[78.1369,71.3739],[78.3716,71.2505],[78.6085,70.8499],[78.1047,70.8413],[77.7362,71.0255],[77.0016,71.0626],[75.6706,71.1991],[75.2843,71.4461],[75.2213,71.6477],[75.2966,71.8969],[75.5825,72.1706],[75.6662,72.4135],[75.6173,72.6255],[75.1199,72.6875],[74.9987,72.1304],[74.5866,71.8722],[74.1372,71.7545],[73.5914,71.7069],[73.2169,71.4577],[73.698,71.1414],[74.2496,70.5729],[74.1222,70.3659],[73.791,70.0522],[73.6541,69.7565],[73.9079,69.2745],[73.9145,69.1543],[74.318,69.1625],[74.9017,69.081],[75.598,69.21],[77.406,68.9356],[77.6358,68.8162],[77.9775,68.1451],[77.5142,67.9733],[77.4832,67.8025],[77.946,67.7737],[78.5357,67.6118],[78.4779,67.4785],[78.089,67.4113],[77.5048,67.4324],[77.0907,67.5277],[76.9549,67.6533],[77.1079,68.1138],[77.0398,68.4638],[76.6609,68.6722],[76.3278,68.7763],[75.5372,68.7749],[74.9163,68.7064],[74.505,68.5935],[74.3951,68.347],[74.6694,68.1017],[74.7706,67.8494],[74.7417,67.6862],[74.3525,67.4044],[73.9845,67.2634],[73.6902,66.8651],[73.1655,66.6438],[72.5574,66.496],[72.2088,66.1735],[71.7943,66.1581],[71.2595,66.2228],[70.4736,66.236],[69.7673,66.3297],[69.1726,66.5483],[69.0848,66.6875],[69.7915,66.7549],[70.1207,66.7188],[70.8399,66.5514],[71.5441,66.7141],[71.3995,66.9491],[71.9305,67.1563],[72.8377,67.6456],[72.9878,67.7941],[73.1752,68.1659],[73.3936,68.3824],[73.3086,68.5166],[72.8462,68.6352],[72.6435,68.8069],[72.5255,69.0691],[72.5515,69.6563],[72.4369,70.187],[72.7742,70.4552],[72.6797,70.8235],[72.1362,71.2776],[71.7976,71.4318],[71.8978,71.5872],[72.4983,71.9618],[72.6546,72.1183],[72.8448,72.4946],[72.714,72.7696],[72.4553,72.8243],[71.6629,72.8307],[70.2144,72.7335],[69.3431,72.8343],[69.0567,72.6447],[68.8121,72.0955],[68.3162,71.6349],[67.8225,71.4167],[66.818,71.1054],[66.6702,70.8661],[66.7748,70.7356],[67.2853,70.7058],[67.3982,70.5985],[67.4218,70.2234],[67.2772,70.0706],[66.9649,69.9558],[66.799,69.7437],[66.8844,69.6231],[67.7787,69.5569],[68.1059,69.4293],[68.0935,69.1359],[68.2577,68.9411],[68.5118,68.8367],[69.109,68.8303],[68.4879,68.2242],[68.2154,68.2014],[66.5843,68.8855],[65.3554,69.1834],[64.873,69.2277],[63.9232,69.4592],[62.2813,69.7051],[61.03,69.7406],[60.8487,69.71],[60.3692,69.4677],[60.986,69.0026],[60.9341,68.8151],[60.5121,68.5899],[59.9254,68.5813],[59.7623,68.2974],[59.5019,68.2894],[59.1198,68.3931],[59.062,68.4975],[59.3459,68.6999],[58.7704,68.856],[58.4093,68.8329],[57.9592,68.7048],[57.5259,68.4946],[57.0242,68.4489],[56.5403,68.5526],[56.1951,68.5669],[55.3354,68.4831],[55.1265,68.4006],[54.996,68.2065],[54.7523,68.0498],[54.3797,68.1607],[53.6257,68.0477],[53.3168,68.1364],[53.3959,68.3004],[53.7821,68.3384],[53.8891,68.787],[53.5024,68.8163],[53.0058,68.6806],[52.9388,68.4712],[52.7197,68.3514],[52.3374,68.3357],[52.2449,68.5446],[51.8308,68.4094],[50.4959,68.1535],[49.1856,67.8388],[48.6353,67.6524],[48.0807,67.5625],[47.7062,66.8901],[47.5712,66.8163],[46.4021,66.7186],[45.7154,66.8496],[45.3856,67.0994],[44.8712,67.3124],[45.0925,67.5421],[45.4626,67.6391],[46.6341,67.7005],[45.8634,68.3833],[45.5796,68.4425],[44.6678,68.3886],[44.012,68.4919],[43.8222,68.3273],[44.1687,68.097],[44.2158,67.7183],[43.7036,67.2659],[43.8381,67.1629],[44.2192,67.0898],[44.362,66.906],[44.3836,66.612],[44.1221,66.2672],[44.0528,66.0405],[43.8762,66.011],[43.2414,66.2509],[42.2108,66.41],[41.6233,66.0652],[41.3542,65.9552],[39.9513,65.5812],[39.8231,65.4356],[39.9794,65.1531],[40.4621,64.7503],[40.3222,64.4629],[39.9971,64.5412],[39.6216,64.476],[39.1934,64.511],[38.2529,64.7031],[37.6041,64.8528],[37.1019,65.0681],[36.8839,65.0677],[36.5685,64.7646],[36.9967,64.4066],[37.262,64.3139],[37.8799,64.3079],[38.0539,64.1293],[37.9449,63.8504],[37.4105,63.7495],[36.9875,63.8415],[36.24,63.9186],[36.0155,64.197],[35.0818,64.2883],[34.8846,64.3668],[34.7729,64.6822],[34.4257,65.1065],[34.2934,65.3962],[34.6012,65.4839],[34.7256,65.615],[34.7262,65.797],[34.5437,66.0008],[34.2585,66.1098],[33.8442,66.1821],[33.4697,66.3131],[32.9709,66.5834],[32.7535,66.649],[32.2194,66.9937],[32.6443,67.0461],[32.991,66.9878],[33.4375,66.7017],[34.153,66.6296],[35.7717,66.2589],[36.5052,66.1725],[37.4224,66.0938],[38.0479,66.0074],[38.7821,66.0015],[39.19,66.0387],[39.9775,66.2009],[40.3451,66.3186],[40.8364,66.5614],[41.147,66.7823],[41.2553,66.937],[41.0169,67.2019],[40.9734,67.5344],[40.8261,67.66],[39.9181,67.9404],[38.6685,68.1463],[38.4064,68.2427],[37.6886,68.6296],[37.2459,68.7935],[36.0183,69.0237],[35.4366,69.1504],[34.9341,69.1494],[33.6284,69.2147],[33.2806,69.342],[32.5963,69.4236],[32.3517,69.5137],[32.076,69.8154],[31.3313,69.6628],[31.0538,69.6396],[30.6408,69.4185],[29.9236,69.3546],[29.4628,69.1342],[29.0074,68.8318],[28.7397,68.9504],[29.133,69.3656],[29.1133,69.486],[28.717,69.6424],[28.4149,69.6937],[27.9087,69.8877],[26.5073,69.8125],[26.1177,69.6442],[25.8625,69.4544],[25.7456,69.258],[25.6254,68.8071],[25.0628,68.5947],[24.8007,68.429],[24.0818,68.7168],[23.3362,68.6158],[22.7012,68.6349],[22.4598,68.6935],[21.6251,69.237],[21.246,69.2275],[20.7906,68.9323],[21.1333,68.7092],[21.7125,68.4132],[22.2007,68.2815],[22.9127,68.1882],[23.4877,67.8343],[23.4579,67.4119],[23.8682,66.8169],[23.8812,66.6406],[23.6561,66.2804],[23.7495,66.0398],[23.9477,65.7967],[24.2148,65.7859],[24.5911,65.5828],[25.1036,65.5401],[25.2515,65.4169],[25.1326,65.0759],[25.3519,64.9391],[25.3251,64.8024],[24.9319,64.816],[24.4701,64.6355],[24.094,64.3766],[23.5803,64.0821],[22.8255,63.5809],[22.4758,63.6016],[22.2924,63.2027],[22.075,63.1028],[21.6665,63.1873],[21.4947,63.123],[21.4813,62.8888],[21.1948,62.7607],[21.0337,62.4773],[21.3376,62.3436],[21.3464,62.1671],[21.2112,61.8709],[21.561,61.4849],[21.4273,61.0151],[21.4432,60.6936],[21.5602,60.5125],[22.2207,60.2588],[22.4215,60.2932],[22.6246,60.2011],[23.0052,60.2088],[22.882,60.0556],[23.2014,59.8185],[23.6647,59.8356],[24.2814,59.9381],[24.9695,60.0868],[25.4499,60.1384],[25.5805,60.2623],[25.8901,60.2358],[26.3227,60.2702],[26.6131,60.3478],[26.9223,60.3161],[27.1785,60.4424],[27.4736,60.4261],[28.0114,60.5107],[28.5215,60.6233],[28.4352,60.3373],[28.5694,60.1984],[28.969,60.1088],[29.6873,60.131],[29.9529,59.9856],[30.1266,59.806],[29.7655,59.7362],[29.4136,59.86],[29.0761,59.9078],[28.7959,59.6722],[28.4444,59.7337],[28.1631,59.5907],[27.8936,59.3461],[27.702,59.2975],[26.8619,59.3717],[26.3433,59.4466],[25.7211,59.4598],[25.2483,59.3618],[24.7512,59.4485],[24.7138,59.3518],[24.0296,59.2354],[24.0321,59.1757],[23.4158,59.119],[23.457,59.0055],[23.3608,58.7674],[23.5119,58.5809],[23.6905,58.6655],[23.6709,58.2414],[23.9081,58.2244],[24.0584,58.1115],[24.3311,58.3079],[24.4968,58.2132],[24.4156,57.9479],[24.2362,57.7282],[24.3465,57.1597],[24.1584,56.9755],[23.7678,56.8659],[23.4145,56.8924],[23.2154,56.9807],[23.0709,57.2613],[22.5854,57.5087],[22.5636,57.6156],[21.6773,57.4637],[21.3397,57.1771],[21.3244,56.8544],[20.9648,56.609],[20.9454,56.07],[21.2755,55.8611],[21.684,55.3535],[22.5839,55.0094],[22.7935,54.9024],[22.6625,54.5709],[22.7397,53.9499],[22.8066,53.8076],[21.1168,53.2688],[20.702,53.3206],[20.4774,53.1305],[20.0972,53.1824],[20.0108,53.0441],[19.5787,53.0787],[19.2849,53.1651],[18.8421,53.0668],[18.7611,52.9318],[18.5721,52.8238],[18.5181,52.6618],[18.5991,52.4998],[18.4641,52.3918],[18.0861,52.3918],[17.897,52.1757],[18.0051,51.8787],[18.1131,51.7707],[18.1401,50.9877],[18.646,50.6445],[18.7685,50.1793],[19.2075,50.2529],[20.1795,50.1467],[20.263,49.887]]]},"properties":{"NAME":"Russian Empire","ABBREVN":"Russia","SUBJECTO":"Russian Empire","BORDERPRECISION":3,"PARTOF":"Russian Empire"}},
{"type":"Feature","geometry":{"type":"Polygon","coordinates":[[[12.4038,43.9558],[12.4878,43.8969],[12.5041,43.9901],[12.4038,43.9558]]]},"properties":{"NAME":"San Marino","ABBREVN":"San Marino","SUBJECTO":"San Marino","BORDERPRECISION":3,"PARTOF":"San Marino"}},
{"type":"Feature","geometry":{"type":"Polygon","coordinates":[[[107.387,14.5569],[107.4634,14.9968],[107.434,15.257],[107.3381,15.4533],[107.0998,15.6678],[107.0671,15.7946],[107.1686,15.9921],[107.1075,16.1696],[106.9463,16.3083],[106.6382,16.4843],[106.4264,16.7181],[106.1698,17.1293],[105.4127,18.0837],[104.8122,18.7216],[104.5277,18.9358],[103.8993,19.3131],[103.8801,19.5352],[104.0048,19.701],[104.1446,19.7463],[104.3585,19.7158],[104.6051,19.8252],[104.7197,19.9719],[104.7158,20.2004],[104.3241,20.6363],[104.1291,20.9399],[104.0112,20.9773],[103.8361,20.9001],[103.6071,20.6829],[103.4779,20.6567],[103.2662,20.7444],[102.9929,20.9396],[102.8429,21.2499],[102.6907,21.6681],[102.4464,21.9397],[102.1706,22.1984],[101.9679,22.5337],[101.6624,22.3923],[101.5544,22.2837],[101.535,22.1375],[101.5969,21.8712],[101.6995,21.7067],[101.7529,21.4721],[101.7038,21.3194],[101.5842,21.2235],[101.2385,21.2596],[101.0937,21.354],[100.945,21.55],[100.8947,21.7211],[100.6122,21.5353],[100.3208,21.4638],[100.0402,21.6209],[99.8867,21.9565],[99.7555,22.1272],[99.3109,22.1056],[99.2086,22.1494],[99.1559,22.3078],[99.4836,23.0209],[99.4689,23.1414],[99.234,23.1845],[98.985,23.1513],[98.894,23.2968],[98.7692,24.0898],[98.6988,24.1465],[98.1368,24.0988],[97.6952,23.8796],[98.1962,21.6085],[97.7735,21.3664],[97.3724,20.7798],[97.2749,18.5036],[97.3735,18.4494],[97.706,18.0513],[97.7876,17.5755],[97.9022,17.5126],[98.3931,17.0837],[98.4595,16.938],[98.7501,16.4697],[98.8236,16.3177],[98.736,16.2093],[98.5329,16.1064],[98.4756,16.0045],[98.5798,15.4716],[98.5029,15.3822],[98.137,15.1896],[98.4869,14.3723],[99.003,13.8862],[99.0945,13.6708],[99.1336,13.3725],[99.0976,12.9721],[99.3173,12.4398],[99.5811,11.8887],[99.5466,11.7551],[99.0919,11.0536],[98.6372,10.2886],[98.5932,10.1205],[98.6326,10.1007],[98.2506,8.9371],[98.1772,8.6002],[98.1952,8.3271],[98.2924,8.1557],[98.5446,8.2643],[98.7496,8.0868],[98.8895,8.0172],[99.0245,7.8714],[99.1186,7.6428],[99.2939,7.3192],[99.4681,7.3386],[99.5717,7.2626],[99.6397,7.0658],[99.6108,6.9386],[99.663,6.71],[99.8338,6.5388],[99.9691,6.5073],[100.1544,6.6031],[100.222,6.5206],[100.1587,6.3401],[100.3604,6.4166],[100.6174,6.4223],[100.6653,6.2124],[100.8667,6.1591],[100.9841,6.0518],[101.0271,5.8556],[100.9314,5.6766],[101.0764,5.5313],[101.3117,5.8346],[101.4508,5.7611],[101.4729,5.5463],[101.7626,5.5862],[101.8123,5.8451],[102.0349,6.0025],[102.0738,6.1542],[101.6796,6.4643],[101.5599,6.7395],[101.428,6.8282],[101.2175,6.8023],[100.9753,6.8526],[100.6149,6.9789],[100.5396,7.0487],[100.3446,7.4405],[100.2875,7.7724],[100.3019,7.8868],[100.2077,8.325],[100.1315,8.5321],[100.0093,8.4901],[99.8659,8.7119],[99.898,9.0678],[99.8373,9.2265],[99.724,9.258],[99.5462,9.1941],[99.2985,9.1618],[99.1187,9.371],[99.0713,9.8983],[99.1862,10.4894],[99.5013,11.2461],[99.8953,12.0792],[99.8337,12.5238],[100.0232,12.9944],[99.9303,13.261],[100.04,13.3947],[100.2397,13.4904],[100.4739,13.5099],[100.5855,13.4721],[100.9087,13.4473],[100.957,13.3649],[100.8712,12.8056],[100.8716,12.6785],[101.023,12.6725],[101.3291,12.5588],[101.5866,12.661],[101.9186,12.5855],[102.3239,12.1861],[102.5298,12.1484],[102.6121,12.0958],[102.7521,12.3981],[102.3603,13.5078],[102.9357,14.1498],[103.6214,14.4108],[104.356,14.3278],[105.1273,14.221],[105.8619,13.9716],[106.1313,13.9598],[106.1435,14.0904],[106.0456,14.3871],[106.5109,14.5412],[106.8414,14.3159],[107.387,14.5569]]]},"properties":{"NAME":"Rattanakosin Kingdom","ABBREVN":"Rattanakosin Kingdom","SUBJECTO":"Rattanakosin Kingdom","BORDERPRECISION":3,"PARTOF":"Rattanakosin Kingdom"}},
{"type":"Feature","geometry":{"type":"Polygon","coordinates":[[[66.5306,50.6366],[65.3279,50.3883],[58.6133,46.7869],[53.5297,45.2808],[53.2691,45.3351],[53.0593,45.3366],[52.6097,45.3996],[51.9983,45.3816],[51.8454,45.4355],[51.5127,45.3726],[51.3419,45.0579],[51.216,45.0399],[51.0991,44.878],[51.189,44.7701],[51.5757,44.5543],[51.3329,44.4824],[50.8743,44.6262],[50.5416,44.6442],[50.3348,44.5633],[50.3887,44.2935],[50.9552,44.2036],[51.171,43.7181],[51.3689,43.5562],[51.4588,43.3854],[51.4228,43.1696],[51.7375,43.1786],[52.0702,42.8279],[52.295,42.8728],[52.3759,42.8009],[52.5828,42.8279],[52.7626,42.7559],[52.8345,42.648],[52.7536,42.5581],[52.6727,42.2794],[52.5198,42.0726],[52.6007,41.9377],[52.5593,41.7578],[52.6826,41.6937],[52.6922,41.5309],[52.9317,41.3776],[52.9987,41.6841],[52.9412,41.7703],[53.0657,42.0289],[53.2669,42.0864],[53.7362,42.1343],[53.9852,42.1055],[54.0235,41.8565],[54.1193,41.7799],[54.1672,41.483],[54.7514,41.1382],[54.8185,40.8796],[54.4545,40.7167],[54.2247,40.7263],[53.8416,40.6401],[53.7649,40.87],[53.6117,40.7455],[53.4393,40.8029],[53.2573,40.7646],[53.0562,41.052],[52.9029,40.5635],[52.8263,40.4677],[52.8455,40.1804],[53.0466,39.9984],[53.3627,39.9601],[53.6883,39.9792],[53.5159,39.7781],[53.5446,39.5387],[53.3722,39.5195],[53.2094,39.4046],[53.5829,39.3184],[53.7745,39.1364],[54.0331,38.9927],[54.0714,38.8969],[53.9373,38.5713],[53.9373,38.1594],[53.8799,38.0254],[54.0151,37.3483],[54.2139,37.3371],[54.4666,37.3958],[54.6761,37.5307],[54.9558,37.8252],[55.1697,37.9729],[55.3557,38.0377],[56.1309,38.0483],[56.5173,38.2607],[57.2255,38.1882],[57.4065,37.9917],[58.095,37.728],[58.6749,37.6739],[58.9716,37.5992],[59.2405,37.4478],[60.3463,36.6074],[60.6599,36.6028],[61.014,36.6366],[61.0969,36.5416],[61.1187,35.9054],[61.2213,35.5816],[61.3082,35.5312],[61.7297,35.4446],[62.1795,35.2881],[62.4375,35.2514],[62.6776,35.2655],[62.9636,35.4006],[63.0627,35.4902],[63.1166,35.7894],[63.3723,35.8608],[64.2658,36.1711],[64.5407,36.3381],[64.6321,36.784],[64.826,37.1479],[65.3369,37.2398],[65.5244,37.33],[65.7247,37.4903],[65.9791,37.358],[66.6766,37.2409],[67.5153,37.2138],[67.6218,37.1571],[67.8555,36.8529],[68.1842,36.8993],[68.7065,37.1822],[68.853,37.183],[69.1364,37.0764],[69.3078,37.0837],[69.5373,37.2823],[69.567,37.5053],[69.6984,37.5315],[70.0222,37.4569],[70.2214,37.528],[70.315,37.6304],[70.3341,37.9361],[70.53,38.1287],[70.5902,38.292],[70.7188,38.3649],[70.9606,38.3471],[71.2198,38.1448],[71.1494,37.8759],[71.3674,37.918],[71.4441,37.834],[71.3865,37.3704],[71.3032,37.1704],[71.467,36.7521],[71.5245,36.7143],[71.8476,36.7161],[72.1829,36.9388],[72.4482,36.9676],[72.7142,37.1861],[73.0472,37.3283],[73.352,37.3417],[73.4447,37.2019],[73.8826,37.2683],[74.1371,37.3704],[74.2555,37.3022],[74.7333,37.2094],[74.8928,37.2704],[75.0102,37.4655],[74.9201,37.5389],[74.9884,37.7009],[74.8782,37.8074],[74.9347,37.9998],[74.8443,38.0602],[74.8355,38.2985],[74.7029,38.5207],[74.5798,38.5901],[74.1692,38.6344],[74.0666,38.5618],[73.8583,38.5415],[73.712,38.7187],[73.677,38.8557],[73.7702,38.9559],[73.7599,39.4201],[73.8271,39.7837],[74.0087,39.9632],[74.6484,40.2798],[75.43,40.6102],[75.5917,40.6239],[75.7009,40.3368],[75.8556,40.3121],[76.0836,40.3772],[76.4816,40.437],[76.6021,40.5463],[76.8107,40.8993],[77.0204,41.1116],[77.1277,41.125],[77.4923,41.0564],[76.9791,41.7197],[74.8926,42.6901],[73.7766,42.9748],[76.7365,43.364],[72.9517,45.0337],[66.5306,50.6366]],[[61.2496,46.6115],[61.4658,46.7669],[61.6543,46.7689],[61.5615,46.5972],[61.2694,46.2516],[61.1588,46.1833],[60.9989,45.9216],[61.0403,45.7386],[61.0206,45.4873],[61.1746,45.1876],[61.68,45.1068],[61.8616,45.0483],[61.7274,44.9338],[61.1094,44.7167],[60.9436,44.4411],[60.0769,43.6086],[59.7157,43.6693],[59.5054,43.9141],[59.2478,43.854],[59.1264,44.0022],[59.0188,43.8611],[58.8273,43.844],[58.7799,43.7471],[58.3673,43.7371],[58.3446,43.8657],[58.3999,44.1667],[58.2419,44.359],[58.1985,44.5197],[58.2967,44.6384],[58.2321,44.8513],[58.4041,45.253],[58.5601,45.4572],[58.7207,45.8477],[58.8154,45.9312],[59.3287,46.0259],[59.4314,45.8034],[59.5498,45.9943],[59.5308,46.3427],[59.7789,46.3015],[59.8154,46.1814],[60.0187,46.213],[60.3,46.1638],[60.4787,46.2048],[60.605,46.1269],[60.8226,46.2432],[60.2112,46.2871],[60.0207,46.4494],[60.0092,46.5606],[60.2705,46.6997],[60.3594,46.6353],[60.6512,46.5891],[60.728,46.676],[60.9381,46.4898],[61.2496,46.6115]]]},"properties":{"NAME":"Turan","ABBREVN":"Turan","SUBJECTO":"Turan","BORDERPRECISION":3,"PARTOF":"Turan"}},
{"type":"Feature","geometry":{"type":"MultiPolygon","coordinates":[[[[178.1755,-18.2417],[178.2733,-18.1475],[178.6933,-18.025],[178.6208,-17.8939],[178.5911,-17.6358],[178.1705,-17.3425],[177.9594,-17.4092],[177.8203,-17.3647],[177.5103,-17.5094],[177.388,-17.6328],[177.4297,-17.7617],[177.2567,-17.8742],[177.3333,-18.1194],[177.8641,-18.2639],[178.1755,-18.2417]]],[[[179.5686,-16.7581],[179.4786,-16.7011],[179.5916,-16.5397],[179.7569,-16.4422],[179.8983,-16.2372],[180,-16.1727],[180,-16.1547],[179.7708,-16.2036],[179.5033,-16.2739],[179.4005,-16.4131],[179.2241,-16.3975],[178.9819,-16.4697],[178.7077,-16.6753],[178.5952,-16.6417],[178.4783,-16.7589],[178.625,-16.8356],[178.6902,-16.9925],[179.2064,-16.7053],[179.3319,-16.8022],[179.5716,-16.8011],[179.7789,-16.7275],[179.8744,-16.6367],[179.918,-16.4678],[179.5686,-16.7581]]],[[[-171.4653,-14.0528],[-171.4461,-13.9825],[-171.8223,-13.8075],[-172.0278,-13.8394],[-172.0484,-13.9144],[-171.9111,-14.0125],[-171.4653,-14.0528]]],[[[-172.2225,-13.5631],[-172.3608,-13.4606],[-172.7797,-13.5397],[-172.5325,-13.8008],[-172.2105,-13.8053],[-172.1678,-13.6914],[-172.2225,-13.5631]]]]},"properties":{"NAME":"Tuʻi Tonga Empire","ABBREVN":"Tuʻi Tonga Empire","SUBJECTO":"Tuʻi Tonga Empire","BORDERPRECISION":3,"PARTOF":"Tuʻi Tonga Empire"}},
{"type":"Feature","geometry":{"type":"Polygon","coordinates":[[[-109.2414,-27.1331],[-109.3658,-27.0633],[-109.4278,-27.2019],[-109.2414,-27.1331]]]},"properties":{"NAME":"Polynesians","ABBREVN":"Polynesians","SUBJECTO":"Polynesians","BORDERPRECISION":3,"PARTOF":"Polynesians"}},
{"type":"Feature","geometry":{"type":"Polygon","coordinates":[[[114.0292,22.5085],[113.9014,22.4065],[114.1533,22.2987],[114.3291,22.2723],[114.4131,22.4369],[114.309,22.5535],[114.0292,22.5085]]]},"properties":{"NAME":"Hong Kong","ABBREVN":"Hong Kong","SUBJECTO":"Hong Kong","BORDERPRECISION":3,"PARTOF":"Hong Kong"}},
{"type":"Feature","geometry":{"type":"Polygon","coordinates":[[[108.5605,19.0603],[108.6519,18.4824],[109.4297,18.0966],[109.6691,18.4147],[110.2625,18.6256],[110.3615,18.7656],[110.2987,18.8988],[110.427,19.2294],[110.6125,19.4712],[110.8854,19.7068],[110.6174,20.0175],[110.2583,19.9405],[110.0606,19.9401],[109.9159,19.8],[109.5503,19.9136],[109.4201,19.6592],[109.1982,19.6841],[108.8737,19.404],[108.5769,19.1874],[108.5605,19.0603]]]},"properties":{"NAME":"Manchu Empire","ABBREVN":"Manchu Empire","SUBJECTO":"Manchu Empire","BORDERPRECISION":3,"PARTOF":"Manchu Empire"}}
]}