{"type":"FeatureCollection","features":[{"type":"Feature","properties":{"NAME":"United States of America","ABBREVN":"United States of America","SUBJECTO":"United States of America","BORDERPRECISION":3,"PARTOF":"United States of America"},"geometry":{"type":"MultiPolygon","coordinates":[[[[-75.48,35.35],[-75.53,35.77],[-75.51,35.31],[-75.65,35.23],[-75.49,35.33],[-75.48,35.35]]],[[[-74.15,40.54],[-74.07,40.65],[-74.18,40.64],[-74.23,40.51],[-74.15,40.54]]],[[[-72.39,41.08],[-73.92,40.79],[-74,40.58],[-73.62,40.59],[-72.35,40.89],[-71.92,41.08],[-72.62,40.92],[-72.39,41.08]]],[[[-71.23,41.54],[-71.26,41.63],[-71.36,41.46],[-71.23,41.49],[-71.23,41.54]]],[[[-68.3,44.45],[-68.43,44.32],[-68.33,44.24],[-68.17,44.36],[-68.26,44.45],[-68.3,44.45]]],[[[-68.62,44.19],[-68.67,44.28],[-68.66,44.17],[-68.62,44.19]]],[[[-70.01,41.25],[-70.02,41.38],[-70.23,41.28],[-70.03,41.25],[-70.01,41.25]]],[[[-70.51,41.41],[-70.83,41.36],[-70.51,41.35],[-70.51,41.41]]],[[[-122.6,48.4],[-122.76,48.24],[-122.53,47.98],[-122.34,47.97],[-122.66,48.24],[-122.51,48.31],[-122.59,48.39],[-122.6,48.4]]],[[[-122.96,48.45],[-123.15,48.62],[-123,48.45],[-122.96,48.45]]],[[[-122.88,48.59],[-122.75,48.65],[-122.89,48.71],[-123.02,48.63],[-122.9,48.59],[-122.88,48.59]]],[[[-122.81,48.42],[-122.87,48.56],[-122.94,48.48],[-122.83,48.42],[-122.81,48.42]]],[[[-122.41,47.39],[-122.45,47.52],[-122.5,47.35],[-122.41,47.39]]],[[[-97.17,26.12],[-97.39,27.05],[-97.18,26.1],[-97.17,26.12]]],[[[-96.87,28.13],[-97.03,27.87],[-96.84,28.11],[-96.87,28.13]]],[[[-87.46,30.3],[-87.16,30.52],[-86.94,30.45],[-87.13,30.36],[-86.26,30.5],[-86.1,30.38],[-86.34,30.38],[-85.73,30.13],[-85.85,30.25],[-85.75,30.3],[-85.41,30.06],[-85.63,30.1],[-85.36,29.9],[-85.36,29.68],[-84.35,29.89],[-84.46,30],[-84.21,30.11],[-83.67,29.91],[-83.4,29.53],[-83.07,29.22],[-82.8,29.15],[-82.63,28.88],[-82.84,27.81],[-82.72,27.66],[-82.6,27.82],[-82.69,28.03],[-82.42,27.92],[-82.65,27.46],[-82.31,26.84],[-82.16,26.78],[-82.19,26.94],[-82.02,26.96],[-82.07,26.55],[-81.79,26.71],[-81.97,26.48],[-81.74,25.96],[-81.34,25.81],[-81.13,25.38],[-80.92,25.25],[-81.14,25.32],[-81.09,25.12],[-80.4,25.19],[-80.14,25.91],[-80.05,26.86],[-80.76,28.42],[-80.84,28.78],[-80.76,28.6],[-80.6,28.61],[-80.61,28.16],[-80.45,27.86],[-80.6,28.23],[-80.55,28.53],[-81.19,29.62],[-81.53,30.85],[-81.44,31.21],[-81.28,31.22],[-81.2,31.47],[-81.33,31.55],[-81.17,31.56],[-80.83,32.16],[-80.67,32.22],[-80.83,32.52],[-80.71,32.32],[-80.67,32.45],[-80.63,32.26],[-80.46,32.32],[-80.48,32.48],[-80.67,32.52],[-80.33,32.48],[-79.9,32.67],[-79.94,32.85],[-79.82,32.77],[-79.57,33.02],[-79.39,33.01],[-79.2,33.19],[-79.27,33.37],[-79.2,33.43],[-79.27,33.31],[-79.16,33.31],[-78.83,33.73],[-78.58,33.88],[-78.03,33.89],[-77.96,34.15],[-77.93,33.93],[-77.76,34.29],[-77.38,34.52],[-77.43,34.74],[-77.31,34.56],[-76.68,34.8],[-76.5,34.74],[-76.34,34.88],[-76.27,34.96],[-76.45,34.94],[-76.45,35.07],[-76.75,34.91],[-76.97,35],[-77.07,35.15],[-76.76,34.99],[-76.47,35.27],[-77.05,35.53],[-76.65,35.41],[-76.59,35.55],[-76.5,35.38],[-76.15,35.34],[-75.74,35.62],[-75.72,35.81],[-75.85,35.98],[-76.1,35.66],[-76.05,35.98],[-76.73,35.94],[-76.75,36.23],[-76.66,36.03],[-76.5,36.01],[-76.37,36.15],[-76.07,36.15],[-76.2,36.32],[-75.93,36.17],[-75.98,36.31],[-75.79,36.07],[-76.04,36.52],[-75.9,36.49],[-75.95,36.71],[-75.53,35.8],[-75.99,36.91],[-76.26,36.96],[-76.29,36.84],[-76.72,37.15],[-77.23,37.3],[-76.65,37.23],[-76.39,36.97],[-76.29,37.14],[-76.68,37.43],[-76.45,37.26],[-76.24,37.37],[-76.29,37.57],[-76.54,37.63],[-77.13,38.17],[-76.35,37.62],[-76.24,37.91],[-76.93,38.2],[-77.07,38.38],[-77.32,38.35],[-77.25,38.6],[-77.04,38.73],[-77.06,38.9],[-77.03,38.7],[-77.24,38.4],[-77.04,38.44],[-76.31,38.05],[-76.37,38.29],[-76.66,38.47],[-76.68,38.66],[-76.58,38.43],[-76.38,38.37],[-76.54,38.73],[-76.39,39.01],[-76.61,39.25],[-76.42,39.21],[-76.48,39.3],[-76.36,39.4],[-76.19,39.37],[-76.08,39.55],[-75.84,39.57],[-76.17,39.32],[-76.22,39.06],[-76.07,39.14],[-76.36,38.9],[-76.22,38.96],[-76.1,38.8],[-76.26,38.84],[-76.34,38.69],[-75.96,38.65],[-76.27,38.62],[-76.17,38.57],[-76.32,38.49],[-76.22,38.34],[-76.04,38.23],[-75.85,38.4],[-75.88,37.95],[-75.64,37.96],[-75.92,37.61],[-75.96,37.15],[-75.04,38.42],[-75.59,39.65],[-75.03,40.01],[-75.56,39.62],[-75.38,39.35],[-74.89,39.17],[-74.95,38.92],[-74.65,39.29],[-74.42,39.35],[-74.41,39.52],[-74.15,39.7],[-74.07,40.05],[-74.09,39.77],[-73.95,40.3],[-74,40.46],[-74.26,40.47],[-73.9,40.96],[-73.99,41.27],[-73.87,41.16],[-73.93,40.8],[-72.91,41.29],[-71.51,41.37],[-71.39,41.81],[-71.27,41.65],[-71.11,41.79],[-71.19,41.47],[-70.73,41.73],[-70.63,41.7],[-70.65,41.54],[-69.94,41.67],[-70.07,42.06],[-70.24,42.07],[-69.99,41.83],[-70.33,41.71],[-70.65,41.96],[-70.76,42.25],[-71.04,42.3],[-70.87,42.54],[-70.58,42.65],[-70.75,42.65],[-70.81,42.89],[-70.57,43.3],[-70.19,43.58],[-70.17,43.78],[-69.99,43.88],[-69.83,43.72],[-69.87,43.99],[-69.77,44.07],[-69.72,43.79],[-69.62,44.04],[-69.65,43.9],[-69.53,44.02],[-69.5,43.85],[-69.37,44.05],[-69.25,43.94],[-68.8,44.57],[-68.81,44.33],[-68.55,44.32],[-68.56,44.42],[-68.32,44.47],[-68.06,44.35],[-67.78,44.55],[-67.56,44.55],[-67.55,44.67],[-67.26,44.64],[-66.97,44.83],[-67.18,44.9],[-67.03,44.98],[-67.16,45.17],[-67.46,45.26],[-67.41,45.59],[-67.79,45.7],[-67.79,47.07],[-68.21,47.34],[-68.89,47.19],[-69.05,47.43],[-69.24,47.47],[-70.01,46.7],[-70.06,46.43],[-70.29,46.2],[-70.26,45.91],[-70.69,45.57],[-70.88,45.24],[-71.32,45.3],[-71.49,45.02],[-75,44.98],[-76.44,44.1],[-76.81,43.63],[-78.72,43.63],[-79.18,43.47],[-78.92,42.94],[-78.99,42.82],[-80.09,42.4],[-81.25,42.22],[-82.43,41.68],[-82.7,41.68],[-83.08,41.87],[-83.14,42.2],[-82.54,42.6],[-82.13,43.59],[-82.54,45.36],[-83.6,45.83],[-83.45,46.01],[-83.57,46.1],[-83.95,46.07],[-84.13,46.53],[-84.56,46.47],[-84.78,46.65],[-84.86,46.91],[-88.37,48.31],[-89.36,47.98],[-90.75,48.09],[-90.87,48.24],[-91.42,48.04],[-92.04,48.35],[-92.36,48.23],[-92.95,48.62],[-93.72,48.51],[-93.86,48.63],[-94.61,48.72],[-94.93,49.36],[-95.15,49.37],[-95.15,49],[-122.76,49],[-122.44,48.59],[-122.49,48.45],[-122.7,48.49],[-122.39,48.31],[-122.53,48.18],[-122.37,48.21],[-122.29,47.96],[-122.42,47.67],[-122.31,47.37],[-122.72,47.12],[-122.89,47.16],[-122.88,47.06],[-123.06,47.16],[-122.8,47.4],[-122.75,47.19],[-122.62,47.42],[-122.67,47.32],[-122.55,47.29],[-122.54,47.59],[-122.68,47.64],[-122.46,47.76],[-122.57,47.94],[-123.08,47.44],[-122.88,47.41],[-123.15,47.37],[-122.85,47.83],[-122.75,47.76],[-122.63,47.92],[-122.75,48.15],[-123.9,48.17],[-124.71,48.4],[-124.66,48],[-124.36,47.67],[-124.16,46.94],[-124.07,47.07],[-123.8,46.98],[-124.1,46.86],[-124.08,46.75],[-123.76,46.69],[-123.94,46.64],[-123.94,46.39],[-124.04,46.66],[-124,46.32],[-123.16,46.2],[-123.95,46.18],[-123.87,45.53],[-124.06,44.79],[-124.12,43.73],[-124.3,43.4],[-124.14,43.37],[-124.38,43.32],[-124.52,42.87],[-124.04,41.43],[-124.14,40.81],[-124.38,40.45],[-123.77,39.71],[-123.7,38.93],[-122.96,38.29],[-122.8,38.08],[-122.93,38.16],[-122.96,38.06],[-122.51,37.83],[-122.42,37.88],[-122.48,38.12],[-122.37,38.16],[-122.11,38.06],[-121.59,38.12],[-121.43,38.01],[-122.23,38.06],[-122.39,37.96],[-122.01,37.47],[-122.36,37.62],[-122.38,37.81],[-122.48,37.79],[-122.5,37.57],[-122.38,37.2],[-121.76,36.81],[-121.94,36.59],[-121.87,36.32],[-120.92,35.45],[-120.86,35.23],[-120.62,35.14],[-120.61,34.56],[-119.58,34.42],[-119.13,34.11],[-118.53,34.05],[-118.4,33.75],[-118.13,33.77],[-117.48,33.33],[-117.12,32.54],[-114.72,32.72],[-114.8,32.5],[-111.05,31.33],[-108.21,31.33],[-108.21,31.78],[-106.4,31.75],[-106.21,31.47],[-104.93,30.61],[-104.54,29.67],[-103.37,29.02],[-103.16,28.98],[-102.67,29.74],[-102.3,29.89],[-101.41,29.77],[-100.8,29.26],[-100.28,28.28],[-99.5,27.57],[-99.46,27.05],[-99.1,26.44],[-98.2,26.06],[-97.65,26.03],[-97.42,25.84],[-97.15,26.04],[-97.24,25.98],[-97.56,26.84],[-97.43,27.26],[-97.63,27.25],[-97.77,27.45],[-97.41,27.33],[-97.28,27.66],[-97.52,27.86],[-97.19,27.82],[-97.02,28.03],[-97.21,28.07],[-97.17,28.16],[-96.88,28.14],[-96.8,28.47],[-96.66,28.32],[-96.4,28.44],[-96.64,28.71],[-96.41,28.6],[-96.44,28.76],[-96.19,28.7],[-96.22,28.58],[-95.95,28.6],[-95.15,29.05],[-94.89,29.34],[-95.06,29.72],[-94.76,29.79],[-94.77,29.57],[-94.48,29.56],[-94.75,29.37],[-93.86,29.68],[-93.96,29.82],[-93.85,29.99],[-93.85,29.71],[-93.24,29.79],[-92.34,29.54],[-92.1,29.62],[-92.15,29.77],[-91.9,29.84],[-91.13,29.35],[-91.15,29.25],[-91.34,29.32],[-91.25,29.24],[-90.77,29.11],[-90.44,29.33],[-90.21,29.09],[-90.07,29.18],[-90.03,29.43],[-90.18,29.57],[-89.39,29.09],[-89.27,29.15],[-89.39,28.93],[-89.01,29.2],[-89.75,29.63],[-89.48,29.83],[-89.4,29.76],[-89.4,30.05],[-89.66,29.87],[-89.84,29.98],[-89.67,30.17],[-90.35,30.06],[-90.43,30.18],[-90.24,30.38],[-89.59,30.15],[-88.98,30.42],[-88.13,30.32],[-88.02,30.7],[-87.76,30.3],[-87.87,30.23],[-87.57,30.28],[-87.42,30.48],[-87.42,30.34],[-87.46,30.3]]],[[[-80.64,28.6],[-80.74,28.53],[-80.66,28.24],[-80.62,28.59],[-80.64,28.6]]],[[[-86.72,30.41],[-87.27,30.32],[-86.73,30.41],[-86.72,30.41]]],[[[-120.04,34.02],[-120.23,34.01],[-120.17,33.93],[-120,33.99],[-120.04,34.02]]],[[[-118.29,33.33],[-118.59,33.49],[-118.3,33.31],[-118.29,33.33]]],[[[-118.37,32.83],[-118.59,33.04],[-118.41,32.82],[-118.37,32.83]]],[[[-91.78,29.49],[-91.72,29.56],[-91.92,29.64],[-92.03,29.58],[-91.84,29.48],[-91.78,29.49]]],[[[-119.87,34.08],[-119.84,33.97],[-119.53,34.02],[-119.7,34.05],[-119.87,34.08]]]]}},{"type":"Feature","properties":{"NAME":"Alaska","ABBREVN":"Alaska","SUBJECTO":"Alaska","BORDERPRECISION":3,"PARTOF":"Alaska"},"geometry":{"type":"MultiPolygon","coordinates":[[[[-177.81,51.72],[-177.94,51.92],[-178.18,51.9],[-177.95,51.76],[-178.09,51.66],[-177.91,51.59],[-177.88,51.68],[-177.81,51.72]]],[[[-176.01,51.83],[-176.22,51.83],[-176.01,51.81],[-176.01,51.83]]],[[[-176.26,51.78],[-176.42,51.85],[-176.33,51.72],[-176.26,51.78]]],[[[-176.55,51.84],[-176.64,51.86],[-176.55,51.98],[-176.78,51.94],[-176.94,51.58],[-176.43,51.73],[-176.47,51.84],[-176.55,51.84]]],[[[-177.62,51.69],[-177.15,51.7],[-177.04,51.89],[-177.16,51.94],[-177.24,51.79],[-177.64,51.68],[-177.62,51.69]]],[[[-173.54,52.12],[-174.05,52.13],[-173.92,52.05],[-172.96,52.08],[-173.51,52.11],[-173.54,52.12]]],[[[-173.99,52.29],[-174.18,52.42],[-174.43,52.32],[-174.23,52.25],[-174.5,52.13],[-175.33,52.02],[-174.14,52.12],[-173.99,52.29]]],[[[-170.56,52.65],[-170.82,52.62],[-170.8,52.53],[-170.61,52.59],[-170.56,52.65]]],[[[-169.68,52.82],[-170,52.84],[-169.71,52.78],[-169.68,52.82]]],[[[-172.52,52.25],[-172.3,52.32],[-172.41,52.39],[-172.6,52.25],[-172.52,52.25]]],[[[-176.04,51.96],[-176.13,52.11],[-176.17,51.99],[-176.06,51.96],[-176.04,51.96]]],[[[-166.12,53.77],[-166.11,53.85],[-166.29,53.79],[-166.22,53.71],[-166.12,53.77]]],[[[-164.93,54.12],[-165.22,54.09],[-164.96,54.08],[-164.93,54.12]]],[[[-165.7,54.08],[-165.98,54.22],[-166.07,54.05],[-165.78,54.06],[-165.7,54.08]]],[[[-165.49,54.17],[-165.49,54.29],[-165.67,54.26],[-165.56,54.11],[-165.49,54.17]]],[[[-162.54,54.38],[-162.82,54.5],[-162.62,54.37],[-162.54,54.38]]],[[[-168.33,53.21],[-167.85,53.38],[-167.8,53.5],[-168.24,53.53],[-168.41,53.41],[-168.37,53.25],[-168.74,53.2],[-169.09,52.83],[-168.34,53.18],[-168.33,53.21]]],[[[-166.64,53.87],[-166.67,54.01],[-167.02,53.96],[-167.15,53.82],[-166.77,53.73],[-166.8,53.65],[-167.03,53.7],[-167.16,53.46],[-167.84,53.31],[-167.55,53.27],[-166.65,53.49],[-166.28,53.68],[-166.34,53.78],[-166.57,53.71],[-166.22,53.92],[-166.38,54],[-166.6,53.83],[-166.64,53.87]]],[[[-134.79,57.34],[-134.97,57.41],[-134.79,57.3],[-134.79,57.34]]],[[[-135.72,56.99],[-135.55,57.23],[-135.76,57.33],[-135.8,56.99],[-135.72,56.99]]],[[[-134.69,58.17],[-134.97,58.37],[-134.66,57.6],[-134.35,57.54],[-134.55,57.48],[-134.32,57.33],[-134.5,57.37],[-134.58,57.03],[-134.16,57.19],[-134.08,57.27],[-134.17,57.38],[-133.94,57.3],[-133.86,57.37],[-134.05,57.49],[-133.86,57.46],[-134.27,57.87],[-134.24,58.07],[-133.88,57.67],[-134.17,58.16],[-134.67,58.16],[-134.69,58.17]]],[[[-134.56,58.34],[-134.63,58.25],[-134.27,58.19],[-134.51,58.34],[-134.56,58.34]]],[[[-171.47,63.61],[-171.73,63.79],[-171.85,63.51],[-171.74,63.38],[-171.45,63.31],[-170.86,63.46],[-169.81,63.13],[-169.67,62.94],[-169.28,63.2],[-168.82,63.16],[-168.72,63.31],[-169.52,63.35],[-170.33,63.7],[-171.37,63.6],[-171.47,63.61]]],[[[-147.94,60.88],[-148.06,60.93],[-148.13,60.8],[-147.91,60.82],[-147.94,60.88]]],[[[-148.12,60.65],[-148.19,60.76],[-148.15,60.64],[-148.12,60.65]]],[[[-162.38,63.54],[-162.4,63.64],[-162.67,63.61],[-162.56,63.54],[-162.38,63.54]]],[[[-165.14,66.48],[-164.77,66.53],[-165.12,66.49],[-165.14,66.48]]],[[[-144.56,59.82],[-144.28,60],[-144.6,59.81],[-144.56,59.82]]],[[[-172.52,60.39],[-172.92,60.6],[-173.05,60.5],[-172.59,60.32],[-172.21,60.32],[-172.48,60.39],[-172.52,60.39]]],[[[-147.96,60.15],[-148.14,60],[-147.88,60.11],[-147.96,60.15]]],[[[-145.11,60.41],[-145.28,60.33],[-145.14,60.3],[-145.09,60.41],[-145.11,60.41]]],[[[-146.34,60.41],[-146.61,60.47],[-146.72,60.36],[-146.49,60.37],[-146.62,60.24],[-146.08,60.4],[-146.31,60.41],[-146.34,60.41]]],[[[-147.73,60.39],[-147.63,60.47],[-147.78,60.48],[-147.88,60.33],[-147.83,60.18],[-147.71,60.38],[-147.73,60.39]]],[[[-148.06,60.19],[-148.29,60.02],[-148.04,60.19],[-148.06,60.19]]],[[[-148.03,60.29],[-147.99,60.39],[-148.08,60.28],[-148.03,60.29]]],[[[-146.13,60.47],[-145.77,60.62],[-146.25,60.45],[-146.13,60.47]]],[[[-170.16,57.17],[-170.39,57.2],[-170.25,57.13],[-170.16,57.17]]],[[[-153.25,57],[-152.89,57.14],[-153.23,57.21],[-153.4,57.06],[-153.31,56.99],[-153.25,57]]],[[[-153.22,57.81],[-153.46,57.97],[-153.54,57.93],[-153.25,57.81],[-153.22,57.81]]],[[[-135.95,57.53],[-135.69,57.36],[-135.55,57.47],[-135.8,57.76],[-134.85,57.46],[-134.91,57.75],[-135.3,57.73],[-135.88,57.99],[-135.12,57.77],[-134.96,57.81],[-135.2,57.94],[-134.97,57.89],[-134.92,58.02],[-135.41,58.14],[-135.65,57.96],[-135.78,58.04],[-135.51,58.18],[-135.78,58.28],[-136.13,58.22],[-136.17,58.1],[-136.35,58.22],[-136.42,58.09],[-136.03,57.85],[-136.34,57.99],[-136.4,57.82],[-136.03,57.57],[-135.95,57.53]]],[[[-160.95,58.56],[-160.69,58.81],[-161.06,58.7],[-161.09,58.56],[-160.95,58.56]]],[[[-136.42,57.86],[-136.34,58.01],[-136.48,58.09],[-136.56,58.02],[-136.44,57.85],[-136.42,57.86]]],[[[-152.91,58],[-153.26,58.14],[-153.42,58.06],[-152.9,57.99],[-152.91,58]]],[[[-152.41,58.36],[-152.65,58.48],[-152.8,58.28],[-153.1,58.26],[-152.9,58.17],[-153.2,58.21],[-152.85,57.99],[-152.28,58.13],[-152.37,58.19],[-152.27,58.26],[-152.11,58.15],[-151.98,58.34],[-152.35,58.42],[-152.41,58.36]]],[[[-152.61,58.5],[-152.47,58.48],[-152.35,58.63],[-152.63,58.51],[-152.61,58.5]]],[[[-150.64,59.4],[-150.77,59.32],[-150.62,59.39],[-150.64,59.4]]],[[[-166.11,60.41],[-167.42,60.19],[-167.16,60.01],[-166.17,59.75],[-166.09,59.77],[-166.21,59.86],[-165.54,59.98],[-165.67,60.06],[-165.68,60.3],[-166.11,60.4],[-166.11,60.41]]],[[[-147.71,59.81],[-146.98,60.24],[-146.92,60.31],[-147.13,60.38],[-147.86,59.78],[-147.71,59.81]]],[[[-162.3,54.83],[-162.28,54.98],[-162.43,54.93],[-162.33,54.83],[-162.3,54.83]]],[[[-163.42,54.92],[-163.78,55.06],[-164.42,54.93],[-164.95,54.58],[-164.66,54.39],[-164.12,54.62],[-163.05,54.67],[-163.41,54.89],[-163.42,54.92]]],[[[-154.7,56.41],[-154.49,56.51],[-154.53,56.6],[-154.73,56.4],[-154.7,56.41]]],[[[-158.86,55.8],[-158.78,55.89],[-158.89,55.8],[-158.86,55.8]]],[[[-155.58,55.78],[-155.61,55.92],[-155.74,55.83],[-155.6,55.77],[-155.58,55.78]]],[[[-133.51,55.69],[-133.3,55.79],[-133.55,55.83],[-133.68,55.78],[-133.53,55.69],[-133.51,55.69]]],[[[-133.23,55.79],[-133.29,55.9],[-133.25,55.78],[-133.23,55.79]]],[[[-132.18,56.17],[-132.52,56.34],[-132.69,56.22],[-132.63,56.05],[-132.14,55.93],[-132.11,56.12],[-132.18,56.17]]],[[[-133.64,55.93],[-133.28,56.13],[-133.57,56.13],[-133.79,55.96],[-133.7,55.9],[-133.64,55.93]]],[[[-134.24,55.84],[-134.11,55.92],[-134.34,55.91],[-134.25,55.82],[-134.24,55.84]]],[[[-132.25,56.2],[-132.01,56.13],[-132.04,56.36],[-132.37,56.48],[-132.27,56.21],[-132.25,56.2]]],[[[-133.99,56.87],[-134.25,56.94],[-134.11,56.84],[-134.41,56.83],[-134.3,56.56],[-134.06,56.55],[-134.05,56.36],[-134.17,56.44],[-134.28,56.35],[-134.22,56.07],[-134.11,56],[-134.06,56.31],[-133.95,56.09],[-133.97,56.36],[-133.85,56.35],[-133.92,56.61],[-133.69,56.6],[-133.83,56.8],[-134.01,56.64],[-133.93,56.8],[-133.99,56.87]]],[[[-132.82,56.23],[-132.64,56.28],[-132.7,56.46],[-133.06,56.35],[-132.84,56.23],[-132.82,56.23]]],[[[-133.45,55.43],[-133.48,55.52],[-133.6,55.45],[-133.51,55.43],[-133.45,55.43]]],[[[-133.58,55.5],[-133.72,55.54],[-133.64,55.44],[-133.58,55.5]]],[[[-133.29,55.48],[-133.42,55.54],[-133.35,55.45],[-133.29,55.48]]],[[[-131.23,54.88],[-131.25,55],[-131.48,54.93],[-131.34,54.86],[-131.23,54.88]]],[[[-132.61,54.77],[-132.62,54.9],[-132.78,54.93],[-132.63,54.75],[-132.61,54.77]]],[[[-159.84,55.14],[-159.88,55.28],[-160.01,55.11],[-160.19,55.11],[-160.12,55.02],[-160.22,54.87],[-159.89,55.1],[-159.84,55.14]]],[[[-159.38,54.95],[-159.44,55.05],[-159.43,54.94],[-159.38,54.95]]],[[[-132.67,54.68],[-133.19,55.23],[-133.12,54.94],[-132.68,54.67],[-132.67,54.68]]],[[[-132.67,55.04],[-132.82,55.19],[-132.87,55.03],[-132.73,55],[-132.67,55.04]]],[[[-161.64,55.11],[-161.9,55.15],[-161.74,55.05],[-161.64,55.11]]],[[[-160.7,55.4],[-160.85,55.33],[-160.81,55.12],[-160.46,55.19],[-160.66,55.39],[-160.7,55.4]]],[[[-159.52,55.06],[-159.54,55.25],[-159.65,55.05],[-159.52,55.06]]],[[[-160.32,55.28],[-160.35,55.37],[-160.53,55.32],[-160.33,55.25],[-160.32,55.28]]],[[[-131.39,55.21],[-131.58,55.25],[-131.59,54.99],[-131.38,55.01],[-131.37,55.2],[-131.39,55.21]]],[[[-133.25,55.21],[-133.3,55.33],[-133.43,55.31],[-133.32,55.19],[-133.25,55.21]]],[[[-131.62,55.28],[-131.85,55.42],[-131.73,55.14],[-131.62,55.28]]],[[[-133.56,55.31],[-133.45,55.41],[-133.57,55.42],[-133.68,55.31],[-133.6,55.23],[-133.56,55.31]]],[[[-131.06,55.81],[-131.26,55.96],[-131.68,55.83],[-131.7,55.53],[-131.82,55.45],[-131.52,55.29],[-131.49,55.51],[-131.46,55.33],[-131.33,55.43],[-131.35,55.64],[-131.27,55.43],[-131.46,55.3],[-131.29,55.28],[-131.22,55.4],[-131.28,55.23],[-131.14,55.2],[-130.93,55.64],[-131.06,55.81]]],[[[-133.49,56.34],[-133.61,56.35],[-133.61,56.21],[-133.27,56.15],[-133.24,55.9],[-133.14,55.88],[-133.37,55.62],[-132.92,55.62],[-133.13,55.49],[-132.87,55.35],[-133.26,55.34],[-132.69,55.14],[-132.65,55.24],[-132.51,55.11],[-132.6,54.97],[-132.13,54.69],[-131.95,54.79],[-131.97,55.03],[-132.21,54.99],[-131.97,55.22],[-132.24,55.19],[-132.09,55.27],[-132.56,55.57],[-132.14,55.48],[-132.62,55.92],[-133.07,56.05],[-133.13,56.12],[-133.02,56.17],[-133.18,56.33],[-133.35,56.33],[-133.49,56.34]]],[[[-132.9,56.62],[-132.9,56.5],[-132.54,56.57],[-132.8,56.79],[-132.92,56.75],[-132.88,56.63],[-132.9,56.62]]],[[[-132.97,56.61],[-132.93,56.85],[-133.05,56.98],[-133.91,57.08],[-134.02,57.01],[-133.74,56.89],[-133.88,56.9],[-133.7,56.83],[-133.64,56.44],[-133.08,56.53],[-133.35,56.84],[-133.01,56.6],[-132.97,56.61]]],[[[-134.95,57.36],[-135.42,57.55],[-135.52,57.51],[-135.48,57.36],[-135.67,57.35],[-135.34,57.25],[-135.37,56.83],[-135.12,56.83],[-135.2,56.69],[-135.1,56.59],[-134.85,56.68],[-135.05,56.53],[-134.65,56.17],[-134.61,56.68],[-134.84,57.25],[-134.95,57.36]]],[[[-157,56.56],[-157.33,56.53],[-156.98,56.54],[-157,56.56]]],[[[-154.18,56.51],[-154.09,56.61],[-154.28,56.6],[-154.35,56.54],[-154.21,56.5],[-154.18,56.51]]],[[[-137.04,59.07],[-136.24,58.75],[-136.09,58.86],[-136.16,59.03],[-136.05,58.89],[-135.77,58.9],[-136.07,58.82],[-135.84,58.54],[-135.91,58.38],[-135.51,58.48],[-135.16,58.21],[-135.07,58.4],[-135.55,59.23],[-135.3,59.09],[-135.46,59.29],[-135.35,59.46],[-135.15,58.84],[-135.03,58.74],[-134.95,58.82],[-134.98,58.65],[-134.76,58.38],[-134.15,58.2],[-133.97,58.5],[-133.77,58.52],[-134.01,58.39],[-134.06,58.08],[-133.91,57.98],[-133.68,58.15],[-133.81,57.97],[-133.66,57.78],[-133.56,57.92],[-133.18,57.89],[-133.54,57.91],[-133.54,57.77],[-133.01,57.51],[-133.64,57.7],[-133.6,57.57],[-133.32,57.59],[-133.51,57.48],[-133.41,57.34],[-133.07,57.35],[-133.51,57.19],[-132.8,57.08],[-132.77,56.84],[-132.36,56.82],[-132.55,56.64],[-132.32,56.63],[-132.34,56.52],[-131.77,56.2],[-131.96,56.16],[-131.95,55.96],[-132.25,55.72],[-132.17,55.58],[-131.96,55.5],[-131.76,55.81],[-131.9,55.86],[-131.01,56.11],[-131.17,55.94],[-130.89,55.71],[-130.86,55.31],[-130.62,55.29],[-130.93,55.28],[-131.06,55.13],[-130.73,55.13],[-130.47,55.33],[-131.01,55],[-130.87,54.77],[-130.74,54.96],[-130.71,54.77],[-130.5,54.83],[-129.99,55.28],[-130.17,55.76],[-130.01,55.91],[-130.05,56.08],[-131.82,56.6],[-131.86,56.8],[-132.1,56.87],[-132.03,57.04],[-132.32,57.09],[-132.23,57.2],[-132.37,57.38],[-133.43,58.46],[-134.24,58.85],[-134.47,59.13],[-134.95,59.28],[-135.09,59.43],[-135.01,59.57],[-135.47,59.8],[-136.21,59.64],[-136.35,59.6],[-136.24,59.56],[-136.3,59.47],[-136.46,59.47],[-136.58,59.16],[-136.97,59.1],[-137.04,59.07]]],[[[-153.19,57.84],[-153.47,57.84],[-153.32,57.73],[-153.51,57.63],[-153.64,57.87],[-153.93,57.81],[-153.59,57.61],[-153.87,57.64],[-153.64,57.28],[-154.03,57.65],[-154.35,57.65],[-154.73,57.42],[-154.8,57.28],[-154.61,57.26],[-154.53,57],[-154.29,56.85],[-154.11,57.12],[-154.47,57.12],[-154.02,57.11],[-154.1,56.96],[-153.74,57.13],[-154.14,56.74],[-153.55,56.98],[-153.73,57.06],[-152.98,57.24],[-153.17,57.35],[-152.68,57.28],[-152.6,57.37],[-152.77,57.46],[-153.04,57.43],[-152.93,57.52],[-152.36,57.42],[-152.15,57.61],[-152.55,57.7],[-152.35,57.84],[-152.62,57.93],[-152.88,57.73],[-152.81,57.91],[-153.26,58],[-153.15,57.86],[-153.19,57.84]]],[[[-141,69.64],[-143.22,70.11],[-144.95,69.97],[-145.8,70.15],[-147.71,70.21],[-149.32,70.5],[-150.78,70.5],[-151.23,70.37],[-151.97,70.45],[-151.74,70.56],[-152.62,70.56],[-152.08,70.58],[-152.49,70.65],[-152.28,70.84],[-153.25,70.93],[-154.57,70.82],[-154.68,70.88],[-154.61,71.02],[-154.97,71.12],[-155.06,71.01],[-155.07,71.15],[-155.27,71.09],[-155.19,70.99],[-155.97,70.76],[-155.99,70.9],[-156.18,70.92],[-155.74,71],[-155.55,71.09],[-155.59,71.17],[-156.7,71.34],[-157.76,70.88],[-159.22,70.7],[-159.45,70.78],[-159.17,70.88],[-159.67,70.8],[-160.12,70.61],[-159.31,70.53],[-159.82,70.48],[-159.84,70.27],[-160.02,70.47],[-160.19,70.47],[-159.93,70.59],[-161.86,70.16],[-162.11,70.15],[-161.77,70.26],[-161.94,70.31],[-162.96,69.78],[-163.12,69.38],[-163.6,69.13],[-164.32,68.93],[-166.21,68.88],[-166.23,68.57],[-166.37,68.42],[-166.82,68.35],[-165.39,68.05],[-164.12,67.61],[-163.73,67.11],[-162.56,67.01],[-162.34,67.16],[-162.46,67],[-161.51,66.98],[-161.8,66.9],[-161.9,66.73],[-161.5,66.53],[-161.14,66.65],[-160.26,66.65],[-160.26,66.39],[-160.78,66.37],[-161.19,66.54],[-161.63,66.46],[-162.08,66.66],[-162.33,66.96],[-162.63,66.87],[-161.9,66.53],[-161.92,66.28],[-161.73,66.4],[-161.16,66.35],[-161,66.25],[-161.09,66.12],[-161.18,66.12],[-161.08,66.23],[-161.52,66.27],[-161.82,65.97],[-162.06,66.07],[-163.73,66.08],[-164.17,66.19],[-163.86,66.28],[-163.76,66.52],[-163.93,66.58],[-163.64,66.57],[-164.29,66.6],[-165.76,66.32],[-165.87,66.22],[-165.51,66.16],[-166.26,66.18],[-167.49,65.84],[-167.56,65.72],[-168.13,65.67],[-167.46,65.42],[-166.05,65.25],[-166.81,65.12],[-166.94,65.18],[-166.87,65.28],[-166.96,65.18],[-166.42,64.92],[-166.46,64.7],[-166.12,64.57],[-165.03,64.44],[-163.82,64.59],[-163.14,64.41],[-163.04,64.52],[-163.35,64.59],[-163.17,64.66],[-162.76,64.34],[-162.11,64.72],[-161.43,64.77],[-161.17,64.94],[-161,64.94],[-161.15,64.92],[-160.78,64.72],[-161.02,64.51],[-161.39,64.54],[-161.53,64.42],[-161.19,64.41],[-160.77,63.85],[-161.15,63.51],[-162.14,63.43],[-162.03,63.48],[-162.31,63.54],[-163.11,63.05],[-163.99,63.25],[-164.4,63.21],[-164.58,63.13],[-164.32,63.01],[-164.7,63.02],[-164.88,62.84],[-164.79,62.65],[-164.49,62.75],[-164.85,62.57],[-164.64,62.42],[-165,62.54],[-165.25,62.45],[-165.7,62.12],[-165.76,62.02],[-165.63,61.85],[-166.09,61.82],[-165.83,61.68],[-166.15,61.71],[-166.2,61.59],[-166.12,61.49],[-165.79,61.52],[-165.9,61.36],[-165.37,61.07],[-165.4,61.2],[-165.2,61.41],[-164.72,61.63],[-165.37,61.2],[-165.16,61.17],[-165.14,61.26],[-165.11,61.08],[-164.82,61.1],[-165.15,60.93],[-164.05,60.86],[-163.67,60.99],[-163.56,60.9],[-163.89,60.85],[-163.41,60.76],[-163.65,60.59],[-163.98,60.78],[-164.41,60.55],[-164.27,60.78],[-164.71,60.91],[-165.42,60.55],[-164.98,60.54],[-165.14,60.44],[-165.04,60.36],[-164.09,59.98],[-164.21,59.95],[-164.07,59.82],[-163.34,59.82],[-162.51,60],[-162.45,60.19],[-162.57,60.32],[-162.26,60.62],[-161.88,60.7],[-162.22,60.58],[-162.37,60.17],[-162.16,60.24],[-162.24,60.06],[-161.71,59.5],[-161.96,59.38],[-161.96,59.11],[-161.57,59.11],[-161.79,59.02],[-161.7,58.76],[-162.13,58.63],[-161.35,58.66],[-161.25,58.79],[-160.32,59.06],[-160.32,58.95],[-159.91,58.77],[-159.62,58.94],[-159.06,58.43],[-158.84,58.4],[-158.71,58.49],[-158.91,58.77],[-158.78,58.77],[-158.82,58.97],[-158.7,58.88],[-158.5,59.04],[-158.54,59.17],[-157.99,58.9],[-158.49,59],[-158.56,58.81],[-158.23,58.61],[-157.11,58.87],[-156.78,59.15],[-157.07,58.74],[-157.55,58.39],[-157.54,58.27],[-157.14,58.16],[-157.4,58.2],[-157.61,58.08],[-157.71,57.66],[-157.4,57.49],[-157.79,57.55],[-158.36,57.28],[-158.7,56.98],[-158.64,56.76],[-159.03,56.8],[-160.35,56.29],[-160.57,55.99],[-160.25,55.77],[-160.79,55.88],[-160.68,55.7],[-161.07,55.93],[-161.78,55.89],[-162.24,55.69],[-162.55,55.34],[-163.33,55.12],[-163.35,54.81],[-163.05,54.93],[-163.21,55.01],[-163.18,55.14],[-162.87,54.93],[-162.57,54.96],[-162.71,55.21],[-162.64,55.3],[-162.47,55.04],[-161.98,55.1],[-162.04,55.23],[-161.7,55.4],[-161.61,55.61],[-161.15,55.53],[-161.48,55.48],[-161.51,55.37],[-161.25,55.35],[-160.9,55.52],[-160.67,55.47],[-160.76,55.53],[-160.63,55.57],[-160.48,55.49],[-160.42,55.63],[-159.84,55.85],[-159.62,55.81],[-159.74,55.61],[-159.63,55.59],[-159.36,55.87],[-158.68,55.95],[-158.6,56.19],[-158.48,56.18],[-158.6,56.1],[-158.5,56],[-158.4,56.18],[-158.13,56.24],[-158.33,56.17],[-158.22,56.28],[-158.45,56.34],[-158.64,56.26],[-158.43,56.44],[-157.88,56.47],[-157.89,56.57],[-158.12,56.56],[-157.79,56.68],[-157.47,56.62],[-157.58,56.71],[-157.43,56.86],[-157.19,56.77],[-156.94,56.96],[-156.55,56.98],[-156.34,57.17],[-156.33,57.28],[-156.49,57.33],[-155.73,57.55],[-155.61,57.79],[-155.31,57.73],[-155.03,58.01],[-154.24,58.13],[-154.11,58.28],[-154.35,58.28],[-154.01,58.38],[-154.1,58.48],[-153.26,58.86],[-153.71,59.07],[-154.18,59.03],[-154.26,59.13],[-154,59.35],[-154.14,59.38],[-153.74,59.44],[-153.42,59.77],[-153.33,59.73],[-153.4,59.65],[-153.16,59.66],[-153,59.82],[-153.23,59.87],[-152.83,59.88],[-152.61,60.02],[-153.08,60.3],[-152.42,60.29],[-152.23,60.56],[-151.71,60.73],[-151.8,60.85],[-151.58,60.98],[-150.63,61.29],[-149.99,61.26],[-149.63,61.49],[-149.25,61.49],[-150.06,61.16],[-149.03,60.85],[-150.16,60.92],[-150.4,61.04],[-151.41,60.73],[-151.3,60.39],[-151.88,59.76],[-151.47,59.64],[-151,59.78],[-151.45,59.47],[-151.9,59.41],[-151.98,59.28],[-151.75,59.16],[-150.91,59.24],[-150.54,59.59],[-150.49,59.46],[-150.22,59.72],[-150.34,59.47],[-149.96,59.66],[-150.03,59.8],[-149.75,59.66],[-149.73,59.95],[-149.52,59.73],[-149.63,59.82],[-149.42,60.12],[-149.27,59.87],[-149.08,60.06],[-149.07,59.96],[-148.44,59.95],[-148.32,60.16],[-148.1,60.21],[-148.37,60.25],[-147.94,60.45],[-148.09,60.6],[-148.69,60.45],[-148.2,60.62],[-148.23,60.77],[-148.7,60.67],[-148.46,60.8],[-148.69,60.79],[-148.34,60.81],[-148.16,61.06],[-148.4,61.05],[-148.07,61.02],[-147.72,61.28],[-148.05,60.95],[-147.86,60.83],[-147.6,60.9],[-147.55,61.15],[-147.54,60.92],[-147.37,60.89],[-146.3,61.13],[-146.76,60.95],[-146.55,60.82],[-146.13,60.85],[-146.64,60.69],[-146.04,60.8],[-146.26,60.65],[-145.63,60.67],[-145.86,60.49],[-145.29,60.35],[-144.61,60.72],[-144.93,60.29],[-144.25,60.19],[-143.9,59.99],[-142.72,60.11],[-141.73,59.95],[-141.38,60.03],[-141.47,60.11],[-141.38,60.14],[-141.26,60.02],[-141.38,59.87],[-140.31,59.7],[-139.5,60.03],[-138.9,59.81],[-139.27,59.8],[-139.29,59.57],[-139.32,59.87],[-139.48,59.99],[-139.62,59.89],[-139.53,59.68],[-139.71,59.5],[-138.46,59.19],[-138.6,59.12],[-138.2,59.03],[-137.68,58.66],[-137.46,58.67],[-137.59,58.59],[-136.6,58.22],[-136.65,58.33],[-136.37,58.3],[-136.54,58.36],[-136.48,58.42],[-136.05,58.36],[-136.12,58.56],[-136.52,58.61],[-136.34,58.68],[-136.58,58.84],[-137.12,58.82],[-136.98,58.99],[-137.06,59.06],[-137.5,58.91],[-137.59,59.24],[-139.16,60.07],[-139.07,60.34],[-139.68,60.34],[-139.98,60.19],[-141,60.31],[-141,69.53],[-141,69.64]]]]}},{"type":"Feature","properties":{"NAME":"Hawaii","ABBREVN":"Hawaii","SUBJECTO":"Hawaii","BORDERPRECISION":3,"PARTOF":"Hawaii"},"geometry":{"type":"MultiPolygon","coordinates":[[[[-155.01,19.33],[-154.8,19.54],[-155.18,19.99],[-155.85,20.28],[-155.81,20],[-156.05,19.77],[-155.86,19.03],[-155.66,18.93],[-155.5,19.14],[-155.15,19.28],[-155.01,19.33]]],[[[-156.84,20.77],[-157.01,20.93],[-156.9,20.74],[-156.84,20.77]]],[[[-156.37,20.92],[-156.6,21.05],[-156.7,20.93],[-156.47,20.79],[-156.42,20.59],[-156,20.71],[-156.36,20.94],[-156.37,20.92]]],[[[-156.81,21.17],[-157.24,21.2],[-157.3,21.09],[-156.88,21.05],[-156.71,21.14],[-156.79,21.18],[-156.81,21.17]]],[[[-157.73,21.41],[-157.96,21.7],[-158.27,21.58],[-158.24,21.48],[-158.1,21.3],[-157.67,21.32],[-157.73,21.41]]],[[[-160.18,21.84],[-160.07,21.91],[-160.09,22.02],[-160.2,21.92],[-160.2,21.78],[-160.18,21.84]]],[[[-159.43,21.88],[-159.29,22.13],[-159.4,22.24],[-159.79,22.06],[-159.46,21.88],[-159.43,21.88]]]]}},{"type":"Feature","properties":{"NAME":"Puerto Rico","ABBREVN":"Puerto Rico","SUBJECTO":"Puerto Rico","BORDERPRECISION":3,"PARTOF":"Puerto Rico"},"geometry":{"type":"MultiPolygon","coordinates":[[[[-65.84,18.06],[-65.6,18.23],[-65.64,18.38],[-65.89,18.45],[-67.1,18.52],[-67.27,18.37],[-67.18,17.93],[-66.2,17.92],[-65.84,18.04],[-65.84,18.06]]],[[[-65.53,18.08],[-65.3,18.15],[-65.55,18.09],[-65.53,18.08]]]]}},{"type":"Feature","properties":{"NAME":"Canada","ABBREVN":"Canada","SUBJECTO":"Canada","BORDERPRECISION":3,"PARTOF":"Canada"},"geometry":{"type":"MultiPolygon","coordinates":[[[[-79.75,56.91],[-79.9,56.89],[-79.72,56.8],[-79.75,56.91]]],[[[-79.71,57.5],[-79.79,57.58],[-79.8,57.42],[-79.71,57.5]]],[[[-79.49,56.66],[-79.58,56.81],[-79.57,56.62],[-79.49,56.66]]],[[[-79.88,56.75],[-79.81,56.83],[-79.92,56.86],[-79.9,56.74],[-79.88,56.75]]],[[[-69.23,58.97],[-69.18,59.13],[-69.35,59.14],[-69.32,58.95],[-69.23,58.97]]],[[[-80.27,59.62],[-80.23,59.72],[-80.32,59.61],[-80.27,59.62]]],[[[-80.09,59.75],[-79.88,59.85],[-80.01,59.89],[-80.17,59.75],[-80.09,59.75]]],[[[-64.43,60.37],[-64.82,60.49],[-64.73,60.36],[-64.46,60.37],[-64.43,60.37]]],[[[-68.25,60.23],[-67.81,60.41],[-68.09,60.58],[-68.38,60.3],[-68.31,60.22],[-68.25,60.23]]],[[[-64.82,61.36],[-64.67,61.51],[-64.73,61.66],[-65.44,61.66],[-65.48,61.59],[-64.88,61.32],[-64.82,61.36]]],[[[-130.94,54.46],[-130.74,54.6],[-130.89,54.63],[-130.96,54.46],[-130.94,54.46]]],[[[-130.26,54],[-130.41,54.1],[-130.66,53.99],[-130.7,53.84],[-130.67,53.96],[-130.35,53.99],[-130.46,53.88],[-130.38,53.83],[-130.23,53.97],[-130.26,54]]],[[[-79.1,54.9],[-79.77,54.78],[-79.13,54.9],[-79.1,54.9]]],[[[-78.84,56.13],[-78.65,56.24],[-78.73,56.44],[-78.93,56.12],[-78.84,56.13]]],[[[-79.62,56.39],[-79.55,56.52],[-80.1,56.24],[-79.64,56.36],[-79.62,56.39]]],[[[-79.1,55.8],[-78.95,56.08],[-79.13,55.79],[-79.1,55.8]]],[[[-79.22,55.96],[-78.92,56.41],[-79.29,56.57],[-79.41,56.21],[-79.53,56.21],[-79.47,56.55],[-79.53,56.3],[-79.96,55.96],[-79.86,55.85],[-79.5,56.13],[-79.78,55.79],[-79.48,55.86],[-79.17,56.23],[-79.18,56.04],[-79.22,55.96]]],[[[-130.44,54.78],[-130.61,54.76],[-130.44,54.76],[-130.44,54.78]]],[[[-130.46,54.82],[-130.27,54.83],[-130.18,55.02],[-130.42,54.85],[-130.46,54.82]]],[[[-128.92,53.33],[-129.02,53.54],[-129.14,53.35],[-128.94,53.32],[-128.92,53.33]]],[[[-129.08,53.46],[-128.82,53.71],[-129.15,53.64],[-129.16,53.39],[-129.08,53.46]]],[[[-130.11,53.65],[-130.27,53.8],[-130.4,53.68],[-130.1,53.57],[-130.11,53.65]]],[[[-92.96,61.88],[-93.22,61.92],[-93,61.85],[-92.96,61.88]]],[[[-64.89,61.73],[-64.89,61.83],[-65.19,61.95],[-65.21,61.82],[-64.92,61.72],[-64.89,61.73]]],[[[-65.7,61.78],[-65.94,61.79],[-65.72,61.75],[-65.7,61.78]]],[[[-77.94,63.47],[-78.38,63.48],[-78.57,63.44],[-78.52,63.37],[-77.95,63.09],[-77.57,63.2],[-77.5,63.27],[-77.64,63.4],[-77.92,63.48],[-77.94,63.47]]],[[[-74.35,62.68],[-74.59,62.68],[-74.18,62.6],[-74.01,62.66],[-74.31,62.68],[-74.35,62.68]]],[[[-64.65,62.54],[-64.97,62.47],[-64.65,62.37],[-64.39,62.46],[-64.58,62.54],[-64.65,62.54]]],[[[-79.54,62.41],[-79.94,62.39],[-80.27,62.11],[-80.28,61.81],[-79.84,61.57],[-79.26,62.16],[-79.45,62.38],[-79.54,62.41]]],[[[-81.91,62.95],[-83.4,62.9],[-83.94,62.44],[-83.71,62.14],[-82.77,62.29],[-81.97,62.69],[-81.87,62.92],[-81.91,62.95]]],[[[-77.84,62.55],[-78.11,62.58],[-77.88,62.54],[-77.84,62.55]]],[[[-70.71,62.81],[-71.24,62.88],[-70.85,62.77],[-70.75,62.55],[-70.21,62.58],[-70.66,62.8],[-70.71,62.81]]],[[[-108.36,67.47],[-108.34,67.57],[-108.49,67.56],[-108.39,67.47],[-108.36,67.47]]],[[[-64.03,67.56],[-63.76,67.52],[-63.97,67.65],[-64.03,67.56]]],[[[-108.13,67.46],[-108.22,67.57],[-108.27,67.47],[-108.17,67.45],[-108.13,67.46]]],[[[-62.18,66.24],[-62.42,66.23],[-62.2,66.22],[-62.18,66.24]]],[[[-62.64,67.07],[-62.38,67.16],[-62.54,67.19],[-62.9,67.06],[-62.65,67.05],[-62.64,67.07]]],[[[-107.91,67.31],[-107.9,67.49],[-108.07,67.43],[-107.94,67.31],[-107.91,67.31]]],[[[-63.37,67.3],[-63.8,67.3],[-63.4,67.27],[-63.37,67.3]]],[[[-107.41,67.08],[-107.6,67.21],[-107.5,67.07],[-107.41,67.08]]],[[[-95.53,67.22],[-95.31,67.25],[-95.55,67.24],[-95.53,67.22]]],[[[-107.9,66.86],[-107.83,67.01],[-107.93,66.85],[-107.9,66.86]]],[[[-62.92,67.02],[-63.14,67.07],[-62.94,67.01],[-62.92,67.02]]],[[[-108.06,67.48],[-107.92,67.54],[-108.09,67.68],[-108.09,67.47],[-108.06,67.48]]],[[[-62.3,65.71],[-62.46,65.66],[-62.2,65.61],[-62.13,65.68],[-62.26,65.7],[-62.3,65.71]]],[[[-65.49,64.52],[-65.21,64.63],[-65.29,64.74],[-65.66,64.51],[-65.49,64.52]]],[[[-64.85,63.41],[-65.05,63.55],[-64.85,63.39],[-64.85,63.41]]],[[[-64.09,63.49],[-64.2,63.64],[-64.1,63.48],[-64.09,63.49]]],[[[-64.18,63.86],[-64.4,63.85],[-64.18,63.79],[-64.18,63.86]]],[[[-64.93,64.24],[-65.09,64.35],[-65,64.21],[-64.93,64.24]]],[[[-73.7,64.32],[-73.75,64.41],[-73.83,64.33],[-73.7,64.27],[-73.7,64.32]]],[[[-64.77,64.34],[-64.93,64.42],[-64.86,64.31],[-64.77,64.34]]],[[[-77.69,63.95],[-77.59,64.03],[-77.95,64.01],[-77.74,63.93],[-77.69,63.95]]],[[[-64.1,63.32],[-64.37,63.67],[-64.49,63.62],[-64.42,63.47],[-64.07,63.27],[-64.1,63.32]]],[[[-76.68,63.37],[-76.54,63.46],[-76.71,63.57],[-77.34,63.7],[-77.42,63.59],[-76.7,63.37],[-76.68,63.37]]],[[[-64.58,63.78],[-64.55,63.9],[-64.92,63.81],[-64.45,63.67],[-64.39,63.74],[-64.53,63.77],[-64.58,63.78]]],[[[-73.56,64.31],[-73.53,64.57],[-73.68,64.51],[-73.58,64.31],[-73.56,64.31]]],[[[-85.5,65.8],[-85.5,65.93],[-85.73,65.88],[-86.1,65.53],[-86.18,64.82],[-86.4,64.44],[-86.2,64.1],[-86.94,63.9],[-87.21,63.7],[-87.15,63.57],[-85.72,63.72],[-85.59,63.63],[-85.58,63.17],[-85.22,63.12],[-84.48,63.38],[-84.29,63.62],[-83.63,63.77],[-83.68,64.01],[-83.53,64.11],[-83.07,64.19],[-82.96,64.14],[-83.09,63.96],[-82.37,63.91],[-82.55,63.75],[-82.48,63.68],[-81.08,63.45],[-80.17,63.77],[-80.89,64.12],[-80.94,63.99],[-81.38,64.09],[-81.99,64],[-81.61,64.13],[-81.78,64.32],[-81.76,64.5],[-83.2,64.94],[-83.41,65.14],[-84.09,65.2],[-84.23,65.27],[-84.15,65.34],[-84.56,65.48],[-84.93,65.21],[-85.01,65.42],[-85.31,65.54],[-85.05,65.61],[-85.16,65.78],[-85.47,65.79],[-85.5,65.8]]],[[[-74.18,64.44],[-74.34,64.5],[-74.43,64.45],[-74.28,64.41],[-74.18,64.44]]],[[[-84.67,65.56],[-84.59,65.69],[-85.08,66.03],[-85.18,65.95],[-85.12,65.76],[-84.74,65.55],[-84.67,65.56]]],[[[-83.29,65.84],[-83.56,65.86],[-83.31,65.83],[-83.29,65.84]]],[[[-83.92,66.01],[-84.47,66.07],[-84.19,65.97],[-84.13,65.76],[-83.69,65.75],[-83.84,65.65],[-83.22,65.71],[-83.73,65.8],[-83.73,65.95],[-83.92,66.01]]],[[[-66.76,44.67],[-66.78,44.81],[-66.88,44.62],[-66.76,44.67]]],[[[-60.95,45.5],[-60.9,45.58],[-61.1,45.55],[-61,45.46],[-60.95,45.5]]],[[[-71.11,46.85],[-70.81,47],[-71.12,46.87],[-71.11,46.85]]],[[[-64.07,46.75],[-64.02,47.04],[-64.42,46.69],[-64.11,46.62],[-64.13,46.41],[-63.75,46.39],[-63.81,46.33],[-63.65,46.23],[-63.29,46.14],[-62.97,46.32],[-63.11,46.21],[-62.89,46.16],[-62.97,46.07],[-62.84,45.97],[-62.5,45.98],[-62.47,46.15],[-62.6,46.18],[-61.97,46.45],[-63.22,46.41],[-63.65,46.57],[-63.78,46.44],[-64.03,46.74],[-64.07,46.75]]],[[[-61.43,45.67],[-61.17,45.55],[-60.51,45.62],[-59.84,45.94],[-59.87,46.18],[-60.35,46.31],[-60.64,46.07],[-60.31,46.21],[-60.79,45.94],[-60.4,45.99],[-60.81,45.72],[-61.15,45.7],[-60.74,46.06],[-61.11,45.95],[-60.43,46.28],[-60.61,46.2],[-60.33,46.87],[-60.6,47.03],[-60.87,46.8],[-61.46,46.14],[-61.46,45.71],[-61.43,45.67]]],[[[-64.48,47.92],[-64.7,47.83],[-64.64,47.73],[-64.5,47.85],[-64.48,47.92]]],[[[-61.84,47.39],[-61.38,47.63],[-61.93,47.41],[-62.01,47.22],[-61.8,47.23],[-61.96,47.27],[-61.91,47.35],[-61.84,47.39]]],[[[-126.67,49.58],[-126.64,49.77],[-126.77,49.88],[-126.97,49.74],[-126.69,49.58],[-126.67,49.58]]],[[[-124.11,49.67],[-124.03,49.77],[-124.2,49.7],[-124.13,49.65],[-124.11,49.67]]],[[[-124.92,50.06],[-124.98,50.23],[-125.06,50.11],[-124.97,50.04],[-124.92,50.06]]],[[[-125.15,50],[-125.16,50.2],[-125.34,50.26],[-125.17,49.98],[-125.15,50]]],[[[-124.66,50.21],[-124.78,50.27],[-124.7,50.16],[-124.66,50.21]]],[[[-124.75,50.16],[-124.92,50.3],[-124.81,50.11],[-124.75,50.16]]],[[[-125.17,50.37],[-125.28,50.43],[-125.39,50.29],[-125.21,50.32],[-125.14,50.13],[-125.06,50.24],[-125.17,50.37]]],[[[-123.33,49.45],[-123.44,49.52],[-123.37,49.43],[-123.33,49.45]]],[[[-126.05,49.26],[-126.23,49.38],[-126.07,49.25],[-126.05,49.26]]],[[[-125.8,49.15],[-125.93,49.22],[-125.82,49.13],[-125.8,49.15]]],[[[-123.59,48.89],[-123.52,48.72],[-123.37,48.76],[-123.59,48.9],[-123.59,48.89]]],[[[-123.32,48.87],[-123.7,49.1],[-123.38,48.86],[-123.32,48.87]]],[[[-62.17,49.4],[-63.14,49.78],[-64.14,49.95],[-64.5,49.88],[-63.84,49.64],[-63.54,49.38],[-62.37,49.1],[-61.66,49.14],[-62.09,49.39],[-62.17,49.4]]],[[[-124.12,49.49],[-124.62,49.8],[-124.15,49.49],[-124.12,49.49]]],[[[-127.87,51.45],[-128,51.72],[-128.14,51.66],[-127.91,51.41],[-127.87,51.45]]],[[[-79.25,52.07],[-79.63,52.02],[-79.61,51.92],[-79.32,51.97],[-79.25,52.07]]],[[[-128.05,51.75],[-127.95,52.05],[-128.06,52.06],[-128.25,51.87],[-128.13,51.74],[-128.05,51.75]]],[[[-79.84,53.08],[-79.86,53.17],[-79.91,53.08],[-79.84,53.08]]],[[[-80.67,52.75],[-81.11,53.2],[-81.86,53.18],[-82.05,53.04],[-80.71,52.69],[-80.67,52.75]]],[[[-129.29,52.97],[-129.49,53.19],[-129.31,52.97],[-129.29,52.97]]],[[[-131.46,52.63],[-131.47,52.73],[-131.69,52.73],[-131.6,52.59],[-131.46,52.63]]],[[[-128.96,52.46],[-128.92,52.61],[-129.26,52.83],[-128.98,52.45],[-128.96,52.46]]],[[[-128.26,52.6],[-128.17,52.82],[-128.33,52.77],[-128.28,52.6],[-128.26,52.6]]],[[[-128.45,52.81],[-128.51,52.87],[-128.54,52.7],[-128.45,52.78],[-128.45,52.81]]],[[[-128.52,52.94],[-128.62,53.16],[-129.02,53.31],[-129.19,53.02],[-129.1,52.9],[-128.87,53.03],[-129.01,53.14],[-128.84,53.04],[-129.12,52.86],[-128.89,52.65],[-128.64,52.96],[-128.75,52.6],[-128.6,52.61],[-128.52,52.9],[-128.52,52.94]]],[[[-131,52.01],[-131.11,52.15],[-131.03,51.94],[-131,52.01]]],[[[-128.23,52.22],[-128.38,52.22],[-128.31,52.13],[-128.23,52.22]]],[[[-128.05,52.18],[-127.91,52.19],[-127.98,52.3],[-128.16,52.25],[-128.09,52.19],[-128.05,52.18]]],[[[-127.95,52.08],[-127.89,52.17],[-128.03,52.16],[-128.06,52.07],[-127.95,52.08]]],[[[-128.15,52.09],[-128.25,52.17],[-128.21,52.02],[-128.15,52.09]]],[[[-127.71,51.98],[-127.58,52.17],[-127.21,52.33],[-127.26,52.44],[-127.79,52.22],[-127.88,51.95],[-127.71,51.98]]],[[[-128.15,52.28],[-128.11,52.42],[-128.18,52.28],[-128.15,52.28]]],[[[-128.63,52.47],[-128.75,52.37],[-128.67,52.27],[-128.62,52.45],[-128.63,52.47]]],[[[-128.47,52.49],[-128.54,52.65],[-128.81,52.54],[-128.47,52.46],[-128.47,52.49]]],[[[-128.39,52.37],[-128.28,52.49],[-128.38,52.79],[-128.44,52.37],[-128.39,52.37]]],[[[-132.41,53.13],[-132.56,53.15],[-132.51,53.04],[-132.11,52.99],[-132.32,52.9],[-131.94,52.77],[-132.08,52.73],[-131.26,52.12],[-131.01,52.22],[-131.33,52.29],[-131.23,52.44],[-131.4,52.38],[-131.98,52.88],[-131.6,52.96],[-131.96,53.05],[-131.6,53.04],[-131.8,53.25],[-132.38,53.13],[-132.41,53.13]]],[[[-126.23,50.56],[-126.57,50.55],[-126.31,50.53],[-126.23,50.56]]],[[[-126.07,49.39],[-126,49.32],[-125.9,49.42],[-125.97,49.23],[-125.8,49.31],[-125.75,49.15],[-125.61,49.21],[-125.77,49.1],[-125.5,48.92],[-124.96,48.98],[-124.81,49.24],[-124.84,49.02],[-125.18,48.8],[-125.1,48.72],[-123.58,48.3],[-123.29,48.41],[-123.81,49.12],[-124.79,49.46],[-125.46,50.33],[-126.56,50.48],[-127.88,50.87],[-128.41,50.77],[-128.05,50.45],[-127.6,50.55],[-127.87,50.62],[-127.42,50.58],[-127.57,50.51],[-127.45,50.37],[-127.57,50.48],[-127.92,50.46],[-127.98,50.34],[-127.79,50.22],[-127.89,50.11],[-127.16,50.1],[-127.24,49.97],[-127.13,49.85],[-126.8,49.91],[-126.59,49.7],[-126.09,49.66],[-126.57,49.58],[-126.54,49.37],[-126.12,49.42],[-126.07,49.39]]],[[[-126.88,50.67],[-127.14,50.63],[-126.83,50.63],[-126.88,50.67]]],[[[-126.26,50.66],[-126.18,50.75],[-126.28,50.83],[-126.55,50.73],[-126.61,50.66],[-126.46,50.64],[-126.26,50.66]]],[[[-132.51,53.16],[-131.96,53.27],[-131.87,53.79],[-131.66,54.14],[-132.07,54.02],[-132.16,53.72],[-132.46,53.61],[-132.66,53.68],[-132.11,53.87],[-132.25,54.09],[-132.66,53.94],[-132.57,54.11],[-133.07,54.17],[-133.1,53.78],[-132.86,53.46],[-132.41,53.34],[-132.71,53.37],[-132.56,53.33],[-132.68,53.28],[-132.54,53.18],[-132.51,53.16]]],[[[-129.88,53.39],[-130.46,53.64],[-130.53,53.55],[-129.93,53.16],[-129.73,53.21],[-129.88,53.39]]],[[[-129.16,53.1],[-129.23,53.33],[-129.34,53.19],[-129.26,53.1],[-129.16,53.1]]],[[[-79.94,53.27],[-79.94,53.37],[-80.07,53.35],[-80.02,53.27],[-79.94,53.27]]],[[[-129.96,53.81],[-130.29,53.84],[-129.93,53.64],[-130.05,53.6],[-129.88,53.58],[-129.56,53.21],[-129.43,53.41],[-129.83,53.73],[-129.96,53.81]]],[[[-89.99,73.99],[-90.24,74.05],[-90.01,73.98],[-89.99,73.99]]],[[[-97.65,74.46],[-97.3,74.55],[-97.39,74.63],[-97.76,74.51],[-97.68,74.46],[-97.65,74.46]]],[[[-95.31,74.5],[-95.63,74.64],[-95.84,74.56],[-95.33,74.5],[-95.31,74.5]]],[[[-74.31,78.68],[-74.19,78.73],[-74.56,78.78],[-74.71,78.73],[-74.33,78.68],[-74.31,78.68]]],[[[-86.32,78.88],[-85.25,78.98],[-85.65,79.06],[-86.29,78.99],[-86.39,78.88],[-86.32,78.88]]],[[[-99.47,80.11],[-100.07,80.09],[-100.18,79.91],[-99.3,79.85],[-99.3,79.75],[-98.83,79.66],[-98.65,79.79],[-98.77,80.02],[-99.44,80.11],[-99.47,80.11]]],[[[-95.04,80.67],[-96.14,80.67],[-94.98,80.63],[-95.04,80.67]]],[[[-77.68,77.79],[-77.6,77.86],[-77.88,77.85],[-77.85,77.77],[-77.68,77.79]]],[[[-88.29,78.24],[-88.09,78.46],[-88.36,78.24],[-88.29,78.24]]],[[[-94.31,78.19],[-94.69,78.27],[-94.37,78.16],[-94.31,78.19]]],[[[-101.65,78.14],[-101.68,78.23],[-101.88,78.16],[-101.68,78.14],[-101.65,78.14]]],[[[-103.05,78.12],[-102.79,78.2],[-102.9,78.27],[-103.28,78.17],[-103.11,78.12],[-103.05,78.12]]],[[[-96.77,78.68],[-97.6,78.81],[-98.37,78.77],[-98.02,78.54],[-98.39,78.47],[-98.04,78.39],[-98.06,78.31],[-96.88,78.14],[-97.76,78.03],[-97,77.92],[-97.1,77.81],[-96.91,77.79],[-95.11,77.95],[-94.89,78.11],[-95.39,78.23],[-94.83,78.36],[-96.71,78.68],[-96.77,78.68]]],[[[-109.41,78.56],[-110.79,78.74],[-113.04,78.44],[-113.28,78.3],[-112.13,78.37],[-111.43,78.27],[-111.14,78.39],[-109.43,78.3],[-109.26,78.46],[-109.33,78.52],[-109.41,78.56]]],[[[-103.59,79.33],[-105.44,79.33],[-105.62,79.17],[-105.55,79.02],[-104.7,79.03],[-105.01,78.8],[-104.13,78.99],[-103.83,78.9],[-104.21,78.78],[-103.32,78.73],[-104.04,78.63],[-103.4,78.62],[-103.53,78.5],[-105.01,78.52],[-104.49,78.27],[-102.78,78.38],[-102.67,78.36],[-102.8,78.29],[-102.62,78.24],[-101.06,78.2],[-100.61,77.88],[-100.21,77.81],[-99.02,77.89],[-99.09,77.96],[-98.95,78.06],[-99.79,78.3],[-99.86,78.44],[-99.54,78.58],[-100.02,78.62],[-99.89,78.69],[-100,78.74],[-101.18,78.8],[-100.99,78.93],[-101.65,79.08],[-102.36,79.02],[-102.59,78.87],[-102.72,78.94],[-102.61,79.09],[-103.4,79.3],[-103.59,79.33]]],[[[-96.68,80.04],[-96.4,80.05],[-96.6,79.96],[-96.14,79.91],[-96.58,79.85],[-95.9,79.65],[-94.33,79.78],[-94.33,79.69],[-94.7,79.61],[-95.74,79.54],[-95.76,79.41],[-95.09,79.27],[-94.38,79.42],[-94.06,79.38],[-94.21,79.27],[-93.87,79.26],[-93.32,79.45],[-93.12,79.36],[-93.05,79.48],[-92.28,79.45],[-92.57,79.37],[-92.15,79.34],[-91.12,79.39],[-92.63,79.3],[-92.21,79.2],[-90.37,79.25],[-93.29,79.17],[-94.29,78.98],[-93.04,78.75],[-93.81,78.77],[-93.24,78.58],[-91.66,78.56],[-92.95,78.43],[-92.08,78.21],[-90.97,78.14],[-90.35,78.14],[-90.27,78.18],[-90.36,78.26],[-90.74,78.32],[-90.24,78.34],[-89.46,78.17],[-89.98,78.44],[-90.05,78.61],[-88.82,78.15],[-88.54,78.4],[-88.8,78.61],[-88.21,78.45],[-87.89,78.57],[-88.22,78.79],[-88.16,78.99],[-87.75,79.09],[-87.98,78.96],[-88,78.82],[-87.66,78.64],[-87,78.88],[-86.96,79.06],[-86.74,78.95],[-84.93,79.3],[-85.74,79.62],[-86.07,79.43],[-86.16,79.46],[-86.03,79.47],[-86.04,79.57],[-86.33,79.65],[-87.46,79.53],[-87.14,79.64],[-86.96,79.91],[-87.46,79.83],[-87.04,79.97],[-88.06,80.12],[-87.56,80.18],[-87.68,80.41],[-88.51,80.43],[-88.68,80.37],[-88.66,80.27],[-88.15,80.09],[-88.78,80.13],[-89.26,80.29],[-89.06,80.46],[-89.24,80.52],[-90.74,80.56],[-90.6,80.64],[-90.71,80.71],[-91.12,80.75],[-91.91,81.07],[-91.79,81.09],[-91.86,81.17],[-93.18,81.36],[-94.2,81.36],[-94.39,81.25],[-93.26,81.21],[-93.09,81.16],[-93.16,81.09],[-94.31,81.12],[-93.91,81.04],[-94.37,80.97],[-94.94,81.05],[-95.47,80.9],[-95.15,80.88],[-95.53,80.82],[-94.11,80.72],[-94.66,80.66],[-93.79,80.53],[-95.94,80.59],[-95.96,80.5],[-95.44,80.34],[-96.67,80.34],[-95.93,80.19],[-95.24,80.24],[-95.69,80.18],[-95.42,80.12],[-94.18,80.19],[-94.73,80.11],[-94.39,79.99],[-96.68,80.15],[-96.8,80.09],[-96.7,80.05],[-96.68,80.04]]],[[[-85.29,77.59],[-85.54,77.54],[-85.13,77.45],[-84.82,77.5],[-85.26,77.59],[-85.29,77.59]]],[[[-90.93,77.25],[-91.3,77.21],[-90.98,77.14],[-90.73,77.18],[-90.91,77.25],[-90.93,77.25]]],[[[-104.25,77.07],[-104.02,77.11],[-104.11,77.17],[-104.41,77.13],[-104.3,77.07],[-104.25,77.07]]],[[[-105.01,77.41],[-104.96,77.51],[-105.17,77.61],[-106.01,77.75],[-105.57,77.32],[-104.5,77.13],[-104.39,77.27],[-104.99,77.4],[-105.01,77.41]]],[[[-95.22,77.17],[-95.63,77.24],[-95.25,77.16],[-95.22,77.17]]],[[[-90.6,77.63],[-91.16,77.62],[-91.21,77.41],[-90.37,77.2],[-89.64,77.34],[-89.92,77.53],[-90.52,77.63],[-90.6,77.63]]],[[[-114.07,77.98],[-114.4,78.07],[-115.08,77.94],[-114.28,77.7],[-113.58,77.81],[-113.98,77.93],[-114.07,77.98]]],[[[-109.61,78.07],[-111.35,78.08],[-113.21,77.91],[-113.32,77.81],[-113.2,77.74],[-113.2,77.53],[-112.14,77.32],[-110.5,77.46],[-110.08,77.56],[-110.09,77.77],[-110.9,77.85],[-109.82,77.94],[-109.58,78.06],[-109.61,78.07]]],[[[-95.39,77.74],[-96.25,77.69],[-96.32,77.6],[-96.06,77.49],[-93.93,77.43],[-93.48,77.47],[-93.39,77.63],[-93.1,77.66],[-93.24,77.73],[-95.36,77.74],[-95.39,77.74]]],[[[-101.71,77.9],[-102.42,77.88],[-102.52,77.84],[-102.44,77.73],[-100.94,77.73],[-101.67,77.89],[-101.71,77.9]]],[[[-96.58,75.74],[-96.51,75.83],[-96.7,75.73],[-96.58,75.74]]],[[[-103.92,75.05],[-103.59,75.17],[-103.95,75.4],[-104.38,75.43],[-104.77,75.28],[-104.85,75.11],[-104.23,75.02],[-103.92,75.05]]],[[[-95.92,75.56],[-96.42,75.65],[-97.05,75.49],[-96.83,75.35],[-96.43,75.56],[-96.25,75.46],[-95.93,75.54],[-95.92,75.56]]],[[[-94.36,75.59],[-94.91,75.64],[-96.1,75.42],[-95.83,75.37],[-96.06,75.32],[-95.91,75.29],[-96.46,75.2],[-96.62,74.99],[-96.33,75],[-96.4,74.92],[-96.27,74.9],[-96.08,75.02],[-96.08,74.9],[-95.86,74.83],[-94.64,74.62],[-93.56,74.66],[-93.41,74.88],[-93.49,75.26],[-94.33,75.58],[-94.36,75.59]]],[[[-100.17,75.6],[-101.03,75.57],[-100.16,75.59],[-100.17,75.6]]],[[[-118.32,75.57],[-117.47,76.09],[-118.62,75.92],[-119.39,75.59],[-118.35,75.56],[-118.32,75.57]]],[[[-98.36,76.6],[-98.82,76.68],[-98.51,76.62],[-99.03,76.6],[-98.85,76.43],[-99.1,76.4],[-99.68,76.63],[-100.96,76.51],[-100.69,76.37],[-99.85,76.28],[-100.44,76.21],[-99.42,76.16],[-100.12,76.15],[-99.9,75.95],[-99.45,75.97],[-99.89,75.89],[-101.32,76.41],[-101.86,76.45],[-102.05,76.4],[-102.14,76.22],[-101.39,76.25],[-101.91,76.08],[-101.33,76.02],[-101.58,75.91],[-101.18,75.78],[-102.16,75.88],[-102.37,75.8],[-102.01,75.7],[-102.87,75.61],[-102.53,75.51],[-98.92,75.71],[-99.79,75.66],[-99.71,75.59],[-100.04,75.55],[-99.84,75.54],[-100.31,75.47],[-100.01,75.46],[-100.61,75.43],[-100.44,75.38],[-100.77,75.35],[-100,75.23],[-100.54,75.2],[-100.39,75.04],[-99.54,74.97],[-99.31,75.12],[-99.35,74.98],[-97.95,75.02],[-98.09,75.22],[-97.57,75.15],[-98.12,75.3],[-97.78,75.43],[-98.04,75.48],[-97.78,75.46],[-97.72,75.57],[-97.29,75.4],[-97.42,75.5],[-97.4,75.69],[-97.93,75.74],[-97.6,75.85],[-97.66,75.97],[-97.49,76.14],[-97.76,76.33],[-97.69,76.48],[-98.4,76.59],[-98.36,76.6]]],[[[-108.65,76.81],[-109.3,76.8],[-109.72,76.52],[-110.39,76.39],[-110.36,76.29],[-109.31,76.1],[-110.05,75.89],[-108.83,75.69],[-108.9,75.48],[-111.27,75.52],[-111.48,75.84],[-112.22,75.81],[-111.73,75.91],[-112.42,76.04],[-112.53,76.11],[-112.46,76.18],[-113,76.27],[-113.99,76.19],[-114.14,76.45],[-114.91,76.52],[-115.92,76.28],[-114.68,76.16],[-116.3,76.19],[-116.64,76.11],[-116.7,76.04],[-116.47,75.97],[-116.73,75.93],[-114.84,75.87],[-116.82,75.8],[-117.25,75.59],[-115,75.69],[-116.02,75.48],[-117.22,75.48],[-117.67,75.29],[-116.72,75.12],[-116.28,75.21],[-116.16,75.04],[-115.68,74.96],[-115.55,75.01],[-115.62,75.12],[-115.26,75.17],[-115.06,74.96],[-114.43,75.07],[-114.3,75.18],[-114.61,75.27],[-114.16,75.23],[-114.08,75.46],[-113.34,75.41],[-113.78,75.34],[-113.92,75.05],[-112.89,75.1],[-112.7,75.14],[-112.67,75.28],[-112.6,75.18],[-112.3,75.2],[-112.42,75.12],[-111.06,75.27],[-110.92,75.23],[-111.03,75.17],[-111.54,75.01],[-112.87,74.98],[-114.4,74.71],[-113.94,74.5],[-113.01,74.4],[-111.68,74.49],[-110.35,74.85],[-109.52,74.86],[-108.83,75.07],[-108.38,74.91],[-107.95,74.93],[-107.75,75.1],[-107.69,74.98],[-107.21,74.91],[-106.24,75.02],[-106,75.06],[-105.65,75.36],[-105.6,75.47],[-105.74,75.49],[-105.39,75.65],[-105.47,75.86],[-106.61,76.06],[-106.9,75.94],[-106.86,75.82],[-106.62,75.8],[-106.9,75.72],[-107.08,75.89],[-107.34,75.91],[-108.02,75.78],[-107.64,75.99],[-108.4,76.05],[-108.41,76.15],[-108.08,76.28],[-108.56,76.41],[-108.72,76.64],[-108.44,76.71],[-108.68,76.77],[-108.65,76.81]]],[[[-95.13,76.36],[-94.81,76.32],[-95.35,76.23],[-93.08,76.36],[-92.11,75.85],[-92.17,75.75],[-92.01,75.59],[-92.33,75.49],[-92.49,75.21],[-92.05,75.15],[-92.22,75.07],[-92.01,74.91],[-92.05,74.79],[-91.13,74.62],[-91.18,74.76],[-90.77,74.88],[-91.02,74.71],[-89.94,74.53],[-89.15,74.6],[-89.1,74.68],[-89.27,74.76],[-89.05,74.73],[-89.09,74.84],[-88.84,74.66],[-88.56,74.9],[-88.35,74.78],[-88.57,74.55],[-88.26,74.48],[-86.69,74.47],[-86.78,74.62],[-86.45,74.48],[-86.19,74.62],[-86.12,74.48],[-85.55,74.5],[-85.52,74.69],[-85.21,74.49],[-85.04,74.53],[-85,74.7],[-84.89,74.5],[-83.61,74.54],[-83.32,74.78],[-83.54,74.9],[-83.11,74.83],[-83.09,74.64],[-82.78,74.52],[-81.76,74.46],[-80.25,74.58],[-80.1,74.82],[-80.41,74.89],[-80.33,74.94],[-79.93,74.81],[-79.34,74.9],[-79.59,75.02],[-80.43,75.03],[-79.63,75.17],[-79.44,75.28],[-79.61,75.31],[-79.49,75.38],[-79.58,75.45],[-80.36,75.46],[-79.95,75.54],[-80.2,75.61],[-82.33,75.84],[-83.12,75.73],[-83.88,75.82],[-84.65,75.69],[-84.5,75.63],[-86.11,75.52],[-85.68,75.41],[-86.49,75.36],[-86.37,75.42],[-87.24,75.62],[-87.58,75.44],[-87.5,75.48],[-87.65,75.56],[-88.23,75.47],[-88.76,75.68],[-88.87,75.59],[-88.77,75.43],[-88.96,75.43],[-89.23,75.59],[-89.76,75.58],[-89.26,75.63],[-89.2,75.79],[-89.77,75.79],[-89.69,75.89],[-89.96,76.01],[-90.5,75.9],[-90.44,75.97],[-90.79,76],[-91.13,75.84],[-90.95,75.96],[-91.15,76.02],[-90.2,76.06],[-90.86,76.07],[-90.7,76.12],[-91.6,76.26],[-89.83,76.16],[-89.35,76.18],[-89.2,76.23],[-89.3,76.3],[-91.41,76.46],[-90.47,76.47],[-91.39,76.69],[-93.05,76.62],[-93.53,76.38],[-93.65,76.44],[-93.3,76.55],[-93.2,76.75],[-93.65,76.91],[-95.42,77.06],[-96.74,76.98],[-96.66,76.95],[-96.87,76.92],[-96.81,76.86],[-96.31,76.75],[-96.95,76.73],[-96.02,76.55],[-95.63,76.61],[-96.08,76.48],[-95.27,76.37],[-95.13,76.36]]],[[[-78.93,75.88],[-79.18,75.95],[-78.8,76.09],[-79.09,76.12],[-79.73,75.86],[-78.91,75.87],[-78.93,75.88]]],[[[-122.38,75.92],[-122.66,75.89],[-122.35,75.91],[-122.38,75.92]]],[[[-120.88,75.94],[-121.28,75.75],[-121.05,75.73],[-120.87,75.92],[-120.88,75.94]]],[[[-94.41,75.75],[-94.29,75.77],[-94.54,75.99],[-94.9,75.94],[-94.82,75.79],[-94.58,75.75],[-94.41,75.75]]],[[[-103.14,75.74],[-102.5,75.79],[-101.99,75.94],[-102.16,75.99],[-103.06,75.9],[-103.38,75.76],[-103.21,75.74],[-103.14,75.74]]],[[[-102.76,76.07],[-103.9,75.9],[-102.34,76.01],[-102.71,76.08],[-102.76,76.07]]],[[[-121.02,75.95],[-121.01,76.14],[-120.86,76.2],[-120.64,75.99],[-120.43,76],[-120.43,75.81],[-119.61,75.91],[-119.7,75.94],[-119.48,76.02],[-119.8,76.11],[-119.57,76.17],[-119.65,76.3],[-119.08,76.08],[-118.92,76.26],[-118.57,76.34],[-118.94,76.52],[-118.52,76.5],[-118.32,76.57],[-118.49,76.71],[-117.9,76.82],[-117.74,76.78],[-117.93,76.68],[-118.05,76.41],[-117.14,76.29],[-116.94,76.35],[-117.04,76.54],[-115.89,76.7],[-116.35,76.93],[-115.73,76.94],[-116.24,77.04],[-116.27,77.19],[-115.39,77.31],[-116.49,77.55],[-117.15,77.46],[-116.65,77.39],[-117.15,77.36],[-117.02,77.3],[-119.15,77.33],[-120.4,76.8],[-121.21,76.65],[-121.55,76.43],[-122.4,76.4],[-122.98,76.13],[-122.5,76.14],[-122.68,76.11],[-122.47,76.11],[-122.73,75.97],[-122.56,75.93],[-122.14,76.03],[-121.01,75.97],[-121.02,75.95]]],[[[-83.96,76.43],[-84.13,76.51],[-83.99,76.42],[-83.96,76.43]]],[[[-113.46,76.77],[-113.81,76.89],[-114.84,76.8],[-113.62,76.71],[-113.46,76.77]]],[[[-104.05,76.57],[-103.93,76.63],[-104.13,76.67],[-104.64,76.6],[-104.39,76.46],[-104.38,76.32],[-103.02,76.42],[-103.8,76.62],[-104.03,76.56],[-104.05,76.57]]],[[[-94.84,76.12],[-95.14,76.11],[-94.83,76.1],[-94.84,76.12]]],[[[-102.54,76.22],[-103.06,76.31],[-104.48,76.14],[-103.68,76.03],[-102.58,76.15],[-102.54,76.22]]],[[[-89.93,76.48],[-89.68,76.51],[-89.86,76.6],[-89.67,76.73],[-89.98,76.84],[-90.47,76.8],[-90.57,76.71],[-89.98,76.47],[-89.93,76.48]]],[[[-101.38,76.55],[-100.29,76.72],[-100.51,76.76],[-101.69,76.59],[-101.4,76.55],[-101.38,76.55]]],[[[-64.72,82.85],[-68.67,82.63],[-66.3,82.93],[-69.56,83],[-69.77,83.05],[-69.66,83.11],[-71.13,83.09],[-71.48,83.01],[-70.87,82.88],[-71.57,82.94],[-71.79,83.01],[-71.61,83.1],[-72.93,83.07],[-73.64,82.92],[-72.63,82.69],[-74.44,83.03],[-77.25,83.03],[-75.99,82.78],[-76.24,82.71],[-75.4,82.62],[-76.23,82.44],[-75.91,82.6],[-77.1,82.86],[-77.86,82.92],[-78.14,82.82],[-79.41,82.98],[-80.43,82.89],[-78.51,82.68],[-79.86,82.64],[-80.38,82.79],[-81.47,82.83],[-80.58,82.54],[-82.22,82.67],[-82.32,82.59],[-81.54,82.5],[-82.5,82.51],[-82.73,82.4],[-79.85,82.02],[-79.24,81.82],[-82.74,82.29],[-83.03,82.24],[-82.65,82.1],[-81.89,82.04],[-83.08,82.06],[-82.98,82.14],[-83.52,82.32],[-85.3,82.48],[-85.91,82.43],[-85.52,82.41],[-85.36,82.28],[-86.87,82.2],[-84.9,82.02],[-84.61,81.89],[-85.65,82],[-85.42,81.86],[-86.79,82.06],[-87.13,81.97],[-86.8,81.89],[-87.31,81.97],[-87.19,82.02],[-87.34,82.07],[-88.09,82.1],[-89.37,81.94],[-89.2,81.88],[-89.36,81.81],[-89.7,81.92],[-90.44,81.89],[-91.95,81.66],[-91.46,81.53],[-90.33,81.7],[-89.59,81.62],[-90.8,81.47],[-90.5,81.37],[-88.39,81.58],[-87.29,81.51],[-88.55,81.53],[-89.92,81.34],[-88.95,81.25],[-90.28,81.2],[-90.2,81.07],[-89.82,81.01],[-84.74,81.28],[-86.71,81],[-89.38,80.93],[-87.63,80.63],[-87.24,80.63],[-85.68,81.05],[-82.37,81.18],[-85.77,80.95],[-86.74,80.6],[-86.01,80.53],[-85.57,80.62],[-85.86,80.54],[-85.33,80.51],[-83.93,80.53],[-83.72,80.64],[-83.86,80.76],[-83.3,80.84],[-83.57,80.74],[-83.36,80.69],[-81.76,80.81],[-83.06,80.65],[-83.1,80.54],[-80.86,80.66],[-79.27,80.92],[-79.16,80.98],[-79.31,81.03],[-79.08,81.09],[-79.49,81.19],[-78.9,81.1],[-78.3,81.28],[-76.76,81.44],[-78.41,81.17],[-78.93,80.99],[-78.94,80.88],[-76.51,80.85],[-79.96,80.61],[-78.06,80.56],[-83.17,80.33],[-82.17,80.01],[-81.4,79.94],[-81.66,79.89],[-81.52,79.73],[-79.94,79.64],[-81.68,79.58],[-81.78,79.61],[-81.62,79.62],[-81.68,79.68],[-82.15,79.86],[-83.78,80.25],[-86.51,80.3],[-86.66,80.12],[-86.44,80],[-85.27,79.92],[-86.39,79.96],[-86.48,79.76],[-85.25,79.67],[-84.49,79.41],[-84.3,79.19],[-83.95,79.22],[-83.98,79.14],[-83.37,79.05],[-84.54,79.14],[-84.75,79.03],[-82.5,78.88],[-81.48,79.05],[-81.69,78.98],[-81.71,78.84],[-83.25,78.83],[-82.25,78.74],[-82.58,78.7],[-82.31,78.57],[-83.75,78.84],[-85.04,78.92],[-86.64,78.8],[-87.12,78.58],[-86.86,78.56],[-87.51,78.43],[-87.5,78.22],[-87.1,78.2],[-87.53,78.14],[-86.76,78.11],[-85.83,78.38],[-86.29,78.08],[-85.49,78.1],[-84.63,78.59],[-84.87,78.37],[-84.58,78.35],[-84.97,78.21],[-84.13,78.18],[-84.99,78.16],[-85.08,78.1],[-84.99,78.07],[-84.33,78.07],[-85.67,77.94],[-84.38,77.91],[-85.33,77.87],[-85.05,77.83],[-85.35,77.73],[-85.3,77.66],[-84.92,77.6],[-84.49,77.74],[-84.86,77.54],[-83.92,77.49],[-83.19,77.71],[-82.77,77.91],[-82.79,78.01],[-82.33,78.07],[-83.36,77.52],[-83.83,77.45],[-83.47,77.35],[-84.59,77.4],[-84.48,77.29],[-85.79,77.42],[-85.72,77.46],[-85.98,77.71],[-86.46,77.84],[-88.07,77.82],[-88.22,77.66],[-87.7,77.54],[-87.64,77.48],[-87.78,77.43],[-87.7,77.36],[-86.84,77.36],[-87.25,77.3],[-86.92,77.26],[-87.2,77.2],[-86.74,77.17],[-88.43,77.12],[-89.52,76.85],[-89.41,76.68],[-89.67,76.57],[-89.17,76.42],[-88.91,76.41],[-88.69,76.59],[-88.69,76.41],[-88.6,76.41],[-88.5,76.55],[-88.69,76.7],[-88.52,76.82],[-88.35,76.38],[-87.41,76.35],[-87.6,76.54],[-87.53,76.61],[-87.43,76.47],[-86.71,76.35],[-86.34,76.51],[-86.59,76.63],[-86.22,76.52],[-86.42,76.46],[-86.33,76.38],[-85.17,76.28],[-84.42,76.3],[-85.05,76.51],[-84.24,76.44],[-84.28,76.66],[-83.7,76.43],[-83.22,76.41],[-83.25,76.58],[-83.52,76.71],[-83.41,76.76],[-83,76.43],[-82.21,76.41],[-82.13,76.45],[-82.22,76.53],[-82.09,76.56],[-82.73,76.82],[-82.28,76.63],[-81.79,76.68],[-82.05,76.61],[-82.05,76.51],[-80.78,76.42],[-81.1,76.21],[-81.05,76.13],[-79.31,76.3],[-78.78,76.57],[-78.37,76.46],[-77.78,76.65],[-77.78,76.79],[-78.08,77.02],[-78.72,76.82],[-78.95,76.94],[-79.39,76.93],[-79,77.1],[-79.26,77.22],[-79.73,77.24],[-80.37,77.07],[-80.12,77.2],[-80.96,77.27],[-81.83,77.16],[-82.09,77.32],[-81.17,77.33],[-81.7,77.42],[-81.67,77.53],[-81.93,77.68],[-80.78,77.33],[-78.74,77.31],[-77.72,77.6],[-77.98,77.7],[-77.97,77.81],[-78.42,77.91],[-78.26,78],[-75.92,77.96],[-75.58,78.11],[-76.89,78.22],[-75.58,78.2],[-75.03,78.33],[-76.69,78.51],[-75.02,78.53],[-74.79,78.59],[-74.87,78.67],[-74.72,78.7],[-74.78,78.83],[-76.4,78.84],[-75.73,78.97],[-76.75,79.03],[-77.71,78.97],[-78.28,78.77],[-77.71,79.01],[-78.89,79.06],[-76.21,79.07],[-78.25,79.17],[-76.07,79.2],[-75.76,79.08],[-74.58,79.02],[-74.44,79.06],[-74.82,79.17],[-74.47,79.22],[-78.05,79.35],[-77.19,79.32],[-77.36,79.46],[-75.9,79.35],[-77.15,79.55],[-75.06,79.37],[-74.88,79.41],[-74.99,79.51],[-73.3,79.51],[-73.13,79.56],[-73.38,79.75],[-74.72,79.8],[-74.24,79.89],[-72.29,79.66],[-71.14,79.78],[-70.91,79.88],[-71.41,79.93],[-70.5,80.09],[-72.35,80.06],[-71.9,80.11],[-72.37,80.23],[-71.76,80.11],[-70.18,80.19],[-69.98,80.27],[-70.45,80.34],[-70.48,80.46],[-70.82,80.56],[-70.28,80.45],[-70.28,80.35],[-69.43,80.38],[-67.56,80.94],[-64.62,81.4],[-64.44,81.48],[-64.57,81.55],[-65.47,81.51],[-70,81.1],[-69.64,81.17],[-70.21,81.18],[-66.62,81.51],[-68.58,81.51],[-68.81,81.55],[-68.37,81.55],[-69.25,81.72],[-68.27,81.56],[-65.79,81.63],[-65.34,81.69],[-66.01,81.7],[-64.21,81.74],[-64.31,81.82],[-63.82,81.8],[-61.19,82.22],[-61.11,82.36],[-61.53,82.48],[-63.37,82.44],[-62.94,82.58],[-63.84,82.72],[-63.43,82.82],[-64.74,82.83],[-64.72,82.85]]],[[[-109.31,67.99],[-109.49,68.09],[-109.34,67.98],[-109.31,67.99]]],[[[-97.48,67.63],[-97.34,67.72],[-97.56,67.69],[-97.51,67.62],[-97.48,67.63]]],[[[-86.43,68.07],[-86.41,68.2],[-86.71,68.3],[-86.98,68.1],[-86.84,68.01],[-86.95,67.91],[-86.58,67.73],[-86.4,67.85],[-86.4,68.02],[-86.43,68.07]]],[[[-75.58,68.3],[-76.27,68.33],[-76.86,68.16],[-77.32,67.7],[-77.05,67.26],[-75.84,67.26],[-75.13,67.48],[-75.03,67.62],[-75.16,67.95],[-75.01,68.14],[-75.56,68.29],[-75.58,68.3]]],[[[-78.29,71.98],[-77.81,71.82],[-78.28,71.95],[-77.92,71.76],[-78.86,72.17],[-78.92,72.01],[-78.51,71.87],[-79.2,71.96],[-78.95,72.19],[-79.01,72.27],[-79.35,72.4],[-79.74,72.21],[-79.6,72.33],[-79.83,72.5],[-80.16,72.32],[-79.69,72.13],[-80.23,72.3],[-80.24,72.2],[-80.48,72.18],[-80.39,72.05],[-80.98,71.89],[-80.79,72.03],[-81.08,72.05],[-80.57,72.07],[-80.9,72.19],[-80.51,72.38],[-80.52,72.51],[-81.37,72.24],[-80.25,72.73],[-80.64,72.93],[-80.6,73.15],[-81.21,73.27],[-81.22,73.53],[-81.55,73.72],[-82.85,73.73],[-83.99,73.5],[-83.66,73.45],[-83.61,73.3],[-83.75,73.43],[-84.17,73.48],[-84.65,73.39],[-84.35,73.23],[-84.79,73.39],[-85.14,73.3],[-85.14,73.2],[-83.64,72.99],[-85.47,73.1],[-85.51,73.02],[-83.98,72.74],[-85.26,72.96],[-85.69,72.9],[-85.7,72.64],[-85.48,72.57],[-85.61,72.54],[-85.54,72.47],[-84.44,72.38],[-84.93,72.29],[-84.17,72.02],[-84.2,71.93],[-84.86,72.22],[-85.29,72.26],[-85.5,72.25],[-85.5,72.07],[-86.05,72.01],[-85.56,71.9],[-85.43,71.81],[-85.57,71.78],[-85.29,71.67],[-84.63,71.67],[-84.53,71.47],[-84.76,71.41],[-84.81,70.92],[-85.14,71.08],[-84.87,71.07],[-84.95,71.19],[-86.82,70.99],[-84.84,71.28],[-84.94,71.42],[-85.5,71.51],[-86.34,71.95],[-86.46,72.21],[-86.26,72.45],[-86.73,72.72],[-85.93,73.36],[-84.84,73.74],[-86.6,73.85],[-87.92,73.67],[-89,73.28],[-89.36,72.99],[-89.33,72.76],[-89.57,72.79],[-89.47,72.67],[-89.74,72.62],[-89.91,72.43],[-89.9,72.19],[-89.58,72.17],[-90,72.07],[-90.05,71.95],[-89.81,71.75],[-90.01,71.6],[-89.9,71.35],[-87.91,71.27],[-87.71,71.12],[-87.01,70.99],[-88.03,70.93],[-89.55,71.09],[-89.19,70.97],[-89.45,70.91],[-88.9,70.53],[-87.91,70.33],[-88.26,70.33],[-87.92,70.24],[-86.98,70.28],[-87.18,70.39],[-87,70.47],[-86.64,70.32],[-86.36,70.52],[-86.56,70.39],[-86.55,70.24],[-85.82,70],[-85.25,69.99],[-85.85,70.04],[-85.75,70.1],[-83.15,70.01],[-82.13,69.78],[-81.72,69.94],[-83.05,70.31],[-80.95,69.71],[-80.79,69.79],[-81.72,70.13],[-80.05,70],[-79.69,69.85],[-78.7,69.93],[-78.92,70.3],[-79.59,70.41],[-79.18,70.43],[-79.02,70.68],[-78.73,70.55],[-78.87,70.6],[-79.07,70.47],[-78.43,70.35],[-78.4,70.21],[-77.68,70.18],[-77.63,69.75],[-76.99,69.94],[-77.31,69.83],[-76.79,69.72],[-77.19,69.64],[-76.69,69.56],[-76.54,69.7],[-76.19,69.66],[-76.64,69.55],[-75.61,69.24],[-75.6,69.09],[-76,69],[-76.64,69.01],[-76.53,68.87],[-76.67,68.7],[-75.6,68.88],[-75.49,69.02],[-75.11,68.89],[-74.79,69.08],[-74.65,69.01],[-75.04,68.93],[-74.72,68.93],[-74.92,68.81],[-74.77,68.77],[-74.55,68.83],[-74.73,68.73],[-74.39,68.54],[-73.94,68.5],[-73.88,68.56],[-74.11,68.69],[-73.87,68.71],[-73.7,68.66],[-73.87,68.49],[-73.85,68.34],[-73.59,68.25],[-73.21,68.38],[-73.5,68.28],[-72.99,68.21],[-72.94,67.93],[-72.61,67.79],[-72.67,67.68],[-72.48,67.61],[-72.26,67.25],[-72.34,67.12],[-72.8,67.04],[-73.44,66.55],[-74.47,66.13],[-73.71,65.76],[-73.5,65.47],[-74.18,65.53],[-74.52,65.33],[-75.1,65.39],[-75.19,65.25],[-75.94,65.32],[-75.36,65],[-75.19,65.1],[-75.56,64.88],[-75.36,64.9],[-75.32,64.72],[-75.67,64.94],[-75.43,65.05],[-75.77,65.22],[-77.39,65.47],[-77.29,65.37],[-77.51,65.32],[-77.32,65.19],[-78.15,64.95],[-78.07,64.81],[-78.18,64.57],[-77.68,64.32],[-76.66,64.19],[-76.71,64.3],[-75.72,64.38],[-75.92,64.48],[-75.64,64.46],[-75.85,64.61],[-74.69,64.37],[-74.47,64.56],[-74.98,64.79],[-74.72,64.77],[-74.65,64.9],[-74.48,64.84],[-74.7,64.74],[-74.39,64.57],[-74.05,64.73],[-74.06,64.33],[-73.84,64.5],[-73.91,64.61],[-73.47,64.61],[-73.42,64.51],[-73.3,64.66],[-73.17,64.58],[-73.42,64.45],[-73.38,64.27],[-72.9,64.16],[-72.94,64.06],[-72.72,63.96],[-72.66,64.08],[-72.52,63.79],[-72.24,63.95],[-72.32,63.68],[-72.17,63.75],[-71.93,63.65],[-71.85,63.76],[-72,63.75],[-71.9,63.81],[-71.58,63.72],[-71.58,63.58],[-71.23,63.6],[-71.61,63.42],[-72.14,63.44],[-71.8,63.38],[-71.61,63.13],[-71.24,63],[-70.91,63.17],[-71.15,62.99],[-70.23,62.75],[-69.48,62.76],[-69.59,62.66],[-69.44,62.55],[-68.62,62.26],[-66.06,61.87],[-65.95,61.91],[-66.13,62.09],[-66,62.25],[-66.29,62.34],[-66.32,62.26],[-66.47,62.34],[-66.35,62.45],[-67.4,62.97],[-67.67,62.93],[-67.53,63.04],[-67.76,62.96],[-67.64,63.1],[-68.15,63.15],[-68.99,63.75],[-68.43,63.7],[-67.72,63.36],[-67.9,63.75],[-67.18,63.27],[-66.98,63.4],[-67.02,63.25],[-66.84,63.15],[-66.81,63.27],[-66.77,63.09],[-66.55,62.99],[-66.74,63.29],[-66.65,63.37],[-66.46,63.03],[-66.11,62.95],[-66.27,63.13],[-65.98,62.97],[-65.84,63.03],[-65.91,62.93],[-65.34,62.84],[-65.36,62.69],[-65.19,62.56],[-64.95,62.65],[-65.25,62.98],[-64.63,62.9],[-64.79,63.13],[-65.08,63.2],[-65.14,63.29],[-64.91,63.28],[-65.1,63.54],[-65.05,63.64],[-65.3,63.81],[-64.94,63.63],[-64.77,63.32],[-64.53,63.25],[-64.62,63.32],[-64.5,63.33],[-64.53,63.68],[-64.99,63.82],[-64.63,63.97],[-65.19,64.02],[-65.05,64.07],[-65.25,64.21],[-65.66,64.3],[-65.29,64.29],[-65.07,64.43],[-65.21,64.53],[-65.73,64.5],[-65.56,64.73],[-65.71,64.69],[-65.72,64.84],[-65.96,64.88],[-65.85,64.68],[-66.01,64.7],[-66.02,64.85],[-66.22,64.69],[-66.15,64.87],[-66.69,65.04],[-66.69,64.76],[-66.8,65.06],[-66.73,65.18],[-67.1,65.06],[-66.93,65.23],[-67.41,65.34],[-67.06,65.42],[-67.46,65.5],[-67.28,65.64],[-67.72,65.64],[-68.02,65.49],[-67.82,65.77],[-68.33,65.92],[-68.3,66.03],[-68.13,65.96],[-68.05,66.06],[-68.84,66.19],[-68.24,66.18],[-67.82,65.88],[-67.19,65.91],[-67.16,66.04],[-67.67,66.23],[-67.99,66.51],[-67.29,66.28],[-67.13,66.31],[-67.4,66.43],[-67.15,66.44],[-67.73,66.57],[-67.33,66.6],[-67.11,66.49],[-66.89,66.57],[-67.05,66.64],[-66.85,66.58],[-66.77,66.38],[-66.44,66.4],[-66.57,66.36],[-66.49,66.2],[-66.19,66.24],[-66.14,66.13],[-65.7,66.18],[-65.48,66.38],[-65.96,66.04],[-65.88,65.95],[-64.94,66.08],[-64.72,66.27],[-64.36,66.34],[-64.72,66.22],[-64.82,66.04],[-64.74,65.97],[-65.36,65.9],[-65.5,65.74],[-64.8,65.72],[-65.3,65.63],[-65.32,65.55],[-65.11,65.54],[-64.71,65.65],[-65.16,65.49],[-65.07,65.38],[-64.42,65.48],[-64.91,65.3],[-64.55,65.09],[-64.24,65.43],[-64.38,65.18],[-64.13,65.19],[-64.27,65.1],[-64.13,65.04],[-63.66,65.04],[-63.82,64.98],[-63.55,64.89],[-63.34,65.3],[-63.65,65.47],[-63.3,65.44],[-63.61,65.54],[-63.32,65.6],[-63.72,65.68],[-63.37,65.67],[-63.44,65.85],[-63.21,65.64],[-62.96,65.58],[-62.9,65.75],[-62.65,65.59],[-62.59,65.67],[-62.83,65.75],[-62.57,65.75],[-62.86,65.91],[-62.32,65.83],[-62.41,65.97],[-62.79,66.01],[-63.06,66.12],[-62.96,66.15],[-62.77,66.03],[-61.96,66.02],[-62.88,66.33],[-62.67,66.22],[-62.39,66.27],[-62.71,66.41],[-62.57,66.43],[-61.88,66.28],[-61.46,66.37],[-61.98,66.41],[-61.58,66.48],[-62.12,66.63],[-61.46,66.54],[-61.26,66.63],[-61.75,66.95],[-62.1,66.92],[-62.05,67.05],[-62.42,66.92],[-62.31,66.73],[-62.57,66.95],[-62.76,66.93],[-62.73,66.8],[-62.91,66.65],[-62.84,66.96],[-63.22,66.9],[-63.41,66.7],[-63.43,66.9],[-63.77,66.82],[-63.23,66.97],[-63.27,67.11],[-62.97,67.23],[-63.11,67.33],[-63.77,66.97],[-63.45,67.17],[-63.55,67.24],[-64.51,67.13],[-64.7,67.01],[-64.61,67.13],[-63.97,67.28],[-64.77,67.19],[-64.25,67.29],[-64.79,67.36],[-63.91,67.3],[-64,67.46],[-64.41,67.46],[-64.04,67.53],[-64.3,67.73],[-64.63,67.66],[-64.4,67.71],[-64.51,67.81],[-65.2,67.65],[-64.73,67.99],[-65,68.06],[-65.42,67.9],[-65.55,67.78],[-65.35,67.59],[-65.61,67.79],[-65.44,67.99],[-65.82,67.96],[-66,67.63],[-66.03,67.95],[-65.85,68.07],[-65.93,68.16],[-65.94,68.05],[-66.4,67.81],[-66.74,67.88],[-66.4,67.89],[-66.19,68.01],[-66.47,68.08],[-66.32,68.12],[-66.61,68.13],[-66.73,67.98],[-66.68,68.14],[-66.96,68.02],[-66.78,68.24],[-67,68.29],[-67.4,68.12],[-67.6,68.16],[-67.37,68.15],[-67.08,68.33],[-67.87,68.26],[-66.7,68.44],[-67.33,68.5],[-67.62,68.38],[-67.53,68.55],[-68.66,68.56],[-68.48,68.61],[-68.75,68.65],[-68.05,68.68],[-69.37,68.82],[-67.77,68.78],[-68.48,68.89],[-68.01,68.85],[-68.07,68.95],[-68.55,68.98],[-67.72,69.03],[-68.38,69.18],[-69,68.96],[-69,69.1],[-68.51,69.2],[-68.97,69.22],[-68.08,69.22],[-69.25,69.27],[-68.98,69.36],[-67.68,69.17],[-66.66,69.18],[-66.79,69.34],[-67.26,69.47],[-67.95,69.45],[-68.61,69.59],[-70.03,69.53],[-68.32,69.63],[-68,69.77],[-67.13,69.73],[-67.24,69.96],[-67.8,70.26],[-68.16,70.28],[-68.35,70.17],[-68.22,70.1],[-69.38,69.78],[-69.76,69.8],[-69.99,69.61],[-69.81,69.82],[-69.37,69.84],[-68.74,70.06],[-68.68,70.2],[-69.68,70.14],[-69.78,69.96],[-70.47,69.84],[-69.84,69.98],[-70.18,70.03],[-69.67,70.2],[-68.78,70.31],[-68.57,70.47],[-68.45,70.38],[-68.32,70.56],[-69.46,70.79],[-70.34,70.61],[-70.31,70.5],[-70.49,70.48],[-70.45,70.63],[-69.8,70.82],[-69.91,70.88],[-71,70.62],[-71.33,70.13],[-71.53,70.03],[-71.17,70.53],[-71.51,70.57],[-71.84,70.29],[-71.8,70.43],[-71.56,70.61],[-71.18,70.58],[-70.77,70.73],[-70.52,70.93],[-70.6,71.05],[-70.9,71.1],[-71.35,70.88],[-72.55,70.61],[-72.17,70.84],[-72.65,70.82],[-72.08,71.07],[-71.48,71.06],[-71.15,71.24],[-71.55,71.5],[-72.57,71.66],[-73.37,70.98],[-73.45,71.03],[-73.27,71.22],[-73.06,71.27],[-73.36,71.35],[-73.89,71.06],[-73.38,71.39],[-73.63,71.36],[-73.65,71.59],[-74.23,71.2],[-74.04,71.44],[-74.31,71.41],[-73.59,71.75],[-73.93,71.77],[-74.16,71.54],[-74.25,71.6],[-74.15,71.74],[-74.72,71.54],[-74.63,71.4],[-75.08,71.18],[-74.71,71.38],[-74.83,71.52],[-75.12,71.5],[-74.63,71.66],[-75.4,71.52],[-74.94,71.66],[-75.39,71.68],[-74.24,71.82],[-74.18,72.03],[-75.01,72.13],[-75.54,71.99],[-75.79,71.73],[-76.09,71.7],[-75.23,72.07],[-75.83,72.1],[-76.31,71.88],[-76.05,72.07],[-75.23,72.12],[-74.95,72.26],[-75.22,72.5],[-76,72.58],[-76.08,72.47],[-76.18,72.59],[-77,72.75],[-78.44,72.58],[-78.56,72.5],[-78.47,72.39],[-77.01,72.13],[-78.41,72.33],[-78.42,72.17],[-78.61,72.36],[-78.87,72.23],[-78.33,71.99],[-78.29,71.98]]],[[[-64.58,60.32],[-64.84,60.36],[-65.22,59.89],[-64.99,59.76],[-65.33,59.85],[-65.53,59.72],[-65.42,59.51],[-64.99,59.37],[-65.55,59.49],[-65.36,59.28],[-65.57,59.38],[-65.59,59.2],[-65.74,59.26],[-65.72,59.15],[-65.33,59.05],[-65.89,59],[-65.99,58.9],[-65.8,58.86],[-66.1,58.77],[-65.88,58.63],[-66.06,58.32],[-65.94,58.61],[-66.39,58.85],[-66.63,58.5],[-66.94,58.5],[-67.59,58.21],[-67.71,57.92],[-67.72,58.46],[-68.12,58.08],[-67.86,58.33],[-68.01,58.58],[-68.41,58.04],[-69.36,57.77],[-68.35,58.13],[-68.2,58.44],[-68.36,58.77],[-68.65,58.9],[-69.28,58.89],[-69.82,58.59],[-69.97,58.76],[-70.16,58.77],[-69.82,58.82],[-69.86,59.05],[-69.67,58.93],[-69.68,58.8],[-69.55,58.81],[-69.49,59.04],[-69.35,59.08],[-69.54,59.17],[-69.24,59.23],[-69.41,59.36],[-69.75,59.31],[-69.63,59.38],[-69.75,59.5],[-69.54,59.67],[-69.6,59.83],[-69.76,59.97],[-70.95,60.06],[-69.63,60.07],[-69.82,60.53],[-69.38,60.79],[-69.51,61.07],[-69.66,61.06],[-69.65,60.88],[-69.93,60.81],[-70.15,61.08],[-71.39,61.14],[-71.88,61.43],[-71.57,61.61],[-71.93,61.71],[-72.3,61.57],[-72.01,61.68],[-72.2,61.86],[-72.75,61.86],[-72.62,62.11],[-73.68,62.48],[-74.72,62.25],[-74.57,62.1],[-75.31,62.31],[-75.89,62.16],[-75.71,62.3],[-77.35,62.56],[-78.09,62.35],[-78.16,62.16],[-78,61.72],[-77.48,61.54],[-77.76,61.41],[-77.7,61.22],[-78.18,60.79],[-77.52,60.83],[-77.83,60.64],[-77.43,60.55],[-77.75,60.4],[-77.47,60.22],[-77.59,60.06],[-76.76,60.16],[-77.43,59.91],[-77.3,59.8],[-77.54,59.75],[-77.32,59.57],[-77.77,59.71],[-77.72,59.54],[-77.91,59.41],[-77.68,59.4],[-78.1,59.21],[-78.34,58.91],[-78.56,58.96],[-78.47,58.7],[-78.57,58.63],[-77.46,58.2],[-76.92,57.79],[-76.56,57.21],[-76.52,56.41],[-76.71,56.01],[-77.75,55.3],[-79.76,54.65],[-79.52,54.59],[-79.35,54.2],[-79.05,54.18],[-79.12,54.08],[-78.97,54.01],[-79.1,53.9],[-78.91,53.82],[-79.15,53.7],[-78.92,53.56],[-79.11,53.5],[-78.9,53.26],[-78.88,52.9],[-78.74,52.87],[-78.76,52.57],[-78.51,52.46],[-78.58,52.11],[-79.03,51.77],[-78.79,51.61],[-78.92,51.23],[-78.84,51.16],[-79.01,51.46],[-79.33,51.66],[-79.67,51.4],[-79.75,51.18],[-79.35,50.73],[-79.74,51.12],[-80.13,51.3],[-80.41,51.34],[-81.01,51.03],[-80.43,51.36],[-80.61,51.73],[-81.47,52.22],[-81.88,52.19],[-81.56,52.32],[-81.55,52.45],[-82.3,53.02],[-82.11,53.29],[-82.21,53.53],[-82.13,53.82],[-82.43,54.2],[-82.22,54.79],[-82.31,55.15],[-82.34,55.07],[-83.7,55.27],[-83.56,55.13],[-83.9,55.32],[-85,55.3],[-85.42,55],[-85.13,55.35],[-85.73,55.64],[-87.55,56.05],[-87.98,56.44],[-88.81,56.82],[-90.82,57.26],[-92.87,56.91],[-92.57,57.06],[-92.42,57.33],[-93.15,58.74],[-94.14,58.76],[-94.36,58.22],[-94.23,58.79],[-94.42,58.72],[-94.79,59.09],[-94.68,59.36],[-94.82,59.96],[-94.67,60.19],[-94.67,60.52],[-94.51,60.55],[-94.35,60.86],[-93.82,61.35],[-93.98,61.46],[-93.26,61.74],[-93.62,61.94],[-93.3,61.88],[-93.22,61.96],[-93.41,62.03],[-93.14,62.01],[-92.94,62.11],[-93.11,62.16],[-92.79,62.18],[-93.12,62.33],[-92.48,62.15],[-92.71,62.47],[-92.19,62.6],[-91.94,62.53],[-91.88,62.62],[-92.45,62.82],[-91.36,62.79],[-90.63,63.06],[-90.74,63.36],[-90.97,63.42],[-90.85,63.41],[-91.77,63.71],[-92.48,63.53],[-92.1,63.7],[-93.36,63.97],[-93.45,63.92],[-93.22,63.84],[-93.53,63.84],[-93.77,63.96],[-93.6,64.04],[-93.77,64.19],[-92.14,63.75],[-90.85,63.56],[-90.54,63.61],[-90.64,63.7],[-90.21,63.61],[-89.97,63.81],[-90.27,64],[-89.81,63.94],[-90.12,64.13],[-89.79,64.24],[-89.82,64.11],[-89.5,63.94],[-89.56,64.07],[-89.04,63.95],[-89.25,64.16],[-88.76,63.97],[-88.12,64.13],[-86.95,65.16],[-89.06,65.33],[-89.99,65.8],[-90.98,65.92],[-91.12,65.91],[-91.05,65.81],[-91.43,65.95],[-89.79,65.82],[-90,65.95],[-89.67,65.94],[-88.51,65.64],[-88.83,65.64],[-88.09,65.36],[-87.4,65.32],[-86.45,65.74],[-86.42,65.89],[-85.98,66.03],[-85.9,66.17],[-86.65,66.32],[-86.81,66.44],[-86.64,66.44],[-86.76,66.53],[-85.46,66.58],[-85.22,66.26],[-84.37,66.16],[-84.63,66.33],[-84.51,66.4],[-83.84,66.15],[-83.68,66.21],[-84.15,66.68],[-84.68,66.84],[-84.51,66.83],[-84.75,66.9],[-84.6,66.94],[-85.23,66.87],[-84.65,66.98],[-84.93,67.06],[-84.38,66.97],[-84.44,66.82],[-84.27,66.72],[-83.91,66.88],[-83.98,66.58],[-83.68,66.52],[-83.52,66.35],[-82.58,66.58],[-81.93,66.98],[-81.5,67],[-81.24,67.47],[-82.1,67.9],[-82.17,68],[-81.99,68.2],[-82.34,68.16],[-82.26,68.28],[-82.5,68.31],[-82.36,68.35],[-82.63,68.5],[-81.96,68.42],[-81.26,68.64],[-81.38,68.87],[-82.05,68.88],[-81.57,68.99],[-81.34,69.18],[-82.25,69.23],[-82.32,69.42],[-83.23,69.54],[-82.49,69.5],[-82.65,69.62],[-82.26,69.64],[-85.55,69.86],[-85.34,69.77],[-85.51,69.77],[-85.55,69.65],[-85.54,69.47],[-85.34,69.44],[-85.5,69.4],[-85.48,69.27],[-84.53,69.01],[-85.13,68.94],[-85,68.88],[-85.16,68.84],[-84.79,68.73],[-85.64,68.74],[-85.9,68.05],[-86.51,67.7],[-86.53,67.35],[-87.09,67.35],[-86.97,67.25],[-87.51,67.11],[-87.36,67.25],[-88.16,67.68],[-88.37,67.96],[-88.28,68.11],[-88.39,68.29],[-88.22,68.37],[-87.94,68.2],[-87.79,68.33],[-88.08,68.84],[-88.97,69.24],[-89.31,69.25],[-89.71,69.01],[-89.73,68.7],[-90.26,68.24],[-90.6,68.45],[-90.47,68.53],[-90.52,68.74],[-90.42,68.84],[-90.66,69.08],[-91.43,69.35],[-90.9,69.25],[-90.59,69.41],[-90.7,69.45],[-90.31,69.45],[-91.56,69.52],[-91.2,69.65],[-91.49,69.66],[-91.8,69.5],[-92.34,69.69],[-92.92,69.68],[-92.54,69.71],[-92.78,69.71],[-91.94,70.02],[-92.44,70.07],[-92.27,70.21],[-91.52,70.18],[-91.73,70.36],[-91.95,70.26],[-92.24,70.49],[-92.2,70.61],[-93.04,70.87],[-92.91,70.91],[-92.85,71.15],[-92.98,71.35],[-93.81,71.65],[-93.71,71.76],[-94.2,71.79],[-94.42,71.66],[-94.36,71.8],[-94.64,71.82],[-94.39,71.93],[-94.49,71.99],[-94.97,71.98],[-95.24,71.85],[-94.61,71.86],[-95.9,71.61],[-95.55,71.49],[-95.45,71.37],[-95.54,71.29],[-96.04,71.42],[-96.5,71.28],[-96.56,71.13],[-96.37,71.09],[-96.61,70.79],[-96.2,70.62],[-95.82,70.71],[-96.05,70.61],[-95.8,70.53],[-96.23,70.56],[-96.56,70.31],[-96.53,70.13],[-95.97,69.78],[-94.85,69.57],[-94.63,69.68],[-94.31,69.44],[-93.59,69.53],[-93.44,69.48],[-93.56,69.38],[-93.37,69.37],[-93.85,69.17],[-93.54,69.43],[-94.26,69.33],[-94.32,69.15],[-94.07,69.14],[-94.6,68.96],[-94.62,68.76],[-94.49,68.73],[-94.09,68.76],[-93.82,68.89],[-94.08,68.85],[-93.93,68.97],[-93.64,68.96],[-93.57,68.84],[-93.71,68.66],[-93.56,68.61],[-93.62,68.54],[-94.11,68.42],[-94.2,68.27],[-94.79,68.04],[-95.47,68.06],[-95.52,67.84],[-95.71,67.73],[-95.32,67.53],[-95.33,67.35],[-95.17,67.28],[-95.35,67.15],[-95.22,66.98],[-95.33,66.89],[-96.09,66.91],[-95.65,66.66],[-96.46,67.06],[-96.13,66.95],[-95.96,67.07],[-95.93,66.95],[-95.34,66.98],[-95.44,67.19],[-95.83,67.17],[-95.57,67.38],[-96.12,67.21],[-96.25,67.25],[-96.11,67.47],[-96.45,67.47],[-96.17,67.64],[-96.21,67.82],[-95.98,68.25],[-96.72,68.01],[-96.8,68.06],[-96.41,68.31],[-97.09,68.26],[-97.05,68.35],[-97.26,68.47],[-98,68.54],[-97.75,68.37],[-98.67,68.38],[-98.33,68.17],[-98.36,68.08],[-98.58,68.15],[-98.09,67.83],[-97.68,68.02],[-97.37,67.87],[-97.25,67.93],[-97.14,67.67],[-97.6,67.6],[-98.62,68.07],[-98.75,68.05],[-98.72,67.95],[-98.39,67.79],[-99.24,67.71],[-100.4,67.85],[-101.54,67.68],[-102.8,67.82],[-103.37,68.01],[-103.42,68.17],[-103.84,68.02],[-104.5,68.03],[-104.67,68.14],[-104.64,68.25],[-104.93,68.23],[-104.88,68.34],[-105.06,68.26],[-105.55,68.42],[-105.38,68.49],[-105.48,68.72],[-106.21,68.94],[-108.28,68.62],[-108.82,68.27],[-108.45,68.31],[-108.33,68.2],[-108.39,68.11],[-107.62,68.16],[-107.88,68.27],[-107.82,68.34],[-107.25,68.26],[-106.79,68.41],[-106.56,68.29],[-106.49,68.41],[-106.63,68.46],[-106.54,68.51],[-105.65,68.64],[-105.75,68.41],[-106.46,68.34],[-106.49,68.22],[-106.35,68.19],[-106.43,68.15],[-106.62,68.25],[-107.33,68.05],[-107.89,68.08],[-107.91,67.99],[-107.66,67.94],[-107.94,67.85],[-108,67.7],[-107.58,67.49],[-107.65,67.36],[-107.09,66.82],[-107.38,66.97],[-107.42,66.81],[-107.57,66.84],[-107.67,66.94],[-107.49,66.92],[-107.52,67.02],[-107.64,67.07],[-107.75,66.92],[-107.65,66.69],[-107.23,66.35],[-108.62,67.15],[-107.88,67.05],[-108.02,67.29],[-108.34,67.44],[-108.49,67.36],[-108.66,67.63],[-108.83,67.35],[-109.02,67.46],[-108.92,67.53],[-109.06,67.71],[-109.73,67.72],[-110.08,68.01],[-111.01,67.76],[-111.18,67.84],[-112.37,67.68],[-115.11,67.8],[-115.54,67.92],[-115.12,68.02],[-115.24,68.04],[-115.23,68.18],[-114.02,68.24],[-114.09,68.5],[-114.98,68.86],[-115.83,68.99],[-116.32,68.96],[-115.96,68.8],[-117.19,68.89],[-118.85,69.25],[-119.98,69.34],[-121.9,69.81],[-123.02,69.82],[-123.17,69.5],[-123.47,69.38],[-124.33,69.35],[-124.52,69.4],[-124.04,69.7],[-124.5,69.72],[-124.36,70.07],[-124.44,70.15],[-124.75,70.12],[-124.45,70.08],[-124.56,70.01],[-125.2,70],[-124.8,70.01],[-125.06,69.8],[-125.28,69.81],[-124.83,69.72],[-125.36,69.69],[-125.13,69.49],[-125.62,69.42],[-125.09,69.45],[-125.42,69.31],[-126.26,69.53],[-126.71,69.77],[-127.18,70.28],[-128,70.59],[-128.2,70.4],[-127.52,70.22],[-128.34,70.12],[-128.32,69.95],[-128.97,69.67],[-129.15,69.7],[-129.14,69.85],[-130.36,69.68],[-130.94,69.27],[-130.94,69.13],[-131.02,69.21],[-130.9,69.38],[-131.03,69.34],[-130.92,69.45],[-130.99,69.54],[-131.11,69.33],[-131.09,69.61],[-131.19,69.58],[-131.06,69.51],[-131.13,69.36],[-131.23,69.58],[-131.17,69.4],[-131.41,69.3],[-131.21,69.4],[-131.26,69.5],[-131.5,69.33],[-131.45,69.45],[-131.96,69.4],[-131.73,69.4],[-131.8,69.32],[-132.22,69.14],[-132.31,69.23],[-132.87,69.06],[-132.77,68.86],[-132.5,68.91],[-132.4,68.86],[-132.48,68.8],[-133.35,68.83],[-132.92,68.69],[-133.49,68.82],[-133.18,69.04],[-132.91,69.04],[-132.74,69.26],[-132.12,69.36],[-132,69.53],[-130.92,69.57],[-129.5,70.02],[-129.41,70.1],[-129.68,70.27],[-129.97,70.07],[-130.55,70.17],[-130.93,70.08],[-131.19,69.82],[-131.42,69.95],[-132.15,69.69],[-132.54,69.74],[-132.33,69.67],[-132.91,69.65],[-133.07,69.43],[-134.16,69.26],[-134.63,69.01],[-134.28,68.68],[-134.85,68.93],[-135.62,68.89],[-135.15,68.66],[-135.41,68.68],[-136.03,68.87],[-136.79,68.88],[-138.04,69.12],[-139.14,69.51],[-141,69.64],[-141,60.31],[-139.98,60.19],[-139.68,60.34],[-139.07,60.34],[-139.16,60.07],[-137.59,59.24],[-137.5,58.91],[-136.58,59.16],[-136.46,59.47],[-136.3,59.47],[-136.24,59.56],[-136.35,59.6],[-136.21,59.64],[-135.47,59.8],[-135.01,59.57],[-135.09,59.43],[-134.95,59.28],[-134.47,59.13],[-134.24,58.85],[-133.43,58.46],[-132.37,57.38],[-132.23,57.2],[-132.32,57.09],[-132.03,57.04],[-132.1,56.87],[-131.86,56.8],[-131.82,56.6],[-130.09,56.12],[-129.97,55.92],[-130.13,55.74],[-130.1,55.56],[-129.95,55.29],[-130.16,55.08],[-130.11,54.99],[-129.78,55.36],[-129.79,55.57],[-129.71,55.45],[-129.48,55.47],[-129.98,55.07],[-129.62,55],[-130.17,54.85],[-130.2,54.73],[-129.91,54.61],[-130.37,54.66],[-129.96,54.32],[-130.41,54.63],[-130.48,54.36],[-130.28,54.35],[-130.12,54.15],[-129.47,54.24],[-130.05,54.15],[-130.1,53.94],[-129.3,53.38],[-129.22,53.64],[-128.61,54.03],[-128.68,53.91],[-128.48,53.84],[-128.77,53.8],[-128.81,53.62],[-128.54,53.48],[-128.13,53.48],[-127.87,53.24],[-128.13,53.45],[-128.52,53.4],[-128.97,53.55],[-128.87,53.29],[-128.54,53.13],[-128.46,52.84],[-128.13,52.88],[-128.22,52.47],[-128.39,52.29],[-127.88,52.58],[-128.06,52.47],[-128.01,52.34],[-127.89,52.51],[-127.86,52.21],[-127.61,52.29],[-127.26,52.47],[-126.97,52.83],[-126.92,52.72],[-127.23,52.45],[-127.08,52.33],[-126.73,52.37],[-126.94,52.3],[-126.68,51.99],[-126.96,52.27],[-127.17,52.31],[-127.86,51.9],[-127.88,51.67],[-127.64,51.46],[-127.57,51.71],[-127.35,51.86],[-127.41,51.67],[-126.7,51.66],[-126.66,51.79],[-126.62,51.68],[-127.5,51.61],[-127.77,51.32],[-127.13,51.33],[-127.79,51.17],[-127.14,51.06],[-126.66,51.19],[-126.82,51.07],[-127.5,51.1],[-127.54,51.01],[-127.04,50.82],[-126.97,50.87],[-127.11,50.93],[-126.18,50.95],[-126.56,50.84],[-126.2,50.86],[-126.14,50.68],[-125.69,50.77],[-125.61,51.09],[-125.51,50.94],[-125.69,50.7],[-126.27,50.63],[-126.19,50.56],[-126.28,50.52],[-125.7,50.43],[-125.47,50.71],[-125.55,50.5],[-125.12,50.44],[-124.9,50.62],[-124.94,50.78],[-124.81,50.92],[-124.86,50.59],[-125.05,50.48],[-125.07,50.32],[-124.36,50.5],[-124.71,50.32],[-124.6,50.24],[-124.7,50],[-124.82,50.06],[-124.41,49.76],[-124.09,49.8],[-124.04,49.92],[-123.92,49.83],[-124,50],[-123.81,50.09],[-123.99,50.21],[-123.83,50.15],[-123.75,50.09],[-123.96,49.96],[-123.93,49.78],[-123.81,49.64],[-123.54,49.7],[-123.77,49.51],[-123.94,49.74],[-124.07,49.64],[-123.54,49.38],[-123.17,49.7],[-123.24,49.34],[-122.93,49.33],[-122.86,49.44],[-122.94,49.28],[-123.25,49.27],[-123.09,49],[-122.91,49.09],[-122.76,49],[-95.15,49],[-95.12,49.37],[-94.82,49.31],[-94.61,48.72],[-93.86,48.63],[-93.72,48.51],[-92.95,48.62],[-92.36,48.23],[-92.04,48.35],[-91.42,48.04],[-90.87,48.24],[-90.75,48.09],[-89.36,47.98],[-88.37,48.31],[-84.86,46.91],[-84.78,46.65],[-84.56,46.47],[-84.13,46.53],[-83.95,46.07],[-83.57,46.1],[-83.45,46.01],[-83.6,45.83],[-82.54,45.36],[-82.13,43.59],[-82.54,42.6],[-83.14,42.2],[-83.08,41.87],[-82.7,41.68],[-82.43,41.68],[-81.25,42.22],[-80.09,42.4],[-78.99,42.82],[-78.92,42.94],[-79.18,43.47],[-78.72,43.63],[-76.81,43.63],[-76.44,44.1],[-75,44.98],[-71.49,45.02],[-71.32,45.3],[-70.88,45.24],[-70.69,45.57],[-70.26,45.91],[-70.29,46.2],[-70.06,46.43],[-70.01,46.7],[-69.13,47.46],[-68.89,47.19],[-68.31,47.37],[-67.79,47.07],[-67.8,45.73],[-67.41,45.59],[-67.46,45.26],[-67.34,45.15],[-66.43,45.08],[-66.06,45.26],[-66.19,45.33],[-66,45.46],[-66.09,45.3],[-65.89,45.21],[-64.78,45.61],[-64.58,45.83],[-64.75,46.09],[-64.48,45.75],[-64.33,45.88],[-64.27,45.81],[-64.94,45.33],[-63.37,45.36],[-64.16,45.19],[-64.16,44.98],[-64.22,45.11],[-64.36,45.1],[-64.32,45.29],[-64.49,45.33],[-64.43,45.26],[-64.87,45.14],[-66.19,44.42],[-65.85,44.58],[-66.12,44.34],[-66.17,43.86],[-66.02,43.69],[-65.92,43.83],[-65.72,43.5],[-65.56,43.57],[-65.48,43.46],[-65.33,43.68],[-65.03,43.7],[-64.62,44.13],[-64.28,44.25],[-64.34,44.41],[-64.2,44.58],[-64.09,44.47],[-63.91,44.68],[-63.93,44.51],[-63.63,44.44],[-63.52,44.51],[-63.65,44.71],[-63.44,44.59],[-63.05,44.67],[-63.06,44.76],[-62.85,44.72],[-60.97,45.27],[-61.46,45.35],[-61.26,45.51],[-61.5,45.69],[-61.62,45.61],[-61.88,45.69],[-61.92,45.88],[-62.46,45.61],[-62.68,45.76],[-63.67,45.82],[-64.09,46.02],[-63.83,46.15],[-64.5,46.24],[-64.91,46.87],[-64.8,47.08],[-65.37,47.09],[-64.91,47.35],[-64.86,47.58],[-64.67,47.72],[-64.8,47.81],[-65.17,47.83],[-65.63,47.62],[-65.84,47.91],[-66.36,48.07],[-66.84,48],[-65.9,48.2],[-65.46,48],[-65.2,48.03],[-64.25,48.49],[-64.17,48.63],[-64.53,48.87],[-64.16,48.76],[-64.23,48.9],[-64.83,49.19],[-65.5,49.26],[-66.31,49.19],[-67.53,48.86],[-68.94,48.3],[-70.49,47.03],[-71.3,46.74],[-70.23,47.5],[-69.73,48.11],[-71.02,48.46],[-69.68,48.14],[-69.06,48.77],[-68.61,49.04],[-68.19,49.11],[-68.13,49.26],[-67.37,49.33],[-67.16,49.8],[-66.45,50.27],[-66.09,50.19],[-65.28,50.31],[-62.4,50.29],[-61.58,50.19],[-61.72,50.09],[-60.11,50.23],[-59.12,50.8],[-59.01,50.75],[-58.99,51.01],[-58.62,51.15],[-58.62,51.28],[-58.01,51.31],[-57.74,51.47],[-57.1,51.42],[-57.11,52],[-63.75,52],[-63.93,52.42],[-64.08,52.47],[-63.38,52.67],[-63.6,52.77],[-63.54,52.98],[-63.75,53.12],[-63.93,53.07],[-63.95,52.87],[-64.2,52.8],[-64.21,52.54],[-64.08,52.38],[-64.29,52.05],[-64.34,51.69],[-64.58,51.56],[-64.71,51.76],[-64.6,51.84],[-65.1,52.17],[-65.46,52.21],[-65.8,52.05],[-66.24,52.27],[-66.39,52.16],[-66.49,52.32],[-66.37,52.41],[-66.44,52.7],[-66.27,52.87],[-66.45,53.03],[-66.65,52.9],[-66.67,52.73],[-67.09,52.73],[-66.91,53.34],[-67.15,53.55],[-67.48,53.59],[-67.43,53.79],[-67.78,54.04],[-67.49,54.23],[-67.61,54.56],[-67.3,54.51],[-67.04,54.62],[-67.31,54.79],[-67.4,55.09],[-66.71,54.73],[-66.61,54.8],[-66.77,55.34],[-65.67,54.71],[-64.36,54.76],[-63.7,54.6],[-63.44,54.97],[-63.57,55.08],[-63.51,55.19],[-63.1,55.33],[-63.15,55.53],[-63.46,55.61],[-63.71,55.85],[-63.45,56.02],[-64.02,56.08],[-63.88,56.21],[-64.14,56.3],[-64.1,56.43],[-63.87,56.45],[-64.13,56.71],[-63.79,57.11],[-63.75,57.24],[-63.88,57.24],[-63.77,57.57],[-63.59,57.69],[-64.08,57.78],[-64.21,58.04],[-64.43,58.09],[-63.82,58.48],[-64.09,58.56],[-64.05,58.68],[-63.48,58.76],[-63.71,58.88],[-64.15,58.75],[-64.33,58.89],[-64.88,58.93],[-64.71,59.07],[-64.3,59],[-64.49,59.1],[-64.54,59.29],[-64.34,59.5],[-64.83,59.54],[-64.74,59.95],[-64.9,60.05],[-64.6,60.12],[-64.86,60.24],[-64.54,60.31],[-64.58,60.32]]],[[[-108.11,67.88],[-108.05,67.96],[-108.15,67.97],[-108.25,67.88],[-108.14,67.87],[-108.11,67.88]]],[[[-65.52,68.11],[-65.71,68.18],[-65.68,68.1],[-65.52,68.11]]],[[[-111.7,68.22],[-111.52,68.31],[-111.73,68.22],[-111.7,68.22]]],[[[-109.78,68.14],[-109.58,68.24],[-109.82,68.14],[-109.78,68.14]]],[[[-73.65,68.01],[-74.34,68.18],[-74.76,68.06],[-74.54,67.8],[-73.43,67.76],[-73.42,67.98],[-73.61,68.02],[-73.65,68.01]]],[[[-104.45,68.1],[-104.38,68.2],[-104.55,68.15],[-104.48,68.08],[-104.45,68.1]]],[[[-66.31,68.15],[-66.22,68.24],[-66.3,68.25],[-66.61,68.22],[-66.33,68.15],[-66.31,68.15]]],[[[-78.84,68.24],[-79.15,68.35],[-79.18,68.21],[-79.03,68.17],[-78.84,68.24]]],[[[-82.01,68.34],[-82.34,68.37],[-82.07,68.3],[-82.01,68.34]]],[[[-135.36,68.93],[-134.78,68.97],[-134.44,68.71],[-134.23,68.7],[-134.67,69.01],[-133.75,69.54],[-134.24,69.58],[-134.18,69.64],[-134.31,69.72],[-134.49,69.71],[-134.44,69.45],[-135.15,69.48],[-135.28,69.42],[-135.18,69.26],[-135.84,69.3],[-135.49,69.12],[-135.92,69.26],[-135.92,69.09],[-135.52,69.02],[-135.96,69.04],[-136,68.95],[-135.39,68.93],[-135.36,68.93]]],[[[-135.28,69.33],[-135.56,69.39],[-135.29,69.31],[-135.28,69.33]]],[[[-71.47,71.01],[-72.01,71.04],[-72.23,70.93],[-72.11,70.81],[-71.43,70.9],[-71.34,71],[-71.43,71.01],[-71.47,71.01]]],[[[-116.89,70.55],[-117.26,70.59],[-116.92,70.54],[-116.89,70.55]]],[[[-100.24,70.45],[-100.22,70.56],[-100.5,70.68],[-100.67,70.56],[-100.27,70.45],[-100.24,70.45]]],[[[-128.13,70.57],[-128.24,70.65],[-128.34,70.54],[-128.13,70.57]]],[[[-73.12,71.48],[-73.18,71.57],[-73.37,71.48],[-73.06,71.29],[-73.01,71.42],[-72.83,71.44],[-73.13,71.45],[-73.12,71.48]]],[[[-72.76,71.53],[-72.66,71.6],[-72.73,71.66],[-73.03,71.58],[-72.79,71.53],[-72.76,71.53]]],[[[-96.47,71.23],[-96.65,71.29],[-96.48,71.21],[-96.47,71.23]]],[[[-73.35,71.56],[-73.15,71.68],[-73.35,71.66],[-73.45,71.59],[-73.37,71.55],[-73.35,71.56]]],[[[-95.44,71.73],[-95.28,71.84],[-95.47,71.73],[-95.44,71.73]]],[[[-78.92,72.34],[-78.75,72.37],[-78.97,72.45],[-79.07,72.41],[-78.94,72.34],[-78.92,72.34]]],[[[-120.15,74.27],[-121.52,74.55],[-124.78,74.33],[-124.22,73.87],[-123.77,73.76],[-124.79,73.14],[-124.83,73.05],[-124.48,72.93],[-125.03,72.82],[-124.94,72.7],[-125.03,72.57],[-125.43,72.41],[-125.88,71.96],[-124.99,71.97],[-125.16,71.92],[-124.02,71.69],[-123.13,71.08],[-122.8,71.08],[-121.7,71.46],[-121.39,71.38],[-120.6,71.49],[-120.38,71.69],[-120.45,71.95],[-120.15,72.15],[-120.25,72.26],[-119.8,72.22],[-119.31,72.36],[-119.11,72.64],[-115.32,73.48],[-117.43,74.23],[-118.61,74.23],[-119.19,73.99],[-119.07,74.11],[-119.14,74.21],[-119.5,74.21],[-119.77,74.03],[-119.61,74.23],[-119.85,74.24],[-120.15,74.27]]],[[[-96.52,71.93],[-96.76,71.91],[-96.51,72.04],[-96.86,72.04],[-96.5,72.09],[-96.56,72.27],[-96.87,72.32],[-96.3,72.43],[-96.52,72.71],[-97.18,72.6],[-97.03,72.73],[-97.27,72.85],[-97.23,72.94],[-97.86,73.05],[-98.45,72.87],[-98.45,73.02],[-97.84,73.27],[-97.17,73.35],[-97.19,73.47],[-97.67,73.48],[-96.97,73.64],[-97.22,73.86],[-97.8,73.91],[-99.23,73.74],[-99.98,73.95],[-100.3,73.86],[-99.88,73.87],[-100.06,73.77],[-100.96,73.81],[-101.12,73.73],[-100.55,73.6],[-100.6,73.49],[-100.44,73.41],[-100.92,73.6],[-101.62,73.49],[-100.89,73.26],[-100.39,73.4],[-99.77,73.21],[-100.37,73.29],[-100.58,73.17],[-100.24,73.14],[-100.07,72.9],[-100.29,72.87],[-100.36,73.05],[-100.5,72.95],[-100.31,72.8],[-100.41,72.74],[-101.3,72.71],[-102.14,73.09],[-102.51,73.03],[-102.76,72.76],[-101.78,72.3],[-101.2,72.33],[-100.96,72.17],[-100.64,72.19],[-99.68,71.76],[-99.23,71.34],[-98.75,71.27],[-98.04,71.53],[-98.5,71.72],[-98.29,71.9],[-98.36,71.73],[-98.25,71.66],[-97.47,71.61],[-96.49,71.92],[-96.52,71.93]]],[[[-96.96,72.73],[-96.73,72.73],[-96.69,72.88],[-96.97,72.74],[-96.96,72.73]]],[[[-96.81,72.93],[-96.57,73.05],[-96.85,73.19],[-97.14,73.08],[-96.92,72.92],[-96.81,72.93]]],[[[-85.88,72.22],[-85.86,72.3],[-86.1,72.28],[-85.91,72.22],[-85.88,72.22]]],[[[-79.51,72.35],[-79.43,72.41],[-79.55,72.45],[-79.68,72.43],[-79.53,72.35],[-79.51,72.35]]],[[[-80,72.41],[-79.92,72.46],[-80.04,72.52],[-80.02,72.41],[-80,72.41]]],[[[-95.16,71.96],[-94.07,71.98],[-94.18,72.06],[-93.47,72.45],[-93.84,72.72],[-94.31,72.77],[-92.13,72.73],[-90.2,73.9],[-91.57,74.03],[-92.32,73.95],[-93.33,74.17],[-95.25,74.01],[-95.26,73.86],[-94.62,73.65],[-95.68,73.72],[-95.58,73.16],[-95.67,72.81],[-95.13,72.46],[-95.16,72.14],[-94.76,72.15],[-95.2,72.1],[-95.17,71.97],[-95.16,71.96]]],[[[-80.15,73.7],[-80.86,73.74],[-80.88,73.33],[-80.14,73.21],[-80.18,73.05],[-80,72.87],[-79.62,72.76],[-77.71,72.9],[-76.34,72.81],[-76.07,72.92],[-76.32,72.96],[-76.31,73.1],[-76.61,73.16],[-76.71,73.32],[-77.45,73.56],[-80.11,73.69],[-80.15,73.7]]],[[[-124.12,73.57],[-124.33,73.64],[-124.31,73.56],[-124.12,73.57]]],[[[-107.9,73.54],[-107.68,73.62],[-108.04,73.62],[-107.93,73.54],[-107.9,73.54]]],[[[-105.1,73.74],[-106.62,73.71],[-107.03,73.49],[-106.45,73.4],[-105.38,72.87],[-105.21,72.87],[-105.35,72.95],[-104.98,73.02],[-104.57,73.33],[-104.52,73.58],[-104.96,73.69],[-105.1,73.74]]],[[[-98.92,73.81],[-98.15,73.87],[-97.65,74.05],[-97.74,74.12],[-99.41,73.92],[-98.96,73.81],[-98.92,73.81]]],[[[-128.86,69.96],[-129.1,69.85],[-128.94,69.84],[-128.86,69.96]]],[[[-101.66,69.08],[-101.5,69.16],[-101.56,69.22],[-101.72,69.19],[-101.68,69.08],[-101.66,69.08]]],[[[-100,68.94],[-100.13,69.13],[-100.26,69.04],[-100.03,68.94],[-100,68.94]]],[[[-89.91,69.01],[-90.08,68.95],[-89.91,68.92],[-89.91,69.01]]],[[[-89.88,68.69],[-89.79,68.76],[-89.94,68.85],[-90.03,68.77],[-89.95,68.66],[-89.88,68.69]]],[[[-78.46,69.39],[-79.24,69.07],[-79.4,68.92],[-79.29,68.83],[-78.84,68.91],[-78.21,69.3],[-78.45,69.39],[-78.46,69.39]]],[[[-100.17,68.8],[-100.14,68.91],[-100.34,69.01],[-100.6,69],[-100.62,68.76],[-100.22,68.76],[-100.17,68.8]]],[[[-104.55,68.4],[-104.43,68.43],[-104.55,68.54],[-104.99,68.58],[-104.59,68.39],[-104.55,68.4]]],[[[-74.15,68.25],[-74.08,68.33],[-74.37,68.46],[-74.2,68.24],[-74.15,68.25]]],[[[-110.86,68.47],[-110.7,68.49],[-110.82,68.55],[-111.08,68.49],[-110.93,68.47],[-110.86,68.47]]],[[[-74.78,68.41],[-75.01,68.67],[-75.25,68.72],[-75.39,68.62],[-75.4,68.5],[-74.81,68.32],[-74.78,68.41]]],[[[-74.55,68.55],[-74.76,68.67],[-74.84,68.57],[-74.59,68.55],[-74.55,68.55]]],[[[-78.47,68.56],[-78.86,68.66],[-78.67,68.58],[-78.96,68.47],[-78.5,68.55],[-78.47,68.56]]],[[[-101.7,68.64],[-101.69,68.77],[-101.91,68.82],[-102.31,68.68],[-101.84,68.57],[-101.7,68.64]]],[[[-97.36,69.69],[-98.01,69.89],[-98.36,69.6],[-98,69.44],[-98.57,69.57],[-98.42,69.47],[-98.6,69.43],[-98.41,69.3],[-99.48,69.13],[-99.59,69.02],[-99.18,68.82],[-98.97,68.95],[-98.72,68.79],[-98.45,68.75],[-98.38,68.86],[-98.12,68.67],[-96.53,68.44],[-95.21,68.85],[-95.82,68.87],[-96.04,69.23],[-96.2,69.04],[-96.2,69.3],[-97.28,69.7],[-97.39,69.6],[-97.48,69.67],[-97.4,69.69],[-97.36,69.69]]],[[[-67.31,69.55],[-67.73,69.54],[-67.33,69.53],[-67.31,69.55]]],[[[-67.92,69.52],[-67.89,69.71],[-68.25,69.6],[-67.94,69.52],[-67.92,69.52]]],[[[-76.95,69.4],[-77.35,69.4],[-77.38,69.25],[-77.24,69.13],[-76.96,69.14],[-76.65,69.33],[-76.92,69.39],[-76.95,69.4]]],[[[-90.51,69.2],[-90.61,69.37],[-90.78,69.27],[-90.58,69.2],[-90.51,69.2]]],[[[-96.66,69.57],[-96.16,69.35],[-96.15,69.56],[-96.56,69.56],[-96.66,69.57]]],[[[-90.29,69.25],[-90.15,69.37],[-90.3,69.43],[-90.51,69.36],[-90.33,69.24],[-90.29,69.25]]],[[[-82.48,69.84],[-82.69,69.85],[-82.44,69.82],[-82.48,69.84]]],[[[-95.49,69.57],[-95.91,69.6],[-95.98,69.35],[-95.87,69.35],[-95.82,69.56],[-95.67,69.51],[-95.74,69.33],[-95.52,69.33],[-95.4,69.38],[-95.45,69.55],[-95.49,69.57]]],[[[-101.13,69.4],[-101.01,69.49],[-101.35,69.57],[-101.22,69.37],[-101.13,69.4]]],[[[-77.96,69.67],[-78.18,69.75],[-78.88,69.48],[-77.95,69.64],[-77.96,69.67]]],[[[-79.43,69.79],[-80.38,69.8],[-80.8,69.68],[-79.99,69.49],[-80.04,69.65],[-79.33,69.7],[-79.43,69.79]]],[[[-91.53,69.73],[-91.41,69.88],[-91.73,69.79],[-91.55,69.73],[-91.53,69.73]]],[[[-83.66,69.73],[-83.58,69.79],[-83.87,69.82],[-83.68,69.72],[-83.66,69.73]]],[[[-82.51,69.7],[-82.8,69.81],[-82.54,69.7],[-82.51,69.7]]],[[[-86.91,70.1],[-87.37,70.09],[-86.83,69.97],[-86.47,70.01],[-86.89,70.1],[-86.91,70.1]]],[[[-114,72.8],[-113.96,73.15],[-114.56,73.38],[-117.35,72.92],[-118.53,72.5],[-118.58,72.39],[-118.17,72.34],[-118.12,72.22],[-118.58,72.18],[-119.09,71.91],[-119.13,71.77],[-118.9,71.58],[-117.71,71.66],[-117.91,71.61],[-117.68,71.55],[-118.29,71.48],[-118.11,71.37],[-117.53,71.38],[-117.63,71.46],[-117.55,71.5],[-117.37,71.38],[-115.07,71.52],[-118.37,71.02],[-117.67,70.62],[-116.06,70.57],[-113.94,70.72],[-111.49,70.34],[-112.56,70.2],[-115.17,70.28],[-117.42,70.01],[-117.24,69.76],[-116.6,69.57],[-116.53,69.41],[-113.55,69.19],[-113.69,69.19],[-113.55,69.05],[-113.67,68.81],[-113.07,68.52],[-113.26,68.45],[-108.97,68.73],[-108.49,68.95],[-107.37,69.01],[-106.61,69.5],[-106.32,69.39],[-106.27,69.29],[-106.41,69.18],[-104.92,69.07],[-105.25,68.95],[-105.14,68.9],[-102.89,68.8],[-101.85,68.98],[-101.75,69.16],[-102.22,69.23],[-101.93,69.41],[-102.31,69.5],[-102.83,69.38],[-103.18,69.11],[-103.01,69.47],[-103.48,69.69],[-102.6,69.54],[-102.48,69.69],[-102.67,69.76],[-102.24,69.92],[-101.69,69.68],[-101.45,69.91],[-101.28,69.66],[-100.96,69.66],[-100.87,69.81],[-101,70.17],[-101.56,70.11],[-101.69,70.31],[-101.93,70.26],[-103.08,70.67],[-103.13,70.57],[-102.97,70.49],[-103.52,70.59],[-104.58,71.06],[-104.65,71.12],[-104.34,71.4],[-104.36,71.58],[-105.02,72.07],[-104.96,72.18],[-105.5,72.78],[-105.32,72.74],[-105.83,73.05],[-106.75,73.29],[-107.02,73.3],[-107.07,73.17],[-108.08,73.35],[-108.12,73.26],[-107.88,73.19],[-108.29,73.15],[-107.88,72.57],[-107.78,72.14],[-107.26,71.89],[-107.8,71.73],[-107.73,71.62],[-107.84,71.6],[-108.24,71.72],[-108.19,71.96],[-108.66,72.34],[-108.62,72.55],[-109.04,72.57],[-109.05,72.68],[-109.66,72.92],[-110.75,72.96],[-109.77,72.72],[-110.28,72.66],[-109.97,72.62],[-109.8,72.49],[-110.25,72.56],[-109.79,72.43],[-110.37,72.56],[-110.53,72.5],[-110.35,72.43],[-110.73,72.57],[-111.11,72.34],[-111.28,72.37],[-111.26,72.47],[-111.66,72.28],[-111.9,72.35],[-111.2,72.67],[-111.53,72.8],[-113.06,73.01],[-113.59,72.79],[-113.44,72.68],[-114.34,72.56],[-114.6,72.6],[-114.07,72.8],[-114,72.8]]]]}},{"type":"Feature","properties":{"NAME":"Newfoundland","ABBREVN":"Newfoundland","SUBJECTO":"Newfoundland","BORDERPRECISION":3,"PARTOF":"Newfoundland"},"geometry":{"type":"MultiPolygon","coordinates":[[[[-53.54,48.2],[-53.93,48.21],[-53.63,48.08],[-53.51,48.2],[-53.54,48.2]]],[[[-54.24,47.4],[-54.13,47.66],[-54.36,47.41],[-54.26,47.39],[-54.24,47.4]]],[[[-55.9,47.6],[-55.93,47.68],[-56.11,47.63],[-55.92,47.6],[-55.9,47.6]]],[[[-54.57,49.56],[-54.54,49.66],[-54.89,49.59],[-54.77,49.49],[-54.57,49.56]]],[[[-54,49.65],[-54.28,49.72],[-54.27,49.57],[-54,49.65]]],[[[-55.56,50.7],[-55.46,50.8],[-55.62,50.79],[-55.58,50.7],[-55.56,50.7]]],[[[-57.99,54.83],[-57.94,54.92],[-58.23,54.86],[-58.16,54.76],[-57.98,54.8],[-57.99,54.83]]],[[[-60.9,55.87],[-60.69,55.92],[-60.86,55.95],[-60.9,55.87]]],[[[-60.94,56.01],[-61.09,56.17],[-61.23,56.07],[-61.04,56.01],[-60.94,56.01]]],[[[-55.73,53.46],[-55.95,53.48],[-55.8,53.39],[-55.73,53.46]]],[[[-53.69,48.06],[-53.91,48.08],[-53.94,48.23],[-53.63,48.17],[-53.08,48.42],[-52.98,48.6],[-53.07,48.7],[-53.22,48.56],[-53.43,48.62],[-53.59,48.43],[-53.59,48.53],[-53.95,48.54],[-53.61,48.68],[-53.92,48.62],[-53.8,48.81],[-54.1,48.81],[-53.59,49.04],[-53.51,49.28],[-54.05,49.48],[-54.18,49.37],[-54.37,49.42],[-54.48,49.27],[-54.47,49.54],[-54.82,49.27],[-55.08,49.35],[-55.38,49.04],[-55.14,49.54],[-55.31,49.53],[-55.32,49.31],[-55.37,49.5],[-55.56,49.37],[-55.52,49.48],[-55.67,49.38],[-55.83,49.52],[-56.13,49.42],[-55.83,49.69],[-56.12,49.61],[-55.99,49.75],[-55.46,49.96],[-55.75,49.92],[-56.12,50.15],[-56.85,49.54],[-56.78,49.73],[-56.91,49.75],[-56.16,50.62],[-56.15,50.89],[-56.07,50.72],[-55.73,51.08],[-55.71,51.18],[-55.99,51.18],[-56.08,51.37],[-55.61,51.3],[-55.41,51.56],[-55.88,51.49],[-55.9,51.63],[-56.68,51.34],[-56.98,50.87],[-57.38,50.69],[-57.15,50.62],[-57.37,50.59],[-57.93,49.72],[-57.94,49.61],[-57.7,49.46],[-58,49.56],[-58.22,49.4],[-58.2,49.24],[-57.93,49.24],[-58.09,49.16],[-57.88,49.16],[-58.14,49.08],[-57.9,48.98],[-58.36,49.06],[-58.35,49.15],[-58.7,48.58],[-58.96,48.62],[-58.77,48.77],[-59.23,48.53],[-58.42,48.49],[-59.37,47.93],[-59.3,47.61],[-58.03,47.7],[-56.84,47.52],[-56.16,47.64],[-55.77,47.95],[-55.91,47.66],[-55.63,47.67],[-56.11,47.46],[-55.75,47.59],[-55.92,47.45],[-55.65,47.5],[-55.59,47.4],[-55.41,47.49],[-55.37,47.73],[-55.13,47.61],[-54.94,47.78],[-55.03,47.63],[-54.85,47.63],[-55.49,47.14],[-55.97,46.98],[-55.8,46.86],[-55.36,46.87],[-54.86,47.39],[-54.62,47.39],[-54.41,47.6],[-54.6,47.38],[-54.51,47.37],[-54.2,47.84],[-53.98,47.76],[-53.87,47.4],[-54.19,46.82],[-54.05,46.8],[-53.59,47.16],[-53.61,46.64],[-53.36,46.74],[-53.17,46.62],[-52.94,46.8],[-52.62,47.51],[-52.78,47.8],[-53.12,47.42],[-53.26,47.55],[-52.83,48.1],[-52.92,48.17],[-53.29,48],[-53.55,47.54],[-53.84,47.7],[-53.61,48.05],[-53.91,48.02],[-53.74,48.03],[-53.69,48.06]]],[[[-64.53,60.31],[-64.43,60.28],[-64.52,60.33],[-64.53,60.31]]],[[[-57.1,51.42],[-55.7,52.09],[-55.71,52.25],[-56.19,52.44],[-55.78,52.33],[-55.65,52.43],[-56.49,52.59],[-55.76,52.61],[-56.06,52.77],[-55.81,52.83],[-55.83,52.92],[-56.16,53.03],[-55.75,53.14],[-55.81,53.34],[-56.26,53.55],[-56.03,53.58],[-56.67,53.68],[-56.45,53.78],[-56.97,53.73],[-57.3,53.43],[-57.32,53.58],[-57.54,53.6],[-57.08,53.82],[-57.43,54.18],[-58.18,54.24],[-58.42,54.14],[-57.8,54.08],[-58.55,54.01],[-59.06,53.8],[-59.08,53.68],[-59.86,53.54],[-59.79,53.48],[-60.13,53.28],[-60.41,53.27],[-60.2,53.31],[-60.41,53.35],[-60.1,53.5],[-60.88,53.71],[-60.86,53.79],[-60.14,53.53],[-60.08,53.76],[-58.45,54.15],[-59.53,54.06],[-57.63,54.38],[-57.42,54.46],[-57.7,54.47],[-57.35,54.57],[-58.9,54.84],[-59.01,54.89],[-58.9,54.95],[-59.03,55.16],[-59.38,54.98],[-59.16,55.23],[-59.91,54.74],[-59.43,55.14],[-59.97,55.11],[-59.74,55.2],[-59.78,55.33],[-60.29,55.03],[-60.07,55.25],[-60.18,55.27],[-60.68,54.99],[-60.2,55.43],[-60.33,55.49],[-60.48,55.35],[-60.32,55.57],[-60.53,55.6],[-60.33,55.78],[-60.51,55.8],[-60.66,55.59],[-60.6,55.81],[-60.88,55.74],[-60.76,55.85],[-61.5,56.01],[-61.24,56.04],[-61.45,56.06],[-61.35,56.22],[-62.08,56.29],[-61.68,56.27],[-62.14,56.45],[-61.71,56.57],[-62.19,56.6],[-62.02,56.63],[-62.57,56.8],[-62.06,56.83],[-62.5,56.79],[-61.69,56.62],[-61.9,56.79],[-61.65,56.82],[-61.36,57.09],[-62.01,57.25],[-61.8,57.36],[-61.89,57.41],[-62.53,57.49],[-61.88,57.63],[-62.12,57.8],[-62.12,57.97],[-62.67,57.93],[-62.31,58.04],[-62.5,58.06],[-62.45,58.17],[-63.34,57.98],[-62.63,58.18],[-62.83,58.25],[-62.63,58.3],[-62.56,58.48],[-63.24,58.47],[-63.58,58.3],[-62.85,58.69],[-63.03,58.87],[-63.32,58.86],[-63.16,58.92],[-63.33,59.02],[-63.13,59.05],[-64.04,59.02],[-63.36,59.2],[-63.54,59.35],[-63.82,59.24],[-63.75,59.38],[-64.06,59.39],[-63.73,59.52],[-63.89,59.62],[-64.12,59.52],[-64.06,59.63],[-64.26,59.76],[-64.17,60.02],[-64.5,59.9],[-64.37,60.12],[-64.81,59.98],[-64.83,59.54],[-64.34,59.5],[-64.54,59.29],[-64.49,59.1],[-64.3,59],[-64.71,59.07],[-64.88,58.93],[-64.33,58.89],[-64.15,58.75],[-63.71,58.88],[-63.48,58.76],[-64.05,58.68],[-64.09,58.56],[-63.82,58.48],[-64.43,58.09],[-64.21,58.04],[-64.08,57.78],[-63.6,57.73],[-63.88,57.24],[-63.75,57.24],[-63.79,57.11],[-64.13,56.71],[-63.87,56.45],[-64.1,56.43],[-64.14,56.3],[-63.88,56.21],[-64.02,56.08],[-63.45,56.02],[-63.71,55.85],[-63.46,55.61],[-63.15,55.53],[-63.1,55.33],[-63.51,55.19],[-63.57,55.08],[-63.44,54.97],[-63.66,54.62],[-63.8,54.6],[-64.36,54.76],[-65.67,54.71],[-66.81,55.34],[-66.61,54.8],[-66.95,54.8],[-67.4,55.09],[-67.31,54.79],[-67.04,54.62],[-67.3,54.51],[-67.61,54.56],[-67.49,54.23],[-67.78,54.07],[-67.43,53.79],[-67.48,53.59],[-67.15,53.55],[-66.91,53.34],[-67.06,52.7],[-66.67,52.73],[-66.61,52.94],[-66.35,52.98],[-66.27,52.87],[-66.44,52.7],[-66.37,52.41],[-66.49,52.32],[-66.39,52.16],[-66.24,52.27],[-65.8,52.05],[-65.46,52.21],[-65.1,52.17],[-64.6,51.84],[-64.71,51.76],[-64.58,51.56],[-64.34,51.69],[-64.29,52.05],[-64.08,52.38],[-64.21,52.54],[-64.2,52.8],[-63.95,52.87],[-63.93,53.07],[-63.75,53.12],[-63.54,52.98],[-63.6,52.77],[-63.38,52.67],[-64.08,52.47],[-63.93,52.42],[-63.75,52],[-57.11,52],[-57.1,51.46],[-57.1,51.42]]],[[[-61.44,56.54],[-61.61,56.46],[-61.17,56.47],[-61.44,56.54]]],[[[-61.19,56.59],[-61.06,56.63],[-61.16,56.69],[-61.22,56.58],[-61.19,56.59]]],[[[-61.43,56.93],[-61.63,56.86],[-61.64,56.74],[-61.44,56.62],[-61.39,56.77],[-61.59,56.76],[-61.38,56.84],[-61.4,56.93],[-61.43,56.93]]],[[[-61.61,57.31],[-61.75,57.37],[-61.66,57.29],[-61.61,57.31]]],[[[-61.89,57.43],[-61.61,57.41],[-61.72,57.54],[-61.9,57.43],[-61.89,57.43]]],[[[-61.87,57.46],[-61.78,57.55],[-61.95,57.59],[-62.02,57.51],[-61.93,57.45],[-61.87,57.46]]],[[[-64.17,59.8],[-64.16,59.7],[-63.96,59.75],[-64.11,59.85],[-64.17,59.8]]],[[[-64.81,59.98],[-64.38,60.16],[-64.75,60.23],[-64.44,60.26],[-64.54,60.31],[-64.85,60.26],[-64.6,60.12],[-64.86,59.99],[-64.81,59.98]]],[[[-61.67,57.73],[-61.7,57.83],[-61.86,57.8],[-61.69,57.71],[-61.67,57.73]]],[[[-61.88,57.81],[-61.99,57.91],[-62.11,57.83],[-61.95,57.79],[-61.88,57.81]]]]}},{"type":"Feature","properties":{"NAME":"Bahamas","ABBREVN":"Bahamas","SUBJECTO":"Bahamas","BORDERPRECISION":3,"PARTOF":"Bahamas"},"geometry":{"type":"MultiPolygon","coordinates":[[[[-73.04,21.14],[-73.02,21.33],[-73.15,21.18],[-73.53,21.19],[-73.66,21.08],[-73.67,20.92],[-73.12,21.01],[-73.04,21.14]]],[[[-72.83,22.38],[-73.16,22.37],[-72.76,22.35],[-72.83,22.38]]],[[[-73.85,22.73],[-74.04,22.62],[-73.87,22.51],[-74.28,22.17],[-73.84,22.55],[-73.85,22.73]]],[[[-74.02,22.71],[-74.35,22.83],[-74.08,22.66],[-74.02,22.71]]],[[[-74.9,22.95],[-75.3,23.67],[-75.12,23.33],[-75.07,23.11],[-75.17,23.14],[-74.91,22.97],[-74.9,22.95]]],[[[-75.77,23.5],[-76,23.67],[-75.81,23.5],[-75.77,23.5]]],[[[-74.44,24.04],[-74.53,24.1],[-74.49,23.96],[-74.44,24.04]]],[[[-76.4,25.33],[-76.74,25.56],[-76.51,25.35],[-76.4,25.33]]],[[[-77.73,26.91],[-77.95,26.9],[-77.54,26.87],[-77.34,26.6],[-77.15,26.55],[-77.22,26.15],[-77.4,26.03],[-77.22,25.88],[-77.04,26.5],[-77.7,26.91],[-77.73,26.91]]],[[[-77.92,26.75],[-78.52,26.73],[-78.7,26.58],[-78.98,26.7],[-78.73,26.49],[-77.91,26.69],[-77.92,26.75]]],[[[-77.43,25.01],[-77.26,25.05],[-77.51,25.06],[-77.47,24.99],[-77.43,25.01]]],[[[-76.4,25.33],[-76.16,25.13],[-76.21,24.87],[-76.34,24.82],[-76.17,24.69],[-76.11,25.11],[-76.35,25.34],[-76.4,25.33]]],[[[-78.29,24.77],[-78.23,24.56],[-78.32,24.71],[-78.44,24.62],[-78.05,24.28],[-77.72,24.5],[-78.04,25.18],[-78.2,25.2],[-78.28,24.79],[-78.29,24.77]]],[[[-77.67,24.12],[-77.74,24.03],[-77.76,24.14],[-77.7,24.29],[-77.88,24.07],[-77.73,23.78],[-77.58,23.84],[-77.77,23.74],[-77.55,23.75],[-77.64,24.2],[-77.67,24.12]]],[[[-75.32,24.22],[-75.63,24.65],[-75.76,24.66],[-75.47,24.29],[-75.51,24.14],[-75.29,24.15],[-75.32,24.22]]]]}},{"type":"Feature","properties":{"NAME":"Cuba","ABBREVN":"Cuba","SUBJECTO":"Cuba","BORDERPRECISION":3,"PARTOF":"Cuba"},"geometry":{"type":"MultiPolygon","coordinates":[[[[-77.34,21.64],[-78.57,22.32],[-79.26,22.37],[-80.04,22.95],[-82.04,23.19],[-83.22,23],[-84.07,22.66],[-84.4,22.33],[-84.34,22.01],[-84.93,21.91],[-84.81,21.82],[-84.49,21.93],[-84.52,21.77],[-84.04,21.91],[-83.95,22.15],[-83.37,22.2],[-82.78,22.7],[-81.79,22.66],[-81.64,22.57],[-81.7,22.45],[-82.16,22.4],[-81.82,22.18],[-80.91,22.04],[-80.59,22.05],[-80.49,22.18],[-79.99,21.72],[-79.24,21.54],[-78.76,21.64],[-78.59,21.46],[-78.5,21.03],[-78.07,20.71],[-77.31,20.71],[-77.11,20.37],[-77.6,20.05],[-77.68,19.82],[-76.25,19.99],[-75.31,19.88],[-75.09,20.06],[-75.09,19.89],[-74.76,20.05],[-74.27,20.06],[-74.13,20.2],[-74.96,20.69],[-75.72,20.69],[-75.77,20.83],[-75.63,20.85],[-75.58,21.01],[-75.71,21.12],[-76.02,21.08],[-76.49,21.28],[-76.54,21.18],[-76.66,21.35],[-76.9,21.31],[-77.06,21.59],[-77.26,21.47],[-77.36,21.61],[-77.14,21.65],[-77.54,21.92],[-77.33,21.65],[-77.34,21.64]]],[[[-82.54,21.58],[-82.72,21.89],[-82.97,21.94],[-83.09,21.79],[-82.94,21.59],[-83.19,21.62],[-83.15,21.53],[-82.9,21.43],[-82.6,21.54],[-82.54,21.58]]],[[[-77.85,22.09],[-77.93,22.04],[-77.71,21.91],[-77.62,22.03],[-77.8,22.1],[-77.85,22.09]]],[[[-77.9,22.1],[-77.86,22.22],[-78,22.29],[-77.96,22.13],[-77.9,22.1]]],[[[-78.12,22.41],[-78.31,22.41],[-78.19,22.32],[-78.02,22.27],[-78.09,22.39],[-78.12,22.41]]],[[[-78.35,22.54],[-78.69,22.51],[-78.28,22.44],[-78.35,22.54]]],[[[-79.34,22.64],[-79.63,22.79],[-79.33,22.62],[-79.34,22.64]]]]}},{"type":"Feature","properties":{"NAME":"Haiti","ABBREVN":"Haiti","SUBJECTO":"Haiti","BORDERPRECISION":3,"PARTOF":"Haiti"},"geometry":{"type":"MultiPolygon","coordinates":[[[[-72.8,18.73],[-73.3,18.93],[-72.82,18.7],[-72.8,18.73]]],[[[-71.75,19.7],[-72.79,19.94],[-73.4,19.83],[-73.41,19.63],[-72.72,19.45],[-72.8,19.03],[-72.32,18.67],[-72.35,18.54],[-72.63,18.55],[-72.74,18.42],[-74.27,18.67],[-74.42,18.61],[-74.45,18.35],[-74.1,18.25],[-73.88,18.02],[-73.79,18.17],[-73.45,18.26],[-72.89,18.14],[-72.07,18.24],[-71.76,18.04],[-71.69,18.32],[-72,18.6],[-71.73,18.71],[-71.78,18.96],[-71.63,19.16],[-71.74,19.29],[-71.73,19.68],[-71.75,19.7]]],[[[-72.62,20],[-72.92,20.08],[-72.64,19.99],[-72.62,20]]]]}},{"type":"Feature","properties":{"NAME":"Dominican Republic","ABBREVN":"Dominican Republic","SUBJECTO":"Dominican Republic","BORDERPRECISION":3,"PARTOF":"Dominican Republic"},"geometry":{"type":"MultiPolygon","coordinates":[[[[-68.57,18.13],[-68.78,18.2],[-68.57,18.1],[-68.57,18.13]]],[[[-71.76,18.04],[-71.42,17.6],[-71.09,18.08],[-71.07,18.31],[-70.94,18.25],[-70.65,18.43],[-70.55,18.21],[-70.23,18.22],[-69.88,18.47],[-68.9,18.4],[-68.7,18.2],[-68.32,18.6],[-68.92,19.03],[-69.62,19.09],[-69.62,19.22],[-69.24,19.18],[-69.16,19.29],[-69.76,19.29],[-69.94,19.67],[-70.3,19.65],[-71,19.93],[-71.25,19.82],[-71.59,19.91],[-71.77,19.78],[-71.74,19.29],[-71.63,19.21],[-71.78,18.96],[-71.73,18.71],[-72,18.6],[-71.69,18.32],[-71.75,18.09],[-71.76,18.04]]]]}},{"type":"Feature","properties":{"NAME":"Jamaica","ABBREVN":"Jamaica","SUBJECTO":"Jamaica","BORDERPRECISION":3,"PARTOF":"Jamaica"},"geometry":{"type":"Polygon","coordinates":[[[-76.66,17.93],[-76.22,17.9],[-76.38,18.17],[-76.91,18.4],[-77.86,18.52],[-78.21,18.45],[-78.37,18.24],[-78.06,18.2],[-77.73,17.85],[-77.41,17.86],[-77.16,17.7],[-77.1,17.9],[-76.95,17.83],[-76.83,17.99],[-76.67,17.93],[-76.66,17.93]]]}},{"type":"Feature","properties":{"NAME":"Trinidad and Tobago","ABBREVN":"Trinidad and Tobago","SUBJECTO":"Trinidad and Tobago","BORDERPRECISION":3,"PARTOF":"Trinidad and Tobago"},"geometry":{"type":"MultiPolygon","coordinates":[[[[-60.94,10.77],[-61.65,10.72],[-61.47,10.6],[-61.45,10.29],[-61.92,10.06],[-61,10.15],[-61.05,10.49],[-60.94,10.76],[-60.94,10.77]]],[[[-60.64,11.2],[-60.53,11.34],[-60.85,11.18],[-60.65,11.2],[-60.64,11.2]]]]}},{"type":"Feature","properties":{"NAME":"Barbados","ABBREVN":"Barbados","SUBJECTO":"Barbados","BORDERPRECISION":3,"PARTOF":"Barbados"},"geometry":{"type":"Polygon","coordinates":[[[-59.54,13.06],[-59.43,13.17],[-59.64,13.33],[-59.55,13.07],[-59.54,13.06]]]}},{"type":"Feature","properties":{"NAME":"Guadeloupe","ABBREVN":"Guadeloupe","SUBJECTO":"Guadeloupe","BORDERPRECISION":3,"PARTOF":"Guadeloupe"},"geometry":{"type":"MultiPolygon","coordinates":[[[[-61.54,16.29],[-61.79,16.31],[-61.69,15.95],[-61.55,16.05],[-61.57,16.23],[-61.21,16.27],[-61.46,16.51],[-61.5,16.35],[-61.54,16.29]]],[[[-61.26,15.87],[-61.26,16.01],[-61.28,15.87],[-61.26,15.87]]]]}},{"type":"Feature","properties":{"NAME":"Martinique","ABBREVN":"Martinique","SUBJECTO":"Martinique","BORDERPRECISION":3,"PARTOF":"Martinique"},"geometry":{"type":"Polygon","coordinates":[[[-60.86,14.4],[-60.94,14.74],[-61.14,14.88],[-61.23,14.81],[-61.03,14.47],[-60.89,14.47],[-60.86,14.4]]]}},{"type":"Feature","properties":{"NAME":"Mexico","ABBREVN":"Mexico","SUBJECTO":"Mexico","BORDERPRECISION":3,"PARTOF":"Mexico"},"geometry":{"type":"MultiPolygon","coordinates":[[[[-109.79,24.17],[-109.92,24.37],[-109.79,24.14],[-109.79,24.17]]],[[[-106.33,21.47],[-106.48,21.5],[-106.39,21.42],[-106.33,21.47]]],[[[-86.74,20.59],[-87,20.45],[-86.98,20.26],[-86.79,20.49],[-86.74,20.59]]],[[[-110.92,18.72],[-110.99,18.86],[-111.07,18.78],[-110.98,18.72],[-110.92,18.72]]],[[[-91.8,18.64],[-91.54,18.79],[-91.83,18.64],[-91.8,18.64]]],[[[-106.5,21.6],[-106.64,21.69],[-106.52,21.51],[-106.5,21.6]]],[[[-118.27,28.89],[-118.37,29.19],[-118.3,28.88],[-118.27,28.89]]],[[[-111.7,24.36],[-111.84,24.54],[-112.01,24.52],[-111.71,24.33],[-111.7,24.36]]],[[[-117.12,32.54],[-116.84,31.99],[-116.6,31.82],[-116.68,31.56],[-116.06,30.8],[-116.04,30.45],[-115.82,30.32],[-115.7,29.77],[-114.95,29.37],[-114.06,28.52],[-114.13,28.02],[-114.31,27.87],[-113.99,27.7],[-115.02,27.85],[-114.99,27.72],[-114.52,27.42],[-114.48,27.24],[-113.84,26.98],[-113.6,26.74],[-113.45,26.84],[-113.28,26.78],[-113.13,26.96],[-113.22,26.7],[-112.4,26.28],[-112.1,25.73],[-112.09,24.76],[-111.92,24.76],[-111.79,24.56],[-110.31,23.56],[-110,22.88],[-109.49,23.16],[-109.4,23.4],[-109.48,23.58],[-109.68,23.66],[-109.8,24.01],[-110.21,24.35],[-110.35,24.12],[-110.31,24.19],[-110.66,24.33],[-110.69,24.9],[-111.33,25.84],[-111.56,26.72],[-111.84,26.9],[-111.69,26.6],[-111.86,26.66],[-112.35,27.54],[-112.75,27.84],[-112.86,28.42],[-113.12,28.49],[-113.19,28.81],[-113.41,28.96],[-113.51,28.9],[-113.79,29.42],[-114.38,29.8],[-114.66,30.2],[-114.71,30.93],[-114.88,31.15],[-114.79,31.66],[-115.03,31.96],[-114.17,31.5],[-113.99,31.52],[-113.97,31.66],[-113.67,31.52],[-113.59,31.33],[-113.04,31.16],[-113.08,30.7],[-112.58,29.71],[-112.21,29.31],[-112.16,28.97],[-111.1,27.94],[-110.51,27.86],[-110.63,27.66],[-110.53,27.37],[-110.3,27.16],[-109.95,27.09],[-109.82,26.75],[-109.44,26.72],[-109.15,26.37],[-109.1,26.21],[-109.23,26.32],[-109.44,25.82],[-109.14,25.58],[-108.83,25.79],[-109.11,25.53],[-108.77,25.54],[-108.39,25.14],[-108.06,25.09],[-108,25.01],[-108.22,25.03],[-108.1,24.82],[-107.99,24.96],[-108,24.65],[-107.62,24.52],[-107.6,24.43],[-107.73,24.47],[-107,23.95],[-105.8,22.64],[-105.64,22.32],[-105.65,21.98],[-105.44,21.61],[-105.19,21.44],[-105.24,21.06],[-105.54,20.79],[-105.32,20.77],[-105.24,20.57],[-105.68,20.38],[-105.02,19.37],[-103.94,18.86],[-103.45,18.31],[-102.18,17.92],[-101.95,17.98],[-100.89,17.21],[-99.69,16.71],[-98.75,16.54],[-98.55,16.32],[-97.79,15.97],[-97.14,15.9],[-96.48,15.64],[-94.86,16.22],[-95.06,16.27],[-94.86,16.43],[-94.79,16.26],[-94.58,16.32],[-94.69,16.19],[-94.07,16.04],[-94.42,16.2],[-94.36,16.29],[-92.77,15.17],[-92.25,14.55],[-92.07,15.08],[-92.21,15.26],[-91.73,16.08],[-90.43,16.13],[-90.39,16.4],[-91.44,17.26],[-90.98,17.26],[-90.98,17.82],[-89.14,17.82],[-89.02,18],[-88.84,17.9],[-88.51,18.45],[-88.28,18.49],[-88.04,18.87],[-88.07,18.49],[-87.85,18.19],[-87.49,19.29],[-87.64,19.21],[-87.68,19.32],[-87.41,19.58],[-87.66,19.51],[-87.74,19.68],[-87.48,19.95],[-87.47,19.85],[-87.43,20.22],[-86.91,20.8],[-86.78,21.15],[-86.83,21.43],[-87.01,21.58],[-87.37,21.56],[-87.13,21.56],[-87.25,21.44],[-87.97,21.6],[-88.45,21.57],[-89.81,21.28],[-90.33,21.03],[-90.46,20.73],[-90.46,19.98],[-90.68,19.77],[-90.73,19.36],[-91.39,18.91],[-91.19,18.65],[-91.5,18.44],[-91.81,18.38],[-92.04,18.56],[-91.86,18.62],[-92,18.73],[-92.48,18.66],[-93.13,18.34],[-93.18,18.44],[-93.45,18.44],[-93.79,18.26],[-94.54,18.16],[-94.78,18.51],[-95.91,18.83],[-96.3,19.34],[-96.44,19.86],[-97.18,20.68],[-97.67,21.67],[-97.74,22.01],[-97.37,21.54],[-97.47,21.44],[-97.41,21.27],[-97.31,21.53],[-97.7,21.97],[-97.89,22.6],[-97.74,22.91],[-97.68,24.4],[-97.14,25.97],[-97.42,25.84],[-97.65,26.03],[-98.2,26.06],[-99.1,26.44],[-99.46,27.05],[-99.5,27.57],[-100.28,28.28],[-100.8,29.26],[-101.41,29.77],[-102.3,29.89],[-102.67,29.74],[-103.16,28.98],[-103.37,29.02],[-104.54,29.67],[-104.93,30.61],[-106.53,31.78],[-108.21,31.78],[-108.21,31.33],[-111.05,31.33],[-114.8,32.5],[-114.72,32.72],[-117.1,32.54],[-117.12,32.54]]],[[[-110.31,24.43],[-110.4,24.57],[-110.34,24.4],[-110.31,24.43]]],[[[-112.07,24.52],[-112.2,24.82],[-112.13,25.28],[-112.25,24.81],[-112.09,24.53],[-112.07,24.52]]],[[[-110.53,24.89],[-110.7,25.09],[-110.56,24.88],[-110.53,24.89]]],[[[-112.26,28.78],[-112.27,29.22],[-112.45,29.19],[-112.56,28.88],[-112.3,28.76],[-112.26,28.78]]],[[[-113.13,29.03],[-113.58,29.59],[-113.6,29.43],[-113.14,29.02],[-113.13,29.03]]],[[[-115.14,28.15],[-115.28,28.33],[-115.31,28.1],[-115.17,28.03],[-115.14,28.15]]]]}},{"type":"Feature","properties":{"NAME":"Belize","ABBREVN":"Belize","SUBJECTO":"Belize","BORDERPRECISION":3,"PARTOF":"Belize"},"geometry":{"type":"MultiPolygon","coordinates":[[[[-88.34,18.48],[-88.51,18.45],[-88.84,17.9],[-89.14,17.95],[-89.22,15.89],[-88.91,15.89],[-88.3,16.64],[-88.21,16.96],[-88.3,17.25],[-88.17,17.5],[-88.28,17.63],[-88.08,18.21],[-88.1,18.37],[-88.32,18.36],[-88.3,18.48],[-88.34,18.48]]],[[[-87.82,17.43],[-87.82,17.55],[-87.94,17.29],[-87.83,17.42],[-87.82,17.43]]]]}},{"type":"Feature","properties":{"NAME":"Guatemala","ABBREVN":"Guatemala","SUBJECTO":"Guatemala","BORDERPRECISION":3,"PARTOF":"Guatemala"},"geometry":{"type":"Polygon","coordinates":[[[-89.14,17.82],[-90.98,17.82],[-90.98,17.26],[-91.44,17.26],[-90.39,16.4],[-90.43,16.13],[-91.73,16.08],[-92.21,15.26],[-92.07,15.08],[-92.25,14.55],[-91.3,13.95],[-90.61,13.93],[-90.1,13.75],[-90.02,13.94],[-89.52,14.23],[-89.57,14.41],[-89.35,14.43],[-89.14,14.68],[-89.15,15.08],[-88.22,15.73],[-88.55,15.94],[-88.62,15.7],[-88.81,15.87],[-89.22,15.89],[-89.14,17.72],[-89.14,17.82]]]}},{"type":"Feature","properties":{"NAME":"Honduras","ABBREVN":"Honduras","SUBJECTO":"Honduras","BORDERPRECISION":3,"PARTOF":"Honduras"},"geometry":{"type":"MultiPolygon","coordinates":[[[[-83.16,14.98],[-83.39,15.26],[-83.62,15.35],[-83.51,15.28],[-83.57,15.16],[-83.53,15.27],[-83.76,15.2],[-83.92,15.39],[-84.03,15.4],[-83.83,15.27],[-83.91,15.24],[-84.1,15.37],[-84.21,15.55],[-83.86,15.46],[-84.26,15.83],[-84.6,15.78],[-84.92,15.98],[-85.5,15.89],[-86.01,16.02],[-85.92,15.94],[-86.36,15.77],[-87.47,15.78],[-87.73,15.92],[-88.22,15.73],[-89.15,15.08],[-89.14,14.68],[-89.35,14.43],[-89.03,14.33],[-88.47,13.85],[-88.2,13.99],[-87.8,13.9],[-87.7,13.82],[-87.71,13.48],[-87.82,13.41],[-87.4,13.41],[-87.51,13.28],[-87.31,12.98],[-87.02,12.99],[-86.9,13.25],[-86.7,13.3],[-86.76,13.75],[-86.33,13.76],[-86.07,14.06],[-85.73,13.83],[-85.73,13.96],[-85.18,14.31],[-84.91,14.81],[-84.48,14.62],[-83.49,15.01],[-83.23,14.98],[-83.16,14.98]]],[[[-86.6,16.3],[-86.27,16.42],[-86.63,16.27],[-86.6,16.3]]]]}},{"type":"Feature","properties":{"NAME":"El Salvador","ABBREVN":"El Salvador","SUBJECTO":"El Salvador","BORDERPRECISION":3,"PARTOF":"El Salvador"},"geometry":{"type":"Polygon","coordinates":[[[-87.82,13.41],[-87.71,13.48],[-87.7,13.82],[-87.8,13.9],[-88.2,13.99],[-88.47,13.85],[-89.03,14.33],[-89.35,14.43],[-89.57,14.41],[-89.52,14.23],[-90.02,13.94],[-90.1,13.75],[-89.82,13.54],[-89.22,13.46],[-88.63,13.21],[-87.94,13.16],[-87.8,13.26],[-87.84,13.44],[-87.82,13.41]]]}},{"type":"Feature","properties":{"NAME":"Nicaragua","ABBREVN":"Nicaragua","SUBJECTO":"Nicaragua","BORDERPRECISION":3,"PARTOF":"Nicaragua"},"geometry":{"type":"Polygon","coordinates":[[[-83.16,14.98],[-83.49,15.01],[-84.48,14.62],[-84.91,14.81],[-85.18,14.31],[-85.73,13.96],[-85.73,13.83],[-86.07,14.06],[-86.33,13.76],[-86.76,13.75],[-86.7,13.3],[-86.9,13.25],[-86.96,13.04],[-87.39,12.91],[-87.59,13.05],[-87.69,12.92],[-86.78,12.21],[-86.5,11.76],[-85.79,11.11],[-85.56,11.21],[-84.9,10.94],[-84.67,11.08],[-84.19,10.78],[-83.68,10.79],[-83.87,11.36],[-83.65,11.6],[-83.7,11.84],[-83.83,11.88],[-83.68,12.05],[-83.74,12.48],[-83.59,12.62],[-83.64,12.8],[-83.54,12.79],[-83.63,12.48],[-83.48,12.42],[-83.56,13.4],[-83.43,13.97],[-83.19,14.3],[-83.42,14.81],[-83.2,14.96],[-83.16,14.98]]]}},{"type":"Feature","properties":{"NAME":"Costa Rica","ABBREVN":"Costa Rica","SUBJECTO":"Costa Rica","BORDERPRECISION":3,"PARTOF":"Costa Rica"},"geometry":{"type":"Polygon","coordinates":[[[-82.56,9.54],[-83.34,10.3],[-83.65,10.93],[-83.66,10.8],[-83.92,10.71],[-84.67,11.08],[-84.9,10.94],[-85.61,11.21],[-85.7,10.93],[-85.91,10.89],[-85.68,10.8],[-85.63,10.62],[-85.86,10.37],[-85.66,9.9],[-85.34,9.83],[-85.14,9.59],[-84.9,9.81],[-85.24,10.21],[-84.75,9.97],[-84.62,9.58],[-84.23,9.47],[-83.63,9.04],[-83.59,8.84],[-83.74,8.6],[-83.6,8.47],[-83.29,8.37],[-83.48,8.7],[-83.34,8.73],[-82.89,8.1],[-83.03,8.31],[-82.83,8.47],[-82.92,8.74],[-82.72,8.92],[-82.93,9.06],[-82.93,9.47],[-82.84,9.61],[-82.61,9.49],[-82.56,9.54]]]}},{"type":"Feature","properties":{"NAME":"Panama","ABBREVN":"Panama","SUBJECTO":"Panama","BORDERPRECISION":3,"PARTOF":"Panama"},"geometry":{"type":"MultiPolygon","coordinates":[[[[-81.68,7.39],[-81.74,7.64],[-81.88,7.51],[-81.65,7.38],[-81.68,7.39]]],[[[-78.85,8.29],[-78.85,8.44],[-78.96,8.44],[-78.92,8.27],[-78.85,8.29]]],[[[-82.23,9.37],[-82.33,9.41],[-82.24,9.33],[-82.23,9.37]]],[[[-77.37,8.67],[-78.03,9.23],[-78.55,9.43],[-79.05,9.43],[-79,9.55],[-79.63,9.59],[-80.09,9.22],[-81.21,8.78],[-81.51,8.79],[-81.89,9.17],[-81.82,8.95],[-82.24,9],[-82.36,9.41],[-82.84,9.61],[-82.93,9.06],[-82.72,8.92],[-82.92,8.74],[-82.83,8.47],[-83.03,8.31],[-82.87,8.02],[-82.87,8.22],[-82.72,8.32],[-81.74,8.16],[-81.5,7.7],[-81.22,7.61],[-81.18,7.85],[-81.06,7.87],[-80.88,7.22],[-80.44,7.24],[-80.31,7.42],[-79.99,7.52],[-80.44,8.02],[-80.47,8.22],[-79.95,8.45],[-79.7,8.87],[-78.98,9.14],[-79.05,8.97],[-78.51,8.62],[-78.41,8.34],[-78.11,8.46],[-77.78,8.15],[-78.14,8.4],[-78.3,8.25],[-78.26,8.1],[-78.43,8.08],[-77.89,7.23],[-77.74,7.72],[-77.58,7.53],[-77.22,7.94],[-77.47,8.47],[-77.37,8.65],[-77.37,8.67]]]]}},{"type":"Feature","properties":{"NAME":"Colombia","ABBREVN":"Colombia","SUBJECTO":"Colombia","BORDERPRECISION":3,"PARTOF":"Colombia"},"geometry":{"type":"MultiPolygon","coordinates":[[[[-78.13,2.5],[-78.13,2.65],[-78.22,2.58],[-78.13,2.5]]],[[[-77.5,4.21],[-77.32,4.25],[-77.43,4.33],[-77.55,4.2],[-77.5,4.21]]],[[[-77.89,7.23],[-77.34,6.57],[-77.49,6.19],[-77.24,5.76],[-77.53,5.52],[-77.35,5.24],[-77.38,4.34],[-77.24,4.26],[-77.43,4.18],[-77.43,4.03],[-77.37,3.93],[-77.19,4.06],[-77.27,3.84],[-77.03,3.92],[-77.47,3.33],[-77.78,2.76],[-77.75,2.61],[-78.57,2.43],[-78.69,2.19],[-78.59,1.77],[-78.88,1.83],[-79.05,1.63],[-78.07,0.9],[-77.68,0.84],[-77.46,0.66],[-77.38,0.38],[-76.55,0.22],[-76.24,0.4],[-75.76,0.05],[-74.77,-0.21],[-74.39,-0.54],[-74.22,-1.03],[-73.56,-1.38],[-73.42,-1.81],[-73.04,-1.25],[-72.41,-1.72],[-71.33,-1.86],[-71.02,-1.77],[-70.24,-1.93],[-69.45,-1.53],[-69.39,-1.25],[-69.61,-0.52],[-70.06,-0.16],[-70.04,0.59],[-69.46,0.74],[-69.13,0.64],[-69.14,0.86],[-69.34,1.07],[-69.84,1.07],[-69.84,1.7],[-68.15,1.72],[-68.26,1.85],[-68.2,1.98],[-67.94,1.74],[-67.42,2.14],[-67.11,1.74],[-67.08,1.17],[-66.88,1.22],[-67.19,2.39],[-67.83,2.88],[-67.29,3.4],[-67.64,3.8],[-67.86,4.56],[-67.85,5.31],[-67.41,6],[-67.45,6.19],[-67.83,6.31],[-68.64,6.14],[-69.06,6.22],[-69.24,6.08],[-69.43,6.12],[-70.12,6.98],[-70.72,7.1],[-71.18,6.96],[-71.99,7.02],[-72.15,7.33],[-72.47,7.5],[-72.34,8.15],[-72.78,9.08],[-73.01,9.3],[-73.38,9.17],[-73,9.77],[-72.91,10.43],[-72.49,11.12],[-72.21,11.25],[-71.97,11.67],[-71.4,11.81],[-71.13,12.02],[-71.28,12.35],[-71.69,12.46],[-71.96,12.15],[-71.96,12.25],[-72.16,12.24],[-72.26,11.89],[-72.77,11.69],[-73.28,11.3],[-74.16,11.33],[-74.4,10.74],[-74.59,10.78],[-74.59,10.88],[-74.31,10.99],[-74.86,11.12],[-75.5,10.55],[-75.63,9.45],[-76.09,9.34],[-76.32,8.94],[-76.93,8.57],[-76.77,8.41],[-76.74,7.94],[-76.92,7.94],[-76.84,8.13],[-77.37,8.67],[-77.47,8.47],[-77.22,7.94],[-77.58,7.53],[-77.74,7.72],[-77.81,7.48],[-77.89,7.23]]]]}},{"type":"Feature","properties":{"NAME":"Venezuela","ABBREVN":"Venezuela","SUBJECTO":"Venezuela","BORDERPRECISION":3,"PARTOF":"Venezuela"},"geometry":{"type":"MultiPolygon","coordinates":[[[[-60.82,8.65],[-60.84,8.73],[-60.93,8.62],[-60.82,8.65]]],[[[-59.98,8.52],[-60.24,8.63],[-60.47,8.53],[-60.72,8.6],[-60.98,8.56],[-61.07,8.4],[-61.08,8.49],[-61.33,8.43],[-61.6,8.56],[-61.19,8.62],[-60.95,9.18],[-61.07,9.12],[-60.78,9.31],[-60.85,9.44],[-61.26,9.59],[-61.62,9.91],[-61.6,9.78],[-61.8,9.81],[-61.74,9.6],[-62.18,10.01],[-62.03,9.87],[-62.2,9.64],[-62.21,9.91],[-62.32,9.71],[-62.58,10.23],[-62.81,10.01],[-63.02,10.1],[-62.63,10.11],[-62.79,10.4],[-62.95,10.4],[-63,10.27],[-62.98,10.41],[-62.84,10.4],[-62.87,10.52],[-63,10.45],[-62.91,10.53],[-62.33,10.53],[-61.88,10.73],[-64.26,10.66],[-64.24,10.51],[-63.97,10.58],[-63.72,10.47],[-64.18,10.46],[-64.73,10.11],[-65.08,10.06],[-65.81,10.23],[-66.23,10.64],[-68.11,10.48],[-68.28,10.64],[-68.33,10.84],[-68.24,10.87],[-68.42,11.18],[-68.84,11.45],[-69.63,11.47],[-70.01,12.2],[-70.29,11.92],[-70.24,11.63],[-69.82,11.69],[-69.8,11.43],[-70.05,11.52],[-70.24,11.35],[-71.49,10.96],[-71.55,10.57],[-71.05,9.7],[-71.07,9.31],[-71.29,9.12],[-71.69,9.06],[-71.73,9.38],[-72.13,9.82],[-71.58,10.67],[-71.97,11.55],[-71.32,11.86],[-71.97,11.67],[-72.21,11.25],[-72.49,11.12],[-72.91,10.43],[-73,9.77],[-73.38,9.17],[-73.01,9.3],[-72.4,8.39],[-72.42,7.42],[-72.15,7.33],[-72.06,7.06],[-71.88,6.99],[-71.6,7.06],[-71.18,6.96],[-70.72,7.1],[-70.12,6.98],[-69.43,6.12],[-69.24,6.08],[-69.06,6.22],[-68.32,6.17],[-67.83,6.31],[-67.45,6.19],[-67.41,6],[-67.85,5.31],[-67.86,4.56],[-67.64,3.8],[-67.29,3.4],[-67.82,2.83],[-67.63,2.81],[-67.19,2.39],[-66.88,1.22],[-66.31,0.75],[-65.6,0.99],[-65.52,0.65],[-65.17,0.95],[-65.14,1.12],[-64.26,1.48],[-64.11,1.58],[-64,1.95],[-63.4,2.15],[-63.36,2.26],[-63.37,2.42],[-64.03,2.47],[-64.19,3.59],[-64.8,4.27],[-64.55,4.12],[-64.13,4.11],[-63.99,3.88],[-63.85,3.96],[-63.49,3.86],[-63.36,3.97],[-62.88,3.56],[-62.73,3.68],[-62.73,4.04],[-62.44,4.18],[-61.85,4.16],[-61.55,4.25],[-61.31,4.51],[-60.99,4.52],[-60.58,4.99],[-61.39,5.94],[-61.16,6.18],[-61.13,6.71],[-60.72,6.76],[-60.29,7.06],[-60.36,7.18],[-60.62,7.19],[-60.72,7.54],[-60.51,7.82],[-59.83,8.23],[-59.88,8.4],[-59.98,8.52]]],[[[-61.54,8.55],[-61.19,8.49],[-61.46,8.58],[-61.54,8.55]]],[[[-61.24,8.56],[-61.04,8.51],[-61.02,8.61],[-61.22,8.57],[-61.24,8.56]]],[[[-61.17,8.69],[-60.86,8.85],[-61.16,8.72],[-61.17,8.69]]],[[[-60.94,8.72],[-61.18,8.68],[-60.96,8.68],[-60.94,8.72]]],[[[-60.9,9.03],[-61.05,8.84],[-60.88,9.03],[-60.9,9.03]]],[[[-65.2,10.9],[-65.37,10.97],[-65.27,10.88],[-65.2,10.9]]],[[[-63.8,11.02],[-63.88,11.18],[-64.04,10.99],[-64.22,11.09],[-64.41,10.97],[-64.06,10.86],[-63.81,10.98],[-63.8,11.02]]]]}},{"type":"Feature","properties":{"NAME":"Guyana","ABBREVN":"Guyana","SUBJECTO":"Guyana","BORDERPRECISION":3,"PARTOF":"Guyana"},"geometry":{"type":"MultiPolygon","coordinates":[[[[-59.88,8.4],[-59.83,8.23],[-60.51,7.82],[-60.72,7.54],[-60.62,7.19],[-60.36,7.18],[-60.29,7.06],[-60.72,6.76],[-61.13,6.71],[-61.16,6.18],[-61.39,5.94],[-60.73,5.2],[-60.11,5.25],[-59.98,5.02],[-60.15,4.52],[-59.67,4.38],[-59.73,4.22],[-59.57,3.9],[-59.83,3.52],[-59.99,2.69],[-59.89,2.36],[-59.74,2.28],[-59.68,1.77],[-58.81,1.19],[-58.52,1.27],[-58.5,1.45],[-58.3,1.58],[-58.01,1.52],[-57.76,1.72],[-57.56,1.7],[-57.3,1.98],[-56.47,1.94],[-56.68,2.03],[-57.2,2.82],[-57.3,3.38],[-57.64,3.36],[-58.07,4.16],[-57.84,4.93],[-57.42,4.99],[-57.19,5.17],[-57.32,5.3],[-57.18,5.6],[-57.19,6.14],[-57.47,6.34],[-57.52,6.27],[-57.97,6.78],[-58.26,6.88],[-58.46,6.83],[-58.64,6.42],[-58.47,7.34],[-59.15,8.06],[-59.86,8.38],[-59.88,8.4]]]]}},{"type":"Feature","properties":{"NAME":"Surinam","ABBREVN":"Surinam","SUBJECTO":"Surinam","BORDERPRECISION":3,"PARTOF":"Surinam"},"geometry":{"type":"Polygon","coordinates":[[[-54.01,5.72],[-54.2,5.88],[-55.05,6],[-55.11,5.9],[-54.86,5.86],[-55.13,5.82],[-55.36,5.96],[-55.86,5.95],[-55.9,5.67],[-56.02,5.82],[-56.96,6],[-57.32,5.3],[-57.19,5.17],[-57.9,4.86],[-57.84,4.67],[-58.07,4.16],[-57.84,3.67],[-57.64,3.36],[-57.3,3.38],[-57.2,2.82],[-56.68,2.03],[-56,1.84],[-55.9,2.05],[-56.12,2.25],[-55.98,2.52],[-55.71,2.4],[-54.97,2.55],[-54.63,2.32],[-54.2,2.78],[-54.21,3.15],[-53.99,3.6],[-54.36,4.04],[-54.48,4.87],[-54.05,5.65],[-54.01,5.72]]]}},{"type":"Feature","properties":{"NAME":"French Guyana","ABBREVN":"French Guyana","SUBJECTO":"French Guyana","BORDERPRECISION":3,"PARTOF":"French Guyana"},"geometry":{"type":"Polygon","coordinates":[[[-51.65,4.13],[-51.83,4.65],[-51.95,4.49],[-52.03,4.72],[-52.95,5.46],[-53.78,5.72],[-54.01,5.72],[-54.46,5],[-54.36,4.04],[-53.99,3.6],[-54.21,3.15],[-54.2,2.78],[-54.6,2.33],[-54.32,2.16],[-54.11,2.11],[-53.75,2.37],[-53.53,2.25],[-53.32,2.35],[-53.24,2.21],[-52.88,2.22],[-52.59,2.47],[-52.34,3.16],[-51.66,4.09],[-51.65,4.13]]]}},{"type":"Feature","properties":{"NAME":"Ecuador","ABBREVN":"Ecuador","SUBJECTO":"Ecuador","BORDERPRECISION":3,"PARTOF":"Ecuador"},"geometry":{"type":"MultiPolygon","coordinates":[[[[-78.81,1.44],[-79,1.17],[-80.05,0.83],[-80.07,0.06],[-80.5,-0.37],[-80.27,-0.63],[-80.43,-0.57],[-80.58,-0.9],[-80.84,-0.93],[-80.92,-1.06],[-80.76,-1.32],[-80.85,-1.62],[-80.73,-1.91],[-80.77,-2.11],[-80.98,-2.18],[-80.89,-2.32],[-80.25,-2.73],[-80.03,-2.34],[-80.05,-2.59],[-79.91,-2.56],[-79.9,-2.13],[-79.76,-2.01],[-79.85,-2.19],[-79.73,-2.6],[-79.96,-3.21],[-80.34,-3.38],[-80.15,-3.88],[-80.47,-3.99],[-80.46,-4.21],[-80.34,-4.2],[-80.48,-4.42],[-80.36,-4.47],[-80.13,-4.28],[-79.82,-4.48],[-79.64,-4.44],[-79.37,-4.89],[-79.04,-5],[-78.86,-4.66],[-77.68,-3.83],[-76.36,-3.47],[-73.78,-2.26],[-73.42,-1.81],[-73.56,-1.38],[-74.22,-1.03],[-74.39,-0.54],[-74.77,-0.21],[-75.76,0.05],[-76.24,0.4],[-76.55,0.22],[-77.38,0.38],[-77.46,0.66],[-77.68,0.84],[-78.07,0.9],[-78.68,1.29],[-78.81,1.44]]],[[[-80.19,-3.03],[-79.9,-2.72],[-80.09,-2.67],[-80.27,-2.86],[-80.21,-3.04],[-80.19,-3.03]]],[[[-90.41,-1.34],[-90.48,-1.22],[-90.44,-1.36],[-90.41,-1.34]]],[[[-89.44,-0.94],[-89.26,-0.75],[-89.36,-0.69],[-89.62,-0.9],[-89.54,-0.96],[-89.44,-0.94]]],[[[-91.22,-0.01],[-91.39,0.12],[-91.6,-0.01],[-91.42,-0.04],[-91.41,-0.23],[-91.08,-0.59],[-91.48,-0.83],[-91.44,-1],[-90.93,-0.97],[-90.81,-0.73],[-91.2,-0.03],[-91.22,-0.01]]],[[[-91.41,-0.46],[-91.44,-0.27],[-91.63,-0.29],[-91.5,-0.5],[-91.41,-0.46]]],[[[-90.55,-0.3],[-90.83,-0.18],[-90.83,-0.34],[-90.58,-0.36],[-90.55,-0.3]]],[[[-90.25,-0.75],[-90.19,-0.55],[-90.45,-0.51],[-90.54,-0.69],[-90.34,-0.78],[-90.25,-0.75]]]]}},{"type":"Feature","properties":{"NAME":"Peru","ABBREVN":"Peru","SUBJECTO":"Peru","BORDERPRECISION":3,"PARTOF":"Peru"},"geometry":{"type":"Polygon","coordinates":[[[-69.45,-1.53],[-70.24,-1.93],[-71.02,-1.77],[-71.33,-1.86],[-72.41,-1.72],[-73.04,-1.25],[-73.68,-2.21],[-76.36,-3.47],[-77.68,-3.83],[-78.86,-4.66],[-79.04,-5],[-79.37,-4.89],[-79.64,-4.44],[-79.82,-4.48],[-80.13,-4.28],[-80.36,-4.47],[-80.48,-4.42],[-80.34,-4.2],[-80.46,-4.21],[-80.47,-3.99],[-80.15,-3.88],[-80.34,-3.38],[-81.26,-4.25],[-81.36,-4.69],[-81.12,-4.95],[-81.2,-5.2],[-80.87,-5.64],[-80.94,-5.86],[-81.18,-5.9],[-81.17,-6.09],[-79.98,-6.77],[-79.34,-7.9],[-78.99,-8.22],[-78.07,-10.32],[-77.68,-10.93],[-77.65,-11.3],[-77.3,-11.51],[-77.18,-12.07],[-76.82,-12.36],[-76.18,-13.46],[-76.27,-13.85],[-76.39,-13.88],[-75.93,-14.65],[-75.52,-14.91],[-75.05,-15.47],[-73.84,-16.16],[-72.36,-16.76],[-71.84,-17.19],[-71.49,-17.3],[-71.3,-17.71],[-70.65,-18.19],[-70.41,-18.34],[-70.13,-18.32],[-69.77,-17.99],[-69.81,-17.65],[-69.5,-17.51],[-69.62,-17.21],[-69.01,-16.66],[-69.03,-16.47],[-68.82,-16.33],[-69.21,-16.16],[-69.42,-15.62],[-69.14,-15.25],[-69.38,-14.96],[-69.36,-14.8],[-68.99,-14.38],[-68.99,-14.23],[-68.86,-14.2],[-69.06,-13.71],[-68.97,-12.87],[-68.68,-12.5],[-69.57,-10.95],[-70.63,-11.01],[-70.63,-9.83],[-70.51,-9.43],[-71.3,-10],[-72.19,-10],[-72.3,-9.53],[-73.2,-9.4],[-72.96,-8.99],[-73.53,-8.35],[-73.77,-7.95],[-73.69,-7.8],[-74,-7.55],[-73.93,-7.36],[-73.71,-7.31],[-73.8,-7.08],[-73.68,-6.8],[-73.12,-6.45],[-73.23,-6.09],[-72.96,-5.65],[-72.85,-5.12],[-71.88,-4.51],[-70.96,-4.38],[-70.76,-4.15],[-70.32,-4.14],[-70.2,-4.33],[-69.98,-4.31],[-69.52,-1.91],[-69.45,-1.53]]]}},{"type":"Feature","properties":{"NAME":"Brazil","ABBREVN":"Brazil","SUBJECTO":"Brazil","BORDERPRECISION":3,"PARTOF":"Brazil"},"geometry":{"type":"MultiPolygon","coordinates":[[[[-53.4,-33.75],[-52.63,-33.12],[-52.38,-32.5],[-52.09,-32.16],[-52.25,-32.06],[-52.22,-31.74],[-52.04,-31.63],[-51.96,-31.34],[-51.47,-31.06],[-51.38,-30.65],[-51.28,-30.8],[-51.28,-30.01],[-50.97,-30.41],[-50.6,-30.19],[-50.57,-30.46],[-50.69,-30.47],[-50.7,-30.75],[-50.96,-30.93],[-50.97,-31.12],[-51.16,-31.08],[-51.25,-31.47],[-51.86,-31.87],[-52.09,-31.83],[-52.07,-32.17],[-50.75,-31.08],[-49.79,-29.42],[-49.39,-28.97],[-48.84,-28.62],[-48.85,-28.32],[-48.76,-28.49],[-48.56,-27.86],[-48.62,-27.24],[-48.49,-27.16],[-48.61,-27.11],[-48.61,-26.44],[-48.79,-26.13],[-48.7,-26.24],[-48.58,-26.18],[-48.58,-25.87],[-48.77,-25.88],[-48.36,-25.58],[-48.72,-25.42],[-48.48,-25.48],[-48.43,-25.32],[-48.13,-25.28],[-48.21,-25.46],[-47.91,-25.15],[-48.03,-25.01],[-47.21,-24.56],[-46.38,-23.87],[-46.28,-24.03],[-45.92,-23.77],[-45.42,-23.83],[-45.41,-23.63],[-44.91,-23.34],[-44.57,-23.35],[-44.5,-23.29],[-44.71,-23.22],[-44.65,-23.04],[-44.32,-22.92],[-44.19,-23.05],[-43.86,-22.9],[-43.61,-23.02],[-44.01,-23.1],[-43.23,-23],[-43.16,-22.89],[-43.27,-22.78],[-43.08,-22.67],[-43.09,-22.95],[-42.03,-22.92],[-41.97,-22.53],[-41.67,-22.28],[-40.99,-22.01],[-40.95,-21.21],[-40.76,-20.85],[-40.42,-20.62],[-40.28,-20.34],[-40.35,-20.23],[-40.24,-20.28],[-40.01,-19.74],[-39.71,-19.45],[-39.65,-18.23],[-39.13,-17.69],[-39.21,-17.17],[-38.87,-15.87],[-39.07,-14.65],[-38.92,-13.93],[-39.07,-14.15],[-38.96,-13.69],[-39.08,-13.54],[-38.73,-12.87],[-38.92,-12.74],[-38.86,-12.66],[-38.78,-12.82],[-38.7,-12.58],[-38.51,-12.73],[-38.47,-13.02],[-38.04,-12.63],[-37.6,-11.94],[-37.34,-11.19],[-37.37,-11.43],[-37.21,-11.22],[-37.28,-11.03],[-37.15,-11.1],[-37.07,-10.97],[-37.16,-10.75],[-37.01,-10.93],[-36.4,-10.49],[-35.29,-9.17],[-34.83,-8.01],[-34.8,-7.64],[-34.89,-7.54],[-34.83,-6.98],[-34.9,-7.13],[-34.97,-6.44],[-35.41,-5.22],[-35.93,-5.05],[-36.68,-5.1],[-37.16,-4.93],[-38.5,-3.72],[-40,-2.85],[-41.22,-2.88],[-41.25,-3.02],[-41.87,-2.73],[-41.95,-2.84],[-42.24,-2.84],[-42.93,-2.47],[-43.44,-2.37],[-43.45,-2.54],[-43.93,-2.55],[-44.2,-2.87],[-44.19,-2.76],[-44.34,-2.78],[-44.04,-2.55],[-44.1,-2.41],[-44.36,-2.53],[-44.42,-2.93],[-44.79,-3.3],[-44.62,-3.03],[-44.58,-2.57],[-44.36,-2.32],[-44.45,-2.15],[-44.65,-2.32],[-44.49,-1.99],[-44.83,-1.58],[-44.95,-1.6],[-44.86,-1.43],[-45.16,-1.48],[-45.35,-1.74],[-45.32,-1.31],[-45.46,-1.55],[-45.45,-1.31],[-45.7,-1.37],[-45.74,-1.18],[-45.86,-1.26],[-45.98,-1.08],[-46.05,-1.21],[-46.13,-1.11],[-46.26,-1.18],[-46.19,-0.96],[-46.61,-1.04],[-46.6,-0.87],[-46.79,-0.84],[-46.83,-0.71],[-46.96,-0.9],[-46.96,-0.7],[-47.43,-0.58],[-47.4,-0.81],[-47.55,-0.64],[-47.73,-0.75],[-47.77,-0.64],[-48.24,-0.87],[-48.34,-1.32],[-48.48,-1.3],[-48.5,-1.46],[-48.19,-1.47],[-48.41,-1.5],[-48.43,-1.66],[-48.7,-1.47],[-48.97,-1.84],[-49.19,-1.9],[-49.49,-2.56],[-49.33,-1.71],[-49.64,-1.88],[-50,-1.82],[-50.37,-1.95],[-50.68,-1.81],[-50.82,-1.96],[-50.72,-2.22],[-50.84,-2.04],[-50.98,-2.07],[-51.01,-2.34],[-50.84,-2.51],[-51.02,-2.39],[-51,-2.01],[-51.31,-1.77],[-51.48,-2.07],[-51.45,-2.28],[-51.52,-2.02],[-51.34,-1.65],[-50.81,-1.9],[-50.67,-1.77],[-50.85,-0.91],[-52.02,-1.62],[-52.25,-1.7],[-52.29,-1.53],[-52.71,-1.6],[-52.23,-1.34],[-52.01,-1.41],[-51.3,-0.19],[-50.78,0.18],[-49.9,1.17],[-50.11,1.21],[-49.89,1.32],[-49.93,1.71],[-50.47,1.84],[-50.68,2.16],[-51.06,3.28],[-51.08,3.89],[-51.55,4.39],[-51.45,3.97],[-51.54,4.15],[-51.77,3.98],[-52.34,3.16],[-52.59,2.47],[-52.95,2.18],[-53.75,2.37],[-54.11,2.11],[-54.97,2.55],[-55.71,2.4],[-55.96,2.53],[-56.12,2.25],[-55.9,2.05],[-55.94,1.86],[-57.3,1.98],[-57.56,1.7],[-57.76,1.72],[-58.01,1.52],[-58.3,1.58],[-58.5,1.45],[-58.52,1.27],[-58.84,1.19],[-59.75,1.86],[-59.74,2.28],[-59.89,2.36],[-59.99,2.69],[-59.83,3.52],[-59.57,3.9],[-59.73,4.22],[-59.67,4.38],[-60.15,4.52],[-59.98,5.02],[-60.11,5.25],[-60.69,5.22],[-60.59,4.92],[-60.99,4.52],[-61.31,4.51],[-61.55,4.25],[-61.85,4.16],[-62.44,4.18],[-62.73,4.04],[-62.73,3.68],[-62.88,3.56],[-63.36,3.97],[-63.49,3.86],[-63.85,3.96],[-63.99,3.88],[-64.13,4.11],[-64.59,4.13],[-64.78,4.29],[-64.64,3.98],[-64.19,3.59],[-64.03,2.47],[-63.37,2.42],[-63.36,2.26],[-63.4,2.15],[-64,1.95],[-64.11,1.58],[-64.26,1.48],[-65.14,1.12],[-65.49,0.66],[-65.6,0.99],[-66.31,0.75],[-66.88,1.22],[-67.08,1.17],[-67.11,1.74],[-67.42,2.14],[-67.94,1.74],[-68.2,1.98],[-68.26,1.85],[-68.15,1.72],[-69.84,1.7],[-69.84,1.07],[-69.26,1.03],[-69.13,0.64],[-69.46,0.74],[-70.04,0.59],[-70.06,-0.16],[-69.61,-0.52],[-69.38,-1.34],[-69.95,-4.26],[-70.2,-4.33],[-70.32,-4.14],[-70.76,-4.15],[-70.96,-4.38],[-71.88,-4.51],[-72.85,-5.12],[-72.96,-5.65],[-73.23,-6.09],[-73.12,-6.45],[-73.68,-6.8],[-73.8,-7.08],[-73.71,-7.31],[-73.93,-7.36],[-74,-7.55],[-73.69,-7.8],[-73.77,-7.95],[-73.53,-8.35],[-72.96,-8.99],[-73.2,-9.4],[-72.3,-9.53],[-72.19,-10],[-71.3,-10],[-70.51,-9.43],[-70.63,-9.83],[-70.63,-11.01],[-70.53,-10.94],[-70.33,-11.07],[-69.93,-10.91],[-68.76,-11],[-68.77,-11.14],[-68.62,-11.12],[-68.28,-10.98],[-68.02,-10.66],[-67.7,-10.69],[-67.58,-10.5],[-66.63,-9.91],[-66.08,-9.78],[-65.57,-9.84],[-65.38,-9.7],[-65.29,-10.22],[-65.44,-10.47],[-65.3,-10.99],[-65.39,-11.27],[-65.01,-11.99],[-64.52,-12.24],[-64.4,-12.46],[-63.93,-12.55],[-63.67,-12.47],[-63.32,-12.7],[-63.07,-12.66],[-62.77,-13.01],[-62.11,-13.15],[-61.84,-13.54],[-61.04,-13.49],[-60.48,-13.8],[-60.26,-15.09],[-60.57,-15.1],[-60.23,-15.48],[-60.16,-16.26],[-58.33,-16.28],[-58.48,-16.67],[-58.39,-17.26],[-57.75,-17.59],[-57.52,-18.2],[-57.77,-18.91],[-57.7,-19.04],[-58.12,-19.74],[-57.85,-19.98],[-58.16,-20.17],[-57.81,-20.98],[-57.99,-22.09],[-56.88,-22.27],[-56.4,-22.07],[-56.2,-22.27],[-55.85,-22.29],[-55.61,-22.64],[-55.4,-23.97],[-54.92,-23.97],[-54.63,-23.8],[-54.24,-24.05],[-54.6,-25.57],[-54.45,-25.63],[-54.11,-25.5],[-53.89,-25.63],[-53.65,-26.22],[-53.7,-26.88],[-53.84,-27.17],[-54.36,-27.46],[-54.81,-27.54],[-55.02,-27.83],[-55.75,-28.22],[-55.7,-28.41],[-55.89,-28.37],[-57.57,-30.25],[-57.21,-30.29],[-57.07,-30.11],[-56.81,-30.11],[-55.99,-30.81],[-56.01,-31.07],[-55.58,-30.85],[-55.23,-31.25],[-54.59,-31.46],[-54.29,-31.8],[-53.88,-31.97],[-53.54,-32.46],[-53.1,-32.72],[-53.52,-33.14],[-53.52,-33.68],[-53.4,-33.75]]],[[[-48.71,-26.31],[-48.59,-26.43],[-48.54,-26.17],[-48.71,-26.31]]],[[[-50.99,-1.85],[-51.15,-1.85],[-50.89,-2],[-50.98,-1.85],[-50.99,-1.85]]],[[[-49.12,-1.86],[-49.05,-1.72],[-49.15,-1.87],[-49.12,-1.86]]],[[[-49.03,-1.68],[-48.95,-1.77],[-48.91,-1.58],[-49.01,-1.63],[-49.03,-1.68]]],[[[-46.55,-0.97],[-46.44,-1],[-46.47,-0.88],[-46.54,-0.94],[-46.55,-0.97]]],[[[-44.78,-1.62],[-44.66,-1.66],[-44.77,-1.61],[-44.78,-1.62]]],[[[-50.81,-1.33],[-50.63,-1.76],[-50.44,-1.83],[-50.05,-1.71],[-49.81,-1.81],[-49.76,-1.64],[-49.67,-1.78],[-49.51,-1.63],[-49.17,-1.61],[-48.86,-1.48],[-48.37,-0.37],[-48.41,-0.26],[-49.01,-0.15],[-49.65,-0.25],[-50.45,-0.12],[-50.73,-0.5],[-50.56,-0.68],[-50.78,-0.66],[-50.79,-1.04],[-50.56,-1.07],[-50.78,-1.15],[-50.81,-1.33]]],[[[-38.93,-13.38],[-39.03,-13.39],[-38.98,-13.56],[-38.91,-13.39],[-38.93,-13.38]]],[[[-44.08,-23.17],[-44.23,-23.07],[-44.33,-23.22],[-44.1,-23.18],[-44.08,-23.17]]],[[[-48.54,-27.82],[-48.42,-27.39],[-48.52,-27.43],[-48.56,-27.82],[-48.54,-27.82]]],[[[-45.22,-23.78],[-45.32,-23.73],[-45.45,-23.9],[-45.22,-23.95],[-45.22,-23.78]]],[[[-38.75,-13.11],[-38.59,-12.97],[-38.68,-12.88],[-38.78,-13.13],[-38.75,-13.11]]],[[[-44.57,-3.02],[-44.48,-2.86],[-44.48,-2.72],[-44.57,-2.78],[-44.59,-3.06],[-44.57,-3.02]]],[[[-44.97,-1.39],[-44.87,-1.31],[-44.98,-1.26],[-44.99,-1.4],[-44.97,-1.39]]],[[[-50.02,1.05],[-50.02,0.93],[-50,1.06],[-50.02,1.05]]],[[[-50.01,0.92],[-50.27,0.82],[-50.11,0.76],[-50.01,0.89],[-50.01,0.92]]],[[[-48.34,-1.22],[-48.32,-1.07],[-48.46,-1.16],[-48.38,-1.22],[-48.34,-1.22]]],[[[-51.3,-1.19],[-51.21,-0.84],[-51.37,-1.21],[-51.3,-1.19]]],[[[-52.02,-1.58],[-51.92,-1.53],[-52.03,-1.44],[-52.2,-1.57],[-52.06,-1.59],[-52.02,-1.58]]],[[[-50.73,0],[-50.83,0.06],[-50.93,-0.04],[-50.82,-0.03],[-50.73,0]]],[[[-50.24,0.35],[-50.02,0.58],[-50.26,0.57],[-50.25,0.34],[-50.24,0.35]]],[[[-50.38,2.13],[-50.5,2.08],[-50.43,1.9],[-50.3,1.96],[-50.35,2.11],[-50.38,2.13]]],[[[-50.45,2.13],[-50.51,2.21],[-50.49,2.12],[-50.45,2.13]]],[[[-49.63,0.24],[-49.74,0.33],[-50.4,0.17],[-50.37,0.03],[-49.99,-0.07],[-49.64,0.21],[-49.63,0.24]]],[[[-50.45,-0.02],[-50.58,0.21],[-50.66,0.15],[-50.51,-0.03],[-50.45,-0.02]]],[[[-50.42,0.21],[-50.32,0.32],[-50.35,0.59],[-50.43,0.54],[-50.53,0.24],[-50.44,0.17],[-50.42,0.21]]],[[[-51.88,-1.47],[-51.28,-1.02],[-51.15,-0.66],[-51.2,-0.53],[-51.38,-0.54],[-51.61,-0.73],[-51.67,-1.1],[-51.88,-1.18],[-51.9,-1.48],[-51.88,-1.47]]],[[[-51.02,-0.98],[-50.93,-0.87],[-51.05,-0.89],[-51.18,-1.09],[-51.02,-0.99],[-51.02,-0.98]]],[[[-51.13,-0.96],[-50.82,-0.69],[-50.83,-0.57],[-51.09,-0.72],[-51.14,-0.96],[-51.13,-0.96]]],[[[-50.86,-0.72],[-50.96,-0.84],[-50.84,-0.73],[-50.86,-0.72]]],[[[-51,-0.54],[-50.9,-0.38],[-51.06,-0.47],[-51.01,-0.55],[-51,-0.54]]],[[[-51.1,-0.52],[-50.95,-0.35],[-51.04,-0.28],[-51.13,-0.4],[-51.11,-0.54],[-51.1,-0.52]]],[[[-51.34,-0.46],[-51.14,-0.29],[-51.1,-0.13],[-51.21,-0.17],[-51.39,-0.49],[-51.34,-0.46]]],[[[-50.9,-0.42],[-50.98,-0.58],[-50.76,-0.45],[-50.88,-0.39],[-50.9,-0.42]]],[[[-50.88,-0.36],[-50.75,-0.23],[-50.9,-0.35],[-50.88,-0.36]]],[[[-49.68,-0.15],[-49.41,-0.11],[-49.42,0.04],[-49.65,0.08],[-49.85,-0.06],[-49.69,-0.16],[-49.68,-0.15]]],[[[-50.65,-0.01],[-50.99,-0.1],[-51.02,-0.23],[-50.86,-0.28],[-50.62,-0.01],[-50.65,-0.01]]]]}},{"type":"Feature","properties":{"NAME":"Bolivia","ABBREVN":"Bolivia","SUBJECTO":"Bolivia","BORDERPRECISION":3,"PARTOF":"Bolivia"},"geometry":{"type":"Polygon","coordinates":[[[-65.32,-10.31],[-65.3,-9.84],[-65.44,-9.68],[-65.57,-9.84],[-66.08,-9.78],[-66.63,-9.91],[-67.58,-10.5],[-67.7,-10.69],[-68.02,-10.66],[-68.28,-10.98],[-68.62,-11.12],[-68.77,-11.14],[-68.76,-11],[-69.57,-10.95],[-68.68,-12.5],[-68.97,-12.87],[-69.06,-13.71],[-68.86,-14.2],[-68.99,-14.23],[-68.99,-14.38],[-69.36,-14.8],[-69.38,-14.96],[-69.14,-15.25],[-69.42,-15.62],[-69.21,-16.16],[-68.82,-16.33],[-69.66,-17.29],[-69.5,-17.38],[-69.31,-17.96],[-69.07,-18.04],[-69.15,-18.15],[-68.97,-18.95],[-68.44,-19.43],[-68.69,-19.7],[-68.52,-19.92],[-68.78,-20.09],[-68.75,-20.42],[-68.47,-20.63],[-68.56,-20.9],[-68.19,-21.3],[-68.09,-21.96],[-67.94,-22.1],[-67.88,-22.83],[-67.18,-22.82],[-67.02,-22.52],[-66.77,-22.43],[-66.74,-22.23],[-66.31,-22.08],[-66.22,-21.78],[-65.75,-22.11],[-64.99,-22.09],[-64.59,-22.21],[-64.34,-22.87],[-63.94,-22],[-62.82,-22],[-62.36,-22.47],[-57.86,-20.84],[-58.16,-20.17],[-57.85,-19.98],[-58.12,-19.74],[-57.7,-19.04],[-57.77,-18.91],[-57.52,-18.2],[-57.75,-17.59],[-58.39,-17.26],[-58.48,-16.67],[-58.33,-16.28],[-60.16,-16.26],[-60.23,-15.48],[-60.57,-15.1],[-60.26,-15.09],[-60.48,-13.8],[-61.04,-13.49],[-61.84,-13.54],[-62.11,-13.15],[-62.77,-13.01],[-63.07,-12.66],[-63.32,-12.7],[-63.67,-12.47],[-63.93,-12.55],[-64.4,-12.46],[-64.52,-12.24],[-65.01,-11.99],[-65.06,-11.75],[-65.19,-11.75],[-65.31,-11.49],[-65.4,-11.17],[-65.3,-10.99],[-65.44,-10.62],[-65.35,-10.33],[-65.32,-10.31]]]}},{"type":"Feature","properties":{"NAME":"Paraguay","ABBREVN":"Paraguay","SUBJECTO":"Paraguay","BORDERPRECISION":3,"PARTOF":"Paraguay"},"geometry":{"type":"Polygon","coordinates":[[[-54.6,-25.57],[-54.24,-24.05],[-54.63,-23.8],[-54.92,-23.97],[-55.4,-23.97],[-55.61,-22.64],[-55.85,-22.29],[-56.2,-22.27],[-56.4,-22.07],[-56.88,-22.27],[-57.99,-22.09],[-57.86,-20.84],[-62.36,-22.47],[-61.99,-23.01],[-61.18,-23.55],[-61.01,-23.81],[-60.04,-24.01],[-58.81,-24.78],[-57.76,-25.17],[-57.58,-25.55],[-58.14,-26.21],[-58.18,-26.66],[-58.65,-27.16],[-58.6,-27.32],[-57.79,-27.29],[-57.12,-27.49],[-56.55,-27.45],[-56.4,-27.58],[-56.1,-27.3],[-55.73,-27.44],[-55.55,-27.11],[-54.96,-26.78],[-54.69,-26.43],[-54.62,-25.65],[-54.6,-25.57]]]}},{"type":"Feature","properties":{"NAME":"Chile","ABBREVN":"Chile","SUBJECTO":"Chile","BORDERPRECISION":3,"PARTOF":"Chile"},"geometry":{"type":"MultiPolygon","coordinates":[[[[-67.51,-55.82],[-67.85,-55.86],[-67.49,-55.83],[-67.51,-55.82]]],[[[-67.21,-55.89],[-67.32,-55.81],[-67.41,-55.83],[-67.25,-55.89],[-67.21,-55.89]]],[[[-66.51,-55.27],[-66.42,-55.2],[-66.54,-55.17],[-66.58,-55.29],[-66.51,-55.27]]],[[[-66.87,-55.33],[-66.85,-55.24],[-67.02,-55.24],[-67.06,-55.33],[-66.89,-55.34],[-66.87,-55.33]]],[[[-67.27,-55.72],[-67.36,-55.58],[-67.55,-55.74],[-67.25,-55.77],[-67.27,-55.72]]],[[[-67.69,-55.62],[-67.59,-55.58],[-67.66,-55.49],[-67.73,-55.62],[-67.69,-55.62]]],[[[-67.78,-54.92],[-68.34,-54.92],[-68.15,-55.21],[-67.67,-55.27],[-67.5,-55.17],[-67.29,-55.31],[-67.06,-55.07],[-67.64,-54.92],[-67.78,-54.92]]],[[[-66.85,-55.03],[-67.07,-55.02],[-66.81,-55.12],[-66.85,-55.03]]],[[[-73.19,-54.13],[-73.39,-54.03],[-73.46,-54.08],[-73.27,-54.14],[-73.19,-54.13]]],[[[-69.68,-55.23],[-69.51,-55.18],[-69.7,-55.31],[-69.39,-55.36],[-69.49,-55.41],[-69.43,-55.5],[-69.17,-55.51],[-69.39,-55.29],[-69.3,-55.17],[-69.43,-55.17],[-69.03,-55.27],[-68.81,-55.19],[-68.91,-55.34],[-68.78,-55.39],[-68.94,-55.46],[-68.36,-55.48],[-68.06,-55.72],[-67.97,-55.59],[-68.16,-55.4],[-68.74,-55.27],[-68.21,-55.27],[-69.06,-55.05],[-68.59,-55.15],[-68.34,-55.07],[-68.51,-54.93],[-69.9,-55.07],[-70.03,-55.16],[-69.83,-55.26],[-69.68,-55.23]]],[[[-72.42,-54.4],[-72.3,-54.34],[-72.54,-54.35],[-72.47,-54.43],[-72.42,-54.4]]],[[[-70.52,-54.18],[-70.23,-54.26],[-70.51,-54.16],[-70.52,-54.18]]],[[[-70.51,-54.97],[-71.02,-54.97],[-70.94,-55.08],[-70.61,-55.08],[-70.55,-55.21],[-70.26,-55.11],[-70.73,-55.01],[-70.51,-54.99],[-70.51,-54.97]]],[[[-71.11,-54.87],[-71.4,-54.83],[-71.41,-54.94],[-71.07,-54.88],[-71.11,-54.87]]],[[[-69.92,-54.98],[-69.21,-54.94],[-69.74,-54.87],[-69.95,-54.97],[-69.92,-54.98]]],[[[-71.26,-54.08],[-71.57,-53.94],[-71.7,-54.16],[-71.54,-54.26],[-71.41,-54.12],[-71.34,-54.31],[-71.14,-54.39],[-70.99,-54.18],[-71.18,-54.09],[-71.26,-54.08]]],[[[-72.32,-54.26],[-72.21,-54.15],[-72.3,-54.07],[-72.51,-54.2],[-72.43,-54.26],[-72.32,-54.26]]],[[[-109.42,-27.2],[-109.22,-27.12],[-109.37,-27.06],[-109.45,-27.2],[-109.42,-27.2]]],[[[-74.65,-43.61],[-74.77,-43.53],[-74.85,-43.6],[-74.68,-43.62],[-74.65,-43.61]]],[[[-73.89,-41.82],[-74.06,-41.81],[-74.18,-42.89],[-74.41,-43.25],[-73.71,-43.37],[-73.78,-43.13],[-73.49,-43.12],[-73.65,-42.94],[-73.49,-42.85],[-73.82,-42.51],[-73.62,-42.51],[-73.67,-42.36],[-73.37,-42.25],[-73.5,-42.13],[-73.5,-41.84],[-73.91,-41.84],[-73.89,-41.82]]],[[[-73.42,-42.52],[-73.65,-42.38],[-73.42,-42.56],[-73.42,-42.52]]],[[[-73.37,-44.8],[-73.21,-44.8],[-73.4,-44.82],[-73.28,-44.94],[-73.06,-44.87],[-72.83,-44.69],[-72.98,-44.61],[-72.8,-44.63],[-72.77,-44.47],[-72.99,-44.37],[-73.24,-44.43],[-73.46,-44.65],[-73.39,-44.79],[-73.37,-44.8]]],[[[-73.82,-44.33],[-73.97,-44.28],[-73.85,-44.34],[-73.82,-44.33]]],[[[-73.62,-44.11],[-73.73,-43.94],[-73.65,-44.13],[-73.62,-44.11]]],[[[-73.84,-44.19],[-73.95,-44.1],[-73.86,-44.2],[-73.84,-44.19]]],[[[-74.5,-44.7],[-74.55,-44.62],[-74.63,-44.7],[-74.5,-44.7]]],[[[-74.77,-44.68],[-74.81,-44.55],[-74.79,-44.69],[-74.77,-44.68]]],[[[-74.02,-44.56],[-73.95,-44.49],[-74.13,-44.45],[-74.05,-44.56],[-74.02,-44.56]]],[[[-74.4,-44.55],[-74.26,-44.41],[-74.51,-44.44],[-74.51,-44.53],[-74.4,-44.55]]],[[[-74.01,-44.29],[-74.12,-44.2],[-74.01,-44.33],[-74.01,-44.29]]],[[[-73.93,-44.36],[-74.11,-44.33],[-73.93,-44.44],[-73.93,-44.36]]],[[[-73.86,-43.76],[-74.17,-43.88],[-73.99,-43.94],[-73.79,-43.82],[-73.86,-43.76]]],[[[-74.32,-47.98],[-73.88,-47.96],[-73.84,-47.86],[-74.29,-47.8],[-74.5,-47.92],[-74.36,-47.97],[-74.32,-47.98]]],[[[-74.33,-47.1],[-74.49,-47.09],[-74.45,-47.17],[-74.33,-47.1]]],[[[-74.1,-47.16],[-73.98,-47.05],[-74.17,-47.02],[-74.15,-47.17],[-74.1,-47.16]]],[[[-75.13,-47.85],[-75.14,-47.7],[-75.29,-47.78],[-75.2,-47.86],[-75.13,-47.85]]],[[[-74.95,-47.78],[-75.07,-47.69],[-75,-47.79],[-74.95,-47.78]]],[[[-74.8,-46.03],[-74.72,-45.8],[-75.11,-45.88],[-74.95,-46.01],[-75.09,-46.08],[-74.92,-46.11],[-74.8,-46.03]]],[[[-73.74,-46.19],[-73.69,-46.07],[-73.92,-46.03],[-73.76,-46.21],[-73.74,-46.19]]],[[[-73.71,-45.93],[-73.83,-45.98],[-73.69,-46.03],[-73.71,-45.93]]],[[[-74.6,-45.75],[-74.55,-45.58],[-74.63,-45.59],[-74.63,-45.76],[-74.6,-45.75]]],[[[-73.7,-45.84],[-73.94,-45.94],[-73.7,-45.89],[-73.7,-45.84]]],[[[-73.79,-44.96],[-73.89,-44.77],[-73.82,-44.97],[-73.79,-44.96]]],[[[-73.98,-44.98],[-74.19,-44.87],[-74.36,-45.01],[-74.05,-45],[-73.98,-44.98]]],[[[-74.34,-45.41],[-74.41,-45.28],[-74.53,-45.32],[-74.36,-45.41],[-74.34,-45.41]]],[[[-73.89,-45.26],[-74.17,-45.25],[-74.01,-45.36],[-73.8,-45.35],[-73.86,-45.26],[-73.89,-45.26]]],[[[-74.27,-45.21],[-74.41,-45.17],[-74.31,-45.3],[-74.27,-45.21]]],[[[-73.85,-45],[-74.18,-45.03],[-74.23,-45.17],[-73.73,-45.28],[-73.78,-45.04],[-73.85,-45]]],[[[-73.96,-45.56],[-74.11,-45.6],[-74.05,-45.71],[-73.92,-45.7],[-73.92,-45.59],[-73.96,-45.56]]],[[[-74.4,-45.77],[-74.21,-45.64],[-74.39,-45.44],[-74.47,-45.78],[-74.4,-45.77]]],[[[-73.98,-45.9],[-74.04,-45.74],[-74.02,-45.92],[-73.98,-45.9]]],[[[-73.63,-45.75],[-73.59,-45.47],[-73.71,-45.45],[-73.78,-45.67],[-73.65,-45.76],[-73.63,-45.75]]],[[[-74.07,-45.53],[-73.82,-45.5],[-74.05,-45.42],[-74.09,-45.53],[-74.07,-45.53]]],[[[-75.07,-44.93],[-75.08,-44.78],[-75.09,-44.93],[-75.07,-44.93]]],[[[-74.02,-44.86],[-74.01,-44.77],[-74.18,-44.82],[-74.04,-44.86],[-74.02,-44.86]]],[[[-74.31,-44.84],[-74.45,-44.71],[-74.53,-44.75],[-74.38,-44.86],[-74.31,-44.84]]],[[[-73.6,-44.71],[-73.66,-44.56],[-73.81,-44.56],[-73.82,-44.68],[-73.66,-44.73],[-73.6,-44.71]]],[[[-73.65,-44.74],[-73.75,-44.76],[-73.69,-44.84],[-73.63,-44.74],[-73.65,-44.74]]],[[[-74.21,-44.78],[-73.92,-44.63],[-74.41,-44.63],[-74.26,-44.81],[-74.21,-44.78]]],[[[-75.03,-50.19],[-75.31,-50],[-75.38,-50.08],[-75.15,-50.2],[-75.39,-50.16],[-75.45,-50.37],[-75.2,-50.32],[-75.31,-50.43],[-74.86,-50.16],[-75.03,-50.19]]],[[[-75.31,-49.67],[-75.56,-49.63],[-75.59,-49.79],[-75.2,-49.82],[-75.31,-49.67]]],[[[-74.29,-49.55],[-74.43,-49.43],[-74.42,-49.63],[-74.29,-49.55]]],[[[-75.29,-49.09],[-75.37,-48.99],[-75.6,-49.14],[-75.65,-49.22],[-75.52,-49.27],[-75.31,-49.12],[-75.29,-49.09]]],[[[-74.89,-49.13],[-75.12,-49.02],[-75.24,-49.15],[-74.93,-49.29],[-74.89,-49.13]]],[[[-74.61,-48.46],[-74.73,-48.13],[-74.81,-48.33],[-74.71,-48.46],[-75.03,-48.49],[-75,-48.6],[-74.61,-48.7],[-74.48,-48.61],[-74.61,-48.51],[-74.61,-48.46]]],[[[-74.54,-48.71],[-75.05,-48.8],[-74.83,-49.1],[-74.92,-49.34],[-75.09,-49.2],[-75.16,-49.34],[-75.32,-49.27],[-75.17,-49.5],[-75.38,-49.28],[-75.46,-49.4],[-75.02,-49.9],[-75.01,-49.51],[-74.66,-49.36],[-74.88,-49.54],[-74.91,-49.93],[-74.71,-49.9],[-74.87,-50.01],[-74.77,-50.05],[-74.54,-50],[-74.41,-49.74],[-74.47,-49.63],[-74.6,-49.72],[-74.44,-49.31],[-74.52,-48.75],[-74.54,-48.71]]],[[[-75.01,-48.74],[-74.86,-48.65],[-75.03,-48.74],[-75.01,-48.74]]],[[[-75.28,-48.89],[-75.55,-48.84],[-75.65,-48.96],[-75.2,-49.04],[-75.28,-48.89]]],[[[-75.07,-48.96],[-75.31,-48.8],[-75.17,-49],[-75.07,-48.96]]],[[[-74.39,-48.52],[-74.3,-48.48],[-74.49,-48.4],[-74.42,-48.53],[-74.39,-48.52]]],[[[-74.84,-48.37],[-74.81,-48.18],[-75.25,-48.07],[-75.05,-48.44],[-74.86,-48.38],[-74.84,-48.37]]],[[[-75.28,-48.7],[-75.65,-48.71],[-75.3,-48.73],[-75.28,-48.7]]],[[[-75.11,-48.82],[-75.08,-48.64],[-75.25,-48.78],[-75.13,-48.83],[-75.11,-48.82]]],[[[-75.32,-48.55],[-75.34,-48.44],[-75.6,-48.44],[-75.67,-48.59],[-75.44,-48.62],[-75.58,-48.7],[-75.32,-48.6],[-75.32,-48.55]]],[[[-75.32,-48.48],[-75.24,-48.71],[-75.07,-48.59],[-75.34,-48.01],[-75.58,-48.09],[-75.54,-48.32],[-75.35,-48.3],[-75.55,-48.41],[-75.3,-48.44],[-75.32,-48.48]]],[[[-74.41,-48.3],[-74.56,-48.12],[-74.53,-48.34],[-74.41,-48.3]]],[[[-74.81,-47.9],[-74.89,-47.83],[-75.26,-48.03],[-74.81,-48.04],[-74.81,-47.9]]],[[[-68.62,-52.65],[-68.81,-52.58],[-69.12,-52.69],[-69.42,-52.46],[-69.92,-52.83],[-70.15,-52.72],[-70.42,-52.77],[-70.1,-52.92],[-70.45,-53.02],[-70.45,-53.36],[-70.24,-53.47],[-69.35,-53.36],[-69.35,-53.51],[-70.19,-53.79],[-70.05,-54.1],[-68.99,-54.43],[-69.15,-54.45],[-69.17,-54.58],[-69.29,-54.55],[-69.38,-54.69],[-69.23,-54.47],[-69.39,-54.39],[-69.84,-54.28],[-69.77,-54.56],[-70.06,-54.25],[-70.2,-54.32],[-70.07,-54.37],[-70.14,-54.43],[-70.88,-54.13],[-70.87,-54.25],[-70.57,-54.28],[-70.13,-54.54],[-70.58,-54.39],[-70.7,-54.52],[-70.64,-54.61],[-70.75,-54.59],[-70.62,-54.34],[-70.78,-54.32],[-70.97,-54.47],[-71.36,-54.37],[-71.62,-54.42],[-71.49,-54.49],[-71.61,-54.51],[-71.79,-54.4],[-71.58,-54.55],[-71.68,-54.58],[-72.01,-54.51],[-71.95,-54.65],[-71.51,-54.69],[-71.34,-54.52],[-71.27,-54.68],[-70.97,-54.62],[-71.04,-54.77],[-70.48,-54.62],[-70.8,-54.84],[-70.39,-54.82],[-70.24,-54.69],[-70.25,-54.86],[-69.74,-54.81],[-69.63,-54.7],[-69.65,-54.82],[-69.11,-54.95],[-68.77,-54.92],[-68.89,-54.8],[-68.64,-54.89],[-68.62,-52.72],[-68.62,-52.65]]],[[[-68.51,-52.32],[-70,-52],[-71.91,-52],[-72.4,-51.51],[-72.25,-51.24],[-72.4,-51.11],[-72.27,-51.01],[-72.29,-50.65],[-72.77,-50.62],[-73.16,-50.76],[-73.28,-50.33],[-73.54,-50.12],[-73.45,-49.79],[-73.58,-49.54],[-73.46,-49.31],[-73.14,-49.3],[-73.01,-49],[-72.56,-48.8],[-72.6,-48.47],[-72.29,-48.35],[-72.32,-48.08],[-72.54,-47.92],[-72.35,-47.45],[-71.87,-47.22],[-71.94,-46.82],[-71.67,-46.68],[-71.74,-46.27],[-71.9,-46.15],[-71.6,-45.98],[-71.78,-45.66],[-71.3,-45.31],[-71.55,-45],[-72.07,-44.9],[-72.08,-44.77],[-71.28,-44.8],[-71.11,-44.54],[-71.2,-44.43],[-71.85,-44.37],[-71.65,-43.92],[-71.81,-43.76],[-71.7,-43.6],[-71.94,-43.45],[-71.74,-43.18],[-72.14,-43.01],[-72.04,-42.37],[-72.13,-42.29],[-72.02,-42.13],[-71.73,-42.1],[-71.91,-41.65],[-71.84,-40.96],[-71.95,-40.73],[-71.66,-40.33],[-71.82,-40.2],[-71.63,-39.95],[-71.69,-39.57],[-71.49,-39.6],[-71.39,-38.91],[-70.92,-38.74],[-70.83,-38.59],[-71.18,-37.7],[-71.19,-36.85],[-71.03,-36.48],[-70.71,-36.41],[-70.59,-36.16],[-70.42,-36.14],[-70.34,-35.81],[-70.42,-35.36],[-70.57,-35.27],[-70.36,-35.14],[-70.05,-34.29],[-69.82,-34.23],[-69.91,-33.78],[-69.77,-33.39],[-70.1,-33.18],[-69.99,-32.88],[-70.32,-32.27],[-70.24,-31.94],[-70.45,-31.85],[-70.59,-31.56],[-70.53,-31.18],[-70.3,-31.03],[-70.21,-30.56],[-69.83,-30.19],[-70.03,-29.29],[-69.79,-29.1],[-69.66,-28.4],[-69.16,-27.93],[-68.81,-27.12],[-68.32,-27.02],[-68.59,-26.46],[-68.4,-26.16],[-68.6,-25.44],[-68.36,-25.12],[-68.57,-24.78],[-68.25,-24.4],[-67.34,-24.02],[-67,-23],[-67.18,-22.82],[-67.88,-22.83],[-67.94,-22.1],[-68.09,-21.96],[-68.19,-21.3],[-68.56,-20.9],[-68.47,-20.63],[-68.75,-20.42],[-68.78,-20.09],[-68.52,-19.92],[-68.69,-19.7],[-68.44,-19.43],[-68.97,-18.95],[-69.15,-18.15],[-69.07,-18.04],[-69.31,-17.96],[-69.5,-17.51],[-69.85,-17.71],[-69.77,-17.99],[-69.96,-18.25],[-70.41,-18.34],[-70.31,-18.44],[-70.12,-19.97],[-70.21,-20.8],[-70.05,-21.43],[-70.29,-22.89],[-70.38,-23.06],[-70.57,-23.07],[-70.62,-23.5],[-70.49,-23.45],[-70.39,-23.56],[-70.58,-24.72],[-70.45,-25.37],[-70.73,-25.82],[-70.64,-26.3],[-70.79,-26.99],[-70.97,-27.18],[-70.91,-27.62],[-71.11,-27.84],[-71.3,-28.67],[-71.51,-28.89],[-71.48,-29.22],[-71.31,-29.42],[-71.29,-29.91],[-71.41,-30.19],[-71.65,-30.27],[-71.7,-30.51],[-71.54,-32.19],[-71.41,-32.39],[-71.57,-33.01],[-71.76,-33.11],[-71.66,-33.68],[-72.02,-34.14],[-71.98,-34.35],[-72.21,-35.09],[-72.65,-35.57],[-72.59,-35.8],[-72.8,-35.98],[-72.98,-36.7],[-73.13,-36.68],[-73.2,-37.16],[-73.44,-37.24],[-73.59,-37.15],[-73.68,-37.35],[-73.59,-37.48],[-73.67,-37.73],[-73.45,-38.06],[-73.52,-38.54],[-73.22,-39.42],[-73.4,-39.88],[-73.71,-39.98],[-73.75,-40.51],[-73.99,-40.97],[-73.87,-41.48],[-73.72,-41.59],[-73.5,-41.52],[-73.75,-41.75],[-73.2,-41.79],[-72.94,-41.48],[-72.58,-41.71],[-72.4,-41.66],[-72.31,-41.44],[-72.33,-41.64],[-72.87,-41.93],[-72.46,-41.97],[-72.42,-42.45],[-72.6,-42.18],[-72.85,-42.29],[-72.54,-42.55],[-72.86,-42.57],[-72.75,-43.05],[-72.89,-43.04],[-72.91,-43.24],[-73.12,-43.44],[-73.04,-43.73],[-72.85,-43.78],[-73.02,-43.81],[-73.29,-44.15],[-72.74,-44.46],[-72.61,-44.38],[-72.61,-44.47],[-72.94,-44.87],[-73.4,-44.99],[-73.31,-45.15],[-73.46,-45.28],[-72.83,-45.42],[-73.01,-45.45],[-73.21,-45.3],[-73.51,-45.46],[-73.58,-45.78],[-73.18,-45.67],[-73.39,-45.69],[-73.67,-45.98],[-73.69,-46.31],[-73.43,-46.07],[-73.83,-46.58],[-73.99,-46.56],[-73.77,-46.3],[-73.89,-46.14],[-74.02,-46.21],[-73.86,-46.35],[-74.05,-46.2],[-74.33,-46.27],[-74.48,-46.18],[-74.31,-46.25],[-73.97,-46.09],[-74.06,-45.98],[-74.16,-46.14],[-74.11,-45.84],[-74.37,-45.79],[-74.69,-45.84],[-74.82,-46.11],[-75.64,-46.57],[-75.72,-46.73],[-75.57,-46.94],[-75.41,-46.93],[-75.42,-46.72],[-75.63,-46.78],[-75.6,-46.7],[-75.19,-46.63],[-74.95,-46.44],[-75.08,-46.63],[-75.01,-46.75],[-74.57,-46.9],[-74.44,-46.86],[-74.62,-46.79],[-74.34,-46.77],[-73.94,-47.03],[-74.13,-47.21],[-74.11,-47.35],[-74.17,-47.21],[-74.32,-47.22],[-74.53,-47.43],[-74.28,-47.61],[-74.06,-47.54],[-74.3,-47.68],[-74.18,-47.75],[-74.45,-47.55],[-74.71,-47.74],[-73.93,-47.85],[-73.77,-47.79],[-73.73,-47.53],[-73.71,-47.78],[-73.23,-48],[-73.65,-47.91],[-73.49,-48.12],[-73.27,-48.09],[-73.55,-48.25],[-73.77,-48.03],[-74.33,-48],[-74.18,-48.23],[-74.41,-47.99],[-74.66,-48.03],[-74.02,-48.41],[-74.05,-48.55],[-74.2,-48.48],[-74.4,-48.61],[-74.06,-48.74],[-74.44,-48.79],[-74.37,-49.43],[-74.19,-49.51],[-74.04,-49.02],[-73.83,-49.03],[-74.03,-49.09],[-73.85,-49.35],[-74.07,-49.26],[-74.11,-49.48],[-73.87,-49.53],[-73.72,-49.79],[-73.95,-49.56],[-74.24,-49.57],[-74.3,-49.74],[-74.06,-49.72],[-74.32,-49.87],[-73.89,-50.07],[-74.37,-49.99],[-74.18,-50.2],[-73.87,-50.29],[-74.35,-50.09],[-74.69,-50.18],[-73.89,-50.55],[-74.29,-50.48],[-74.04,-50.83],[-73.82,-50.76],[-73.76,-50.52],[-73.57,-50.4],[-73.72,-50.57],[-73.53,-50.71],[-73.75,-50.66],[-73.85,-50.92],[-74.25,-50.93],[-74.13,-51.19],[-73.71,-51.16],[-73.69,-51.27],[-73.78,-51.22],[-73.6,-51.63],[-73.9,-51.38],[-73.91,-51.62],[-73.7,-51.79],[-73.47,-51.69],[-73.59,-51.76],[-73.4,-52.02],[-73.65,-51.83],[-73.55,-52.06],[-73.32,-52.17],[-73.38,-51.67],[-73.24,-52.09],[-72.93,-51.86],[-73.19,-51.88],[-73,-51.78],[-73.28,-51.61],[-72.72,-51.84],[-72.55,-51.74],[-73.24,-51.46],[-72.71,-51.58],[-72.47,-51.79],[-72.47,-51.94],[-72.67,-51.97],[-72.49,-52.32],[-72.9,-52.46],[-72.58,-52.32],[-72.53,-52.2],[-72.69,-51.99],[-72.86,-51.96],[-72.94,-52.17],[-72.77,-52.1],[-72.87,-52.26],[-72.99,-52.07],[-73.35,-52.22],[-73.73,-52.04],[-73.55,-52.54],[-73.69,-52.72],[-72.92,-52.49],[-73.1,-52.51],[-73.23,-52.79],[-73.56,-52.8],[-73.23,-52.89],[-73.45,-53],[-73.2,-53.11],[-72.98,-53.06],[-73.01,-52.85],[-72.68,-52.66],[-72.9,-52.63],[-72.79,-52.54],[-72.42,-52.5],[-72.55,-52.59],[-72.42,-52.66],[-72.13,-52.51],[-71.48,-52.63],[-72.92,-52.82],[-72.94,-53.1],[-72.66,-53.15],[-72.79,-53.18],[-72.71,-53.29],[-73.3,-53.16],[-72.4,-53.54],[-72.65,-53.33],[-72.52,-53.37],[-72.42,-53.25],[-72.53,-53.2],[-72.19,-53.18],[-72.52,-53.06],[-72.02,-53.12],[-71.82,-52.96],[-71.17,-52.81],[-71.33,-53.1],[-71.74,-53.22],[-71.8,-53.51],[-72.01,-53.57],[-71.79,-53.43],[-71.87,-53.22],[-71.99,-53.22],[-72.07,-53.42],[-72.23,-53.44],[-72.08,-53.3],[-72.28,-53.25],[-72.45,-53.4],[-72.12,-53.69],[-71.28,-53.89],[-70.98,-53.76],[-70.81,-52.73],[-69.65,-52.52],[-69.27,-52.21],[-68.68,-52.31],[-68.51,-52.32]]],[[[-74.07,-48.42],[-74.25,-48.39],[-74.05,-48.44],[-74.07,-48.42]]],[[[-74.22,-48.43],[-74.34,-48.28],[-74.49,-48.36],[-74.23,-48.45],[-74.22,-48.43]]],[[[-73.19,-44.02],[-73.17,-43.88],[-73.27,-44],[-73.19,-44.02]]],[[[-74.13,-53.32],[-74.1,-53.23],[-74.2,-53.33],[-74.13,-53.32]]],[[[-73.47,-53.47],[-73.77,-53.47],[-73.4,-53.53],[-73.47,-53.47]]],[[[-73.42,-53.56],[-73.6,-53.59],[-73.48,-53.71],[-73.58,-53.75],[-73.25,-53.71],[-73.22,-53.99],[-73.13,-54.01],[-73.06,-53.81],[-72.73,-53.85],[-72.78,-54.02],[-73,-54.1],[-72.33,-54.04],[-72.42,-53.9],[-72.14,-53.8],[-72.44,-53.75],[-72.44,-53.59],[-72.79,-53.48],[-72.88,-53.68],[-73,-53.41],[-73.17,-53.42],[-73.1,-53.51],[-73.42,-53.47],[-73.28,-53.63],[-72.95,-53.67],[-73.34,-53.59],[-73.42,-53.56]]],[[[-73.81,-53.58],[-73.69,-53.52],[-73.84,-53.45],[-73.85,-53.59],[-73.81,-53.58]]],[[[-73.42,-52.87],[-73.75,-52.9],[-73.38,-52.91],[-73.42,-52.87]]],[[[-74.36,-52.95],[-74.74,-52.76],[-74.33,-53.09],[-73.89,-53.06],[-73.24,-53.37],[-73.1,-53.35],[-73.46,-53.14],[-73.52,-53.26],[-73.6,-53.07],[-74.25,-52.96],[-74.36,-52.95]]],[[[-73.81,-52.7],[-73.67,-52.48],[-73.75,-52.4],[-74.08,-52.61],[-73.83,-52.7],[-73.81,-52.7]]],[[[-71.69,-54],[-71.66,-53.92],[-71.95,-53.85],[-72.06,-53.97],[-72.25,-53.93],[-72.22,-54.08],[-71.86,-54.34],[-71.74,-54.24],[-71.96,-54.03],[-71.79,-54.16],[-71.65,-54.09],[-71.69,-54]]],[[[-70.52,-54.2],[-70.67,-53.92],[-70.35,-54.02],[-70.49,-53.56],[-70.71,-53.7],[-70.62,-53.86],[-70.9,-53.94],[-70.8,-54.13],[-70.52,-54.22],[-70.52,-54.2]]],[[[-70.34,-54.04],[-70.5,-54.08],[-70.36,-54.16],[-70.31,-54.04],[-70.34,-54.04]]],[[[-73.02,-52.05],[-72.89,-51.92],[-72.97,-51.9],[-73.07,-52.06],[-73.02,-52.05]]],[[[-74.67,-50.87],[-74.75,-50.7],[-74.96,-50.73],[-74.93,-50.85],[-74.69,-50.89],[-74.67,-50.87]]],[[[-74.99,-50.81],[-75.07,-50.65],[-75.03,-50.81],[-74.99,-50.81]]],[[[-75.1,-50.51],[-75.46,-50.5],[-75.43,-50.78],[-75.3,-50.79],[-75.2,-50.6],[-75.1,-50.51]]],[[[-74.42,-51.06],[-74.41,-50.84],[-74.62,-50.73],[-74.62,-50.89],[-74.96,-50.97],[-74.72,-51.11],[-74.43,-51.03],[-74.42,-51.06]]],[[[-74.11,-51.45],[-74.18,-51.29],[-74.26,-51.35],[-74.13,-51.45],[-74.11,-51.45]]],[[[-74.54,-51.28],[-74.79,-51.21],[-75.02,-51.47],[-74.54,-51.36],[-74.54,-51.28]]],[[[-73.76,-51.32],[-73.91,-51.3],[-73.78,-51.37],[-73.76,-51.32]]],[[[-73.99,-51.23],[-74.1,-51.23],[-74.1,-51.36],[-73.97,-51.25],[-73.99,-51.23]]],[[[-74.19,-51.2],[-74.34,-50.93],[-74.26,-51.25],[-74.19,-51.2]]],[[[-74.4,-51.11],[-74.61,-51.1],[-74.39,-51.14],[-74.4,-51.11]]],[[[-74.68,-52.07],[-74.54,-51.93],[-74.73,-52.08],[-74.68,-52.07]]],[[[-74.77,-52.09],[-74.6,-51.85],[-74.74,-51.83],[-74.87,-52.14],[-74.77,-52.09]]],[[[-74.78,-51.82],[-74.79,-51.65],[-74.93,-51.65],[-74.83,-51.84],[-74.96,-51.81],[-75.06,-51.97],[-74.96,-52.11],[-74.83,-51.94],[-74.78,-51.82]]],[[[-75.07,-51.9],[-75.01,-51.71],[-75.09,-51.9],[-75.07,-51.9]]],[[[-73.82,-51.88],[-73.93,-51.8],[-73.85,-51.9],[-73.82,-51.88]]],[[[-74.14,-51.95],[-74.09,-51.88],[-74.5,-51.71],[-74.16,-51.95],[-74.14,-51.95]]],[[[-73.77,-51.77],[-73.94,-51.67],[-73.8,-51.82],[-73.77,-51.77]]],[[[-74.06,-51.55],[-74.24,-51.7],[-73.93,-51.77],[-74.06,-51.55]]],[[[-75,-51.4],[-75.16,-51.27],[-75.32,-51.62],[-75.03,-51.41],[-75,-51.4]]],[[[-74.72,-52.31],[-74.62,-52.21],[-74.82,-52.23],[-74.74,-52.32],[-74.72,-52.31]]],[[[-74.09,-52.17],[-73.75,-52.36],[-74.08,-52.15],[-74.09,-52.17]]],[[[-74,-52.27],[-74.35,-52.09],[-74.39,-52.16],[-74.11,-52.25],[-74.23,-52.24],[-74.19,-52.37],[-73.93,-52.33],[-74,-52.27]]],[[[-74.75,-52.19],[-74.61,-52.06],[-74.77,-52.19],[-74.75,-52.19]]],[[[-73.69,-52.21],[-74.1,-51.92],[-73.7,-52.24],[-73.69,-52.21]]],[[[-74.56,-50.42],[-74.66,-50.48],[-74.43,-50.53],[-74.57,-50.62],[-74.51,-50.74],[-74.2,-50.85],[-74.36,-50.49],[-74.54,-50.42],[-74.56,-50.42]]],[[[-74.72,-50.49],[-74.55,-50.38],[-74.76,-50.39],[-74.73,-50.5],[-74.72,-50.49]]]]}},{"type":"Feature","properties":{"NAME":"Argentina","ABBREVN":"Argentina","SUBJECTO":"Argentina","BORDERPRECISION":3,"PARTOF":"Argentina"},"geometry":{"type":"MultiPolygon","coordinates":[[[[-63.82,-54.72],[-64.74,-54.81],[-64.68,-54.91],[-63.87,-54.78],[-63.82,-54.72]]],[[[-68.64,-54.79],[-66.45,-55.05],[-65.89,-54.89],[-65.34,-54.92],[-65.14,-54.65],[-66.24,-54.54],[-67.58,-53.91],[-68.16,-53.3],[-68.53,-53.25],[-68.37,-53],[-68.23,-53.11],[-68.62,-52.65],[-68.63,-54.55],[-68.64,-54.79]]],[[[-68.44,-52.38],[-68.41,-52.28],[-68.99,-51.62],[-69.61,-51.62],[-68.97,-51.57],[-69.19,-50.97],[-69.41,-51.08],[-69.14,-50.88],[-68.96,-50.4],[-68.37,-50.16],[-68.58,-49.98],[-69,-50.01],[-68.59,-49.93],[-68.2,-50.12],[-67.9,-49.99],[-67.77,-49.88],[-67.61,-49.26],[-67.83,-49.39],[-67.59,-49.04],[-67.09,-48.64],[-65.96,-48.09],[-65.97,-47.96],[-65.79,-47.97],[-65.98,-47.78],[-66.24,-47.86],[-65.87,-47.76],[-65.74,-47.46],[-65.78,-47.2],[-65.99,-47.07],[-66.82,-46.99],[-67.41,-46.57],[-67.62,-46.07],[-66.95,-45.25],[-66.18,-44.96],[-65.61,-45.02],[-65.54,-44.89],[-65.71,-44.83],[-65.69,-44.71],[-65.25,-44.31],[-65.21,-43.96],[-65.33,-43.66],[-64.93,-43.24],[-64.3,-42.99],[-65.01,-42.78],[-64.95,-42.66],[-64.4,-42.52],[-64.06,-42.89],[-63.68,-42.82],[-63.58,-42.62],[-63.59,-42.31],[-63.75,-42.09],[-64.33,-42.25],[-64.06,-42.28],[-64.11,-42.43],[-64.45,-42.45],[-64.6,-42.43],[-64.46,-42.27],[-65.01,-42.09],[-65.13,-40.84],[-64.8,-40.72],[-63.7,-41.17],[-62.73,-41.05],[-62.32,-40.87],[-62.2,-40.65],[-62.34,-40.67],[-62.25,-40.6],[-62.49,-40.3],[-62.31,-39.89],[-62.12,-39.84],[-62.07,-39.51],[-62.26,-39.32],[-62.02,-39.37],[-62.33,-39.26],[-62.28,-38.96],[-62.39,-38.8],[-61.63,-39.01],[-59.79,-38.84],[-58.19,-38.45],[-57.53,-38.09],[-57.52,-37.88],[-56.66,-36.9],[-56.67,-36.58],[-56.75,-36.32],[-57.1,-36.29],[-57.37,-35.99],[-57.38,-35.78],[-57.12,-35.42],[-57.31,-35.18],[-58.47,-34.54],[-58.5,-34.33],[-58.38,-34.19],[-58.53,-33.49],[-58.43,-33.1],[-58.15,-33.07],[-58.22,-32.49],[-58.1,-32.25],[-58.2,-31.89],[-58.04,-31.79],[-57.98,-31.58],[-58.08,-31.48],[-57.8,-30.88],[-57.89,-30.53],[-56.41,-29.05],[-55.89,-28.37],[-55.7,-28.41],[-55.75,-28.22],[-55.02,-27.83],[-54.81,-27.54],[-54.36,-27.46],[-53.84,-27.17],[-53.65,-26.28],[-53.89,-25.63],[-54.11,-25.5],[-54.45,-25.63],[-54.6,-25.57],[-54.69,-26.43],[-54.96,-26.78],[-55.55,-27.11],[-55.73,-27.44],[-56.1,-27.3],[-56.4,-27.58],[-56.55,-27.45],[-57.12,-27.49],[-57.79,-27.29],[-58.6,-27.32],[-58.65,-27.16],[-58.18,-26.66],[-58.14,-26.21],[-57.58,-25.55],[-57.76,-25.17],[-58.81,-24.78],[-60.04,-24.01],[-61.01,-23.81],[-61.18,-23.55],[-61.99,-23.01],[-62.24,-22.54],[-62.82,-22],[-63.94,-22],[-64.34,-22.87],[-64.59,-22.21],[-64.99,-22.09],[-65.75,-22.11],[-66.22,-21.78],[-66.31,-22.08],[-66.74,-22.23],[-66.77,-22.43],[-67.02,-22.52],[-67.18,-22.82],[-67,-23],[-67.34,-24.02],[-68.25,-24.4],[-68.51,-24.67],[-68.57,-24.81],[-68.36,-25.12],[-68.51,-25.2],[-68.6,-25.5],[-68.4,-26.16],[-68.59,-26.46],[-68.32,-27.02],[-68.81,-27.12],[-69.16,-27.93],[-69.66,-28.4],[-69.79,-29.1],[-70.03,-29.29],[-69.83,-30.19],[-70.21,-30.56],[-70.3,-31.03],[-70.56,-31.32],[-70.59,-31.56],[-70.45,-31.85],[-70.24,-31.94],[-70.32,-32.27],[-69.99,-32.88],[-70.1,-33.18],[-69.77,-33.39],[-69.91,-33.78],[-69.82,-34.23],[-70.05,-34.29],[-70.36,-35.14],[-70.57,-35.27],[-70.42,-35.36],[-70.34,-35.81],[-70.42,-36.14],[-70.59,-36.16],[-70.71,-36.41],[-71.03,-36.48],[-71.19,-36.85],[-71.18,-37.7],[-70.83,-38.59],[-70.92,-38.74],[-71.41,-38.94],[-71.4,-39.33],[-71.51,-39.62],[-71.69,-39.57],[-71.63,-39.95],[-71.82,-40.2],[-71.66,-40.33],[-71.95,-40.73],[-71.84,-40.96],[-71.91,-41.65],[-71.73,-42.1],[-72.02,-42.13],[-72.13,-42.29],[-72.04,-42.37],[-72.14,-43.01],[-71.74,-43.18],[-71.94,-43.45],[-71.7,-43.6],[-71.81,-43.76],[-71.65,-43.92],[-71.85,-44.37],[-71.2,-44.43],[-71.11,-44.54],[-71.28,-44.8],[-72.08,-44.77],[-72.07,-44.9],[-71.55,-45],[-71.3,-45.31],[-71.78,-45.66],[-71.6,-45.98],[-71.9,-46.15],[-71.74,-46.27],[-71.67,-46.68],[-71.94,-46.82],[-71.87,-47.22],[-72.35,-47.45],[-72.54,-47.92],[-72.32,-48.08],[-72.29,-48.35],[-72.6,-48.47],[-72.56,-48.8],[-73.01,-49],[-73.14,-49.3],[-73.46,-49.31],[-73.58,-49.54],[-73.45,-49.79],[-73.54,-50.12],[-73.28,-50.33],[-73.16,-50.76],[-72.77,-50.62],[-72.29,-50.65],[-72.27,-51.01],[-72.4,-51.11],[-72.25,-51.24],[-72.4,-51.51],[-71.91,-52],[-70,-52],[-68.44,-52.33],[-68.44,-52.38]]],[[[-61.87,-39.24],[-62.09,-39.09],[-61.9,-39.24],[-61.87,-39.24]]]]}},{"type":"Feature","properties":{"NAME":"Uruguay","ABBREVN":"Uruguay","SUBJECTO":"Uruguay","BORDERPRECISION":3,"PARTOF":"Uruguay"},"geometry":{"type":"Polygon","coordinates":[[[-53.4,-33.75],[-53.53,-33.66],[-53.52,-33.14],[-53.1,-32.72],[-53.54,-32.46],[-53.88,-31.97],[-54.29,-31.8],[-54.59,-31.46],[-55.23,-31.25],[-55.58,-30.85],[-56.01,-31.07],[-55.99,-30.81],[-56.81,-30.11],[-57.07,-30.11],[-57.21,-30.29],[-57.61,-30.18],[-57.89,-30.53],[-57.8,-30.88],[-58.08,-31.48],[-57.98,-31.58],[-58.04,-31.79],[-58.2,-31.89],[-58.1,-32.25],[-58.2,-32.49],[-58.05,-32.93],[-58.14,-33.1],[-58.36,-33.13],[-58.44,-33.55],[-58.4,-33.93],[-57.84,-34.49],[-57.11,-34.46],[-56.32,-34.91],[-55.6,-34.78],[-54.9,-34.94],[-54.28,-34.69],[-54.31,-34.56],[-54.14,-34.66],[-53.54,-34.06],[-53.42,-33.77],[-53.4,-33.75]]]}},{"type":"Feature","properties":{"NAME":"United Kingdom","ABBREVN":"United Kingdom","SUBJECTO":"United Kingdom","BORDERPRECISION":3,"PARTOF":"United Kingdom"},"geometry":{"type":"MultiPolygon","coordinates":[[[[-7.25,55.07],[-6.94,55.24],[-7.38,55.38],[-7.55,55.21],[-7.45,55.05],[-7.66,54.95],[-7.53,55.12],[-7.63,55.27],[-7.79,55.21],[-7.7,55.1],[-7.79,55.24],[-8.32,55.11],[-8.46,55],[-8.35,54.84],[-8.8,54.7],[-8.19,54.63],[-8.28,54.47],[-8.66,54.36],[-8.47,54.27],[-9.03,54.29],[-9.13,54.16],[-9.34,54.32],[-10.08,54.26],[-10.13,54.1],[-10.01,54.22],[-9.79,53.95],[-9.94,53.87],[-9.56,53.86],[-9.9,53.76],[-9.91,53.65],[-9.7,53.6],[-10.19,53.55],[-10.18,53.41],[-9.8,53.42],[-9.9,53.32],[-9.78,53.29],[-9.56,53.38],[-9.61,53.23],[-8.94,53.26],[-8.94,53.14],[-9.28,53.14],[-9.49,52.8],[-9.93,52.56],[-9.15,52.62],[-9.03,52.73],[-8.82,52.67],[-9.62,52.57],[-9.84,52.38],[-9.74,52.25],[-10.2,52.28],[-10.47,52.14],[-9.76,52.15],[-10.37,51.88],[-10.1,51.75],[-9.58,51.87],[-10.13,51.61],[-9.45,51.72],[-9.84,51.54],[-9.59,51.61],[-9.77,51.45],[-8.7,51.57],[-8.31,51.74],[-8.42,51.88],[-8.09,51.81],[-7.59,51.99],[-7.58,52.1],[-7,52.14],[-7,52.28],[-6.87,52.16],[-6.36,52.18],[-6.5,52.35],[-6.24,52.5],[-6.01,52.95],[-6.22,53.34],[-6.08,53.56],[-6.36,54.01],[-6.12,53.98],[-6.27,54.1],[-6.04,54.03],[-5.86,54.23],[-5.56,54.29],[-5.7,54.57],[-5.51,54.37],[-5.43,54.49],[-5.57,54.68],[-5.9,54.6],[-5.69,54.81],[-6.1,55.21],[-7.25,55.05],[-7.25,55.07]]],[[[-9.96,53.88],[-9.97,54.02],[-10.27,53.97],[-9.98,53.88],[-9.96,53.88]]],[[[-1.24,50.58],[-1.06,50.69],[-1.3,50.77],[-1.54,50.67],[-1.28,50.58],[-1.24,50.58]]],[[[-5.1,55.44],[-5.16,55.68],[-5.3,55.72],[-5.36,55.5],[-5.17,55.43],[-5.1,55.44]]],[[[-5.08,55.88],[-5.21,55.9],[-5.12,55.78],[-5.02,55.73],[-5.04,55.84],[-5.08,55.88]]],[[[-6.08,55.78],[-6.12,55.93],[-6.45,55.85],[-6.49,55.67],[-6.25,55.77],[-6.3,55.58],[-6.03,55.67],[-6.05,55.77],[-6.08,55.78]]],[[[-5.95,55.83],[-5.7,56.15],[-6.08,55.9],[-5.97,55.79],[-5.95,55.83]]],[[[-5.79,56.51],[-6.06,56.64],[-6.32,56.6],[-6,56.49],[-6.2,56.38],[-6.02,56.37],[-6.32,56.27],[-5.81,56.32],[-5.66,56.4],[-5.71,56.48],[-5.79,56.51]]],[[[-6.88,56.47],[-6.73,56.52],[-6.97,56.51],[-6.89,56.44],[-6.88,56.47]]],[[[-6.58,56.58],[-6.5,56.69],[-6.68,56.56],[-6.58,56.58]]],[[[-2.92,58.73],[-2.92,58.84],[-3.03,58.82],[-2.95,58.73],[-2.92,58.73]]],[[[-2.68,59.19],[-2.4,59.31],[-2.69,59.19],[-2.68,59.19]]],[[[-3.18,58.78],[-3.34,58.93],[-3.43,58.88],[-3.23,58.78],[-3.18,58.78]]],[[[-2.79,58.95],[-3.2,59.15],[-3.35,59.11],[-3.35,58.97],[-2.76,58.92],[-2.79,58.95]]],[[[-0.82,60.69],[-0.77,60.83],[-0.94,60.79],[-0.96,60.69],[-0.83,60.67],[-0.82,60.69]]],[[[-1.1,60.28],[-1.04,60.44],[-1.41,60.61],[-1.61,60.48],[-1.32,60.36],[-1.68,60.24],[-1.45,60.15],[-1.29,60.24],[-1.37,59.9],[-1.26,59.86],[-1.16,60.26],[-1.1,60.28]]],[[[-1.03,60.5],[-0.99,60.72],[-1.1,60.73],[-1.1,60.49],[-1.03,60.5]]],[[[-2.88,56.45],[-3.28,56.36],[-2.55,56.56],[-2.19,56.9],[-1.77,57.46],[-1.92,57.67],[-3.34,57.72],[-4.18,57.49],[-4.08,57.67],[-4.43,57.57],[-3.78,57.86],[-4.39,57.9],[-4.01,57.87],[-3.21,58.31],[-3.02,58.64],[-4.56,58.58],[-4.74,58.45],[-4.7,58.56],[-5,58.62],[-5.17,58.36],[-5.07,58.26],[-5.39,58.26],[-5.28,58.08],[-5.45,58.07],[-5.1,57.85],[-5.61,57.92],[-5.61,57.77],[-5.82,57.82],[-5.81,57.64],[-5.51,57.53],[-5.84,57.57],[-5.82,57.36],[-5.45,57.42],[-5.6,57.33],[-5.41,57.23],[-5.65,57.16],[-5.4,57.11],[-5.78,57.08],[-5.52,57],[-5.83,57],[-5.92,56.89],[-5.66,56.87],[-5.85,56.74],[-6.23,56.72],[-5.55,56.69],[-6.01,56.63],[-5.68,56.49],[-5.12,56.81],[-5.4,56.48],[-5.11,56.51],[-5.57,56.33],[-5.52,56.16],[-5.68,55.99],[-5.58,56.04],[-5.68,55.89],[-5.61,55.76],[-5.79,55.3],[-5.52,55.36],[-5.38,55.75],[-5.43,56.01],[-5.03,56.23],[-5.31,56.01],[-5.3,55.85],[-4.99,55.86],[-4.87,56.11],[-4.85,55.99],[-4.49,55.92],[-4.88,55.94],[-4.91,55.7],[-4.61,55.49],[-5.18,54.99],[-4.95,54.65],[-4.86,54.63],[-4.96,54.8],[-4.85,54.87],[-4.36,54.68],[-4.4,54.91],[-3.96,54.77],[-3.57,54.99],[-3.04,54.98],[-3.39,54.88],[-3.63,54.51],[-3.22,54.1],[-2.81,54.22],[-3.05,53.91],[-3.04,53.75],[-2.9,53.72],[-3.11,53.56],[-2.96,53.36],[-2.7,53.35],[-2.86,53.28],[-3.18,53.4],[-3.1,53.25],[-3.36,53.35],[-4.2,53.21],[-4.75,52.78],[-4.13,52.91],[-4.05,52.72],[-4.13,52.33],[-5.24,51.92],[-5.1,51.78],[-5.25,51.73],[-4.88,51.75],[-5.05,51.62],[-4.94,51.59],[-4.65,51.73],[-4.07,51.68],[-4.29,51.61],[-4.24,51.54],[-3.84,51.62],[-3.54,51.4],[-3.27,51.38],[-2.38,51.76],[-3.03,51.21],[-4.2,51.2],[-4.3,51],[-4.52,51.01],[-4.55,50.79],[-4.78,50.59],[-5.71,50.13],[-5.68,50.04],[-5.33,50.09],[-5.2,49.96],[-5.05,50.17],[-4.68,50.33],[-4.17,50.38],[-3.67,50.22],[-3.44,50.61],[-3.17,50.69],[-2.86,50.73],[-2.43,50.54],[-2.39,50.64],[-1.96,50.6],[-2.03,50.73],[-1.09,50.85],[-0.79,50.73],[-0.25,50.83],[0.25,50.74],[1.41,51.19],[1.39,51.39],[0.39,51.45],[0.95,51.61],[0.95,51.73],[0.72,51.73],[1.27,51.84],[1.16,52.02],[1.33,51.93],[1.58,52.08],[1.75,52.46],[1.68,52.74],[0.88,52.97],[0.55,52.97],[0.38,52.78],[0,52.88],[0.36,53.15],[0.24,53.4],[-0.29,53.71],[-0.72,53.7],[-0.27,53.74],[0.14,53.59],[-0.22,54.02],[-0.08,54.11],[-0.56,54.48],[-1.3,54.76],[-1.64,55.58],[-2.66,56.06],[-3.05,55.94],[-3.72,56.03],[-2.68,56.21],[-2.58,56.28],[-2.81,56.44],[-2.88,56.45]]],[[[0.75,51.39],[0.95,51.38],[0.74,51.4],[0.75,51.39]]],[[[-4.33,53.15],[-4.05,53.3],[-4.56,53.39],[-4.57,53.27],[-4.35,53.12],[-4.33,53.15]]],[[[-6.3,56.94],[-6.25,57.03],[-6.39,57.05],[-6.32,56.93],[-6.3,56.94]]],[[[-7.44,56.94],[-7.44,57.06],[-7.56,56.96],[-7.47,56.94],[-7.44,56.94]]],[[[-7.23,57.34],[-7.42,57.39],[-7.38,57.11],[-7.23,57.1],[-7.25,57.33],[-7.23,57.34]]],[[[-5.66,57.21],[-6.13,57.31],[-6.14,57.57],[-6.3,57.69],[-6.38,57.52],[-6.64,57.61],[-6.79,57.45],[-6.7,57.36],[-6.31,57.3],[-6.48,57.3],[-6.32,57.16],[-6.03,57.18],[-6.01,57.02],[-5.8,57.12],[-5.66,57.21]]],[[[-6.03,57.33],[-6,57.51],[-6.06,57.33],[-6.03,57.33]]],[[[-7.24,57.4],[-7.35,57.49],[-7.28,57.4],[-7.24,57.4]]],[[[-7.07,57.64],[-7.54,57.59],[-7.15,57.51],[-7.07,57.64]]],[[[-6.2,58.36],[-6.27,58.51],[-6.8,58.3],[-6.74,58.2],[-6.86,58.11],[-7.04,58.24],[-7.13,58.13],[-7.08,57.96],[-6.83,57.9],[-7.12,57.84],[-6.97,57.73],[-6.66,57.88],[-6.69,58.06],[-6.59,58.05],[-6.71,57.99],[-6.62,57.91],[-6.36,58.03],[-6.62,58.08],[-6.16,58.21],[-6.33,58.24],[-6.23,58.32],[-6.2,58.36]]]]}},{"type":"Feature","properties":{"NAME":"Netherlands","ABBREVN":"Netherlands","SUBJECTO":"Netherlands","BORDERPRECISION":3,"PARTOF":"Netherlands"},"geometry":{"type":"MultiPolygon","coordinates":[[[[7.21,53.24],[6.74,53.47],[5.98,53.4],[4.94,52.9],[4.74,52.96],[4.58,52.48],[5.08,52.42],[5.03,52.62],[5.3,52.7],[5.1,52.95],[5.37,53.07],[5.41,52.85],[5.72,52.84],[5.6,52.66],[5.86,52.61],[5.85,52.46],[5.42,52.25],[4.57,52.45],[4.37,52.17],[4.02,51.98],[4.06,51.86],[3.87,51.81],[4.21,51.67],[4,51.59],[4.28,51.45],[3.84,51.61],[3.44,51.53],[4.35,51.36],[4.48,51.48],[4.94,51.4],[5.04,51.49],[5.24,51.26],[5.85,51.15],[5.65,50.82],[6.01,50.76],[6.08,50.91],[5.87,51.05],[6.1,51.14],[6.22,51.47],[5.97,51.81],[6.78,51.92],[6.74,52.08],[7.07,52.36],[6.7,52.49],[6.72,52.62],[7.05,52.65],[7.21,53.18],[7.21,53.24]]],[[[5.4,52.27],[5.79,52.43],[5.83,52.57],[5.57,52.59],[5.17,52.4],[5.36,52.29],[5.4,52.27]]],[[[4.24,51.35],[3.41,51.39],[3.44,51.24],[3.9,51.21],[4.22,51.34],[4.24,51.35]]],[[[4.11,51.65],[3.72,51.73],[4.09,51.64],[4.11,51.65]]],[[[4.79,53],[4.91,53.09],[4.86,53.19],[4.76,52.99],[4.79,53]]],[[[5.21,53.35],[5.58,53.45],[5.19,53.35],[5.21,53.35]]]]}},{"type":"Feature","properties":{"NAME":"Belgium","ABBREVN":"Belgium","SUBJECTO":"Belgium","BORDERPRECISION":3,"PARTOF":"Belgium"},"geometry":{"type":"Polygon","coordinates":[[[6.01,50.76],[5.65,50.82],[5.85,51.15],[5.24,51.26],[5.08,51.47],[4.94,51.4],[4.8,51.5],[4.48,51.48],[4.41,51.36],[4.25,51.38],[4.31,51.26],[4.24,51.35],[3.95,51.21],[3.18,51.34],[2.55,51.09],[2.65,50.82],[2.9,50.7],[3.16,50.78],[3.3,50.52],[4.04,50.36],[4.19,50.24],[4.15,49.98],[4.51,49.95],[4.82,50.17],[4.87,49.8],[5.47,49.51],[5.84,49.55],[5.78,49.96],[5.97,50.17],[6.13,50.13],[6.39,50.32],[6.27,50.61],[6.03,50.74],[6.01,50.76]]]}},{"type":"Feature","properties":{"NAME":"Luxembourg","ABBREVN":"Luxembourg","SUBJECTO":"Luxembourg","BORDERPRECISION":3,"PARTOF":"Luxembourg"},"geometry":{"type":"Polygon","coordinates":[[[6.13,50.13],[5.97,50.17],[5.75,49.91],[5.9,49.66],[5.8,49.54],[6.36,49.46],[6.51,49.71],[6.12,50.1],[6.13,50.13]]]}},{"type":"Feature","properties":{"NAME":"France","ABBREVN":"France","SUBJECTO":"France","BORDERPRECISION":3,"PARTOF":"France"},"geometry":{"type":"MultiPolygon","coordinates":[[[[9.51,42.57],[9.38,43.01],[9.31,42.69],[9.12,42.73],[8.67,42.51],[8.58,42.38],[8.68,42.27],[8.57,42.22],[8.74,42.05],[8.59,41.96],[8.78,41.93],[8.71,41.76],[8.92,41.69],[8.79,41.56],[9.22,41.37],[9.55,42.12],[9.53,42.55],[9.51,42.57]]],[[[-3.06,47.31],[-3.25,47.39],[-3.08,47.29],[-3.06,47.31]]],[[[2.55,51.09],[1.63,50.88],[1.6,50.37],[1.46,50.12],[0.21,49.72],[0.08,49.52],[0.42,49.45],[-0.23,49.28],[-1.11,49.37],[-1.29,49.53],[-1.26,49.68],[-1.94,49.72],[-1.61,49.22],[-1.56,48.75],[-1.37,48.64],[-1.99,48.69],[-1.98,48.51],[-2.31,48.68],[-2.69,48.5],[-3.12,48.87],[-3.51,48.84],[-3.58,48.68],[-3.99,48.72],[-4.73,48.56],[-4.76,48.34],[-4.19,48.3],[-4.57,48.33],[-4.55,48.17],[-4.44,48.24],[-4.28,48.12],[-4.72,48.04],[-4.44,47.98],[-4.37,47.81],[-3.98,47.89],[-3.51,47.76],[-3.15,47.61],[-3.13,47.48],[-3.13,47.6],[-2.7,47.64],[-2.83,47.5],[-2.37,47.5],[-2.53,47.39],[-2.43,47.26],[-1.89,47.29],[-1.73,47.21],[-2.16,47.24],[-1.99,47.04],[-2.13,46.83],[-1.79,46.49],[-1.11,46.32],[-1.07,45.9],[-1.24,45.71],[-0.78,45.47],[-0.54,44.9],[-0.8,45.36],[-1.06,45.57],[-1.14,45.49],[-1.25,44.68],[-1.17,44.77],[-1.04,44.67],[-1.21,44.63],[-1.44,43.64],[-1.78,43.36],[-1.41,43.27],[-1.44,43.05],[-0.75,42.96],[-0.56,42.78],[-0.31,42.84],[0,42.69],[0.67,42.69],[0.72,42.86],[1.36,42.72],[1.45,42.6],[1.74,42.62],[1.72,42.51],[2.02,42.35],[2.27,42.44],[2.53,42.33],[3.17,42.44],[2.96,42.84],[3.08,43.07],[3.96,43.54],[4.65,43.36],[4.76,43.37],[4.71,43.57],[4.82,43.4],[5.04,43.44],[5.02,43.55],[5.23,43.49],[5.04,43.35],[5.34,43.36],[5.36,43.22],[5.83,43.06],[6.64,43.19],[6.79,43.42],[7.53,43.78],[7.71,44.08],[6.88,44.38],[7.03,44.83],[6.75,44.92],[6.63,45.12],[7.06,45.22],[7.16,45.38],[6.81,45.73],[7.04,45.93],[6.78,46.15],[6.8,46.43],[6.52,46.46],[6.24,46.36],[6.19,46.17],[5.97,46.21],[6.12,46.26],[6.13,46.59],[6.97,47.29],[7,47.37],[6.88,47.36],[6.99,47.5],[7.15,47.5],[7.07,47.7],[6.69,47.94],[7.15,48.56],[6.73,48.62],[6.51,48.84],[5.88,49.07],[5.8,49.54],[5.47,49.51],[4.87,49.8],[4.82,50.17],[4.51,49.95],[4.15,49.98],[4.17,50.28],[3.3,50.52],[3.16,50.78],[2.87,50.71],[2.65,50.82],[2.6,51],[2.55,51.09]]],[[[-1.19,45.83],[-1.39,46.05],[-1.21,45.81],[-1.19,45.83]]],[[[-1.26,46.16],[-1.48,46.26],[-1.29,46.16],[-1.26,46.16]]]]}},{"type":"Feature","properties":{"NAME":"Switzerland","ABBREVN":"Switzerland","SUBJECTO":"Switzerland","BORDERPRECISION":3,"PARTOF":"Switzerland"},"geometry":{"type":"Polygon","coordinates":[[[9.57,47.54],[8.56,47.81],[8.41,47.7],[8.62,47.66],[8.57,47.59],[7.64,47.6],[7.25,47.42],[6.99,47.5],[6.88,47.36],[7,47.37],[6.97,47.29],[6.13,46.59],[6.12,46.26],[5.97,46.21],[6.13,46.15],[6.32,46.4],[6.74,46.45],[6.78,46.15],[7.1,45.88],[7.86,45.92],[8.44,46.46],[8.46,46.23],[8.82,46.1],[9,45.83],[9.29,46.5],[9.54,46.31],[9.95,46.38],[10.14,46.23],[10.05,46.54],[10.18,46.63],[10.45,46.54],[10.49,46.94],[10.39,47],[10.11,46.85],[9.87,47.02],[9.48,47.06],[9.67,47.39],[9.56,47.5],[9.57,47.54]]]}},{"type":"Feature","properties":{"NAME":"Spain","ABBREVN":"Spain","SUBJECTO":"Spain","BORDERPRECISION":3,"PARTOF":"Spain"},"geometry":{"type":"MultiPolygon","coordinates":[[[[-17.96,27.68],[-17.9,27.85],[-18.16,27.76],[-17.97,27.66],[-17.96,27.68]]],[[[-15.55,27.76],[-15.39,27.85],[-15.41,28.16],[-15.7,28.15],[-15.82,27.92],[-15.57,27.74],[-15.55,27.76]]],[[[-17.17,28.02],[-17.09,28.11],[-17.25,28.21],[-17.33,28.09],[-17.24,28.01],[-17.17,28.02]]],[[[-16.47,28.08],[-16.16,28.57],[-16.91,28.35],[-16.67,27.98],[-16.54,28.02],[-16.47,28.08]]],[[[-14.32,28.05],[-13.9,28.28],[-13.89,28.76],[-14.2,28.24],[-14.44,28.07],[-14.35,28.05],[-14.32,28.05]]],[[[-17.79,28.5],[-17.76,28.82],[-17.97,28.81],[-17.83,28.45],[-17.79,28.5]]],[[[-13.61,28.93],[-13.47,29.01],[-13.47,29.24],[-13.83,29],[-13.82,28.86],[-13.66,28.91],[-13.61,28.93]]],[[[1.59,38.67],[1.4,38.74],[1.39,38.65],[1.56,38.65],[1.59,38.67]]],[[[1.37,38.83],[1.62,39.03],[1.55,39.12],[1.33,39.06],[1.21,38.9],[1.37,38.85],[1.37,38.83]]],[[[3.18,39.76],[3.07,39.92],[2.92,39.89],[2.39,39.52],[2.67,39.56],[2.79,39.36],[3.06,39.26],[3.46,39.66],[3.23,39.74],[3.18,39.76]]],[[[4.31,39.89],[4.12,40.06],[3.84,40.06],[3.83,39.92],[4.32,39.88],[4.31,39.89]]],[[[-1.78,43.36],[-2.16,43.29],[-2.93,43.44],[-3.15,43.35],[-3.55,43.51],[-4.59,43.4],[-5.85,43.65],[-7.04,43.49],[-7.46,43.73],[-7.9,43.76],[-8.33,43.4],[-9.17,43.19],[-9.29,42.92],[-9.16,42.93],[-9.09,42.74],[-8.92,42.79],[-9.03,42.52],[-8.72,42.7],[-8.91,42.48],[-8.66,42.43],[-8.86,42.25],[-8.58,42.35],[-8.9,42.11],[-8.88,41.88],[-8.2,42.15],[-8.08,42.06],[-8.22,41.91],[-8.14,41.81],[-7.76,41.9],[-7.42,41.82],[-7.13,41.99],[-6.6,41.95],[-6.55,41.69],[-6.19,41.58],[-6.93,41.02],[-6.8,40.86],[-6.8,40.52],[-6.86,40.27],[-7.03,40.19],[-6.87,40.02],[-7.02,39.67],[-7.53,39.67],[-7.15,39.11],[-6.96,39.06],[-7.26,38.72],[-7.32,38.44],[-7.09,38.18],[-6.94,38.21],[-7,38.03],[-7.25,37.98],[-7.52,37.55],[-7.39,37.18],[-6.96,37.22],[-6.58,37.02],[-6.36,36.86],[-6.44,36.7],[-6.17,36.51],[-6.23,36.4],[-6.04,36.18],[-5.61,36.01],[-5.17,36.41],[-4.64,36.51],[-4.41,36.72],[-2.72,36.68],[-2.41,36.84],[-2.12,36.73],[-1.68,37.35],[-1.33,37.56],[-0.72,37.6],[-0.86,37.72],[-0.51,38.33],[0.22,38.76],[-0.18,39.03],[-0.33,39.49],[0.54,40.57],[0.89,40.7],[0.7,40.8],[0.99,41.05],[2.12,41.29],[3.2,41.89],[3.11,42.2],[3.32,42.32],[3.17,42.44],[2.02,42.35],[1.72,42.51],[1.45,42.45],[1.36,42.72],[0.72,42.86],[0.67,42.69],[-0.56,42.78],[-0.75,42.96],[-1.44,43.05],[-1.41,43.27],[-1.78,43.34],[-1.78,43.36]]]]}},{"type":"Feature","properties":{"NAME":"Portugal","ABBREVN":"Portugal","SUBJECTO":"Portugal","BORDERPRECISION":3,"PARTOF":"Portugal"},"geometry":{"type":"MultiPolygon","coordinates":[[[[-16.96,32.83],[-17.19,32.87],[-17.24,32.77],[-16.84,32.64],[-16.72,32.75],[-16.91,32.84],[-16.96,32.83]]],[[[-31.22,39.35],[-31.13,39.41],[-31.21,39.52],[-31.24,39.35],[-31.22,39.35]]],[[[-8.75,41.95],[-8.88,41.73],[-8.66,40.69],[-9.09,39.62],[-9.36,39.36],[-9.48,38.71],[-9.12,38.72],[-8.99,38.94],[-8.92,38.77],[-9.07,38.63],[-9.27,38.67],[-9.2,38.45],[-8.77,38.52],[-8.67,38.41],[-8.8,38.37],[-8.8,37.44],[-8.99,37.03],[-8.62,37.11],[-7.9,37.01],[-7.42,37.18],[-7.45,37.7],[-6.94,38.17],[-7.32,38.44],[-7.26,38.72],[-6.96,39.06],[-7.15,39.11],[-7.53,39.67],[-7.02,39.67],[-6.87,40.02],[-7.03,40.19],[-6.86,40.27],[-6.8,40.52],[-6.8,40.86],[-6.93,41.02],[-6.19,41.58],[-6.55,41.69],[-6.6,41.95],[-7.13,41.99],[-7.42,41.82],[-7.76,41.9],[-8.14,41.81],[-8.22,41.91],[-8.08,42.06],[-8.2,42.15],[-8.74,41.96],[-8.75,41.95]]],[[[-27.08,38.63],[-27.04,38.74],[-27.18,38.8],[-27.39,38.74],[-27.14,38.63],[-27.08,38.63]]],[[[-28.59,38.55],[-28.83,38.6],[-28.61,38.54],[-28.59,38.55]]],[[[-25.02,36.97],[-25.2,36.99],[-25.02,36.93],[-25.02,36.97]]],[[[-25.55,37.83],[-25.86,37.84],[-25.46,37.71],[-25.13,37.82],[-25.44,37.83],[-25.55,37.83]]],[[[-28.04,38.41],[-28.53,38.55],[-28.49,38.42],[-28.06,38.39],[-28.04,38.41]]],[[[-27.78,38.54],[-28.29,38.75],[-27.81,38.54],[-27.78,38.54]]]]}},{"type":"Feature","properties":{"NAME":"Germany","ABBREVN":"Germany","SUBJECTO":"Germany","BORDERPRECISION":3,"PARTOF":"Germany"},"geometry":{"type":"MultiPolygon","coordinates":[[[[12.37,54.31],[12.92,54.43],[12.53,54.47],[12.13,54.19],[11.7,54.15],[11.41,53.92],[11.05,54.01],[10.82,53.89],[10.88,53.98],[10.76,54.06],[11.08,54.19],[11.07,54.38],[10.69,54.31],[9.86,54.46],[10.03,54.55],[9.95,54.78],[9.38,54.83],[9.6,54.93],[9.74,54.83],[9.73,54.99],[9.46,55.12],[9.68,55.19],[9.61,55.36],[8.85,55.42],[8.88,55.29],[8.66,55.29],[8.69,55.14],[8.46,55.13],[8.68,55.11],[8.71,54.89],[8.42,54.92],[8.41,55.06],[8.29,54.85],[8.58,54.86],[9.01,54.5],[8.6,54.33],[8.88,54.29],[8.81,54.17],[9.02,54.09],[8.84,54.03],[8.9,53.94],[9.33,53.86],[9.83,53.54],[9.13,53.87],[8.6,53.88],[8.5,53.36],[8.49,53.55],[8.33,53.62],[8.24,53.59],[8.29,53.42],[8.1,53.44],[8.17,53.53],[8.01,53.71],[7.23,53.67],[7.02,53.38],[7.35,53.31],[7.21,53.24],[7.05,52.65],[6.7,52.55],[7.06,52.39],[7.05,52.24],[6.76,52.11],[6.78,51.92],[6.12,51.89],[5.95,51.75],[6.22,51.36],[5.87,51.01],[6.05,50.95],[6.01,50.76],[6.27,50.61],[6.39,50.32],[6.11,50.06],[6.25,49.88],[6.52,49.81],[6.36,49.46],[5.76,49.49],[5.88,49.07],[6.51,48.84],[6.73,48.62],[7.15,48.56],[6.71,47.91],[7.07,47.7],[7.25,47.42],[7.64,47.6],[8.57,47.59],[8.62,47.66],[8.41,47.7],[8.59,47.81],[8.9,47.65],[9.94,47.55],[10.23,47.37],[10.17,47.27],[10.47,47.44],[10.48,47.59],[11.1,47.4],[11.77,47.6],[12.74,47.68],[13.02,47.47],[13.1,47.65],[12.91,47.73],[13.01,47.85],[12.76,48.12],[13.36,48.34],[13.44,48.56],[13.73,48.52],[13.83,48.77],[12.67,49.42],[12.46,49.7],[12.55,49.91],[12.21,50.11],[12.1,50.32],[12.32,50.21],[12.52,50.39],[12.99,50.42],[14.31,50.88],[14.31,51.05],[14.57,51.01],[14.74,50.82],[15.18,51.01],[15.38,50.78],[16.33,50.66],[16.45,50.58],[16.22,50.41],[16.64,50.11],[17,50.22],[16.94,50.44],[17.43,50.27],[17.72,50.32],[17.76,50.21],[17.61,50.16],[17.88,49.98],[18.05,50.06],[18.65,49.9],[19.12,49.96],[19.23,50.11],[19.02,50.41],[19.08,50.62],[18.6,50.85],[18.43,51.11],[18.18,51.16],[18.2,51.57],[17.68,52.19],[18.12,52.47],[18.41,52.48],[18.46,52.67],[18.9,53.04],[19.37,53.18],[20.37,53.15],[20.52,53.34],[21.86,53.47],[22.71,53.78],[22.76,53.94],[22.53,54.25],[22.77,54.29],[22.72,54.69],[22.87,54.81],[22.61,55.04],[22.06,55.03],[21.38,55.28],[21.19,55.15],[21.22,54.93],[20.56,54.94],[20.94,55.29],[20.45,54.96],[19.94,54.93],[19.87,54.64],[20.4,54.68],[19.37,54.27],[19.23,54.33],[19.84,54.6],[19.42,54.38],[18.84,54.35],[18.57,54.45],[18.41,54.74],[18.83,54.62],[18.34,54.84],[17.25,54.73],[16.49,54.52],[16.22,54.27],[14.38,53.91],[13.77,54.17],[13.86,54],[14.06,53.98],[13.83,53.86],[14.55,53.86],[14.53,53.66],[13.96,53.77],[13.81,53.85],[13.71,54.17],[13.46,54.09],[13.02,54.4],[12.37,54.3],[12.37,54.31]]],[[[13.52,54.51],[13.15,54.55],[13.26,54.38],[13.12,54.34],[13.4,54.22],[13.5,54.34],[13.72,54.27],[13.58,54.44],[13.67,54.57],[13.36,54.68],[13.25,54.56],[13.5,54.55],[13.52,54.51]]],[[[9.79,55.08],[9.64,55.05],[9.8,55.01],[9.8,54.9],[10.07,54.88],[9.97,55.01],[9.79,55.08]]]]}},{"type":"Feature","properties":{"NAME":"Poland","ABBREVN":"Poland","SUBJECTO":"Poland","BORDERPRECISION":3,"PARTOF":"Poland"},"geometry":{"type":"Polygon","coordinates":[[[23.78,53.94],[23.51,53.95],[23.36,54.24],[22.84,54.41],[22.53,54.25],[22.76,53.94],[22.71,53.78],[21.86,53.47],[20.52,53.34],[20.37,53.15],[19.37,53.18],[18.9,53.04],[18.46,52.67],[18.41,52.48],[18.12,52.47],[17.66,52.13],[18.2,51.57],[18.18,51.16],[19.01,50.69],[19.16,50.24],[20.24,50.07],[21.25,50.36],[21.66,50.54],[21.86,50.78],[22.36,50.56],[22.47,50.3],[23.64,50.38],[24.15,50.62],[23.95,50.79],[24.14,50.86],[23.73,51.21],[23.54,51.59],[23.64,52.08],[23.17,52.28],[23.42,52.53],[23.94,52.72],[23.94,53.36],[24.09,53.55],[23.79,53.66],[23.78,53.9],[23.78,53.94]]]}},{"type":"Feature","properties":{"NAME":"Austria-Hungary","ABBREVN":"Austria-Hungary","SUBJECTO":"Austria-Hungary","BORDERPRECISION":3,"PARTOF":"Austria-Hungary"},"geometry":{"type":"MultiPolygon","coordinates":[[[[15.1,44.33],[15.25,44.34],[14.74,44.69],[15.02,44.42],[15.1,44.33]]],[[[14.66,45.12],[14.55,45.24],[14.44,45.07],[14.73,44.94],[14.81,45],[14.7,45.07],[14.66,45.12]]],[[[14.39,44.69],[14.53,44.49],[14.39,44.66],[14.39,44.69]]],[[[14.39,44.69],[14.53,44.63],[14.36,45.16],[14.27,45.12],[14.39,44.96],[14.33,44.85],[14.39,44.69]]],[[[17.66,42.74],[17.33,42.78],[17.73,42.7],[17.66,42.74]]],[[[17.18,42.92],[16.69,42.99],[17.13,42.91],[17.18,42.92]]],[[[17.12,43.14],[16.38,43.2],[17.11,43.12],[17.12,43.14]]],[[[16.89,43.3],[16.43,43.39],[16.52,43.28],[16.85,43.27],[16.89,43.3]]],[[[15.22,43.9],[14.86,44.16],[15.19,43.87],[15.22,43.9]]],[[[17.66,42.88],[17.01,43.01],[17.88,42.77],[18.52,42.4],[18.48,42.97],[18.65,43.04],[18.7,43.26],[18.91,43.36],[19.06,43.24],[19.01,43.56],[19.49,43.59],[19.49,43.76],[19.24,44.01],[19.53,43.96],[19.62,44.05],[19.1,44.36],[19.34,44.9],[19.59,44.92],[19.95,44.71],[20.46,44.94],[21.37,44.86],[22.18,44.48],[22.52,44.76],[22.52,45.2],[22.78,45.32],[23.51,45.34],[23.57,45.51],[23.78,45.43],[24.2,45.56],[25.07,45.56],[25.31,45.37],[25.64,45.51],[26.08,45.43],[26.43,45.66],[26.47,46.08],[26.12,46.47],[26.12,46.85],[25.35,47.23],[25.69,47.4],[25.92,47.31],[26.51,47.49],[26.15,47.79],[26.26,47.93],[26.1,48.1],[26.12,48.21],[26.32,48.2],[26.17,48.53],[26.37,48.51],[26.17,48.95],[26.24,49.73],[25.61,49.76],[25.12,50.32],[24.68,50.36],[24.38,50.57],[24.15,50.62],[23.64,50.38],[22.96,50.28],[22.47,50.3],[22.36,50.56],[21.94,50.78],[21.66,50.54],[20.52,50.14],[20.24,50.07],[19.19,50.24],[19.12,49.96],[18.68,49.9],[18.05,50.06],[17.84,49.99],[17.61,50.16],[17.76,50.21],[17.72,50.32],[17.43,50.27],[16.94,50.44],[17,50.22],[16.64,50.11],[16.22,50.41],[16.45,50.58],[16.37,50.64],[15.38,50.78],[15.18,51.01],[14.74,50.82],[14.57,51.01],[14.31,51.05],[14.31,50.88],[12.99,50.42],[12.52,50.39],[12.32,50.21],[12.1,50.32],[12.21,50.11],[12.55,49.91],[12.46,49.7],[12.67,49.42],[13.75,48.87],[13.82,48.62],[13.73,48.52],[13.44,48.56],[13.36,48.34],[12.76,48.12],[13.01,47.85],[12.91,47.73],[13.1,47.65],[13.02,47.47],[12.74,47.68],[11.77,47.6],[11.1,47.4],[10.48,47.59],[10.47,47.44],[10.17,47.27],[10.23,47.37],[9.94,47.55],[9.57,47.54],[9.67,47.39],[9.54,47.28],[9.6,47.06],[10.11,46.85],[10.39,47],[10.49,46.94],[10.45,46.54],[10.59,46.42],[10.48,45.84],[11.14,45.68],[11.27,45.91],[11.9,46.14],[11.85,46.46],[12.29,46.51],[12.44,46.69],[13.46,46.47],[13.42,46.21],[13.67,46.18],[13.26,45.77],[13.39,45.68],[13.63,45.77],[13.8,45.61],[13.5,45.5],[13.9,44.77],[14.17,44.99],[14.32,45.35],[14.48,45.31],[14.83,45.12],[14.97,44.6],[15.52,44.26],[15.28,44.31],[15.15,44.2],[15.94,43.68],[15.99,43.5],[16.43,43.55],[16.86,43.41],[17.65,42.89],[17.66,42.88]]]]}},{"type":"Feature","properties":{"NAME":"Austria","ABBREVN":"Austria","SUBJECTO":"Austria","BORDERPRECISION":3,"PARTOF":"Austria"},"geometry":{"type":"MultiPolygon","coordinates":[[[[17.66,42.74],[17.33,42.78],[17.73,42.7],[17.66,42.74]]],[[[17.18,42.92],[16.69,42.99],[17.13,42.91],[17.18,42.92]]],[[[17.66,42.88],[17.01,43.01],[17.88,42.77],[18.52,42.4],[18.4,42.61],[17.65,42.89],[17.66,42.88]]],[[[17.12,43.14],[16.38,43.2],[17.11,43.12],[17.12,43.14]]],[[[16.89,43.3],[16.43,43.39],[16.52,43.28],[16.85,43.27],[16.89,43.3]]],[[[16.31,44.15],[16.14,44.1],[15.45,44.38],[15.29,44.36],[15.52,44.26],[15.12,44.27],[15.46,43.92],[15.94,43.68],[15.99,43.5],[16.43,43.55],[16.86,43.41],[17.58,42.94],[17.64,43.07],[17.3,43.28],[17.27,43.45],[16.32,44.12],[16.31,44.15]]],[[[16.95,48.62],[16.66,48.79],[16.08,48.75],[15.03,49.02],[14.96,48.79],[14.82,48.79],[14.7,48.58],[14.18,48.6],[13.83,48.77],[13.73,48.52],[13.44,48.56],[13.36,48.34],[12.76,48.12],[13.01,47.85],[12.91,47.73],[13.1,47.65],[13.02,47.47],[12.74,47.68],[11.77,47.6],[11.1,47.4],[10.48,47.59],[10.47,47.44],[10.17,47.27],[10.23,47.37],[9.94,47.55],[9.56,47.5],[9.67,47.39],[9.54,47.28],[9.6,47.06],[10.11,46.85],[10.39,47],[10.49,46.94],[10.45,46.54],[10.59,46.42],[10.47,45.88],[10.6,45.73],[10.75,45.84],[10.83,45.71],[11.14,45.68],[11.27,45.91],[11.9,46.14],[11.85,46.46],[12.29,46.51],[12.44,46.69],[13.46,46.47],[13.42,46.21],[13.67,46.18],[13.26,45.77],[13.39,45.68],[13.63,45.77],[13.8,45.61],[13.5,45.5],[13.9,44.77],[14.17,44.99],[14.28,45.31],[14.45,45.32],[14.57,45.66],[14.83,45.47],[15.28,45.46],[15.33,45.77],[15.7,45.84],[15.66,46.22],[16.27,46.42],[15.99,46.83],[16.5,47.01],[16.45,47.41],[16.71,47.54],[16.45,47.7],[17.07,47.73],[17.17,48.02],[16.84,48.36],[16.94,48.57],[16.95,48.62]]],[[[24.11,50.6],[23.64,50.38],[22.47,50.3],[22.36,50.56],[21.86,50.78],[21.66,50.54],[21.25,50.36],[20.24,50.07],[19.19,50.24],[19.12,49.96],[18.58,49.91],[18.97,49.4],[19.48,49.6],[19.78,49.41],[19.78,49.2],[20.07,49.18],[20.36,49.39],[20.91,49.3],[21.28,49.46],[21.84,49.38],[23.19,48.78],[23.75,48.67],[23.9,48.48],[24.08,48.55],[24.13,48.41],[24.39,48.35],[24.58,48.08],[24.51,47.96],[24.67,47.9],[25.33,48.33],[25.57,48.67],[26.37,48.51],[26.17,48.95],[26.24,49.73],[25.61,49.76],[25.12,50.32],[24.68,50.36],[24.15,50.62],[24.11,50.6]]]]}},{"type":"Feature","properties":{"NAME":"Hungary","ABBREVN":"Hungary","SUBJECTO":"Hungary","BORDERPRECISION":3,"PARTOF":"Hungary"},"geometry":{"type":"MultiPolygon","coordinates":[[[[15.01,44.49],[14.74,44.68],[15.1,44.33],[15.01,44.49]]],[[[14.39,44.69],[14.53,44.49],[14.39,44.66],[14.39,44.69]]],[[[14.39,44.69],[14.53,44.63],[14.36,45.16],[14.27,45.12],[14.39,44.96],[14.33,44.85],[14.39,44.69]]],[[[14.66,45.12],[14.55,45.24],[14.44,45.07],[14.73,44.94],[14.81,45],[14.7,45.07],[14.66,45.12]]],[[[14.45,45.32],[14.83,45.12],[14.89,44.7],[15.27,44.37],[16.14,44.1],[16.31,44.15],[17.27,43.45],[17.3,43.28],[17.64,43.07],[17.58,42.94],[18.46,42.57],[18.57,42.64],[18.48,42.97],[18.65,43.04],[18.7,43.26],[18.88,43.36],[19.08,43.26],[18.95,43.51],[19.49,43.59],[19.49,43.76],[19.24,44.01],[19.53,43.96],[19.62,44.05],[19.1,44.36],[19.34,44.9],[19.59,44.92],[19.95,44.71],[20.46,44.94],[21.37,44.86],[22.18,44.48],[22.52,44.76],[22.52,45.2],[22.78,45.32],[23.51,45.34],[23.57,45.51],[23.78,45.43],[24.2,45.56],[25.07,45.56],[25.31,45.37],[25.64,45.51],[26.08,45.43],[26.43,45.66],[26.46,45.89],[26.31,46.37],[26.12,46.47],[26.12,46.85],[25.35,47.23],[25.69,47.4],[25.92,47.31],[26.51,47.49],[26.14,47.82],[26.26,47.93],[26.1,48.17],[26.32,48.2],[26.17,48.53],[25.57,48.67],[25.33,48.33],[24.67,47.9],[24.25,47.9],[23.17,48.11],[22.9,47.95],[22.21,48.42],[21.78,48.34],[21.44,48.58],[20.82,48.58],[20.54,48.54],[20.32,48.27],[19.91,48.13],[19.63,48.23],[19.47,48.09],[18.85,48.05],[18.76,47.91],[18.85,47.82],[18.66,47.76],[17.79,47.75],[17.25,48.03],[17.11,47.97],[17.05,47.71],[16.56,47.76],[16.43,47.67],[16.71,47.52],[16.45,47.41],[16.5,47.01],[15.99,46.83],[16.27,46.42],[15.66,46.22],[15.7,45.84],[15.33,45.77],[15.28,45.46],[14.83,45.47],[14.57,45.66],[14.46,45.42],[14.45,45.32]]]]}},{"type":"Feature","properties":{"NAME":"Hungary","ABBREVN":"Hungary","SUBJECTO":"Hungary","BORDERPRECISION":3,"PARTOF":"Hungary"},"geometry":{"type":"Polygon","coordinates":[[[26.17,48.53],[25.57,48.67],[25.33,48.33],[24.67,47.9],[23.17,48.11],[22.9,47.95],[22.27,48.4],[21.78,48.34],[21.44,48.58],[20.54,48.54],[20.32,48.27],[19.91,48.13],[19.63,48.23],[19.47,48.09],[18.85,48.05],[18.76,47.91],[18.85,47.82],[18.66,47.76],[17.79,47.75],[17.17,48.02],[17.05,47.71],[16.45,47.7],[16.71,47.54],[16.45,47.41],[16.5,47.01],[15.99,46.83],[16.27,46.42],[15.61,46.17],[15.7,45.84],[15.33,45.77],[15.28,45.46],[14.83,45.47],[14.57,45.66],[14.46,45.42],[14.45,45.32],[14.83,45.12],[14.99,44.58],[15.29,44.36],[16.14,44.1],[16.31,44.15],[16.15,44.2],[16.12,44.51],[15.74,44.81],[15.79,45.17],[15.93,45.23],[16.29,45],[16.53,45.23],[16.91,45.27],[17.86,45.05],[18.26,45.14],[18.63,45.08],[18.85,44.86],[19.49,44.94],[19.95,44.71],[20.46,44.94],[21.29,44.87],[22.18,44.48],[22.52,44.76],[22.52,45.2],[22.78,45.32],[23.51,45.34],[23.57,45.51],[23.78,45.43],[24.2,45.56],[25.07,45.56],[25.31,45.37],[25.64,45.51],[26.08,45.43],[26.43,45.66],[26.47,46.08],[26.12,46.47],[26.12,46.85],[25.35,47.23],[25.69,47.4],[25.92,47.31],[26.51,47.49],[26.15,47.79],[26.26,47.93],[26.1,48.17],[26.32,48.2],[26.15,48.45],[26.17,48.53]]]}},{"type":"Feature","properties":{"NAME":"Czechoslovakia","ABBREVN":"Czechoslovakia","SUBJECTO":"Czechoslovakia","BORDERPRECISION":3,"PARTOF":"Czechoslovakia"},"geometry":{"type":"Polygon","coordinates":[[[14.83,50.86],[14.31,51.05],[14.31,50.88],[12.99,50.42],[12.52,50.39],[12.32,50.21],[12.1,50.32],[12.21,50.11],[12.55,49.91],[12.46,49.7],[12.67,49.42],[14.28,48.58],[14.7,48.58],[14.82,48.79],[14.96,48.79],[15.03,49.02],[16.08,48.75],[16.89,48.73],[16.84,48.36],[17.12,48.04],[17.71,47.77],[18.3,47.74],[18.85,47.82],[18.76,47.91],[18.85,48.05],[19.47,48.09],[19.63,48.23],[20.06,48.18],[20.71,48.57],[21.44,48.58],[21.78,48.34],[22.21,48.42],[22.9,47.95],[23.15,48.11],[24.13,47.91],[24.51,47.96],[24.58,48.08],[24.39,48.35],[21.61,49.44],[21.07,49.42],[20.96,49.3],[20.36,49.39],[20.07,49.18],[19.78,49.2],[19.78,49.41],[19.48,49.6],[18.97,49.4],[18.58,49.91],[18.05,50.06],[17.88,49.98],[17.66,50.11],[17.72,50.32],[17.43,50.27],[16.89,50.44],[17,50.22],[16.64,50.11],[16.22,50.41],[16.45,50.58],[16.33,50.66],[15.38,50.78],[15.18,51.01],[14.97,50.86],[14.83,50.86]]]}},{"type":"Feature","properties":{"NAME":"Italy/Sardinia","ABBREVN":"Italy/Sardinia","SUBJECTO":"Italy/Sardinia","BORDERPRECISION":3,"PARTOF":"Italy/Sardinia"},"geometry":{"type":"MultiPolygon","coordinates":[[[[15.53,38.14],[15.65,38.26],[15.55,38.3],[15.09,38.12],[13.76,37.97],[13.32,38.22],[12.92,38.02],[12.73,38.14],[12.51,38.02],[12.47,37.7],[12.66,37.56],[13.16,37.49],[13.89,37.1],[14.25,37.06],[14.55,36.78],[15.09,36.65],[15.15,36.91],[15.32,37.01],[15.09,37.49],[15.5,38.08],[15.53,38.14]]],[[[9.51,40.92],[9.63,40.99],[9.56,41.12],[9.23,41.25],[8.58,40.84],[8.19,40.91],[8.16,40.59],[8.37,40.49],[8.46,40.32],[8.4,39.9],[8.56,39.84],[8.37,39.37],[8.46,39.12],[8.35,39.07],[8.41,38.96],[8.55,39.05],[8.65,38.89],[9.01,38.99],[9.01,39.26],[9.57,39.15],[9.71,40.04],[9.62,40.25],[9.82,40.53],[9.57,40.91],[9.51,40.92]]],[[[10.44,42.85],[10.1,42.78],[10.42,42.71],[10.44,42.85]]],[[[13.18,46.57],[12.44,46.69],[12.29,46.51],[11.85,46.46],[11.9,46.14],[10.94,45.67],[10.83,45.82],[10.6,45.73],[10.48,45.84],[10.59,46.48],[10.24,46.63],[10.05,46.54],[10.17,46.26],[10.07,46.22],[9.95,46.38],[9.62,46.29],[9.29,46.5],[9,45.83],[8.82,46.1],[8.46,46.23],[8.46,46.45],[8.36,46.45],[7.86,45.92],[7.54,45.98],[6.81,45.83],[7.15,45.43],[7.13,45.26],[6.63,45.12],[6.75,44.92],[7.03,44.83],[6.85,44.54],[6.98,44.28],[7.35,44.13],[7.66,44.17],[7.53,43.78],[8.07,43.89],[8.75,44.43],[10.09,44.02],[10.53,43.05],[11.16,42.55],[11.1,42.4],[11.63,42.3],[11.83,42.03],[13.03,41.26],[13.71,41.25],[14.07,40.82],[14.45,40.75],[14.4,40.6],[14.83,40.63],[14.99,40.4],[14.94,40.23],[15.35,40],[15.66,40.03],[16.22,38.84],[15.85,38.66],[15.91,38.47],[15.63,38.23],[15.64,38],[16.06,37.92],[16.57,38.43],[16.61,38.82],[17.17,38.96],[17.15,39.4],[16.49,39.75],[16.87,40.41],[17.32,40.49],[17.2,40.41],[17.39,40.33],[17.91,40.26],[18.04,39.94],[18.35,39.79],[18.51,40.13],[17.94,40.68],[15.99,41.44],[15.89,41.59],[16.17,41.76],[16.15,41.91],[15.16,41.92],[14.72,42.1],[14.02,42.67],[13.6,43.57],[12.37,44.25],[12.26,44.78],[12.54,44.96],[12.15,45.3],[12.49,45.57],[12.58,45.54],[12.42,45.44],[13.09,45.64],[13.67,46.18],[13.42,46.21],[13.46,46.47],[13.18,46.55],[13.18,46.57]],[[12.41,43.91],[12.5,43.99],[12.47,43.9],[12.41,43.91]]]]}},{"type":"Feature","properties":{"NAME":"Malta","ABBREVN":"Malta","SUBJECTO":"Malta","BORDERPRECISION":3,"PARTOF":"Malta"},"geometry":{"type":"Polygon","coordinates":[[[14.52,35.8],[14.57,35.87],[14.37,35.99],[14.42,35.82],[14.52,35.8]]]}},{"type":"Feature","properties":{"NAME":"Albania","ABBREVN":"Albania","SUBJECTO":"Albania","BORDERPRECISION":3,"PARTOF":"Albania"},"geometry":{"type":"Polygon","coordinates":[[[19.75,42.64],[19.29,42.18],[19.4,42.1],[19.37,41.85],[19.6,41.81],[19.44,41.41],[19.52,40.91],[19.31,40.65],[19.48,40.35],[19.29,40.42],[19.86,40.04],[19.99,39.69],[20.22,39.65],[20.41,39.82],[20.32,39.99],[20.67,40.1],[20.79,40.43],[21.05,40.67],[20.98,40.9],[20.74,40.91],[20.5,41.3],[20.62,41.96],[20.53,42.21],[20.09,42.55],[19.82,42.47],[19.76,42.59],[19.75,42.64]]]}},{"type":"Feature","properties":{"NAME":"Serbia","ABBREVN":"Serbia","SUBJECTO":"Serbia","BORDERPRECISION":3,"PARTOF":"Serbia"},"geometry":{"type":"Polygon","coordinates":[[[21.37,44.86],[20.46,44.94],[19.95,44.71],[19.59,44.92],[19.34,44.9],[19.1,44.36],[19.62,44.02],[19.24,44.01],[19.51,43.69],[19.48,43.57],[19.23,43.52],[20.68,42.69],[20.43,42.29],[20.62,41.96],[20.5,41.3],[20.74,40.91],[21.6,40.87],[21.98,41.13],[22.74,41.16],[22.78,41.33],[22.97,41.37],[23.01,41.77],[22.37,42.32],[22.56,42.48],[22.44,42.82],[22.74,42.89],[22.99,43.13],[22.54,43.48],[22.37,43.83],[22.69,44.22],[22.46,44.48],[22.76,44.55],[22.43,44.71],[22.14,44.48],[21.36,44.83],[21.37,44.86]]]}},{"type":"Feature","properties":{"NAME":"Montenegro","ABBREVN":"Montenegro","SUBJECTO":"Montenegro","BORDERPRECISION":3,"PARTOF":"Montenegro"},"geometry":{"type":"Polygon","coordinates":[[[20.36,42.91],[19.23,43.52],[18.95,43.51],[19.06,43.24],[18.91,43.36],[18.7,43.26],[18.65,43.04],[18.48,42.97],[18.57,42.64],[18.46,42.49],[18.68,42.46],[18.58,42.39],[19.37,41.85],[19.4,42.1],[19.29,42.18],[19.72,42.66],[19.79,42.48],[20.06,42.56],[20.43,42.29],[20.68,42.69],[20.49,42.88],[20.36,42.91]]]}},{"type":"Feature","properties":{"NAME":"Yugoslavia","ABBREVN":"Yugoslavia","SUBJECTO":"Yugoslavia","BORDERPRECISION":3,"PARTOF":"Yugoslavia"},"geometry":{"type":"Polygon","coordinates":[[[19.04,44.86],[18.26,45.14],[17.86,45.05],[16.91,45.27],[16.53,45.23],[16.29,45],[15.83,45.21],[15.74,44.81],[16.12,44.51],[16.15,44.2],[17.27,43.45],[17.3,43.28],[17.88,42.82],[18.4,42.61],[18.5,42.45],[18.68,42.46],[18.58,42.39],[18.88,42.28],[19.18,41.93],[19.37,41.85],[19.4,42.1],[19.29,42.18],[19.65,42.62],[19.75,42.64],[19.82,42.47],[20.16,42.51],[20.6,42.04],[20.46,41.52],[20.74,40.91],[21.6,40.87],[21.98,41.13],[22.74,41.16],[22.78,41.33],[22.97,41.37],[23.03,41.73],[22.82,42.03],[22.37,42.32],[22.56,42.48],[22.44,42.82],[22.74,42.89],[22.99,43.13],[22.54,43.48],[22.37,43.83],[22.69,44.22],[22.46,44.48],[22.74,44.53],[22.71,44.61],[22.43,44.71],[22.14,44.48],[21.37,44.86],[20.46,44.94],[19.95,44.71],[19.59,44.92],[19.12,44.9],[19.04,44.86]]]}},{"type":"Feature","properties":{"NAME":"Greece","ABBREVN":"Greece","SUBJECTO":"Greece","BORDERPRECISION":3,"PARTOF":"Greece"},"geometry":{"type":"MultiPolygon","coordinates":[[[[23.85,35.52],[23.74,35.69],[23.72,35.51],[23.59,35.59],[23.59,35.23],[24.39,35.19],[24.93,34.93],[26.14,35],[26.3,35.28],[25.78,35.11],[25.77,35.33],[24.33,35.35],[24.11,35.49],[24.18,35.59],[23.97,35.51],[23.85,35.52]]],[[[27.16,35.45],[27.22,35.82],[27.07,35.6],[27.14,35.4],[27.16,35.45]]],[[[27.8,35.89],[28.14,36.21],[28.21,36.45],[27.72,36.17],[27.78,35.89],[27.8,35.89]]],[[[23.11,36.24],[22.93,36.38],[22.91,36.2],[23.05,36.14],[23.11,36.24]]],[[[26.01,38.15],[26.16,38.3],[26.16,38.54],[25.83,38.54],[25.99,38.38],[25.86,38.24],[26,38.16],[26.01,38.15]]],[[[20.61,38.39],[20.54,38.47],[20.34,38.18],[20.79,38.06],[20.68,38.28],[20.61,38.39]]],[[[20.74,38.31],[20.65,38.5],[20.72,38.31],[20.74,38.31]]],[[[20.72,38.63],[20.65,38.83],[20.54,38.59],[20.64,38.58],[20.72,38.63]]],[[[26.07,39.08],[26.26,39.2],[26.14,39.04],[26.62,39.02],[26.4,39.34],[25.88,39.27],[25.83,39.18],[26.05,39.09],[26.07,39.08]]],[[[24.68,38.8],[24.48,38.98],[24.45,38.89],[24.68,38.78],[24.68,38.8]]],[[[23.75,39.08],[23.6,39.2],[23.73,39.07],[23.75,39.08]]],[[[19.93,39.79],[19.64,39.75],[19.88,39.45],[20.12,39.37],[19.85,39.65],[19.95,39.77],[19.93,39.79]]],[[[25.44,40.01],[25.05,39.99],[25.17,39.8],[25.26,39.91],[25.35,39.79],[25.39,39.95],[25.44,40.01]]],[[[25.66,40.41],[25.53,40.51],[25.44,40.48],[25.6,40.4],[25.66,40.41]]],[[[24.77,40.63],[24.65,40.8],[24.51,40.66],[24.77,40.61],[24.77,40.63]]],[[[20.89,37.81],[20.7,37.93],[20.62,37.85],[20.71,37.73],[21,37.72],[20.89,37.81]]],[[[24.78,38],[24.72,37.87],[24.95,37.69],[24.96,37.87],[24.78,38]]],[[[23.54,37.93],[23.44,37.99],[23.46,37.88],[23.54,37.93]]],[[[23.45,38.87],[23.28,39.04],[22.83,38.83],[23.15,38.85],[23.6,38.57],[23.64,38.42],[24.06,38.38],[24.51,37.95],[24.56,38.14],[24.26,38.22],[24.15,38.65],[23.47,38.85],[23.45,38.87]]],[[[26.35,36.51],[26.47,36.58],[26.38,36.64],[26.26,36.59],[26.31,36.51],[26.35,36.51]]],[[[24.41,36.66],[24.53,36.77],[24.33,36.66],[24.41,36.66]]],[[[26.97,36.7],[27.35,36.86],[27.06,36.84],[26.96,36.68],[26.97,36.7]]],[[[25.39,36.65],[25.31,36.79],[25.36,36.65],[25.39,36.65]]],[[[27.05,36.95],[26.89,37.07],[26.97,36.92],[27.05,36.95]]],[[[25.25,37.01],[25.28,37.13],[25.16,37.12],[25.19,36.97],[25.25,37.01]]],[[[25.49,36.93],[25.6,37.11],[25.5,37.19],[25.35,37.08],[25.46,36.92],[25.49,36.93]]],[[[24.4,37.31],[24.44,37.47],[24.37,37.31],[24.4,37.31]]],[[[26.02,37.51],[26.36,37.68],[25.98,37.51],[26.02,37.51]]],[[[25.23,37.54],[25.01,37.68],[25.2,37.53],[25.23,37.54]]],[[[24.31,37.53],[24.37,37.68],[24.28,37.53],[24.31,37.53]]],[[[27.07,37.73],[26.57,37.73],[27.06,37.71],[27.07,37.73]]],[[[20.91,39.07],[21.1,39.05],[21.14,38.93],[20.78,38.93],[20.73,38.8],[20.99,38.67],[21.16,38.3],[21.36,38.43],[21.54,38.32],[21.95,38.41],[22.37,38.33],[22.41,38.45],[23.22,38.15],[22.88,38.05],[22.98,37.98],[22.86,37.94],[21.85,38.34],[21.64,38.16],[21.38,38.21],[21.11,37.89],[21.65,37.44],[21.7,37.32],[21.57,37.16],[21.7,36.82],[21.88,36.72],[21.93,36.97],[22.12,37.03],[22.49,36.39],[22.51,36.67],[22.73,36.81],[23.2,36.44],[22.73,37.56],[23.13,37.45],[23.07,37.36],[23.18,37.29],[23.52,37.43],[23.41,37.59],[23.17,37.61],[22.99,37.88],[23.51,38.04],[24.03,37.65],[24.07,38.2],[23.32,38.64],[22.52,38.87],[23.07,39.04],[22.82,39.21],[22.94,39.36],[23.22,39.18],[23.05,39.1],[23.34,39.18],[22.57,40.06],[22.59,40.47],[22.94,40.63],[22.9,40.4],[23.29,40.24],[23.38,39.99],[23.6,39.92],[23.75,39.93],[23.37,40.14],[23.4,40.28],[23.67,40.22],[23.94,39.94],[23.99,40.11],[23.72,40.24],[23.73,40.35],[24.39,40.15],[24.18,40.35],[23.88,40.4],[23.69,40.68],[23.84,40.79],[24.15,40.74],[24.39,40.94],[24.81,40.86],[24.65,41.19],[24.76,41.37],[24.47,41.55],[22.81,41.35],[22.74,41.16],[22.21,41.17],[21.6,40.87],[20.98,40.86],[21.04,40.56],[20.79,40.43],[20.67,40.1],[20.32,39.99],[20.4,39.8],[20.22,39.65],[20.06,39.68],[20.73,38.95],[20.83,38.96],[20.82,39.11],[20.91,39.07]]]]}},{"type":"Feature","properties":{"NAME":"Cyprus","ABBREVN":"Cyprus","SUBJECTO":"Cyprus","BORDERPRECISION":3,"PARTOF":"Cyprus"},"geometry":{"type":"Polygon","coordinates":[[[33.15,34.7],[33.6,34.82],[33.68,34.97],[34.09,34.96],[33.9,35.16],[33.94,35.3],[34.59,35.69],[33.86,35.4],[33,35.37],[32.84,35.14],[32.29,35.09],[32.49,34.7],[33.13,34.7],[33.15,34.7]]]}},{"type":"Feature","properties":{"NAME":"Bulgaria","ABBREVN":"Bulgaria","SUBJECTO":"Bulgaria","BORDERPRECISION":3,"PARTOF":"Bulgaria"},"geometry":{"type":"Polygon","coordinates":[[[26.31,44.03],[25.77,43.7],[25.38,43.62],[22.97,43.82],[22.84,43.9],[23.04,44.07],[22.65,44.21],[22.37,43.83],[22.54,43.48],[22.99,43.13],[22.74,42.89],[22.44,42.82],[22.56,42.48],[22.37,42.32],[23.01,41.77],[22.93,41.34],[24.47,41.55],[24.76,41.37],[24.65,41.19],[24.81,40.86],[25.14,41.01],[26.09,40.74],[26.36,40.95],[26.33,41.23],[26.64,41.36],[26.57,41.61],[26.35,41.71],[26.38,41.82],[27.23,42.11],[27.57,41.91],[28.02,41.99],[27.68,42.42],[27.45,42.47],[27.73,42.71],[27.89,42.7],[27.89,43.04],[28.08,43.36],[26.34,43.98],[26.31,44.03]]]}},{"type":"Feature","properties":{"NAME":"Bulgaria","ABBREVN":"Bulgaria","SUBJECTO":"Bulgaria","BORDERPRECISION":3,"PARTOF":"Bulgaria"},"geometry":{"type":"Polygon","coordinates":[[[26.31,44.03],[25.53,43.64],[24.56,43.76],[24.19,43.68],[23.42,43.86],[22.89,43.84],[22.88,43.98],[23.04,44.07],[22.69,44.22],[22.37,43.83],[22.54,43.48],[23,43.2],[22.74,42.89],[22.44,42.82],[22.56,42.48],[22.37,42.32],[23.01,41.77],[22.93,41.34],[24.47,41.55],[24.76,41.37],[24.65,41.19],[24.81,40.86],[25.14,41.01],[26.09,40.74],[26.36,40.95],[26.33,41.23],[26.64,41.36],[26.57,41.61],[26.35,41.71],[26.38,41.82],[27.23,42.11],[27.57,41.91],[28.02,41.99],[27.68,42.42],[27.45,42.47],[27.73,42.71],[27.89,42.7],[27.89,43.04],[28.08,43.36],[28.48,43.39],[28.61,43.53],[28.58,43.75],[28.13,43.8],[27.92,44],[27.04,44.15],[26.39,44.04],[26.31,44.03]]]}},{"type":"Feature","properties":{"NAME":"Rumania","ABBREVN":"Rumania","SUBJECTO":"Rumania","BORDERPRECISION":3,"PARTOF":"Rumania"},"geometry":{"type":"Polygon","coordinates":[[[28.58,43.75],[28.64,44.33],[28.93,44.62],[28.76,44.52],[28.76,44.63],[28.99,44.69],[28.78,44.66],[28.95,44.83],[28.87,44.94],[29.04,45],[29.07,44.82],[29.55,44.82],[29.66,45.33],[29.22,45.43],[28.7,45.22],[28.17,45.47],[28.07,45.58],[28.17,45.67],[28.09,46.08],[28.25,46.61],[28.11,46.92],[26.82,48.25],[26.1,48.17],[26.26,47.93],[26.15,47.79],[26.49,47.46],[25.92,47.31],[25.69,47.4],[25.35,47.23],[26.12,46.85],[26.12,46.47],[26.47,46.08],[26.43,45.66],[26.08,45.43],[25.64,45.51],[25.31,45.37],[25.07,45.56],[24.2,45.56],[23.78,45.43],[23.57,45.51],[23.51,45.34],[22.78,45.32],[22.52,45.2],[22.47,44.71],[22.76,44.55],[22.46,44.48],[23.04,44.07],[22.84,43.9],[23.07,43.8],[23.42,43.86],[24.19,43.68],[24.56,43.76],[25.38,43.62],[25.77,43.7],[26.31,44.03],[26.58,43.83],[27.44,43.64],[28.03,43.36],[28.48,43.39],[28.61,43.53],[28.58,43.73],[28.58,43.75]]]}},{"type":"Feature","properties":{"NAME":"Rumania","ABBREVN":"Rumania","SUBJECTO":"Rumania","BORDERPRECISION":3,"PARTOF":"Rumania"},"geometry":{"type":"Polygon","coordinates":[[[28.58,43.75],[28.64,44.33],[28.93,44.62],[28.76,44.52],[28.76,44.63],[28.99,44.69],[28.78,44.66],[28.95,44.83],[28.87,44.94],[29.04,45],[29.07,44.82],[29.55,44.82],[29.66,45.33],[29.22,45.43],[28.7,45.22],[28.17,45.47],[28.07,45.58],[28.17,45.67],[28.09,46.08],[28.25,46.61],[28.08,46.98],[27.3,47.66],[27,48.16],[26.64,48.27],[26.1,48.17],[26.26,47.93],[26.15,47.79],[26.49,47.46],[25.92,47.31],[25.69,47.4],[25.35,47.23],[26.12,46.85],[26.12,46.47],[26.47,46.08],[26.43,45.66],[26.08,45.43],[25.64,45.51],[25.31,45.37],[25.07,45.56],[24.2,45.56],[23.78,45.43],[23.57,45.51],[23.51,45.34],[22.78,45.32],[22.52,45.2],[22.47,44.71],[22.76,44.55],[22.46,44.46],[23.04,44.07],[22.84,43.9],[23.07,43.8],[23.42,43.86],[24.19,43.68],[24.56,43.76],[25.38,43.62],[25.77,43.7],[26.14,43.98],[27.04,44.15],[27.92,44],[28.04,43.84],[28.49,43.74],[28.58,43.75]]]}},{"type":"Feature","properties":{"NAME":"Rumania","ABBREVN":"Rumania","SUBJECTO":"Rumania","BORDERPRECISION":3,"PARTOF":"Rumania"},"geometry":{"type":"Polygon","coordinates":[[[28.58,43.75],[28.64,44.33],[28.93,44.62],[28.76,44.52],[28.76,44.63],[28.99,44.69],[28.78,44.66],[28.95,44.83],[28.87,44.94],[29.04,45],[29.07,44.82],[29.55,44.82],[29.66,45.33],[29.22,45.43],[28.7,45.22],[28.17,45.47],[28.07,45.58],[28.17,45.67],[28.09,46.08],[28.25,46.61],[28.08,46.98],[27.3,47.66],[27,48.16],[26.64,48.27],[26.1,48.17],[26.26,47.93],[26.15,47.79],[26.49,47.46],[25.92,47.31],[25.69,47.4],[25.35,47.23],[26.12,46.85],[26.12,46.47],[26.47,46.08],[26.43,45.66],[26.08,45.43],[25.64,45.51],[25.31,45.37],[25.07,45.56],[24.2,45.56],[23.78,45.43],[23.57,45.51],[23.51,45.34],[22.78,45.32],[22.52,45.2],[22.47,44.71],[22.76,44.55],[22.46,44.46],[23.04,44.07],[22.84,43.9],[23.07,43.8],[23.42,43.86],[24.19,43.68],[24.56,43.76],[25.38,43.62],[25.77,43.7],[26.14,43.98],[27.04,44.15],[27.92,44],[28.04,43.84],[28.49,43.74],[28.58,43.75]]]}},{"type":"Feature","properties":{"NAME":"Soviet Union","ABBREVN":"Soviet Union","SUBJECTO":"Soviet Union","BORDERPRECISION":3,"PARTOF":"Soviet Union"},"geometry":{"type":"MultiPolygon","coordinates":[[[[21.05,55.33],[21.09,55.71],[20.98,55.28],[21.05,55.33]]],[[[137.18,55.11],[136.69,54.94],[137.08,54.94],[137.18,55.11]]],[[[23.33,58.45],[22.91,58.62],[21.84,58.51],[22.01,58.36],[21.84,58.29],[22.19,58.15],[22.02,57.91],[22.37,58.22],[23.26,58.43],[23.33,58.45]]],[[[163.47,58.49],[164.11,58.8],[164.68,58.9],[164.56,59.24],[163.77,59.02],[163.69,58.74],[163.39,58.56],[163.46,58.47],[163.47,58.49]]],[[[23.06,58.61],[23.37,58.53],[23.14,58.67],[23.06,58.61]]],[[[22.8,59],[22.58,59.07],[22.06,58.95],[22.38,58.89],[22.52,58.69],[23.05,58.84],[22.85,59],[22.8,59]]],[[[150.59,59.02],[150.74,59.09],[150.66,59.15],[150.53,59],[150.59,59.02]]],[[[23.12,59.03],[23.38,58.97],[23.14,59.04],[23.12,59.03]]],[[[152.22,47.17],[151.71,46.84],[151.8,46.77],[152.02,46.89],[152.21,47.13],[152.22,47.17]]],[[[154.58,49.1],[154.47,49.17],[154.51,49.07],[154.58,49.1]]],[[[154.79,49.29],[154.9,49.62],[154.81,49.64],[154.6,49.37],[154.71,49.26],[154.79,49.29]]],[[[154.03,48.73],[154.22,48.88],[154.13,48.91],[154,48.72],[154.03,48.73]]],[[[168.11,54.51],[167.46,54.87],[168.08,54.5],[168.11,54.51]]],[[[137.78,54.37],[137.87,54.51],[137.72,54.36],[137.78,54.37]]],[[[156.41,50.66],[156.47,50.87],[156.16,50.71],[156.4,50.63],[156.41,50.66]]],[[[155.62,50.81],[155.64,50.92],[155.5,50.93],[155.59,50.8],[155.62,50.81]]],[[[155.79,50.19],[156.15,50.52],[156.04,50.77],[155.67,50.39],[155.25,50.3],[155.23,50.05],[155.76,50.18],[155.79,50.19]]],[[[144.05,49.9],[143.79,50.29],[143.52,51.27],[143.38,51.35],[143.45,51.5],[143.37,51.64],[143.22,51.53],[143.31,51.73],[143.12,51.96],[143.15,52.38],[143.26,52.59],[143.2,52.35],[143.32,52.53],[143.29,53.14],[142.88,53.81],[143.01,54.13],[142.69,54.42],[142.64,54.26],[142.39,54.24],[142.72,53.93],[142.61,53.69],[142.79,53.8],[142.71,53.63],[142.5,53.66],[142.51,53.55],[142.68,53.52],[142.35,53.36],[142.22,53.52],[141.77,53.37],[141.92,53.01],[141.84,52.58],[141.65,52.37],[141.65,51.89],[142.27,51.1],[142.04,50.54],[142.15,50.35],[142.13,49.89],[144.05,49.9]]],[[[137.99,54.89],[138.2,55.05],[137.63,55.2],[137.25,54.85],[137.26,54.77],[137.49,54.87],[137.71,54.62],[137.98,54.87],[137.99,54.89]]],[[[166.12,55.33],[165.84,55.26],[166.66,54.68],[166.64,54.85],[166.17,55.32],[166.12,55.33]]],[[[69.28,66.79],[69.87,66.47],[70.1,66.53],[70.09,66.68],[69.41,66.81],[69.28,66.79]]],[[[42.71,66.69],[42.5,66.79],[42.67,66.68],[42.71,66.69]]],[[[50.8,68.37],[51.45,68.48],[50.81,68.4],[50.8,68.37]]],[[[40.43,64.57],[40.34,64.76],[40.15,64.75],[40.28,64.64],[39.98,64.68],[40.4,64.58],[40.43,64.57]]],[[[35.79,64.97],[35.87,65.03],[35.78,65.19],[35.52,65.13],[35.74,64.97],[35.79,64.97]]],[[[-172.44,64.72],[-172.17,64.8],[-172.46,64.86],[-172.6,64.7],[-172.44,64.72]]],[[[-177.63,68.32],[-178.38,68.55],[-177.71,68.34],[-177.95,68.29],[-178.06,68.43],[-178.74,68.54],[-178.72,68.66],[-178.49,68.58],[-178.92,68.77],[-180,68.98],[-180,65.07],[-179.7,65.16],[-179.54,65.43],[-179.32,65.53],[-179.8,65.87],[-179.76,66.12],[-179.28,66.17],[-179.42,66.34],[-179.18,66.29],[-179.17,66.41],[-178.99,66.17],[-178.53,66.4],[-178.54,66.16],[-178.91,65.99],[-178.46,65.73],[-178.56,65.51],[-177.47,65.49],[-177.02,65.61],[-176.08,65.47],[-175.78,65.16],[-175.91,65.02],[-175.45,64.78],[-174.85,64.78],[-173.67,64.35],[-173.36,64.46],[-173.42,64.62],[-173.28,64.52],[-173.43,64.33],[-173.19,64.25],[-172.9,64.34],[-172.88,64.45],[-173.03,64.5],[-172.83,64.53],[-172.66,64.39],[-172.36,64.46],[-173.08,64.66],[-172.79,64.76],[-172.9,64.83],[-173.2,64.78],[-172.13,65.08],[-172.31,65.22],[-172.7,65.24],[-172.24,65.25],[-172.19,65.45],[-172.4,65.42],[-172.43,65.59],[-172.8,65.67],[-171.84,65.53],[-172.08,65.48],[-171.07,65.48],[-171.02,65.58],[-171.54,65.84],[-170.64,65.61],[-170.45,65.92],[-169.69,66.08],[-170.22,66.14],[-170.33,66.18],[-170.2,66.25],[-170.35,66.29],[-170.64,66.24],[-170.51,66.34],[-171.36,66.66],[-171.73,66.96],[-173.01,67.06],[-172.44,66.94],[-173.14,67],[-173.16,66.86],[-173.36,66.84],[-173.17,67.06],[-173.63,67.13],[-174.65,67.06],[-174.1,66.97],[-174,66.69],[-174.3,66.58],[-173.76,66.45],[-174.04,66.21],[-174.02,66.48],[-174.47,66.3],[-174.48,66.53],[-174.99,66.67],[-174.74,66.77],[-174.95,67.1],[-174.83,67.39],[-175.38,67.34],[-175.19,67.51],[-175.46,67.71],[-177.36,68.25],[-177.68,68.22],[-177.75,68.26],[-177.63,68.3],[-177.63,68.32]]],[[[59.24,69.18],[58.77,69.33],[59.25,69.14],[59.24,69.18]]],[[[169.45,69.81],[168.32,70.02],[167.76,69.83],[168.83,69.57],[169.18,69.57],[169.28,69.76],[169.41,69.76],[169.45,69.81]]],[[[161.78,69.56],[161.84,69.65],[161.71,69.65],[161.76,69.55],[161.78,69.56]]],[[[161.16,69.08],[161.52,68.94],[161.32,69.24],[161.37,69.54],[161.06,69.43],[161.17,69.32],[161.14,69.09],[161.16,69.08]]],[[[67.13,69.36],[67.21,69.43],[66.96,69.46],[67.11,69.36],[67.13,69.36]]],[[[67.26,69.45],[67.34,69.59],[67.14,69.57],[67.02,69.48],[67.22,69.44],[67.26,69.45]]],[[[161.53,69.42],[161.63,69.57],[161.48,69.64],[161.37,69.41],[161.49,69.41],[161.53,69.42]]],[[[50.31,69.16],[49.35,69.49],[48.94,69.51],[48.32,69.28],[48.22,68.89],[48.79,68.72],[50.33,69.12],[50.31,69.16]]],[[[66.52,68.96],[65.96,69.09],[66.53,68.94],[66.52,68.96]]],[[[83.11,70.19],[82.78,70.22],[83.11,70.14],[83.11,70.19]]],[[[59.46,70.28],[59,70.47],[58.63,70.33],[58.82,70.22],[58.43,70.27],[59.02,69.85],[59.12,69.87],[58.95,69.94],[59.39,69.89],[59.61,69.81],[59.6,69.71],[59.91,69.67],[60.55,69.8],[60.42,69.95],[59.64,70.2],[59.46,70.28]]],[[[83.56,70.52],[83.39,70.36],[83.52,70.37],[83.58,70.53],[83.56,70.52]]],[[[-178.57,71.56],[-180,71.54],[-180,71],[-179.5,70.91],[-177.49,71.17],[-177.5,71.28],[-178.43,71.54],[-178.57,71.56]]],[[[127.17,71.94],[126.9,72.02],[127.14,71.9],[127.17,71.94]]],[[[52.86,71.38],[52.21,71.3],[52.65,71.22],[53.02,70.96],[53.22,71.2],[52.78,71.31],[53.01,71.28],[52.89,71.37],[52.86,71.38]]],[[[180,71.54],[178.62,71.05],[178.79,70.8],[180,71],[180,71.54]]],[[[137.96,71.51],[137.01,71.53],[137.68,71.41],[137.92,71.49],[137.96,71.51]]],[[[161.66,70.81],[161.46,70.8],[161.69,70.75],[161.66,70.81]]],[[[160.62,70.81],[160.72,70.83],[160.51,70.93],[160.41,70.92],[160.54,70.81],[160.62,70.81]]],[[[57.2,70.51],[56.85,70.6],[57.13,70.49],[57.2,70.51]]],[[[83.47,70.49],[83.55,70.58],[83.37,70.56],[83.45,70.49],[83.47,70.49]]],[[[83.37,70.69],[83.46,70.74],[83.37,70.82],[83.21,70.81],[83.1,70.39],[83.31,70.46],[83.23,70.52],[83.33,70.68],[83.37,70.69]]],[[[82.41,70.88],[82.5,70.96],[82.38,70.99],[82.4,70.88],[82.41,70.88]]],[[[83.26,70.88],[83.06,70.98],[83.22,70.86],[83.26,70.88]]],[[[34.73,46.11],[35.34,45.29],[35.06,45.37],[34.99,45.63],[34.46,45.77],[34.64,45.94],[34.36,45.88],[34.36,46.02],[34.18,46.03],[34.14,45.94],[33.67,46.22],[34.13,46.12],[34.16,46.28],[34.54,46.18],[34.41,46.01],[34.54,45.98],[35.2,46.44],[35.35,46.35],[34.98,46.09],[35.12,46.11],[35.91,46.65],[36.76,46.75],[37.32,46.9],[37.56,47.09],[38.13,47.06],[38.6,47.24],[38.77,47.25],[38.56,47.22],[38.56,47.11],[39.27,47.25],[39.26,47.01],[38.41,46.83],[38.38,46.71],[38.58,46.66],[37.74,46.67],[37.9,46.41],[38.57,46.04],[38.22,46.14],[38.1,45.94],[38.1,46.05],[37.95,46.03],[37.85,45.78],[37.59,45.63],[37.58,45.43],[37.7,45.56],[37.73,45.3],[37.52,45.36],[37.11,45.23],[36.83,45.44],[36.67,45.33],[36.96,45.28],[36.63,45.13],[37.2,44.98],[37.48,44.67],[37.76,44.63],[37.78,44.72],[38.22,44.38],[38.75,44.27],[39.92,43.41],[41.44,42.73],[41.78,41.84],[41.5,41.48],[41.45,41.16],[41.62,41.04],[41.77,41.14],[41.97,40.45],[42.27,40.43],[42.26,40.29],[42.58,39.93],[43.33,39.98],[43.42,39.77],[44.39,39.64],[44.61,39.78],[45.43,39],[46.19,38.84],[46.54,38.88],[46.85,39.16],[47.98,39.72],[48.36,39.39],[48.12,39.28],[48.33,39.03],[48.02,38.83],[48.66,38.39],[48.87,38.45],[48.96,39.18],[49.15,39.09],[49.06,38.97],[49.16,38.99],[49.24,39.29],[49.4,39.35],[49.28,39.49],[49.49,40.16],[49.92,40.34],[50.37,40.26],[50.35,40.38],[50.08,40.56],[49.53,40.66],[49.04,41.42],[47.73,42.64],[47.69,42.87],[47.45,43.09],[47.68,43.87],[47.55,43.87],[47.41,43.5],[47.49,43.81],[47.04,44.35],[46.7,44.45],[46.72,44.6],[47.07,44.78],[47.57,45.56],[47.39,45.74],[47.65,45.56],[47.56,45.77],[47.83,45.66],[48.57,45.96],[48.76,45.85],[48.63,46.08],[49.3,46.26],[49.22,46.38],[49.37,46.39],[49.32,46.56],[49.83,46.56],[50.43,46.9],[51.16,47.11],[52.09,46.81],[52.45,47],[53.06,46.89],[53.21,46.64],[53,46.48],[53.16,46.27],[52.73,45.55],[53.23,45.34],[51.41,45.37],[50.96,44.85],[51.56,44.51],[50.31,44.65],[50.23,44.37],[50.83,44.21],[51.32,43.44],[51.27,43.15],[51.65,43.18],[51.9,42.85],[52.73,42.71],[52.41,42.09],[52.43,41.76],[52.85,41.07],[52.92,41.67],[52.82,41.7],[52.95,41.98],[53.61,42.14],[53.9,42.07],[54.07,41.48],[54.73,41.1],[54.71,40.87],[54.25,40.88],[54.42,40.71],[54.35,40.67],[53.74,40.62],[53.59,40.89],[53.46,40.73],[53.11,40.77],[52.92,41.08],[52.74,40.5],[52.74,40.05],[53.01,39.76],[52.93,39.99],[53.58,39.96],[53.41,39.67],[53.73,39.52],[53.21,39.52],[53.26,39.65],[53.12,39.43],[53.17,39.17],[53.16,39.34],[53.58,39.32],[53.64,39.12],[53.97,38.94],[53.8,37.93],[53.91,37.35],[54.67,37.44],[54.83,37.75],[55.47,38.09],[56.22,38.07],[56.44,38.26],[57.21,38.28],[57.45,37.94],[58.17,37.8],[58.41,37.64],[58.93,37.67],[59.34,37.54],[59.48,37.23],[60.02,37.04],[60.33,36.66],[61.15,36.65],[61.25,35.63],[61.6,35.44],[62.04,35.44],[62.31,35.15],[63.09,35.43],[63.12,35.86],[64.47,36.25],[64.62,36.42],[64.79,37.12],[65.56,37.26],[65.7,37.53],[65.07,37.62],[64.87,37.83],[64.06,38.2],[63.28,38.87],[62.81,39.07],[62.21,39.61],[61.93,40.07],[61.12,40.65],[58.82,40.85],[57.14,41.2],[57.11,42.12],[57.5,42.4],[57.87,42.41],[57.62,43.14],[58.22,43.01],[58.53,43.11],[58.19,43.67],[58.35,43.73],[58.56,44.14],[59.54,43.93],[59.38,43.61],[59.1,43.45],[59.2,42.92],[59.55,42.41],[60.29,42.16],[60.65,41.69],[62.01,41.03],[64.37,41.36],[65.64,40.91],[66.72,40.73],[66.65,40.36],[66.21,40.48],[65.98,40.41],[65.79,39.38],[66.56,39.43],[68.41,38.98],[69.8,39.29],[70.82,39.3],[71.27,39.54],[71.5,39.53],[72.12,39.03],[72.25,37.71],[72.63,37.44],[72.73,37.14],[73.44,37.48],[73.78,37.43],[73.62,37.26],[73.74,37.22],[74.25,37.41],[74.67,37.39],[74.92,37.24],[75.19,37.41],[74.9,37.65],[74.99,37.79],[74.79,38.2],[74.85,38.47],[74.35,38.67],[73.94,38.54],[73.71,38.86],[73.85,38.97],[73.62,39.24],[73.66,39.46],[73.95,39.6],[73.84,39.77],[74.02,40.07],[74.88,40.33],[74.86,40.52],[75.23,40.45],[75.58,40.64],[75.7,40.3],[76.33,40.35],[76.87,41.01],[78.08,41.04],[78.67,41.53],[79.79,41.89],[79.9,42.02],[80.27,42.05],[80.17,42.66],[80.26,42.82],[80.57,42.89],[80.38,43.03],[80.82,43.17],[80.37,44.11],[80.38,44.64],[80.52,44.73],[79.87,44.9],[81.68,45.35],[81.98,45.15],[82.3,45.24],[82.57,45.13],[82.65,45.44],[82.32,45.58],[83.01,46.95],[83.03,47.2],[83.93,46.97],[84.68,46.99],[84.74,46.83],[85.52,47.06],[85.7,47.26],[85.54,47.97],[85.74,48.36],[86.6,48.54],[86.78,48.72],[86.73,48.97],[86.88,49.11],[87.47,49.08],[88.09,49.23],[88.22,49.46],[89.19,49.51],[89.22,49.64],[89.37,49.58],[89.72,49.72],[89.64,49.9],[90.07,50.09],[92.32,50.81],[92.67,50.68],[92.97,50.79],[93.09,50.6],[94.24,50.58],[94.4,50.2],[94.63,50.03],[95.52,49.9],[96.07,50.01],[97.35,49.74],[98.2,50.16],[98.33,50.51],[98.05,50.64],[97.83,51],[98.06,51.46],[98.24,51.47],[98.34,51.72],[98.73,51.84],[98.93,52.14],[99.98,51.74],[100.53,51.74],[102.22,51.33],[102.31,50.59],[102.89,50.32],[103.71,50.14],[105.31,50.48],[106.24,50.3],[106.74,50.33],[107.25,50],[107.98,49.93],[107.95,49.69],[108.56,49.33],[109.2,49.36],[110.74,49.14],[111.33,49.34],[113.1,49.6],[113.21,49.82],[114.32,50.28],[114.88,50.22],[115.39,49.9],[116.25,50.03],[117.17,49.65],[117.87,49.52],[118.64,49.95],[119.32,50.1],[119.35,50.35],[119.14,50.39],[119.29,50.6],[119.51,50.75],[120.06,51.62],[120.71,51.98],[120.78,52.16],[120.63,52.34],[120.71,52.54],[120.08,52.59],[120.03,52.77],[120.87,53.28],[123.61,53.54],[124.4,53.21],[125.13,53.2],[125.62,53.05],[125.73,52.98],[125.66,52.88],[126.1,52.76],[125.99,52.58],[126.33,52.4],[126.32,52.19],[126.55,52.13],[126.44,51.99],[126.91,51.38],[126.82,51.27],[126.97,51.32],[126.93,51.06],[127.29,50.74],[127.33,50.31],[127.58,50.21],[127.52,49.81],[127.82,49.59],[128.79,49.57],[129.08,49.35],[129.49,49.42],[130.22,48.86],[130.64,48.88],[130.52,48.61],[130.83,48.29],[130.66,48.11],[130.99,47.69],[132.54,47.71],[133.08,48.1],[133.48,48.07],[133.75,48.25],[134.42,48.39],[134.72,48.27],[134.56,47.99],[134.76,47.7],[134.18,47.32],[134.22,47.1],[133.85,46.48],[133.9,46.25],[133.52,45.88],[133.47,45.62],[133.15,45.45],[133.12,45.12],[132.93,45.02],[131.87,45.35],[131.47,44.97],[130.95,44.84],[131.3,44.05],[131.19,43.54],[131.31,43.39],[131.13,42.92],[130.43,42.74],[130.61,42.62],[130.66,42.32],[130.87,42.52],[130.71,42.69],[131.22,42.56],[131.81,43.33],[132.05,43.31],[131.84,43.08],[131.95,43.06],[132.35,43.29],[132.31,42.85],[132.77,42.87],[132.8,42.76],[132.99,42.82],[133.15,42.68],[133.94,42.89],[135.13,43.5],[135.89,44.4],[136.18,44.51],[136.37,44.79],[138.1,46.22],[138.57,47.04],[139.03,47.39],[139.28,47.81],[140.18,48.45],[140.21,48.76],[140.39,48.97],[140.34,49.27],[140.55,49.56],[140.41,49.87],[140.69,50.09],[140.53,50.13],[140.46,50.7],[140.71,51.03],[140.69,51.32],[140.87,51.36],[140.8,51.46],[140.91,51.61],[141.42,51.92],[141.31,52.03],[141.51,52.21],[141.12,52.43],[141.31,52.66],[141.2,52.84],[140.71,53.12],[141.18,52.98],[141.44,53.15],[141.41,53.29],[140.58,53.63],[140.26,53.86],[140.24,54.05],[139.75,54.31],[139.34,54.18],[138.66,54.29],[138.78,54.02],[138.47,53.52],[138.24,53.56],[138.57,53.81],[138.55,53.99],[137.9,53.57],[137.31,53.53],[137.23,53.6],[137.86,53.96],[137.29,54.08],[137.74,54.31],[137.19,54.22],[137.06,54.14],[137.28,54.04],[137.18,53.84],[136.76,53.77],[136.65,53.92],[136.81,54.13],[136.81,54.65],[135.73,54.57],[135.16,54.86],[137.73,56.18],[138.65,56.99],[139.84,57.51],[140.01,57.7],[140.5,57.83],[140.68,58.23],[140.9,58.38],[141.7,58.69],[142.3,59.14],[143.21,59.38],[145.91,59.41],[145.8,59.27],[145.99,59.15],[146.31,59.18],[146.33,59.39],[146.49,59.46],[147.49,59.24],[148.25,59.42],[148.41,59.26],[148.9,59.24],[148.96,59.38],[148.72,59.37],[148.71,59.47],[149.21,59.47],[149.03,59.63],[149.48,59.77],[150.71,59.58],[150.46,59.49],[150.71,59.44],[150.94,59.47],[150.9,59.57],[151.39,59.57],[151.75,59.3],[152.28,59.22],[151.08,59.11],[151.31,58.84],[152.36,59.02],[152.88,58.92],[153.36,59.24],[154.02,59.05],[154.45,59.22],[154.74,59.13],[155.14,59.2],[155.19,59.36],[154.44,59.55],[154.5,59.43],[154.11,59.46],[154.3,59.64],[154.23,59.88],[154.47,59.92],[154.9,60.34],[155.9,60.76],[155.94,60.92],[156.35,61.16],[156.66,61.21],[156.7,61.53],[157.43,61.79],[158.02,61.73],[159.25,61.92],[159.53,61.66],[160.35,61.95],[160.38,61.78],[159.85,61.31],[159.95,61.14],[159.78,60.94],[160.39,61.03],[160.17,60.83],[160.14,60.59],[160.4,60.74],[160.8,60.74],[162.41,61.67],[162.74,61.6],[162.65,61.69],[162.84,61.72],[163.01,61.52],[163.28,61.66],[162.95,61.8],[163.14,62.05],[163.13,62.28],[163.35,62.36],[163.16,62.44],[163.23,62.53],[164.37,62.71],[165.57,62.47],[165.09,62.46],[165.33,62.32],[164.53,62.46],[164.12,62.28],[164.04,61.71],[163.75,61.45],[164.01,61.33],[163.51,61.05],[163.73,60.94],[163.64,60.88],[162.9,60.77],[161.91,60.42],[161.92,60.24],[160.86,59.62],[160.48,59.54],[159.79,59.08],[159.5,58.71],[158.23,58.02],[157.64,58],[157.43,57.79],[156.98,57.85],[156.76,57.74],[156.92,57.66],[156.98,57.42],[156.7,57.11],[155.94,56.65],[155.54,55.33],[156.1,52.85],[156.26,52.57],[156.44,52.52],[156.28,52.52],[156.45,52.14],[156.52,51.32],[156.75,51.08],[156.66,50.88],[158.28,51.94],[158.32,52.13],[158.56,52.31],[158.42,52.65],[158.55,52.62],[158.64,52.9],[158.45,52.9],[158.44,53.03],[158.61,53.05],[158.72,52.89],[159.61,53.26],[160.05,53.1],[159.8,53.52],[159.95,53.47],[159.82,53.66],[160.01,54.14],[160.73,54.53],[161.69,54.5],[162.11,54.76],[162.15,54.86],[161.81,55.14],[161.71,55.49],[162.09,56.1],[162.57,56.27],[162.39,56.39],[162.9,56.43],[162.99,56.55],[163.07,56.48],[162.65,56.19],[163.03,56.02],[163.35,56.2],[163.21,56.74],[162.92,56.7],[162.78,56.85],[162.74,57.36],[163.16,57.59],[163.28,57.74],[163.21,57.84],[162.56,57.95],[162.34,57.69],[161.94,58.07],[162.41,58.68],[163.01,58.97],[162.88,59.13],[163.19,59.05],[163.06,59.24],[163.3,59.26],[163.33,59.39],[163.18,59.57],[163.39,59.63],[163.36,59.82],[163.7,59.9],[163.64,60.05],[164.04,60.03],[164.05,59.87],[164.15,59.87],[164.32,60.09],[164.49,60.11],[164.82,59.78],[165.18,59.98],[165,60.13],[165.23,60.1],[166.35,60.49],[166.1,59.91],[166.17,59.82],[167.05,60.32],[168.11,60.57],[169.26,60.62],[169.7,60.41],[169.93,60.07],[170.24,59.91],[170.41,59.98],[170.64,60.42],[171.95,60.85],[171.95,60.95],[172.02,60.85],[172.2,60.96],[172.02,61.09],[172.45,61.04],[172.34,61.22],[172.96,61.3],[172.71,61.43],[173.16,61.4],[173.49,61.56],[173.57,61.75],[173.87,61.68],[174.08,61.84],[174.51,61.81],[174.72,61.89],[174.6,61.98],[174.77,61.92],[176.28,62.31],[176.68,62.54],[177.24,62.57],[176.93,62.66],[177,62.87],[177.19,62.7],[177.45,62.81],[177.32,62.74],[177.37,62.57],[179.1,62.29],[179.13,62.48],[179.55,62.62],[179.54,62.84],[179.24,63.01],[179.41,63.14],[178.82,63.34],[179,63.32],[178.78,63.59],[178.81,63.44],[178.68,63.38],[178.59,63.41],[178.7,63.57],[178.26,63.57],[178.76,63.64],[178.66,63.94],[178.38,63.97],[178.48,64.12],[178.35,64.3],[178.09,64.2],[177.63,64.32],[177.36,64.54],[177.49,64.76],[176.74,64.56],[176.45,64.69],[176.11,64.54],[176.42,64.7],[176.06,64.9],[175.68,64.75],[174.45,64.69],[175.69,64.78],[176.06,64.95],[176.43,64.81],[177.15,64.78],[177.3,64.83],[176.96,65.04],[176.31,65.05],[176.92,65.08],[177.44,64.92],[177.61,64.72],[178.7,64.7],[178.56,64.59],[180,65.07],[180,68.98],[179.72,69],[179.55,69.11],[179.95,69],[179.3,69.26],[178.69,69.28],[178.68,69.36],[179.04,69.34],[176.74,69.67],[176.12,69.89],[173.93,69.85],[173.44,69.95],[173.17,69.89],[173.46,69.81],[173.2,69.78],[172.64,69.97],[170.42,70.13],[170.56,70.08],[170.57,69.78],[170.12,69.61],[170.58,69.6],[171.03,69.04],[170.76,68.96],[170.7,68.8],[170.62,68.91],[170.46,68.86],[170.61,68.76],[169.59,68.78],[169.37,69.08],[168.28,69.24],[168.19,69.38],[168.26,69.53],[167.78,69.78],[166.9,69.49],[164.53,69.6],[164.01,69.77],[162.23,69.65],[161.45,69.39],[161.58,68.91],[161.14,68.56],[160.84,68.52],[161.07,68.56],[161.41,68.98],[160.97,69.11],[161,69.58],[159.73,69.83],[159.88,70.08],[159.79,70.14],[160.09,70.24],[160.04,70.41],[159.68,70.67],[159.04,70.87],[157.9,71.05],[155.81,71.09],[152.61,70.83],[151.66,70.98],[152.13,71.02],[151.46,71.34],[150.99,71.39],[150.61,71.28],[150.68,71.39],[150.02,71.21],[150.52,71.34],[150.64,71.51],[149.87,71.46],[150.1,71.59],[149.96,71.66],[148.83,71.67],[149.04,71.76],[148.84,71.8],[149.13,71.77],[149.34,71.9],[149.67,71.76],[150.07,71.88],[149.72,72.12],[149.19,72.22],[147.22,72.33],[146.08,71.79],[144.92,71.69],[144.89,71.77],[145.21,71.84],[144.97,71.97],[145.32,71.87],[145.8,71.93],[145.62,72.08],[145.74,72.21],[145.62,72.24],[145.9,72.2],[145.99,72.07],[146.34,72.12],[146,72.03],[145.99,71.85],[146.92,72.3],[144.53,72.17],[144.14,72.26],[144.54,72.23],[144.89,72.43],[146.84,72.34],[145.25,72.57],[141.99,72.72],[140.75,72.89],[140.58,72.87],[141.02,72.69],[141,72.57],[139.54,72.49],[139.09,72.23],[139.26,72.13],[140.19,72.21],[139.86,72.16],[139.65,71.95],[139.34,71.95],[139.74,71.84],[139.73,71.67],[139.93,71.48],[139.2,71.41],[138.73,71.64],[138.46,71.53],[138.49,71.61],[138.1,71.58],[137.83,71.39],[138.22,71.26],[137.78,71.25],[138.07,71.14],[137.86,71.11],[137.28,71.39],[136.01,71.63],[134.45,71.37],[133.92,71.39],[132.74,71.76],[132.72,71.94],[132.11,71.52],[131.94,71.25],[132.18,71.22],[131.84,71.2],[131.57,70.9],[131.18,70.73],[130.9,70.76],[130.78,70.97],[130.51,70.88],[129.74,71.12],[129.18,71.59],[128.84,71.6],[128.93,71.71],[129.53,71.72],[129.07,72],[129.18,71.8],[128.71,71.77],[128.26,72.11],[127.66,72.35],[126.72,72.39],[126.97,72.05],[127.33,71.89],[127.19,71.75],[127.31,71.49],[127.22,71.39],[127.13,71.85],[126.4,72.34],[126.09,72.27],[124.71,72.63],[121.87,72.97],[119.81,73.02],[120.56,72.88],[119.92,72.92],[118.39,73.24],[118.35,73.41],[118.47,73.48],[118.99,73.49],[118.66,73.57],[115.39,73.7],[113.55,73.52],[113.62,73.4],[114.03,73.34],[113.54,73.24],[113.51,72.94],[113.16,72.82],[113.37,72.68],[114.09,72.59],[113.19,72.72],[113.11,72.86],[113.48,72.96],[113.5,73.34],[113.14,73.45],[113.42,73.64],[112.89,73.97],[112.95,73.8],[112.84,73.75],[112.1,73.71],[111.32,73.84],[111.2,73.97],[111.52,74.05],[111.14,74.03],[111,73.9],[110.11,74.02],[109.53,73.82],[109.65,73.68],[110.69,73.79],[110.89,73.77],[110.85,73.67],[109.75,73.45],[109.18,73.54],[109.42,73.41],[108.24,73.3],[108.35,73.22],[106.34,73.19],[106.17,73.1],[106.28,72.96],[105.21,72.76],[105.84,73],[106.04,73.26],[106.8,73.34],[107.16,73.62],[108.19,73.67],[109.08,74.04],[109.85,74.18],[109.97,74.3],[109.58,74.31],[111.4,74.69],[111.79,74.66],[112.14,74.88],[113.4,75.19],[113.67,75.36],[113.53,75.39],[113.72,75.41],[113.68,75.5],[113.34,75.53],[113.25,75.65],[112.86,75.54],[112.87,75.71],[112.35,75.85],[113.59,75.66],[113.42,75.54],[113.51,75.53],[113.89,75.85],[113.78,75.94],[113.55,75.87],[113.47,76.14],[113.27,76.26],[112.93,76.26],[113.26,76.14],[112.59,76.04],[112.85,76.14],[112.51,76.24],[112.74,76.33],[112.27,76.45],[111.91,76.36],[112.19,76.47],[111.1,76.76],[107.92,76.73],[108,76.63],[107.63,76.5],[106.39,76.51],[106.4,76.6],[106.64,76.58],[107.5,76.92],[106.88,77.05],[105.45,76.98],[105.91,77.14],[104.12,77.09],[106.28,77.37],[105.84,77.57],[105.35,77.54],[104.3,77.73],[103.23,77.66],[100.91,76.97],[100.87,76.83],[101.23,76.75],[100.88,76.55],[102.24,76.38],[100.86,76.53],[98.84,76.51],[99.02,76.35],[99.59,76.27],[99.88,76.09],[99.87,75.9],[99.31,75.77],[99.17,75.57],[99.8,75.48],[99.79,75.37],[100.19,75.17],[99.64,75.47],[99.09,75.56],[99.22,75.76],[99.58,75.82],[99.77,76.03],[99.47,76.1],[99.58,76.15],[99.15,76.13],[99.3,76.21],[98.8,76.27],[97.58,76.06],[97.82,75.98],[97.18,75.93],[97.29,76.04],[96.44,75.87],[96.64,75.98],[96.46,76.01],[95.74,75.85],[95.57,75.89],[96.15,76.1],[94.6,76.16],[94.74,76.12],[94.61,76.06],[93.64,76.12],[93.99,76.05],[93.44,76.01],[93.34,76.07],[93.43,76.1],[93.18,76.1],[92.93,76.05],[92.91,75.9],[93.29,75.98],[93.41,75.87],[94.16,75.95],[93.89,75.89],[89.23,75.5],[88.01,75.1],[86.99,75.15],[86.92,75.07],[87.78,75.02],[87.18,74.98],[87.37,74.93],[86.76,74.7],[86.95,74.68],[86.91,74.61],[86.04,74.81],[86.11,74.74],[85.79,74.63],[86.62,74.56],[87.13,74.37],[86.74,74.3],[86.88,74.39],[86.32,74.44],[86.06,74.42],[86.29,74.31],[85.97,74.37],[85.95,74.28],[87.37,74.04],[86.98,74.03],[87.32,73.83],[87.67,73.89],[87.1,73.6],[85.86,73.48],[85.87,73.34],[86.63,73.16],[86.78,72.99],[86.66,73.12],[85.84,73.32],[85.79,73.47],[87.02,73.78],[87.05,73.87],[86.79,73.9],[85.61,73.82],[85.44,73.71],[80.52,73.57],[80.67,73.5],[80.61,73.44],[80.25,73.32],[80.57,73.22],[80.27,73.18],[80.81,72.97],[80.63,72.71],[80.82,72.62],[80.73,72.52],[81.21,72.35],[82.2,72.28],[82.31,72.19],[82.19,72.09],[83.37,71.83],[83.63,71.63],[83.15,71.24],[83.75,70.46],[83.37,70.31],[82.95,70.32],[83.18,70.15],[83.07,70.06],[82.64,70.23],[83.02,70.43],[83.11,70.89],[82.66,70.95],[82.43,70.61],[82.16,70.57],[82.35,70.2],[82.08,70.56],[82.41,70.77],[82.2,70.99],[82.36,71.09],[82.26,71.26],[82.99,71.45],[83.32,71.67],[83.24,71.73],[81.65,71.71],[80.65,72.03],[80.83,72.09],[79.48,72.37],[78.5,72.4],[77.47,72.22],[77.37,72.1],[77.99,72.11],[78.22,71.99],[78.13,71.88],[77.62,71.82],[76.92,72.05],[76.06,71.88],[76.26,71.57],[77.66,71.28],[77.98,71.37],[77.94,71.25],[78.3,71.25],[78.23,71.12],[78.5,71.11],[78.55,70.96],[79.07,71.02],[79.06,70.94],[78.03,70.95],[77.68,71.16],[76.98,71.18],[76.92,71.07],[76.84,71.19],[75.23,71.39],[75.5,71.52],[75.5,71.66],[75.22,71.84],[75.75,72.27],[75.55,72.48],[75.71,72.56],[75.38,72.68],[75.53,72.74],[75.36,72.81],[74.83,72.83],[75.1,72.45],[75.01,72.15],[73.53,71.82],[73.5,71.66],[73.02,71.42],[73.57,71.24],[73.95,70.83],[74.32,70.66],[74.31,70.51],[73.69,70.13],[73.77,70.08],[73.52,69.74],[73.88,69.46],[73.75,69.17],[73.93,69.07],[74.84,69.08],[75.45,69.25],[76,69.24],[77.68,68.89],[77.78,68.52],[77.93,68.52],[78.17,68.27],[77.58,68.16],[77.47,67.76],[79.04,67.57],[77.79,67.56],[77.08,67.78],[77.3,67.91],[77.2,67.97],[77.36,68.23],[77.16,68.29],[77.32,68.52],[76.64,68.77],[76.7,68.87],[76.56,68.98],[74.69,68.78],[74.45,68.69],[74.34,68.37],[74.73,68.15],[74.82,67.93],[74.74,67.69],[73.9,67.29],[73.85,66.98],[72.47,66.6],[72.35,66.53],[72.34,66.3],[72.01,66.22],[69.42,66.5],[69.11,66.61],[69.11,66.75],[68.97,66.81],[69.89,66.83],[70.29,66.68],[70.71,66.76],[70.29,66.62],[70.69,66.51],[71.55,66.64],[71.41,66.97],[71.77,66.95],[72.21,67.15],[72.05,67.3],[72.41,67.33],[72.59,67.62],[73.03,67.72],[73.2,67.85],[73.1,68.22],[73.64,68.44],[73.51,68.59],[72.57,68.94],[72.47,69.15],[72.64,69.44],[72.53,69.63],[72.69,69.84],[72.49,70.05],[72.61,70.18],[72.43,70.29],[72.77,70.42],[72.68,70.61],[72.84,70.87],[72.59,71.16],[71.8,71.49],[72.36,71.72],[72.34,71.86],[72.88,72.29],[72.73,72.61],[72.82,72.71],[71.58,72.91],[69.33,72.95],[68.98,72.69],[68.47,71.82],[67.97,71.54],[66.9,71.29],[66.62,71.05],[66.89,71.08],[66.62,70.89],[66.69,70.76],[67.34,70.76],[67.09,70.21],[67.33,70.1],[67.02,69.96],[66.9,70.03],[66.79,69.58],[66.95,69.53],[67.01,69.7],[68.1,69.54],[68.05,69.28],[68.45,68.98],[69.22,68.96],[68.96,68.91],[69.1,68.83],[68.44,68.22],[68.27,68.19],[68.16,68.41],[67.2,68.7],[67.05,68.86],[65.08,69.27],[64.8,69.14],[64.84,69.29],[65,69.3],[64.34,69.5],[60.87,69.86],[60.65,69.67],[60.15,69.57],[60.54,69.31],[60.6,69.13],[60.93,69.09],[60.91,68.9],[60.46,68.71],[59.78,68.67],[59.97,68.46],[59.71,68.34],[59.07,68.42],[59.06,68.62],[59.43,68.75],[58.9,68.93],[59.22,68.99],[58.86,69],[58.28,68.89],[58.39,68.73],[58.24,68.88],[57.97,68.85],[57.94,68.75],[57.14,68.54],[56.01,68.66],[55.33,68.55],[54.94,68.4],[54.78,68.16],[54.51,68.31],[54.25,68.21],[53.34,68.24],[53.21,68.26],[53.32,68.35],[53.94,68.4],[53.72,68.63],[54.01,68.86],[53.6,68.91],[54.56,69],[53.78,68.97],[52.29,68.62],[52.64,68.64],[52.49,68.59],[52.73,68.48],[52.42,68.34],[52.24,68.31],[52.14,68.38],[52.36,68.48],[52.05,68.54],[50.77,68.37],[49.23,67.87],[48.6,67.93],[49.1,67.63],[48,67.65],[47.81,67.57],[47.95,67.45],[47.68,67.19],[47.7,66.99],[46.38,66.74],[46.59,66.86],[46.03,66.82],[45.61,67.17],[44.91,67.37],[45.38,67.74],[46.67,67.8],[46.71,67.92],[46.53,68.14],[45.9,68.48],[45.51,68.55],[44.14,68.53],[43.37,68.69],[43.27,68.67],[43.33,68.61],[44.24,68.26],[44.13,67.93],[44.26,67.93],[44.09,67.88],[44.11,67.71],[43.75,67.31],[43.78,67.2],[44.14,67.17],[44.5,66.91],[44.36,66.78],[44.48,66.67],[44.08,66.2],[44.17,65.87],[43.86,66.18],[43.45,66.12],[43.52,65.98],[43.35,66.04],[43.69,66.26],[43.29,66.42],[42.14,66.51],[41.36,66.06],[40.7,65.97],[39.75,65.55],[39.75,65.34],[40.38,64.92],[40.52,64.54],[39.86,64.67],[39.55,64.56],[38.54,64.8],[38.04,64.64],[38.07,64.78],[38.4,64.85],[36.86,65.18],[36.83,64.99],[36.44,64.94],[36.56,64.74],[37.33,64.35],[37.8,64.42],[38.05,64.15],[38,63.96],[37.42,63.8],[36.28,64.01],[36.11,64.23],[35.63,64.4],[35.32,64.33],[34.79,64.55],[34.96,64.65],[34.94,64.84],[34.38,65.38],[34.67,65.45],[34.78,65.6],[34.69,65.8],[34.96,65.72],[34.85,65.9],[34.11,66.25],[33.32,66.32],[33.72,66.42],[33.63,66.48],[32.96,66.53],[33.43,66.59],[32.87,66.58],[33.32,66.64],[32.8,66.73],[32.91,66.77],[32.52,66.88],[32.54,67.01],[32.26,67.12],[31.86,67.15],[32.67,67.12],[33.25,66.79],[34.32,66.67],[34.48,66.53],[34.88,66.6],[35.56,66.38],[38.61,66.05],[40.07,66.28],[41.16,66.79],[41.39,67.12],[41.11,67.25],[41.05,67.66],[40.46,67.75],[39.75,68.17],[39.85,68.04],[39.57,68.06],[38.6,68.39],[38.43,68.34],[37.77,68.68],[35.84,69.2],[33.64,69.33],[33.44,69.1],[33.03,68.96],[33.04,69.07],[33.52,69.18],[33.24,69.27],[33.52,69.42],[32.81,69.3],[33.03,69.47],[32.22,69.42],[32.49,69.5],[32.1,69.59],[32.11,69.68],[32.9,69.58],[33.13,69.73],[31.94,69.96],[32.1,69.79],[31.71,69.82],[31.8,69.69],[31.54,69.7],[31.76,69.56],[29.36,68.08],[30.03,67.69],[30.67,66.95],[30.29,66.51],[30.45,66.4],[30.4,66.18],[30.65,65.88],[29.82,65.65],[29.75,65.35],[29.6,65.24],[29.87,65.2],[29.62,65.05],[29.65,64.9],[30.21,64.66],[29.98,64.58],[30.06,64.41],[30.58,64.22],[30.6,64.05],[30,63.74],[31.24,63.2],[32.32,62.98],[32.4,62.8],[32.79,62.6],[32.82,62.5],[32.57,62.3],[32.83,62.16],[32.72,62.03],[32.37,62.2],[32.25,62.13],[32.19,61.81],[32.3,61.39],[30.78,60.6],[30.19,60.63],[30.11,60.36],[29.89,60.31],[30.01,60.18],[29.95,60.03],[30.25,59.97],[30.16,59.86],[29.19,60.01],[28.83,59.78],[28.5,59.86],[28.37,59.66],[28.07,59.79],[28.07,59.54],[27.89,59.41],[25.71,59.66],[25.66,59.56],[25.48,59.66],[25.4,59.49],[24.77,59.56],[24.72,59.45],[24.36,59.47],[24.21,59.34],[23.51,59.23],[23.41,59.02],[23.64,58.97],[23.44,58.94],[23.48,58.81],[23.86,58.77],[23.5,58.69],[23.73,58.37],[24.1,58.24],[24.33,58.39],[24.56,58.32],[24.29,57.83],[24.4,57.25],[23.66,56.97],[23.26,57.1],[23.14,57.36],[22.64,57.59],[22.58,57.76],[21.76,57.58],[21.43,57.3],[21.4,57.03],[21.06,56.84],[21.07,56.44],[21,56.51],[20.97,56.36],[21.27,55.25],[22.06,55.03],[22.53,55.06],[22.84,54.9],[22.69,54.53],[22.77,54.29],[22.53,54.25],[22.76,53.94],[22.71,53.78],[21.86,53.47],[20.52,53.34],[20.37,53.15],[19.37,53.18],[18.9,53.04],[18.46,52.67],[18.41,52.48],[18.12,52.47],[17.66,52.11],[18.2,51.57],[18.18,51.16],[19.01,50.69],[19.16,50.24],[20.24,50.07],[21.25,50.36],[21.94,50.78],[22.36,50.56],[22.47,50.3],[22.96,50.28],[23.64,50.38],[24.15,50.62],[24.38,50.57],[24.68,50.36],[25.12,50.32],[25.61,49.76],[26.24,49.73],[26.17,48.95],[26.37,48.51],[26.15,48.45],[26.33,48.18],[26.64,48.27],[27,48.16],[27.3,47.66],[28.08,46.98],[28.25,46.43],[28.09,46.08],[28.17,45.67],[28.07,45.58],[28.38,45.3],[28.73,45.22],[29.41,45.44],[29.71,45.21],[29.64,45.82],[29.74,45.62],[29.93,45.82],[30.25,45.87],[30.83,46.55],[31.34,46.6],[31.6,46.8],[31.48,46.63],[31.91,46.65],[31.86,46.8],[31.97,46.93],[31.75,47.25],[31.98,47.01],[32.01,46.63],[32.64,46.64],[32.35,46.46],[31.55,46.55],[32.01,46.45],[31.79,46.28],[32.5,46.08],[33.19,46.16],[33.47,46.05],[33.61,46.14],[33.77,45.93],[32.48,45.39],[33.55,45.11],[33.55,44.62],[33.37,44.58],[33.96,44.38],[34.46,44.72],[35.08,44.79],[35.53,45.12],[35.83,44.99],[36.45,45.08],[36.43,45.27],[36.64,45.35],[36.29,45.47],[35.46,45.3],[35.05,45.65],[34.8,46.09],[34.73,46.11]]],[[[74.68,72.86],[74.76,73.09],[74.49,73.13],[74.1,73],[74.65,72.86],[74.68,72.86]]],[[[119.63,73.12],[120.21,73.04],[120.28,73.1],[120.11,73.15],[119.73,73.15],[119.63,73.12]]],[[[77.76,72.3],[78.39,72.48],[77.62,72.63],[76.86,72.32],[77.54,72.28],[77.76,72.3]]],[[[126.67,72.19],[126.63,72.36],[126.52,72.31],[126.65,72.19],[126.67,72.19]]],[[[122.96,72.86],[122.32,72.95],[122.68,72.83],[123.37,72.76],[123,72.86],[122.96,72.86]]],[[[129.23,72.83],[128.42,72.9],[128.32,72.81],[129.3,72.8],[129.23,72.83]]],[[[128.14,72.58],[127.28,72.61],[126.65,72.43],[127.5,72.44],[129.01,72.07],[129.48,72.13],[129.25,72.13],[129.56,72.22],[129.32,72.29],[129.49,72.35],[129.24,72.47],[128.57,72.49],[128.14,72.58]]],[[[128.8,72.56],[128.97,72.6],[128.73,72.67],[128.1,72.63],[128.77,72.54],[128.8,72.56]]],[[[129.34,72.7],[128.28,72.79],[127.39,72.69],[129.21,72.66],[129.34,72.7]]],[[[79.56,72.73],[79.54,72.91],[79.13,73.09],[78.6,72.8],[79.53,72.72],[79.56,72.73]]],[[[127.3,73.52],[126.85,73.53],[126.83,73.38],[126.63,73.38],[126.6,73.25],[126.77,73.08],[126.33,72.89],[126.45,72.79],[126.3,72.5],[126.49,72.4],[126.59,72.54],[129.08,73.04],[129.1,73.13],[128.78,73.07],[128.97,73.17],[128.26,73.27],[128.35,73.35],[127.98,73.47],[127.47,73.48],[127.3,73.52]]],[[[124.6,73.73],[124.34,73.8],[124.06,73.68],[123.88,73.77],[123.97,73.62],[123.37,73.66],[123.22,73.4],[123.66,73.17],[123.38,73.16],[123.18,72.92],[122.63,73.02],[122.43,72.98],[122.54,72.94],[124.72,72.68],[126.17,72.3],[126.35,72.38],[126.25,72.5],[126.38,72.77],[126.29,72.9],[126.71,73.08],[126.55,73.35],[126.16,73.38],[126.4,73.51],[125.57,73.4],[125.58,73.54],[124.7,73.7],[124.6,73.73]]],[[[55.72,73.33],[54.91,73.42],[53.33,73.22],[53.13,73.09],[53.38,73.01],[53.14,72.96],[53.37,72.88],[52.73,72.88],[52.38,72.72],[53.21,72.65],[52.76,72.64],[52.73,72.56],[53.08,72.59],[52.67,72.43],[52.75,72.34],[52.41,72.23],[52.4,72.08],[51.84,72.16],[51.57,72.07],[51.4,71.79],[51.8,71.47],[52.55,71.59],[52.92,71.41],[53.36,71.57],[53.26,71.45],[53.48,71.29],[53.94,71.46],[53.46,71.26],[54.24,71.12],[53.51,71.09],[53.74,70.95],[53.38,70.86],[53.46,70.81],[54.67,70.65],[54.48,70.73],[54.57,70.78],[55.16,70.55],[55.41,70.75],[55.88,70.58],[56.03,70.58],[55.93,70.67],[56.54,70.54],[56.65,70.58],[56.43,70.68],[56.22,70.66],[56.51,70.75],[56.64,70.63],[57.31,70.56],[56.74,70.7],[57.45,70.6],[57.63,70.73],[56.23,71.19],[55.67,71.6],[55.51,71.89],[55.22,71.93],[55.58,72.19],[55.46,72.43],[55.13,72.45],[55.54,72.47],[55.27,72.58],[55.59,72.53],[55.94,72.66],[55.44,72.78],[56.22,72.83],[56.23,72.98],[55.62,72.96],[56.34,72.99],[56.43,73.06],[55.81,73.06],[56.59,73.13],[55.74,73.33],[55.72,73.33]]],[[[147.02,75.33],[146.41,75.59],[146.07,75.22],[146.18,75.18],[148.64,74.76],[150.6,74.88],[150.95,75.14],[150.47,75.09],[149.33,75.28],[148.58,75.21],[148.45,75.28],[148.57,75.37],[148.39,75.42],[147.41,75.44],[147.11,75.33],[147.02,75.33]]],[[[87.05,74.98],[86.5,74.98],[86.59,74.9],[86.29,74.86],[86.84,74.83],[86.7,74.91],[87.14,74.94],[87.05,74.98]]],[[[82.11,75.41],[82.01,75.44],[82.14,75.52],[81.5,75.36],[81.87,75.31],[82,75.17],[82.04,75.34],[82.28,75.33],[82.13,75.41],[82.11,75.41]]],[[[135.65,75.36],[136.01,75.42],[135.96,75.51],[136.18,75.61],[135.71,75.85],[135.54,75.67],[135.51,75.36],[135.65,75.36]]],[[[152.74,76.11],[152.76,76.21],[152.49,76.19],[152.66,76.11],[152.74,76.11]]],[[[55.44,73.34],[55.93,73.3],[55.91,73.44],[56.16,73.28],[56.75,73.25],[56.76,73.36],[56.91,73.31],[57.25,73.49],[56.73,73.67],[57.33,73.55],[57.61,73.66],[57.33,73.82],[56.57,73.88],[57.4,73.84],[57.7,73.71],[57.94,73.8],[57.91,73.92],[57.26,74.08],[57.52,74.08],[57.41,74.18],[58.12,73.98],[58.22,74.01],[58.14,74.14],[58.38,74.13],[58.28,74.22],[58.58,74.17],[58.74,74.27],[58.19,74.58],[59.15,74.44],[59.12,74.54],[59.29,74.64],[59.17,74.72],[59.87,74.62],[59.51,74.79],[60.24,74.74],[60.37,74.79],[60.2,74.85],[60.68,74.93],[59.93,75],[60.43,75.01],[60.49,75.11],[60.74,75.02],[61.28,75.32],[61.51,75.22],[61.7,75.37],[63.56,75.71],[65,75.79],[68.29,76.28],[68.86,76.54],[68.93,76.78],[67.94,77.01],[66.66,76.9],[65.76,76.68],[66.02,76.54],[65.53,76.58],[64.11,76.31],[62.5,76.18],[61.09,76.28],[60.9,76.15],[61.16,76.13],[60.73,76],[60.47,76.01],[60.81,76.12],[60.27,76.11],[60.04,76.04],[60.33,75.99],[57.99,75.67],[58.18,75.58],[57.51,75.49],[57.74,75.32],[56.87,75.36],[56.73,75.3],[56.91,75.24],[56.48,75.06],[56.35,75.19],[55.93,75.19],[55.73,75.08],[55.92,75.08],[55.89,74.99],[56.68,74.95],[55.82,74.8],[56.98,74.69],[55.53,74.65],[55.53,74.56],[56.28,74.49],[55.36,74.43],[55.23,74.37],[55.74,74.29],[55.08,74.26],[55.86,74.11],[55.02,74.17],[54.59,74.01],[54.8,73.98],[53.63,73.76],[54.19,73.6],[55.17,73.71],[54.37,73.57],[54.25,73.51],[54.3,73.42],[54.04,73.38],[55.02,73.44],[55.42,73.34],[55.44,73.34]]],[[[82.25,75.87],[81.6,75.94],[82.23,75.86],[82.25,75.87]]],[[[58.83,75.9],[59.24,75.99],[58.75,75.9],[58.83,75.9]]],[[[82.97,75.97],[82.37,75.94],[83.08,75.96],[82.97,75.97]]],[[[113.44,76.37],[113.14,76.4],[113.42,76.36],[113.44,76.37]]],[[[140.9,76.06],[141.08,76.11],[140.86,76.1],[140.9,76.06]]],[[[95,76.27],[94.41,76.21],[94.86,76.18],[95,76.27]]],[[[96.37,76.3],[95.35,76.29],[95.29,76.2],[96.36,76.1],[96.35,76.26],[96.57,76.15],[96.65,76.25],[96.37,76.3]]],[[[97,76.28],[96.83,76.34],[96.76,76.17],[96.97,76.28],[97,76.28]]],[[[106.65,77.38],[106.9,77.45],[106.57,77.44],[106.5,77.39],[106.62,77.37],[106.65,77.38]]],[[[107.56,77.25],[107.67,77.33],[107.41,77.36],[107.21,77.23],[107.35,77.23],[107.56,77.25]]],[[[88.66,77.12],[88.95,77.13],[88.7,77.14],[88.66,77.12]]],[[[89.65,77.29],[89.26,77.3],[89.17,77.16],[89.67,77.28],[89.65,77.29]]],[[[112.52,76.62],[111.96,76.6],[112.45,76.45],[112.71,76.52],[112.57,76.55],[112.52,76.62]]],[[[97.55,76.58],[97.42,76.72],[97.32,76.6],[97.52,76.58],[97.55,76.58]]],[[[95.32,76.66],[94.83,76.66],[95.3,76.65],[95.32,76.66]]],[[[96.47,76.7],[95.91,76.66],[96.36,76.63],[96.47,76.7]]],[[[88.66,77.12],[88.7,77.02],[88.83,77.08],[88.67,77.11],[88.66,77.12]]],[[[96.58,77.13],[96.46,77.21],[95.25,77.01],[95.94,77.02],[95.71,76.95],[96.46,77.07],[96.58,77.13]]],[[[149.31,76.75],[148.42,76.66],[149.21,76.66],[149.31,76.75]]],[[[97.62,76.78],[97.11,76.76],[97.6,76.75],[97.62,76.78]]],[[[71.28,73.28],[71,73.29],[71.26,73.44],[70.93,73.52],[69.98,73.41],[70.06,73.23],[69.9,73.02],[71.66,73.17],[71.38,73.31],[71.28,73.28]]],[[[71.16,73.29],[71.35,73.33],[71.29,73.41],[71.15,73.29],[71.16,73.29]]],[[[76.07,73.56],[75.36,73.47],[75.89,73.46],[76.07,73.56]]],[[[76.39,73.52],[76.1,73.51],[76.73,73.43],[76.43,73.51],[76.39,73.52]]],[[[82.62,74.05],[82.73,74.1],[82.56,74.16],[82.32,74.09],[82.59,74.05],[82.62,74.05]]],[[[142.15,73.89],[141.08,73.87],[140.42,73.48],[139.71,73.44],[139.71,73.35],[140.81,73.45],[142.36,73.24],[143.51,73.23],[143.43,73.52],[142.34,73.86],[142.15,73.89]]],[[[84.42,74.04],[83.88,74.01],[84.41,73.96],[84.42,74.04]]],[[[124.54,73.85],[124.62,73.91],[124.34,73.93],[124.51,73.84],[124.54,73.85]]],[[[141.02,73.99],[141.06,74.23],[140.21,74.24],[140.07,74.09],[140.31,73.93],[140.97,73.97],[141.02,73.99]]],[[[135.65,74.2],[135.36,74.25],[135.42,74.17],[136.16,73.87],[136.26,73.99],[135.89,74.13],[135.65,74.2]]],[[[83.62,74.09],[82.83,74.1],[83.6,74.07],[83.62,74.09]]],[[[128.03,73.49],[127.39,73.52],[127.99,73.48],[128.03,73.49]]],[[[125.83,73.52],[125.8,73.64],[125.71,73.54],[125.81,73.51],[125.83,73.52]]],[[[86.69,73.59],[86.89,73.7],[86.42,73.59],[86.69,73.59]]],[[[86.91,73.64],[87.18,73.71],[87.2,73.82],[86.87,73.63],[86.91,73.64]]],[[[85.65,74.79],[85.1,74.75],[85.7,74.73],[85.65,74.79]]],[[[116.07,74.29],[115.93,74.36],[116.05,74.28],[116.07,74.29]]],[[[112.71,74.5],[112.08,74.55],[111.97,74.38],[111.46,74.32],[112.71,74.09],[113.43,74.39],[112.78,74.5],[112.71,74.5]]],[[[79.2,74.62],[79.44,74.52],[79.61,74.6],[79.19,74.63],[79.2,74.62]]],[[[84.94,74.48],[84.38,74.45],[84.92,74.47],[84.94,74.48]]],[[[86.21,74.53],[85.82,74.57],[85.66,74.47],[86.21,74.51],[86.21,74.53]]],[[[85.44,74.45],[85.65,74.53],[85.37,74.58],[85.15,74.54],[85.39,74.45],[85.44,74.45]]],[[[139.19,76.07],[138.73,76.22],[138.45,76.06],[138.34,76.15],[137.5,75.97],[137.43,75.88],[137.74,75.75],[137.17,75.78],[137.07,75.72],[137.15,75.65],[136.97,75.61],[137.21,75.64],[137.29,75.59],[137.13,75.42],[137.4,75.35],[136.86,75.35],[137.14,75.13],[137.77,74.99],[137.87,74.85],[139,74.65],[139.39,74.7],[139.57,74.85],[139.46,74.93],[139.65,74.98],[140.06,74.83],[141.98,75],[142.23,75],[142.33,74.92],[141.97,74.94],[142.44,74.81],[143.64,74.92],[143.6,75.01],[142.63,75.09],[142.21,75.33],[142.14,75.59],[142.45,75.71],[143.04,75.66],[142.51,75.46],[142.5,75.36],[142.9,75.14],[143.9,75.03],[144.35,75.04],[144.94,75.27],[144.67,75.33],[144.71,75.42],[145.38,75.52],[143.9,75.84],[142.56,75.86],[141.36,76.18],[141.61,76.02],[140.97,76.04],[140.87,75.74],[141.06,75.64],[140.65,75.62],[140.43,75.65],[140.54,75.75],[140.44,75.81],[139.29,76.06],[139.19,76.07]]]]}},{"type":"Feature","properties":{"NAME":"Soviet Union","ABBREVN":"Soviet Union","SUBJECTO":"Soviet Union","BORDERPRECISION":3,"PARTOF":"Soviet Union"},"geometry":{"type":"MultiPolygon","coordinates":[[[[23.33,58.45],[22.91,58.62],[21.84,58.51],[22.01,58.36],[21.84,58.29],[22.19,58.15],[22.02,57.91],[22.37,58.22],[23.26,58.43],[23.33,58.45]]],[[[163.47,58.49],[164.11,58.8],[164.68,58.9],[164.56,59.24],[163.77,59.02],[163.69,58.74],[163.39,58.56],[163.46,58.47],[163.47,58.49]]],[[[23.06,58.61],[23.37,58.53],[23.14,58.67],[23.06,58.61]]],[[[22.8,59],[22.58,59.07],[22.06,58.95],[22.38,58.89],[22.52,58.69],[23.05,58.84],[22.85,59],[22.8,59]]],[[[23.12,59.03],[23.38,58.97],[23.14,59.04],[23.12,59.03]]],[[[150.59,59.02],[150.74,59.09],[150.66,59.15],[150.53,59],[150.59,59.02]]],[[[35.79,64.97],[35.87,65.03],[35.78,65.19],[35.52,65.13],[35.74,64.97],[35.79,64.97]]],[[[40.43,64.57],[40.34,64.76],[40.15,64.75],[40.28,64.64],[39.98,64.68],[40.4,64.58],[40.43,64.57]]],[[[-172.44,64.72],[-172.17,64.8],[-172.46,64.86],[-172.6,64.7],[-172.44,64.72]]],[[[154.03,48.73],[154.22,48.88],[154.13,48.91],[154,48.72],[154.03,48.73]]],[[[152.22,47.17],[151.71,46.84],[151.8,46.77],[152.02,46.89],[152.21,47.13],[152.22,47.17]]],[[[154.79,49.29],[154.9,49.62],[154.81,49.64],[154.6,49.37],[154.71,49.26],[154.79,49.29]]],[[[154.58,49.1],[154.47,49.17],[154.51,49.07],[154.58,49.1]]],[[[168.11,54.51],[167.46,54.87],[168.08,54.5],[168.11,54.51]]],[[[137.18,55.11],[136.69,54.94],[137.08,54.94],[137.18,55.11]]],[[[137.99,54.89],[138.2,55.05],[137.63,55.2],[137.25,54.85],[137.26,54.77],[137.49,54.87],[137.71,54.62],[137.98,54.87],[137.99,54.89]]],[[[166.12,55.33],[165.84,55.26],[166.66,54.68],[166.64,54.85],[166.17,55.32],[166.12,55.33]]],[[[137.78,54.37],[137.87,54.51],[137.72,54.36],[137.78,54.37]]],[[[156.41,50.66],[156.47,50.87],[156.16,50.71],[156.4,50.63],[156.41,50.66]]],[[[155.62,50.81],[155.64,50.92],[155.5,50.93],[155.59,50.8],[155.62,50.81]]],[[[155.79,50.19],[156.15,50.52],[156.04,50.77],[155.67,50.39],[155.25,50.3],[155.23,50.05],[155.76,50.18],[155.79,50.19]]],[[[144.05,49.9],[143.79,50.29],[143.52,51.27],[143.38,51.35],[143.45,51.5],[143.37,51.64],[143.22,51.53],[143.31,51.73],[143.12,51.96],[143.15,52.38],[143.26,52.59],[143.2,52.35],[143.32,52.53],[143.29,53.14],[142.88,53.81],[143.01,54.13],[142.69,54.42],[142.64,54.26],[142.39,54.24],[142.72,53.93],[142.61,53.69],[142.79,53.8],[142.71,53.63],[142.5,53.66],[142.51,53.55],[142.68,53.52],[142.35,53.36],[142.22,53.52],[141.77,53.37],[141.92,53.01],[141.84,52.58],[141.65,52.37],[141.65,51.89],[142.27,51.1],[142.04,50.54],[142.15,50.35],[142.13,49.89],[144.05,49.9]]],[[[69.28,66.79],[69.87,66.47],[70.1,66.53],[70.09,66.68],[69.41,66.81],[69.28,66.79]]],[[[42.71,66.69],[42.5,66.79],[42.67,66.68],[42.71,66.69]]],[[[-177.63,68.32],[-178.38,68.55],[-177.71,68.34],[-177.95,68.29],[-178.06,68.43],[-178.74,68.54],[-178.72,68.66],[-178.49,68.58],[-178.92,68.77],[-180,68.98],[-180,65.07],[-179.7,65.16],[-179.54,65.43],[-179.32,65.53],[-179.8,65.87],[-179.76,66.12],[-179.28,66.17],[-179.42,66.34],[-179.18,66.29],[-179.17,66.41],[-178.99,66.17],[-178.53,66.4],[-178.54,66.16],[-178.91,65.99],[-178.46,65.73],[-178.56,65.51],[-177.47,65.49],[-177.02,65.61],[-176.08,65.47],[-175.78,65.16],[-175.91,65.02],[-175.45,64.78],[-174.85,64.78],[-173.67,64.35],[-173.36,64.46],[-173.42,64.62],[-173.28,64.52],[-173.43,64.33],[-173.19,64.25],[-172.9,64.34],[-172.88,64.45],[-173.03,64.5],[-172.83,64.53],[-172.66,64.39],[-172.36,64.46],[-173.08,64.66],[-172.79,64.76],[-172.9,64.83],[-173.2,64.78],[-172.13,65.08],[-172.31,65.22],[-172.7,65.24],[-172.24,65.25],[-172.19,65.45],[-172.4,65.42],[-172.43,65.59],[-172.8,65.67],[-171.84,65.53],[-172.08,65.48],[-171.07,65.48],[-171.02,65.58],[-171.54,65.84],[-170.64,65.61],[-170.45,65.92],[-169.69,66.08],[-170.22,66.14],[-170.33,66.18],[-170.2,66.25],[-170.35,66.29],[-170.64,66.24],[-170.51,66.34],[-171.36,66.66],[-171.73,66.96],[-173.01,67.06],[-172.44,66.94],[-173.14,67],[-173.16,66.86],[-173.36,66.84],[-173.17,67.06],[-173.63,67.13],[-174.65,67.06],[-174.1,66.97],[-174,66.69],[-174.3,66.58],[-173.76,66.45],[-174.04,66.21],[-174.02,66.48],[-174.47,66.3],[-174.48,66.53],[-174.99,66.67],[-174.74,66.77],[-174.95,67.1],[-174.83,67.39],[-175.38,67.34],[-175.19,67.51],[-175.46,67.71],[-177.36,68.25],[-177.68,68.22],[-177.75,68.26],[-177.63,68.3],[-177.63,68.32]]],[[[50.8,68.37],[51.45,68.48],[50.81,68.4],[50.8,68.37]]],[[[66.52,68.96],[65.96,69.09],[66.53,68.94],[66.52,68.96]]],[[[169.45,69.81],[168.32,70.02],[167.76,69.83],[168.83,69.57],[169.18,69.57],[169.28,69.76],[169.41,69.76],[169.45,69.81]]],[[[161.78,69.56],[161.84,69.65],[161.71,69.65],[161.76,69.55],[161.78,69.56]]],[[[59.46,70.28],[59,70.47],[58.63,70.33],[58.82,70.22],[58.43,70.27],[59.02,69.85],[59.12,69.87],[58.95,69.94],[59.39,69.89],[59.61,69.81],[59.6,69.71],[59.91,69.67],[60.55,69.8],[60.42,69.95],[59.64,70.2],[59.46,70.28]]],[[[83.11,70.19],[82.78,70.22],[83.11,70.14],[83.11,70.19]]],[[[83.56,70.52],[83.39,70.36],[83.52,70.37],[83.58,70.53],[83.56,70.52]]],[[[161.16,69.08],[161.52,68.94],[161.32,69.24],[161.37,69.54],[161.06,69.43],[161.17,69.32],[161.14,69.09],[161.16,69.08]]],[[[50.31,69.16],[49.35,69.49],[48.94,69.51],[48.32,69.28],[48.22,68.89],[48.79,68.72],[50.33,69.12],[50.31,69.16]]],[[[59.24,69.18],[58.77,69.33],[59.25,69.14],[59.24,69.18]]],[[[161.53,69.42],[161.63,69.57],[161.48,69.64],[161.37,69.41],[161.49,69.41],[161.53,69.42]]],[[[67.13,69.36],[67.21,69.43],[66.96,69.46],[67.11,69.36],[67.13,69.36]]],[[[67.26,69.45],[67.34,69.59],[67.14,69.57],[67.02,69.48],[67.22,69.44],[67.26,69.45]]],[[[180,71.54],[178.62,71.05],[178.79,70.8],[180,71],[180,71.54]]],[[[127.17,71.94],[126.9,72.02],[127.14,71.9],[127.17,71.94]]],[[[137.96,71.51],[137.01,71.53],[137.68,71.41],[137.92,71.49],[137.96,71.51]]],[[[126.67,72.19],[126.63,72.36],[126.52,72.31],[126.65,72.19],[126.67,72.19]]],[[[129.34,72.7],[128.28,72.79],[127.39,72.69],[129.21,72.66],[129.34,72.7]]],[[[77.76,72.3],[78.39,72.48],[77.62,72.63],[76.86,72.32],[77.54,72.28],[77.76,72.3]]],[[[128.14,72.58],[127.28,72.61],[126.65,72.43],[127.5,72.44],[129.01,72.07],[129.48,72.13],[129.25,72.13],[129.56,72.22],[129.32,72.29],[129.49,72.35],[129.24,72.47],[128.57,72.49],[128.14,72.58]]],[[[128.8,72.56],[128.97,72.6],[128.73,72.67],[128.1,72.63],[128.77,72.54],[128.8,72.56]]],[[[74.68,72.86],[74.76,73.09],[74.49,73.13],[74.1,73],[74.65,72.86],[74.68,72.86]]],[[[129.23,72.83],[128.42,72.9],[128.32,72.81],[129.3,72.8],[129.23,72.83]]],[[[79.56,72.73],[79.54,72.91],[79.13,73.09],[78.6,72.8],[79.53,72.72],[79.56,72.73]]],[[[122.96,72.86],[122.32,72.95],[122.68,72.83],[123.37,72.76],[123,72.86],[122.96,72.86]]],[[[119.63,73.12],[120.21,73.04],[120.28,73.1],[120.11,73.15],[119.73,73.15],[119.63,73.12]]],[[[83.26,70.88],[83.06,70.98],[83.22,70.86],[83.26,70.88]]],[[[161.66,70.81],[161.46,70.8],[161.69,70.75],[161.66,70.81]]],[[[160.62,70.81],[160.72,70.83],[160.51,70.93],[160.41,70.92],[160.54,70.81],[160.62,70.81]]],[[[57.2,70.51],[56.85,70.6],[57.13,70.49],[57.2,70.51]]],[[[83.47,70.49],[83.55,70.58],[83.37,70.56],[83.45,70.49],[83.47,70.49]]],[[[83.37,70.69],[83.46,70.74],[83.37,70.82],[83.21,70.81],[83.1,70.39],[83.31,70.46],[83.23,70.52],[83.33,70.68],[83.37,70.69]]],[[[-178.57,71.56],[-180,71.54],[-180,71],[-179.5,70.91],[-177.49,71.17],[-177.5,71.28],[-178.43,71.54],[-178.57,71.56]]],[[[52.86,71.38],[52.21,71.3],[52.65,71.22],[53.02,70.96],[53.22,71.2],[52.78,71.31],[53.01,71.28],[52.89,71.37],[52.86,71.38]]],[[[82.41,70.88],[82.5,70.96],[82.38,70.99],[82.4,70.88],[82.41,70.88]]],[[[34.73,46.11],[35.34,45.29],[35.06,45.37],[34.99,45.63],[34.46,45.77],[34.64,45.94],[34.36,45.88],[34.36,46.02],[34.18,46.03],[34.14,45.94],[33.67,46.22],[34.13,46.12],[34.16,46.28],[34.54,46.18],[34.41,46.01],[34.54,45.98],[35.2,46.44],[35.35,46.35],[34.98,46.09],[35.12,46.11],[35.91,46.65],[36.76,46.75],[37.32,46.9],[37.56,47.09],[38.13,47.06],[38.6,47.24],[38.77,47.25],[38.56,47.22],[38.56,47.11],[39.27,47.25],[39.26,47.01],[38.41,46.83],[38.38,46.71],[38.58,46.66],[37.74,46.67],[37.9,46.41],[38.57,46.04],[38.22,46.14],[38.1,45.94],[38.1,46.05],[37.95,46.03],[37.85,45.78],[37.59,45.63],[37.58,45.43],[37.7,45.56],[37.73,45.3],[37.52,45.36],[37.11,45.23],[36.83,45.44],[36.67,45.33],[36.96,45.28],[36.63,45.13],[37.2,44.98],[37.48,44.67],[37.76,44.63],[37.78,44.72],[38.22,44.38],[38.75,44.27],[39.92,43.41],[41.44,42.73],[41.78,41.84],[41.5,41.48],[41.45,41.16],[41.62,41.04],[41.77,41.14],[41.97,40.45],[42.27,40.43],[42.26,40.29],[42.58,39.93],[43.33,39.98],[43.42,39.77],[44.39,39.64],[44.61,39.78],[45.43,39],[46.19,38.84],[46.54,38.88],[46.85,39.16],[47.98,39.72],[48.36,39.39],[48.12,39.28],[48.33,39.03],[48.02,38.83],[48.66,38.39],[48.87,38.45],[48.96,39.18],[49.15,39.09],[49.06,38.97],[49.16,38.99],[49.24,39.29],[49.4,39.35],[49.28,39.49],[49.49,40.16],[49.92,40.34],[50.37,40.26],[50.35,40.38],[50.08,40.56],[49.53,40.66],[49.04,41.42],[47.73,42.64],[47.69,42.87],[47.45,43.09],[47.68,43.87],[47.55,43.87],[47.41,43.5],[47.49,43.81],[47.04,44.35],[46.7,44.45],[46.72,44.6],[47.07,44.78],[47.57,45.56],[47.39,45.74],[47.65,45.56],[47.56,45.77],[47.83,45.66],[48.57,45.96],[48.76,45.85],[48.63,46.08],[49.3,46.26],[49.22,46.38],[49.37,46.39],[49.32,46.56],[49.83,46.56],[50.43,46.9],[51.16,47.11],[52.09,46.81],[52.45,47],[53.06,46.89],[53.21,46.64],[53,46.48],[53.16,46.27],[52.73,45.55],[53.23,45.34],[51.41,45.37],[50.96,44.85],[51.56,44.51],[50.31,44.65],[50.23,44.37],[50.83,44.21],[51.32,43.44],[51.27,43.15],[51.65,43.18],[51.9,42.85],[52.73,42.71],[52.41,42.09],[52.43,41.76],[52.85,41.07],[52.92,41.67],[52.82,41.7],[52.95,41.98],[53.61,42.14],[53.9,42.07],[54.07,41.48],[54.73,41.1],[54.71,40.87],[54.25,40.88],[54.42,40.71],[54.35,40.67],[53.74,40.62],[53.59,40.89],[53.46,40.73],[53.11,40.77],[52.92,41.08],[52.74,40.5],[52.74,40.05],[53.01,39.76],[52.93,39.99],[53.58,39.96],[53.41,39.67],[53.73,39.52],[53.21,39.52],[53.26,39.65],[53.12,39.43],[53.17,39.17],[53.16,39.34],[53.58,39.32],[53.64,39.12],[53.97,38.94],[53.8,37.93],[53.91,37.35],[54.67,37.44],[54.83,37.75],[55.47,38.09],[56.22,38.07],[56.44,38.26],[57.21,38.28],[57.45,37.94],[58.17,37.8],[58.41,37.64],[58.93,37.67],[59.34,37.54],[59.48,37.23],[60.02,37.04],[60.33,36.66],[61.15,36.65],[61.25,35.63],[61.6,35.44],[62.04,35.44],[62.31,35.15],[63.09,35.43],[63.12,35.86],[64.47,36.25],[64.62,36.42],[64.79,37.12],[65.56,37.26],[65.7,37.53],[65.07,37.62],[64.87,37.83],[64.06,38.2],[63.28,38.87],[62.81,39.07],[62.21,39.61],[61.93,40.07],[61.12,40.65],[58.82,40.85],[57.14,41.2],[57.11,42.12],[57.5,42.4],[57.87,42.41],[57.62,43.14],[58.22,43.01],[58.53,43.11],[58.19,43.67],[58.35,43.73],[58.56,44.14],[59.54,43.93],[59.38,43.61],[59.1,43.45],[59.2,42.92],[59.55,42.41],[60.29,42.16],[60.65,41.69],[62.01,41.03],[64.37,41.36],[65.64,40.91],[66.72,40.73],[66.65,40.36],[66.21,40.48],[65.98,40.41],[65.79,39.38],[66.56,39.43],[68.41,38.98],[69.8,39.29],[70.82,39.3],[71.27,39.54],[71.5,39.53],[72.12,39.03],[72.25,37.71],[72.63,37.44],[72.73,37.14],[73.44,37.48],[73.78,37.43],[73.62,37.26],[73.74,37.22],[74.25,37.41],[74.67,37.39],[74.92,37.24],[75.19,37.41],[74.9,37.65],[74.99,37.79],[74.79,38.2],[74.85,38.47],[74.35,38.67],[73.94,38.54],[73.71,38.86],[73.85,38.97],[73.62,39.24],[73.66,39.46],[73.95,39.6],[73.84,39.77],[74.02,40.07],[74.88,40.33],[74.86,40.52],[75.23,40.45],[75.58,40.64],[75.7,40.3],[76.33,40.35],[76.87,41.01],[78.08,41.04],[78.67,41.53],[79.79,41.89],[79.9,42.02],[80.27,42.05],[80.17,42.66],[80.26,42.82],[80.57,42.89],[80.38,43.03],[80.82,43.17],[80.37,44.11],[80.38,44.64],[80.52,44.73],[79.87,44.9],[81.68,45.35],[81.98,45.15],[82.3,45.24],[82.57,45.13],[82.65,45.44],[82.32,45.58],[83.01,46.95],[83.03,47.2],[83.93,46.97],[84.68,46.99],[84.74,46.83],[85.52,47.06],[85.7,47.26],[85.54,47.97],[85.74,48.36],[86.6,48.54],[86.78,48.72],[86.73,48.97],[86.88,49.11],[87.47,49.08],[88.09,49.23],[88.22,49.46],[89.19,49.51],[89.22,49.64],[89.37,49.58],[89.72,49.72],[89.64,49.9],[90.07,50.09],[92.32,50.81],[92.67,50.68],[92.97,50.79],[93.09,50.6],[94.24,50.58],[94.4,50.2],[94.63,50.03],[95.52,49.9],[96.07,50.01],[97.35,49.74],[98.2,50.16],[98.33,50.51],[98.05,50.64],[97.83,51],[98.06,51.46],[98.24,51.47],[98.34,51.72],[98.73,51.84],[98.93,52.14],[99.98,51.74],[100.53,51.74],[102.22,51.33],[102.31,50.59],[102.89,50.32],[103.71,50.14],[105.31,50.48],[106.24,50.3],[106.74,50.33],[107.25,50],[107.98,49.93],[107.95,49.69],[108.56,49.33],[109.2,49.36],[110.74,49.14],[111.33,49.34],[113.1,49.6],[113.21,49.82],[114.32,50.28],[114.88,50.22],[115.39,49.9],[116.25,50.03],[117.17,49.65],[117.87,49.52],[118.64,49.95],[119.32,50.1],[119.35,50.35],[119.14,50.39],[119.29,50.6],[119.51,50.75],[120.06,51.62],[120.71,51.98],[120.78,52.16],[120.63,52.34],[120.71,52.54],[120.08,52.59],[120.03,52.77],[120.87,53.28],[123.61,53.54],[124.4,53.21],[125.13,53.2],[125.62,53.05],[125.73,52.98],[125.66,52.88],[126.1,52.76],[125.99,52.58],[126.33,52.4],[126.32,52.19],[126.55,52.13],[126.44,51.99],[126.91,51.38],[126.82,51.27],[126.97,51.32],[126.93,51.06],[127.29,50.74],[127.33,50.31],[127.58,50.21],[127.52,49.81],[127.82,49.59],[128.79,49.57],[129.08,49.35],[129.49,49.42],[130.22,48.86],[130.64,48.88],[130.52,48.61],[130.83,48.29],[130.66,48.11],[130.99,47.69],[132.54,47.71],[133.08,48.1],[133.48,48.07],[133.75,48.25],[134.42,48.39],[134.72,48.27],[134.56,47.99],[134.76,47.7],[134.18,47.32],[134.22,47.1],[133.85,46.48],[133.9,46.25],[133.52,45.88],[133.47,45.62],[133.15,45.45],[133.12,45.12],[132.93,45.02],[131.87,45.35],[131.47,44.97],[130.95,44.84],[131.3,44.05],[131.19,43.54],[131.31,43.39],[131.13,42.92],[130.43,42.74],[130.61,42.62],[130.66,42.32],[130.87,42.52],[130.71,42.69],[131.22,42.56],[131.81,43.33],[132.05,43.31],[131.84,43.08],[131.95,43.06],[132.35,43.29],[132.31,42.85],[132.77,42.87],[132.8,42.76],[132.99,42.82],[133.15,42.68],[133.94,42.89],[135.13,43.5],[135.89,44.4],[136.18,44.51],[136.37,44.79],[138.1,46.22],[138.57,47.04],[139.03,47.39],[139.28,47.81],[140.18,48.45],[140.21,48.76],[140.39,48.97],[140.34,49.27],[140.55,49.56],[140.41,49.87],[140.69,50.09],[140.53,50.13],[140.46,50.7],[140.71,51.03],[140.69,51.32],[140.87,51.36],[140.8,51.46],[140.91,51.61],[141.42,51.92],[141.31,52.03],[141.51,52.21],[141.12,52.43],[141.31,52.66],[141.2,52.84],[140.71,53.12],[141.18,52.98],[141.44,53.15],[141.41,53.29],[140.58,53.63],[140.26,53.86],[140.24,54.05],[139.75,54.31],[139.34,54.18],[138.66,54.29],[138.78,54.02],[138.47,53.52],[138.24,53.56],[138.57,53.81],[138.55,53.99],[137.9,53.57],[137.31,53.53],[137.23,53.6],[137.86,53.96],[137.29,54.08],[137.74,54.31],[137.19,54.22],[137.06,54.14],[137.28,54.04],[137.18,53.84],[136.76,53.77],[136.65,53.92],[136.81,54.13],[136.81,54.65],[135.73,54.57],[135.16,54.86],[137.73,56.18],[138.65,56.99],[139.84,57.51],[140.01,57.7],[140.5,57.83],[140.68,58.23],[140.9,58.38],[141.7,58.69],[142.3,59.14],[143.21,59.38],[145.91,59.41],[145.8,59.27],[145.99,59.15],[146.31,59.18],[146.33,59.39],[146.49,59.46],[147.49,59.24],[148.25,59.42],[148.41,59.26],[148.9,59.24],[148.96,59.38],[148.72,59.37],[148.71,59.47],[149.21,59.47],[149.03,59.63],[149.48,59.77],[150.71,59.58],[150.46,59.49],[150.71,59.44],[150.94,59.47],[150.9,59.57],[151.39,59.57],[151.75,59.3],[152.28,59.22],[151.08,59.11],[151.31,58.84],[152.36,59.02],[152.88,58.92],[153.36,59.24],[154.02,59.05],[154.45,59.22],[154.74,59.13],[155.14,59.2],[155.19,59.36],[154.44,59.55],[154.5,59.43],[154.11,59.46],[154.3,59.64],[154.23,59.88],[154.47,59.92],[154.9,60.34],[155.9,60.76],[155.94,60.92],[156.35,61.16],[156.66,61.21],[156.7,61.53],[157.43,61.79],[158.02,61.73],[159.25,61.92],[159.53,61.66],[160.35,61.95],[160.38,61.78],[159.85,61.31],[159.95,61.14],[159.78,60.94],[160.39,61.03],[160.17,60.83],[160.14,60.59],[160.4,60.74],[160.8,60.74],[162.41,61.67],[162.74,61.6],[162.65,61.69],[162.84,61.72],[163.01,61.52],[163.28,61.66],[162.95,61.8],[163.14,62.05],[163.13,62.28],[163.35,62.36],[163.16,62.44],[163.23,62.53],[164.37,62.71],[165.57,62.47],[165.09,62.46],[165.33,62.32],[164.53,62.46],[164.12,62.28],[164.04,61.71],[163.75,61.45],[164.01,61.33],[163.51,61.05],[163.73,60.94],[163.64,60.88],[162.9,60.77],[161.91,60.42],[161.92,60.24],[160.86,59.62],[160.48,59.54],[159.79,59.08],[159.5,58.71],[158.23,58.02],[157.64,58],[157.43,57.79],[156.98,57.85],[156.76,57.74],[156.92,57.66],[156.98,57.42],[156.7,57.11],[155.94,56.65],[155.54,55.33],[156.1,52.85],[156.26,52.57],[156.44,52.52],[156.28,52.52],[156.45,52.14],[156.52,51.32],[156.75,51.08],[156.66,50.88],[158.28,51.94],[158.32,52.13],[158.56,52.31],[158.42,52.65],[158.55,52.62],[158.64,52.9],[158.45,52.9],[158.44,53.03],[158.61,53.05],[158.72,52.89],[159.61,53.26],[160.05,53.1],[159.8,53.52],[159.95,53.47],[159.82,53.66],[160.01,54.14],[160.73,54.53],[161.69,54.5],[162.11,54.76],[162.15,54.86],[161.81,55.14],[161.71,55.49],[162.09,56.1],[162.57,56.27],[162.39,56.39],[162.9,56.43],[162.99,56.55],[163.07,56.48],[162.65,56.19],[163.03,56.02],[163.35,56.2],[163.21,56.74],[162.92,56.7],[162.78,56.85],[162.74,57.36],[163.16,57.59],[163.28,57.74],[163.21,57.84],[162.56,57.95],[162.34,57.69],[161.94,58.07],[162.41,58.68],[163.01,58.97],[162.88,59.13],[163.19,59.05],[163.06,59.24],[163.3,59.26],[163.33,59.39],[163.18,59.57],[163.39,59.63],[163.36,59.82],[163.7,59.9],[163.64,60.05],[164.04,60.03],[164.05,59.87],[164.15,59.87],[164.32,60.09],[164.49,60.11],[164.82,59.78],[165.18,59.98],[165,60.13],[165.23,60.1],[166.35,60.49],[166.1,59.91],[166.17,59.82],[167.05,60.32],[168.11,60.57],[169.26,60.62],[169.7,60.41],[169.93,60.07],[170.24,59.91],[170.41,59.98],[170.64,60.42],[171.95,60.85],[171.95,60.95],[172.02,60.85],[172.2,60.96],[172.02,61.09],[172.45,61.04],[172.34,61.22],[172.96,61.3],[172.71,61.43],[173.16,61.4],[173.49,61.56],[173.57,61.75],[173.87,61.68],[174.08,61.84],[174.51,61.81],[174.72,61.89],[174.6,61.98],[174.77,61.92],[176.28,62.31],[176.68,62.54],[177.24,62.57],[176.93,62.66],[177,62.87],[177.19,62.7],[177.45,62.81],[177.32,62.74],[177.37,62.57],[179.1,62.29],[179.13,62.48],[179.55,62.62],[179.54,62.84],[179.24,63.01],[179.41,63.14],[178.82,63.34],[179,63.32],[178.78,63.59],[178.81,63.44],[178.68,63.38],[178.59,63.41],[178.7,63.57],[178.26,63.57],[178.76,63.64],[178.66,63.94],[178.38,63.97],[178.48,64.12],[178.35,64.3],[178.09,64.2],[177.63,64.32],[177.36,64.54],[177.49,64.76],[176.74,64.56],[176.45,64.69],[176.11,64.54],[176.42,64.7],[176.06,64.9],[175.68,64.75],[174.45,64.69],[175.69,64.78],[176.06,64.95],[176.43,64.81],[177.15,64.78],[177.3,64.83],[176.96,65.04],[176.31,65.05],[176.92,65.08],[177.44,64.92],[177.61,64.72],[178.7,64.7],[178.56,64.59],[180,65.07],[180,68.98],[179.72,69],[179.55,69.11],[179.95,69],[179.3,69.26],[178.69,69.28],[178.68,69.36],[179.04,69.34],[176.74,69.67],[176.12,69.89],[173.93,69.85],[173.44,69.95],[173.17,69.89],[173.46,69.81],[173.2,69.78],[172.64,69.97],[170.42,70.13],[170.56,70.08],[170.57,69.78],[170.12,69.61],[170.58,69.6],[171.03,69.04],[170.76,68.96],[170.7,68.8],[170.62,68.91],[170.46,68.86],[170.61,68.76],[169.59,68.78],[169.37,69.08],[168.28,69.24],[168.19,69.38],[168.26,69.53],[167.78,69.78],[166.9,69.49],[164.53,69.6],[164.01,69.77],[162.23,69.65],[161.45,69.39],[161.58,68.91],[161.14,68.56],[160.84,68.52],[161.07,68.56],[161.41,68.98],[160.97,69.11],[161,69.58],[159.73,69.83],[159.88,70.08],[159.79,70.14],[160.09,70.24],[160.04,70.41],[159.68,70.67],[159.04,70.87],[157.9,71.05],[155.81,71.09],[152.61,70.83],[151.66,70.98],[152.13,71.02],[151.46,71.34],[150.99,71.39],[150.61,71.28],[150.68,71.39],[150.02,71.21],[150.52,71.34],[150.64,71.51],[149.87,71.46],[150.1,71.59],[149.96,71.66],[148.83,71.67],[149.04,71.76],[148.84,71.8],[149.13,71.77],[149.34,71.9],[149.67,71.76],[150.07,71.88],[149.72,72.12],[149.19,72.22],[147.22,72.33],[146.08,71.79],[144.92,71.69],[144.89,71.77],[145.21,71.84],[144.97,71.97],[145.32,71.87],[145.8,71.93],[145.62,72.08],[145.74,72.21],[145.62,72.24],[145.9,72.2],[145.99,72.07],[146.34,72.12],[146,72.03],[145.99,71.85],[146.92,72.3],[144.53,72.17],[144.14,72.26],[144.54,72.23],[144.89,72.43],[146.84,72.34],[145.25,72.57],[141.99,72.72],[140.75,72.89],[140.58,72.87],[141.02,72.69],[141,72.57],[139.54,72.49],[139.09,72.23],[139.26,72.13],[140.19,72.21],[139.86,72.16],[139.65,71.95],[139.34,71.95],[139.74,71.84],[139.73,71.67],[139.93,71.48],[139.2,71.41],[138.73,71.64],[138.46,71.53],[138.49,71.61],[138.1,71.58],[137.83,71.39],[138.22,71.26],[137.78,71.25],[138.07,71.14],[137.86,71.11],[137.28,71.39],[136.01,71.63],[134.45,71.37],[133.92,71.39],[132.74,71.76],[132.72,71.94],[132.11,71.52],[131.94,71.25],[132.18,71.22],[131.84,71.2],[131.57,70.9],[131.18,70.73],[130.9,70.76],[130.78,70.97],[130.51,70.88],[129.74,71.12],[129.18,71.59],[128.84,71.6],[128.93,71.71],[129.53,71.72],[129.07,72],[129.18,71.8],[128.71,71.77],[128.26,72.11],[127.66,72.35],[126.72,72.39],[126.97,72.05],[127.33,71.89],[127.19,71.75],[127.31,71.49],[127.22,71.39],[127.13,71.85],[126.4,72.34],[126.09,72.27],[124.71,72.63],[121.87,72.97],[119.81,73.02],[120.56,72.88],[119.92,72.92],[118.39,73.24],[118.35,73.41],[118.47,73.48],[118.99,73.49],[118.66,73.57],[115.39,73.7],[113.55,73.52],[113.62,73.4],[114.03,73.34],[113.54,73.24],[113.51,72.94],[113.16,72.82],[113.37,72.68],[114.09,72.59],[113.19,72.72],[113.11,72.86],[113.48,72.96],[113.5,73.34],[113.14,73.45],[113.42,73.64],[112.89,73.97],[112.95,73.8],[112.84,73.75],[112.1,73.71],[111.32,73.84],[111.2,73.97],[111.52,74.05],[111.14,74.03],[111,73.9],[110.11,74.02],[109.53,73.82],[109.65,73.68],[110.69,73.79],[110.89,73.77],[110.85,73.67],[109.75,73.45],[109.18,73.54],[109.42,73.41],[108.24,73.3],[108.35,73.22],[106.34,73.19],[106.17,73.1],[106.28,72.96],[105.21,72.76],[105.84,73],[106.04,73.26],[106.8,73.34],[107.16,73.62],[108.19,73.67],[109.08,74.04],[109.85,74.18],[109.97,74.3],[109.58,74.31],[111.4,74.69],[111.79,74.66],[112.14,74.88],[113.4,75.19],[113.67,75.36],[113.53,75.39],[113.72,75.41],[113.68,75.5],[113.34,75.53],[113.25,75.65],[112.86,75.54],[112.87,75.71],[112.35,75.85],[113.59,75.66],[113.42,75.54],[113.51,75.53],[113.89,75.85],[113.78,75.94],[113.55,75.87],[113.47,76.14],[113.27,76.26],[112.93,76.26],[113.26,76.14],[112.59,76.04],[112.85,76.14],[112.51,76.24],[112.74,76.33],[112.27,76.45],[111.91,76.36],[112.19,76.47],[111.1,76.76],[107.92,76.73],[108,76.63],[107.63,76.5],[106.39,76.51],[106.4,76.6],[106.64,76.58],[107.5,76.92],[106.88,77.05],[105.45,76.98],[105.91,77.14],[104.12,77.09],[106.28,77.37],[105.84,77.57],[105.35,77.54],[104.3,77.73],[103.23,77.66],[100.91,76.97],[100.87,76.83],[101.23,76.75],[100.88,76.55],[102.24,76.38],[100.86,76.53],[98.84,76.51],[99.02,76.35],[99.59,76.27],[99.88,76.09],[99.87,75.9],[99.31,75.77],[99.17,75.57],[99.8,75.48],[99.79,75.37],[100.19,75.17],[99.64,75.47],[99.09,75.56],[99.22,75.76],[99.58,75.82],[99.77,76.03],[99.47,76.1],[99.58,76.15],[99.15,76.13],[99.3,76.21],[98.8,76.27],[97.58,76.06],[97.82,75.98],[97.18,75.93],[97.29,76.04],[96.44,75.87],[96.64,75.98],[96.46,76.01],[95.74,75.85],[95.57,75.89],[96.15,76.1],[94.6,76.16],[94.74,76.12],[94.61,76.06],[93.64,76.12],[93.99,76.05],[93.44,76.01],[93.34,76.07],[93.43,76.1],[93.18,76.1],[92.93,76.05],[92.91,75.9],[93.29,75.98],[93.41,75.87],[94.16,75.95],[93.89,75.89],[89.23,75.5],[88.01,75.1],[86.99,75.15],[86.92,75.07],[87.78,75.02],[87.18,74.98],[87.37,74.93],[86.76,74.7],[86.95,74.68],[86.91,74.61],[86.04,74.81],[86.11,74.74],[85.79,74.63],[86.62,74.56],[87.13,74.37],[86.74,74.3],[86.88,74.39],[86.32,74.44],[86.06,74.42],[86.29,74.31],[85.97,74.37],[85.95,74.28],[87.37,74.04],[86.98,74.03],[87.32,73.83],[87.67,73.89],[87.1,73.6],[85.86,73.48],[85.87,73.34],[86.63,73.16],[86.78,72.99],[86.66,73.12],[85.84,73.32],[85.79,73.47],[87.02,73.78],[87.05,73.87],[86.79,73.9],[85.61,73.82],[85.44,73.71],[80.52,73.57],[80.67,73.5],[80.61,73.44],[80.25,73.32],[80.57,73.22],[80.27,73.18],[80.81,72.97],[80.63,72.71],[80.82,72.62],[80.73,72.52],[81.21,72.35],[82.2,72.28],[82.31,72.19],[82.19,72.09],[83.37,71.83],[83.63,71.63],[83.15,71.24],[83.75,70.46],[83.37,70.31],[82.95,70.32],[83.18,70.15],[83.07,70.06],[82.64,70.23],[83.02,70.43],[83.11,70.89],[82.66,70.95],[82.43,70.61],[82.16,70.57],[82.35,70.2],[82.08,70.56],[82.41,70.77],[82.2,70.99],[82.36,71.09],[82.26,71.26],[82.99,71.45],[83.32,71.67],[83.24,71.73],[81.65,71.71],[80.65,72.03],[80.83,72.09],[79.48,72.37],[78.5,72.4],[77.47,72.22],[77.37,72.1],[77.99,72.11],[78.22,71.99],[78.13,71.88],[77.62,71.82],[76.92,72.05],[76.06,71.88],[76.26,71.57],[77.66,71.28],[77.98,71.37],[77.94,71.25],[78.3,71.25],[78.23,71.12],[78.5,71.11],[78.55,70.96],[79.07,71.02],[79.06,70.94],[78.03,70.95],[77.68,71.16],[76.98,71.18],[76.92,71.07],[76.84,71.19],[75.23,71.39],[75.5,71.52],[75.5,71.66],[75.22,71.84],[75.75,72.27],[75.55,72.48],[75.71,72.56],[75.38,72.68],[75.53,72.74],[75.36,72.81],[74.83,72.83],[75.1,72.45],[75.01,72.15],[73.53,71.82],[73.5,71.66],[73.02,71.42],[73.57,71.24],[73.95,70.83],[74.32,70.66],[74.31,70.51],[73.69,70.13],[73.77,70.08],[73.52,69.74],[73.88,69.46],[73.75,69.17],[73.93,69.07],[74.84,69.08],[75.45,69.25],[76,69.24],[77.68,68.89],[77.78,68.52],[77.93,68.52],[78.17,68.27],[77.58,68.16],[77.47,67.76],[79.04,67.57],[77.79,67.56],[77.08,67.78],[77.3,67.91],[77.2,67.97],[77.36,68.23],[77.16,68.29],[77.32,68.52],[76.64,68.77],[76.7,68.87],[76.56,68.98],[74.69,68.78],[74.45,68.69],[74.34,68.37],[74.73,68.15],[74.82,67.93],[74.74,67.69],[73.9,67.29],[73.85,66.98],[72.47,66.6],[72.35,66.53],[72.34,66.3],[72.01,66.22],[69.42,66.5],[69.11,66.61],[69.11,66.75],[68.97,66.81],[69.89,66.83],[70.29,66.68],[70.71,66.76],[70.29,66.62],[70.69,66.51],[71.55,66.64],[71.41,66.97],[71.77,66.95],[72.21,67.15],[72.05,67.3],[72.41,67.33],[72.59,67.62],[73.03,67.72],[73.2,67.85],[73.1,68.22],[73.64,68.44],[73.51,68.59],[72.57,68.94],[72.47,69.15],[72.64,69.44],[72.53,69.63],[72.69,69.84],[72.49,70.05],[72.61,70.18],[72.43,70.29],[72.77,70.42],[72.68,70.61],[72.84,70.87],[72.59,71.16],[71.8,71.49],[72.36,71.72],[72.34,71.86],[72.88,72.29],[72.73,72.61],[72.82,72.71],[71.58,72.91],[69.33,72.95],[68.98,72.69],[68.47,71.82],[67.97,71.54],[66.9,71.29],[66.62,71.05],[66.89,71.08],[66.62,70.89],[66.69,70.76],[67.34,70.76],[67.09,70.21],[67.33,70.1],[67.02,69.96],[66.9,70.03],[66.79,69.58],[66.95,69.53],[67.01,69.7],[68.1,69.54],[68.05,69.28],[68.45,68.98],[69.22,68.96],[68.96,68.91],[69.1,68.83],[68.44,68.22],[68.27,68.19],[68.16,68.41],[67.2,68.7],[67.05,68.86],[65.08,69.27],[64.8,69.14],[64.84,69.29],[65,69.3],[64.34,69.5],[60.87,69.86],[60.65,69.67],[60.15,69.57],[60.54,69.31],[60.6,69.13],[60.93,69.09],[60.91,68.9],[60.46,68.71],[59.78,68.67],[59.97,68.46],[59.71,68.34],[59.07,68.42],[59.06,68.62],[59.43,68.75],[58.9,68.93],[59.22,68.99],[58.86,69],[58.28,68.89],[58.39,68.73],[58.24,68.88],[57.97,68.85],[57.94,68.75],[57.14,68.54],[56.01,68.66],[55.33,68.55],[54.94,68.4],[54.78,68.16],[54.51,68.31],[54.25,68.21],[53.34,68.24],[53.21,68.26],[53.32,68.35],[53.94,68.4],[53.72,68.63],[54.01,68.86],[53.6,68.91],[54.56,69],[53.78,68.97],[52.29,68.62],[52.64,68.64],[52.49,68.59],[52.73,68.48],[52.42,68.34],[52.24,68.31],[52.14,68.38],[52.36,68.48],[52.05,68.54],[50.77,68.37],[49.23,67.87],[48.6,67.93],[49.1,67.63],[48,67.65],[47.81,67.57],[47.95,67.45],[47.68,67.19],[47.7,66.99],[46.38,66.74],[46.59,66.86],[46.03,66.82],[45.61,67.17],[44.91,67.37],[45.38,67.74],[46.67,67.8],[46.71,67.92],[46.53,68.14],[45.9,68.48],[45.51,68.55],[44.14,68.53],[43.37,68.69],[43.27,68.67],[43.33,68.61],[44.24,68.26],[44.13,67.93],[44.26,67.93],[44.09,67.88],[44.11,67.71],[43.75,67.31],[43.78,67.2],[44.14,67.17],[44.5,66.91],[44.36,66.78],[44.48,66.67],[44.08,66.2],[44.17,65.87],[43.86,66.18],[43.45,66.12],[43.52,65.98],[43.35,66.04],[43.69,66.26],[43.29,66.42],[42.14,66.51],[41.36,66.06],[40.7,65.97],[39.75,65.55],[39.75,65.34],[40.38,64.92],[40.52,64.54],[39.86,64.67],[39.55,64.56],[38.54,64.8],[38.04,64.64],[38.07,64.78],[38.4,64.85],[36.86,65.18],[36.83,64.99],[36.44,64.94],[36.56,64.74],[37.33,64.35],[37.8,64.42],[38.05,64.15],[38,63.96],[37.42,63.8],[36.28,64.01],[36.11,64.23],[35.63,64.4],[35.32,64.33],[34.79,64.55],[34.96,64.65],[34.94,64.84],[34.38,65.38],[34.67,65.45],[34.78,65.6],[34.69,65.8],[34.96,65.72],[34.85,65.9],[34.11,66.25],[33.32,66.32],[33.72,66.42],[33.63,66.48],[32.96,66.53],[33.43,66.59],[32.87,66.58],[33.32,66.64],[32.8,66.73],[32.91,66.77],[32.52,66.88],[32.54,67.01],[32.26,67.12],[31.86,67.15],[32.67,67.12],[33.25,66.79],[34.32,66.67],[34.48,66.53],[34.88,66.6],[35.56,66.38],[38.61,66.05],[40.07,66.28],[41.16,66.79],[41.39,67.12],[41.11,67.25],[41.05,67.66],[40.46,67.75],[39.75,68.17],[39.85,68.04],[39.57,68.06],[38.6,68.39],[38.43,68.34],[37.77,68.68],[35.84,69.2],[33.64,69.33],[33.44,69.1],[33.03,68.96],[33.04,69.07],[33.52,69.18],[33.24,69.27],[33.52,69.42],[32.81,69.3],[33.03,69.47],[32.22,69.42],[32.49,69.5],[32.1,69.59],[32.11,69.68],[32.9,69.58],[33.13,69.73],[31.94,69.96],[32.1,69.79],[31.71,69.82],[31.8,69.69],[31.54,69.7],[31.76,69.56],[29.36,68.08],[30.03,67.69],[30.67,66.95],[30.29,66.51],[30.45,66.4],[30.4,66.18],[30.65,65.88],[29.82,65.65],[29.75,65.35],[29.6,65.24],[29.87,65.2],[29.62,65.05],[29.65,64.9],[30.21,64.66],[29.98,64.58],[30.06,64.41],[30.58,64.22],[30.6,64.05],[30,63.74],[31.24,63.2],[32.32,62.98],[32.4,62.8],[32.79,62.6],[32.82,62.5],[32.57,62.3],[32.83,62.16],[32.72,62.03],[32.37,62.2],[32.25,62.13],[32.19,61.81],[32.3,61.39],[30.78,60.6],[30.19,60.63],[30.11,60.36],[29.89,60.31],[30.01,60.18],[29.95,60.03],[30.25,59.97],[30.16,59.86],[29.19,60.01],[28.83,59.78],[28.5,59.86],[28.37,59.66],[28.07,59.79],[28.07,59.54],[27.89,59.41],[25.71,59.66],[25.66,59.56],[25.48,59.66],[25.4,59.49],[24.77,59.56],[24.72,59.45],[24.36,59.47],[24.21,59.34],[23.51,59.23],[23.41,59.02],[23.64,58.97],[23.44,58.94],[23.48,58.81],[23.86,58.77],[23.5,58.69],[23.73,58.37],[24.1,58.24],[24.33,58.39],[24.56,58.32],[24.29,57.83],[24.37,57.22],[23.85,56.98],[23.35,57.05],[23.14,57.36],[22.64,57.59],[22.58,57.76],[21.71,57.56],[21.43,57.3],[21.4,57.03],[21.05,56.82],[21.07,56.44],[21,56.51],[20.97,56.36],[21.05,56.08],[22.07,56.42],[24.17,56.26],[24.89,56.45],[25.1,56.2],[25.58,56.15],[26.51,55.68],[27.66,55.78],[27.25,55.42],[26.85,54.64],[26.62,54.46],[26.62,54.07],[26.02,53.84],[25.67,53.86],[25.24,53.55],[24.51,53.41],[23.85,53.62],[23.78,53.94],[23.51,53.95],[23.36,54.24],[22.84,54.41],[22.53,54.25],[22.76,53.94],[22.71,53.78],[21.86,53.47],[20.52,53.34],[20.37,53.15],[19.37,53.18],[18.9,53.04],[18.46,52.67],[18.41,52.48],[18.12,52.47],[17.66,52.11],[18.2,51.57],[18.18,51.16],[19.01,50.69],[19.16,50.24],[20.24,50.07],[21.25,50.36],[21.94,50.78],[22.36,50.56],[22.47,50.3],[22.96,50.28],[23.64,50.38],[24.15,50.62],[24.38,50.57],[24.68,50.36],[25.12,50.32],[25.61,49.76],[26.24,49.73],[26.17,48.95],[26.37,48.51],[26.15,48.45],[26.33,48.18],[26.64,48.27],[27,48.16],[27.3,47.66],[28.08,46.98],[28.25,46.43],[28.09,46.08],[28.17,45.67],[28.07,45.58],[28.38,45.3],[28.73,45.22],[29.41,45.44],[29.71,45.21],[29.64,45.82],[29.74,45.62],[29.93,45.82],[30.25,45.87],[30.83,46.55],[31.34,46.6],[31.6,46.8],[31.48,46.63],[31.91,46.65],[31.86,46.8],[31.97,46.93],[31.75,47.25],[31.98,47.01],[32.01,46.63],[32.64,46.64],[32.35,46.46],[31.55,46.55],[32.01,46.45],[31.79,46.28],[32.5,46.08],[33.19,46.16],[33.47,46.05],[33.61,46.14],[33.77,45.93],[32.48,45.39],[33.55,45.11],[33.55,44.62],[33.37,44.58],[33.96,44.38],[34.46,44.72],[35.08,44.79],[35.53,45.12],[35.83,44.99],[36.45,45.08],[36.43,45.27],[36.64,45.35],[36.29,45.47],[35.46,45.3],[35.05,45.65],[34.8,46.09],[34.73,46.11]]],[[[128.03,73.49],[127.39,73.52],[127.99,73.48],[128.03,73.49]]],[[[76.39,73.52],[76.1,73.51],[76.73,73.43],[76.43,73.51],[76.39,73.52]]],[[[71.28,73.28],[71,73.29],[71.26,73.44],[70.93,73.52],[69.98,73.41],[70.06,73.23],[69.9,73.02],[71.66,73.17],[71.38,73.31],[71.28,73.28]]],[[[71.16,73.29],[71.35,73.33],[71.29,73.41],[71.15,73.29],[71.16,73.29]]],[[[76.07,73.56],[75.36,73.47],[75.89,73.46],[76.07,73.56]]],[[[127.3,73.52],[126.85,73.53],[126.83,73.38],[126.63,73.38],[126.6,73.25],[126.77,73.08],[126.33,72.89],[126.45,72.79],[126.3,72.5],[126.49,72.4],[126.59,72.54],[129.08,73.04],[129.1,73.13],[128.78,73.07],[128.97,73.17],[128.26,73.27],[128.35,73.35],[127.98,73.47],[127.47,73.48],[127.3,73.52]]],[[[124.6,73.73],[124.34,73.8],[124.06,73.68],[123.88,73.77],[123.97,73.62],[123.37,73.66],[123.22,73.4],[123.66,73.17],[123.38,73.16],[123.18,72.92],[122.63,73.02],[122.43,72.98],[122.54,72.94],[124.72,72.68],[126.17,72.3],[126.35,72.38],[126.25,72.5],[126.38,72.77],[126.29,72.9],[126.71,73.08],[126.55,73.35],[126.16,73.38],[126.4,73.51],[125.57,73.4],[125.58,73.54],[124.7,73.7],[124.6,73.73]]],[[[55.72,73.33],[54.91,73.42],[53.33,73.22],[53.13,73.09],[53.38,73.01],[53.14,72.96],[53.37,72.88],[52.73,72.88],[52.38,72.72],[53.21,72.65],[52.76,72.64],[52.73,72.56],[53.08,72.59],[52.67,72.43],[52.75,72.34],[52.41,72.23],[52.4,72.08],[51.84,72.16],[51.57,72.07],[51.4,71.79],[51.8,71.47],[52.55,71.59],[52.92,71.41],[53.36,71.57],[53.26,71.45],[53.48,71.29],[53.94,71.46],[53.46,71.26],[54.24,71.12],[53.51,71.09],[53.74,70.95],[53.38,70.86],[53.46,70.81],[54.67,70.65],[54.48,70.73],[54.57,70.78],[55.16,70.55],[55.41,70.75],[55.88,70.58],[56.03,70.58],[55.93,70.67],[56.54,70.54],[56.65,70.58],[56.43,70.68],[56.22,70.66],[56.51,70.75],[56.64,70.63],[57.31,70.56],[56.74,70.7],[57.45,70.6],[57.63,70.73],[56.23,71.19],[55.67,71.6],[55.51,71.89],[55.22,71.93],[55.58,72.19],[55.46,72.43],[55.13,72.45],[55.54,72.47],[55.27,72.58],[55.59,72.53],[55.94,72.66],[55.44,72.78],[56.22,72.83],[56.23,72.98],[55.62,72.96],[56.34,72.99],[56.43,73.06],[55.81,73.06],[56.59,73.13],[55.74,73.33],[55.72,73.33]]],[[[147.02,75.33],[146.41,75.59],[146.07,75.22],[146.18,75.18],[148.64,74.76],[150.6,74.88],[150.95,75.14],[150.47,75.09],[149.33,75.28],[148.58,75.21],[148.45,75.28],[148.57,75.37],[148.39,75.42],[147.41,75.44],[147.11,75.33],[147.02,75.33]]],[[[87.05,74.98],[86.5,74.98],[86.59,74.9],[86.29,74.86],[86.84,74.83],[86.7,74.91],[87.14,74.94],[87.05,74.98]]],[[[82.11,75.41],[82.01,75.44],[82.14,75.52],[81.5,75.36],[81.87,75.31],[82,75.17],[82.04,75.34],[82.28,75.33],[82.13,75.41],[82.11,75.41]]],[[[135.65,75.36],[136.01,75.42],[135.96,75.51],[136.18,75.61],[135.71,75.85],[135.54,75.67],[135.51,75.36],[135.65,75.36]]],[[[58.83,75.9],[59.24,75.99],[58.75,75.9],[58.83,75.9]]],[[[82.25,75.87],[81.6,75.94],[82.23,75.86],[82.25,75.87]]],[[[82.97,75.97],[82.37,75.94],[83.08,75.96],[82.97,75.97]]],[[[152.74,76.11],[152.76,76.21],[152.49,76.19],[152.66,76.11],[152.74,76.11]]],[[[55.44,73.34],[55.93,73.3],[55.91,73.44],[56.16,73.28],[56.75,73.25],[56.76,73.36],[56.91,73.31],[57.25,73.49],[56.73,73.67],[57.33,73.55],[57.61,73.66],[57.33,73.82],[56.57,73.88],[57.4,73.84],[57.7,73.71],[57.94,73.8],[57.91,73.92],[57.26,74.08],[57.52,74.08],[57.41,74.18],[58.12,73.98],[58.22,74.01],[58.14,74.14],[58.38,74.13],[58.28,74.22],[58.58,74.17],[58.74,74.27],[58.19,74.58],[59.15,74.44],[59.12,74.54],[59.29,74.64],[59.17,74.72],[59.87,74.62],[59.51,74.79],[60.24,74.74],[60.37,74.79],[60.2,74.85],[60.68,74.93],[59.93,75],[60.43,75.01],[60.49,75.11],[60.74,75.02],[61.28,75.32],[61.51,75.22],[61.7,75.37],[63.56,75.71],[65,75.79],[68.29,76.28],[68.86,76.54],[68.93,76.78],[67.94,77.01],[66.66,76.9],[65.76,76.68],[66.02,76.54],[65.53,76.58],[64.11,76.31],[62.5,76.18],[61.09,76.28],[60.9,76.15],[61.16,76.13],[60.73,76],[60.47,76.01],[60.81,76.12],[60.27,76.11],[60.04,76.04],[60.33,75.99],[57.99,75.67],[58.18,75.58],[57.51,75.49],[57.74,75.32],[56.87,75.36],[56.73,75.3],[56.91,75.24],[56.48,75.06],[56.35,75.19],[55.93,75.19],[55.73,75.08],[55.92,75.08],[55.89,74.99],[56.68,74.95],[55.82,74.8],[56.98,74.69],[55.53,74.65],[55.53,74.56],[56.28,74.49],[55.36,74.43],[55.23,74.37],[55.74,74.29],[55.08,74.26],[55.86,74.11],[55.02,74.17],[54.59,74.01],[54.8,73.98],[53.63,73.76],[54.19,73.6],[55.17,73.71],[54.37,73.57],[54.25,73.51],[54.3,73.42],[54.04,73.38],[55.02,73.44],[55.42,73.34],[55.44,73.34]]],[[[140.9,76.06],[141.08,76.11],[140.86,76.1],[140.9,76.06]]],[[[113.44,76.37],[113.14,76.4],[113.42,76.36],[113.44,76.37]]],[[[96.37,76.3],[95.35,76.29],[95.29,76.2],[96.36,76.1],[96.35,76.26],[96.57,76.15],[96.65,76.25],[96.37,76.3]]],[[[97,76.28],[96.83,76.34],[96.76,76.17],[96.97,76.28],[97,76.28]]],[[[95,76.27],[94.41,76.21],[94.86,76.18],[95,76.27]]],[[[97.62,76.78],[97.11,76.76],[97.6,76.75],[97.62,76.78]]],[[[112.52,76.62],[111.96,76.6],[112.45,76.45],[112.71,76.52],[112.57,76.55],[112.52,76.62]]],[[[95.32,76.66],[94.83,76.66],[95.3,76.65],[95.32,76.66]]],[[[149.31,76.75],[148.42,76.66],[149.21,76.66],[149.31,76.75]]],[[[97.55,76.58],[97.42,76.72],[97.32,76.6],[97.52,76.58],[97.55,76.58]]],[[[96.47,76.7],[95.91,76.66],[96.36,76.63],[96.47,76.7]]],[[[106.65,77.38],[106.9,77.45],[106.57,77.44],[106.5,77.39],[106.62,77.37],[106.65,77.38]]],[[[107.56,77.25],[107.67,77.33],[107.41,77.36],[107.21,77.23],[107.35,77.23],[107.56,77.25]]],[[[88.66,77.12],[88.95,77.13],[88.7,77.14],[88.66,77.12]]],[[[89.65,77.29],[89.26,77.3],[89.17,77.16],[89.67,77.28],[89.65,77.29]]],[[[88.66,77.12],[88.7,77.02],[88.83,77.08],[88.67,77.11],[88.66,77.12]]],[[[96.58,77.13],[96.46,77.21],[95.25,77.01],[95.94,77.02],[95.71,76.95],[96.46,77.07],[96.58,77.13]]],[[[82.62,74.05],[82.73,74.1],[82.56,74.16],[82.32,74.09],[82.59,74.05],[82.62,74.05]]],[[[83.62,74.09],[82.83,74.1],[83.6,74.07],[83.62,74.09]]],[[[84.42,74.04],[83.88,74.01],[84.41,73.96],[84.42,74.04]]],[[[79.2,74.62],[79.44,74.52],[79.61,74.6],[79.19,74.63],[79.2,74.62]]],[[[85.65,74.79],[85.1,74.75],[85.7,74.73],[85.65,74.79]]],[[[116.07,74.29],[115.93,74.36],[116.05,74.28],[116.07,74.29]]],[[[112.71,74.5],[112.08,74.55],[111.97,74.38],[111.46,74.32],[112.71,74.09],[113.43,74.39],[112.78,74.5],[112.71,74.5]]],[[[84.94,74.48],[84.38,74.45],[84.92,74.47],[84.94,74.48]]],[[[86.21,74.53],[85.82,74.57],[85.66,74.47],[86.21,74.51],[86.21,74.53]]],[[[85.44,74.45],[85.65,74.53],[85.37,74.58],[85.15,74.54],[85.39,74.45],[85.44,74.45]]],[[[142.15,73.89],[141.08,73.87],[140.42,73.48],[139.71,73.44],[139.71,73.35],[140.81,73.45],[142.36,73.24],[143.51,73.23],[143.43,73.52],[142.34,73.86],[142.15,73.89]]],[[[86.69,73.59],[86.89,73.7],[86.42,73.59],[86.69,73.59]]],[[[86.91,73.64],[87.18,73.71],[87.2,73.82],[86.87,73.63],[86.91,73.64]]],[[[125.83,73.52],[125.8,73.64],[125.71,73.54],[125.81,73.51],[125.83,73.52]]],[[[141.02,73.99],[141.06,74.23],[140.21,74.24],[140.07,74.09],[140.31,73.93],[140.97,73.97],[141.02,73.99]]],[[[135.65,74.2],[135.36,74.25],[135.42,74.17],[136.16,73.87],[136.26,73.99],[135.89,74.13],[135.65,74.2]]],[[[124.54,73.85],[124.62,73.91],[124.34,73.93],[124.51,73.84],[124.54,73.85]]],[[[139.19,76.07],[138.73,76.22],[138.45,76.06],[138.34,76.15],[137.5,75.97],[137.43,75.88],[137.74,75.75],[137.17,75.78],[137.07,75.72],[137.15,75.65],[136.97,75.61],[137.21,75.64],[137.29,75.59],[137.13,75.42],[137.4,75.35],[136.86,75.35],[137.14,75.13],[137.77,74.99],[137.87,74.85],[139,74.65],[139.39,74.7],[139.57,74.85],[139.46,74.93],[139.65,74.98],[140.06,74.83],[141.98,75],[142.23,75],[142.33,74.92],[141.97,74.94],[142.44,74.81],[143.64,74.92],[143.6,75.01],[142.63,75.09],[142.21,75.33],[142.14,75.59],[142.45,75.71],[143.04,75.66],[142.51,75.46],[142.5,75.36],[142.9,75.14],[143.9,75.03],[144.35,75.04],[144.94,75.27],[144.67,75.33],[144.71,75.42],[145.38,75.52],[143.9,75.84],[142.56,75.86],[141.36,76.18],[141.61,76.02],[140.97,76.04],[140.87,75.74],[141.06,75.64],[140.65,75.62],[140.43,75.65],[140.54,75.75],[140.44,75.81],[139.29,76.06],[139.19,76.07]]]]}},{"type":"Feature","properties":{"NAME":"Soviet Union","ABBREVN":"Soviet Union","SUBJECTO":"Soviet Union","BORDERPRECISION":3,"PARTOF":"Soviet Union"},"geometry":{"type":"MultiPolygon","coordinates":[[[[23.33,58.45],[22.91,58.62],[21.84,58.51],[22.01,58.36],[21.84,58.29],[22.19,58.15],[22.02,57.91],[22.37,58.22],[23.26,58.43],[23.33,58.45]]],[[[22.8,59],[22.58,59.07],[22.06,58.95],[22.38,58.89],[22.52,58.69],[23.05,58.84],[22.85,59],[22.8,59]]],[[[163.47,58.49],[164.11,58.8],[164.68,58.9],[164.56,59.24],[163.77,59.02],[163.69,58.74],[163.39,58.56],[163.46,58.47],[163.47,58.49]]],[[[23.06,58.61],[23.37,58.53],[23.14,58.67],[23.06,58.61]]],[[[23.12,59.03],[23.38,58.97],[23.14,59.04],[23.12,59.03]]],[[[150.59,59.02],[150.74,59.09],[150.66,59.15],[150.53,59],[150.59,59.02]]],[[[35.79,64.97],[35.87,65.03],[35.78,65.19],[35.52,65.13],[35.74,64.97],[35.79,64.97]]],[[[40.43,64.57],[40.34,64.76],[40.15,64.75],[40.28,64.64],[39.98,64.68],[40.4,64.58],[40.43,64.57]]],[[[-172.44,64.72],[-172.17,64.8],[-172.46,64.86],[-172.6,64.7],[-172.44,64.72]]],[[[154.03,48.73],[154.22,48.88],[154.13,48.91],[154,48.72],[154.03,48.73]]],[[[152.22,47.17],[151.71,46.84],[151.8,46.77],[152.02,46.89],[152.21,47.13],[152.22,47.17]]],[[[154.79,49.29],[154.9,49.62],[154.81,49.64],[154.6,49.37],[154.71,49.26],[154.79,49.29]]],[[[154.58,49.1],[154.47,49.17],[154.51,49.07],[154.58,49.1]]],[[[168.11,54.51],[167.46,54.87],[168.08,54.5],[168.11,54.51]]],[[[137.18,55.11],[136.69,54.94],[137.08,54.94],[137.18,55.11]]],[[[137.99,54.89],[138.2,55.05],[137.63,55.2],[137.25,54.85],[137.26,54.77],[137.49,54.87],[137.71,54.62],[137.98,54.87],[137.99,54.89]]],[[[166.12,55.33],[165.84,55.26],[166.66,54.68],[166.64,54.85],[166.17,55.32],[166.12,55.33]]],[[[137.78,54.37],[137.87,54.51],[137.72,54.36],[137.78,54.37]]],[[[156.41,50.66],[156.47,50.87],[156.16,50.71],[156.4,50.63],[156.41,50.66]]],[[[155.62,50.81],[155.64,50.92],[155.5,50.93],[155.59,50.8],[155.62,50.81]]],[[[155.79,50.19],[156.15,50.52],[156.04,50.77],[155.67,50.39],[155.25,50.3],[155.23,50.05],[155.76,50.18],[155.79,50.19]]],[[[144.05,49.9],[143.79,50.29],[143.52,51.27],[143.38,51.35],[143.45,51.5],[143.37,51.64],[143.22,51.53],[143.31,51.73],[143.12,51.96],[143.15,52.38],[143.26,52.59],[143.2,52.35],[143.32,52.53],[143.29,53.14],[142.88,53.81],[143.01,54.13],[142.69,54.42],[142.64,54.26],[142.39,54.24],[142.72,53.93],[142.61,53.69],[142.79,53.8],[142.71,53.63],[142.5,53.66],[142.51,53.55],[142.68,53.52],[142.35,53.36],[142.22,53.52],[141.77,53.37],[141.92,53.01],[141.84,52.58],[141.65,52.37],[141.65,51.89],[142.27,51.1],[142.04,50.54],[142.15,50.35],[142.13,49.89],[144.05,49.9]]],[[[69.28,66.79],[69.87,66.47],[70.1,66.53],[70.09,66.68],[69.41,66.81],[69.28,66.79]]],[[[42.71,66.69],[42.5,66.79],[42.67,66.68],[42.71,66.69]]],[[[-177.63,68.32],[-178.38,68.55],[-177.71,68.34],[-177.95,68.29],[-178.06,68.43],[-178.74,68.54],[-178.72,68.66],[-178.49,68.58],[-178.92,68.77],[-180,68.98],[-180,65.07],[-179.7,65.16],[-179.54,65.43],[-179.32,65.53],[-179.8,65.87],[-179.76,66.12],[-179.28,66.17],[-179.42,66.34],[-179.18,66.29],[-179.17,66.41],[-178.99,66.17],[-178.53,66.4],[-178.54,66.16],[-178.91,65.99],[-178.46,65.73],[-178.56,65.51],[-177.47,65.49],[-177.02,65.61],[-176.08,65.47],[-175.78,65.16],[-175.91,65.02],[-175.45,64.78],[-174.85,64.78],[-173.67,64.35],[-173.36,64.46],[-173.42,64.62],[-173.28,64.52],[-173.43,64.33],[-173.19,64.25],[-172.9,64.34],[-172.88,64.45],[-173.03,64.5],[-172.83,64.53],[-172.66,64.39],[-172.36,64.46],[-173.08,64.66],[-172.79,64.76],[-172.9,64.83],[-173.2,64.78],[-172.13,65.08],[-172.31,65.22],[-172.7,65.24],[-172.24,65.25],[-172.19,65.45],[-172.4,65.42],[-172.43,65.59],[-172.8,65.67],[-171.84,65.53],[-172.08,65.48],[-171.07,65.48],[-171.02,65.58],[-171.54,65.84],[-170.64,65.61],[-170.45,65.92],[-169.69,66.08],[-170.22,66.14],[-170.33,66.18],[-170.2,66.25],[-170.35,66.29],[-170.64,66.24],[-170.51,66.34],[-171.36,66.66],[-171.73,66.96],[-173.01,67.06],[-172.44,66.94],[-173.14,67],[-173.16,66.86],[-173.36,66.84],[-173.17,67.06],[-173.63,67.13],[-174.65,67.06],[-174.1,66.97],[-174,66.69],[-174.3,66.58],[-173.76,66.45],[-174.04,66.21],[-174.02,66.48],[-174.47,66.3],[-174.48,66.53],[-174.99,66.67],[-174.74,66.77],[-174.95,67.1],[-174.83,67.39],[-175.38,67.34],[-175.19,67.51],[-175.46,67.71],[-177.36,68.25],[-177.68,68.22],[-177.75,68.26],[-177.63,68.3],[-177.63,68.32]]],[[[50.8,68.37],[51.45,68.48],[50.81,68.4],[50.8,68.37]]],[[[66.52,68.96],[65.96,69.09],[66.53,68.94],[66.52,68.96]]],[[[169.45,69.81],[168.32,70.02],[167.76,69.83],[168.83,69.57],[169.18,69.57],[169.28,69.76],[169.41,69.76],[169.45,69.81]]],[[[161.78,69.56],[161.84,69.65],[161.71,69.65],[161.76,69.55],[161.78,69.56]]],[[[59.46,70.28],[59,70.47],[58.63,70.33],[58.82,70.22],[58.43,70.27],[59.02,69.85],[59.12,69.87],[58.95,69.94],[59.39,69.89],[59.61,69.81],[59.6,69.71],[59.91,69.67],[60.55,69.8],[60.42,69.95],[59.64,70.2],[59.46,70.28]]],[[[83.11,70.19],[82.78,70.22],[83.11,70.14],[83.11,70.19]]],[[[83.56,70.52],[83.39,70.36],[83.52,70.37],[83.58,70.53],[83.56,70.52]]],[[[161.16,69.08],[161.52,68.94],[161.32,69.24],[161.37,69.54],[161.06,69.43],[161.17,69.32],[161.14,69.09],[161.16,69.08]]],[[[59.24,69.18],[58.77,69.33],[59.25,69.14],[59.24,69.18]]],[[[50.31,69.16],[49.35,69.49],[48.94,69.51],[48.32,69.28],[48.22,68.89],[48.79,68.72],[50.33,69.12],[50.31,69.16]]],[[[161.53,69.42],[161.63,69.57],[161.48,69.64],[161.37,69.41],[161.49,69.41],[161.53,69.42]]],[[[67.13,69.36],[67.21,69.43],[66.96,69.46],[67.11,69.36],[67.13,69.36]]],[[[67.26,69.45],[67.34,69.59],[67.14,69.57],[67.02,69.48],[67.22,69.44],[67.26,69.45]]],[[[180,71.54],[178.62,71.05],[178.79,70.8],[180,71],[180,71.54]]],[[[127.17,71.94],[126.9,72.02],[127.14,71.9],[127.17,71.94]]],[[[137.96,71.51],[137.01,71.53],[137.68,71.41],[137.92,71.49],[137.96,71.51]]],[[[126.67,72.19],[126.63,72.36],[126.52,72.31],[126.65,72.19],[126.67,72.19]]],[[[77.76,72.3],[78.39,72.48],[77.62,72.63],[76.86,72.32],[77.54,72.28],[77.76,72.3]]],[[[128.14,72.58],[127.28,72.61],[126.65,72.43],[127.5,72.44],[129.01,72.07],[129.48,72.13],[129.25,72.13],[129.56,72.22],[129.32,72.29],[129.49,72.35],[129.24,72.47],[128.57,72.49],[128.14,72.58]]],[[[129.23,72.83],[128.42,72.9],[128.32,72.81],[129.3,72.8],[129.23,72.83]]],[[[128.8,72.56],[128.97,72.6],[128.73,72.67],[128.1,72.63],[128.77,72.54],[128.8,72.56]]],[[[129.34,72.7],[128.28,72.79],[127.39,72.69],[129.21,72.66],[129.34,72.7]]],[[[122.96,72.86],[122.32,72.95],[122.68,72.83],[123.37,72.76],[123,72.86],[122.96,72.86]]],[[[74.68,72.86],[74.76,73.09],[74.49,73.13],[74.1,73],[74.65,72.86],[74.68,72.86]]],[[[79.56,72.73],[79.54,72.91],[79.13,73.09],[78.6,72.8],[79.53,72.72],[79.56,72.73]]],[[[119.63,73.12],[120.21,73.04],[120.28,73.1],[120.11,73.15],[119.73,73.15],[119.63,73.12]]],[[[57.2,70.51],[56.85,70.6],[57.13,70.49],[57.2,70.51]]],[[[161.66,70.81],[161.46,70.8],[161.69,70.75],[161.66,70.81]]],[[[83.26,70.88],[83.06,70.98],[83.22,70.86],[83.26,70.88]]],[[[160.62,70.81],[160.72,70.83],[160.51,70.93],[160.41,70.92],[160.54,70.81],[160.62,70.81]]],[[[83.47,70.49],[83.55,70.58],[83.37,70.56],[83.45,70.49],[83.47,70.49]]],[[[83.37,70.69],[83.46,70.74],[83.37,70.82],[83.21,70.81],[83.1,70.39],[83.31,70.46],[83.23,70.52],[83.33,70.68],[83.37,70.69]]],[[[-178.57,71.56],[-180,71.54],[-180,71],[-179.5,70.91],[-177.49,71.17],[-177.5,71.28],[-178.43,71.54],[-178.57,71.56]]],[[[52.86,71.38],[52.21,71.3],[52.65,71.22],[53.02,70.96],[53.22,71.2],[52.78,71.31],[53.01,71.28],[52.89,71.37],[52.86,71.38]]],[[[82.41,70.88],[82.5,70.96],[82.38,70.99],[82.4,70.88],[82.41,70.88]]],[[[34.73,46.11],[35.34,45.29],[35.06,45.37],[34.99,45.63],[34.46,45.77],[34.64,45.94],[34.36,45.88],[34.36,46.02],[34.18,46.03],[34.14,45.94],[33.67,46.22],[34.13,46.12],[34.16,46.28],[34.54,46.18],[34.41,46.01],[34.54,45.98],[35.2,46.44],[35.35,46.35],[34.98,46.09],[35.12,46.11],[35.91,46.65],[36.76,46.75],[37.32,46.9],[37.56,47.09],[38.13,47.06],[38.6,47.24],[38.77,47.25],[38.56,47.22],[38.56,47.11],[39.27,47.25],[39.26,47.01],[38.41,46.83],[38.38,46.71],[38.58,46.66],[37.74,46.67],[37.9,46.41],[38.57,46.04],[38.22,46.14],[38.1,45.94],[38.1,46.05],[37.95,46.03],[37.85,45.78],[37.59,45.63],[37.58,45.43],[37.7,45.56],[37.73,45.3],[37.52,45.36],[37.11,45.23],[36.83,45.44],[36.67,45.33],[36.96,45.28],[36.63,45.13],[37.2,44.98],[37.48,44.67],[37.76,44.63],[37.78,44.72],[38.22,44.38],[38.75,44.27],[39.92,43.41],[41.44,42.73],[41.78,41.84],[41.53,41.52],[42.46,41.43],[42.6,41.58],[42.83,41.58],[43.67,40.93],[43.74,40.67],[43.58,40.45],[43.67,40.1],[44.49,39.96],[45.43,39],[46.54,38.88],[46.85,39.16],[47.98,39.72],[48.36,39.39],[48.12,39.28],[48.33,39.03],[48.02,38.83],[48.66,38.39],[48.87,38.45],[48.96,39.18],[49.15,39.09],[49.06,38.97],[49.16,38.99],[49.24,39.29],[49.4,39.35],[49.28,39.49],[49.49,40.16],[49.92,40.34],[50.37,40.26],[50.35,40.38],[50.08,40.56],[49.53,40.66],[49.04,41.42],[47.73,42.64],[47.69,42.87],[47.45,43.09],[47.68,43.87],[47.55,43.87],[47.41,43.5],[47.49,43.81],[47.04,44.35],[46.7,44.45],[46.72,44.6],[47.07,44.78],[47.57,45.56],[47.39,45.74],[47.65,45.56],[47.56,45.77],[47.83,45.66],[48.57,45.96],[48.76,45.85],[48.63,46.08],[49.3,46.26],[49.22,46.38],[49.37,46.39],[49.32,46.56],[49.83,46.56],[50.43,46.9],[51.16,47.11],[52.09,46.81],[52.45,47],[53.06,46.89],[53.21,46.64],[53,46.48],[53.16,46.27],[52.73,45.55],[53.23,45.34],[51.41,45.37],[50.96,44.85],[51.56,44.51],[50.31,44.65],[50.23,44.37],[50.83,44.21],[51.32,43.44],[51.27,43.15],[51.65,43.18],[51.9,42.85],[52.73,42.71],[52.41,42.09],[52.43,41.76],[52.85,41.07],[52.92,41.67],[52.82,41.7],[52.95,41.98],[53.61,42.14],[53.9,42.07],[54.07,41.48],[54.73,41.1],[54.71,40.87],[54.25,40.88],[54.42,40.71],[54.35,40.67],[53.74,40.62],[53.59,40.89],[53.46,40.73],[53.11,40.77],[52.92,41.08],[52.74,40.5],[52.74,40.05],[53.01,39.76],[52.93,39.99],[53.58,39.96],[53.41,39.67],[53.73,39.52],[53.21,39.52],[53.26,39.65],[53.12,39.43],[53.17,39.17],[53.16,39.34],[53.58,39.32],[53.64,39.12],[53.97,38.94],[53.8,37.93],[53.91,37.35],[54.67,37.44],[54.83,37.75],[55.47,38.09],[56.22,38.07],[56.44,38.26],[57.21,38.28],[57.45,37.94],[58.17,37.8],[58.41,37.64],[58.93,37.67],[59.34,37.54],[59.48,37.23],[60.02,37.04],[60.33,36.66],[61.15,36.65],[61.25,35.63],[61.6,35.44],[62.04,35.44],[62.31,35.15],[63.09,35.43],[63.12,35.86],[64.47,36.25],[64.62,36.42],[64.79,37.12],[65.56,37.26],[65.7,37.53],[65.07,37.62],[64.87,37.83],[64.06,38.2],[63.28,38.87],[62.81,39.07],[62.21,39.61],[61.93,40.07],[61.12,40.65],[58.82,40.85],[57.14,41.2],[57.11,42.12],[57.5,42.4],[57.87,42.41],[57.62,43.14],[58.22,43.01],[58.53,43.11],[58.19,43.67],[58.35,43.73],[58.56,44.14],[59.54,43.93],[59.38,43.61],[59.1,43.45],[59.2,42.92],[59.55,42.41],[60.29,42.16],[60.65,41.69],[62.01,41.03],[64.37,41.36],[65.64,40.91],[66.72,40.73],[66.65,40.36],[66.21,40.48],[65.98,40.41],[65.79,39.38],[66.56,39.43],[68.41,38.98],[69.8,39.29],[70.82,39.3],[71.27,39.54],[71.5,39.53],[72.12,39.03],[72.25,37.71],[72.63,37.44],[72.73,37.14],[73.44,37.48],[73.78,37.43],[73.62,37.26],[73.74,37.22],[74.25,37.41],[74.67,37.39],[74.92,37.24],[75.19,37.41],[74.9,37.65],[74.99,37.79],[74.79,38.2],[74.85,38.47],[74.35,38.67],[73.94,38.54],[73.71,38.86],[73.85,38.97],[73.62,39.24],[73.66,39.46],[73.95,39.6],[73.84,39.77],[74.02,40.07],[74.88,40.33],[74.86,40.52],[75.23,40.45],[75.58,40.64],[75.7,40.3],[76.33,40.35],[76.87,41.01],[78.08,41.04],[78.67,41.53],[79.79,41.89],[79.9,42.02],[80.27,42.05],[80.17,42.66],[80.26,42.82],[80.57,42.89],[80.38,43.03],[80.82,43.17],[80.37,44.11],[80.38,44.64],[80.52,44.73],[79.87,44.9],[81.68,45.35],[81.98,45.15],[82.3,45.24],[82.57,45.13],[82.65,45.44],[82.32,45.58],[83.01,46.95],[83.03,47.2],[83.93,46.97],[84.68,46.99],[84.74,46.83],[85.52,47.06],[85.7,47.26],[85.54,47.97],[85.74,48.36],[86.6,48.54],[86.78,48.72],[86.73,48.97],[86.88,49.11],[87.47,49.08],[88.09,49.23],[88.22,49.46],[89.19,49.51],[89.22,49.64],[89.37,49.58],[89.72,49.72],[89.64,49.9],[90.07,50.09],[92.32,50.81],[92.67,50.68],[92.97,50.79],[93.09,50.6],[94.24,50.58],[94.4,50.2],[94.63,50.03],[95.52,49.9],[96.07,50.01],[97.35,49.74],[98.2,50.16],[98.33,50.51],[98.05,50.64],[97.83,51],[98.06,51.46],[98.24,51.47],[98.34,51.72],[98.73,51.84],[98.93,52.14],[99.98,51.74],[100.53,51.74],[102.22,51.33],[102.31,50.59],[102.89,50.32],[103.71,50.14],[105.31,50.48],[106.24,50.3],[106.74,50.33],[107.25,50],[107.98,49.93],[107.95,49.69],[108.56,49.33],[109.2,49.36],[110.74,49.14],[111.33,49.34],[113.1,49.6],[113.21,49.82],[114.32,50.28],[114.88,50.22],[115.39,49.9],[116.25,50.03],[117.17,49.65],[117.87,49.52],[118.64,49.95],[119.32,50.1],[119.35,50.35],[119.14,50.39],[119.29,50.6],[119.51,50.75],[120.06,51.62],[120.71,51.98],[120.78,52.16],[120.63,52.34],[120.71,52.54],[120.08,52.59],[120.03,52.77],[120.87,53.28],[123.61,53.54],[124.4,53.21],[125.13,53.2],[125.62,53.05],[125.73,52.98],[125.66,52.88],[126.1,52.76],[125.99,52.58],[126.33,52.4],[126.32,52.19],[126.55,52.13],[126.44,51.99],[126.91,51.38],[126.82,51.27],[126.97,51.32],[126.93,51.06],[127.29,50.74],[127.33,50.31],[127.58,50.21],[127.52,49.81],[127.82,49.59],[128.79,49.57],[129.08,49.35],[129.49,49.42],[130.22,48.86],[130.64,48.88],[130.52,48.61],[130.83,48.29],[130.66,48.11],[130.99,47.69],[132.54,47.71],[133.08,48.1],[133.48,48.07],[133.75,48.25],[134.42,48.39],[134.72,48.27],[134.56,47.99],[134.76,47.7],[134.18,47.32],[134.22,47.1],[133.85,46.48],[133.9,46.25],[133.52,45.88],[133.47,45.62],[133.15,45.45],[133.12,45.12],[132.93,45.02],[131.87,45.35],[131.47,44.97],[130.95,44.84],[131.3,44.05],[131.19,43.54],[131.31,43.39],[131.13,42.92],[130.43,42.74],[130.61,42.62],[130.66,42.32],[130.87,42.52],[130.71,42.69],[131.22,42.56],[131.81,43.33],[132.05,43.31],[131.84,43.08],[131.95,43.06],[132.35,43.29],[132.31,42.85],[132.77,42.87],[132.8,42.76],[132.99,42.82],[133.15,42.68],[133.94,42.89],[135.13,43.5],[135.89,44.4],[136.18,44.51],[136.37,44.79],[138.1,46.22],[138.57,47.04],[139.03,47.39],[139.28,47.81],[140.18,48.45],[140.21,48.76],[140.39,48.97],[140.34,49.27],[140.55,49.56],[140.41,49.87],[140.69,50.09],[140.53,50.13],[140.46,50.7],[140.71,51.03],[140.69,51.32],[140.87,51.36],[140.8,51.46],[140.91,51.61],[141.42,51.92],[141.31,52.03],[141.51,52.21],[141.12,52.43],[141.31,52.66],[141.2,52.84],[140.71,53.12],[141.18,52.98],[141.44,53.15],[141.41,53.29],[140.58,53.63],[140.26,53.86],[140.24,54.05],[139.75,54.31],[139.34,54.18],[138.66,54.29],[138.78,54.02],[138.47,53.52],[138.24,53.56],[138.57,53.81],[138.55,53.99],[137.9,53.57],[137.31,53.53],[137.23,53.6],[137.86,53.96],[137.29,54.08],[137.74,54.31],[137.19,54.22],[137.06,54.14],[137.28,54.04],[137.18,53.84],[136.76,53.77],[136.65,53.92],[136.81,54.13],[136.81,54.65],[135.73,54.57],[135.16,54.86],[137.73,56.18],[138.65,56.99],[139.84,57.51],[140.01,57.7],[140.5,57.83],[140.68,58.23],[140.9,58.38],[141.7,58.69],[142.3,59.14],[143.21,59.38],[145.91,59.41],[145.8,59.27],[145.99,59.15],[146.31,59.18],[146.33,59.39],[146.49,59.46],[147.49,59.24],[148.25,59.42],[148.41,59.26],[148.9,59.24],[148.96,59.38],[148.72,59.37],[148.71,59.47],[149.21,59.47],[149.03,59.63],[149.48,59.77],[150.71,59.58],[150.46,59.49],[150.71,59.44],[150.94,59.47],[150.9,59.57],[151.39,59.57],[151.75,59.3],[152.28,59.22],[151.08,59.11],[151.31,58.84],[152.36,59.02],[152.88,58.92],[153.36,59.24],[154.02,59.05],[154.45,59.22],[154.74,59.13],[155.14,59.2],[155.19,59.36],[154.44,59.55],[154.5,59.43],[154.11,59.46],[154.3,59.64],[154.23,59.88],[154.47,59.92],[154.9,60.34],[155.9,60.76],[155.94,60.92],[156.35,61.16],[156.66,61.21],[156.7,61.53],[157.43,61.79],[158.02,61.73],[159.25,61.92],[159.53,61.66],[160.35,61.95],[160.38,61.78],[159.85,61.31],[159.95,61.14],[159.78,60.94],[160.39,61.03],[160.17,60.83],[160.14,60.59],[160.4,60.74],[160.8,60.74],[162.41,61.67],[162.74,61.6],[162.65,61.69],[162.84,61.72],[163.01,61.52],[163.28,61.66],[162.95,61.8],[163.14,62.05],[163.13,62.28],[163.35,62.36],[163.16,62.44],[163.23,62.53],[164.37,62.71],[165.57,62.47],[165.09,62.46],[165.33,62.32],[164.53,62.46],[164.12,62.28],[164.04,61.71],[163.75,61.45],[164.01,61.33],[163.51,61.05],[163.73,60.94],[163.64,60.88],[162.9,60.77],[161.91,60.42],[161.92,60.24],[160.86,59.62],[160.48,59.54],[159.79,59.08],[159.5,58.71],[158.23,58.02],[157.64,58],[157.43,57.79],[156.98,57.85],[156.76,57.74],[156.92,57.66],[156.98,57.42],[156.7,57.11],[155.94,56.65],[155.54,55.33],[156.1,52.85],[156.26,52.57],[156.44,52.52],[156.28,52.52],[156.45,52.14],[156.52,51.32],[156.75,51.08],[156.66,50.88],[158.28,51.94],[158.32,52.13],[158.56,52.31],[158.42,52.65],[158.55,52.62],[158.64,52.9],[158.45,52.9],[158.44,53.03],[158.61,53.05],[158.72,52.89],[159.61,53.26],[160.05,53.1],[159.8,53.52],[159.95,53.47],[159.82,53.66],[160.01,54.14],[160.73,54.53],[161.69,54.5],[162.11,54.76],[162.15,54.86],[161.81,55.14],[161.71,55.49],[162.09,56.1],[162.57,56.27],[162.39,56.39],[162.9,56.43],[162.99,56.55],[163.07,56.48],[162.65,56.19],[163.03,56.02],[163.35,56.2],[163.21,56.74],[162.92,56.7],[162.78,56.85],[162.74,57.36],[163.16,57.59],[163.28,57.74],[163.21,57.84],[162.56,57.95],[162.34,57.69],[161.94,58.07],[162.41,58.68],[163.01,58.97],[162.88,59.13],[163.19,59.05],[163.06,59.24],[163.3,59.26],[163.33,59.39],[163.18,59.57],[163.39,59.63],[163.36,59.82],[163.7,59.9],[163.64,60.05],[164.04,60.03],[164.05,59.87],[164.15,59.87],[164.32,60.09],[164.49,60.11],[164.82,59.78],[165.18,59.98],[165,60.13],[165.23,60.1],[166.35,60.49],[166.1,59.91],[166.17,59.82],[167.05,60.32],[168.11,60.57],[169.26,60.62],[169.7,60.41],[169.93,60.07],[170.24,59.91],[170.41,59.98],[170.64,60.42],[171.95,60.85],[171.95,60.95],[172.02,60.85],[172.2,60.96],[172.02,61.09],[172.45,61.04],[172.34,61.22],[172.96,61.3],[172.71,61.43],[173.16,61.4],[173.49,61.56],[173.57,61.75],[173.87,61.68],[174.08,61.84],[174.51,61.81],[174.72,61.89],[174.6,61.98],[174.77,61.92],[176.28,62.31],[176.68,62.54],[177.24,62.57],[176.93,62.66],[177,62.87],[177.19,62.7],[177.45,62.81],[177.32,62.74],[177.37,62.57],[179.1,62.29],[179.13,62.48],[179.55,62.62],[179.54,62.84],[179.24,63.01],[179.41,63.14],[178.82,63.34],[179,63.32],[178.78,63.59],[178.81,63.44],[178.68,63.38],[178.59,63.41],[178.7,63.57],[178.26,63.57],[178.76,63.64],[178.66,63.94],[178.38,63.97],[178.48,64.12],[178.35,64.3],[178.09,64.2],[177.63,64.32],[177.36,64.54],[177.49,64.76],[176.74,64.56],[176.45,64.69],[176.11,64.54],[176.42,64.7],[176.06,64.9],[175.68,64.75],[174.45,64.69],[175.69,64.78],[176.06,64.95],[176.43,64.81],[177.15,64.78],[177.3,64.83],[176.96,65.04],[176.31,65.05],[176.92,65.08],[177.44,64.92],[177.61,64.72],[178.7,64.7],[178.56,64.59],[180,65.07],[180,68.98],[179.72,69],[179.55,69.11],[179.95,69],[179.3,69.26],[178.69,69.28],[178.68,69.36],[179.04,69.34],[176.74,69.67],[176.12,69.89],[173.93,69.85],[173.44,69.95],[173.17,69.89],[173.46,69.81],[173.2,69.78],[172.64,69.97],[170.42,70.13],[170.56,70.08],[170.57,69.78],[170.12,69.61],[170.58,69.6],[171.03,69.04],[170.76,68.96],[170.7,68.8],[170.62,68.91],[170.46,68.86],[170.61,68.76],[169.59,68.78],[169.37,69.08],[168.28,69.24],[168.19,69.38],[168.26,69.53],[167.78,69.78],[166.9,69.49],[164.53,69.6],[164.01,69.77],[162.23,69.65],[161.45,69.39],[161.58,68.91],[161.14,68.56],[160.84,68.52],[161.07,68.56],[161.41,68.98],[160.97,69.11],[161,69.58],[159.73,69.83],[159.88,70.08],[159.79,70.14],[160.09,70.24],[160.04,70.41],[159.68,70.67],[159.04,70.87],[157.9,71.05],[155.81,71.09],[152.61,70.83],[151.66,70.98],[152.13,71.02],[151.46,71.34],[150.99,71.39],[150.61,71.28],[150.68,71.39],[150.02,71.21],[150.52,71.34],[150.64,71.51],[149.87,71.46],[150.1,71.59],[149.96,71.66],[148.83,71.67],[149.04,71.76],[148.84,71.8],[149.13,71.77],[149.34,71.9],[149.67,71.76],[150.07,71.88],[149.72,72.12],[149.19,72.22],[147.22,72.33],[146.08,71.79],[144.92,71.69],[144.89,71.77],[145.21,71.84],[144.97,71.97],[145.32,71.87],[145.8,71.93],[145.62,72.08],[145.74,72.21],[145.62,72.24],[145.9,72.2],[145.99,72.07],[146.34,72.12],[146,72.03],[145.99,71.85],[146.92,72.3],[144.53,72.17],[144.14,72.26],[144.54,72.23],[144.89,72.43],[146.84,72.34],[145.25,72.57],[141.99,72.72],[140.75,72.89],[140.58,72.87],[141.02,72.69],[141,72.57],[139.54,72.49],[139.09,72.23],[139.26,72.13],[140.19,72.21],[139.86,72.16],[139.65,71.95],[139.34,71.95],[139.74,71.84],[139.73,71.67],[139.93,71.48],[139.2,71.41],[138.73,71.64],[138.46,71.53],[138.49,71.61],[138.1,71.58],[137.83,71.39],[138.22,71.26],[137.78,71.25],[138.07,71.14],[137.86,71.11],[137.28,71.39],[136.01,71.63],[134.45,71.37],[133.92,71.39],[132.74,71.76],[132.72,71.94],[132.11,71.52],[131.94,71.25],[132.18,71.22],[131.84,71.2],[131.57,70.9],[131.18,70.73],[130.9,70.76],[130.78,70.97],[130.51,70.88],[129.74,71.12],[129.18,71.59],[128.84,71.6],[128.93,71.71],[129.53,71.72],[129.07,72],[129.18,71.8],[128.71,71.77],[128.26,72.11],[127.66,72.35],[126.72,72.39],[126.97,72.05],[127.33,71.89],[127.19,71.75],[127.31,71.49],[127.22,71.39],[127.13,71.85],[126.4,72.34],[126.09,72.27],[124.71,72.63],[121.87,72.97],[119.81,73.02],[120.56,72.88],[119.92,72.92],[118.39,73.24],[118.35,73.41],[118.47,73.48],[118.99,73.49],[118.66,73.57],[115.39,73.7],[113.55,73.52],[113.62,73.4],[114.03,73.34],[113.54,73.24],[113.51,72.94],[113.16,72.82],[113.37,72.68],[114.09,72.59],[113.19,72.72],[113.11,72.86],[113.48,72.96],[113.5,73.34],[113.14,73.45],[113.42,73.64],[112.89,73.97],[112.95,73.8],[112.84,73.75],[112.1,73.71],[111.32,73.84],[111.2,73.97],[111.52,74.05],[111.14,74.03],[111,73.9],[110.11,74.02],[109.53,73.82],[109.65,73.68],[110.69,73.79],[110.89,73.77],[110.85,73.67],[109.75,73.45],[109.18,73.54],[109.42,73.41],[108.24,73.3],[108.35,73.22],[106.34,73.19],[106.17,73.1],[106.28,72.96],[105.21,72.76],[105.84,73],[106.04,73.26],[106.8,73.34],[107.16,73.62],[108.19,73.67],[109.08,74.04],[109.85,74.18],[109.97,74.3],[109.58,74.31],[111.4,74.69],[111.79,74.66],[112.14,74.88],[113.4,75.19],[113.67,75.36],[113.53,75.39],[113.72,75.41],[113.68,75.5],[113.34,75.53],[113.25,75.65],[112.86,75.54],[112.87,75.71],[112.35,75.85],[113.59,75.66],[113.42,75.54],[113.51,75.53],[113.89,75.85],[113.78,75.94],[113.55,75.87],[113.47,76.14],[113.27,76.26],[112.93,76.26],[113.26,76.14],[112.59,76.04],[112.85,76.14],[112.51,76.24],[112.74,76.33],[112.27,76.45],[111.91,76.36],[112.19,76.47],[111.1,76.76],[107.92,76.73],[108,76.63],[107.63,76.5],[106.39,76.51],[106.4,76.6],[106.64,76.58],[107.5,76.92],[106.88,77.05],[105.45,76.98],[105.91,77.14],[104.12,77.09],[106.28,77.37],[105.84,77.57],[105.35,77.54],[104.3,77.73],[103.23,77.66],[100.91,76.97],[100.87,76.83],[101.23,76.75],[100.88,76.55],[102.24,76.38],[100.86,76.53],[98.84,76.51],[99.02,76.35],[99.59,76.27],[99.88,76.09],[99.87,75.9],[99.31,75.77],[99.17,75.57],[99.8,75.48],[99.79,75.37],[100.19,75.17],[99.64,75.47],[99.09,75.56],[99.22,75.76],[99.58,75.82],[99.77,76.03],[99.47,76.1],[99.58,76.15],[99.15,76.13],[99.3,76.21],[98.8,76.27],[97.58,76.06],[97.82,75.98],[97.18,75.93],[97.29,76.04],[96.44,75.87],[96.64,75.98],[96.46,76.01],[95.74,75.85],[95.57,75.89],[96.15,76.1],[94.6,76.16],[94.74,76.12],[94.61,76.06],[93.64,76.12],[93.99,76.05],[93.44,76.01],[93.34,76.07],[93.43,76.1],[93.18,76.1],[92.93,76.05],[92.91,75.9],[93.29,75.98],[93.41,75.87],[94.16,75.95],[93.89,75.89],[89.23,75.5],[88.01,75.1],[86.99,75.15],[86.92,75.07],[87.78,75.02],[87.18,74.98],[87.37,74.93],[86.76,74.7],[86.95,74.68],[86.91,74.61],[86.04,74.81],[86.11,74.74],[85.79,74.63],[86.62,74.56],[87.13,74.37],[86.74,74.3],[86.88,74.39],[86.32,74.44],[86.06,74.42],[86.29,74.31],[85.97,74.37],[85.95,74.28],[87.37,74.04],[86.98,74.03],[87.32,73.83],[87.67,73.89],[87.1,73.6],[85.86,73.48],[85.87,73.34],[86.63,73.16],[86.78,72.99],[86.66,73.12],[85.84,73.32],[85.79,73.47],[87.02,73.78],[87.05,73.87],[86.79,73.9],[85.61,73.82],[85.44,73.71],[80.52,73.57],[80.67,73.5],[80.61,73.44],[80.25,73.32],[80.57,73.22],[80.27,73.18],[80.81,72.97],[80.63,72.71],[80.82,72.62],[80.73,72.52],[81.21,72.35],[82.2,72.28],[82.31,72.19],[82.19,72.09],[83.37,71.83],[83.63,71.63],[83.15,71.24],[83.75,70.46],[83.37,70.31],[82.95,70.32],[83.18,70.15],[83.07,70.06],[82.64,70.23],[83.02,70.43],[83.11,70.89],[82.66,70.95],[82.43,70.61],[82.16,70.57],[82.35,70.2],[82.08,70.56],[82.41,70.77],[82.2,70.99],[82.36,71.09],[82.26,71.26],[82.99,71.45],[83.32,71.67],[83.24,71.73],[81.65,71.71],[80.65,72.03],[80.83,72.09],[79.48,72.37],[78.5,72.4],[77.47,72.22],[77.37,72.1],[77.99,72.11],[78.22,71.99],[78.13,71.88],[77.62,71.82],[76.92,72.05],[76.06,71.88],[76.26,71.57],[77.66,71.28],[77.98,71.37],[77.94,71.25],[78.3,71.25],[78.23,71.12],[78.5,71.11],[78.55,70.96],[79.07,71.02],[79.06,70.94],[78.03,70.95],[77.68,71.16],[76.98,71.18],[76.92,71.07],[76.84,71.19],[75.23,71.39],[75.5,71.52],[75.5,71.66],[75.22,71.84],[75.75,72.27],[75.55,72.48],[75.71,72.56],[75.38,72.68],[75.53,72.74],[75.36,72.81],[74.83,72.83],[75.1,72.45],[75.01,72.15],[73.53,71.82],[73.5,71.66],[73.02,71.42],[73.57,71.24],[73.95,70.83],[74.32,70.66],[74.31,70.51],[73.69,70.13],[73.77,70.08],[73.52,69.74],[73.88,69.46],[73.75,69.17],[73.93,69.07],[74.84,69.08],[75.45,69.25],[76,69.24],[77.68,68.89],[77.78,68.52],[77.93,68.52],[78.17,68.27],[77.58,68.16],[77.47,67.76],[79.04,67.57],[77.79,67.56],[77.08,67.78],[77.3,67.91],[77.2,67.97],[77.36,68.23],[77.16,68.29],[77.32,68.52],[76.64,68.77],[76.7,68.87],[76.56,68.98],[74.69,68.78],[74.45,68.69],[74.34,68.37],[74.73,68.15],[74.82,67.93],[74.74,67.69],[73.9,67.29],[73.85,66.98],[72.47,66.6],[72.35,66.53],[72.34,66.3],[72.01,66.22],[69.42,66.5],[69.11,66.61],[69.11,66.75],[68.97,66.81],[69.89,66.83],[70.29,66.68],[70.71,66.76],[70.29,66.62],[70.69,66.51],[71.55,66.64],[71.41,66.97],[71.77,66.95],[72.21,67.15],[72.05,67.3],[72.41,67.33],[72.59,67.62],[73.03,67.72],[73.2,67.85],[73.1,68.22],[73.64,68.44],[73.51,68.59],[72.57,68.94],[72.47,69.15],[72.64,69.44],[72.53,69.63],[72.69,69.84],[72.49,70.05],[72.61,70.18],[72.43,70.29],[72.77,70.42],[72.68,70.61],[72.84,70.87],[72.59,71.16],[71.8,71.49],[72.36,71.72],[72.34,71.86],[72.88,72.29],[72.73,72.61],[72.82,72.71],[71.58,72.91],[69.33,72.95],[68.98,72.69],[68.47,71.82],[67.97,71.54],[66.9,71.29],[66.62,71.05],[66.89,71.08],[66.62,70.89],[66.69,70.76],[67.34,70.76],[67.09,70.21],[67.33,70.1],[67.02,69.96],[66.9,70.03],[66.79,69.58],[66.95,69.53],[67.01,69.7],[68.1,69.54],[68.05,69.28],[68.45,68.98],[69.22,68.96],[68.96,68.91],[69.1,68.83],[68.44,68.22],[68.27,68.19],[68.16,68.41],[67.2,68.7],[67.05,68.86],[65.08,69.27],[64.8,69.14],[64.84,69.29],[65,69.3],[64.34,69.5],[60.87,69.86],[60.65,69.67],[60.15,69.57],[60.54,69.31],[60.6,69.13],[60.93,69.09],[60.91,68.9],[60.46,68.71],[59.78,68.67],[59.97,68.46],[59.71,68.34],[59.07,68.42],[59.06,68.62],[59.43,68.75],[58.9,68.93],[59.22,68.99],[58.86,69],[58.28,68.89],[58.39,68.73],[58.24,68.88],[57.97,68.85],[57.94,68.75],[57.14,68.54],[56.01,68.66],[55.33,68.55],[54.94,68.4],[54.78,68.16],[54.51,68.31],[54.25,68.21],[53.34,68.24],[53.21,68.26],[53.32,68.35],[53.94,68.4],[53.72,68.63],[54.01,68.86],[53.6,68.91],[54.56,69],[53.78,68.97],[52.29,68.62],[52.64,68.64],[52.49,68.59],[52.73,68.48],[52.42,68.34],[52.24,68.31],[52.14,68.38],[52.36,68.48],[52.05,68.54],[50.77,68.37],[49.23,67.87],[48.6,67.93],[49.1,67.63],[48,67.65],[47.81,67.57],[47.95,67.45],[47.68,67.19],[47.7,66.99],[46.38,66.74],[46.59,66.86],[46.03,66.82],[45.61,67.17],[44.91,67.37],[45.38,67.74],[46.67,67.8],[46.71,67.92],[46.53,68.14],[45.9,68.48],[45.51,68.55],[44.14,68.53],[43.37,68.69],[43.27,68.67],[43.33,68.61],[44.24,68.26],[44.13,67.93],[44.26,67.93],[44.09,67.88],[44.11,67.71],[43.75,67.31],[43.78,67.2],[44.14,67.17],[44.5,66.91],[44.36,66.78],[44.48,66.67],[44.08,66.2],[44.17,65.87],[43.86,66.18],[43.45,66.12],[43.52,65.98],[43.35,66.04],[43.69,66.26],[43.29,66.42],[42.14,66.51],[41.36,66.06],[40.7,65.97],[39.75,65.55],[39.75,65.34],[40.38,64.92],[40.52,64.54],[39.86,64.67],[39.55,64.56],[38.54,64.8],[38.04,64.64],[38.07,64.78],[38.4,64.85],[36.86,65.18],[36.83,64.99],[36.44,64.94],[36.56,64.74],[37.33,64.35],[37.8,64.42],[38.05,64.15],[38,63.96],[37.42,63.8],[36.28,64.01],[36.11,64.23],[35.63,64.4],[35.32,64.33],[34.79,64.55],[34.96,64.65],[34.94,64.84],[34.38,65.38],[34.67,65.45],[34.78,65.6],[34.69,65.8],[34.96,65.72],[34.85,65.9],[34.11,66.25],[33.32,66.32],[33.72,66.42],[33.63,66.48],[32.96,66.53],[33.43,66.59],[32.87,66.58],[33.32,66.64],[32.8,66.73],[32.91,66.77],[32.52,66.88],[32.54,67.01],[32.26,67.12],[31.86,67.15],[32.67,67.12],[33.25,66.79],[34.32,66.67],[34.48,66.53],[34.88,66.6],[35.56,66.38],[38.61,66.05],[40.07,66.28],[41.16,66.79],[41.39,67.12],[41.11,67.25],[41.05,67.66],[40.46,67.75],[39.75,68.17],[39.85,68.04],[39.57,68.06],[38.6,68.39],[38.43,68.34],[37.77,68.68],[35.84,69.2],[33.64,69.33],[33.44,69.1],[33.03,68.96],[33.04,69.07],[33.52,69.18],[33.24,69.27],[33.52,69.42],[32.81,69.3],[33.03,69.47],[32.22,69.42],[32.49,69.5],[32.1,69.59],[32.11,69.68],[32.9,69.58],[33.13,69.73],[31.94,69.96],[32.1,69.79],[31.71,69.82],[31.8,69.69],[31.54,69.7],[31.76,69.56],[29.36,68.08],[30.03,67.69],[30.67,66.95],[30.29,66.51],[30.45,66.4],[30.4,66.18],[30.65,65.88],[29.82,65.65],[29.75,65.35],[29.6,65.24],[29.87,65.2],[29.62,65.05],[29.65,64.9],[30.21,64.66],[29.98,64.58],[30.06,64.41],[30.58,64.22],[30.6,64.05],[30,63.74],[31.24,63.2],[32.32,62.98],[32.4,62.8],[32.79,62.6],[32.82,62.5],[32.57,62.3],[32.83,62.16],[32.72,62.03],[32.37,62.2],[32.25,62.13],[32.19,61.81],[32.3,61.39],[30.78,60.6],[30.19,60.63],[30.11,60.36],[29.89,60.31],[30.01,60.18],[29.95,60.03],[30.25,59.97],[30.16,59.86],[29.19,60.01],[28.83,59.78],[28.5,59.86],[28.37,59.66],[28.07,59.79],[28.07,59.54],[27.89,59.41],[25.71,59.66],[25.66,59.56],[25.48,59.66],[25.4,59.49],[24.77,59.56],[24.72,59.45],[24.36,59.47],[24.21,59.34],[23.51,59.23],[23.41,59.02],[23.64,58.97],[23.44,58.94],[23.48,58.81],[23.86,58.77],[23.5,58.69],[23.73,58.37],[24.1,58.24],[24.33,58.39],[24.56,58.32],[24.29,57.83],[24.37,57.22],[23.85,56.98],[23.35,57.05],[23.14,57.36],[22.64,57.59],[22.58,57.76],[21.71,57.56],[21.43,57.3],[21.4,57.03],[21.05,56.82],[21.07,56.44],[21,56.51],[20.97,56.36],[21.05,56.08],[22.07,56.42],[24.17,56.26],[24.89,56.45],[25.1,56.2],[25.58,56.15],[26.51,55.68],[27.66,55.78],[27.25,55.42],[26.85,54.64],[26.62,54.46],[26.62,54.07],[26.02,53.84],[25.67,53.86],[25.24,53.55],[24.51,53.41],[23.85,53.62],[23.78,53.94],[23.51,53.95],[23.36,54.24],[22.84,54.41],[22.53,54.25],[22.76,53.94],[22.71,53.78],[21.86,53.47],[20.52,53.34],[20.37,53.15],[19.37,53.18],[18.9,53.04],[18.46,52.67],[18.41,52.48],[18.12,52.47],[17.66,52.11],[18.2,51.57],[18.18,51.16],[19.01,50.69],[19.16,50.24],[20.24,50.07],[21.25,50.36],[21.94,50.78],[22.36,50.56],[22.47,50.3],[22.96,50.28],[23.64,50.38],[24.15,50.62],[24.38,50.57],[24.68,50.36],[25.12,50.32],[25.61,49.76],[26.24,49.73],[26.17,48.95],[26.37,48.51],[26.15,48.45],[26.33,48.18],[26.64,48.27],[27,48.16],[27.3,47.66],[28.08,46.98],[28.25,46.43],[28.09,46.08],[28.17,45.67],[28.07,45.58],[28.38,45.3],[28.73,45.22],[29.41,45.44],[29.71,45.21],[29.64,45.82],[29.74,45.62],[29.93,45.82],[30.25,45.87],[30.83,46.55],[31.34,46.6],[31.6,46.8],[31.48,46.63],[31.91,46.65],[31.86,46.8],[31.97,46.93],[31.75,47.25],[31.98,47.01],[32.01,46.63],[32.64,46.64],[32.35,46.46],[31.55,46.55],[32.01,46.45],[31.79,46.28],[32.5,46.08],[33.19,46.16],[33.47,46.05],[33.61,46.14],[33.77,45.93],[32.48,45.39],[33.55,45.11],[33.55,44.62],[33.37,44.58],[33.96,44.38],[34.46,44.72],[35.08,44.79],[35.53,45.12],[35.83,44.99],[36.45,45.08],[36.43,45.27],[36.64,45.35],[36.29,45.47],[35.46,45.3],[35.05,45.65],[34.8,46.09],[34.73,46.11]]],[[[128.03,73.49],[127.39,73.52],[127.99,73.48],[128.03,73.49]]],[[[76.39,73.52],[76.1,73.51],[76.73,73.43],[76.43,73.51],[76.39,73.52]]],[[[71.28,73.28],[71,73.29],[71.26,73.44],[70.93,73.52],[69.98,73.41],[70.06,73.23],[69.9,73.02],[71.66,73.17],[71.38,73.31],[71.28,73.28]]],[[[71.16,73.29],[71.35,73.33],[71.29,73.41],[71.15,73.29],[71.16,73.29]]],[[[127.3,73.52],[126.85,73.53],[126.83,73.38],[126.63,73.38],[126.6,73.25],[126.77,73.08],[126.33,72.89],[126.45,72.79],[126.3,72.5],[126.49,72.4],[126.59,72.54],[129.08,73.04],[129.1,73.13],[128.78,73.07],[128.97,73.17],[128.26,73.27],[128.35,73.35],[127.98,73.47],[127.47,73.48],[127.3,73.52]]],[[[124.6,73.73],[124.34,73.8],[124.06,73.68],[123.88,73.77],[123.97,73.62],[123.37,73.66],[123.22,73.4],[123.66,73.17],[123.38,73.16],[123.18,72.92],[122.63,73.02],[122.43,72.98],[122.54,72.94],[124.72,72.68],[126.17,72.3],[126.35,72.38],[126.25,72.5],[126.38,72.77],[126.29,72.9],[126.71,73.08],[126.55,73.35],[126.16,73.38],[126.4,73.51],[125.57,73.4],[125.58,73.54],[124.7,73.7],[124.6,73.73]]],[[[76.07,73.56],[75.36,73.47],[75.89,73.46],[76.07,73.56]]],[[[55.72,73.33],[54.91,73.42],[53.33,73.22],[53.13,73.09],[53.38,73.01],[53.14,72.96],[53.37,72.88],[52.73,72.88],[52.38,72.72],[53.21,72.65],[52.76,72.64],[52.73,72.56],[53.08,72.59],[52.67,72.43],[52.75,72.34],[52.41,72.23],[52.4,72.08],[51.84,72.16],[51.57,72.07],[51.4,71.79],[51.8,71.47],[52.55,71.59],[52.92,71.41],[53.36,71.57],[53.26,71.45],[53.48,71.29],[53.94,71.46],[53.46,71.26],[54.24,71.12],[53.51,71.09],[53.74,70.95],[53.38,70.86],[53.46,70.81],[54.67,70.65],[54.48,70.73],[54.57,70.78],[55.16,70.55],[55.41,70.75],[55.88,70.58],[56.03,70.58],[55.93,70.67],[56.54,70.54],[56.65,70.58],[56.43,70.68],[56.22,70.66],[56.51,70.75],[56.64,70.63],[57.31,70.56],[56.74,70.7],[57.45,70.6],[57.63,70.73],[56.23,71.19],[55.67,71.6],[55.51,71.89],[55.22,71.93],[55.58,72.19],[55.46,72.43],[55.13,72.45],[55.54,72.47],[55.27,72.58],[55.59,72.53],[55.94,72.66],[55.44,72.78],[56.22,72.83],[56.23,72.98],[55.62,72.96],[56.34,72.99],[56.43,73.06],[55.81,73.06],[56.59,73.13],[55.74,73.33],[55.72,73.33]]],[[[147.02,75.33],[146.41,75.59],[146.07,75.22],[146.18,75.18],[148.64,74.76],[150.6,74.88],[150.95,75.14],[150.47,75.09],[149.33,75.28],[148.58,75.21],[148.45,75.28],[148.57,75.37],[148.39,75.42],[147.41,75.44],[147.11,75.33],[147.02,75.33]]],[[[152.74,76.11],[152.76,76.21],[152.49,76.19],[152.66,76.11],[152.74,76.11]]],[[[149.31,76.75],[148.42,76.66],[149.21,76.66],[149.31,76.75]]],[[[106.65,77.38],[106.9,77.45],[106.57,77.44],[106.5,77.39],[106.62,77.37],[106.65,77.38]]],[[[107.56,77.25],[107.67,77.33],[107.41,77.36],[107.21,77.23],[107.35,77.23],[107.56,77.25]]],[[[88.66,77.12],[88.95,77.13],[88.7,77.14],[88.66,77.12]]],[[[89.65,77.29],[89.26,77.3],[89.17,77.16],[89.67,77.28],[89.65,77.29]]],[[[116.07,74.29],[115.93,74.36],[116.05,74.28],[116.07,74.29]]],[[[112.71,74.5],[112.08,74.55],[111.97,74.38],[111.46,74.32],[112.71,74.09],[113.43,74.39],[112.78,74.5],[112.71,74.5]]],[[[55.44,73.34],[55.93,73.3],[55.91,73.44],[56.16,73.28],[56.75,73.25],[56.76,73.36],[56.91,73.31],[57.25,73.49],[56.73,73.67],[57.33,73.55],[57.61,73.66],[57.33,73.82],[56.57,73.88],[57.4,73.84],[57.7,73.71],[57.94,73.8],[57.91,73.92],[57.26,74.08],[57.52,74.08],[57.41,74.18],[58.12,73.98],[58.22,74.01],[58.14,74.14],[58.38,74.13],[58.28,74.22],[58.58,74.17],[58.74,74.27],[58.19,74.58],[59.15,74.44],[59.12,74.54],[59.29,74.64],[59.17,74.72],[59.87,74.62],[59.51,74.79],[60.24,74.74],[60.37,74.79],[60.2,74.85],[60.68,74.93],[59.93,75],[60.43,75.01],[60.49,75.11],[60.74,75.02],[61.28,75.32],[61.51,75.22],[61.7,75.37],[63.56,75.71],[65,75.79],[68.29,76.28],[68.86,76.54],[68.93,76.78],[67.94,77.01],[66.66,76.9],[65.76,76.68],[66.02,76.54],[65.53,76.58],[64.11,76.31],[62.5,76.18],[61.09,76.28],[60.9,76.15],[61.16,76.13],[60.73,76],[60.47,76.01],[60.81,76.12],[60.27,76.11],[60.04,76.04],[60.33,75.99],[57.99,75.67],[58.18,75.58],[57.51,75.49],[57.74,75.32],[56.87,75.36],[56.73,75.3],[56.91,75.24],[56.48,75.06],[56.35,75.19],[55.93,75.19],[55.73,75.08],[55.92,75.08],[55.89,74.99],[56.68,74.95],[55.82,74.8],[56.98,74.69],[55.53,74.65],[55.53,74.56],[56.28,74.49],[55.36,74.43],[55.23,74.37],[55.74,74.29],[55.08,74.26],[55.86,74.11],[55.02,74.17],[54.59,74.01],[54.8,73.98],[53.63,73.76],[54.19,73.6],[55.17,73.71],[54.37,73.57],[54.25,73.51],[54.3,73.42],[54.04,73.38],[55.02,73.44],[55.42,73.34],[55.44,73.34]]],[[[87.05,74.98],[86.5,74.98],[86.59,74.9],[86.29,74.86],[86.84,74.83],[86.7,74.91],[87.14,74.94],[87.05,74.98]]],[[[85.65,74.79],[85.1,74.75],[85.7,74.73],[85.65,74.79]]],[[[79.2,74.62],[79.44,74.52],[79.61,74.6],[79.19,74.63],[79.2,74.62]]],[[[82.62,74.05],[82.73,74.1],[82.56,74.16],[82.32,74.09],[82.59,74.05],[82.62,74.05]]],[[[83.62,74.09],[82.83,74.1],[83.6,74.07],[83.62,74.09]]],[[[84.42,74.04],[83.88,74.01],[84.41,73.96],[84.42,74.04]]],[[[86.21,74.53],[85.82,74.57],[85.66,74.47],[86.21,74.51],[86.21,74.53]]],[[[84.94,74.48],[84.38,74.45],[84.92,74.47],[84.94,74.48]]],[[[85.44,74.45],[85.65,74.53],[85.37,74.58],[85.15,74.54],[85.39,74.45],[85.44,74.45]]],[[[142.15,73.89],[141.08,73.87],[140.42,73.48],[139.71,73.44],[139.71,73.35],[140.81,73.45],[142.36,73.24],[143.51,73.23],[143.43,73.52],[142.34,73.86],[142.15,73.89]]],[[[125.83,73.52],[125.8,73.64],[125.71,73.54],[125.81,73.51],[125.83,73.52]]],[[[124.54,73.85],[124.62,73.91],[124.34,73.93],[124.51,73.84],[124.54,73.85]]],[[[86.69,73.59],[86.89,73.7],[86.42,73.59],[86.69,73.59]]],[[[86.91,73.64],[87.18,73.71],[87.2,73.82],[86.87,73.63],[86.91,73.64]]],[[[141.02,73.99],[141.06,74.23],[140.21,74.24],[140.07,74.09],[140.31,73.93],[140.97,73.97],[141.02,73.99]]],[[[135.65,74.2],[135.36,74.25],[135.42,74.17],[136.16,73.87],[136.26,73.99],[135.89,74.13],[135.65,74.2]]],[[[82.11,75.41],[82.01,75.44],[82.14,75.52],[81.5,75.36],[81.87,75.31],[82,75.17],[82.04,75.34],[82.28,75.33],[82.13,75.41],[82.11,75.41]]],[[[135.65,75.36],[136.01,75.42],[135.96,75.51],[136.18,75.61],[135.71,75.85],[135.54,75.67],[135.51,75.36],[135.65,75.36]]],[[[58.83,75.9],[59.24,75.99],[58.75,75.9],[58.83,75.9]]],[[[82.25,75.87],[81.6,75.94],[82.23,75.86],[82.25,75.87]]],[[[82.97,75.97],[82.37,75.94],[83.08,75.96],[82.97,75.97]]],[[[139.19,76.07],[138.73,76.22],[138.45,76.06],[138.34,76.15],[137.5,75.97],[137.43,75.88],[137.74,75.75],[137.17,75.78],[137.07,75.72],[137.15,75.65],[136.97,75.61],[137.21,75.64],[137.29,75.59],[137.13,75.42],[137.4,75.35],[136.86,75.35],[137.14,75.13],[137.77,74.99],[137.87,74.85],[139,74.65],[139.39,74.7],[139.57,74.85],[139.46,74.93],[139.65,74.98],[140.06,74.83],[141.98,75],[142.23,75],[142.33,74.92],[141.97,74.94],[142.44,74.81],[143.64,74.92],[143.6,75.01],[142.63,75.09],[142.21,75.33],[142.14,75.59],[142.45,75.71],[143.04,75.66],[142.51,75.46],[142.5,75.36],[142.9,75.14],[143.9,75.03],[144.35,75.04],[144.94,75.27],[144.67,75.33],[144.71,75.42],[145.38,75.52],[143.9,75.84],[142.56,75.86],[141.36,76.18],[141.61,76.02],[140.97,76.04],[140.87,75.74],[141.06,75.64],[140.65,75.62],[140.43,75.65],[140.54,75.75],[140.44,75.81],[139.29,76.06],[139.19,76.07]]],[[[140.9,76.06],[141.08,76.11],[140.86,76.1],[140.9,76.06]]],[[[95,76.27],[94.41,76.21],[94.86,76.18],[95,76.27]]],[[[96.37,76.3],[95.35,76.29],[95.29,76.2],[96.36,76.1],[96.35,76.26],[96.57,76.15],[96.65,76.25],[96.37,76.3]]],[[[113.44,76.37],[113.14,76.4],[113.42,76.36],[113.44,76.37]]],[[[97,76.28],[96.83,76.34],[96.76,76.17],[96.97,76.28],[97,76.28]]],[[[97.62,76.78],[97.11,76.76],[97.6,76.75],[97.62,76.78]]],[[[112.52,76.62],[111.96,76.6],[112.45,76.45],[112.71,76.52],[112.57,76.55],[112.52,76.62]]],[[[97.55,76.58],[97.42,76.72],[97.32,76.6],[97.52,76.58],[97.55,76.58]]],[[[96.47,76.7],[95.91,76.66],[96.36,76.63],[96.47,76.7]]],[[[95.32,76.66],[94.83,76.66],[95.3,76.65],[95.32,76.66]]],[[[88.66,77.12],[88.7,77.02],[88.83,77.08],[88.67,77.11],[88.66,77.12]]],[[[96.58,77.13],[96.46,77.21],[95.25,77.01],[95.94,77.02],[95.71,76.95],[96.46,77.07],[96.58,77.13]]]]}},{"type":"Feature","properties":{"NAME":"Soviet Union","ABBREVN":"Soviet Union","SUBJECTO":"Soviet Union","BORDERPRECISION":3,"PARTOF":"Soviet Union"},"geometry":{"type":"MultiPolygon","coordinates":[[[[23.33,58.45],[22.91,58.62],[21.84,58.51],[22.01,58.36],[21.84,58.29],[22.19,58.15],[22.02,57.91],[22.37,58.22],[23.26,58.43],[23.33,58.45]]],[[[22.8,59],[22.58,59.07],[22.06,58.95],[22.38,58.89],[22.52,58.69],[23.05,58.84],[22.85,59],[22.8,59]]],[[[163.47,58.49],[164.11,58.8],[164.68,58.9],[164.56,59.24],[163.77,59.02],[163.69,58.74],[163.39,58.56],[163.46,58.47],[163.47,58.49]]],[[[23.06,58.61],[23.37,58.53],[23.14,58.67],[23.06,58.61]]],[[[23.12,59.03],[23.38,58.97],[23.14,59.04],[23.12,59.03]]],[[[150.59,59.02],[150.74,59.09],[150.66,59.15],[150.53,59],[150.59,59.02]]],[[[35.79,64.97],[35.87,65.03],[35.78,65.19],[35.52,65.13],[35.74,64.97],[35.79,64.97]]],[[[40.43,64.57],[40.34,64.76],[40.15,64.75],[40.28,64.64],[39.98,64.68],[40.4,64.58],[40.43,64.57]]],[[[-172.44,64.72],[-172.17,64.8],[-172.46,64.86],[-172.6,64.7],[-172.44,64.72]]],[[[154.03,48.73],[154.22,48.88],[154.13,48.91],[154,48.72],[154.03,48.73]]],[[[152.22,47.17],[151.71,46.84],[151.8,46.77],[152.02,46.89],[152.21,47.13],[152.22,47.17]]],[[[154.79,49.29],[154.9,49.62],[154.81,49.64],[154.6,49.37],[154.71,49.26],[154.79,49.29]]],[[[154.58,49.1],[154.47,49.17],[154.51,49.07],[154.58,49.1]]],[[[168.11,54.51],[167.46,54.87],[168.08,54.5],[168.11,54.51]]],[[[137.18,55.11],[136.69,54.94],[137.08,54.94],[137.18,55.11]]],[[[137.99,54.89],[138.2,55.05],[137.63,55.2],[137.25,54.85],[137.26,54.77],[137.49,54.87],[137.71,54.62],[137.98,54.87],[137.99,54.89]]],[[[166.12,55.33],[165.84,55.26],[166.66,54.68],[166.64,54.85],[166.17,55.32],[166.12,55.33]]],[[[137.78,54.37],[137.87,54.51],[137.72,54.36],[137.78,54.37]]],[[[156.41,50.66],[156.47,50.87],[156.16,50.71],[156.4,50.63],[156.41,50.66]]],[[[155.62,50.81],[155.64,50.92],[155.5,50.93],[155.59,50.8],[155.62,50.81]]],[[[155.79,50.19],[156.15,50.52],[156.04,50.77],[155.67,50.39],[155.25,50.3],[155.23,50.05],[155.76,50.18],[155.79,50.19]]],[[[144.05,49.9],[143.79,50.29],[143.52,51.27],[143.38,51.35],[143.45,51.5],[143.37,51.64],[143.22,51.53],[143.31,51.73],[143.12,51.96],[143.15,52.38],[143.26,52.59],[143.2,52.35],[143.32,52.53],[143.29,53.14],[142.88,53.81],[143.01,54.13],[142.69,54.42],[142.64,54.26],[142.39,54.24],[142.72,53.93],[142.61,53.69],[142.79,53.8],[142.71,53.63],[142.5,53.66],[142.51,53.55],[142.68,53.52],[142.35,53.36],[142.22,53.52],[141.77,53.37],[141.92,53.01],[141.84,52.58],[141.65,52.37],[141.65,51.89],[142.27,51.1],[142.04,50.54],[142.15,50.35],[142.13,49.89],[144.05,49.9]]],[[[69.28,66.79],[69.87,66.47],[70.1,66.53],[70.09,66.68],[69.41,66.81],[69.28,66.79]]],[[[42.71,66.69],[42.5,66.79],[42.67,66.68],[42.71,66.69]]],[[[-177.63,68.32],[-178.38,68.55],[-177.71,68.34],[-177.95,68.29],[-178.06,68.43],[-178.74,68.54],[-178.72,68.66],[-178.49,68.58],[-178.92,68.77],[-180,68.98],[-180,65.07],[-179.7,65.16],[-179.54,65.43],[-179.32,65.53],[-179.8,65.87],[-179.76,66.12],[-179.28,66.17],[-179.42,66.34],[-179.18,66.29],[-179.17,66.41],[-178.99,66.17],[-178.53,66.4],[-178.54,66.16],[-178.91,65.99],[-178.46,65.73],[-178.56,65.51],[-177.47,65.49],[-177.02,65.61],[-176.08,65.47],[-175.78,65.16],[-175.91,65.02],[-175.45,64.78],[-174.85,64.78],[-173.67,64.35],[-173.36,64.46],[-173.42,64.62],[-173.28,64.52],[-173.43,64.33],[-173.19,64.25],[-172.9,64.34],[-172.88,64.45],[-173.03,64.5],[-172.83,64.53],[-172.66,64.39],[-172.36,64.46],[-173.08,64.66],[-172.79,64.76],[-172.9,64.83],[-173.2,64.78],[-172.13,65.08],[-172.31,65.22],[-172.7,65.24],[-172.24,65.25],[-172.19,65.45],[-172.4,65.42],[-172.43,65.59],[-172.8,65.67],[-171.84,65.53],[-172.08,65.48],[-171.07,65.48],[-171.02,65.58],[-171.54,65.84],[-170.64,65.61],[-170.45,65.92],[-169.69,66.08],[-170.22,66.14],[-170.33,66.18],[-170.2,66.25],[-170.35,66.29],[-170.64,66.24],[-170.51,66.34],[-171.36,66.66],[-171.73,66.96],[-173.01,67.06],[-172.44,66.94],[-173.14,67],[-173.16,66.86],[-173.36,66.84],[-173.17,67.06],[-173.63,67.13],[-174.65,67.06],[-174.1,66.97],[-174,66.69],[-174.3,66.58],[-173.76,66.45],[-174.04,66.21],[-174.02,66.48],[-174.47,66.3],[-174.48,66.53],[-174.99,66.67],[-174.74,66.77],[-174.95,67.1],[-174.83,67.39],[-175.38,67.34],[-175.19,67.51],[-175.46,67.71],[-177.36,68.25],[-177.68,68.22],[-177.75,68.26],[-177.63,68.3],[-177.63,68.32]]],[[[50.8,68.37],[51.45,68.48],[50.81,68.4],[50.8,68.37]]],[[[66.52,68.96],[65.96,69.09],[66.53,68.94],[66.52,68.96]]],[[[169.45,69.81],[168.32,70.02],[167.76,69.83],[168.83,69.57],[169.18,69.57],[169.28,69.76],[169.41,69.76],[169.45,69.81]]],[[[161.78,69.56],[161.84,69.65],[161.71,69.65],[161.76,69.55],[161.78,69.56]]],[[[59.46,70.28],[59,70.47],[58.63,70.33],[58.82,70.22],[58.43,70.27],[59.02,69.85],[59.12,69.87],[58.95,69.94],[59.39,69.89],[59.61,69.81],[59.6,69.71],[59.91,69.67],[60.55,69.8],[60.42,69.95],[59.64,70.2],[59.46,70.28]]],[[[83.11,70.19],[82.78,70.22],[83.11,70.14],[83.11,70.19]]],[[[83.56,70.52],[83.39,70.36],[83.52,70.37],[83.58,70.53],[83.56,70.52]]],[[[161.16,69.08],[161.52,68.94],[161.32,69.24],[161.37,69.54],[161.06,69.43],[161.17,69.32],[161.14,69.09],[161.16,69.08]]],[[[59.24,69.18],[58.77,69.33],[59.25,69.14],[59.24,69.18]]],[[[50.31,69.16],[49.35,69.49],[48.94,69.51],[48.32,69.28],[48.22,68.89],[48.79,68.72],[50.33,69.12],[50.31,69.16]]],[[[161.53,69.42],[161.63,69.57],[161.48,69.64],[161.37,69.41],[161.49,69.41],[161.53,69.42]]],[[[67.13,69.36],[67.21,69.43],[66.96,69.46],[67.11,69.36],[67.13,69.36]]],[[[67.26,69.45],[67.34,69.59],[67.14,69.57],[67.02,69.48],[67.22,69.44],[67.26,69.45]]],[[[180,71.54],[178.62,71.05],[178.79,70.8],[180,71],[180,71.54]]],[[[127.17,71.94],[126.9,72.02],[127.14,71.9],[127.17,71.94]]],[[[137.96,71.51],[137.01,71.53],[137.68,71.41],[137.92,71.49],[137.96,71.51]]],[[[126.67,72.19],[126.63,72.36],[126.52,72.31],[126.65,72.19],[126.67,72.19]]],[[[77.76,72.3],[78.39,72.48],[77.62,72.63],[76.86,72.32],[77.54,72.28],[77.76,72.3]]],[[[128.14,72.58],[127.28,72.61],[126.65,72.43],[127.5,72.44],[129.01,72.07],[129.48,72.13],[129.25,72.13],[129.56,72.22],[129.32,72.29],[129.49,72.35],[129.24,72.47],[128.57,72.49],[128.14,72.58]]],[[[129.23,72.83],[128.42,72.9],[128.32,72.81],[129.3,72.8],[129.23,72.83]]],[[[128.8,72.56],[128.97,72.6],[128.73,72.67],[128.1,72.63],[128.77,72.54],[128.8,72.56]]],[[[129.34,72.7],[128.28,72.79],[127.39,72.69],[129.21,72.66],[129.34,72.7]]],[[[122.96,72.86],[122.32,72.95],[122.68,72.83],[123.37,72.76],[123,72.86],[122.96,72.86]]],[[[74.68,72.86],[74.76,73.09],[74.49,73.13],[74.1,73],[74.65,72.86],[74.68,72.86]]],[[[79.56,72.73],[79.54,72.91],[79.13,73.09],[78.6,72.8],[79.53,72.72],[79.56,72.73]]],[[[119.63,73.12],[120.21,73.04],[120.28,73.1],[120.11,73.15],[119.73,73.15],[119.63,73.12]]],[[[57.2,70.51],[56.85,70.6],[57.13,70.49],[57.2,70.51]]],[[[161.66,70.81],[161.46,70.8],[161.69,70.75],[161.66,70.81]]],[[[83.26,70.88],[83.06,70.98],[83.22,70.86],[83.26,70.88]]],[[[160.62,70.81],[160.72,70.83],[160.51,70.93],[160.41,70.92],[160.54,70.81],[160.62,70.81]]],[[[83.47,70.49],[83.55,70.58],[83.37,70.56],[83.45,70.49],[83.47,70.49]]],[[[83.37,70.69],[83.46,70.74],[83.37,70.82],[83.21,70.81],[83.1,70.39],[83.31,70.46],[83.23,70.52],[83.33,70.68],[83.37,70.69]]],[[[-178.57,71.56],[-180,71.54],[-180,71],[-179.5,70.91],[-177.49,71.17],[-177.5,71.28],[-178.43,71.54],[-178.57,71.56]]],[[[52.86,71.38],[52.21,71.3],[52.65,71.22],[53.02,70.96],[53.22,71.2],[52.78,71.31],[53.01,71.28],[52.89,71.37],[52.86,71.38]]],[[[82.41,70.88],[82.5,70.96],[82.38,70.99],[82.4,70.88],[82.41,70.88]]],[[[34.73,46.11],[35.34,45.29],[35.06,45.37],[34.99,45.63],[34.46,45.77],[34.64,45.94],[34.36,45.88],[34.36,46.02],[34.18,46.03],[34.14,45.94],[33.67,46.22],[34.13,46.12],[34.16,46.28],[34.54,46.18],[34.41,46.01],[34.54,45.98],[35.2,46.44],[35.35,46.35],[34.98,46.09],[35.12,46.11],[35.91,46.65],[36.76,46.75],[37.32,46.9],[37.56,47.09],[38.13,47.06],[38.6,47.24],[38.77,47.25],[38.56,47.22],[38.56,47.11],[39.27,47.25],[39.26,47.01],[38.41,46.83],[38.38,46.71],[38.58,46.66],[37.74,46.67],[37.9,46.41],[38.57,46.04],[38.22,46.14],[38.1,45.94],[38.1,46.05],[37.95,46.03],[37.85,45.78],[37.59,45.63],[37.58,45.43],[37.7,45.56],[37.73,45.3],[37.52,45.36],[37.11,45.23],[36.83,45.44],[36.67,45.33],[36.96,45.28],[36.63,45.13],[37.2,44.98],[37.48,44.67],[37.76,44.63],[37.78,44.72],[38.22,44.38],[38.75,44.27],[39.92,43.41],[41.44,42.73],[41.78,41.84],[41.53,41.52],[42.46,41.43],[42.6,41.58],[42.83,41.58],[43.67,40.93],[43.74,40.67],[43.58,40.45],[43.67,40.1],[44.49,39.96],[45.43,39],[46.54,38.88],[46.85,39.16],[47.98,39.72],[48.36,39.39],[48.12,39.28],[48.33,39.03],[48.02,38.83],[48.66,38.39],[48.87,38.45],[48.96,39.18],[49.15,39.09],[49.06,38.97],[49.16,38.99],[49.24,39.29],[49.4,39.35],[49.28,39.49],[49.49,40.16],[49.92,40.34],[50.37,40.26],[50.35,40.38],[50.08,40.56],[49.53,40.66],[49.04,41.42],[47.73,42.64],[47.69,42.87],[47.45,43.09],[47.68,43.87],[47.55,43.87],[47.41,43.5],[47.49,43.81],[47.04,44.35],[46.7,44.45],[46.72,44.6],[47.07,44.78],[47.57,45.56],[47.39,45.74],[47.65,45.56],[47.56,45.77],[47.83,45.66],[48.57,45.96],[48.76,45.85],[48.63,46.08],[49.3,46.26],[49.22,46.38],[49.37,46.39],[49.32,46.56],[49.83,46.56],[50.43,46.9],[51.16,47.11],[52.09,46.81],[52.45,47],[53.06,46.89],[53.21,46.64],[53,46.48],[53.16,46.27],[52.73,45.55],[53.23,45.34],[51.41,45.37],[50.96,44.85],[51.56,44.51],[50.31,44.65],[50.23,44.37],[50.83,44.21],[51.32,43.44],[51.27,43.15],[51.65,43.18],[51.9,42.85],[52.73,42.71],[52.41,42.09],[52.43,41.76],[52.85,41.07],[52.92,41.67],[52.82,41.7],[52.95,41.98],[53.61,42.14],[53.9,42.07],[54.07,41.48],[54.73,41.1],[54.71,40.87],[54.25,40.88],[54.42,40.71],[54.35,40.67],[53.74,40.62],[53.59,40.89],[53.46,40.73],[53.11,40.77],[52.92,41.08],[52.74,40.5],[52.74,40.05],[53.01,39.76],[52.93,39.99],[53.58,39.96],[53.41,39.67],[53.73,39.52],[53.21,39.52],[53.26,39.65],[53.12,39.43],[53.17,39.17],[53.16,39.34],[53.58,39.32],[53.64,39.12],[53.97,38.94],[53.8,37.93],[53.91,37.35],[54.67,37.44],[54.83,37.75],[55.47,38.09],[56.22,38.07],[56.44,38.26],[57.21,38.28],[57.45,37.94],[58.17,37.8],[58.41,37.64],[58.93,37.67],[59.34,37.54],[59.48,37.23],[60.02,37.04],[60.33,36.66],[61.15,36.65],[61.25,35.63],[61.6,35.44],[62.04,35.44],[62.31,35.15],[63.09,35.43],[63.12,35.86],[64.47,36.25],[64.62,36.42],[64.79,37.12],[65.56,37.26],[65.7,37.53],[65.07,37.62],[64.87,37.83],[64.06,38.2],[63.28,38.87],[62.81,39.07],[62.21,39.61],[61.93,40.07],[61.12,40.65],[58.82,40.85],[57.14,41.2],[57.11,42.12],[57.5,42.4],[57.87,42.41],[57.62,43.14],[58.22,43.01],[58.53,43.11],[58.19,43.67],[58.35,43.73],[58.56,44.14],[59.54,43.93],[59.38,43.61],[59.1,43.45],[59.2,42.92],[59.55,42.41],[60.29,42.16],[60.65,41.69],[62.01,41.03],[64.37,41.36],[65.64,40.91],[66.72,40.73],[66.65,40.36],[66.21,40.48],[65.98,40.41],[65.79,39.38],[66.56,39.43],[68.41,38.98],[69.8,39.29],[70.82,39.3],[71.27,39.54],[71.5,39.53],[72.12,39.03],[72.25,37.71],[72.63,37.44],[72.73,37.14],[73.44,37.48],[73.78,37.43],[73.62,37.26],[73.74,37.22],[74.25,37.41],[74.67,37.39],[74.92,37.24],[75.19,37.41],[74.9,37.65],[74.99,37.79],[74.79,38.2],[74.85,38.47],[74.35,38.67],[73.94,38.54],[73.71,38.86],[73.85,38.97],[73.62,39.24],[73.66,39.46],[73.95,39.6],[73.84,39.77],[74.02,40.07],[74.88,40.33],[74.86,40.52],[75.23,40.45],[75.58,40.64],[75.7,40.3],[76.33,40.35],[76.87,41.01],[78.08,41.04],[78.67,41.53],[79.79,41.89],[79.9,42.02],[80.27,42.05],[80.17,42.66],[80.26,42.82],[80.57,42.89],[80.38,43.03],[80.82,43.17],[80.37,44.11],[80.38,44.64],[80.52,44.73],[79.87,44.9],[81.68,45.35],[81.98,45.15],[82.3,45.24],[82.57,45.13],[82.65,45.44],[82.32,45.58],[83.01,46.95],[83.03,47.2],[83.93,46.97],[84.68,46.99],[84.74,46.83],[85.52,47.06],[85.7,47.26],[85.54,47.97],[85.74,48.36],[86.6,48.54],[86.78,48.72],[86.73,48.97],[86.88,49.11],[87.47,49.08],[88.09,49.23],[88.22,49.46],[89.19,49.51],[89.22,49.64],[89.37,49.58],[89.72,49.72],[89.64,49.9],[90.07,50.09],[92.32,50.81],[92.67,50.68],[92.97,50.79],[93.09,50.6],[94.24,50.58],[94.4,50.2],[94.63,50.03],[95.52,49.9],[96.07,50.01],[97.35,49.74],[98.2,50.16],[98.33,50.51],[98.05,50.64],[97.83,51],[98.06,51.46],[98.24,51.47],[98.34,51.72],[98.73,51.84],[98.93,52.14],[99.98,51.74],[100.53,51.74],[102.22,51.33],[102.31,50.59],[102.89,50.32],[103.71,50.14],[105.31,50.48],[106.24,50.3],[106.74,50.33],[107.25,50],[107.98,49.93],[107.95,49.69],[108.56,49.33],[109.2,49.36],[110.74,49.14],[111.33,49.34],[113.1,49.6],[113.21,49.82],[114.32,50.28],[114.88,50.22],[115.39,49.9],[116.25,50.03],[117.17,49.65],[117.87,49.52],[118.64,49.95],[119.32,50.1],[119.35,50.35],[119.14,50.39],[119.29,50.6],[119.51,50.75],[120.06,51.62],[120.71,51.98],[120.78,52.16],[120.63,52.34],[120.71,52.54],[120.08,52.59],[120.03,52.77],[120.87,53.28],[123.61,53.54],[124.4,53.21],[125.13,53.2],[125.62,53.05],[125.73,52.98],[125.66,52.88],[126.1,52.76],[125.99,52.58],[126.33,52.4],[126.32,52.19],[126.55,52.13],[126.44,51.99],[126.91,51.38],[126.82,51.27],[126.97,51.32],[126.93,51.06],[127.29,50.74],[127.33,50.31],[127.58,50.21],[127.52,49.81],[127.82,49.59],[128.79,49.57],[129.08,49.35],[129.49,49.42],[130.22,48.86],[130.64,48.88],[130.52,48.61],[130.83,48.29],[130.66,48.11],[130.99,47.69],[132.54,47.71],[133.08,48.1],[133.48,48.07],[133.75,48.25],[134.42,48.39],[134.72,48.27],[134.56,47.99],[134.76,47.7],[134.18,47.32],[134.22,47.1],[133.85,46.48],[133.9,46.25],[133.52,45.88],[133.47,45.62],[133.15,45.45],[133.12,45.12],[132.93,45.02],[131.87,45.35],[131.47,44.97],[130.95,44.84],[131.3,44.05],[131.19,43.54],[131.31,43.39],[131.13,42.92],[130.43,42.74],[130.61,42.62],[130.66,42.32],[130.87,42.52],[130.71,42.69],[131.22,42.56],[131.81,43.33],[132.05,43.31],[131.84,43.08],[131.95,43.06],[132.35,43.29],[132.31,42.85],[132.77,42.87],[132.8,42.76],[132.99,42.82],[133.15,42.68],[133.94,42.89],[135.13,43.5],[135.89,44.4],[136.18,44.51],[136.37,44.79],[138.1,46.22],[138.57,47.04],[139.03,47.39],[139.28,47.81],[140.18,48.45],[140.21,48.76],[140.39,48.97],[140.34,49.27],[140.55,49.56],[140.41,49.87],[140.69,50.09],[140.53,50.13],[140.46,50.7],[140.71,51.03],[140.69,51.32],[140.87,51.36],[140.8,51.46],[140.91,51.61],[141.42,51.92],[141.31,52.03],[141.51,52.21],[141.12,52.43],[141.31,52.66],[141.2,52.84],[140.71,53.12],[141.18,52.98],[141.44,53.15],[141.41,53.29],[140.58,53.63],[140.26,53.86],[140.24,54.05],[139.75,54.31],[139.34,54.18],[138.66,54.29],[138.78,54.02],[138.47,53.52],[138.24,53.56],[138.57,53.81],[138.55,53.99],[137.9,53.57],[137.31,53.53],[137.23,53.6],[137.86,53.96],[137.29,54.08],[137.74,54.31],[137.19,54.22],[137.06,54.14],[137.28,54.04],[137.18,53.84],[136.76,53.77],[136.65,53.92],[136.81,54.13],[136.81,54.65],[135.73,54.57],[135.16,54.86],[137.73,56.18],[138.65,56.99],[139.84,57.51],[140.01,57.7],[140.5,57.83],[140.68,58.23],[140.9,58.38],[141.7,58.69],[142.3,59.14],[143.21,59.38],[145.91,59.41],[145.8,59.27],[145.99,59.15],[146.31,59.18],[146.33,59.39],[146.49,59.46],[147.49,59.24],[148.25,59.42],[148.41,59.26],[148.9,59.24],[148.96,59.38],[148.72,59.37],[148.71,59.47],[149.21,59.47],[149.03,59.63],[149.48,59.77],[150.71,59.58],[150.46,59.49],[150.71,59.44],[150.94,59.47],[150.9,59.57],[151.39,59.57],[151.75,59.3],[152.28,59.22],[151.08,59.11],[151.31,58.84],[152.36,59.02],[152.88,58.92],[153.36,59.24],[154.02,59.05],[154.45,59.22],[154.74,59.13],[155.14,59.2],[155.19,59.36],[154.44,59.55],[154.5,59.43],[154.11,59.46],[154.3,59.64],[154.23,59.88],[154.47,59.92],[154.9,60.34],[155.9,60.76],[155.94,60.92],[156.35,61.16],[156.66,61.21],[156.7,61.53],[157.43,61.79],[158.02,61.73],[159.25,61.92],[159.53,61.66],[160.35,61.95],[160.38,61.78],[159.85,61.31],[159.95,61.14],[159.78,60.94],[160.39,61.03],[160.17,60.83],[160.14,60.59],[160.4,60.74],[160.8,60.74],[162.41,61.67],[162.74,61.6],[162.65,61.69],[162.84,61.72],[163.01,61.52],[163.28,61.66],[162.95,61.8],[163.14,62.05],[163.13,62.28],[163.35,62.36],[163.16,62.44],[163.23,62.53],[164.37,62.71],[165.57,62.47],[165.09,62.46],[165.33,62.32],[164.53,62.46],[164.12,62.28],[164.04,61.71],[163.75,61.45],[164.01,61.33],[163.51,61.05],[163.73,60.94],[163.64,60.88],[162.9,60.77],[161.91,60.42],[161.92,60.24],[160.86,59.62],[160.48,59.54],[159.79,59.08],[159.5,58.71],[158.23,58.02],[157.64,58],[157.43,57.79],[156.98,57.85],[156.76,57.74],[156.92,57.66],[156.98,57.42],[156.7,57.11],[155.94,56.65],[155.54,55.33],[156.1,52.85],[156.26,52.57],[156.44,52.52],[156.28,52.52],[156.45,52.14],[156.52,51.32],[156.75,51.08],[156.66,50.88],[158.28,51.94],[158.32,52.13],[158.56,52.31],[158.42,52.65],[158.55,52.62],[158.64,52.9],[158.45,52.9],[158.44,53.03],[158.61,53.05],[158.72,52.89],[159.61,53.26],[160.05,53.1],[159.8,53.52],[159.95,53.47],[159.82,53.66],[160.01,54.14],[160.73,54.53],[161.69,54.5],[162.11,54.76],[162.15,54.86],[161.81,55.14],[161.71,55.49],[162.09,56.1],[162.57,56.27],[162.39,56.39],[162.9,56.43],[162.99,56.55],[163.07,56.48],[162.65,56.19],[163.03,56.02],[163.35,56.2],[163.21,56.74],[162.92,56.7],[162.78,56.85],[162.74,57.36],[163.16,57.59],[163.28,57.74],[163.21,57.84],[162.56,57.95],[162.34,57.69],[161.94,58.07],[162.41,58.68],[163.01,58.97],[162.88,59.13],[163.19,59.05],[163.06,59.24],[163.3,59.26],[163.33,59.39],[163.18,59.57],[163.39,59.63],[163.36,59.82],[163.7,59.9],[163.64,60.05],[164.04,60.03],[164.05,59.87],[164.15,59.87],[164.32,60.09],[164.49,60.11],[164.82,59.78],[165.18,59.98],[165,60.13],[165.23,60.1],[166.35,60.49],[166.1,59.91],[166.17,59.82],[167.05,60.32],[168.11,60.57],[169.26,60.62],[169.7,60.41],[169.93,60.07],[170.24,59.91],[170.41,59.98],[170.64,60.42],[171.95,60.85],[171.95,60.95],[172.02,60.85],[172.2,60.96],[172.02,61.09],[172.45,61.04],[172.34,61.22],[172.96,61.3],[172.71,61.43],[173.16,61.4],[173.49,61.56],[173.57,61.75],[173.87,61.68],[174.08,61.84],[174.51,61.81],[174.72,61.89],[174.6,61.98],[174.77,61.92],[176.28,62.31],[176.68,62.54],[177.24,62.57],[176.93,62.66],[177,62.87],[177.19,62.7],[177.45,62.81],[177.32,62.74],[177.37,62.57],[179.1,62.29],[179.13,62.48],[179.55,62.62],[179.54,62.84],[179.24,63.01],[179.41,63.14],[178.82,63.34],[179,63.32],[178.78,63.59],[178.81,63.44],[178.68,63.38],[178.59,63.41],[178.7,63.57],[178.26,63.57],[178.76,63.64],[178.66,63.94],[178.38,63.97],[178.48,64.12],[178.35,64.3],[178.09,64.2],[177.63,64.32],[177.36,64.54],[177.49,64.76],[176.74,64.56],[176.45,64.69],[176.11,64.54],[176.42,64.7],[176.06,64.9],[175.68,64.75],[174.45,64.69],[175.69,64.78],[176.06,64.95],[176.43,64.81],[177.15,64.78],[177.3,64.83],[176.96,65.04],[176.31,65.05],[176.92,65.08],[177.44,64.92],[177.61,64.72],[178.7,64.7],[178.56,64.59],[180,65.07],[180,68.98],[179.72,69],[179.55,69.11],[179.95,69],[179.3,69.26],[178.69,69.28],[178.68,69.36],[179.04,69.34],[176.74,69.67],[176.12,69.89],[173.93,69.85],[173.44,69.95],[173.17,69.89],[173.46,69.81],[173.2,69.78],[172.64,69.97],[170.42,70.13],[170.56,70.08],[170.57,69.78],[170.12,69.61],[170.58,69.6],[171.03,69.04],[170.76,68.96],[170.7,68.8],[170.62,68.91],[170.46,68.86],[170.61,68.76],[169.59,68.78],[169.37,69.08],[168.28,69.24],[168.19,69.38],[168.26,69.53],[167.78,69.78],[166.9,69.49],[164.53,69.6],[164.01,69.77],[162.23,69.65],[161.45,69.39],[161.58,68.91],[161.14,68.56],[160.84,68.52],[161.07,68.56],[161.41,68.98],[160.97,69.11],[161,69.58],[159.73,69.83],[159.88,70.08],[159.79,70.14],[160.09,70.24],[160.04,70.41],[159.68,70.67],[159.04,70.87],[157.9,71.05],[155.81,71.09],[152.61,70.83],[151.66,70.98],[152.13,71.02],[151.46,71.34],[150.99,71.39],[150.61,71.28],[150.68,71.39],[150.02,71.21],[150.52,71.34],[150.64,71.51],[149.87,71.46],[150.1,71.59],[149.96,71.66],[148.83,71.67],[149.04,71.76],[148.84,71.8],[149.13,71.77],[149.34,71.9],[149.67,71.76],[150.07,71.88],[149.72,72.12],[149.19,72.22],[147.22,72.33],[146.08,71.79],[144.92,71.69],[144.89,71.77],[145.21,71.84],[144.97,71.97],[145.32,71.87],[145.8,71.93],[145.62,72.08],[145.74,72.21],[145.62,72.24],[145.9,72.2],[145.99,72.07],[146.34,72.12],[146,72.03],[145.99,71.85],[146.92,72.3],[144.53,72.17],[144.14,72.26],[144.54,72.23],[144.89,72.43],[146.84,72.34],[145.25,72.57],[141.99,72.72],[140.75,72.89],[140.58,72.87],[141.02,72.69],[141,72.57],[139.54,72.49],[139.09,72.23],[139.26,72.13],[140.19,72.21],[139.86,72.16],[139.65,71.95],[139.34,71.95],[139.74,71.84],[139.73,71.67],[139.93,71.48],[139.2,71.41],[138.73,71.64],[138.46,71.53],[138.49,71.61],[138.1,71.58],[137.83,71.39],[138.22,71.26],[137.78,71.25],[138.07,71.14],[137.86,71.11],[137.28,71.39],[136.01,71.63],[134.45,71.37],[133.92,71.39],[132.74,71.76],[132.72,71.94],[132.11,71.52],[131.94,71.25],[132.18,71.22],[131.84,71.2],[131.57,70.9],[131.18,70.73],[130.9,70.76],[130.78,70.97],[130.51,70.88],[129.74,71.12],[129.18,71.59],[128.84,71.6],[128.93,71.71],[129.53,71.72],[129.07,72],[129.18,71.8],[128.71,71.77],[128.26,72.11],[127.66,72.35],[126.72,72.39],[126.97,72.05],[127.33,71.89],[127.19,71.75],[127.31,71.49],[127.22,71.39],[127.13,71.85],[126.4,72.34],[126.09,72.27],[124.71,72.63],[121.87,72.97],[119.81,73.02],[120.56,72.88],[119.92,72.92],[118.39,73.24],[118.35,73.41],[118.47,73.48],[118.99,73.49],[118.66,73.57],[115.39,73.7],[113.55,73.52],[113.62,73.4],[114.03,73.34],[113.54,73.24],[113.51,72.94],[113.16,72.82],[113.37,72.68],[114.09,72.59],[113.19,72.72],[113.11,72.86],[113.48,72.96],[113.5,73.34],[113.14,73.45],[113.42,73.64],[112.89,73.97],[112.95,73.8],[112.84,73.75],[112.1,73.71],[111.32,73.84],[111.2,73.97],[111.52,74.05],[111.14,74.03],[111,73.9],[110.11,74.02],[109.53,73.82],[109.65,73.68],[110.69,73.79],[110.89,73.77],[110.85,73.67],[109.75,73.45],[109.18,73.54],[109.42,73.41],[108.24,73.3],[108.35,73.22],[106.34,73.19],[106.17,73.1],[106.28,72.96],[105.21,72.76],[105.84,73],[106.04,73.26],[106.8,73.34],[107.16,73.62],[108.19,73.67],[109.08,74.04],[109.85,74.18],[109.97,74.3],[109.58,74.31],[111.4,74.69],[111.79,74.66],[112.14,74.88],[113.4,75.19],[113.67,75.36],[113.53,75.39],[113.72,75.41],[113.68,75.5],[113.34,75.53],[113.25,75.65],[112.86,75.54],[112.87,75.71],[112.35,75.85],[113.59,75.66],[113.42,75.54],[113.51,75.53],[113.89,75.85],[113.78,75.94],[113.55,75.87],[113.47,76.14],[113.27,76.26],[112.93,76.26],[113.26,76.14],[112.59,76.04],[112.85,76.14],[112.51,76.24],[112.74,76.33],[112.27,76.45],[111.91,76.36],[112.19,76.47],[111.1,76.76],[107.92,76.73],[108,76.63],[107.63,76.5],[106.39,76.51],[106.4,76.6],[106.64,76.58],[107.5,76.92],[106.88,77.05],[105.45,76.98],[105.91,77.14],[104.12,77.09],[106.28,77.37],[105.84,77.57],[105.35,77.54],[104.3,77.73],[103.23,77.66],[100.91,76.97],[100.87,76.83],[101.23,76.75],[100.88,76.55],[102.24,76.38],[100.86,76.53],[98.84,76.51],[99.02,76.35],[99.59,76.27],[99.88,76.09],[99.87,75.9],[99.31,75.77],[99.17,75.57],[99.8,75.48],[99.79,75.37],[100.19,75.17],[99.64,75.47],[99.09,75.56],[99.22,75.76],[99.58,75.82],[99.77,76.03],[99.47,76.1],[99.58,76.15],[99.15,76.13],[99.3,76.21],[98.8,76.27],[97.58,76.06],[97.82,75.98],[97.18,75.93],[97.29,76.04],[96.44,75.87],[96.64,75.98],[96.46,76.01],[95.74,75.85],[95.57,75.89],[96.15,76.1],[94.6,76.16],[94.74,76.12],[94.61,76.06],[93.64,76.12],[93.99,76.05],[93.44,76.01],[93.34,76.07],[93.43,76.1],[93.18,76.1],[92.93,76.05],[92.91,75.9],[93.29,75.98],[93.41,75.87],[94.16,75.95],[93.89,75.89],[89.23,75.5],[88.01,75.1],[86.99,75.15],[86.92,75.07],[87.78,75.02],[87.18,74.98],[87.37,74.93],[86.76,74.7],[86.95,74.68],[86.91,74.61],[86.04,74.81],[86.11,74.74],[85.79,74.63],[86.62,74.56],[87.13,74.37],[86.74,74.3],[86.88,74.39],[86.32,74.44],[86.06,74.42],[86.29,74.31],[85.97,74.37],[85.95,74.28],[87.37,74.04],[86.98,74.03],[87.32,73.83],[87.67,73.89],[87.1,73.6],[85.86,73.48],[85.87,73.34],[86.63,73.16],[86.78,72.99],[86.66,73.12],[85.84,73.32],[85.79,73.47],[87.02,73.78],[87.05,73.87],[86.79,73.9],[85.61,73.82],[85.44,73.71],[80.52,73.57],[80.67,73.5],[80.61,73.44],[80.25,73.32],[80.57,73.22],[80.27,73.18],[80.81,72.97],[80.63,72.71],[80.82,72.62],[80.73,72.52],[81.21,72.35],[82.2,72.28],[82.31,72.19],[82.19,72.09],[83.37,71.83],[83.63,71.63],[83.15,71.24],[83.75,70.46],[83.37,70.31],[82.95,70.32],[83.18,70.15],[83.07,70.06],[82.64,70.23],[83.02,70.43],[83.11,70.89],[82.66,70.95],[82.43,70.61],[82.16,70.57],[82.35,70.2],[82.08,70.56],[82.41,70.77],[82.2,70.99],[82.36,71.09],[82.26,71.26],[82.99,71.45],[83.32,71.67],[83.24,71.73],[81.65,71.71],[80.65,72.03],[80.83,72.09],[79.48,72.37],[78.5,72.4],[77.47,72.22],[77.37,72.1],[77.99,72.11],[78.22,71.99],[78.13,71.88],[77.62,71.82],[76.92,72.05],[76.06,71.88],[76.26,71.57],[77.66,71.28],[77.98,71.37],[77.94,71.25],[78.3,71.25],[78.23,71.12],[78.5,71.11],[78.55,70.96],[79.07,71.02],[79.06,70.94],[78.03,70.95],[77.68,71.16],[76.98,71.18],[76.92,71.07],[76.84,71.19],[75.23,71.39],[75.5,71.52],[75.5,71.66],[75.22,71.84],[75.75,72.27],[75.55,72.48],[75.71,72.56],[75.38,72.68],[75.53,72.74],[75.36,72.81],[74.83,72.83],[75.1,72.45],[75.01,72.15],[73.53,71.82],[73.5,71.66],[73.02,71.42],[73.57,71.24],[73.95,70.83],[74.32,70.66],[74.31,70.51],[73.69,70.13],[73.77,70.08],[73.52,69.74],[73.88,69.46],[73.75,69.17],[73.93,69.07],[74.84,69.08],[75.45,69.25],[76,69.24],[77.68,68.89],[77.78,68.52],[77.93,68.52],[78.17,68.27],[77.58,68.16],[77.47,67.76],[79.04,67.57],[77.79,67.56],[77.08,67.78],[77.3,67.91],[77.2,67.97],[77.36,68.23],[77.16,68.29],[77.32,68.52],[76.64,68.77],[76.7,68.87],[76.56,68.98],[74.69,68.78],[74.45,68.69],[74.34,68.37],[74.73,68.15],[74.82,67.93],[74.74,67.69],[73.9,67.29],[73.85,66.98],[72.47,66.6],[72.35,66.53],[72.34,66.3],[72.01,66.22],[69.42,66.5],[69.11,66.61],[69.11,66.75],[68.97,66.81],[69.89,66.83],[70.29,66.68],[70.71,66.76],[70.29,66.62],[70.69,66.51],[71.55,66.64],[71.41,66.97],[71.77,66.95],[72.21,67.15],[72.05,67.3],[72.41,67.33],[72.59,67.62],[73.03,67.72],[73.2,67.85],[73.1,68.22],[73.64,68.44],[73.51,68.59],[72.57,68.94],[72.47,69.15],[72.64,69.44],[72.53,69.63],[72.69,69.84],[72.49,70.05],[72.61,70.18],[72.43,70.29],[72.77,70.42],[72.68,70.61],[72.84,70.87],[72.59,71.16],[71.8,71.49],[72.36,71.72],[72.34,71.86],[72.88,72.29],[72.73,72.61],[72.82,72.71],[71.58,72.91],[69.33,72.95],[68.98,72.69],[68.47,71.82],[67.97,71.54],[66.9,71.29],[66.62,71.05],[66.89,71.08],[66.62,70.89],[66.69,70.76],[67.34,70.76],[67.09,70.21],[67.33,70.1],[67.02,69.96],[66.9,70.03],[66.79,69.58],[66.95,69.53],[67.01,69.7],[68.1,69.54],[68.05,69.28],[68.45,68.98],[69.22,68.96],[68.96,68.91],[69.1,68.83],[68.44,68.22],[68.27,68.19],[68.16,68.41],[67.2,68.7],[67.05,68.86],[65.08,69.27],[64.8,69.14],[64.84,69.29],[65,69.3],[64.34,69.5],[60.87,69.86],[60.65,69.67],[60.15,69.57],[60.54,69.31],[60.6,69.13],[60.93,69.09],[60.91,68.9],[60.46,68.71],[59.78,68.67],[59.97,68.46],[59.71,68.34],[59.07,68.42],[59.06,68.62],[59.43,68.75],[58.9,68.93],[59.22,68.99],[58.86,69],[58.28,68.89],[58.39,68.73],[58.24,68.88],[57.97,68.85],[57.94,68.75],[57.14,68.54],[56.01,68.66],[55.33,68.55],[54.94,68.4],[54.78,68.16],[54.51,68.31],[54.25,68.21],[53.34,68.24],[53.21,68.26],[53.32,68.35],[53.94,68.4],[53.72,68.63],[54.01,68.86],[53.6,68.91],[54.56,69],[53.78,68.97],[52.29,68.62],[52.64,68.64],[52.49,68.59],[52.73,68.48],[52.42,68.34],[52.24,68.31],[52.14,68.38],[52.36,68.48],[52.05,68.54],[50.77,68.37],[49.23,67.87],[48.6,67.93],[49.1,67.63],[48,67.65],[47.81,67.57],[47.95,67.45],[47.68,67.19],[47.7,66.99],[46.38,66.74],[46.59,66.86],[46.03,66.82],[45.61,67.17],[44.91,67.37],[45.38,67.74],[46.67,67.8],[46.71,67.92],[46.53,68.14],[45.9,68.48],[45.51,68.55],[44.14,68.53],[43.37,68.69],[43.27,68.67],[43.33,68.61],[44.24,68.26],[44.13,67.93],[44.26,67.93],[44.09,67.88],[44.11,67.71],[43.75,67.31],[43.78,67.2],[44.14,67.17],[44.5,66.91],[44.36,66.78],[44.48,66.67],[44.08,66.2],[44.17,65.87],[43.86,66.18],[43.45,66.12],[43.52,65.98],[43.35,66.04],[43.69,66.26],[43.29,66.42],[42.14,66.51],[41.36,66.06],[40.7,65.97],[39.75,65.55],[39.75,65.34],[40.38,64.92],[40.52,64.54],[39.86,64.67],[39.55,64.56],[38.54,64.8],[38.04,64.64],[38.07,64.78],[38.4,64.85],[36.86,65.18],[36.83,64.99],[36.44,64.94],[36.56,64.74],[37.33,64.35],[37.8,64.42],[38.05,64.15],[38,63.96],[37.42,63.8],[36.28,64.01],[36.11,64.23],[35.63,64.4],[35.32,64.33],[34.79,64.55],[34.96,64.65],[34.94,64.84],[34.38,65.38],[34.67,65.45],[34.78,65.6],[34.69,65.8],[34.96,65.72],[34.85,65.9],[34.11,66.25],[33.32,66.32],[33.72,66.42],[33.63,66.48],[32.96,66.53],[33.43,66.59],[32.87,66.58],[33.32,66.64],[32.8,66.73],[32.91,66.77],[32.52,66.88],[32.54,67.01],[32.26,67.12],[31.86,67.15],[32.67,67.12],[33.25,66.79],[34.32,66.67],[34.48,66.53],[34.88,66.6],[35.56,66.38],[38.61,66.05],[40.07,66.28],[41.16,66.79],[41.39,67.12],[41.11,67.25],[41.05,67.66],[40.46,67.75],[39.75,68.17],[39.85,68.04],[39.57,68.06],[38.6,68.39],[38.43,68.34],[37.77,68.68],[35.84,69.2],[33.64,69.33],[33.44,69.1],[33.03,68.96],[33.04,69.07],[33.52,69.18],[33.24,69.27],[33.52,69.42],[32.81,69.3],[33.03,69.47],[32.22,69.42],[32.49,69.5],[32.1,69.59],[32.11,69.68],[32.9,69.58],[33.13,69.73],[31.94,69.96],[32.1,69.79],[31.71,69.82],[31.8,69.69],[31.54,69.7],[31.76,69.56],[29.36,68.08],[30.03,67.69],[30.67,66.95],[30.29,66.51],[30.45,66.4],[30.4,66.18],[30.65,65.88],[29.82,65.65],[29.75,65.35],[29.6,65.24],[29.87,65.2],[29.62,65.05],[29.65,64.9],[30.21,64.66],[29.98,64.58],[30.06,64.41],[30.58,64.22],[30.6,64.05],[30,63.74],[31.24,63.2],[32.32,62.98],[32.4,62.8],[32.79,62.6],[32.82,62.5],[32.57,62.3],[32.83,62.16],[32.72,62.03],[32.37,62.2],[32.25,62.13],[32.19,61.81],[32.3,61.39],[30.78,60.6],[30.19,60.63],[30.11,60.36],[29.89,60.31],[30.01,60.18],[29.95,60.03],[30.25,59.97],[30.16,59.86],[29.19,60.01],[28.83,59.78],[28.5,59.86],[28.37,59.66],[28.07,59.79],[28.07,59.54],[27.89,59.41],[25.71,59.66],[25.66,59.56],[25.48,59.66],[25.4,59.49],[24.77,59.56],[24.72,59.45],[24.36,59.47],[24.21,59.34],[23.51,59.23],[23.41,59.02],[23.64,58.97],[23.44,58.94],[23.48,58.81],[23.86,58.77],[23.5,58.69],[23.73,58.37],[24.1,58.24],[24.33,58.39],[24.56,58.32],[24.29,57.83],[24.37,57.22],[23.85,56.98],[23.35,57.05],[23.14,57.36],[22.64,57.59],[22.58,57.76],[21.71,57.56],[21.43,57.3],[21.4,57.03],[21.05,56.82],[21.07,56.44],[21,56.51],[20.97,56.36],[21.05,56.08],[22.07,56.42],[24.17,56.26],[24.89,56.45],[25.1,56.2],[25.58,56.15],[26.51,55.68],[27.66,55.78],[27.25,55.42],[26.85,54.64],[26.62,54.46],[26.62,54.07],[26.02,53.84],[25.67,53.86],[25.24,53.55],[24.51,53.41],[23.85,53.62],[23.78,53.94],[23.51,53.95],[23.36,54.24],[22.84,54.41],[22.53,54.25],[22.76,53.94],[22.71,53.78],[21.86,53.47],[20.52,53.34],[20.37,53.15],[19.37,53.18],[18.9,53.04],[18.46,52.67],[18.41,52.48],[18.12,52.47],[17.66,52.11],[18.2,51.57],[18.18,51.16],[19.01,50.69],[19.16,50.24],[20.24,50.07],[21.25,50.36],[21.94,50.78],[22.36,50.56],[22.47,50.3],[22.96,50.28],[23.64,50.38],[24.15,50.62],[24.38,50.57],[24.68,50.36],[25.12,50.32],[25.61,49.76],[26.24,49.73],[26.17,48.95],[26.37,48.51],[26.15,48.45],[26.33,48.18],[26.64,48.27],[27,48.16],[27.3,47.66],[28.08,46.98],[28.25,46.43],[28.09,46.08],[28.17,45.67],[28.07,45.58],[28.38,45.3],[28.73,45.22],[29.41,45.44],[29.71,45.21],[29.64,45.82],[29.74,45.62],[29.93,45.82],[30.25,45.87],[30.83,46.55],[31.34,46.6],[31.6,46.8],[31.48,46.63],[31.91,46.65],[31.86,46.8],[31.97,46.93],[31.75,47.25],[31.98,47.01],[32.01,46.63],[32.64,46.64],[32.35,46.46],[31.55,46.55],[32.01,46.45],[31.79,46.28],[32.5,46.08],[33.19,46.16],[33.47,46.05],[33.61,46.14],[33.77,45.93],[32.48,45.39],[33.55,45.11],[33.55,44.62],[33.37,44.58],[33.96,44.38],[34.46,44.72],[35.08,44.79],[35.53,45.12],[35.83,44.99],[36.45,45.08],[36.43,45.27],[36.64,45.35],[36.29,45.47],[35.46,45.3],[35.05,45.65],[34.8,46.09],[34.73,46.11]]],[[[128.03,73.49],[127.39,73.52],[127.99,73.48],[128.03,73.49]]],[[[76.39,73.52],[76.1,73.51],[76.73,73.43],[76.43,73.51],[76.39,73.52]]],[[[71.28,73.28],[71,73.29],[71.26,73.44],[70.93,73.52],[69.98,73.41],[70.06,73.23],[69.9,73.02],[71.66,73.17],[71.38,73.31],[71.28,73.28]]],[[[71.16,73.29],[71.35,73.33],[71.29,73.41],[71.15,73.29],[71.16,73.29]]],[[[127.3,73.52],[126.85,73.53],[126.83,73.38],[126.63,73.38],[126.6,73.25],[126.77,73.08],[126.33,72.89],[126.45,72.79],[126.3,72.5],[126.49,72.4],[126.59,72.54],[129.08,73.04],[129.1,73.13],[128.78,73.07],[128.97,73.17],[128.26,73.27],[128.35,73.35],[127.98,73.47],[127.47,73.48],[127.3,73.52]]],[[[124.6,73.73],[124.34,73.8],[124.06,73.68],[123.88,73.77],[123.97,73.62],[123.37,73.66],[123.22,73.4],[123.66,73.17],[123.38,73.16],[123.18,72.92],[122.63,73.02],[122.43,72.98],[122.54,72.94],[124.72,72.68],[126.17,72.3],[126.35,72.38],[126.25,72.5],[126.38,72.77],[126.29,72.9],[126.71,73.08],[126.55,73.35],[126.16,73.38],[126.4,73.51],[125.57,73.4],[125.58,73.54],[124.7,73.7],[124.6,73.73]]],[[[76.07,73.56],[75.36,73.47],[75.89,73.46],[76.07,73.56]]],[[[55.72,73.33],[54.91,73.42],[53.33,73.22],[53.13,73.09],[53.38,73.01],[53.14,72.96],[53.37,72.88],[52.73,72.88],[52.38,72.72],[53.21,72.65],[52.76,72.64],[52.73,72.56],[53.08,72.59],[52.67,72.43],[52.75,72.34],[52.41,72.23],[52.4,72.08],[51.84,72.16],[51.57,72.07],[51.4,71.79],[51.8,71.47],[52.55,71.59],[52.92,71.41],[53.36,71.57],[53.26,71.45],[53.48,71.29],[53.94,71.46],[53.46,71.26],[54.24,71.12],[53.51,71.09],[53.74,70.95],[53.38,70.86],[53.46,70.81],[54.67,70.65],[54.48,70.73],[54.57,70.78],[55.16,70.55],[55.41,70.75],[55.88,70.58],[56.03,70.58],[55.93,70.67],[56.54,70.54],[56.65,70.58],[56.43,70.68],[56.22,70.66],[56.51,70.75],[56.64,70.63],[57.31,70.56],[56.74,70.7],[57.45,70.6],[57.63,70.73],[56.23,71.19],[55.67,71.6],[55.51,71.89],[55.22,71.93],[55.58,72.19],[55.46,72.43],[55.13,72.45],[55.54,72.47],[55.27,72.58],[55.59,72.53],[55.94,72.66],[55.44,72.78],[56.22,72.83],[56.23,72.98],[55.62,72.96],[56.34,72.99],[56.43,73.06],[55.81,73.06],[56.59,73.13],[55.74,73.33],[55.72,73.33]]],[[[147.02,75.33],[146.41,75.59],[146.07,75.22],[146.18,75.18],[148.64,74.76],[150.6,74.88],[150.95,75.14],[150.47,75.09],[149.33,75.28],[148.58,75.21],[148.45,75.28],[148.57,75.37],[148.39,75.42],[147.41,75.44],[147.11,75.33],[147.02,75.33]]],[[[152.74,76.11],[152.76,76.21],[152.49,76.19],[152.66,76.11],[152.74,76.11]]],[[[149.31,76.75],[148.42,76.66],[149.21,76.66],[149.31,76.75]]],[[[106.65,77.38],[106.9,77.45],[106.57,77.44],[106.5,77.39],[106.62,77.37],[106.65,77.38]]],[[[107.56,77.25],[107.67,77.33],[107.41,77.36],[107.21,77.23],[107.35,77.23],[107.56,77.25]]],[[[88.66,77.12],[88.95,77.13],[88.7,77.14],[88.66,77.12]]],[[[89.65,77.29],[89.26,77.3],[89.17,77.16],[89.67,77.28],[89.65,77.29]]],[[[116.07,74.29],[115.93,74.36],[116.05,74.28],[116.07,74.29]]],[[[112.71,74.5],[112.08,74.55],[111.97,74.38],[111.46,74.32],[112.71,74.09],[113.43,74.39],[112.78,74.5],[112.71,74.5]]],[[[55.44,73.34],[55.93,73.3],[55.91,73.44],[56.16,73.28],[56.75,73.25],[56.76,73.36],[56.91,73.31],[57.25,73.49],[56.73,73.67],[57.33,73.55],[57.61,73.66],[57.33,73.82],[56.57,73.88],[57.4,73.84],[57.7,73.71],[57.94,73.8],[57.91,73.92],[57.26,74.08],[57.52,74.08],[57.41,74.18],[58.12,73.98],[58.22,74.01],[58.14,74.14],[58.38,74.13],[58.28,74.22],[58.58,74.17],[58.74,74.27],[58.19,74.58],[59.15,74.44],[59.12,74.54],[59.29,74.64],[59.17,74.72],[59.87,74.62],[59.51,74.79],[60.24,74.74],[60.37,74.79],[60.2,74.85],[60.68,74.93],[59.93,75],[60.43,75.01],[60.49,75.11],[60.74,75.02],[61.28,75.32],[61.51,75.22],[61.7,75.37],[63.56,75.71],[65,75.79],[68.29,76.28],[68.86,76.54],[68.93,76.78],[67.94,77.01],[66.66,76.9],[65.76,76.68],[66.02,76.54],[65.53,76.58],[64.11,76.31],[62.5,76.18],[61.09,76.28],[60.9,76.15],[61.16,76.13],[60.73,76],[60.47,76.01],[60.81,76.12],[60.27,76.11],[60.04,76.04],[60.33,75.99],[57.99,75.67],[58.18,75.58],[57.51,75.49],[57.74,75.32],[56.87,75.36],[56.73,75.3],[56.91,75.24],[56.48,75.06],[56.35,75.19],[55.93,75.19],[55.73,75.08],[55.92,75.08],[55.89,74.99],[56.68,74.95],[55.82,74.8],[56.98,74.69],[55.53,74.65],[55.53,74.56],[56.28,74.49],[55.36,74.43],[55.23,74.37],[55.74,74.29],[55.08,74.26],[55.86,74.11],[55.02,74.17],[54.59,74.01],[54.8,73.98],[53.63,73.76],[54.19,73.6],[55.17,73.71],[54.37,73.57],[54.25,73.51],[54.3,73.42],[54.04,73.38],[55.02,73.44],[55.42,73.34],[55.44,73.34]]],[[[87.05,74.98],[86.5,74.98],[86.59,74.9],[86.29,74.86],[86.84,74.83],[86.7,74.91],[87.14,74.94],[87.05,74.98]]],[[[85.65,74.79],[85.1,74.75],[85.7,74.73],[85.65,74.79]]],[[[79.2,74.62],[79.44,74.52],[79.61,74.6],[79.19,74.63],[79.2,74.62]]],[[[82.62,74.05],[82.73,74.1],[82.56,74.16],[82.32,74.09],[82.59,74.05],[82.62,74.05]]],[[[83.62,74.09],[82.83,74.1],[83.6,74.07],[83.62,74.09]]],[[[84.42,74.04],[83.88,74.01],[84.41,73.96],[84.42,74.04]]],[[[86.21,74.53],[85.82,74.57],[85.66,74.47],[86.21,74.51],[86.21,74.53]]],[[[84.94,74.48],[84.38,74.45],[84.92,74.47],[84.94,74.48]]],[[[85.44,74.45],[85.65,74.53],[85.37,74.58],[85.15,74.54],[85.39,74.45],[85.44,74.45]]],[[[142.15,73.89],[141.08,73.87],[140.42,73.48],[139.71,73.44],[139.71,73.35],[140.81,73.45],[142.36,73.24],[143.51,73.23],[143.43,73.52],[142.34,73.86],[142.15,73.89]]],[[[125.83,73.52],[125.8,73.64],[125.71,73.54],[125.81,73.51],[125.83,73.52]]],[[[124.54,73.85],[124.62,73.91],[124.34,73.93],[124.51,73.84],[124.54,73.85]]],[[[86.69,73.59],[86.89,73.7],[86.42,73.59],[86.69,73.59]]],[[[86.91,73.64],[87.18,73.71],[87.2,73.82],[86.87,73.63],[86.91,73.64]]],[[[141.02,73.99],[141.06,74.23],[140.21,74.24],[140.07,74.09],[140.31,73.93],[140.97,73.97],[141.02,73.99]]],[[[135.65,74.2],[135.36,74.25],[135.42,74.17],[136.16,73.87],[136.26,73.99],[135.89,74.13],[135.65,74.2]]],[[[82.11,75.41],[82.01,75.44],[82.14,75.52],[81.5,75.36],[81.87,75.31],[82,75.17],[82.04,75.34],[82.28,75.33],[82.13,75.41],[82.11,75.41]]],[[[135.65,75.36],[136.01,75.42],[135.96,75.51],[136.18,75.61],[135.71,75.85],[135.54,75.67],[135.51,75.36],[135.65,75.36]]],[[[58.83,75.9],[59.24,75.99],[58.75,75.9],[58.83,75.9]]],[[[82.25,75.87],[81.6,75.94],[82.23,75.86],[82.25,75.87]]],[[[82.97,75.97],[82.37,75.94],[83.08,75.96],[82.97,75.97]]],[[[139.19,76.07],[138.73,76.22],[138.45,76.06],[138.34,76.15],[137.5,75.97],[137.43,75.88],[137.74,75.75],[137.17,75.78],[137.07,75.72],[137.15,75.65],[136.97,75.61],[137.21,75.64],[137.29,75.59],[137.13,75.42],[137.4,75.35],[136.86,75.35],[137.14,75.13],[137.77,74.99],[137.87,74.85],[139,74.65],[139.39,74.7],[139.57,74.85],[139.46,74.93],[139.65,74.98],[140.06,74.83],[141.98,75],[142.23,75],[142.33,74.92],[141.97,74.94],[142.44,74.81],[143.64,74.92],[143.6,75.01],[142.63,75.09],[142.21,75.33],[142.14,75.59],[142.45,75.71],[143.04,75.66],[142.51,75.46],[142.5,75.36],[142.9,75.14],[143.9,75.03],[144.35,75.04],[144.94,75.27],[144.67,75.33],[144.71,75.42],[145.38,75.52],[143.9,75.84],[142.56,75.86],[141.36,76.18],[141.61,76.02],[140.97,76.04],[140.87,75.74],[141.06,75.64],[140.65,75.62],[140.43,75.65],[140.54,75.75],[140.44,75.81],[139.29,76.06],[139.19,76.07]]],[[[140.9,76.06],[141.08,76.11],[140.86,76.1],[140.9,76.06]]],[[[95,76.27],[94.41,76.21],[94.86,76.18],[95,76.27]]],[[[96.37,76.3],[95.35,76.29],[95.29,76.2],[96.36,76.1],[96.35,76.26],[96.57,76.15],[96.65,76.25],[96.37,76.3]]],[[[113.44,76.37],[113.14,76.4],[113.42,76.36],[113.44,76.37]]],[[[97,76.28],[96.83,76.34],[96.76,76.17],[96.97,76.28],[97,76.28]]],[[[97.62,76.78],[97.11,76.76],[97.6,76.75],[97.62,76.78]]],[[[112.52,76.62],[111.96,76.6],[112.45,76.45],[112.71,76.52],[112.57,76.55],[112.52,76.62]]],[[[97.55,76.58],[97.42,76.72],[97.32,76.6],[97.52,76.58],[97.55,76.58]]],[[[96.47,76.7],[95.91,76.66],[96.36,76.63],[96.47,76.7]]],[[[95.32,76.66],[94.83,76.66],[95.3,76.65],[95.32,76.66]]],[[[88.66,77.12],[88.7,77.02],[88.83,77.08],[88.67,77.11],[88.66,77.12]]],[[[96.58,77.13],[96.46,77.21],[95.25,77.01],[95.94,77.02],[95.71,76.95],[96.46,77.07],[96.58,77.13]]]]}},{"type":"Feature","properties":{"NAME":"Soviet Union","ABBREVN":"Soviet Union","SUBJECTO":"Soviet Union","BORDERPRECISION":3,"PARTOF":"Soviet Union"},"geometry":{"type":"MultiPolygon","coordinates":[[[[163.47,58.49],[164.11,58.8],[164.68,58.9],[164.56,59.24],[163.77,59.02],[163.69,58.74],[163.39,58.56],[163.46,58.47],[163.47,58.49]]],[[[150.59,59.02],[150.74,59.09],[150.66,59.15],[150.53,59],[150.59,59.02]]],[[[69.28,66.79],[69.87,66.47],[70.1,66.53],[70.09,66.68],[69.41,66.81],[69.28,66.79]]],[[[35.79,64.97],[35.87,65.03],[35.78,65.19],[35.52,65.13],[35.74,64.97],[35.79,64.97]]],[[[40.43,64.57],[40.34,64.76],[40.15,64.75],[40.28,64.64],[39.98,64.68],[40.4,64.58],[40.43,64.57]]],[[[-172.44,64.72],[-172.17,64.8],[-172.46,64.86],[-172.6,64.7],[-172.44,64.72]]],[[[42.71,66.69],[42.5,66.79],[42.67,66.68],[42.71,66.69]]],[[[154.03,48.73],[154.22,48.88],[154.13,48.91],[154,48.72],[154.03,48.73]]],[[[152.22,47.17],[151.71,46.84],[151.8,46.77],[152.02,46.89],[152.21,47.13],[152.22,47.17]]],[[[154.79,49.29],[154.9,49.62],[154.81,49.64],[154.6,49.37],[154.71,49.26],[154.79,49.29]]],[[[154.58,49.1],[154.47,49.17],[154.51,49.07],[154.58,49.1]]],[[[137.18,55.11],[136.69,54.94],[137.08,54.94],[137.18,55.11]]],[[[168.11,54.51],[167.46,54.87],[168.08,54.5],[168.11,54.51]]],[[[137.78,54.37],[137.87,54.51],[137.72,54.36],[137.78,54.37]]],[[[137.99,54.89],[138.2,55.05],[137.63,55.2],[137.25,54.85],[137.26,54.77],[137.49,54.87],[137.71,54.62],[137.98,54.87],[137.99,54.89]]],[[[166.12,55.33],[165.84,55.26],[166.66,54.68],[166.64,54.85],[166.17,55.32],[166.12,55.33]]],[[[156.41,50.66],[156.47,50.87],[156.16,50.71],[156.4,50.63],[156.41,50.66]]],[[[155.62,50.81],[155.64,50.92],[155.5,50.93],[155.59,50.8],[155.62,50.81]]],[[[155.79,50.19],[156.15,50.52],[156.04,50.77],[155.67,50.39],[155.25,50.3],[155.23,50.05],[155.76,50.18],[155.79,50.19]]],[[[144.05,49.9],[143.79,50.29],[143.52,51.27],[143.38,51.35],[143.45,51.5],[143.37,51.64],[143.22,51.53],[143.31,51.73],[143.12,51.96],[143.15,52.38],[143.26,52.59],[143.2,52.35],[143.32,52.53],[143.29,53.14],[142.88,53.81],[143.01,54.13],[142.69,54.42],[142.64,54.26],[142.39,54.24],[142.72,53.93],[142.61,53.69],[142.79,53.8],[142.71,53.63],[142.5,53.66],[142.51,53.55],[142.68,53.52],[142.35,53.36],[142.22,53.52],[141.77,53.37],[141.92,53.01],[141.84,52.58],[141.65,52.37],[141.65,51.89],[142.27,51.1],[142.04,50.54],[142.15,50.35],[142.13,49.89],[144.05,49.9]]],[[[-177.63,68.32],[-178.38,68.55],[-177.71,68.34],[-177.95,68.29],[-178.06,68.43],[-178.74,68.54],[-178.72,68.66],[-178.49,68.58],[-178.92,68.77],[-180,68.98],[-180,65.07],[-179.7,65.16],[-179.54,65.43],[-179.32,65.53],[-179.8,65.87],[-179.76,66.12],[-179.28,66.17],[-179.42,66.34],[-179.18,66.29],[-179.17,66.41],[-178.99,66.17],[-178.53,66.4],[-178.54,66.16],[-178.91,65.99],[-178.46,65.73],[-178.56,65.51],[-177.47,65.49],[-177.02,65.61],[-176.08,65.47],[-175.78,65.16],[-175.91,65.02],[-175.45,64.78],[-174.85,64.78],[-173.67,64.35],[-173.36,64.46],[-173.42,64.62],[-173.28,64.52],[-173.43,64.33],[-173.19,64.25],[-172.9,64.34],[-172.88,64.45],[-173.03,64.5],[-172.83,64.53],[-172.66,64.39],[-172.36,64.46],[-173.08,64.66],[-172.79,64.76],[-172.9,64.83],[-173.2,64.78],[-172.13,65.08],[-172.31,65.22],[-172.7,65.24],[-172.24,65.25],[-172.19,65.45],[-172.4,65.42],[-172.43,65.59],[-172.8,65.67],[-171.84,65.53],[-172.08,65.48],[-171.07,65.48],[-171.02,65.58],[-171.54,65.84],[-170.64,65.61],[-170.45,65.92],[-169.69,66.08],[-170.22,66.14],[-170.33,66.18],[-170.2,66.25],[-170.35,66.29],[-170.64,66.24],[-170.51,66.34],[-171.36,66.66],[-171.73,66.96],[-173.01,67.06],[-172.44,66.94],[-173.14,67],[-173.16,66.86],[-173.36,66.84],[-173.17,67.06],[-173.63,67.13],[-174.65,67.06],[-174.1,66.97],[-174,66.69],[-174.3,66.58],[-173.76,66.45],[-174.04,66.21],[-174.02,66.48],[-174.47,66.3],[-174.48,66.53],[-174.99,66.67],[-174.74,66.77],[-174.95,67.1],[-174.83,67.39],[-175.38,67.34],[-175.19,67.51],[-175.46,67.71],[-177.36,68.25],[-177.68,68.22],[-177.75,68.26],[-177.63,68.3],[-177.63,68.32]]],[[[50.8,68.37],[51.45,68.48],[50.81,68.4],[50.8,68.37]]],[[[66.52,68.96],[65.96,69.09],[66.53,68.94],[66.52,68.96]]],[[[50.31,69.16],[49.35,69.49],[48.94,69.51],[48.32,69.28],[48.22,68.89],[48.79,68.72],[50.33,69.12],[50.31,69.16]]],[[[59.24,69.18],[58.77,69.33],[59.25,69.14],[59.24,69.18]]],[[[83.11,70.19],[82.78,70.22],[83.11,70.14],[83.11,70.19]]],[[[169.45,69.81],[168.32,70.02],[167.76,69.83],[168.83,69.57],[169.18,69.57],[169.28,69.76],[169.41,69.76],[169.45,69.81]]],[[[161.78,69.56],[161.84,69.65],[161.71,69.65],[161.76,69.55],[161.78,69.56]]],[[[180,71.54],[178.62,71.05],[178.79,70.8],[180,71],[180,71.54]]],[[[161.66,70.81],[161.46,70.8],[161.69,70.75],[161.66,70.81]]],[[[160.62,70.81],[160.72,70.83],[160.51,70.93],[160.41,70.92],[160.54,70.81],[160.62,70.81]]],[[[59.46,70.28],[59,70.47],[58.63,70.33],[58.82,70.22],[58.43,70.27],[59.02,69.85],[59.12,69.87],[58.95,69.94],[59.39,69.89],[59.61,69.81],[59.6,69.71],[59.91,69.67],[60.55,69.8],[60.42,69.95],[59.64,70.2],[59.46,70.28]]],[[[83.56,70.52],[83.39,70.36],[83.52,70.37],[83.58,70.53],[83.56,70.52]]],[[[161.16,69.08],[161.52,68.94],[161.32,69.24],[161.37,69.54],[161.06,69.43],[161.17,69.32],[161.14,69.09],[161.16,69.08]]],[[[67.13,69.36],[67.21,69.43],[66.96,69.46],[67.11,69.36],[67.13,69.36]]],[[[67.26,69.45],[67.34,69.59],[67.14,69.57],[67.02,69.48],[67.22,69.44],[67.26,69.45]]],[[[161.53,69.42],[161.63,69.57],[161.48,69.64],[161.37,69.41],[161.49,69.41],[161.53,69.42]]],[[[127.17,71.94],[126.9,72.02],[127.14,71.9],[127.17,71.94]]],[[[126.67,72.19],[126.63,72.36],[126.52,72.31],[126.65,72.19],[126.67,72.19]]],[[[128.14,72.58],[127.28,72.61],[126.65,72.43],[127.5,72.44],[129.01,72.07],[129.48,72.13],[129.25,72.13],[129.56,72.22],[129.32,72.29],[129.49,72.35],[129.24,72.47],[128.57,72.49],[128.14,72.58]]],[[[77.76,72.3],[78.39,72.48],[77.62,72.63],[76.86,72.32],[77.54,72.28],[77.76,72.3]]],[[[129.23,72.83],[128.42,72.9],[128.32,72.81],[129.3,72.8],[129.23,72.83]]],[[[128.8,72.56],[128.97,72.6],[128.73,72.67],[128.1,72.63],[128.77,72.54],[128.8,72.56]]],[[[129.34,72.7],[128.28,72.79],[127.39,72.69],[129.21,72.66],[129.34,72.7]]],[[[122.96,72.86],[122.32,72.95],[122.68,72.83],[123.37,72.76],[123,72.86],[122.96,72.86]]],[[[74.68,72.86],[74.76,73.09],[74.49,73.13],[74.1,73],[74.65,72.86],[74.68,72.86]]],[[[79.56,72.73],[79.54,72.91],[79.13,73.09],[78.6,72.8],[79.53,72.72],[79.56,72.73]]],[[[119.63,73.12],[120.21,73.04],[120.28,73.1],[120.11,73.15],[119.73,73.15],[119.63,73.12]]],[[[57.2,70.51],[56.85,70.6],[57.13,70.49],[57.2,70.51]]],[[[82.41,70.88],[82.5,70.96],[82.38,70.99],[82.4,70.88],[82.41,70.88]]],[[[83.26,70.88],[83.06,70.98],[83.22,70.86],[83.26,70.88]]],[[[83.47,70.49],[83.55,70.58],[83.37,70.56],[83.45,70.49],[83.47,70.49]]],[[[83.37,70.69],[83.46,70.74],[83.37,70.82],[83.21,70.81],[83.1,70.39],[83.31,70.46],[83.23,70.52],[83.33,70.68],[83.37,70.69]]],[[[-178.57,71.56],[-180,71.54],[-180,71],[-179.5,70.91],[-177.49,71.17],[-177.5,71.28],[-178.43,71.54],[-178.57,71.56]]],[[[137.96,71.51],[137.01,71.53],[137.68,71.41],[137.92,71.49],[137.96,71.51]]],[[[52.86,71.38],[52.21,71.3],[52.65,71.22],[53.02,70.96],[53.22,71.2],[52.78,71.31],[53.01,71.28],[52.89,71.37],[52.86,71.38]]],[[[34.73,46.11],[35.34,45.29],[35.06,45.37],[34.99,45.63],[34.46,45.77],[34.64,45.94],[34.36,45.88],[34.36,46.02],[34.18,46.03],[34.14,45.94],[33.67,46.22],[34.13,46.12],[34.16,46.28],[34.54,46.18],[34.41,46.01],[34.54,45.98],[35.2,46.44],[35.35,46.35],[34.98,46.09],[35.12,46.11],[35.91,46.65],[36.76,46.75],[37.32,46.9],[37.56,47.09],[38.13,47.06],[38.6,47.24],[38.77,47.25],[38.56,47.22],[38.56,47.11],[39.27,47.25],[39.26,47.01],[38.41,46.83],[38.38,46.71],[38.58,46.66],[37.74,46.67],[37.9,46.41],[38.57,46.04],[38.22,46.14],[38.1,45.94],[38.1,46.05],[37.95,46.03],[37.85,45.78],[37.59,45.63],[37.58,45.43],[37.7,45.56],[37.73,45.3],[37.52,45.36],[37.11,45.23],[36.83,45.44],[36.67,45.33],[36.96,45.28],[36.63,45.13],[37.2,44.98],[37.48,44.67],[37.76,44.63],[37.78,44.72],[38.22,44.38],[38.75,44.27],[39.92,43.41],[41.44,42.73],[41.78,41.84],[41.53,41.52],[42.46,41.43],[42.6,41.58],[42.83,41.58],[43.67,40.93],[43.74,40.67],[43.58,40.45],[43.67,40.1],[44.49,39.96],[45.43,39],[46.54,38.88],[46.85,39.16],[47.98,39.72],[48.36,39.39],[48.12,39.28],[48.33,39.03],[48.02,38.83],[48.66,38.39],[48.87,38.45],[48.96,39.18],[49.15,39.09],[49.06,38.97],[49.16,38.99],[49.24,39.29],[49.4,39.35],[49.28,39.49],[49.49,40.16],[49.92,40.34],[50.37,40.26],[50.35,40.38],[50.08,40.56],[49.53,40.66],[49.04,41.42],[47.73,42.64],[47.69,42.87],[47.45,43.09],[47.68,43.87],[47.55,43.87],[47.41,43.5],[47.49,43.81],[47.04,44.35],[46.7,44.45],[46.72,44.6],[47.07,44.78],[47.57,45.56],[47.39,45.74],[47.65,45.56],[47.56,45.77],[47.83,45.66],[48.57,45.96],[48.76,45.85],[48.63,46.08],[49.3,46.26],[49.22,46.38],[49.37,46.39],[49.32,46.56],[49.83,46.56],[50.43,46.9],[51.16,47.11],[52.09,46.81],[52.45,47],[53.06,46.89],[53.21,46.64],[53,46.48],[53.16,46.27],[52.73,45.55],[53.23,45.34],[51.41,45.37],[50.96,44.85],[51.56,44.51],[50.31,44.65],[50.23,44.37],[50.83,44.21],[51.32,43.44],[51.27,43.15],[51.65,43.18],[51.9,42.85],[52.73,42.71],[52.41,42.09],[52.43,41.76],[52.85,41.07],[52.92,41.67],[52.82,41.7],[52.95,41.98],[53.61,42.14],[53.9,42.07],[54.07,41.48],[54.73,41.1],[54.71,40.87],[54.25,40.88],[54.42,40.71],[54.35,40.67],[53.74,40.62],[53.59,40.89],[53.46,40.73],[53.11,40.77],[52.92,41.08],[52.74,40.5],[52.74,40.05],[53.01,39.76],[52.93,39.99],[53.58,39.96],[53.41,39.67],[53.73,39.52],[53.21,39.52],[53.26,39.65],[53.12,39.43],[53.17,39.17],[53.16,39.34],[53.58,39.32],[53.64,39.12],[53.97,38.94],[53.8,37.93],[53.91,37.35],[54.67,37.44],[54.83,37.75],[55.47,38.09],[56.22,38.07],[56.44,38.26],[57.21,38.28],[57.45,37.94],[58.17,37.8],[58.41,37.64],[58.93,37.67],[59.34,37.54],[59.48,37.23],[60.02,37.04],[60.33,36.66],[61.15,36.65],[61.25,35.63],[61.6,35.44],[62.04,35.44],[62.31,35.15],[63.09,35.43],[63.12,35.86],[64.47,36.25],[64.62,36.42],[64.79,37.12],[65.56,37.26],[65.7,37.53],[65.07,37.62],[64.87,37.83],[64.06,38.2],[63.28,38.87],[62.81,39.07],[62.21,39.61],[61.93,40.07],[61.12,40.65],[58.82,40.85],[57.14,41.2],[57.11,42.12],[57.5,42.4],[57.87,42.41],[57.62,43.14],[58.22,43.01],[58.53,43.11],[58.19,43.67],[58.35,43.73],[58.56,44.14],[59.54,43.93],[59.38,43.61],[59.1,43.45],[59.2,42.92],[59.55,42.41],[60.29,42.16],[60.65,41.69],[62.01,41.03],[64.37,41.36],[65.64,40.91],[66.72,40.73],[66.65,40.36],[66.21,40.48],[65.98,40.41],[65.79,39.38],[66.56,39.43],[68.41,38.98],[69.8,39.29],[70.82,39.3],[71.27,39.54],[71.5,39.53],[72.12,39.03],[72.25,37.71],[72.63,37.44],[72.73,37.14],[73.44,37.48],[73.78,37.43],[73.62,37.26],[73.74,37.22],[74.25,37.41],[74.67,37.39],[74.92,37.24],[75.19,37.41],[74.9,37.65],[74.99,37.79],[74.79,38.2],[74.85,38.47],[74.35,38.67],[73.94,38.54],[73.71,38.86],[73.85,38.97],[73.62,39.24],[73.66,39.46],[73.95,39.6],[73.84,39.77],[74.02,40.07],[74.88,40.33],[74.86,40.52],[75.23,40.45],[75.58,40.64],[75.7,40.3],[76.33,40.35],[76.87,41.01],[78.08,41.04],[78.67,41.53],[79.79,41.89],[79.9,42.02],[80.27,42.05],[80.17,42.66],[80.26,42.82],[80.57,42.89],[80.38,43.03],[80.82,43.17],[80.37,44.11],[80.38,44.64],[80.52,44.73],[79.87,44.9],[81.68,45.35],[81.98,45.15],[82.3,45.24],[82.57,45.13],[82.65,45.44],[82.32,45.58],[83.01,46.95],[83.03,47.2],[83.93,46.97],[84.68,46.99],[84.74,46.83],[85.52,47.06],[85.7,47.26],[85.54,47.97],[85.74,48.36],[86.6,48.54],[86.78,48.72],[86.73,48.97],[86.88,49.11],[87.47,49.08],[88.09,49.23],[88.22,49.46],[89.19,49.51],[89.22,49.64],[89.37,49.58],[89.72,49.72],[89.64,49.9],[90.07,50.09],[92.32,50.81],[92.67,50.68],[92.97,50.79],[93.09,50.6],[94.24,50.58],[94.4,50.2],[94.63,50.03],[95.52,49.9],[96.07,50.01],[97.35,49.74],[98.2,50.16],[98.33,50.51],[98.05,50.64],[97.83,51],[98.06,51.46],[98.24,51.47],[98.34,51.72],[98.73,51.84],[98.93,52.14],[99.98,51.74],[100.53,51.74],[102.22,51.33],[102.31,50.59],[102.89,50.32],[103.71,50.14],[105.31,50.48],[106.24,50.3],[106.74,50.33],[107.25,50],[107.98,49.93],[107.95,49.69],[108.56,49.33],[109.2,49.36],[110.74,49.14],[111.33,49.34],[113.1,49.6],[113.21,49.82],[114.32,50.28],[114.88,50.22],[115.39,49.9],[116.25,50.03],[117.17,49.65],[117.87,49.52],[118.64,49.95],[119.32,50.1],[119.35,50.35],[119.14,50.39],[119.29,50.6],[119.51,50.75],[120.06,51.62],[120.71,51.98],[120.78,52.16],[120.63,52.34],[120.71,52.54],[120.08,52.59],[120.03,52.77],[120.87,53.28],[123.61,53.54],[124.4,53.21],[125.13,53.2],[125.62,53.05],[125.73,52.98],[125.66,52.88],[126.1,52.76],[125.99,52.58],[126.33,52.4],[126.32,52.19],[126.55,52.13],[126.44,51.99],[126.91,51.38],[126.82,51.27],[126.97,51.32],[126.93,51.06],[127.29,50.74],[127.33,50.31],[127.58,50.21],[127.52,49.81],[127.82,49.59],[128.79,49.57],[129.08,49.35],[129.49,49.42],[130.22,48.86],[130.64,48.88],[130.52,48.61],[130.83,48.29],[130.66,48.11],[130.99,47.69],[132.54,47.71],[133.08,48.1],[133.48,48.07],[133.75,48.25],[134.42,48.39],[134.72,48.27],[134.56,47.99],[134.76,47.7],[134.18,47.32],[134.22,47.1],[133.85,46.48],[133.9,46.25],[133.52,45.88],[133.47,45.62],[133.15,45.45],[133.12,45.12],[132.93,45.02],[131.87,45.35],[131.47,44.97],[130.95,44.84],[131.3,44.05],[131.19,43.54],[131.31,43.39],[131.13,42.92],[130.43,42.74],[130.61,42.62],[130.66,42.32],[130.87,42.52],[130.71,42.69],[131.22,42.56],[131.81,43.33],[132.05,43.31],[131.84,43.08],[131.95,43.06],[132.35,43.29],[132.31,42.85],[132.77,42.87],[132.8,42.76],[132.99,42.82],[133.15,42.68],[133.94,42.89],[135.13,43.5],[135.89,44.4],[136.18,44.51],[136.37,44.79],[138.1,46.22],[138.57,47.04],[139.03,47.39],[139.28,47.81],[140.18,48.45],[140.21,48.76],[140.39,48.97],[140.34,49.27],[140.55,49.56],[140.41,49.87],[140.69,50.09],[140.53,50.13],[140.46,50.7],[140.71,51.03],[140.69,51.32],[140.87,51.36],[140.8,51.46],[140.91,51.61],[141.42,51.92],[141.31,52.03],[141.51,52.21],[141.12,52.43],[141.31,52.66],[141.2,52.84],[140.71,53.12],[141.18,52.98],[141.44,53.15],[141.41,53.29],[140.58,53.63],[140.26,53.86],[140.24,54.05],[139.75,54.31],[139.34,54.18],[138.66,54.29],[138.78,54.02],[138.47,53.52],[138.24,53.56],[138.57,53.81],[138.55,53.99],[137.9,53.57],[137.31,53.53],[137.23,53.6],[137.86,53.96],[137.29,54.08],[137.74,54.31],[137.19,54.22],[137.06,54.14],[137.28,54.04],[137.18,53.84],[136.76,53.77],[136.65,53.92],[136.81,54.13],[136.81,54.65],[135.73,54.57],[135.16,54.86],[137.73,56.18],[138.65,56.99],[139.84,57.51],[140.01,57.7],[140.5,57.83],[140.68,58.23],[140.9,58.38],[141.7,58.69],[142.3,59.14],[143.21,59.38],[145.91,59.41],[145.8,59.27],[145.99,59.15],[146.31,59.18],[146.33,59.39],[146.49,59.46],[147.49,59.24],[148.25,59.42],[148.41,59.26],[148.9,59.24],[148.96,59.38],[148.72,59.37],[148.71,59.47],[149.21,59.47],[149.03,59.63],[149.48,59.77],[150.71,59.58],[150.46,59.49],[150.71,59.44],[150.94,59.47],[150.9,59.57],[151.39,59.57],[151.75,59.3],[152.28,59.22],[151.08,59.11],[151.31,58.84],[152.36,59.02],[152.88,58.92],[153.36,59.24],[154.02,59.05],[154.45,59.22],[154.74,59.13],[155.14,59.2],[155.19,59.36],[154.44,59.55],[154.5,59.43],[154.11,59.46],[154.3,59.64],[154.23,59.88],[154.47,59.92],[154.9,60.34],[155.9,60.76],[155.94,60.92],[156.35,61.16],[156.66,61.21],[156.7,61.53],[157.43,61.79],[158.02,61.73],[159.25,61.92],[159.53,61.66],[160.35,61.95],[160.38,61.78],[159.85,61.31],[159.95,61.14],[159.78,60.94],[160.39,61.03],[160.17,60.83],[160.14,60.59],[160.4,60.74],[160.8,60.74],[162.41,61.67],[162.74,61.6],[162.65,61.69],[162.84,61.72],[163.01,61.52],[163.28,61.66],[162.95,61.8],[163.14,62.05],[163.13,62.28],[163.35,62.36],[163.16,62.44],[163.23,62.53],[164.37,62.71],[165.57,62.47],[165.09,62.46],[165.33,62.32],[164.53,62.46],[164.12,62.28],[164.04,61.71],[163.75,61.45],[164.01,61.33],[163.51,61.05],[163.73,60.94],[163.64,60.88],[162.9,60.77],[161.91,60.42],[161.92,60.24],[160.86,59.62],[160.48,59.54],[159.79,59.08],[159.5,58.71],[158.23,58.02],[157.64,58],[157.43,57.79],[156.98,57.85],[156.76,57.74],[156.92,57.66],[156.98,57.42],[156.7,57.11],[155.94,56.65],[155.54,55.33],[156.1,52.85],[156.26,52.57],[156.44,52.52],[156.28,52.52],[156.45,52.14],[156.52,51.32],[156.75,51.08],[156.66,50.88],[158.28,51.94],[158.32,52.13],[158.56,52.31],[158.42,52.65],[158.55,52.62],[158.64,52.9],[158.45,52.9],[158.44,53.03],[158.61,53.05],[158.72,52.89],[159.61,53.26],[160.05,53.1],[159.8,53.52],[159.95,53.47],[159.82,53.66],[160.01,54.14],[160.73,54.53],[161.69,54.5],[162.11,54.76],[162.15,54.86],[161.81,55.14],[161.71,55.49],[162.09,56.1],[162.57,56.27],[162.39,56.39],[162.9,56.43],[162.99,56.55],[163.07,56.48],[162.65,56.19],[163.03,56.02],[163.35,56.2],[163.21,56.74],[162.92,56.7],[162.78,56.85],[162.74,57.36],[163.16,57.59],[163.28,57.74],[163.21,57.84],[162.56,57.95],[162.34,57.69],[161.94,58.07],[162.41,58.68],[163.01,58.97],[162.88,59.13],[163.19,59.05],[163.06,59.24],[163.3,59.26],[163.33,59.39],[163.18,59.57],[163.39,59.63],[163.36,59.82],[163.7,59.9],[163.64,60.05],[164.04,60.03],[164.05,59.87],[164.15,59.87],[164.32,60.09],[164.49,60.11],[164.82,59.78],[165.18,59.98],[165,60.13],[165.23,60.1],[166.35,60.49],[166.1,59.91],[166.17,59.82],[167.05,60.32],[168.11,60.57],[169.26,60.62],[169.7,60.41],[169.93,60.07],[170.24,59.91],[170.41,59.98],[170.64,60.42],[171.95,60.85],[171.95,60.95],[172.02,60.85],[172.2,60.96],[172.02,61.09],[172.45,61.04],[172.34,61.22],[172.96,61.3],[172.71,61.43],[173.16,61.4],[173.49,61.56],[173.57,61.75],[173.87,61.68],[174.08,61.84],[174.51,61.81],[174.72,61.89],[174.6,61.98],[174.77,61.92],[176.28,62.31],[176.68,62.54],[177.24,62.57],[176.93,62.66],[177,62.87],[177.19,62.7],[177.45,62.81],[177.32,62.74],[177.37,62.57],[179.1,62.29],[179.13,62.48],[179.55,62.62],[179.54,62.84],[179.24,63.01],[179.41,63.14],[178.82,63.34],[179,63.32],[178.78,63.59],[178.81,63.44],[178.68,63.38],[178.59,63.41],[178.7,63.57],[178.26,63.57],[178.76,63.64],[178.66,63.94],[178.38,63.97],[178.48,64.12],[178.35,64.3],[178.09,64.2],[177.63,64.32],[177.36,64.54],[177.49,64.76],[176.74,64.56],[176.45,64.69],[176.11,64.54],[176.42,64.7],[176.06,64.9],[175.68,64.75],[174.45,64.69],[175.69,64.78],[176.06,64.95],[176.43,64.81],[177.15,64.78],[177.3,64.83],[176.96,65.04],[176.31,65.05],[176.92,65.08],[177.44,64.92],[177.61,64.72],[178.7,64.7],[178.56,64.59],[180,65.07],[180,68.98],[179.72,69],[179.55,69.11],[179.95,69],[179.3,69.26],[178.69,69.28],[178.68,69.36],[179.04,69.34],[176.74,69.67],[176.12,69.89],[173.93,69.85],[173.44,69.95],[173.17,69.89],[173.46,69.81],[173.2,69.78],[172.64,69.97],[170.42,70.13],[170.56,70.08],[170.57,69.78],[170.12,69.61],[170.58,69.6],[171.03,69.04],[170.76,68.96],[170.7,68.8],[170.62,68.91],[170.46,68.86],[170.61,68.76],[169.59,68.78],[169.37,69.08],[168.28,69.24],[168.19,69.38],[168.26,69.53],[167.78,69.78],[166.9,69.49],[164.53,69.6],[164.01,69.77],[162.23,69.65],[161.45,69.39],[161.58,68.91],[161.14,68.56],[160.84,68.52],[161.07,68.56],[161.41,68.98],[160.97,69.11],[161,69.58],[159.73,69.83],[159.88,70.08],[159.79,70.14],[160.09,70.24],[160.04,70.41],[159.68,70.67],[159.04,70.87],[157.9,71.05],[155.81,71.09],[152.61,70.83],[151.66,70.98],[152.13,71.02],[151.46,71.34],[150.99,71.39],[150.61,71.28],[150.68,71.39],[150.02,71.21],[150.52,71.34],[150.64,71.51],[149.87,71.46],[150.1,71.59],[149.96,71.66],[148.83,71.67],[149.04,71.76],[148.84,71.8],[149.13,71.77],[149.34,71.9],[149.67,71.76],[150.07,71.88],[149.72,72.12],[149.19,72.22],[147.22,72.33],[146.08,71.79],[144.92,71.69],[144.89,71.77],[145.21,71.84],[144.97,71.97],[145.32,71.87],[145.8,71.93],[145.62,72.08],[145.74,72.21],[145.62,72.24],[145.9,72.2],[145.99,72.07],[146.34,72.12],[146,72.03],[145.99,71.85],[146.92,72.3],[144.53,72.17],[144.14,72.26],[144.54,72.23],[144.89,72.43],[146.84,72.34],[145.25,72.57],[141.99,72.72],[140.75,72.89],[140.58,72.87],[141.02,72.69],[141,72.57],[139.54,72.49],[139.09,72.23],[139.26,72.13],[140.19,72.21],[139.86,72.16],[139.65,71.95],[139.34,71.95],[139.74,71.84],[139.73,71.67],[139.93,71.48],[139.2,71.41],[138.73,71.64],[138.46,71.53],[138.49,71.61],[138.1,71.58],[137.83,71.39],[138.22,71.26],[137.78,71.25],[138.07,71.14],[137.86,71.11],[137.28,71.39],[136.01,71.63],[134.45,71.37],[133.92,71.39],[132.74,71.76],[132.72,71.94],[132.11,71.52],[131.94,71.25],[132.18,71.22],[131.84,71.2],[131.57,70.9],[131.18,70.73],[130.9,70.76],[130.78,70.97],[130.51,70.88],[129.74,71.12],[129.18,71.59],[128.84,71.6],[128.93,71.71],[129.53,71.72],[129.07,72],[129.18,71.8],[128.71,71.77],[128.26,72.11],[127.66,72.35],[126.72,72.39],[126.97,72.05],[127.33,71.89],[127.19,71.75],[127.31,71.49],[127.22,71.39],[127.13,71.85],[126.4,72.34],[126.09,72.27],[124.71,72.63],[121.87,72.97],[119.81,73.02],[120.56,72.88],[119.92,72.92],[118.39,73.24],[118.35,73.41],[118.47,73.48],[118.99,73.49],[118.66,73.57],[115.39,73.7],[113.55,73.52],[113.62,73.4],[114.03,73.34],[113.54,73.24],[113.51,72.94],[113.16,72.82],[113.37,72.68],[114.09,72.59],[113.19,72.72],[113.11,72.86],[113.48,72.96],[113.5,73.34],[113.14,73.45],[113.42,73.64],[112.89,73.97],[112.95,73.8],[112.84,73.75],[112.1,73.71],[111.32,73.84],[111.2,73.97],[111.52,74.05],[111.14,74.03],[111,73.9],[110.11,74.02],[109.53,73.82],[109.65,73.68],[110.69,73.79],[110.89,73.77],[110.85,73.67],[109.75,73.45],[109.18,73.54],[109.42,73.41],[108.24,73.3],[108.35,73.22],[106.34,73.19],[106.17,73.1],[106.28,72.96],[105.21,72.76],[105.84,73],[106.04,73.26],[106.8,73.34],[107.16,73.62],[108.19,73.67],[109.08,74.04],[109.85,74.18],[109.97,74.3],[109.58,74.31],[111.4,74.69],[111.79,74.66],[112.14,74.88],[113.4,75.19],[113.67,75.36],[113.53,75.39],[113.72,75.41],[113.68,75.5],[113.34,75.53],[113.25,75.65],[112.86,75.54],[112.87,75.71],[112.35,75.85],[113.59,75.66],[113.42,75.54],[113.51,75.53],[113.89,75.85],[113.78,75.94],[113.55,75.87],[113.47,76.14],[113.27,76.26],[112.93,76.26],[113.26,76.14],[112.59,76.04],[112.85,76.14],[112.51,76.24],[112.74,76.33],[112.27,76.45],[111.91,76.36],[112.19,76.47],[111.1,76.76],[107.92,76.73],[108,76.63],[107.63,76.5],[106.39,76.51],[106.4,76.6],[106.64,76.58],[107.5,76.92],[106.88,77.05],[105.45,76.98],[105.91,77.14],[104.12,77.09],[106.28,77.37],[105.84,77.57],[105.35,77.54],[104.3,77.73],[103.23,77.66],[100.91,76.97],[100.87,76.83],[101.23,76.75],[100.88,76.55],[102.24,76.38],[100.86,76.53],[98.84,76.51],[99.02,76.35],[99.59,76.27],[99.88,76.09],[99.87,75.9],[99.31,75.77],[99.17,75.57],[99.8,75.48],[99.79,75.37],[100.19,75.17],[99.64,75.47],[99.09,75.56],[99.22,75.76],[99.58,75.82],[99.77,76.03],[99.47,76.1],[99.58,76.15],[99.15,76.13],[99.3,76.21],[98.8,76.27],[97.58,76.06],[97.82,75.98],[97.18,75.93],[97.29,76.04],[96.44,75.87],[96.64,75.98],[96.46,76.01],[95.74,75.85],[95.57,75.89],[96.15,76.1],[94.6,76.16],[94.74,76.12],[94.61,76.06],[93.64,76.12],[93.99,76.05],[93.44,76.01],[93.34,76.07],[93.43,76.1],[93.18,76.1],[92.93,76.05],[92.91,75.9],[93.29,75.98],[93.41,75.87],[94.16,75.95],[93.89,75.89],[89.23,75.5],[88.01,75.1],[86.99,75.15],[86.92,75.07],[87.78,75.02],[87.18,74.98],[87.37,74.93],[86.76,74.7],[86.95,74.68],[86.91,74.61],[86.04,74.81],[86.11,74.74],[85.79,74.63],[86.62,74.56],[87.13,74.37],[86.74,74.3],[86.88,74.39],[86.32,74.44],[86.06,74.42],[86.29,74.31],[85.97,74.37],[85.95,74.28],[87.37,74.04],[86.98,74.03],[87.32,73.83],[87.67,73.89],[87.1,73.6],[85.86,73.48],[85.87,73.34],[86.63,73.16],[86.78,72.99],[86.66,73.12],[85.84,73.32],[85.79,73.47],[87.02,73.78],[87.05,73.87],[86.79,73.9],[85.61,73.82],[85.44,73.71],[80.52,73.57],[80.67,73.5],[80.61,73.44],[80.25,73.32],[80.57,73.22],[80.27,73.18],[80.81,72.97],[80.63,72.71],[80.82,72.62],[80.73,72.52],[81.21,72.35],[82.2,72.28],[82.31,72.19],[82.19,72.09],[83.37,71.83],[83.63,71.63],[83.15,71.24],[83.75,70.46],[83.37,70.31],[82.95,70.32],[83.18,70.15],[83.07,70.06],[82.64,70.23],[83.02,70.43],[83.11,70.89],[82.66,70.95],[82.43,70.61],[82.16,70.57],[82.35,70.2],[82.08,70.56],[82.41,70.77],[82.2,70.99],[82.36,71.09],[82.26,71.26],[82.99,71.45],[83.32,71.67],[83.24,71.73],[81.65,71.71],[80.65,72.03],[80.83,72.09],[79.48,72.37],[78.5,72.4],[77.47,72.22],[77.37,72.1],[77.99,72.11],[78.22,71.99],[78.13,71.88],[77.62,71.82],[76.92,72.05],[76.06,71.88],[76.26,71.57],[77.66,71.28],[77.98,71.37],[77.94,71.25],[78.3,71.25],[78.23,71.12],[78.5,71.11],[78.55,70.96],[79.07,71.02],[79.06,70.94],[78.03,70.95],[77.68,71.16],[76.98,71.18],[76.92,71.07],[76.84,71.19],[75.23,71.39],[75.5,71.52],[75.5,71.66],[75.22,71.84],[75.75,72.27],[75.55,72.48],[75.71,72.56],[75.38,72.68],[75.53,72.74],[75.36,72.81],[74.83,72.83],[75.1,72.45],[75.01,72.15],[73.53,71.82],[73.5,71.66],[73.02,71.42],[73.57,71.24],[73.95,70.83],[74.32,70.66],[74.31,70.51],[73.69,70.13],[73.77,70.08],[73.52,69.74],[73.88,69.46],[73.75,69.17],[73.93,69.07],[74.84,69.08],[75.45,69.25],[76,69.24],[77.68,68.89],[77.78,68.52],[77.93,68.52],[78.17,68.27],[77.58,68.16],[77.47,67.76],[79.04,67.57],[77.79,67.56],[77.08,67.78],[77.3,67.91],[77.2,67.97],[77.36,68.23],[77.16,68.29],[77.32,68.52],[76.64,68.77],[76.7,68.87],[76.56,68.98],[74.69,68.78],[74.45,68.69],[74.34,68.37],[74.73,68.15],[74.82,67.93],[74.74,67.69],[73.9,67.29],[73.85,66.98],[72.47,66.6],[72.35,66.53],[72.34,66.3],[72.01,66.22],[69.42,66.5],[69.11,66.61],[69.11,66.75],[68.97,66.81],[69.89,66.83],[70.29,66.68],[70.71,66.76],[70.29,66.62],[70.69,66.51],[71.55,66.64],[71.41,66.97],[71.77,66.95],[72.21,67.15],[72.05,67.3],[72.41,67.33],[72.59,67.62],[73.03,67.72],[73.2,67.85],[73.1,68.22],[73.64,68.44],[73.51,68.59],[72.57,68.94],[72.47,69.15],[72.64,69.44],[72.53,69.63],[72.69,69.84],[72.49,70.05],[72.61,70.18],[72.43,70.29],[72.77,70.42],[72.68,70.61],[72.84,70.87],[72.59,71.16],[71.8,71.49],[72.36,71.72],[72.34,71.86],[72.88,72.29],[72.73,72.61],[72.82,72.71],[71.58,72.91],[69.33,72.95],[68.98,72.69],[68.47,71.82],[67.97,71.54],[66.9,71.29],[66.62,71.05],[66.89,71.08],[66.62,70.89],[66.69,70.76],[67.34,70.76],[67.09,70.21],[67.33,70.1],[67.02,69.96],[66.9,70.03],[66.79,69.58],[66.95,69.53],[67.01,69.7],[68.1,69.54],[68.05,69.28],[68.45,68.98],[69.22,68.96],[68.96,68.91],[69.1,68.83],[68.44,68.22],[68.27,68.19],[68.16,68.41],[67.2,68.7],[67.05,68.86],[65.08,69.27],[64.8,69.14],[64.84,69.29],[65,69.3],[64.34,69.5],[60.87,69.86],[60.65,69.67],[60.15,69.57],[60.54,69.31],[60.6,69.13],[60.93,69.09],[60.91,68.9],[60.46,68.71],[59.78,68.67],[59.97,68.46],[59.71,68.34],[59.07,68.42],[59.06,68.62],[59.43,68.75],[58.9,68.93],[59.22,68.99],[58.86,69],[58.28,68.89],[58.39,68.73],[58.24,68.88],[57.97,68.85],[57.94,68.75],[57.14,68.54],[56.01,68.66],[55.33,68.55],[54.94,68.4],[54.78,68.16],[54.51,68.31],[54.25,68.21],[53.34,68.24],[53.21,68.26],[53.32,68.35],[53.94,68.4],[53.72,68.63],[54.01,68.86],[53.6,68.91],[54.56,69],[53.78,68.97],[52.29,68.62],[52.64,68.64],[52.49,68.59],[52.73,68.48],[52.42,68.34],[52.24,68.31],[52.14,68.38],[52.36,68.48],[52.05,68.54],[50.77,68.37],[49.23,67.87],[48.6,67.93],[49.1,67.63],[48,67.65],[47.81,67.57],[47.95,67.45],[47.68,67.19],[47.7,66.99],[46.38,66.74],[46.59,66.86],[46.03,66.82],[45.61,67.17],[44.91,67.37],[45.38,67.74],[46.67,67.8],[46.71,67.92],[46.53,68.14],[45.9,68.48],[45.51,68.55],[44.14,68.53],[43.37,68.69],[43.27,68.67],[43.33,68.61],[44.24,68.26],[44.13,67.93],[44.26,67.93],[44.09,67.88],[44.11,67.71],[43.75,67.31],[43.78,67.2],[44.14,67.17],[44.5,66.91],[44.36,66.78],[44.48,66.67],[44.08,66.2],[44.17,65.87],[43.86,66.18],[43.45,66.12],[43.52,65.98],[43.35,66.04],[43.69,66.26],[43.29,66.42],[42.14,66.51],[41.36,66.06],[40.7,65.97],[39.75,65.55],[39.75,65.34],[40.38,64.92],[40.52,64.54],[39.86,64.67],[39.55,64.56],[38.54,64.8],[38.04,64.64],[38.07,64.78],[38.4,64.85],[36.86,65.18],[36.83,64.99],[36.44,64.94],[36.56,64.74],[37.33,64.35],[37.8,64.42],[38.05,64.15],[38,63.96],[37.42,63.8],[36.28,64.01],[36.11,64.23],[35.63,64.4],[35.32,64.33],[34.79,64.55],[34.96,64.65],[34.94,64.84],[34.38,65.38],[34.67,65.45],[34.78,65.6],[34.69,65.8],[34.96,65.72],[34.85,65.9],[34.11,66.25],[33.32,66.32],[33.72,66.42],[33.63,66.48],[32.96,66.53],[33.43,66.59],[32.87,66.58],[33.32,66.64],[32.8,66.73],[32.91,66.77],[32.52,66.88],[32.54,67.01],[32.26,67.12],[31.86,67.15],[32.67,67.12],[33.25,66.79],[34.32,66.67],[34.48,66.53],[34.88,66.6],[35.56,66.38],[38.61,66.05],[40.07,66.28],[41.16,66.79],[41.39,67.12],[41.11,67.25],[41.05,67.66],[40.46,67.75],[39.75,68.17],[39.85,68.04],[39.57,68.06],[38.6,68.39],[38.43,68.34],[37.77,68.68],[35.84,69.2],[33.64,69.33],[33.44,69.1],[33.03,68.96],[33.04,69.07],[33.52,69.18],[33.24,69.27],[33.52,69.42],[32.81,69.3],[33.03,69.47],[32.22,69.42],[32.49,69.5],[32.1,69.59],[32.11,69.68],[32.9,69.58],[33.13,69.73],[31.94,69.96],[32.1,69.79],[31.71,69.82],[31.8,69.69],[31.54,69.7],[31.76,69.56],[29.36,68.08],[30.03,67.69],[30.52,67.22],[30.68,66.87],[30.29,66.51],[30.45,66.4],[30.4,66.18],[30.65,65.88],[29.82,65.65],[29.75,65.35],[29.6,65.24],[29.85,65.22],[29.87,65.12],[29.61,65.01],[29.81,64.79],[30.14,64.77],[30.21,64.66],[29.98,64.58],[30.06,64.41],[30.58,64.22],[30.6,64.05],[30,63.74],[31.24,63.2],[32.32,62.98],[32.4,62.8],[32.79,62.6],[32.82,62.5],[32.57,62.3],[32.83,62.16],[32.63,62],[32.37,62.2],[32.25,62.13],[32.19,61.81],[32.32,61.44],[32.17,61.29],[30.78,60.6],[30.19,60.63],[30.11,60.36],[29.89,60.31],[30.01,60.18],[29.95,60.03],[30.25,59.97],[30.16,59.86],[29.19,60.01],[28.83,59.78],[28.5,59.86],[28.37,59.66],[28.01,59.76],[28.06,59.6],[28.47,59.34],[28.5,59.17],[28.13,58.93],[27.6,58.93],[27.42,58.78],[27.54,58.41],[27.48,58.21],[28.12,57.74],[27.78,57.46],[28.08,57.2],[28.02,56.99],[28.2,56.18],[27.65,55.92],[27.65,55.76],[27.25,55.42],[26.85,54.64],[26.61,54.44],[26.57,54.02],[26.02,53.84],[25.67,53.86],[24.98,53.47],[24.51,53.41],[24.08,53.52],[23.94,53.36],[23.94,52.72],[23.42,52.53],[23.17,52.28],[23.64,52.08],[23.54,51.59],[23.73,51.21],[24.14,50.86],[23.95,50.79],[24.11,50.63],[24.68,50.36],[25.12,50.32],[25.61,49.76],[26.24,49.73],[26.17,48.95],[26.37,48.51],[26.15,48.45],[26.33,48.18],[26.64,48.27],[27,48.16],[27.3,47.66],[28.08,46.98],[28.25,46.43],[28.09,46.08],[28.17,45.67],[28.07,45.58],[28.32,45.33],[28.73,45.22],[29.41,45.44],[29.71,45.21],[29.64,45.82],[29.74,45.62],[29.93,45.82],[30.25,45.87],[30.83,46.55],[31.34,46.6],[31.6,46.8],[31.48,46.63],[31.91,46.65],[31.86,46.8],[31.97,46.93],[31.75,47.25],[31.98,47.01],[32.01,46.63],[32.64,46.64],[32.35,46.46],[31.55,46.55],[32.01,46.45],[31.79,46.28],[32.5,46.08],[33.19,46.16],[33.47,46.05],[33.61,46.14],[33.77,45.93],[32.48,45.39],[33.55,45.11],[33.55,44.62],[33.37,44.58],[33.96,44.38],[34.46,44.72],[35.08,44.79],[35.53,45.12],[35.83,44.99],[36.45,45.08],[36.43,45.27],[36.64,45.35],[36.29,45.47],[35.46,45.3],[35.05,45.65],[34.8,46.09],[34.73,46.11]]],[[[128.03,73.49],[127.39,73.52],[127.99,73.48],[128.03,73.49]]],[[[76.39,73.52],[76.1,73.51],[76.73,73.43],[76.43,73.51],[76.39,73.52]]],[[[71.28,73.28],[71,73.29],[71.26,73.44],[70.93,73.52],[69.98,73.41],[70.06,73.23],[69.9,73.02],[71.66,73.17],[71.38,73.31],[71.28,73.28]]],[[[71.16,73.29],[71.35,73.33],[71.29,73.41],[71.15,73.29],[71.16,73.29]]],[[[127.3,73.52],[126.85,73.53],[126.83,73.38],[126.63,73.38],[126.6,73.25],[126.77,73.08],[126.33,72.89],[126.45,72.79],[126.3,72.5],[126.49,72.4],[126.59,72.54],[129.08,73.04],[129.1,73.13],[128.78,73.07],[128.97,73.17],[128.26,73.27],[128.35,73.35],[127.98,73.47],[127.47,73.48],[127.3,73.52]]],[[[124.6,73.73],[124.34,73.8],[124.06,73.68],[123.88,73.77],[123.97,73.62],[123.37,73.66],[123.22,73.4],[123.66,73.17],[123.38,73.16],[123.18,72.92],[122.63,73.02],[122.43,72.98],[122.54,72.94],[124.72,72.68],[126.17,72.3],[126.35,72.38],[126.25,72.5],[126.38,72.77],[126.29,72.9],[126.71,73.08],[126.55,73.35],[126.16,73.38],[126.4,73.51],[125.57,73.4],[125.58,73.54],[124.7,73.7],[124.6,73.73]]],[[[76.07,73.56],[75.36,73.47],[75.89,73.46],[76.07,73.56]]],[[[55.72,73.33],[54.91,73.42],[53.33,73.22],[53.13,73.09],[53.38,73.01],[53.14,72.96],[53.37,72.88],[52.73,72.88],[52.38,72.72],[53.21,72.65],[52.76,72.64],[52.73,72.56],[53.08,72.59],[52.67,72.43],[52.75,72.34],[52.41,72.23],[52.4,72.08],[51.84,72.16],[51.57,72.07],[51.4,71.79],[51.8,71.47],[52.55,71.59],[52.92,71.41],[53.36,71.57],[53.26,71.45],[53.48,71.29],[53.94,71.46],[53.46,71.26],[54.24,71.12],[53.51,71.09],[53.74,70.95],[53.38,70.86],[53.46,70.81],[54.67,70.65],[54.48,70.73],[54.57,70.78],[55.16,70.55],[55.41,70.75],[55.88,70.58],[56.03,70.58],[55.93,70.67],[56.54,70.54],[56.65,70.58],[56.43,70.68],[56.22,70.66],[56.51,70.75],[56.64,70.63],[57.31,70.56],[56.74,70.7],[57.45,70.6],[57.63,70.73],[56.23,71.19],[55.67,71.6],[55.51,71.89],[55.22,71.93],[55.58,72.19],[55.46,72.43],[55.13,72.45],[55.54,72.47],[55.27,72.58],[55.59,72.53],[55.94,72.66],[55.44,72.78],[56.22,72.83],[56.23,72.98],[55.62,72.96],[56.34,72.99],[56.43,73.06],[55.81,73.06],[56.59,73.13],[55.74,73.33],[55.72,73.33]]],[[[147.02,75.33],[146.41,75.59],[146.07,75.22],[146.18,75.18],[148.64,74.76],[150.6,74.88],[150.95,75.14],[150.47,75.09],[149.33,75.28],[148.58,75.21],[148.45,75.28],[148.57,75.37],[148.39,75.42],[147.41,75.44],[147.11,75.33],[147.02,75.33]]],[[[87.05,74.98],[86.5,74.98],[86.59,74.9],[86.29,74.86],[86.84,74.83],[86.7,74.91],[87.14,74.94],[87.05,74.98]]],[[[82.11,75.41],[82.01,75.44],[82.14,75.52],[81.5,75.36],[81.87,75.31],[82,75.17],[82.04,75.34],[82.28,75.33],[82.13,75.41],[82.11,75.41]]],[[[135.65,75.36],[136.01,75.42],[135.96,75.51],[136.18,75.61],[135.71,75.85],[135.54,75.67],[135.51,75.36],[135.65,75.36]]],[[[58.83,75.9],[59.24,75.99],[58.75,75.9],[58.83,75.9]]],[[[82.25,75.87],[81.6,75.94],[82.23,75.86],[82.25,75.87]]],[[[152.74,76.11],[152.76,76.21],[152.49,76.19],[152.66,76.11],[152.74,76.11]]],[[[55.44,73.34],[55.93,73.3],[55.91,73.44],[56.16,73.28],[56.75,73.25],[56.76,73.36],[56.91,73.31],[57.25,73.49],[56.73,73.67],[57.33,73.55],[57.61,73.66],[57.33,73.82],[56.57,73.88],[57.4,73.84],[57.7,73.71],[57.94,73.8],[57.91,73.92],[57.26,74.08],[57.52,74.08],[57.41,74.18],[58.12,73.98],[58.22,74.01],[58.14,74.14],[58.38,74.13],[58.28,74.22],[58.58,74.17],[58.74,74.27],[58.19,74.58],[59.15,74.44],[59.12,74.54],[59.29,74.64],[59.17,74.72],[59.87,74.62],[59.51,74.79],[60.24,74.74],[60.37,74.79],[60.2,74.85],[60.68,74.93],[59.93,75],[60.43,75.01],[60.49,75.11],[60.74,75.02],[61.28,75.32],[61.51,75.22],[61.7,75.37],[63.56,75.71],[65,75.79],[68.29,76.28],[68.86,76.54],[68.93,76.78],[67.94,77.01],[66.66,76.9],[65.76,76.68],[66.02,76.54],[65.53,76.58],[64.11,76.31],[62.5,76.18],[61.09,76.28],[60.9,76.15],[61.16,76.13],[60.73,76],[60.47,76.01],[60.81,76.12],[60.27,76.11],[60.04,76.04],[60.33,75.99],[57.99,75.67],[58.18,75.58],[57.51,75.49],[57.74,75.32],[56.87,75.36],[56.73,75.3],[56.91,75.24],[56.48,75.06],[56.35,75.19],[55.93,75.19],[55.73,75.08],[55.92,75.08],[55.89,74.99],[56.68,74.95],[55.82,74.8],[56.98,74.69],[55.53,74.65],[55.53,74.56],[56.28,74.49],[55.36,74.43],[55.23,74.37],[55.74,74.29],[55.08,74.26],[55.86,74.11],[55.02,74.17],[54.59,74.01],[54.8,73.98],[53.63,73.76],[54.19,73.6],[55.17,73.71],[54.37,73.57],[54.25,73.51],[54.3,73.42],[54.04,73.38],[55.02,73.44],[55.42,73.34],[55.44,73.34]]],[[[82.97,75.97],[82.37,75.94],[83.08,75.96],[82.97,75.97]]],[[[140.9,76.06],[141.08,76.11],[140.86,76.1],[140.9,76.06]]],[[[113.44,76.37],[113.14,76.4],[113.42,76.36],[113.44,76.37]]],[[[96.37,76.3],[95.35,76.29],[95.29,76.2],[96.36,76.1],[96.35,76.26],[96.57,76.15],[96.65,76.25],[96.37,76.3]]],[[[95,76.27],[94.41,76.21],[94.86,76.18],[95,76.27]]],[[[97,76.28],[96.83,76.34],[96.76,76.17],[96.97,76.28],[97,76.28]]],[[[112.52,76.62],[111.96,76.6],[112.45,76.45],[112.71,76.52],[112.57,76.55],[112.52,76.62]]],[[[97.55,76.58],[97.42,76.72],[97.32,76.6],[97.52,76.58],[97.55,76.58]]],[[[95.32,76.66],[94.83,76.66],[95.3,76.65],[95.32,76.66]]],[[[96.47,76.7],[95.91,76.66],[96.36,76.63],[96.47,76.7]]],[[[88.66,77.12],[88.95,77.13],[88.7,77.14],[88.66,77.12]]],[[[106.65,77.38],[106.9,77.45],[106.57,77.44],[106.5,77.39],[106.62,77.37],[106.65,77.38]]],[[[107.56,77.25],[107.67,77.33],[107.41,77.36],[107.21,77.23],[107.35,77.23],[107.56,77.25]]],[[[89.65,77.29],[89.26,77.3],[89.17,77.16],[89.67,77.28],[89.65,77.29]]],[[[97.62,76.78],[97.11,76.76],[97.6,76.75],[97.62,76.78]]],[[[149.31,76.75],[148.42,76.66],[149.21,76.66],[149.31,76.75]]],[[[88.66,77.12],[88.7,77.02],[88.83,77.08],[88.67,77.11],[88.66,77.12]]],[[[96.58,77.13],[96.46,77.21],[95.25,77.01],[95.94,77.02],[95.71,76.95],[96.46,77.07],[96.58,77.13]]],[[[82.62,74.05],[82.73,74.1],[82.56,74.16],[82.32,74.09],[82.59,74.05],[82.62,74.05]]],[[[83.62,74.09],[82.83,74.1],[83.6,74.07],[83.62,74.09]]],[[[84.42,74.04],[83.88,74.01],[84.41,73.96],[84.42,74.04]]],[[[85.65,74.79],[85.1,74.75],[85.7,74.73],[85.65,74.79]]],[[[79.2,74.62],[79.44,74.52],[79.61,74.6],[79.19,74.63],[79.2,74.62]]],[[[112.71,74.5],[112.08,74.55],[111.97,74.38],[111.46,74.32],[112.71,74.09],[113.43,74.39],[112.78,74.5],[112.71,74.5]]],[[[116.07,74.29],[115.93,74.36],[116.05,74.28],[116.07,74.29]]],[[[86.21,74.53],[85.82,74.57],[85.66,74.47],[86.21,74.51],[86.21,74.53]]],[[[84.94,74.48],[84.38,74.45],[84.92,74.47],[84.94,74.48]]],[[[85.44,74.45],[85.65,74.53],[85.37,74.58],[85.15,74.54],[85.39,74.45],[85.44,74.45]]],[[[142.15,73.89],[141.08,73.87],[140.42,73.48],[139.71,73.44],[139.71,73.35],[140.81,73.45],[142.36,73.24],[143.51,73.23],[143.43,73.52],[142.34,73.86],[142.15,73.89]]],[[[125.83,73.52],[125.8,73.64],[125.71,73.54],[125.81,73.51],[125.83,73.52]]],[[[86.69,73.59],[86.89,73.7],[86.42,73.59],[86.69,73.59]]],[[[86.91,73.64],[87.18,73.71],[87.2,73.82],[86.87,73.63],[86.91,73.64]]],[[[141.02,73.99],[141.06,74.23],[140.21,74.24],[140.07,74.09],[140.31,73.93],[140.97,73.97],[141.02,73.99]]],[[[135.65,74.2],[135.36,74.25],[135.42,74.17],[136.16,73.87],[136.26,73.99],[135.89,74.13],[135.65,74.2]]],[[[124.54,73.85],[124.62,73.91],[124.34,73.93],[124.51,73.84],[124.54,73.85]]],[[[139.19,76.07],[138.73,76.22],[138.45,76.06],[138.34,76.15],[137.5,75.97],[137.43,75.88],[137.74,75.75],[137.17,75.78],[137.07,75.72],[137.15,75.65],[136.97,75.61],[137.21,75.64],[137.29,75.59],[137.13,75.42],[137.4,75.35],[136.86,75.35],[137.14,75.13],[137.77,74.99],[137.87,74.85],[139,74.65],[139.39,74.7],[139.57,74.85],[139.46,74.93],[139.65,74.98],[140.06,74.83],[141.98,75],[142.23,75],[142.33,74.92],[141.97,74.94],[142.44,74.81],[143.64,74.92],[143.6,75.01],[142.63,75.09],[142.21,75.33],[142.14,75.59],[142.45,75.71],[143.04,75.66],[142.51,75.46],[142.5,75.36],[142.9,75.14],[143.9,75.03],[144.35,75.04],[144.94,75.27],[144.67,75.33],[144.71,75.42],[145.38,75.52],[143.9,75.84],[142.56,75.86],[141.36,76.18],[141.61,76.02],[140.97,76.04],[140.87,75.74],[141.06,75.64],[140.65,75.62],[140.43,75.65],[140.54,75.75],[140.44,75.81],[139.29,76.06],[139.19,76.07]]]]}},{"type":"Feature","properties":{"NAME":"Estonia","ABBREVN":"Estonia","SUBJECTO":"Estonia","BORDERPRECISION":3,"PARTOF":"Estonia"},"geometry":{"type":"MultiPolygon","coordinates":[[[[23.23,58.44],[22.91,58.62],[21.84,58.51],[22.01,58.36],[21.84,58.29],[22.19,58.15],[22.02,57.91],[22.28,58.18],[23.2,58.45],[23.23,58.44]]],[[[23.06,58.61],[23.37,58.53],[23.14,58.67],[23.06,58.61]]],[[[23.12,59.03],[23.38,58.97],[23.14,59.04],[23.12,59.03]]],[[[22.93,58.98],[22.58,59.07],[22.06,58.95],[22.38,58.89],[22.47,58.71],[23.02,58.82],[22.95,58.97],[22.93,58.98]]],[[[26.08,59.6],[25.68,59.66],[25.66,59.56],[25.48,59.66],[25.4,59.49],[24.77,59.56],[24.72,59.45],[24.36,59.47],[24.21,59.34],[23.51,59.23],[23.41,59.02],[23.64,58.97],[23.44,58.94],[23.48,58.81],[23.86,58.77],[23.54,58.74],[23.51,58.57],[24.1,58.24],[24.33,58.39],[24.56,58.32],[24.32,57.87],[25.3,58.08],[26.53,57.52],[26.9,57.63],[27.55,57.54],[27.57,57.42],[28.12,57.74],[27.48,58.21],[27.44,58.83],[28.13,58.93],[28.53,59.26],[28.06,59.6],[27.89,59.41],[26.26,59.59],[26.08,59.6]]]]}},{"type":"Feature","properties":{"NAME":"Latvia","ABBREVN":"Latvia","SUBJECTO":"Latvia","BORDERPRECISION":3,"PARTOF":"Latvia"},"geometry":{"type":"Polygon","coordinates":[[[25.45,58.01],[25.13,58.08],[24.32,57.87],[24.4,57.25],[23.79,56.97],[23.26,57.1],[23.14,57.36],[22.64,57.59],[22.58,57.76],[21.73,57.57],[21.42,57.29],[21.4,57.03],[21.05,56.82],[21.07,56.44],[21,56.51],[20.97,56.36],[21.05,56.08],[22.07,56.42],[24.17,56.26],[24.89,56.45],[25.1,56.2],[25.58,56.15],[26.51,55.68],[27.6,55.79],[28.24,56.28],[28.07,56.57],[28.15,56.69],[28.04,57.25],[27.78,57.46],[27.53,57.44],[27.55,57.54],[26.88,57.63],[26.53,57.52],[25.51,57.97],[25.45,58.01]]]}},{"type":"Feature","properties":{"NAME":"Lithuania","ABBREVN":"Lithuania","SUBJECTO":"Lithuania","BORDERPRECISION":3,"PARTOF":"Lithuania"},"geometry":{"type":"MultiPolygon","coordinates":[[[[26.51,55.68],[25.58,56.15],[25.1,56.2],[24.89,56.45],[24.48,56.27],[22.07,56.42],[21.36,56.24],[21.05,56.08],[21.27,55.25],[22.06,55.03],[22.61,55.04],[22.87,54.84],[22.72,54.69],[22.78,54.37],[23.36,54.24],[23.51,53.95],[23.78,53.94],[23.79,53.66],[24.51,53.41],[25.24,53.55],[25.67,53.86],[26.02,53.84],[26.62,54.07],[26.62,54.46],[26.85,54.64],[27.25,55.42],[27.66,55.78],[26.53,55.69],[26.51,55.68]]],[[[20.98,55.28],[21.1,55.42],[21.09,55.71],[20.94,55.29],[20.98,55.28]]]]}},{"type":"Feature","properties":{"NAME":"Finland","ABBREVN":"Finland","SUBJECTO":"Finland","BORDERPRECISION":3,"PARTOF":"Finland"},"geometry":{"type":"MultiPolygon","coordinates":[[[[19.6,60.15],[19.67,60.19],[19.54,60.23],[19.57,60.12],[19.6,60.15]]],[[[20.23,60],[20,60.06],[20.21,59.98],[20.23,60]]],[[[19.95,60.08],[20.05,60.09],[19.91,60.21],[20.03,60.31],[20.17,60.16],[20.28,60.27],[19.81,60.38],[19.94,60.29],[19.79,60.19],[19.93,60.09],[19.95,60.08]]],[[[22.87,63.8],[22.81,63.88],[22.68,63.8],[22.86,63.77],[22.87,63.8]]],[[[21.08,63.28],[21.25,63.15],[21.42,63.19],[21.3,63.24],[21.08,63.28]]],[[[24.82,64.96],[25.02,65.04],[24.62,65.06],[24.57,64.99],[24.73,64.94],[24.82,64.96]]],[[[23.65,59.94],[23.4,59.9],[23.71,59.93],[23.65,59.94]]],[[[24.17,65.81],[24.41,65.77],[24.69,65.9],[24.55,65.76],[24.67,65.65],[25.3,65.52],[25.27,65.17],[25.44,64.95],[25.21,64.99],[25.37,64.9],[25.3,64.81],[25.08,64.91],[24.54,64.8],[24.34,64.52],[23.6,64.06],[23.39,64.05],[23.32,63.9],[22.92,63.8],[22.82,63.64],[22.59,63.7],[22.4,63.47],[22.29,63.53],[22.19,63.45],[22.34,63.28],[21.5,63.2],[21.68,63.02],[21.44,63.03],[21.37,62.86],[21.11,62.77],[21.07,62.6],[21.39,62.21],[21.25,62.01],[21.66,61.54],[21.47,61.56],[21.55,61.31],[21.33,60.87],[21.42,60.58],[21.59,60.51],[21.82,60.62],[21.8,60.48],[22.63,60.38],[22.45,60.24],[22.57,60.21],[23.08,60.35],[22.87,60.15],[23.25,60.04],[23.11,59.93],[23.34,60.02],[22.9,59.81],[23.25,59.84],[23.54,60.07],[23.43,59.95],[24.29,60.07],[24.47,59.99],[24.6,60.12],[25.66,60.36],[25.92,60.24],[25.84,60.4],[26.08,60.29],[26.06,60.42],[26.42,60.39],[26.65,60.65],[26.75,60.58],[26.6,60.6],[26.5,60.45],[26.96,60.44],[27.22,60.58],[27.47,60.48],[28.15,60.53],[28.68,60.74],[28.68,60.61],[28.55,60.61],[28.71,60.46],[28.45,60.55],[28.6,60.39],[29.05,60.18],[29.67,60.2],[29.89,60.09],[30.01,60.18],[29.89,60.31],[30.11,60.36],[30.19,60.63],[30.78,60.6],[32.17,61.29],[32.32,61.44],[32.19,61.81],[32.25,62.13],[32.37,62.2],[32.63,62],[32.83,62.16],[32.57,62.3],[32.82,62.5],[32.79,62.6],[32.4,62.8],[32.32,62.98],[31.24,63.2],[30,63.74],[30.6,64.05],[30.58,64.22],[30.06,64.41],[29.98,64.58],[30.21,64.66],[30.14,64.77],[29.81,64.79],[29.61,65.01],[29.87,65.12],[29.85,65.22],[29.6,65.24],[29.75,65.35],[29.82,65.65],[30.65,65.88],[30.4,66.18],[30.45,66.4],[30.29,66.51],[30.68,66.87],[30.52,67.22],[30.03,67.69],[29.36,68.08],[31.76,69.56],[30.92,69.79],[30.94,69.57],[30.82,69.53],[30.13,69.67],[30.1,69.5],[29.31,69.32],[29.25,69.12],[29.02,69.03],[28.78,69.16],[29.29,69.46],[29.13,69.69],[28.41,69.82],[27.87,70.09],[27.07,69.91],[26.48,69.94],[25.96,69.69],[25.71,69.26],[25.76,68.99],[25.23,68.83],[24.93,68.58],[24.04,68.83],[23.2,68.63],[22.4,68.71],[21.68,69.28],[21.32,69.33],[21.03,69.21],[21.06,69.04],[20.61,69.06],[22.05,68.48],[22.83,68.39],[23.66,67.95],[23.49,67.87],[23.43,67.48],[23.77,67.42],[23.57,67.16],[24,66.8],[23.66,66.46],[23.66,66.31],[24.16,65.83],[24.17,65.81]]],[[[22.82,60.23],[22.45,60.22],[22.47,60],[22.73,60],[22.84,60.19],[22.82,60.23]]],[[[22.82,59.97],[23.07,59.95],[22.84,59.95],[22.82,59.97]]],[[[22.34,60.29],[22.07,60.29],[22.33,60.27],[22.34,60.29]]],[[[22,60.33],[21.81,60.46],[21.98,60.32],[22,60.33]]]]}},{"type":"Feature","properties":{"NAME":"Sweden","ABBREVN":"Sweden","SUBJECTO":"Sweden","BORDERPRECISION":3,"PARTOF":"Sweden"},"geometry":{"type":"MultiPolygon","coordinates":[[[[18.54,60.34],[18.41,60.5],[18.4,60.37],[18.56,60.31],[18.54,60.34]]],[[[17.78,59.31],[17.64,59.43],[17.75,59.31],[17.78,59.31]]],[[[17.32,59.4],[17.07,59.46],[17.26,59.37],[17.32,59.4]]],[[[17.51,62.36],[17.37,62.47],[17.48,62.36],[17.51,62.36]]],[[[11.42,58.99],[11.32,59.1],[11.11,59],[11.27,58.58],[11.2,58.4],[11.53,58.23],[11.8,58.32],[11.88,58.2],[11.7,57.7],[11.89,57.69],[11.9,57.42],[11.99,57.34],[12.1,57.43],[12.35,56.92],[12.92,56.58],[12.88,56.44],[12.62,56.42],[12.8,56.23],[12.46,56.3],[13.06,55.68],[12.92,55.57],[12.98,55.4],[14.16,55.38],[14.37,55.54],[14.19,55.73],[14.26,55.89],[14.56,56.06],[14.74,56.01],[14.69,56.16],[15.6,56.19],[15.87,56.09],[16,56.21],[16.25,56.65],[16.38,56.66],[16.58,57.05],[16.47,57.29],[16.69,57.48],[16.7,57.72],[16.42,57.89],[16.7,57.74],[16.51,57.99],[16.76,57.88],[16.62,57.99],[16.83,58.18],[16.77,58.37],[16.42,58.48],[16.93,58.49],[16.19,58.63],[16.91,58.62],[17.14,58.7],[17.03,58.75],[17.35,58.75],[17.63,58.91],[17.67,59.17],[17.89,58.87],[18.31,59.13],[18.28,59.31],[18.64,59.32],[18.48,59.44],[18.45,59.33],[17.37,59.25],[16.84,59.49],[16.7,59.47],[16.88,59.38],[16.03,59.49],[16.48,59.5],[16.56,59.61],[17.4,59.47],[17.38,59.65],[17.73,59.44],[17.79,59.53],[17.61,59.73],[17.54,59.57],[17.44,59.68],[17.59,59.8],[17.6,59.66],[17.82,59.59],[17.78,59.39],[18.09,59.33],[18.12,59.45],[18.33,59.4],[18.28,59.48],[19.08,59.77],[18.86,59.8],[19.07,59.89],[18.82,60.1],[18.42,60.19],[18.32,60.31],[18.6,60.24],[18.44,60.34],[18.21,60.34],[17.94,60.6],[17.69,60.5],[17.64,60.62],[17.38,60.62],[17.15,60.94],[17.21,61.33],[17.11,61.4],[17.22,61.43],[17.1,61.6],[17.26,61.69],[17.15,61.72],[17.5,61.63],[17.35,61.94],[17.51,62.23],[17.65,62.23],[17.37,62.33],[17.33,62.49],[17.61,62.43],[18.05,62.6],[17.88,62.66],[17.99,62.73],[17.7,62.99],[18.2,62.78],[18.58,62.96],[18.29,63],[18.9,63.19],[18.81,63.25],[19.06,63.18],[19.29,63.46],[19.47,63.45],[19.43,63.55],[19.7,63.43],[19.9,63.61],[20.77,63.87],[20.96,64.14],[21.59,64.44],[21.12,64.68],[21.3,64.66],[21.3,64.76],[21.04,64.82],[21.62,65.15],[21.26,65.34],[21.59,65.23],[21.7,65.28],[21.47,65.38],[21.93,65.4],[22.03,65.46],[21.86,65.53],[22.19,65.54],[21.77,65.71],[22.4,65.54],[22.25,65.63],[22.37,65.86],[22.68,65.76],[22.68,65.9],[23.08,65.7],[23.25,65.8],[24.17,65.81],[23.66,66.31],[23.66,66.46],[24,66.8],[23.57,67.16],[23.77,67.42],[23.43,67.48],[23.49,67.87],[23.66,67.95],[22.83,68.39],[22.05,68.48],[20.61,69.06],[20.1,69.04],[20.35,68.79],[19.96,68.54],[20.2,68.47],[19.95,68.34],[18.15,68.52],[18.05,68.4],[18.16,68.17],[17.88,67.95],[17.27,68.09],[16.73,67.9],[16.51,67.61],[16.09,67.41],[16.36,67.24],[16.35,67.02],[15.36,66.48],[15.47,66.28],[14.51,66.12],[14.63,65.82],[14.49,65.31],[13.67,64.58],[14.12,64.47],[14.15,64.18],[13.99,64.02],[12.85,64.03],[12.15,63.59],[12.2,63.49],[11.94,63.27],[12.17,63.02],[12.03,62.89],[12.05,62.59],[12.29,62.26],[12.12,61.73],[12.86,61.36],[12.63,61.06],[12.22,61],[12.61,60.47],[12.49,60.11],[11.82,59.85],[11.9,59.7],[11.67,59.59],[11.75,59.1],[11.62,58.91],[11.43,58.89],[11.43,58.99],[11.42,58.99]]],[[[16.47,56.22],[17.06,57.36],[16.42,56.59],[16.43,56.21],[16.47,56.22]]],[[[19.33,57.96],[19.1,57.97],[19.13,57.84],[19.28,57.94],[19.33,57.96]]],[[[11.65,57.95],[11.74,58.03],[11.53,58.05],[11.58,57.93],[11.65,57.95]]],[[[18.21,56.91],[18.39,57.13],[18.71,57.24],[18.81,57.7],[19.03,57.83],[18.91,57.92],[18.47,57.81],[18.12,57.53],[18.26,57.03],[18.17,56.91],[18.21,56.91]]],[[[11.71,58.1],[11.82,58.17],[11.72,58.29],[11.41,58.14],[11.68,58.1],[11.71,58.1]]]]}},{"type":"Feature","properties":{"NAME":"Norway","ABBREVN":"Norway","SUBJECTO":"Norway","BORDERPRECISION":3,"PARTOF":"Norway"},"geometry":{"type":"MultiPolygon","coordinates":[[[[11.26,64.89],[10.83,64.85],[11.22,64.86],[11.26,64.89]]],[[[10.82,64.86],[11.05,64.99],[10.76,64.85],[10.82,64.86]]],[[[12.15,65.23],[12.5,65.39],[12.25,65.57],[12.08,65.21],[12.15,65.23]]],[[[8.16,63.36],[8.08,63.47],[7.78,63.41],[8.13,63.34],[8.16,63.36]]],[[[8.5,63.43],[9.17,63.56],[8.97,63.65],[8.33,63.52],[8.3,63.44],[8.46,63.43],[8.5,63.43]]],[[[8.66,63.68],[8.8,63.7],[8.79,63.81],[8.28,63.68],[8.47,63.66],[8.66,63.68]]],[[[11.45,64.52],[11.04,64.62],[11.41,64.47],[11.45,64.52]]],[[[11.97,65.63],[11.82,65.69],[11.76,65.61],[11.9,65.59],[11.97,65.63]]],[[[14.26,67.13],[14,67.08],[14.2,67.01],[14.26,67.13]]],[[[12.55,65.9],[12.9,66.01],[12.55,66.01],[12.42,65.92],[12.53,65.89],[12.55,65.9]]],[[[12.35,66.02],[12.66,66.1],[12.57,66.22],[12.3,66.01],[12.35,66.02]]],[[[13.01,67.88],[13.14,67.96],[13.06,68.1],[12.84,67.81],[13.01,67.88]]],[[[13.44,68.12],[13.16,68.04],[13.38,68.03],[13.44,68.12]]],[[[5.29,59.22],[5.19,59.41],[5.13,59.21],[5.26,59.15],[5.29,59.22]]],[[[5.53,59.89],[5.65,60.07],[5.36,59.99],[5.51,59.89],[5.53,59.89]]],[[[5.26,59.8],[5.11,59.87],[5.15,59.58],[5.19,59.74],[5.32,59.74],[5.26,59.8]]],[[[5.43,59.75],[5.47,59.89],[5.34,59.97],[5.25,59.91],[5.41,59.75],[5.43,59.75]]],[[[5.48,60.44],[5.68,60.47],[5.68,60.68],[5.36,60.52],[5.46,60.46],[5.48,60.44]]],[[[5.11,60.22],[4.97,60.44],[4.93,60.28],[5.11,60.19],[5.11,60.22]]],[[[5.2,60.41],[5,60.53],[5.14,60.4],[5.2,60.41]]],[[[5.13,60.61],[4.86,60.73],[5.15,60.58],[5.13,60.61]]],[[[5.16,60.56],[4.93,60.6],[5.19,60.54],[5.16,60.56]]],[[[4.99,61.11],[4.79,61.15],[4.8,61.05],[4.97,61.09],[4.99,61.11]]],[[[5.87,62.25],[6.03,62.35],[5.86,62.42],[5.83,62.24],[5.87,62.25]]],[[[7.69,63.02],[7.37,62.99],[7.71,63],[7.69,63.02]]],[[[7.68,63.05],[7.9,63.05],[7.72,63.09],[7.68,63.05]]],[[[8.06,63.14],[8.18,63.15],[8.09,63.24],[7.93,63.17],[8.01,63.14],[8.06,63.14]]],[[[8.55,63.17],[8.27,63.26],[8.52,63.16],[8.55,63.17]]],[[[28.11,70.49],[27.85,70.48],[28.29,70.71],[27.71,70.6],[28.12,70.73],[27.77,70.79],[28.23,70.78],[28.54,70.97],[27.65,71.11],[27.14,70.96],[27.57,70.8],[27.09,70.71],[27.27,70.58],[27.01,70.59],[27.03,70.47],[26.51,70.36],[26.65,70.64],[26.35,70.64],[26.69,70.73],[26.73,70.9],[26.52,70.93],[25.46,70.35],[25.52,70.27],[25.26,70.1],[24.99,70.06],[24.98,70.23],[25.27,70.4],[25.09,70.51],[25.92,70.86],[25.37,70.97],[25.27,70.81],[25.03,70.97],[24.67,70.97],[24.57,70.93],[24.63,70.78],[24.39,70.87],[24.26,70.77],[24.74,70.63],[24.36,70.69],[24.16,70.57],[24.35,70.46],[23.65,70.41],[23.18,70.09],[23.53,70.02],[23.32,69.94],[22.99,70.09],[22.3,70.04],[22.93,70.21],[22.38,70.25],[22.34,70.16],[22.54,70.12],[22.34,70.14],[22.26,70.29],[21.52,70.3],[21.21,70.21],[21.73,70.06],[22.09,70.11],[21.81,70.04],[22.07,69.73],[21.31,70.02],[21.05,69.79],[20.89,69.85],[21.06,69.95],[20.57,69.76],[20.48,69.63],[20.85,69.49],[20.49,69.58],[19.95,69.26],[20.28,69.48],[20.42,69.88],[20.29,69.97],[19.83,69.71],[19.68,69.43],[19.53,69.4],[19.74,69.81],[19.27,69.78],[18.94,69.61],[19.23,69.56],[19,69.46],[19.42,69.35],[19.44,69.23],[19.17,69.26],[19.38,69.32],[18.85,69.55],[18.46,69.45],[19.01,69.29],[18.69,69.26],[18.26,69.49],[18,69.28],[18.15,69.15],[17.64,69.1],[17.43,68.9],[17.72,68.93],[17.82,68.86],[17.47,68.83],[17.79,68.76],[17.24,68.75],[17.67,68.66],[16.97,68.7],[16.47,68.51],[17.06,68.43],[17.55,68.53],[17.57,68.42],[17.37,68.41],[17.57,68.36],[17.2,68.37],[17.42,68.24],[17.36,68.18],[17.13,68.37],[16.32,68.37],[16.8,68.13],[16.14,68.31],[16.31,68.23],[16.19,68.19],[16.46,68.21],[16.34,68.07],[16.72,68.07],[16.4,68.06],[16.48,67.95],[16.21,68],[16.5,67.79],[16.21,67.9],[16.04,68.24],[15.86,68.1],[15.29,68.03],[15.85,68.04],[15.96,68.01],[15.87,67.92],[14.79,67.82],[15.04,67.74],[14.76,67.64],[15.37,67.79],[15.78,67.73],[15.18,67.62],[15.36,67.51],[15.89,67.56],[15.53,67.47],[15.69,67.3],[15.4,67.48],[14.93,67.47],[15.15,67.54],[15.04,67.57],[14.73,67.49],[14.88,67.4],[14.62,67.42],[14.33,67.24],[15.15,67.31],[15.74,67.18],[15.42,67.21],[15.45,67.07],[15.25,67.19],[15.02,67.2],[14.97,67.09],[14.93,67.2],[14.58,67.2],[14.74,67.12],[14.27,67.08],[14.56,67.02],[13.55,66.93],[13.99,66.79],[13.23,66.71],[13.54,66.63],[13.19,66.66],[13.21,66.55],[13.71,66.6],[12.98,66.52],[13.16,66.43],[13.02,66.32],[13.53,66.31],[13.03,66.19],[14.14,66.32],[13.66,66.23],[13.55,66.1],[13.56,66.23],[13.3,66.22],[12.67,66.06],[12.96,66.04],[13.17,65.85],[12.67,65.92],[12.55,65.75],[12.78,65.63],[12.53,65.73],[12.35,65.64],[12.63,65.42],[12.48,65.44],[12.54,65.38],[12.25,65.23],[12.68,65.25],[12.42,65.23],[12.48,65.13],[12.94,65.32],[12.62,65.13],[11.3,64.89],[11.7,64.9],[11.27,64.84],[11.37,64.81],[11.24,64.73],[12.22,64.94],[11.73,64.88],[11.64,64.82],[11.84,64.79],[11.42,64.7],[11.51,64.57],[11.73,64.58],[11.22,64.32],[11.27,64.45],[10.97,64.6],[10.66,64.44],[10.85,64.37],[10.52,64.43],[10.65,64.36],[10.02,64.07],[9.98,63.99],[10.19,63.93],[9.55,63.77],[9.55,63.66],[10.09,63.76],[9.79,63.66],[10.09,63.5],[10.92,63.73],[11.02,63.88],[10.58,63.8],[11.36,64.11],[11.32,64.03],[11.49,64.01],[11.1,63.85],[11.46,63.8],[10.72,63.61],[10.91,63.6],[10.76,63.51],[10.91,63.46],[10.09,63.43],[10.26,63.26],[9.72,63.63],[9.15,63.49],[9.16,63.39],[9.42,63.37],[8.64,63.4],[8.76,63.34],[8.48,63.29],[8.62,63.2],[8.94,63.21],[8.16,63.12],[8.38,62.97],[8.66,62.97],[8.42,62.95],[8.53,62.85],[8.07,63.11],[7.88,63],[8.55,62.65],[8.01,62.97],[7.04,62.97],[6.95,62.72],[7.68,62.79],[7.39,62.68],[8.14,62.69],[7.52,62.67],[7.45,62.57],[7.77,62.57],[7.54,62.5],[7.09,62.65],[6.25,62.58],[6.65,62.5],[6.38,62.42],[6.79,62.48],[6.97,62.31],[7.36,62.28],[7.03,62.27],[6.97,62.12],[7.07,62.09],[6.94,62.11],[7,62.26],[6.88,62.41],[6.7,62.44],[6.4,62.38],[6.53,62.11],[6.32,62.37],[5.95,62.25],[6.36,62.06],[5.42,62.18],[5.55,62.08],[5.46,62.01],[5.08,62.18],[5.4,62.02],[5.15,61.89],[6.76,61.87],[5.36,61.9],[4.98,61.74],[4.97,61.63],[5.34,61.59],[5.15,61.59],[5.27,61.56],[5.19,61.5],[5.8,61.45],[4.97,61.42],[5.05,61.32],[5.63,61.36],[4.95,61.26],[5.24,61.18],[5.05,61.16],[6.43,61.11],[6.71,61.39],[6.58,61.21],[6.96,61.11],[7.35,61.19],[7.28,61.33],[7.56,61.47],[7.3,61.29],[7.43,61.18],[7,61.09],[7.17,60.92],[7.11,60.86],[6.84,61.14],[5.01,61.04],[5.07,60.83],[5.53,60.87],[5.24,60.77],[5.43,60.63],[4.93,60.8],[5.2,60.58],[5.72,60.67],[5.64,60.42],[5.29,60.52],[5.14,60.36],[5.41,60.13],[5.73,60.38],[5.55,60.15],[5.75,59.99],[6.22,60.41],[6.98,60.58],[7.1,60.5],[6.74,60.44],[6.52,60.08],[6.63,60.41],[6.2,60.3],[5.96,59.95],[5.7,59.83],[5.98,59.75],[6.3,59.84],[5.57,59.68],[5.46,59.52],[5.48,59.73],[5.18,59.5],[5.54,59.28],[5.58,59.38],[5.85,59.34],[5.71,59.44],[6.15,59.48],[5.88,59.44],[5.94,59.35],[6.25,59.57],[6.47,59.56],[6,59.33],[6.46,59.32],[5.87,59.07],[6.04,58.9],[6.62,59.05],[6.12,58.96],[6.06,58.89],[6.17,58.83],[5.56,59.03],[5.46,58.75],[5.64,58.54],[6.76,58.24],[6.56,58.1],[7.01,57.99],[8.21,58.12],[9.69,58.98],[9.55,59.11],[9.88,58.95],[10.23,59.04],[10.52,59.31],[10.26,59.53],[10.4,59.6],[10.23,59.73],[10.51,59.52],[10.61,59.59],[10.47,59.84],[10.69,59.9],[10.74,59.8],[10.64,59.85],[10.56,59.72],[10.76,59.22],[11.35,59.11],[11.43,58.89],[11.62,58.91],[11.8,59.27],[11.67,59.59],[11.9,59.7],[11.82,59.85],[12.47,60.07],[12.6,60.43],[12.22,61],[12.63,61.06],[12.86,61.36],[12.12,61.73],[12.29,62.26],[12.05,62.59],[12.03,62.89],[12.17,63.02],[11.94,63.27],[12.2,63.49],[12.15,63.59],[12.68,63.97],[13.19,64.09],[13.99,64.02],[14.15,64.18],[14.12,64.47],[13.67,64.58],[14.49,65.31],[14.63,65.82],[14.51,66.12],[15.47,66.28],[15.36,66.48],[16.35,67.02],[16.36,67.24],[16.09,67.41],[16.51,67.61],[16.73,67.9],[17.27,68.09],[17.88,67.95],[18.16,68.17],[18.05,68.4],[18.15,68.52],[19.95,68.34],[20.2,68.47],[19.96,68.54],[20.35,68.79],[20.1,69.04],[21.03,69.03],[21.03,69.21],[21.32,69.33],[21.68,69.28],[22.4,68.71],[23.2,68.63],[24.04,68.83],[24.93,68.58],[25.23,68.83],[25.76,68.99],[25.71,69.26],[25.96,69.69],[26.48,69.94],[27.07,69.91],[27.57,70.07],[27.91,70.09],[28.41,69.82],[29.13,69.69],[29.29,69.46],[28.78,69.16],[29.06,69.03],[29.25,69.12],[29.31,69.32],[30.1,69.5],[30.13,69.67],[30.82,69.53],[30.94,69.69],[30.56,69.82],[30.35,69.67],[30.4,69.83],[30.17,69.88],[30.18,69.69],[29.49,69.66],[29.77,69.83],[29.73,69.91],[29.37,69.86],[29.67,69.96],[28.6,70.16],[30.12,70.07],[31.07,70.29],[31.01,70.4],[30.47,70.56],[30.05,70.52],[30.34,70.6],[30.11,70.71],[29.35,70.66],[29.25,70.84],[28.95,70.88],[28.54,70.74],[28.23,70.4],[28.13,70.08],[28.04,70.06],[28.18,70.16],[28.15,70.36],[28.33,70.5],[28.09,70.47],[28.11,70.49]]],[[[5,61.79],[5.22,61.84],[4.88,61.89],[4.81,61.84],[4.93,61.77],[5,61.79]]],[[[5.54,62.19],[5.81,62.27],[5.51,62.22],[5.54,62.19]]],[[[12.1,65.18],[11.98,65.07],[12.29,65.08],[12.16,65.2],[12.1,65.18]]],[[[14.93,67.93],[15.3,67.92],[14.96,67.95],[14.93,67.93]]],[[[25.46,70.96],[26.22,71.04],[25.93,71],[26.04,71.1],[25.78,71.15],[25.33,71.07],[25.55,71.02],[25.42,70.98],[25.46,70.96]]],[[[15.51,68.45],[15.32,68.34],[15.59,68.3],[16.56,68.64],[16.44,68.85],[16.2,68.86],[15.74,68.53],[15.99,68.75],[15.87,68.79],[15.9,68.96],[15.63,68.94],[15.46,68.76],[15.71,68.7],[15.46,68.73],[15.19,68.52],[15.33,68.48],[15,68.3],[15.43,68.41],[15.51,68.45]]],[[[14,68.24],[13.57,68.26],[13.5,68.04],[14.03,68.25],[14,68.24]]],[[[14.21,68.24],[14.13,68.32],[14.05,68.29],[14.19,68.24],[14.21,68.24]]],[[[16.4,68.41],[16.38,68.53],[16.1,68.4],[16.38,68.41],[16.4,68.41]]],[[[15.03,68.36],[15.16,68.45],[14.76,68.43],[14.32,68.32],[14.2,68.15],[14.84,68.28],[15.03,68.36]]],[[[17.12,68.75],[17.01,68.85],[16.82,68.72],[17.09,68.75],[17.12,68.75]]],[[[15.38,68.85],[15.09,69.01],[15,68.95],[15.15,68.81],[14.64,68.83],[14.37,68.69],[14.5,68.6],[15.15,68.75],[14.8,68.62],[15.06,68.57],[15.4,68.7],[15.38,68.85]]],[[[29.83,69.76],[30.05,69.83],[29.83,69.91],[29.79,69.75],[29.83,69.76]]],[[[17.25,68.79],[17.42,68.85],[17.33,68.92],[17.08,68.91],[17.23,68.79],[17.25,68.79]]],[[[16.54,68.88],[16.57,68.96],[16.33,68.99],[16.51,68.88],[16.54,68.88]]],[[[15.52,68.91],[16.09,69.16],[16.12,69.31],[15.56,69.1],[15.42,68.98],[15.47,68.87],[15.52,68.91]]],[[[17.67,69.55],[17.48,69.6],[17.59,69.46],[17.33,69.53],[17.24,69.45],[17.49,69.42],[16.88,69.36],[17.14,69.25],[16.88,69.22],[17.17,69.2],[16.77,69.07],[17.13,69.08],[17.09,69],[17.52,69.19],[18,69.19],[17.88,69.24],[18.08,69.42],[17.66,69.59],[17.67,69.55]]],[[[19.61,70.11],[19.41,70.18],[19.58,70.1],[19.61,70.11]]],[[[19.19,70.12],[19.23,70.26],[19.04,70.16],[19.14,70.12],[19.19,70.12]]],[[[20.83,70.2],[20.4,70.15],[20.79,70.06],[20.83,70.2]]],[[[20.12,70.11],[19.59,70.27],[19.78,70.06],[20.01,70.06],[20.12,70.11]]],[[[24.09,70.91],[24.22,70.99],[23.98,71.03],[23.88,70.99],[24.05,70.91],[24.09,70.91]]],[[[24.81,71.03],[24.73,71.1],[24.64,71.06],[24.77,71.02],[24.81,71.03]]],[[[23.87,70.51],[24.12,70.61],[23.81,70.75],[23.63,70.69],[23.84,70.51],[23.87,70.51]]],[[[23.45,70.78],[23.32,70.86],[22.99,70.66],[22.78,70.76],[22.82,70.64],[21.95,70.65],[22.26,70.59],[22.16,70.46],[23.09,70.58],[23.39,70.74],[23.45,70.78]]],[[[23.01,70.25],[22.66,70.39],[22.44,70.29],[22.98,70.25],[23.01,70.25]]],[[[21.78,70.27],[21.84,70.34],[21.72,70.39],[21.75,70.26],[21.78,70.27]]],[[[23.59,70.58],[23.4,70.62],[22.85,70.41],[23.16,70.27],[23.65,70.5],[23.59,70.58]]],[[[20.68,69.81],[20.74,69.9],[20.61,69.9],[20.6,69.8],[20.68,69.81]]],[[[19.57,69.85],[19.78,69.87],[19.9,69.97],[19.81,70],[19.47,69.84],[19.57,69.85]]],[[[18.89,69.69],[19.06,69.79],[18.69,69.88],[18.76,69.68],[18.35,69.79],[18.63,69.69],[18.19,69.71],[18.27,69.62],[18,69.59],[18.76,69.56],[18.79,69.67],[18.89,69.69]]],[[[18.75,70.13],[18.68,70],[19,70.08],[18.79,70.11],[18.75,70.13]]],[[[20.89,70.03],[20.8,69.95],[20.95,70],[20.89,70.03]]],[[[19.33,70.01],[19.23,70.09],[18.72,69.94],[19.09,69.79],[19.68,69.98],[19.36,70],[19.33,70.01]]]]}},{"type":"Feature","properties":{"NAME":"Denmark","ABBREVN":"Denmark","SUBJECTO":"Denmark","BORDERPRECISION":3,"PARTOF":"Denmark"},"geometry":{"type":"MultiPolygon","coordinates":[[[[10.43,54.84],[10.19,54.97],[10.4,54.82],[10.43,54.84]]],[[[11.75,54.86],[11.93,54.57],[12.16,54.83],[11.71,54.94],[11.75,54.86]]],[[[11.86,54.74],[11.71,54.88],[11.56,54.82],[11.24,54.96],[11.06,54.94],[10.99,54.79],[11.46,54.62],[11.86,54.69],[11.86,54.74]]],[[[15.08,55],[15.15,55.13],[14.77,55.31],[14.68,55.1],[15.05,55],[15.08,55]]],[[[11.19,57.32],[10.92,57.3],[11.08,57.25],[11.19,57.32]]],[[[9.61,55.36],[9.82,55.6],[9.55,55.7],[9.99,55.7],[10.04,55.82],[9.87,55.84],[10.18,55.83],[10.24,56.17],[10.45,56.29],[10.36,56.2],[10.52,56.1],[10.62,56.23],[10.75,56.16],[10.96,56.44],[10.31,56.58],[10.19,56.47],[10.32,56.7],[9.87,56.65],[10.31,56.75],[10.31,56.98],[9.97,57.07],[9.18,56.92],[9.17,56.67],[9.3,56.7],[9.32,56.53],[9.25,56.63],[9.06,56.57],[9.07,56.81],[8.68,56.62],[8.74,56.49],[8.25,56.61],[8.22,56.71],[8.12,56.55],[8.11,56.02],[8.26,56.08],[8.4,55.89],[8.19,55.81],[8.13,55.98],[8.19,55.74],[8.09,55.56],[8.62,55.43],[8.66,55.29],[8.88,55.29],[8.83,55.41],[8.96,55.45],[9.57,55.36],[9.61,55.36]]],[[[8.24,56.75],[8.55,56.59],[8.58,56.69],[8.42,56.68],[8.68,56.95],[9.12,57.05],[10,57.09],[10.34,56.99],[10.53,57.22],[10.43,57.59],[10.65,57.74],[9.96,57.59],[9.39,57.15],[8.62,57.12],[8.24,56.77],[8.24,56.75]]],[[[8.62,56.83],[8.51,56.74],[8.66,56.67],[8.88,56.8],[8.91,56.95],[8.66,56.89],[8.62,56.83]]],[[[10.66,55.87],[10.52,55.98],[10.6,55.76],[10.66,55.87]]],[[[10.76,54.78],[10.93,55.16],[10.68,54.91],[10.71,54.73],[10.76,54.78]]],[[[12.56,54.96],[12.18,54.98],[12.16,54.88],[12.54,54.95],[12.56,54.96]]],[[[10.62,54.95],[10.63,55.04],[10.5,55.01],[10.56,54.95],[10.62,54.95]]],[[[9.75,55.54],[10.15,55.08],[10.5,55.03],[10.81,55.2],[10.66,55.59],[10.47,55.44],[10.29,55.62],[9.83,55.54],[9.75,55.54]]],[[[12.57,55.99],[12.28,56.13],[11.86,55.97],[12.04,55.92],[12.06,55.66],[11.94,55.65],[12.06,55.75],[11.92,55.93],[11.79,55.66],[11.67,55.81],[11.77,55.96],[11.28,55.98],[11.49,55.84],[11.21,55.7],[10.88,55.73],[11.09,55.67],[11.25,55.2],[11.72,55.21],[11.73,55.06],[12.07,54.97],[12.18,55.12],[12.03,55.17],[12.46,55.29],[12.19,55.48],[12.6,55.7],[12.53,55.95],[12.57,55.99]]]]}},{"type":"Feature","properties":{"NAME":"Iceland","ABBREVN":"Iceland","SUBJECTO":"Iceland","BORDERPRECISION":3,"PARTOF":"Iceland"},"geometry":{"type":"Polygon","coordinates":[[[-14.33,65.64],[-14.56,65.5],[-14.31,65.67],[-14.35,65.79],[-14.83,65.72],[-14.62,65.91],[-14.66,66.04],[-15.18,66.11],[-14.71,66.37],[-14.91,66.39],[-15.37,66.15],[-15.69,66.23],[-15.71,66.4],[-16.03,66.54],[-16.43,66.52],[-16.58,66.48],[-16.42,66.28],[-16.69,66.16],[-16.59,66.09],[-17.13,66.21],[-17.61,65.99],[-18.3,66.18],[-18.06,65.64],[-18.28,65.91],[-18.79,66.19],[-19.44,66.06],[-19.42,65.73],[-19.64,65.75],[-20.09,66.12],[-20.42,66.08],[-20.26,65.72],[-20.45,65.49],[-20.64,65.54],[-20.66,65.69],[-20.94,65.58],[-20.98,65.43],[-21.09,65.45],[-21.08,65.16],[-21.31,65.6],[-21.77,65.76],[-21.34,65.73],[-21.3,65.93],[-21.6,65.95],[-21.4,66.03],[-21.65,66.02],[-21.76,66.18],[-22.42,66.43],[-23.08,66.44],[-23.18,66.35],[-23.07,66.31],[-22.43,66.27],[-22.97,66.22],[-22.5,66.08],[-22.44,65.83],[-22.5,65.97],[-22.65,65.83],[-22.58,65.96],[-22.68,66.05],[-22.81,65.99],[-23.47,66.2],[-23.67,66.11],[-23.37,65.99],[-23.82,66.01],[-23.22,65.84],[-23.87,65.88],[-23.23,65.74],[-23.54,65.72],[-23.34,65.67],[-23.53,65.63],[-24.11,65.81],[-23.81,65.62],[-24.06,65.63],[-23.81,65.53],[-24.32,65.64],[-24.54,65.5],[-23.88,65.4],[-22.11,65.59],[-22.29,65.44],[-21.7,65.45],[-22.56,65.17],[-22.07,65.1],[-21.74,65.2],[-21.84,65.03],[-24.06,64.89],[-23.84,64.73],[-22.41,64.81],[-22.3,64.7],[-22.41,64.65],[-22.17,64.45],[-21.51,64.64],[-21.98,64.5],[-22.1,64.31],[-21.36,64.38],[-21.75,64.34],[-21.88,64.23],[-21.7,64.18],[-22.4,63.97],[-22.72,64.07],[-22.72,63.83],[-21.62,63.82],[-21.05,63.94],[-21.18,63.88],[-20.68,63.85],[-20.65,63.73],[-20.35,63.76],[-20.53,63.69],[-20.2,63.54],[-19.09,63.41],[-18.11,63.48],[-17.87,63.58],[-17.97,63.62],[-17.87,63.73],[-17.02,63.79],[-16.97,63.92],[-16.61,63.86],[-15.44,64.25],[-15.39,64.37],[-14.92,64.26],[-14.54,64.4],[-14.46,64.54],[-14.58,64.58],[-14.37,64.67],[-14.51,64.8],[-14.02,64.72],[-13.77,64.86],[-14.05,64.93],[-13.71,64.92],[-13.99,65.06],[-13.66,64.98],[-13.5,65.07],[-13.62,65.19],[-14.03,65.19],[-13.57,65.26],[-13.74,65.32],[-13.61,65.51],[-14.31,65.65],[-14.33,65.64]]]}},{"type":"Feature","properties":{"NAME":"Iceland","ABBREVN":"Iceland","SUBJECTO":"Iceland","BORDERPRECISION":3,"PARTOF":"Iceland"},"geometry":{"type":"Polygon","coordinates":[[[-14.33,65.64],[-14.56,65.5],[-14.31,65.67],[-14.35,65.79],[-14.83,65.72],[-14.62,65.91],[-14.66,66.04],[-15.18,66.11],[-14.71,66.37],[-14.91,66.39],[-15.37,66.15],[-15.69,66.23],[-15.71,66.4],[-16.03,66.54],[-16.43,66.52],[-16.58,66.48],[-16.42,66.28],[-16.69,66.16],[-16.59,66.09],[-17.13,66.21],[-17.61,65.99],[-18.3,66.18],[-18.06,65.64],[-18.28,65.91],[-18.79,66.19],[-19.44,66.06],[-19.42,65.73],[-19.64,65.75],[-20.09,66.12],[-20.42,66.08],[-20.26,65.72],[-20.45,65.49],[-20.64,65.54],[-20.66,65.69],[-20.94,65.58],[-20.98,65.43],[-21.09,65.45],[-21.08,65.16],[-21.31,65.6],[-21.77,65.76],[-21.34,65.73],[-21.3,65.93],[-21.6,65.95],[-21.4,66.03],[-21.65,66.02],[-21.76,66.18],[-22.42,66.43],[-23.08,66.44],[-23.18,66.35],[-23.07,66.31],[-22.43,66.27],[-22.97,66.22],[-22.5,66.08],[-22.44,65.83],[-22.5,65.97],[-22.65,65.83],[-22.58,65.96],[-22.68,66.05],[-22.81,65.99],[-23.47,66.2],[-23.67,66.11],[-23.37,65.99],[-23.82,66.01],[-23.22,65.84],[-23.87,65.88],[-23.23,65.74],[-23.54,65.72],[-23.34,65.67],[-23.53,65.63],[-24.11,65.81],[-23.81,65.62],[-24.06,65.63],[-23.81,65.53],[-24.32,65.64],[-24.54,65.5],[-23.88,65.4],[-22.11,65.59],[-22.29,65.44],[-21.7,65.45],[-22.56,65.17],[-22.07,65.1],[-21.74,65.2],[-21.84,65.03],[-24.06,64.89],[-23.84,64.73],[-22.41,64.81],[-22.3,64.7],[-22.41,64.65],[-22.17,64.45],[-21.51,64.64],[-21.98,64.5],[-22.1,64.31],[-21.36,64.38],[-21.75,64.34],[-21.88,64.23],[-21.7,64.18],[-22.4,63.97],[-22.72,64.07],[-22.72,63.83],[-21.62,63.82],[-21.05,63.94],[-21.18,63.88],[-20.68,63.85],[-20.65,63.73],[-20.35,63.76],[-20.53,63.69],[-20.2,63.54],[-19.09,63.41],[-18.11,63.48],[-17.87,63.58],[-17.97,63.62],[-17.87,63.73],[-17.02,63.79],[-16.97,63.92],[-16.61,63.86],[-15.44,64.25],[-15.39,64.37],[-14.92,64.26],[-14.54,64.4],[-14.46,64.54],[-14.58,64.58],[-14.37,64.67],[-14.51,64.8],[-14.02,64.72],[-13.77,64.86],[-14.05,64.93],[-13.71,64.92],[-13.99,65.06],[-13.66,64.98],[-13.5,65.07],[-13.62,65.19],[-14.03,65.19],[-13.57,65.26],[-13.74,65.32],[-13.61,65.51],[-14.31,65.65],[-14.33,65.64]]]}},{"type":"Feature","properties":{"NAME":"Cape Verde","ABBREVN":"Cape Verde","SUBJECTO":"Cape Verde","BORDERPRECISION":3,"PARTOF":"Cape Verde"},"geometry":{"type":"MultiPolygon","coordinates":[[[[-24.38,14.81],[-24.3,14.87],[-24.38,15.05],[-24.52,14.92],[-24.39,14.81],[-24.38,14.81]]],[[[-23.53,14.9],[-23.44,15.01],[-23.69,15.3],[-23.79,15.07],[-23.63,14.91],[-23.53,14.9]]],[[[-23.17,15.12],[-23.2,15.33],[-23.19,15.12],[-23.17,15.12]]],[[[-22.71,16.04],[-22.72,16.21],[-22.87,16.21],[-22.96,16.05],[-22.8,15.98],[-22.71,16.04]]],[[[-24.02,16.57],[-24.43,16.65],[-24.32,16.48],[-24.27,16.59],[-24.04,16.56],[-24.02,16.57]]],[[[-22.89,16.6],[-22.92,16.85],[-22.93,16.59],[-22.89,16.6]]],[[[-24.93,16.8],[-24.98,16.92],[-25.09,16.84],[-24.99,16.78],[-24.93,16.8]]],[[[-25.21,16.92],[-24.97,17.11],[-25.13,17.19],[-25.34,17.09],[-25.28,16.91],[-25.21,16.92]]]]}},{"type":"Feature","properties":{"NAME":"Guinea-Bissau","ABBREVN":"Guinea-Bissau","SUBJECTO":"Guinea-Bissau","BORDERPRECISION":3,"PARTOF":"Guinea-Bissau"},"geometry":{"type":"MultiPolygon","coordinates":[[[[-16.25,11.54],[-16.42,11.53],[-16.27,11.49],[-16.25,11.54]]],[[[-16.72,12.33],[-16.46,12.17],[-16.12,12.33],[-16.35,12.11],[-16.25,11.93],[-15.71,12.01],[-15.86,11.97],[-15.96,11.74],[-15.43,11.96],[-15.01,11.98],[-15.07,11.85],[-14.93,11.75],[-15.38,11.89],[-15.56,11.73],[-15.42,11.68],[-15.44,11.55],[-15.34,11.68],[-15.03,11.59],[-15.28,11.62],[-15.5,11.33],[-15.27,11.43],[-15.43,11.29],[-15.35,11.14],[-15.21,11.23],[-15.23,11],[-15.02,11.2],[-15.09,10.93],[-14.68,11.51],[-14.28,11.68],[-13.71,11.72],[-13.71,12.02],[-13.96,12.15],[-13.67,12.32],[-13.71,12.68],[-15.22,12.68],[-15.69,12.43],[-16.69,12.36],[-16.72,12.33]]],[[[-15.98,11.88],[-16.16,11.87],[-16.09,11.75],[-15.99,11.85],[-15.98,11.88]]],[[[-15.74,11.17],[-15.69,11.31],[-15.77,11.17],[-15.74,11.17]]],[[[-16,11.42],[-15.91,11.45],[-15.96,11.59],[-16.03,11.42],[-16,11.42]]],[[[-16.08,11.03],[-16.08,11.21],[-16.24,11.11],[-16.16,11.03],[-16.08,11.03]]]]}},{"type":"Feature","properties":{"NAME":"Equatorial Guinea","ABBREVN":"Equatorial Guinea","SUBJECTO":"Equatorial Guinea","BORDERPRECISION":3,"PARTOF":"Equatorial Guinea"},"geometry":{"type":"MultiPolygon","coordinates":[[[[11.34,2.17],[9.98,2.17],[9.81,2.35],[9.8,1.89],[9.36,1.15],[9.8,1.09],[9.95,0.93],[11.35,1],[11.35,2.01],[11.34,2.17]]],[[[8.78,3.33],[8.92,3.75],[8.68,3.74],[8.59,3.48],[8.45,3.44],[8.46,3.26],[8.69,3.2],[8.77,3.31],[8.78,3.33]]]]}},{"type":"Feature","properties":{"NAME":"Gambia","ABBREVN":"Gambia","SUBJECTO":"Gambia","BORDERPRECISION":3,"PARTOF":"Gambia"},"geometry":{"type":"Polygon","coordinates":[[[-16.75,13.05],[-16.62,13.17],[-15.81,13.16],[-15.81,13.34],[-15.26,13.38],[-15.11,13.6],[-14.35,13.24],[-13.8,13.38],[-13.92,13.57],[-14.33,13.45],[-14.5,13.63],[-14.72,13.61],[-15.07,13.83],[-15.36,13.78],[-15.49,13.59],[-16.57,13.59],[-16.4,13.33],[-16.14,13.45],[-15.29,13.49],[-16.16,13.42],[-16.19,13.25],[-16.56,13.3],[-16.68,13.49],[-16.82,13.37],[-16.75,13.06],[-16.75,13.05]]]}},{"type":"Feature","properties":{"NAME":"Mali","ABBREVN":"Mali","SUBJECTO":"Mali","BORDERPRECISION":3,"PARTOF":"Mali"},"geometry":{"type":"Polygon","coordinates":[[[4.25,19.15],[3.33,18.98],[3.12,19.15],[3.28,19.41],[3.23,19.82],[2.42,20.05],[2.23,20.27],[1.79,20.31],[1.63,20.57],[1.16,20.75],[1.17,21.1],[-6.73,26.17],[-6.38,22.7],[-8.39,18.41],[-9.18,16.79],[-9.49,16.44],[-10.14,15.98],[-11.3,15.98],[-11.47,15.64],[-11.71,15.55],[-11.84,14.86],[-12.24,14.76],[-12.21,14.4],[-11.98,14.17],[-11.94,13.86],[-12.06,13.66],[-11.81,13.31],[-11.63,13.39],[-11.38,12.98],[-11.37,12.41],[-11.49,12.18],[-11.32,12.03],[-11.17,12.02],[-10.96,12.23],[-10.65,11.89],[-10.33,12.22],[-9.7,12.03],[-9.63,12.17],[-9.32,12.27],[-9.36,12.49],[-9.15,12.49],[-8.8,12.01],[-8.83,11.66],[-8.36,11.38],[-8.67,10.96],[-8.29,11.01],[-8.27,10.5],[-7.98,10.33],[-7.97,10.16],[-7.64,10.45],[-6.99,10.15],[-6.94,10.35],[-6.65,10.36],[-6.65,10.66],[-6.42,10.55],[-6.41,10.69],[-6.24,10.74],[-6.15,10.21],[-5.57,10.46],[-5.4,10.3],[-5.13,10.3],[-4.78,9.74],[-4.31,9.6],[-4.12,9.83],[-3.75,9.94],[-3.21,9.9],[-2.76,9.4],[-2.77,10.22],[-2.93,10.71],[-2.83,11],[-0.9,11.01],[-0.62,10.91],[-0.29,11.16],[0.5,10.94],[0.92,11],[1.42,11.45],[2.02,11.42],[2.31,11.69],[2.39,11.89],[2.06,12.36],[2.24,12.42],[2.2,12.63],[1.99,12.73],[1.87,12.61],[1.58,12.63],[1.01,13.02],[0.99,13.37],[1.28,13.35],[0.63,13.68],[0.47,13.91],[0.41,14.25],[0.17,14.52],[0.24,15],[0.97,14.98],[1.31,15.29],[3.01,15.34],[3.03,15.43],[3.52,15.36],[3.85,15.67],[4.2,16.39],[4.25,19.07],[4.25,19.15]]]}},{"type":"Feature","properties":{"NAME":"Senegal","ABBREVN":"Senegal","SUBJECTO":"Senegal","BORDERPRECISION":3,"PARTOF":"Senegal"},"geometry":{"type":"Polygon","coordinates":[[[-12.24,14.76],[-12.85,15.21],[-12.96,15.5],[-13.25,15.68],[-13.4,16.06],[-13.97,16.23],[-14.34,16.64],[-14.98,16.69],[-15.67,16.48],[-16.29,16.52],[-16.88,15.22],[-17.14,14.92],[-17.53,14.75],[-17.19,14.67],[-16.78,14.01],[-16.37,14.17],[-16.75,13.95],[-16.7,13.77],[-16.49,13.96],[-16.64,13.75],[-16.57,13.59],[-15.49,13.59],[-15.36,13.78],[-15.07,13.83],[-14.72,13.61],[-14.5,13.63],[-14.33,13.45],[-13.92,13.57],[-13.8,13.38],[-14.35,13.24],[-15.11,13.6],[-15.26,13.38],[-15.81,13.34],[-15.81,13.16],[-16.7,13.16],[-16.75,12.56],[-16.59,12.78],[-16.37,12.56],[-16.02,12.72],[-15.65,12.56],[-15.53,12.81],[-15.39,12.83],[-15.63,12.53],[-16.58,12.63],[-16.79,12.42],[-16.72,12.33],[-16.21,12.46],[-15.69,12.43],[-15.22,12.68],[-13.63,12.68],[-13.06,12.63],[-13.05,12.48],[-12.9,12.55],[-12.35,12.3],[-11.37,12.41],[-11.38,12.98],[-11.63,13.39],[-11.81,13.31],[-12.06,13.66],[-11.94,13.91],[-12.03,14.28],[-12.21,14.4],[-12.18,14.61],[-12.24,14.76]]]}},{"type":"Feature","properties":{"NAME":"Benin","ABBREVN":"Benin","SUBJECTO":"Benin","BORDERPRECISION":3,"PARTOF":"Benin"},"geometry":{"type":"Polygon","coordinates":[[[3.6,11.69],[2.84,12.4],[2.39,12.25],[2.31,11.69],[2.02,11.42],[1.42,11.45],[0.92,11],[0.8,10.72],[0.78,10.38],[1.36,10],[1.34,9.54],[1.61,9.1],[1.65,7.33],[1.64,7],[1.55,7],[1.58,6.68],[1.8,6.31],[1.63,6.23],[2.72,6.37],[2.79,9.05],[3.1,9.09],[3.17,9.5],[3.35,9.81],[3.61,9.95],[3.68,10.16],[3.58,10.28],[3.86,10.59],[3.74,11.12],[3.48,11.43],[3.57,11.65],[3.6,11.69]]]}},{"type":"Feature","properties":{"NAME":"Mauritania","ABBREVN":"Mauritania","SUBJECTO":"Mauritania","BORDERPRECISION":3,"PARTOF":"Mauritania"},"geometry":{"type":"MultiPolygon","coordinates":[[[[-16.41,19.62],[-16.42,19.81],[-16.43,19.6],[-16.41,19.62]]],[[[-6.73,26.17],[-8.67,27.29],[-8.67,26],[-12.01,26],[-12,23.45],[-12.6,23.28],[-13.11,22.89],[-13,21.34],[-16.95,21.34],[-17.05,20.76],[-16.92,21.16],[-16.65,20.66],[-16.54,20.57],[-16.5,20.73],[-16.2,20.23],[-16.23,19.79],[-16.47,19.45],[-16.31,19.46],[-16.51,19.35],[-16.18,18.91],[-16.04,17.73],[-16.47,16.61],[-16.53,16.06],[-16.29,16.52],[-15.67,16.48],[-14.98,16.69],[-14.34,16.64],[-13.97,16.23],[-13.4,16.06],[-13.25,15.68],[-12.96,15.5],[-12.85,15.21],[-12.06,14.73],[-11.84,14.86],[-11.71,15.55],[-11.47,15.64],[-11.3,15.98],[-10.14,15.98],[-9.49,16.44],[-9.18,16.79],[-6.38,22.7],[-6.58,25],[-6.73,26.17]]]]}},{"type":"Feature","properties":{"NAME":"Niger","ABBREVN":"Niger","SUBJECTO":"Niger","BORDERPRECISION":3,"PARTOF":"Niger"},"geometry":{"type":"Polygon","coordinates":[[[13.91,22.89],[13.41,23.22],[11.99,23.52],[7.46,20.86],[5.81,19.45],[4.25,19.15],[4.2,16.39],[3.85,15.67],[3.52,15.36],[3.03,15.43],[3.01,15.34],[1.31,15.29],[0.97,14.98],[0.24,15],[0.17,14.52],[0.41,14.25],[0.47,13.91],[0.63,13.68],[1.28,13.35],[0.99,13.37],[1.01,13.02],[1.58,12.63],[2.14,12.69],[2.26,12.48],[2.06,12.36],[2.39,11.89],[2.39,12.25],[2.84,12.4],[3.6,11.69],[3.69,11.75],[3.66,12.53],[4.11,13],[4.14,13.47],[4.89,13.78],[5.29,13.75],[5.55,13.89],[6.28,13.68],[6.94,13],[7.82,13.35],[8.13,13.3],[8.82,12.9],[9.63,12.8],[10.14,13.26],[10.71,13.39],[11.49,13.37],[12.46,13.07],[12.88,13.47],[13.2,13.53],[13.35,13.72],[13.63,13.71],[13.48,14.47],[13.67,14.55],[13.86,15.04],[14.37,15.73],[15.49,16.92],[15.75,19.93],[16,20.35],[15.58,20.77],[15.62,20.95],[15.21,21.49],[15,23],[14.24,22.61],[13.91,22.89]]]}},{"type":"Feature","properties":{"NAME":"Cote D'Ivoire","ABBREVN":"Cote D'Ivoire","SUBJECTO":"Cote D'Ivoire","BORDERPRECISION":3,"PARTOF":"Cote D'Ivoire"},"geometry":{"type":"MultiPolygon","coordinates":[[[[-7.53,4.35],[-5.9,5.02],[-5.01,5.13],[-5.37,5.12],[-5.32,5.23],[-4.84,5.13],[-4.01,5.23],[-4.79,5.17],[-4.47,5.3],[-3.74,5.28],[-3.77,5.37],[-3.73,5.26],[-3.98,5.24],[-3.3,5.12],[-3.26,5.33],[-3.14,5.36],[-3.14,5.14],[-2.73,5.11],[-2.76,5.58],[-3.01,5.71],[-3.25,6.61],[-2.78,7.94],[-2.49,8.2],[-2.62,8.91],[-2.77,9.06],[-2.67,9.47],[-2.78,9.4],[-3.21,9.9],[-3.64,9.95],[-4.12,9.83],[-4.31,9.6],[-4.7,9.7],[-5.13,10.3],[-5.4,10.3],[-5.57,10.46],[-6.15,10.21],[-6.24,10.74],[-6.41,10.69],[-6.42,10.55],[-6.65,10.66],[-6.65,10.36],[-6.94,10.35],[-6.99,10.15],[-7.64,10.45],[-8.1,10.05],[-8.13,9.5],[-7.74,9.09],[-7.9,9.02],[-7.96,8.8],[-7.67,8.62],[-7.65,8.38],[-7.82,8.49],[-8.24,8.45],[-8.23,8.24],[-8.02,8.18],[-7.95,8.02],[-8.05,8.03],[-8.19,7.57],[-8.47,7.56],[-8.29,7.02],[-8.36,6.74],[-8.6,6.52],[-7.88,6.25],[-7.76,5.95],[-7.43,5.85],[-7.37,5.33],[-7.59,4.91],[-7.56,4.38],[-7.53,4.35]]]]}},{"type":"Feature","properties":{"NAME":"Guinea","ABBREVN":"Guinea","SUBJECTO":"Guinea","BORDERPRECISION":3,"PARTOF":"Guinea"},"geometry":{"type":"Polygon","coordinates":[[[-11.37,12.41],[-12.35,12.3],[-12.9,12.55],[-13.05,12.48],[-13.06,12.63],[-13.71,12.68],[-13.67,12.32],[-13.96,12.2],[-13.71,12.02],[-13.71,11.72],[-14.28,11.68],[-14.71,11.49],[-15.08,10.89],[-15.03,10.78],[-14.69,11.03],[-14.82,10.94],[-14.7,10.64],[-14.52,10.84],[-14.66,10.47],[-14.54,10.51],[-14.46,10.29],[-13.85,9.86],[-13.69,9.95],[-13.75,9.76],[-13.59,9.76],[-13.68,9.54],[-13.49,9.56],[-13.27,9.2],[-13.31,9.04],[-13.09,9.05],[-12.95,9.28],[-12.8,9.3],[-12.46,9.89],[-11.17,9.98],[-10.66,9.3],[-10.74,9.09],[-10.57,9.06],[-10.51,8.72],[-10.7,8.3],[-10.32,8.51],[-9.64,8.47],[-9.48,8.35],[-9.36,7.74],[-9.49,7.37],[-9.32,7.43],[-9.11,7.2],[-8.84,7.27],[-8.66,7.7],[-8.47,7.56],[-8.19,7.57],[-8.05,8.03],[-7.95,8.02],[-8.02,8.18],[-8.23,8.24],[-8.19,8.5],[-7.65,8.38],[-7.67,8.62],[-7.96,8.8],[-7.9,9.02],[-7.74,9.09],[-8.15,9.56],[-8.15,9.98],[-7.94,10.24],[-8.27,10.5],[-8.29,11.01],[-8.67,10.96],[-8.36,11.38],[-8.83,11.66],[-8.78,11.93],[-8.98,12.39],[-9.36,12.49],[-9.32,12.27],[-9.63,12.17],[-9.7,12.03],[-10.33,12.22],[-10.65,11.89],[-10.91,12.22],[-11.32,12.03],[-11.49,12.18],[-11.38,12.38],[-11.37,12.41]]]}},{"type":"Feature","properties":{"NAME":"Liberia","ABBREVN":"Liberia","SUBJECTO":"Liberia","BORDERPRECISION":3,"PARTOF":"Liberia"},"geometry":{"type":"Polygon","coordinates":[[[-8.47,7.56],[-8.66,7.7],[-8.84,7.27],[-9.11,7.2],[-9.32,7.43],[-9.49,7.37],[-9.36,7.74],[-9.48,8.35],[-9.67,8.49],[-10.27,8.49],[-10.3,8.2],[-10.6,8.03],[-10.61,7.77],[-11.31,7.21],[-11.46,6.92],[-11.35,6.69],[-10.84,6.46],[-10.69,6.23],[-10.37,6.16],[-9.06,5],[-7.53,4.35],[-7.59,4.91],[-7.37,5.33],[-7.43,5.85],[-7.76,5.95],[-7.88,6.25],[-8.6,6.52],[-8.31,6.86],[-8.29,7.18],[-8.44,7.53],[-8.47,7.56]]]}},{"type":"Feature","properties":{"NAME":"Sierra Leone","ABBREVN":"Sierra Leone","SUBJECTO":"Sierra Leone","BORDERPRECISION":3,"PARTOF":"Sierra Leone"},"geometry":{"type":"MultiPolygon","coordinates":[[[[-13.29,9.04],[-13.13,8.86],[-13.24,8.82],[-13.18,8.54],[-12.9,8.57],[-13.1,8.49],[-13.04,8.37],[-13.28,8.5],[-13.14,8.2],[-12.97,8.25],[-12.96,7.9],[-12.46,7.56],[-12.18,7.59],[-12.44,7.53],[-12.47,7.37],[-11.46,6.92],[-11.31,7.21],[-10.61,7.77],[-10.6,8.03],[-10.33,8.16],[-10.26,8.46],[-10.7,8.3],[-10.51,8.72],[-10.57,9.06],[-10.74,9.09],[-10.66,9.3],[-11.17,9.98],[-12.46,9.89],[-12.68,9.42],[-13.09,9.05],[-13.26,9.06],[-13.29,9.04]]],[[[-12.56,7.42],[-12.5,7.57],[-12.59,7.63],[-12.95,7.57],[-12.58,7.45],[-12.56,7.42]]]]}},{"type":"Feature","properties":{"NAME":"Ghana","ABBREVN":"Ghana","SUBJECTO":"Ghana","BORDERPRECISION":3,"PARTOF":"Ghana"},"geometry":{"type":"MultiPolygon","coordinates":[[[[-0.04,11.1],[-0.29,11.16],[-0.62,10.91],[-0.9,11.01],[-2.83,11],[-2.93,10.71],[-2.67,9.47],[-2.77,9.06],[-2.62,8.91],[-2.49,8.2],[-2.78,7.94],[-3.02,7.07],[-3.22,6.82],[-3.01,5.71],[-2.8,5.62],[-2.74,5.45],[-2.73,5.11],[-3.1,5.09],[-2.34,4.92],[-2.06,4.73],[-1.62,5.02],[-0.8,5.21],[0.31,5.78],[0.66,5.76],[0.57,5.99],[0.22,6.1],[0.51,6.06],[0.69,5.75],[0.95,5.78],[1.2,6.11],[0.88,6.31],[0.21,6.29],[0.48,6.57],[0.09,6.57],[0.04,6.7],[0.26,7.2],[-0.14,7.97],[-0.11,8.15],[0.05,8.12],[-0.17,8.63],[-0.01,9.06],[-0.12,10.46],[-0.05,11.06],[-0.04,11.1]]]]}},{"type":"Feature","properties":{"NAME":"German Togoland","ABBREVN":"German Togoland","SUBJECTO":"German Togoland","BORDERPRECISION":3,"PARTOF":"German Togoland"},"geometry":{"type":"Polygon","coordinates":[[[0.05,11.1],[-0.15,11.13],[-0.04,11.1],[-0.11,9.98],[0,9.28],[-0.17,8.63],[0.05,8.19],[-0.11,8.15],[-0.14,7.97],[0.26,7.2],[0.04,6.7],[0.09,6.57],[0.48,6.57],[0.21,6.29],[0.88,6.31],[1.2,6.11],[1.8,6.31],[1.58,6.68],[1.62,9.03],[1.34,9.54],[1.36,10],[0.78,10.38],[0.92,11],[0.5,10.94],[0.19,11.07],[0.05,11.1]]]}},{"type":"Feature","properties":{"NAME":"Kamerun","ABBREVN":"Kamerun","SUBJECTO":"Kamerun","BORDERPRECISION":3,"PARTOF":"Kamerun"},"geometry":{"type":"Polygon","coordinates":[[[15.67,9.99],[15.37,10.25],[15.06,10.8],[15.04,12.08],[14.89,12.16],[14.82,12.63],[14.55,12.77],[14.44,13.09],[14.07,13.07],[14.08,12.21],[13.83,11.99],[13.69,11.6],[13.47,11.6],[13.28,11.27],[13.29,10.74],[13.01,9.97],[13.09,9.51],[12.9,9.35],[12.83,8.91],[12.49,8.72],[12.08,8.78],[9.8,6.8],[9.71,6.52],[8.86,5.84],[8.82,5.19],[8.5,4.55],[8.71,4.5],[8.67,4.68],[8.78,4.54],[8.84,4.64],[8.97,4.1],[9.45,3.9],[9.49,4.11],[9.72,3.87],[9.54,3.81],[9.63,3.6],[9.75,3.62],[9.66,3.53],[9.97,3.09],[9.83,2.26],[9.98,2.17],[11.34,2.17],[11.35,1],[9.95,0.93],[9.68,1.06],[9.56,0.96],[9.63,0.71],[11.69,0.87],[13.8,1.44],[15.7,1.61],[15.88,0.27],[16.37,-0.11],[16.87,-1.13],[17.07,-1.1],[17.36,-0.6],[17.49,0.13],[17.28,0.8],[17.21,3.42],[17.54,3.67],[18.19,3.48],[18.48,3.64],[18.62,3.48],[18.64,3.97],[18.36,4.38],[17.77,4.6],[17.18,5.08],[16.19,7.61],[16.53,7.87],[16.64,7.71],[16.74,7.85],[16.64,8.37],[16.7,9.07],[16.15,9.82],[15.75,9.97],[15.67,9.99]]]}},{"type":"Feature","properties":{"NAME":"Nigeria","ABBREVN":"Nigeria","SUBJECTO":"Nigeria","BORDERPRECISION":3,"PARTOF":"Nigeria"},"geometry":{"type":"Polygon","coordinates":[[[5,5.86],[5.18,5.57],[5.5,5.62],[5.21,5.58],[5.26,5.43],[5.43,5.39],[5.64,5.54],[5.35,5.33],[5.37,5.16],[5.49,5.14],[5.38,5.12],[5.45,4.92],[5.74,4.49],[6.11,4.27],[6.25,4.45],[6.25,4.3],[6.69,4.33],[6.73,4.6],[6.72,4.35],[6.85,4.35],[6.76,4.76],[6.96,4.37],[6.95,4.72],[7.04,4.44],[7.17,4.47],[7.07,4.75],[7.24,4.56],[7.51,4.57],[7.55,4.71],[7.54,4.54],[7.67,4.5],[8.29,4.55],[8.27,4.86],[8.53,4.7],[8.82,5.19],[8.86,5.84],[9.71,6.52],[9.8,6.8],[12.08,8.78],[12.49,8.72],[12.83,8.91],[12.9,9.35],[13.09,9.51],[13.01,9.97],[13.29,10.74],[13.28,11.27],[13.47,11.6],[13.69,11.6],[13.83,11.99],[14.08,12.21],[14.07,13.07],[13.63,13.71],[13.35,13.72],[13.2,13.53],[12.88,13.47],[12.46,13.07],[11.49,13.37],[10.71,13.39],[10.14,13.26],[9.63,12.8],[8.82,12.9],[8.13,13.3],[7.82,13.35],[6.94,13],[6.39,13.63],[5.55,13.89],[5.29,13.75],[4.48,13.69],[4.14,13.47],[4.11,13],[3.66,12.53],[3.69,11.75],[3.48,11.43],[3.74,11.12],[3.86,10.59],[3.58,10.28],[3.68,10.16],[3.61,9.95],[3.35,9.81],[3.17,9.5],[3.1,9.09],[2.78,9.01],[2.72,6.37],[3.32,6.39],[3.44,6.58],[3.81,6.61],[3.41,6.41],[4.41,6.36],[4.95,5.92],[5,5.86]]]}},{"type":"Feature","properties":{"NAME":"Gabon","ABBREVN":"Gabon","SUBJECTO":"Gabon","BORDERPRECISION":3,"PARTOF":"Gabon"},"geometry":{"type":"MultiPolygon","coordinates":[[[[11.14,-3.92],[11.23,-3.69],[11.49,-3.51],[11.9,-3.68],[11.84,-3.57],[11.97,-3.33],[11.71,-3.18],[11.79,-2.99],[11.54,-2.82],[11.65,-2.61],[11.57,-2.34],[12.05,-2.42],[12.48,-2.33],[12.45,-1.88],[12.82,-1.91],[13,-2.37],[13.48,-2.43],[13.76,-2.09],[13.87,-2.47],[14.08,-2.5],[14.2,-2.36],[14.26,-1.97],[14.43,-1.88],[14.52,-0.61],[13.85,-0.18],[13.96,0.35],[14.47,0.83],[14.24,1.36],[13.8,1.44],[11.69,0.87],[9.63,0.71],[9.6,0.48],[9.52,0.68],[9.32,0.62],[9.5,0.29],[9.92,0.19],[9.49,0.16],[9.35,0.36],[9.3,-0.37],[9.01,-0.81],[8.71,-0.64],[9.03,-1.3],[9.22,-1.41],[9.33,-1.29],[9.29,-1.57],[9.51,-1.6],[9.29,-1.64],[8.99,-1.24],[9.26,-1.85],[9.52,-1.93],[9.54,-2.07],[9.32,-1.91],[9.6,-2.36],[9.98,-2.56],[10.13,-2.52],[10.02,-2.64],[9.74,-2.49],[10.44,-3.1],[11.05,-3.85],[11.14,-3.92]]],[[[9.04,-0.75],[9,-0.6],[9,-0.77],[9.04,-0.75]]]]}},{"type":"Feature","properties":{"NAME":"Central African Republic","ABBREVN":"Central African Republic","SUBJECTO":"Central African Republic","BORDERPRECISION":3,"PARTOF":"Central African Republic"},"geometry":{"type":"Polygon","coordinates":[[[22.87,10.92],[22.46,11],[21.72,10.64],[21.67,10.24],[20.37,9.11],[18.93,8.92],[18.88,8.84],[19.13,8.67],[18.59,8.04],[17.65,7.99],[16.82,7.55],[16.53,7.87],[16.19,7.61],[17.18,5.08],[17.77,4.6],[18.36,4.38],[18.64,3.97],[18.54,4.34],[18.75,4.39],[19.11,4.93],[19.56,5.15],[20.34,4.77],[20.57,4.42],[22.29,4.13],[22.54,4.22],[22.89,4.82],[23.42,4.59],[24.39,5.11],[24.73,4.91],[25.32,5.04],[25.36,5.31],[25.54,5.38],[26.52,5.04],[26.87,5.03],[27.14,5.2],[27.46,5.02],[27.25,5.33],[27.2,5.71],[26.44,6.08],[26.53,6.22],[26.3,6.39],[26.41,6.64],[25.22,7.49],[25.26,7.85],[24.84,8.18],[24.18,8.31],[24.2,8.69],[23.53,8.71],[23.58,8.99],[23.45,9.02],[23.65,9.28],[23.67,9.87],[22.88,10.9],[22.87,10.92]]]}},{"type":"Feature","properties":{"NAME":"Chad","ABBREVN":"Chad","SUBJECTO":"Chad","BORDERPRECISION":3,"PARTOF":"Chad"},"geometry":{"type":"Polygon","coordinates":[[[22.87,10.92],[22.97,11.28],[22.56,11.63],[22.61,11.99],[22.44,12.35],[22.46,12.61],[22.22,12.75],[21.95,12.64],[21.83,12.8],[22.29,13.34],[22.08,13.78],[22.56,14.13],[22.38,14.53],[22.7,14.7],[22.67,14.85],[22.93,15.11],[22.92,15.54],[23.11,15.71],[24,15.7],[24,19.51],[16,23.45],[15,23],[15.21,21.49],[15.62,20.95],[15.58,20.77],[16,20.35],[15.75,19.93],[15.49,16.92],[14.37,15.73],[13.86,15.04],[13.67,14.55],[13.46,14.43],[13.63,13.71],[14.07,13.07],[14.44,13.09],[14.55,12.77],[14.82,12.63],[14.89,12.16],[15.04,12.08],[15.11,11.5],[15.02,11.14],[15.19,10.5],[15.54,10.07],[16.15,9.82],[16.7,9.07],[16.64,8.37],[16.76,7.97],[16.64,7.71],[16.82,7.55],[17.65,7.99],[18.59,8.04],[19.13,8.67],[18.88,8.84],[18.93,8.92],[20.37,9.11],[21.67,10.24],[21.72,10.64],[22.46,11],[22.83,10.93],[22.87,10.92]]]}},{"type":"Feature","properties":{"NAME":"Congo","ABBREVN":"Congo","SUBJECTO":"Congo","BORDERPRECISION":3,"PARTOF":"Congo"},"geometry":{"type":"MultiPolygon","coordinates":[[[[17.07,-1.1],[16.87,-1.13],[16.37,-0.11],[15.88,0.27],[15.7,1.61],[13.9,1.44],[14.24,1.36],[14.49,0.92],[14.35,0.62],[13.96,0.35],[13.85,-0.18],[14.52,-0.61],[14.43,-1.88],[14.26,-1.97],[14.08,-2.5],[13.87,-2.47],[13.76,-2.09],[13.48,-2.43],[13,-2.37],[12.85,-1.95],[12.65,-1.82],[12.44,-1.9],[12.48,-2.33],[12.05,-2.42],[11.57,-2.34],[11.65,-2.61],[11.54,-2.82],[11.79,-2.99],[11.71,-3.18],[11.96,-3.3],[11.84,-3.57],[11.92,-3.63],[11.74,-3.69],[11.49,-3.51],[11.23,-3.69],[11.14,-3.92],[11.76,-4.52],[12,-5.01],[12.77,-4.39],[13.41,-4.88],[13.7,-4.73],[13.73,-4.45],[13.96,-4.49],[14.37,-4.28],[14.49,-4.43],[14.37,-4.56],[14.42,-4.88],[14.83,-4.82],[15.56,-4.04],[15.89,-3.95],[16.23,-3.33],[16.19,-2.18],[16.97,-1.15],[17.07,-1.1]]],[[[17.07,-1.1],[17.4,-0.94],[17.7,-0.57],[17.74,-0.06],[17.96,0.37],[17.87,0.99],[18.08,1.56],[18.09,2.22],[18.64,3.21],[18.48,3.64],[18.19,3.48],[17.54,3.67],[17.21,3.42],[17.28,0.8],[17.49,0.13],[17.44,-0.43],[17.14,-0.95],[17.07,-1.1]]]]}},{"type":"Feature","properties":{"NAME":"Congo, Democratic Republic of","ABBREVN":"Congo, Democratic Republic of","SUBJECTO":"Congo, Democratic Republic of","BORDERPRECISION":3,"PARTOF":"Congo, Democratic Republic of"},"geometry":{"type":"Polygon","coordinates":[[[27.46,5.02],[27.14,5.2],[26.87,5.03],[26.52,5.04],[25.54,5.38],[25.36,5.31],[25.32,5.04],[24.73,4.91],[24.39,5.11],[23.42,4.59],[22.89,4.82],[22.42,4.13],[20.57,4.42],[20.34,4.77],[19.7,5.14],[19.42,5.13],[19.11,4.93],[18.75,4.39],[18.54,4.34],[18.65,4.03],[18.64,3.21],[18.09,2.22],[18.08,1.56],[17.87,0.99],[17.96,0.37],[17.74,-0.06],[17.7,-0.57],[17.4,-0.94],[16.86,-1.25],[16.53,-1.86],[16.19,-2.18],[16.23,-3.33],[15.89,-3.95],[15.56,-4.04],[15.42,-4.3],[15.22,-4.33],[14.67,-4.91],[14.42,-4.88],[14.41,-4.28],[13.96,-4.49],[13.78,-4.42],[13.7,-4.73],[13.41,-4.88],[13.1,-4.58],[12.57,-5.02],[12.53,-5.72],[12.21,-5.77],[12.27,-5.86],[12.44,-6.02],[12.9,-5.81],[16.58,-5.9],[16.94,-7.2],[17.63,-8.1],[18.12,-8.11],[18.53,-7.94],[19.37,-7.99],[19.54,-7],[20.63,-6.91],[20.55,-7.28],[21.78,-7.28],[21.86,-7.48],[21.75,-7.94],[21.94,-8.42],[21.79,-9.41],[21.87,-9.66],[22.16,-9.92],[22.31,-10.37],[22.32,-10.73],[22.17,-10.86],[22.25,-11.21],[22.57,-11.03],[23.86,-11.03],[23.99,-10.87],[24.4,-11.11],[24.45,-11.46],[25.32,-11.19],[25.36,-11.64],[25.98,-11.9],[26.87,-11.97],[27.03,-11.6],[27.21,-11.58],[27.24,-11.8],[27.66,-12.29],[27.86,-12.25],[28.45,-12.53],[28.57,-12.89],[28.74,-12.91],[29.02,-13.4],[29.2,-13.43],[29.59,-13.22],[29.63,-13.42],[29.8,-13.45],[29.81,-12.16],[29.47,-12.25],[29.48,-12.46],[29.03,-12.38],[28.5,-11.87],[28.37,-11.56],[28.7,-10.65],[28.6,-10.25],[28.7,-9.8],[28.52,-9.36],[28.37,-9.28],[28.87,-8.83],[28.92,-8.47],[30.77,-8.19],[30.32,-7.14],[29.7,-6.59],[29.55,-6.3],[29.5,-5.95],[29.63,-5.69],[29.35,-4.95],[29.43,-4.45],[29.23,-3.88],[29.24,-3.06],[28.85,-2.53],[29.16,-2.16],[29.13,-1.85],[29.25,-1.65],[29.6,-1.39],[29.72,0.08],[29.96,0.48],[29.97,0.84],[31.04,1.77],[31.3,2.16],[30.73,2.45],[30.92,3.51],[30.79,3.66],[30.56,3.61],[30.55,3.86],[30.21,3.96],[29.8,4.38],[29.81,4.56],[29.49,4.68],[29.21,4.34],[28.78,4.56],[28.36,4.29],[27.79,4.6],[27.77,4.79],[27.52,4.94],[27.46,5.02]]]}},{"type":"Feature","properties":{"NAME":"Uganda","ABBREVN":"Uganda","SUBJECTO":"Uganda","BORDERPRECISION":3,"PARTOF":"Uganda"},"geometry":{"type":"Polygon","coordinates":[[[35.93,4.62],[34.39,4.61],[33.52,3.76],[33.02,3.89],[32.4,3.74],[32.19,3.51],[31.95,3.59],[31.82,3.81],[31.54,3.65],[31.29,3.8],[30.95,3.67],[30.73,2.45],[31,2.4],[31.3,2.12],[29.96,0.82],[29.96,0.48],[29.72,0.08],[29.6,-1.39],[29.84,-1.32],[29.93,-1.48],[30.36,-1.06],[30.76,-1],[33.92,-1],[33.91,0.1],[34.52,1.11],[34.82,1.24],[34.79,1.4],[35.31,2.04],[35.41,2.92],[35.58,3.11],[36.22,3.15],[36,3.5],[35.95,4.52],[35.93,4.62]]]}},{"type":"Feature","properties":{"NAME":"Kenya","ABBREVN":"Kenya","SUBJECTO":"Kenya","BORDERPRECISION":3,"PARTOF":"Kenya"},"geometry":{"type":"MultiPolygon","coordinates":[[[[41.11,-2.13],[41.07,-2.04],[40.95,-2.17],[41.09,-2.14],[41.11,-2.13]]],[[[36,4.48],[36,3.5],[36.22,3.15],[35.58,3.11],[35.41,2.92],[35.31,2.04],[34.79,1.4],[34.82,1.24],[34.52,1.11],[33.91,0.1],[33.92,-1],[37.68,-3.05],[37.63,-3.51],[39.2,-4.67],[39.4,-4.63],[39.97,-3.38],[40.13,-3.27],[40.23,-2.67],[40.63,-2.55],[40.85,-2.24],[40.96,-2.3],[40.89,-2.02],[41.32,-1.96],[42.58,-0.3],[42.51,-0.12],[42.86,0.23],[42.9,0.66],[42.74,0.94],[42.68,2.07],[42.31,2.34],[42.44,2.39],[42.51,2.68],[42.39,2.84],[42.62,3.06],[42.42,3.61],[42.49,3.87],[42.07,4.16],[41.84,3.95],[41.18,3.94],[40.78,4.29],[39.87,3.87],[39.52,3.41],[38.12,3.61],[36.89,4.43],[36.05,4.45],[36,4.48]]]]}},{"type":"Feature","properties":{"NAME":"Tanzania","ABBREVN":"Tanzania","SUBJECTO":"Tanzania","BORDERPRECISION":3,"PARTOF":"Tanzania"},"geometry":{"type":"MultiPolygon","coordinates":[[[[40.44,-10.47],[40.24,-10.21],[40.23,-10.3],[40.05,-10.14],[39.99,-10.22],[39.83,-9.99],[39.64,-9.19],[39.39,-8.91],[39.53,-8.91],[39.36,-8.72],[39.3,-8.27],[39.45,-7.81],[39.3,-7.76],[39.27,-7.58],[39.55,-6.99],[38.87,-6.39],[38.78,-6.06],[39.22,-4.69],[37.63,-3.51],[37.68,-3.05],[34.02,-1],[30.36,-1.06],[29.98,-1.46],[29.84,-1.32],[29.36,-1.51],[29.13,-1.85],[29.12,-2.24],[28.87,-2.4],[28.9,-2.66],[29.24,-3.06],[29.23,-3.88],[29.43,-4.45],[29.35,-4.95],[29.63,-5.69],[29.5,-5.95],[29.55,-6.3],[29.7,-6.59],[30.32,-7.14],[30.85,-8.38],[31.03,-8.59],[31.41,-8.63],[31.68,-8.91],[31.95,-8.94],[31.98,-9.07],[32.42,-9.13],[33.43,-9.61],[33.76,-9.59],[33.92,-9.71],[34.04,-9.48],[34.5,-9.97],[34.66,-10.66],[34.59,-11.02],[34.96,-11.57],[35.57,-11.61],[35.83,-11.42],[36.17,-11.59],[36.19,-11.71],[36.56,-11.74],[36.83,-11.57],[37.47,-11.72],[37.82,-11.54],[37.9,-11.3],[38.49,-11.42],[38.91,-11.17],[39.26,-11.17],[40.43,-10.5],[40.44,-10.47]]],[[[39.69,-7.99],[39.9,-7.65],[39.65,-8],[39.69,-7.99]]]]}},{"type":"Feature","properties":{"NAME":"Zanzibar","ABBREVN":"Zanzibar","SUBJECTO":"Zanzibar","BORDERPRECISION":3,"PARTOF":"Zanzibar"},"geometry":{"type":"MultiPolygon","coordinates":[[[[39.45,-6.21],[39.31,-5.72],[39.2,-6.23],[39.51,-6.47],[39.5,-6.2],[39.45,-6.21]]],[[[39.8,-5.4],[39.86,-4.91],[39.69,-4.9],[39.75,-5.17],[39.64,-5.42],[39.73,-5.46],[39.8,-5.4]]]]}},{"type":"Feature","properties":{"NAME":"British Somaliland","ABBREVN":"British Somaliland","SUBJECTO":"British Somaliland","BORDERPRECISION":3,"PARTOF":"British Somaliland"},"geometry":{"type":"Polygon","coordinates":[[[48.96,11.24],[48.66,11.33],[48.13,11.14],[47.4,11.18],[46.45,10.69],[45.8,10.88],[44.97,10.43],[44.39,10.41],[43.81,10.81],[43.25,11.47],[42.66,10.63],[43.44,9.42],[44.01,9.01],[47.01,8],[47.99,8],[49.02,9],[48.98,11.25],[48.96,11.24]]]}},{"type":"Feature","properties":{"NAME":"Djibouti","ABBREVN":"Djibouti","SUBJECTO":"Djibouti","BORDERPRECISION":3,"PARTOF":"Djibouti"},"geometry":{"type":"Polygon","coordinates":[[[43.25,11.47],[42.95,11.59],[42.6,11.47],[42.51,11.57],[42.68,11.56],[42.77,11.73],[43.4,12.04],[43.32,12.48],[43.12,12.71],[42.7,12.36],[42.46,12.53],[41.83,11.74],[41.79,11.01],[41.92,10.95],[42.64,11.1],[42.89,10.98],[43.23,11.43],[43.25,11.47]]]}},{"type":"Feature","properties":{"NAME":"Ethiopia","ABBREVN":"Ethiopia","SUBJECTO":"Ethiopia","BORDERPRECISION":3,"PARTOF":"Ethiopia"},"geometry":{"type":"Polygon","coordinates":[[[39.53,14.57],[39.26,14.47],[39.02,14.66],[38.89,14.5],[38.45,14.42],[37.91,14.88],[37.57,14.1],[37.29,14.45],[37,14.26],[36.54,14.27],[36.14,12.71],[35.7,12.67],[35.27,11.93],[35.08,11.81],[34.98,10.86],[34.8,10.72],[34.59,10.89],[34.29,10.55],[34.35,10.24],[34.09,9.55],[34.11,8.56],[33.77,8.37],[33.26,8.46],[33.19,8.14],[32.99,7.93],[33.05,7.79],[33.65,7.69],[33.89,7.53],[34.22,7.04],[34.7,6.68],[35.3,5.38],[35.82,5.33],[35.77,4.8],[36,4.48],[37.04,4.38],[38.12,3.61],[39.52,3.41],[39.87,3.87],[40.78,4.29],[41.18,3.94],[41.84,3.95],[42.07,4.18],[42.86,4.3],[43.16,4.67],[43.59,4.86],[43.98,4.96],[44.95,4.9],[47.99,8],[47.01,8],[44.01,9.01],[43.44,9.42],[42.66,10.63],[42.94,11],[42.64,11.1],[42.02,10.94],[41.79,11.01],[41.83,11.74],[42.4,12.47],[42.21,12.73],[41.97,12.86],[41.76,13.24],[41.22,13.61],[40.8,14.15],[40.18,14.46],[39.61,14.51],[39.53,14.57]]]}},{"type":"Feature","properties":{"NAME":"Eritrea","ABBREVN":"Eritrea","SUBJECTO":"Eritrea","BORDERPRECISION":3,"PARTOF":"Eritrea"},"geometry":{"type":"MultiPolygon","coordinates":[[[[40.13,15.7],[40.01,15.89],[39.92,15.76],[40.08,15.66],[39.98,15.6],[40.41,15.62],[40.14,15.67],[40.13,15.7]]],[[[41.1,14.65],[40.81,14.71],[40.45,15.01],[40.3,14.91],[40.16,14.98],[39.88,15.49],[39.77,15.39],[39.81,15.08],[39.69,15.13],[39.61,15.49],[39.46,15.52],[39.27,15.99],[38.95,17.35],[38.6,18],[38.26,17.53],[37.51,17.32],[37.42,17.03],[36.99,17.06],[36.97,16.26],[36.44,15.15],[36.54,14.27],[37,14.26],[37.29,14.45],[37.57,14.1],[37.91,14.88],[38.45,14.42],[38.89,14.5],[39.02,14.66],[39.26,14.47],[39.53,14.57],[40.18,14.46],[40.8,14.15],[41.22,13.61],[41.76,13.24],[41.97,12.86],[42.7,12.36],[43.12,12.71],[43.08,12.83],[42.8,12.85],[42.72,13.04],[42.37,13.22],[42.3,13.55],[41.96,13.86],[41.68,13.94],[41.17,14.63],[41.1,14.65]]]]}},{"type":"Feature","properties":{"NAME":"Angola","ABBREVN":"Angola","SUBJECTO":"Angola","BORDERPRECISION":3,"PARTOF":"Angola"},"geometry":{"type":"MultiPolygon","coordinates":[[[[13.18,-5.86],[12.25,-6.1],[12.82,-6.95],[13.39,-8.39],[13.39,-8.74],[12.98,-9.08],[13.52,-10.4],[13.77,-10.67],[13.79,-11.79],[13.46,-12.51],[12.97,-12.78],[12.94,-12.99],[12.51,-13.42],[12.5,-13.84],[12.33,-14.1],[12.02,-15.57],[11.73,-15.85],[11.82,-16.42],[11.75,-17.26],[12.05,-17.14],[12.56,-17.24],[13.15,-16.95],[13.47,-17.01],[14.08,-17.43],[18.45,-17.39],[18.92,-17.82],[20.32,-17.86],[20.85,-18.02],[23.48,-17.63],[22.19,-16.54],[22,-16.17],[22,-13],[24.02,-13],[23.89,-12.83],[24.05,-12.39],[23.99,-10.87],[23.86,-11.03],[22.57,-11.03],[22.25,-11.21],[22.17,-10.86],[22.32,-10.73],[22.31,-10.37],[22.16,-9.92],[21.87,-9.66],[21.79,-9.41],[21.94,-8.55],[21.75,-7.94],[21.81,-7.31],[20.55,-7.28],[20.63,-6.91],[19.54,-7],[19.37,-7.99],[18.53,-7.94],[18.12,-8.11],[17.63,-8.1],[16.94,-7.2],[16.58,-5.9],[13.25,-5.86],[13.18,-5.86]]],[[[13.09,-4.63],[12.77,-4.39],[12.02,-5.02],[12.23,-5.48],[12.21,-5.77],[12.53,-5.72],[12.57,-5.02],[12.82,-4.74],[13.08,-4.67],[13.09,-4.63]]]]}},{"type":"Feature","properties":{"NAME":"Mozambique","ABBREVN":"Mozambique","SUBJECTO":"Mozambique","BORDERPRECISION":3,"PARTOF":"Mozambique"},"geometry":{"type":"MultiPolygon","coordinates":[[[[39.81,-16.34],[39.89,-16.42],[39.9,-16.28],[39.82,-16.32],[39.81,-16.34]]],[[[32.89,-26.85],[32.95,-26.09],[32.84,-26.29],[32.59,-25.97],[32.81,-25.61],[33.37,-25.26],[35.03,-24.65],[35.5,-24.1],[35.52,-23.8],[35.34,-23.91],[35.6,-22.92],[35.5,-22.83],[35.55,-22.23],[35.45,-22.12],[35.4,-22.46],[35.31,-22.41],[35.27,-21.65],[35.05,-21.1],[35.12,-20.97],[34.67,-20.39],[34.78,-19.83],[34.63,-19.62],[34.89,-19.86],[36.1,-18.81],[36.25,-18.89],[36.95,-18.11],[36.82,-17.89],[36.98,-18],[37.86,-17.38],[39.1,-16.98],[39.7,-16.54],[39.78,-16.31],[39.98,-16.24],[40.59,-15.48],[40.67,-15.19],[40.51,-15.18],[40.74,-15.03],[40.85,-14.7],[40.82,-14.42],[40.64,-14.48],[40.72,-14.2],[40.53,-14.17],[40.65,-14.02],[40.53,-13.52],[40.59,-12.97],[40.41,-12.97],[40.65,-12.76],[40.47,-12.5],[40.48,-11.4],[40.39,-11.32],[40.62,-10.84],[40.5,-10.79],[40.59,-10.68],[40.44,-10.47],[39.26,-11.17],[38.91,-11.17],[38.49,-11.42],[37.9,-11.3],[37.82,-11.54],[37.47,-11.72],[36.83,-11.57],[36.56,-11.74],[36.19,-11.71],[36.17,-11.59],[35.83,-11.42],[35.57,-11.61],[34.62,-11.58],[34.37,-12.19],[34.58,-13.37],[35.1,-13.69],[35.88,-14.66],[35.92,-14.89],[35.8,-15.19],[35.82,-16.01],[35.41,-16.13],[35.14,-16.55],[35.28,-16.7],[35.27,-17.14],[35.09,-17.13],[35.15,-16.84],[34.44,-16.27],[34.43,-16.07],[34.25,-15.89],[34.59,-15.28],[34.54,-14.62],[34.38,-14.39],[33.63,-14.54],[33.22,-14.01],[30.21,-14.98],[30.42,-16.01],[31.28,-16.02],[31.98,-16.44],[32.98,-16.71],[32.87,-16.92],[33.04,-17.35],[32.95,-18.04],[33.07,-18.35],[32.89,-18.53],[32.92,-18.78],[32.7,-18.83],[32.7,-18.95],[32.88,-19.11],[32.79,-19.47],[33.06,-19.78],[33.02,-19.94],[32.67,-20.56],[32.5,-20.6],[32.52,-20.91],[32.36,-21.14],[32.47,-21.32],[31.3,-22.42],[31.55,-23.48],[31.88,-23.96],[32.02,-24.46],[31.92,-25.81],[32.1,-26.16],[32.13,-26.84],[32.77,-26.85],[32.89,-26.85]]]]}},{"type":"Feature","properties":{"NAME":"Zambia","ABBREVN":"Zambia","SUBJECTO":"Zambia","BORDERPRECISION":3,"PARTOF":"Zambia"},"geometry":{"type":"Polygon","coordinates":[[[32.94,-9.41],[32.42,-9.13],[31.98,-9.07],[31.95,-8.94],[31.68,-8.91],[31.41,-8.63],[31.03,-8.59],[30.77,-8.19],[28.9,-8.48],[28.93,-8.74],[28.37,-9.28],[28.52,-9.36],[28.7,-9.8],[28.6,-10.25],[28.7,-10.65],[28.36,-11.52],[28.5,-11.87],[29.03,-12.38],[29.48,-12.46],[29.47,-12.25],[29.81,-12.16],[29.8,-13.45],[29.63,-13.42],[29.59,-13.22],[29.2,-13.43],[29.02,-13.4],[28.74,-12.91],[28.57,-12.89],[28.45,-12.53],[27.86,-12.25],[27.66,-12.29],[27.24,-11.8],[27.21,-11.58],[27.03,-11.6],[26.87,-11.97],[25.98,-11.9],[25.36,-11.64],[25.32,-11.19],[24.45,-11.46],[24.4,-11.11],[23.99,-10.87],[24.05,-12.39],[23.89,-12.83],[24.02,-13],[22,-13],[22,-16.17],[22.14,-16.49],[23.45,-17.62],[24.66,-17.49],[24.97,-17.56],[25.32,-17.84],[25.69,-17.81],[25.86,-17.98],[26.23,-17.9],[26.7,-18.07],[27.15,-17.85],[27.83,-16.96],[28.75,-16.56],[28.94,-15.97],[29.58,-15.66],[30.42,-15.64],[30.21,-14.98],[33.22,-14.01],[32.68,-13.61],[32.98,-13.23],[33.05,-12.6],[33.36,-12.54],[33.55,-12.34],[33.37,-12.33],[33.27,-12.13],[33.25,-11.41],[33.41,-11.16],[33.25,-10.89],[33.7,-10.57],[33.56,-10.22],[33.33,-10.06],[33.21,-9.6],[33,-9.62],[32.94,-9.46],[32.94,-9.41]]]}},{"type":"Feature","properties":{"NAME":"Zimbabwe","ABBREVN":"Zimbabwe","SUBJECTO":"Zimbabwe","BORDERPRECISION":3,"PARTOF":"Zimbabwe"},"geometry":{"type":"Polygon","coordinates":[[[30.42,-15.64],[29.58,-15.66],[28.94,-15.97],[28.75,-16.56],[27.83,-16.96],[27.03,-17.96],[26.7,-18.07],[26.23,-17.9],[25.86,-17.98],[25.69,-17.81],[25.24,-17.86],[25.96,-18.91],[26.15,-19.51],[26.73,-19.93],[27.21,-20.09],[27.29,-20.49],[27.72,-20.51],[27.69,-21.07],[28.01,-21.56],[28.99,-21.77],[29.06,-22.02],[29.37,-22.19],[29.73,-22.14],[30.3,-22.34],[30.93,-22.29],[31.3,-22.42],[32.47,-21.32],[32.36,-21.14],[32.52,-20.91],[32.5,-20.6],[32.67,-20.56],[33.02,-19.94],[33.06,-19.78],[32.79,-19.47],[32.88,-19.11],[32.7,-18.95],[32.7,-18.83],[32.92,-18.78],[32.89,-18.53],[33.07,-18.35],[32.95,-18.04],[33.04,-17.35],[32.87,-16.92],[32.98,-16.71],[31.98,-16.44],[31.28,-16.02],[30.42,-16.01],[30.42,-15.64]]]}},{"type":"Feature","properties":{"NAME":"Malawi","ABBREVN":"Malawi","SUBJECTO":"Malawi","BORDERPRECISION":3,"PARTOF":"Malawi"},"geometry":{"type":"MultiPolygon","coordinates":[[[[34.96,-11.57],[34.62,-11.11],[34.66,-10.66],[34.52,-10.02],[34.33,-9.74],[34.04,-9.48],[33.92,-9.71],[32.97,-9.38],[33,-9.62],[33.21,-9.6],[33.33,-10.06],[33.56,-10.22],[33.7,-10.57],[33.25,-10.89],[33.41,-11.16],[33.25,-11.41],[33.27,-12.13],[33.37,-12.33],[33.55,-12.34],[33.36,-12.54],[33.05,-12.6],[32.98,-13.23],[32.68,-13.61],[32.99,-13.93],[33.17,-13.93],[33.63,-14.54],[34.38,-14.39],[34.52,-14.57],[34.59,-15.28],[34.25,-15.89],[34.42,-16.05],[34.44,-16.27],[35.15,-16.84],[35.09,-17.13],[35.27,-17.14],[35.28,-16.7],[35.14,-16.55],[35.41,-16.13],[35.82,-16.01],[35.8,-15.19],[35.92,-14.89],[35.88,-14.66],[35.1,-13.69],[34.66,-13.5],[34.56,-13.31],[34.38,-12.13],[34.62,-11.58],[34.89,-11.57],[34.96,-11.57]]]]}},{"type":"Feature","properties":{"NAME":"South Africa","ABBREVN":"South Africa","SUBJECTO":"South Africa","BORDERPRECISION":3,"PARTOF":"South Africa"},"geometry":{"type":"MultiPolygon","coordinates":[[[[37.89,-46.9],[37.71,-46.82],[37.58,-46.91],[37.88,-46.92],[37.89,-46.9]]],[[[31.3,-22.42],[30.93,-22.29],[30.3,-22.34],[29.73,-22.14],[29.02,-22.23],[28.92,-22.45],[28.3,-22.61],[27.53,-23.38],[27.01,-23.64],[26.85,-24.25],[26.44,-24.61],[25.87,-24.74],[25.51,-25.68],[24.68,-25.83],[23.9,-25.62],[23.45,-25.28],[23.01,-25.3],[22.62,-26.11],[21.67,-26.86],[20.64,-26.83],[20.61,-26.45],[20.86,-26.14],[20.81,-25.88],[20.39,-25.04],[20,-24.77],[20,-28.42],[19.57,-28.53],[19.15,-28.95],[18.72,-28.84],[18.18,-28.91],[17.4,-28.71],[17.4,-28.34],[17.08,-28.03],[16.91,-28.07],[16.78,-28.44],[16.48,-28.61],[16.82,-29.09],[17.28,-30.34],[18.28,-31.9],[18.31,-32.59],[18.11,-32.78],[17.9,-32.77],[17.87,-32.98],[18.03,-33.03],[18.44,-33.7],[18.45,-33.91],[18.31,-34.04],[18.42,-34.32],[18.49,-34.1],[18.8,-34.09],[18.82,-34.38],[19.28,-34.41],[19.32,-34.6],[20,-34.82],[20.5,-34.46],[21.73,-34.4],[22.16,-34.09],[22.54,-34.01],[23.37,-34.09],[23.65,-33.98],[24.82,-34.2],[25.05,-33.96],[25.63,-34.05],[25.76,-33.75],[26.63,-33.72],[27.9,-33.04],[30.02,-31.28],[31.36,-29.35],[32.28,-28.65],[32.55,-28.18],[32.89,-26.85],[32.02,-26.81],[31.99,-27.32],[31.76,-27.32],[31.16,-27.2],[30.9,-26.77],[30.82,-26.81],[30.83,-26.39],[31.33,-25.75],[31.97,-25.96],[32.02,-24.46],[31.88,-23.96],[31.55,-23.48],[31.52,-23.05],[31.3,-22.42]],[[27.38,-30.32],[27.01,-29.63],[27.3,-29.53],[27.8,-28.92],[28.65,-28.57],[29.33,-29.09],[29.46,-29.35],[29.17,-29.66],[29.17,-29.92],[28.4,-30.14],[28.08,-30.65],[27.74,-30.6],[27.42,-30.32],[27.38,-30.32]]]]}},{"type":"Feature","properties":{"NAME":"Namibia","ABBREVN":"Namibia","SUBJECTO":"Namibia","BORDERPRECISION":3,"PARTOF":"Namibia"},"geometry":{"type":"Polygon","coordinates":[[[14.22,-17.38],[13.93,-17.4],[13.38,-16.97],[13.02,-16.98],[12.56,-17.24],[12.05,-17.14],[11.75,-17.26],[11.77,-17.99],[12.02,-18.47],[12.46,-18.93],[13.18,-20.18],[13.4,-20.86],[14.51,-22.55],[14.54,-22.88],[14.41,-22.97],[14.46,-24.11],[14.86,-25.06],[14.83,-25.74],[14.96,-26.31],[15.12,-26.45],[15.08,-26.7],[15.53,-27.73],[16.39,-28.59],[16.72,-28.5],[16.89,-28.09],[17.08,-28.03],[17.4,-28.34],[17.4,-28.71],[18.18,-28.91],[18.72,-28.84],[19.15,-28.95],[19.57,-28.53],[20,-28.42],[20,-22],[20.99,-22],[20.99,-18.32],[23.29,-18],[23.61,-18.49],[24.36,-17.95],[24.52,-18.06],[24.83,-17.84],[25.26,-17.8],[24.97,-17.56],[24.38,-17.47],[20.85,-18.02],[20.32,-17.86],[18.92,-17.82],[18.45,-17.39],[14.36,-17.39],[14.22,-17.38]]]}},{"type":"Feature","properties":{"NAME":"Lesotho","ABBREVN":"Lesotho","SUBJECTO":"Lesotho","BORDERPRECISION":3,"PARTOF":"Lesotho"},"geometry":{"type":"Polygon","coordinates":[[[28.9,-28.8],[28.65,-28.57],[28.18,-28.7],[27.64,-29.04],[27.3,-29.53],[27.01,-29.63],[27.38,-30.32],[27.74,-30.6],[28.08,-30.65],[28.4,-30.14],[29.17,-29.92],[29.17,-29.66],[29.46,-29.35],[29.33,-29.09],[28.93,-28.84],[28.9,-28.8]]]}},{"type":"Feature","properties":{"NAME":"Botswana","ABBREVN":"Botswana","SUBJECTO":"Botswana","BORDERPRECISION":3,"PARTOF":"Botswana"},"geometry":{"type":"Polygon","coordinates":[[[25.26,-17.8],[24.83,-17.84],[24.52,-18.06],[24.36,-17.95],[23.61,-18.49],[23.29,-18],[20.99,-18.32],[20.99,-22],[20,-22],[20,-24.77],[20.39,-25.04],[20.81,-25.88],[20.86,-26.14],[20.61,-26.45],[20.64,-26.83],[21.67,-26.86],[21.77,-26.68],[22.06,-26.62],[22.71,-26],[23.01,-25.3],[23.45,-25.28],[23.9,-25.62],[24.68,-25.83],[25.51,-25.68],[25.87,-24.74],[26.4,-24.63],[26.83,-24.28],[27.01,-23.64],[27.53,-23.38],[28.3,-22.61],[28.92,-22.45],[29.02,-22.23],[29.37,-22.19],[29.06,-22.02],[28.99,-21.77],[28.01,-21.56],[27.69,-21.07],[27.72,-20.51],[27.29,-20.49],[27.21,-20.09],[26.73,-19.93],[26.15,-19.51],[25.96,-18.91],[25.24,-17.86],[25.26,-17.8]]]}},{"type":"Feature","properties":{"NAME":"Swaziland","ABBREVN":"Swaziland","SUBJECTO":"Swaziland","BORDERPRECISION":3,"PARTOF":"Swaziland"},"geometry":{"type":"Polygon","coordinates":[[[31.97,-25.96],[31.42,-25.73],[31.13,-25.92],[30.83,-26.39],[30.8,-26.7],[31.16,-27.2],[31.99,-27.32],[32.02,-26.81],[32.13,-26.84],[32,-25.99],[31.97,-25.96]]]}},{"type":"Feature","properties":{"NAME":"Madagascar","ABBREVN":"Madagascar","SUBJECTO":"Madagascar","BORDERPRECISION":3,"PARTOF":"Madagascar"},"geometry":{"type":"MultiPolygon","coordinates":[[[[48.36,-13.4],[48.27,-13.2],[48.19,-13.34],[48.34,-13.42],[48.36,-13.4]]],[[[43.86,-12.36],[43.63,-12.25],[43.85,-12.38],[43.86,-12.36]]],[[[44.48,-12.09],[44.21,-12.16],[44.51,-12.38],[44.52,-12.21],[44.48,-12.09]]],[[[49.34,-12.17],[49.26,-11.95],[48.94,-12.49],[48.74,-12.44],[48.96,-12.81],[48.74,-13.42],[48.35,-13.54],[48.29,-13.81],[48.07,-13.52],[47.91,-13.59],[47.88,-13.83],[48.05,-14.16],[47.99,-14.33],[47.91,-14.09],[47.93,-14.25],[47.78,-14.26],[47.7,-14.44],[47.75,-14.6],[47.94,-14.57],[48.02,-14.73],[47.81,-14.6],[47.42,-15.11],[47.46,-14.66],[47.06,-15.18],[47.22,-15.45],[46.96,-15.56],[47.07,-15.34],[46.95,-15.2],[46.34,-15.62],[46.48,-15.96],[46.3,-15.96],[46.15,-15.7],[46.01,-15.79],[46.07,-15.87],[45.72,-15.79],[45.62,-16.06],[45.57,-15.95],[45.39,-15.97],[45.3,-16.12],[45.26,-15.93],[44.87,-16.21],[44.44,-16.21],[44.44,-16.7],[43.92,-17.58],[44.03,-17.76],[44.04,-18.42],[44.26,-18.82],[44.23,-19.07],[44.47,-19.44],[44.37,-19.78],[44.48,-19.98],[43.91,-20.85],[43.81,-21.23],[43.5,-21.33],[43.47,-21.67],[43.24,-22.07],[43.36,-22.85],[43.76,-23.47],[43.62,-23.76],[43.66,-24.31],[43.91,-24.6],[44.03,-25],[44.35,-25.25],[44.78,-25.32],[45.21,-25.59],[45.49,-25.58],[47.14,-24.92],[49.37,-18.35],[49.51,-17.71],[49.42,-17.32],[49.59,-16.91],[49.78,-16.83],[49.85,-16.22],[49.7,-16.11],[49.63,-15.56],[49.87,-15.43],[50.03,-15.86],[50.24,-15.97],[50.5,-15.32],[50.2,-14.57],[49.94,-13.04],[49.57,-12.65],[49.52,-12.35],[49.27,-12.28],[49.25,-12.15],[49.34,-12.16],[49.34,-12.17]]],[[[43.49,-11.92],[43.4,-11.41],[43.28,-11.38],[43.21,-11.74],[43.46,-11.94],[43.49,-11.92]]]]}},{"type":"Feature","properties":{"NAME":"Reunion","ABBREVN":"Reunion","SUBJECTO":"Reunion","BORDERPRECISION":3,"PARTOF":"Reunion"},"geometry":{"type":"Polygon","coordinates":[[[55.71,-21],[55.57,-20.88],[55.29,-20.92],[55.29,-21.21],[55.79,-21.35],[55.85,-21.13],[55.74,-21.06],[55.71,-21]]]}},{"type":"Feature","properties":{"NAME":"Mauritius","ABBREVN":"Mauritius","SUBJECTO":"Mauritius","BORDERPRECISION":3,"PARTOF":"Mauritius"},"geometry":{"type":"MultiPolygon","coordinates":[[[[57.57,-20.51],[57.8,-20.23],[57.68,-20.01],[57.54,-20.01],[57.31,-20.46],[57.55,-20.52],[57.57,-20.51]]]]}},{"type":"Feature","properties":{"NAME":"Morocco","ABBREVN":"Morocco","SUBJECTO":"Morocco","BORDERPRECISION":3,"PARTOF":"Morocco"},"geometry":{"type":"Polygon","coordinates":[[[-2.21,35.09],[-2.84,34.64],[-3.15,34.67],[-3.34,34.5],[-3.57,34.49],[-3.63,34.68],[-4.56,34.51],[-5.17,34.68],[-5.54,35.03],[-6.23,35.03],[-6.93,33.94],[-8.54,33.25],[-9.28,32.54],[-9.28,32.18],[-9.81,31.45],[-9.85,30.73],[-9.61,30.4],[-9.66,30.1],[-10.44,29.1],[-11.2,28.61],[-10.27,28.26],[-9.43,28.27],[-8.67,28.56],[-8.67,28.71],[-7.13,29.64],[-6.59,29.57],[-6.4,29.8],[-5.53,29.91],[-4.94,30.5],[-3.62,30.97],[-3.6,31.09],[-3.83,31.18],[-3.79,31.71],[-3.52,31.67],[-3,31.83],[-2.9,32.07],[-2.69,32.11],[-1.18,32.11],[-1.29,32.17],[-1.25,32.32],[-1.01,32.51],[-1.38,32.72],[-1.67,33.26],[-1.6,33.56],[-1.73,33.7],[-1.66,34.09],[-1.79,34.38],[-1.69,34.49],[-1.85,34.61],[-1.76,34.75],[-2.2,35.04],[-2.21,35.09]]]}},{"type":"Feature","properties":{"NAME":"Spanish Morocco","ABBREVN":"Spanish Morocco","SUBJECTO":"Spanish Morocco","BORDERPRECISION":3,"PARTOF":"Spanish Morocco"},"geometry":{"type":"MultiPolygon","coordinates":[[[[-8.67,28.56],[-9.43,28.27],[-10.01,28.23],[-11.2,28.61],[-11.51,28.3],[-12.9,27.95],[-13.17,27.67],[-8.67,27.67],[-8.67,27.93],[-8.67,28.56]]],[[[-2.31,35.11],[-2.88,35.23],[-2.78,35.12],[-2.88,35.14],[-2.99,35.42],[-3.32,35.19],[-3.65,35.27],[-4.42,35.15],[-5.25,35.57],[-5.4,35.92],[-5.92,35.79],[-6.23,35.03],[-5.54,35.03],[-5.17,34.68],[-4.56,34.51],[-3.63,34.68],[-3.57,34.49],[-3.34,34.5],[-3.15,34.67],[-2.73,34.69],[-2.35,35.07],[-2.31,35.11]]]]}},{"type":"Feature","properties":{"NAME":"Spanish West Africa","ABBREVN":"Spanish West Africa","SUBJECTO":"Spanish West Africa","BORDERPRECISION":3,"PARTOF":"Spanish West Africa"},"geometry":{"type":"Polygon","coordinates":[[[-13.17,27.67],[-13.57,26.73],[-14.48,26.17],[-14.82,25.34],[-14.9,24.69],[-15.93,23.79],[-15.99,23.65],[-15.78,23.91],[-15.76,23.79],[-16.36,22.56],[-16.92,21.95],[-17.05,20.76],[-16.95,21.34],[-13,21.34],[-13.11,22.89],[-12.6,23.28],[-12,23.45],[-12.01,26],[-8.67,26],[-8.67,27.67],[-13.07,27.67],[-13.17,27.67]]]}},{"type":"Feature","properties":{"NAME":"Algeria","ABBREVN":"Algeria","SUBJECTO":"Algeria","BORDERPRECISION":3,"PARTOF":"Algeria"},"geometry":{"type":"Polygon","coordinates":[[[8.63,36.88],[8.23,36.95],[7.93,36.84],[7.23,37.09],[7.23,36.96],[6.92,36.88],[6.4,37.09],[6.23,36.91],[5.33,36.64],[4.79,36.89],[2.99,36.81],[2.6,36.59],[0.95,36.45],[0.2,36.1],[-0.11,35.78],[-0.37,35.9],[-0.65,35.71],[-0.79,35.77],[-1.17,35.58],[-1.37,35.31],[-2.21,35.09],[-1.76,34.75],[-1.85,34.61],[-1.69,34.49],[-1.79,34.38],[-1.66,34.09],[-1.73,33.7],[-1.6,33.56],[-1.67,33.26],[-1.38,32.72],[-1.01,32.51],[-1.25,32.32],[-1.29,32.17],[-1.18,32.11],[-2.69,32.11],[-2.9,32.07],[-3,31.83],[-3.52,31.67],[-3.79,31.71],[-3.83,31.18],[-3.6,31.09],[-3.62,30.97],[-4.94,30.5],[-5.48,29.93],[-6.4,29.8],[-6.59,29.57],[-7.13,29.64],[-8.2,29.03],[-8.67,28.71],[-8.67,27.29],[-4.53,24.83],[1.17,21.1],[1.16,20.75],[1.63,20.57],[1.79,20.31],[2.23,20.27],[2.42,20.05],[3.23,19.82],[3.28,19.41],[3.12,19.15],[3.33,18.98],[5.81,19.45],[7.46,20.86],[11.99,23.52],[13.41,23.22],[13.91,22.89],[14.13,24.1],[13.97,24.76],[13.66,25.04],[12.77,25.22],[11.55,25.11],[10.24,24.68],[10.05,24.84],[10.04,25.23],[10.46,26.03],[11.74,27.14],[12.51,28.17],[11.4,28.89],[9.67,29.63],[9.31,30.13],[9.54,30.24],[9.06,32.1],[8.35,32.53],[8.16,33.03],[7.73,33.25],[7.52,34.08],[8.29,34.75],[8.4,35.19],[8.26,35.86],[8.38,36.42],[8.18,36.5],[8.64,36.83],[8.63,36.88]]]}},{"type":"Feature","properties":{"NAME":"Tunisia","ABBREVN":"Tunisia","SUBJECTO":"Tunisia","BORDERPRECISION":3,"PARTOF":"Tunisia"},"geometry":{"type":"MultiPolygon","coordinates":[[[[11,33.75],[10.8,33.9],[10.74,33.71],[10.99,33.75],[11,33.75]]],[[[11.18,34.71],[11.29,34.81],[11.18,34.7],[11.18,34.71]]],[[[11.53,33.15],[11.17,33.21],[11.03,33.63],[10.75,33.47],[10.72,33.7],[10.34,33.69],[10.01,34.11],[10.12,34.31],[10.73,34.67],[11.13,35.24],[11.03,35.64],[10.6,35.86],[10.46,36.12],[10.5,36.34],[10.8,36.47],[11.1,36.9],[11.04,37.09],[10.37,36.72],[10.19,36.8],[10.34,36.88],[10.13,37.15],[10.25,37.18],[9.93,37.25],[9.84,37.14],[9.86,37.33],[9.66,37.34],[8.62,36.94],[8.64,36.83],[8.19,36.53],[8.38,36.42],[8.26,35.86],[8.4,35.19],[8.29,34.75],[7.53,34.1],[7.49,33.89],[7.74,33.23],[8.16,33.03],[8.35,32.53],[9.06,32.1],[9.54,30.24],[9.89,30.36],[10.21,30.73],[10.29,30.91],[10.12,31.42],[10.31,31.72],[11.57,32.44],[11.47,32.62],[11.52,33.13],[11.53,33.15]]]]}},{"type":"Feature","properties":{"NAME":"Libya","ABBREVN":"Libya","SUBJECTO":"Libya","BORDERPRECISION":3,"PARTOF":"Libya"},"geometry":{"type":"Polygon","coordinates":[[[15.36,32.03],[15.19,32.39],[14.49,32.51],[14.15,32.72],[13.25,32.92],[12.34,32.83],[11.53,33.17],[11.47,32.62],[11.57,32.44],[10.31,31.72],[10.12,31.42],[10.29,30.91],[10.21,30.73],[9.89,30.36],[9.31,30.13],[9.67,29.63],[11.4,28.89],[12.51,28.17],[11.74,27.14],[10.46,26.03],[10.04,25.23],[10.05,24.84],[10.24,24.68],[11.55,25.11],[13.05,25.23],[13.85,24.94],[14.13,24.1],[13.91,22.89],[14.24,22.61],[16.61,23.75],[18.49,24.85],[18.83,25.4],[19.33,27.34],[19.33,27.89],[19.03,28.87],[19.31,29.4],[20.17,29.64],[20.56,29.53],[21.69,28.56],[22.41,28.37],[23.06,28.6],[24.83,29.86],[24.71,30.19],[25.02,30.79],[24.87,31.37],[25.15,31.64],[25.03,31.93],[24.09,32],[23.8,32.16],[23.25,32.22],[23.09,32.33],[23.12,32.62],[22.35,32.88],[21.63,32.93],[20.34,32.41],[19.94,31.96],[19.95,31.57],[20.16,31.15],[20.11,30.94],[19.75,30.5],[19.16,30.26],[17.37,31.08],[15.9,31.32],[15.62,31.49],[15.35,32.02],[15.36,32.03]]]}},{"type":"Feature","properties":{"NAME":"Sudan","ABBREVN":"Sudan","SUBJECTO":"Sudan","BORDERPRECISION":3,"PARTOF":"Sudan"},"geometry":{"type":"Polygon","coordinates":[[[36.89,22],[31.46,22],[31.45,22.23],[31.27,22],[19.07,22],[24,19.51],[24,15.7],[23.11,15.71],[22.92,15.54],[22.93,15.11],[22.67,14.85],[22.7,14.7],[22.38,14.53],[22.56,14.13],[22.08,13.78],[22.29,13.34],[21.83,12.8],[21.95,12.64],[22.22,12.75],[22.46,12.61],[22.44,12.35],[22.61,11.99],[22.56,11.63],[22.97,11.28],[22.87,10.92],[23.67,9.87],[23.65,9.28],[23.45,9.02],[23.58,8.99],[23.53,8.71],[24.2,8.69],[24.18,8.31],[24.84,8.18],[25.26,7.85],[25.22,7.49],[26.41,6.64],[26.3,6.39],[26.53,6.22],[26.44,6.08],[27.14,5.77],[27.28,5.58],[27.3,5.23],[27.77,4.79],[27.79,4.6],[28.36,4.29],[28.78,4.56],[29.21,4.34],[29.49,4.68],[29.61,4.66],[29.81,4.56],[29.8,4.38],[30.21,3.96],[30.55,3.86],[30.56,3.61],[30.79,3.66],[30.86,3.49],[31.18,3.8],[31.54,3.65],[31.82,3.81],[31.95,3.59],[32.19,3.51],[32.4,3.74],[33.02,3.89],[33.52,3.76],[34.39,4.61],[35.93,4.62],[35.77,4.8],[35.82,5.33],[35.3,5.38],[34.7,6.68],[34.22,7.04],[33.89,7.53],[33.65,7.69],[33.05,7.79],[32.99,7.93],[33.19,8.14],[33.26,8.46],[33.77,8.37],[34.11,8.56],[34.09,9.55],[34.35,10.24],[34.29,10.55],[34.59,10.89],[34.8,10.72],[34.98,10.86],[35.08,11.81],[35.27,11.93],[35.7,12.67],[36.14,12.71],[36.25,13.37],[36.49,13.84],[36.44,15.15],[36.97,16.26],[36.99,17.06],[37.42,17.03],[37.51,17.32],[38.26,17.53],[38.6,18],[37.44,18.85],[37.24,19.56],[37.23,20.56],[37.09,21.17],[37.25,21],[37.31,21.06],[37,21.43],[36.85,21.97],[36.89,22]]]}},{"type":"Feature","properties":{"NAME":"Iran","ABBREVN":"Iran","SUBJECTO":"Iran","BORDERPRECISION":3,"PARTOF":"Iran"},"geometry":{"type":"Polygon","coordinates":[[[44.81,39.64],[44.61,39.78],[44.47,39.7],[44.43,39.44],[44.04,39.38],[44.22,39.14],[44.31,38.4],[44.48,38.34],[44.22,37.9],[44.62,37.72],[44.59,37.44],[44.82,37.3],[44.77,37.11],[44.9,37.03],[44.85,36.79],[45.03,36.74],[45.01,36.55],[45.28,36.38],[45.41,36],[45.76,35.82],[46.35,35.81],[46.03,35.69],[45.99,35.49],[46.17,35.11],[45.88,35.03],[45.65,34.73],[45.71,34.56],[45.56,34.59],[45.44,34.46],[45.58,34.3],[45.42,33.95],[45.75,33.6],[45.9,33.63],[45.87,33.5],[46.18,33.26],[46.11,32.97],[46.45,32.93],[47.07,32.5],[47.44,32.39],[47.86,31.8],[47.69,31],[48.04,31],[48.03,30.49],[48.41,30.2],[48.47,29.98],[48.92,30.04],[48.87,30.36],[49.04,30.52],[49.26,30.43],[48.93,30.39],[49,30.3],[49.49,30.15],[49.56,30.01],[50.03,30.22],[50.13,29.95],[50.63,29.49],[50.64,29.14],[50.92,29.06],[50.8,28.93],[51.02,28.79],[51.43,27.94],[52.5,27.61],[52.61,27.35],[53.42,26.99],[53.69,26.73],[54.3,26.72],[54.79,26.49],[55.24,26.78],[55.6,26.8],[55.64,26.98],[56.13,27.16],[56.69,27.15],[57.02,26.85],[57.32,25.77],[57.95,25.7],[58.13,25.54],[58.82,25.56],[59.05,25.39],[59.45,25.48],[60.47,25.27],[60.39,25.37],[60.55,25.44],[60.62,25.27],[61.4,25.08],[61.61,25.2],[61.85,26.23],[62.27,26.36],[62.44,26.57],[63.19,26.64],[63.33,27.15],[63.2,27.27],[62.78,27.27],[62.78,28.26],[62.59,28.23],[62.4,28.42],[61.82,28.63],[60.87,29.86],[61.85,31.02],[61.71,31.38],[60.85,31.5],[60.86,32.23],[60.58,33.07],[60.93,33.51],[60.53,33.64],[60.5,34.12],[60.68,34.31],[60.88,34.32],[60.72,34.53],[60.98,34.65],[61.11,35.28],[61.29,35.56],[61.17,36.63],[60.33,36.66],[60.02,37.04],[59.48,37.23],[59.34,37.54],[58.23,37.68],[58.2,37.79],[57.38,37.97],[57.24,38.27],[56.76,38.29],[56.44,38.26],[56.22,38.07],[55.47,38.09],[54.83,37.75],[54.67,37.44],[53.91,37.35],[54.02,36.82],[53.61,36.87],[54.01,36.94],[53.41,36.88],[51.88,36.58],[50.98,36.78],[50.32,37.15],[50.2,37.39],[49.11,37.64],[48.94,37.9],[48.87,38.45],[48.62,38.4],[48.02,38.83],[48.33,39.03],[48.12,39.28],[48.36,39.39],[47.98,39.72],[46.85,39.16],[46.54,38.88],[46.19,38.84],[45.43,39],[44.87,39.62],[44.81,39.64]]]}},{"type":"Feature","properties":{"NAME":"Ottoman Empire","ABBREVN":"Ottoman Empire","SUBJECTO":"Ottoman Empire","BORDERPRECISION":3,"PARTOF":"Ottoman Empire"},"geometry":{"type":"MultiPolygon","coordinates":[[[[25.82,40.1],[26.01,40.15],[25.94,40.24],[25.67,40.15],[25.73,40.09],[25.82,40.1]]],[[[42.16,16.65],[42.08,16.81],[41.95,16.71],[41.75,16.88],[41.77,16.78],[42.17,16.62],[42.16,16.65]]],[[[41.88,16.8],[41.99,16.76],[41.94,16.98],[41.84,17],[41.93,16.96],[41.86,16.83],[41.88,16.8]]],[[[42.79,13.91],[42.77,14.07],[42.77,13.92],[42.79,13.91]]],[[[42.59,15.27],[42.65,15.45],[42.56,15.3],[42.59,15.27]]],[[[41.5,41.48],[40.15,40.92],[39.41,41.11],[38.36,40.91],[37.9,40.98],[37.68,41.14],[37.54,41.03],[37.15,41.14],[36.81,41.36],[36.4,41.25],[36.12,41.48],[36.06,41.69],[35.29,41.71],[35.1,41.92],[35.16,42.03],[34.95,42.09],[34.72,41.94],[33.34,42.02],[32.6,41.83],[31.55,41.36],[31.23,41.09],[29.22,41.24],[29.04,40.97],[29.41,40.77],[29.93,40.72],[28.98,40.64],[28.78,40.53],[29.14,40.44],[28.98,40.36],[27.92,40.36],[28.02,40.49],[27.75,40.53],[27.88,40.38],[27.74,40.31],[27.43,40.32],[27.26,40.46],[26.7,40.38],[26.17,39.98],[26.07,39.48],[26.94,39.58],[26.64,39.26],[26.87,39.1],[26.8,38.96],[27.06,38.87],[26.73,38.64],[26.95,38.44],[27.16,38.45],[26.69,38.31],[26.56,38.6],[26.4,38.67],[26.39,38.45],[26.51,38.43],[26.29,38.37],[26.28,38.26],[26.59,38.1],[26.76,38.21],[27.27,37.95],[27.19,37.35],[27.42,37.41],[27.6,37.23],[27.55,37.13],[27.32,37.15],[27.27,36.96],[28.32,37.04],[28.03,36.82],[27.37,36.68],[28.12,36.8],[27.97,36.68],[28.06,36.59],[28.26,36.85],[28.39,36.78],[28.46,36.88],[28.66,36.71],[29.05,36.68],[29.15,36.35],[29.68,36.12],[30.18,36.3],[30.4,36.2],[30.69,36.88],[31.29,36.82],[32,36.55],[32.37,36.18],[32.77,36.03],[33.99,36.28],[34.66,36.81],[35.35,36.54],[35.61,36.59],[35.61,36.73],[36.01,36.92],[36.17,36.83],[36.19,36.6],[35.79,36.31],[35.98,36],[35.73,35.58],[35.92,35.42],[35.87,34.91],[35.98,34.53],[35.65,34.28],[35.63,34.01],[35.48,33.9],[35.06,32.85],[34.95,32.82],[34.71,31.95],[34.22,31.32],[34.88,29.53],[35,29.53],[34.81,28.54],[34.58,28.09],[35.16,28.06],[36.51,26.11],[36.7,26.02],[36.72,25.75],[36.93,25.65],[37.24,25.18],[37.26,24.87],[37.15,24.84],[37.49,24.31],[38.45,23.79],[39.06,22.58],[38.99,21.84],[39.17,21.46],[39.17,21.1],[39.66,20.44],[40.1,20.27],[40.78,19.74],[40.77,19.6],[41.18,19.07],[41.26,18.61],[41.72,17.9],[42.31,17.45],[42.37,17.04],[42.41,17.12],[42.55,17],[42.74,16.66],[42.85,16.07],[42.69,15.7],[42.81,15.24],[42.68,15.21],[42.94,14.96],[43.09,13.99],[43.29,13.67],[43.25,13.21],[43.48,12.81],[44.04,12.98],[44.29,12.92],[45.08,13.56],[45.11,13.82],[44.67,14.18],[44.8,14.54],[44.2,15],[44.42,15.2],[44.09,16.06],[44.09,17.35],[43.76,18.43],[43.65,19.74],[43.22,20.2],[42.72,20.46],[42.35,20.98],[40.99,21.57],[40.72,22.09],[40.34,24.24],[39.5,25.9],[38.45,27.11],[37.64,28.35],[36.79,29.22],[36.35,30.25],[36.44,31.36],[36.83,31.84],[37.75,32.66],[38.71,33.8],[39,33.93],[39.84,33.95],[41.4,33.89],[42.68,33.07],[43.98,31.7],[45.31,30.83],[46.58,30.38],[47.13,29.98],[47.72,30.08],[48.56,29.94],[48.03,30.49],[48.04,31],[47.69,31],[47.86,31.8],[47.44,32.39],[47.07,32.5],[46.45,32.93],[46.11,32.97],[46.18,33.26],[45.87,33.5],[45.9,33.63],[45.75,33.6],[45.4,33.98],[45.57,34.15],[45.44,34.46],[45.56,34.59],[45.71,34.56],[45.65,34.73],[45.88,35.03],[46.17,35.11],[45.99,35.49],[46.03,35.69],[46.35,35.81],[45.76,35.82],[45.41,36],[45.28,36.38],[45.01,36.55],[45.03,36.74],[44.85,36.79],[44.9,37.03],[44.77,37.11],[44.82,37.3],[44.59,37.44],[44.62,37.72],[44.22,37.9],[44.48,38.34],[44.31,38.4],[44.22,39.14],[44.04,39.38],[44.4,39.42],[44.48,39.64],[43.42,39.77],[43.33,39.98],[42.58,39.93],[42.26,40.29],[42.27,40.43],[41.97,40.45],[41.77,41.14],[41.49,41.07],[41.52,41.39],[41.5,41.48]]],[[[27.63,40.58],[27.71,40.65],[27.55,40.65],[27.61,40.57],[27.63,40.58]]],[[[26.05,40.74],[26.15,40.59],[26.83,40.59],[26.21,40.32],[26.22,40.05],[26.68,40.45],[27.29,40.7],[27.51,40.98],[28.16,41.08],[28.54,40.99],[28.53,41.08],[28.83,40.96],[29.04,41.05],[29.09,41.25],[28.13,41.59],[27.97,41.83],[28.02,41.99],[27.57,41.91],[27.23,42.11],[26.62,41.97],[26.34,41.78],[26.57,41.61],[26.64,41.36],[26.33,41.23],[26.36,40.95],[26.09,40.74],[26.05,40.74]]]]}},{"type":"Feature","properties":{"NAME":"Ottoman Empire","ABBREVN":"Ottoman Empire","SUBJECTO":"Ottoman Empire","BORDERPRECISION":3,"PARTOF":"Ottoman Empire"},"geometry":{"type":"MultiPolygon","coordinates":[[[[25.82,40.1],[26.01,40.15],[25.94,40.24],[25.67,40.15],[25.73,40.09],[25.82,40.1]]],[[[42.16,16.65],[42.08,16.81],[41.95,16.71],[41.75,16.88],[41.77,16.78],[42.17,16.62],[42.16,16.65]]],[[[41.88,16.8],[41.99,16.76],[41.94,16.98],[41.84,17],[41.93,16.96],[41.86,16.83],[41.88,16.8]]],[[[42.79,13.91],[42.77,14.07],[42.77,13.92],[42.79,13.91]]],[[[42.59,15.27],[42.65,15.45],[42.56,15.3],[42.59,15.27]]],[[[41.5,41.48],[40.15,40.92],[39.41,41.11],[38.36,40.91],[37.9,40.98],[37.68,41.14],[37.54,41.03],[37.15,41.14],[36.81,41.36],[36.4,41.25],[36.12,41.48],[36.06,41.69],[35.29,41.71],[35.1,41.92],[35.16,42.03],[35.01,42.09],[34.72,41.94],[33.34,42.02],[32.28,41.72],[31.23,41.09],[29.13,41.21],[29.03,41.03],[29.13,40.91],[29.41,40.77],[29.94,40.75],[28.98,40.64],[28.78,40.53],[29.08,40.48],[29.06,40.37],[27.92,40.36],[28.02,40.49],[27.75,40.53],[27.88,40.38],[27.74,40.31],[27.43,40.32],[27.26,40.46],[26.7,40.38],[26.17,39.98],[26.07,39.48],[26.94,39.58],[26.64,39.26],[26.87,39.1],[26.8,38.96],[27.06,38.87],[26.73,38.64],[26.95,38.44],[27.16,38.45],[26.69,38.31],[26.56,38.6],[26.4,38.67],[26.39,38.45],[26.51,38.43],[26.29,38.37],[26.28,38.26],[26.59,38.1],[26.76,38.21],[27.27,37.95],[27.19,37.35],[27.42,37.41],[27.6,37.23],[27.55,37.13],[27.32,37.15],[27.26,36.97],[28.32,37.04],[28.03,36.82],[27.36,36.7],[27.48,36.65],[28.12,36.8],[27.97,36.68],[28.06,36.59],[28.26,36.85],[28.39,36.78],[28.46,36.88],[28.66,36.71],[29.05,36.68],[29.15,36.35],[29.68,36.12],[30.18,36.3],[30.4,36.2],[30.6,36.83],[30.97,36.86],[32,36.55],[32.37,36.18],[32.82,36.03],[33.99,36.28],[34.66,36.81],[35.35,36.54],[35.61,36.59],[35.61,36.73],[36.01,36.92],[36.17,36.83],[36.19,36.6],[35.79,36.31],[35.98,36],[35.73,35.58],[35.92,35.42],[35.87,34.91],[35.98,34.53],[35.65,34.28],[35.63,34.01],[35.48,33.9],[35.06,32.85],[34.95,32.82],[34.71,31.95],[34.22,31.32],[34.88,29.53],[35,29.53],[34.81,28.54],[34.58,28.09],[35.16,28.06],[36.51,26.11],[36.7,26.02],[36.72,25.75],[36.93,25.65],[37.24,25.18],[37.26,24.87],[37.15,24.84],[37.49,24.31],[38.45,23.79],[39.06,22.58],[38.99,21.84],[39.17,21.46],[39.17,21.1],[39.66,20.44],[40.1,20.27],[40.78,19.74],[40.77,19.6],[41.18,19.07],[41.23,18.66],[41.68,17.95],[42.31,17.45],[42.37,17.04],[42.41,17.12],[42.55,17],[42.74,16.66],[42.85,16.07],[42.69,15.7],[42.81,15.24],[42.68,15.21],[42.94,14.96],[43.09,13.99],[43.29,13.67],[43.23,13.27],[43.48,12.81],[44.04,12.98],[44.29,12.92],[45.08,13.56],[45.11,13.82],[44.67,14.18],[44.8,14.54],[44.2,15],[44.42,15.2],[44.09,16.06],[44.09,17.35],[43.76,18.43],[43.65,19.74],[43.22,20.2],[42.72,20.46],[42.35,20.98],[40.99,21.57],[40.72,22.09],[40.34,24.24],[39.5,25.9],[38.45,27.11],[37.64,28.35],[36.79,29.22],[36.36,30.15],[36.44,31.36],[36.67,31.67],[37.75,32.66],[38.71,33.8],[39,33.93],[39.84,33.95],[41.4,33.89],[42.68,33.07],[43.98,31.7],[45.31,30.83],[46.58,30.38],[47.13,29.98],[47.72,30.08],[48.56,29.94],[48.03,30.49],[48.04,31],[47.69,31],[47.86,31.8],[47.44,32.39],[47.07,32.5],[46.45,32.93],[46.11,32.97],[46.18,33.26],[45.87,33.5],[45.9,33.63],[45.75,33.6],[45.4,33.98],[45.57,34.15],[45.44,34.46],[45.56,34.59],[45.71,34.56],[45.65,34.73],[45.88,35.03],[46.17,35.11],[45.99,35.49],[46.03,35.69],[46.35,35.81],[45.76,35.82],[45.41,36],[45.28,36.38],[45.01,36.55],[45.03,36.74],[44.85,36.79],[44.9,37.03],[44.77,37.11],[44.82,37.3],[44.59,37.44],[44.62,37.72],[44.22,37.9],[44.48,38.34],[44.31,38.4],[44.22,39.14],[44.04,39.38],[44.43,39.44],[44.47,39.7],[44.61,39.78],[44.79,39.71],[44.28,40.05],[43.67,40.1],[43.58,40.45],[43.74,40.67],[43.67,40.93],[42.83,41.58],[42.6,41.58],[42.46,41.43],[41.53,41.52],[41.5,41.48]]],[[[27.63,40.58],[27.71,40.65],[27.55,40.65],[27.61,40.57],[27.63,40.58]]],[[[26.05,40.74],[26.15,40.59],[26.83,40.59],[26.21,40.32],[26.22,40.05],[26.68,40.45],[27.29,40.7],[27.51,40.98],[28.16,41.08],[28.54,40.99],[28.53,41.08],[28.83,40.96],[29.04,41.05],[29.09,41.25],[28.13,41.59],[27.97,41.83],[28.02,41.99],[27.57,41.91],[27.23,42.11],[26.62,41.97],[26.34,41.78],[26.57,41.61],[26.64,41.36],[26.33,41.23],[26.36,40.95],[26.09,40.74],[26.05,40.74]]]]}},{"type":"Feature","properties":{"NAME":"Ottoman Empire","ABBREVN":"Ottoman Empire","SUBJECTO":"Ottoman Empire","BORDERPRECISION":3,"PARTOF":"Ottoman Empire"},"geometry":{"type":"MultiPolygon","coordinates":[[[[42.16,16.65],[42.08,16.81],[41.95,16.71],[41.75,16.88],[41.77,16.78],[42.17,16.62],[42.16,16.65]]],[[[41.88,16.8],[41.99,16.76],[41.94,16.98],[41.84,17],[41.93,16.96],[41.86,16.83],[41.88,16.8]]],[[[25.82,40.1],[26.01,40.15],[25.94,40.24],[25.67,40.15],[25.73,40.09],[25.82,40.1]]],[[[41.5,41.48],[40.15,40.92],[39.41,41.11],[38.36,40.91],[37.9,40.98],[37.68,41.14],[37.54,41.03],[37.15,41.14],[36.81,41.36],[36.4,41.25],[36.12,41.48],[36.06,41.69],[35.29,41.71],[35.1,41.92],[35.16,42.03],[35.01,42.09],[34.72,41.94],[33.34,42.02],[32.28,41.72],[31.23,41.09],[29.13,41.21],[29.03,41.03],[29.13,40.91],[29.41,40.77],[29.94,40.75],[28.98,40.64],[28.78,40.53],[29.08,40.48],[29.06,40.37],[27.92,40.36],[28.02,40.49],[27.75,40.53],[27.88,40.38],[27.74,40.31],[27.43,40.32],[27.26,40.46],[26.7,40.38],[26.17,39.98],[26.07,39.48],[26.94,39.58],[26.64,39.26],[26.87,39.1],[26.8,38.96],[27.06,38.87],[26.73,38.64],[26.95,38.44],[27.16,38.45],[26.69,38.31],[26.56,38.6],[26.4,38.67],[26.39,38.45],[26.51,38.43],[26.29,38.37],[26.28,38.26],[26.59,38.1],[26.76,38.21],[27.27,37.95],[27.19,37.35],[27.42,37.41],[27.6,37.23],[27.55,37.13],[27.32,37.15],[27.26,36.97],[28.32,37.04],[28.03,36.82],[27.36,36.7],[27.48,36.65],[28.12,36.8],[27.97,36.68],[28.06,36.59],[28.26,36.85],[28.39,36.78],[28.46,36.88],[28.66,36.71],[29.05,36.68],[29.15,36.35],[29.68,36.12],[30.18,36.3],[30.4,36.2],[30.6,36.83],[30.97,36.86],[32,36.55],[32.37,36.18],[32.82,36.03],[33.99,36.28],[34.66,36.81],[35.35,36.54],[35.61,36.59],[35.61,36.73],[36.01,36.92],[36.17,36.83],[36.19,36.6],[35.79,36.31],[35.98,36],[35.73,35.58],[35.92,35.42],[35.87,34.91],[35.98,34.53],[35.65,34.28],[35.63,34.01],[35.48,33.9],[35.06,32.85],[34.95,32.82],[34.71,31.95],[34.22,31.32],[34.88,29.53],[35,29.53],[34.81,28.54],[34.58,28.09],[35.16,28.06],[36.51,26.11],[36.7,26.02],[36.72,25.75],[36.93,25.65],[37.24,25.18],[37.26,24.87],[37.15,24.84],[37.49,24.31],[38.45,23.79],[39.06,22.58],[38.99,21.84],[39.17,21.46],[39.17,21.1],[39.66,20.44],[40.1,20.27],[40.78,19.74],[40.77,19.6],[41.18,19.07],[41.23,18.66],[41.72,17.9],[42.31,17.45],[42.35,17.08],[42.55,17],[42.79,16.38],[43.21,16.67],[43.12,16.93],[43.31,17.46],[43.45,17.53],[43.76,17.35],[44.09,17.35],[43.76,18.43],[43.68,19.62],[43.55,19.92],[42.72,20.46],[42.35,20.98],[40.99,21.57],[40.72,22.09],[40.34,24.24],[39.5,25.9],[38.45,27.11],[37.64,28.35],[36.79,29.22],[36.36,30.15],[36.44,31.36],[36.67,31.67],[37.75,32.66],[38.71,33.8],[39,33.93],[39.84,33.95],[41.4,33.89],[42.68,33.07],[43.98,31.7],[45.31,30.83],[46.58,30.38],[47.13,29.98],[47.72,30.08],[48.56,29.94],[48.03,30.49],[48.04,31],[47.69,31],[47.86,31.8],[47.44,32.39],[47.07,32.5],[46.45,32.93],[46.11,32.97],[46.18,33.26],[45.87,33.5],[45.9,33.63],[45.75,33.6],[45.4,33.98],[45.57,34.15],[45.44,34.46],[45.56,34.59],[45.71,34.56],[45.65,34.73],[45.88,35.03],[46.17,35.11],[45.99,35.49],[46.03,35.69],[46.35,35.81],[45.76,35.82],[45.41,36],[45.28,36.38],[45.01,36.55],[45.03,36.74],[44.85,36.79],[44.9,37.03],[44.77,37.11],[44.82,37.3],[44.59,37.44],[44.62,37.72],[44.22,37.9],[44.48,38.34],[44.31,38.4],[44.22,39.14],[44.04,39.38],[44.43,39.44],[44.47,39.7],[44.61,39.78],[44.79,39.71],[44.28,40.05],[43.67,40.1],[43.58,40.45],[43.74,40.67],[43.67,40.93],[42.83,41.58],[42.6,41.58],[42.46,41.43],[41.53,41.52],[41.5,41.48]]],[[[27.63,40.58],[27.71,40.65],[27.55,40.65],[27.61,40.57],[27.63,40.58]]],[[[26.05,40.74],[26.15,40.59],[26.83,40.59],[26.21,40.32],[26.22,40.05],[26.68,40.45],[27.29,40.7],[27.51,40.98],[28.16,41.08],[28.54,40.99],[28.53,41.08],[28.83,40.96],[29.04,41.05],[29.09,41.25],[28.13,41.59],[27.97,41.83],[28.02,41.99],[27.57,41.91],[27.23,42.11],[26.62,41.97],[26.34,41.78],[26.57,41.61],[26.64,41.36],[26.33,41.23],[26.36,40.95],[26.09,40.74],[26.05,40.74]]]]}},{"type":"Feature","properties":{"NAME":"Egypt","ABBREVN":"Egypt","SUBJECTO":"Egypt","BORDERPRECISION":3,"PARTOF":"Egypt"},"geometry":{"type":"Polygon","coordinates":[[[32.06,31.37],[31.89,31.54],[31.56,31.44],[31.13,31.6],[30.9,31.42],[30.54,31.39],[30.96,31.58],[30.36,31.5],[30.29,31.24],[30.06,31.32],[29.49,30.94],[29.04,30.82],[28.43,31.08],[27.92,31.1],[27.84,31.24],[27.44,31.22],[27.32,31.38],[25.96,31.62],[25.31,31.5],[25.15,31.64],[24.87,31.37],[25.02,30.79],[24.71,30.19],[24.83,29.86],[22.7,28.41],[22.14,28.39],[21.69,28.56],[20.56,29.53],[20.17,29.64],[19.31,29.4],[19.03,28.87],[19.33,27.89],[19.33,27.34],[18.78,25.26],[18.4,24.73],[16,23.45],[19.07,22],[31.27,22],[31.42,22.23],[31.51,22.19],[31.46,22],[36.89,22],[36.23,22.64],[35.84,22.76],[35.67,22.97],[35.49,23.49],[35.49,23.95],[35.81,23.91],[35.14,24.52],[33.93,26.68],[33.84,27.24],[33.49,27.64],[33.56,27.88],[32.86,28.63],[32.62,28.98],[32.6,29.34],[32.34,29.59],[32.58,30],[32.74,29.45],[33.17,29],[33.24,28.55],[33.76,28.02],[34.25,27.73],[34.45,28.02],[34.41,28.32],[34.9,29.49],[34.24,31.29],[33.15,31.06],[33.12,31.19],[32.71,31.03],[32.28,31.28],[32.28,31.12],[32.08,31.08],[32.03,31.22],[31.78,31.28],[31.91,31.53],[32.09,31.36],[32.06,31.37]]]}},{"type":"Feature","properties":{"NAME":"Yemen","ABBREVN":"Yemen","SUBJECTO":"Yemen","BORDERPRECISION":3,"PARTOF":"Yemen"},"geometry":{"type":"MultiPolygon","coordinates":[[[[42.79,13.91],[42.77,14.07],[42.77,13.92],[42.79,13.91]]],[[[42.59,15.27],[42.65,15.45],[42.56,15.3],[42.59,15.27]]],[[[44.09,17.35],[43.76,17.35],[43.45,17.53],[43.19,17.34],[43.12,16.93],[43.21,16.67],[42.79,16.38],[42.83,15.88],[42.69,15.7],[42.81,15.24],[42.68,15.21],[42.94,14.96],[43.09,13.99],[43.29,13.67],[43.23,13.27],[43.48,12.81],[44.04,12.98],[44.29,12.92],[45.08,13.56],[45.7,14.93],[46.33,15.64],[46.33,16.67],[44.5,17.4],[44.19,17.41],[44.09,17.35]]]]}},{"type":"Feature","properties":{"NAME":"Qatar","ABBREVN":"Qatar","SUBJECTO":"Qatar","BORDERPRECISION":3,"PARTOF":"Qatar"},"geometry":{"type":"Polygon","coordinates":[[[51.21,24.61],[51.37,24.59],[51.61,25.01],[51.48,25.52],[51.59,25.78],[51.31,26.13],[51.1,26.08],[50.9,25.77],[50.95,25.6],[50.75,25.48],[50.76,25.19],[50.87,24.69],[51.18,24.59],[51.21,24.61]]]}},{"type":"Feature","properties":{"NAME":"United Arab Emirates","ABBREVN":"United Arab Emirates","SUBJECTO":"United Arab Emirates","BORDERPRECISION":3,"PARTOF":"United Arab Emirates"},"geometry":{"type":"MultiPolygon","coordinates":[[[[53.96,24.19],[53.85,24.27],[53.63,24.18],[53.95,24.14],[53.96,24.19]]],[[[54.33,24.46],[54.47,24.42],[54.38,24.5],[54.33,24.46]]],[[[56.08,26.07],[55.86,25.72],[55.54,25.57],[55.06,25.01],[54.65,24.75],[54.4,24.26],[54.12,24.14],[53.59,24.04],[52.62,24.2],[52.09,23.96],[51.8,24.01],[51.73,24.26],[51.58,24.26],[51.58,24.12],[52.58,22.94],[55.14,22.63],[55.56,23.77],[55.51,23.97],[56.02,24.08],[55.95,24.23],[55.78,24.24],[55.81,24.89],[56.02,24.97],[56.1,24.73],[56.37,24.97],[56.37,25.52],[56.15,25.66],[56.15,26.08],[56.08,26.07]]]]}},{"type":"Feature","properties":{"NAME":"Oman","ABBREVN":"Oman","SUBJECTO":"Oman","BORDERPRECISION":3,"PARTOF":"Oman"},"geometry":{"type":"MultiPolygon","coordinates":[[[[58.85,20.44],[58.95,20.5],[58.89,20.69],[58.65,20.37],[58.65,20.17],[58.84,20.44],[58.85,20.44]]],[[[56.37,24.97],[56.1,24.73],[56.02,24.97],[55.81,24.89],[55.78,24.24],[55.95,24.23],[56.02,24.08],[55.51,23.97],[55.56,23.77],[55.24,23.12],[55.2,22.7],[55.67,22],[55,20],[52,19],[53.11,16.64],[54.09,17.01],[55.03,17.01],[55.24,17.24],[55.23,17.55],[55.44,17.83],[56.35,17.94],[56.56,18.13],[56.64,18.58],[56.81,18.74],[57.81,18.97],[57.69,19.74],[57.85,20.26],[58.21,20.61],[58.21,20.4],[58.48,20.38],[58.85,21.06],[59.34,21.44],[59.81,22.22],[59.8,22.54],[59.44,22.64],[58.61,23.63],[57.17,23.93],[56.6,24.5],[56.38,24.96],[56.37,24.97]]],[[[56.27,25.64],[56.43,26.05],[56.32,26.17],[56.47,26.14],[56.4,26.37],[56.31,26.22],[56.4,26.22],[56.2,26.26],[56.08,26.07],[56.19,26.01],[56.14,25.73],[56.24,25.63],[56.27,25.64]]]]}},{"type":"Feature","properties":{"NAME":"Afghanistan","ABBREVN":"Afghanistan","SUBJECTO":"Afghanistan","BORDERPRECISION":3,"PARTOF":"Afghanistan"},"geometry":{"type":"Polygon","coordinates":[[[72.73,37.14],[71.82,36.68],[71.58,36.73],[71.43,37.07],[71.58,37.91],[71.25,37.93],[71.36,38.25],[70.96,38.47],[70.71,38.41],[70.16,37.93],[70.29,37.7],[70.16,37.54],[69.52,37.58],[69.29,37.1],[68.89,37.34],[68.06,36.93],[67.73,37.23],[67.25,37.18],[67.01,37.38],[66.29,37.33],[65.7,37.53],[65.56,37.26],[64.79,37.12],[64.62,36.42],[64.47,36.25],[63.12,35.86],[63.11,35.46],[62.73,35.26],[62.47,35.29],[62.31,35.15],[62.04,35.44],[61.6,35.44],[61.28,35.61],[60.98,34.65],[60.72,34.53],[60.88,34.32],[60.68,34.31],[60.5,34.12],[60.53,33.64],[60.93,33.51],[60.58,33.07],[60.86,32.23],[60.85,31.5],[61.71,31.38],[61.85,31.02],[60.87,29.86],[62.46,29.41],[63.55,29.5],[64.06,29.41],[64.55,29.58],[65.03,29.54],[66.26,29.85],[66.36,29.96],[66.24,30.07],[66.4,30.94],[66.72,31.21],[67.79,31.34],[67.58,31.53],[67.97,31.63],[68.16,31.83],[68.53,31.73],[68.45,31.78],[68.56,31.83],[68.8,31.61],[69.13,31.73],[69.33,31.94],[69.25,32.44],[69.46,32.67],[69.51,33.04],[70.03,33.14],[70.32,33.33],[69.9,34.03],[70.56,33.94],[71.08,34.06],[71.15,34.36],[70.98,34.54],[71.5,34.96],[71.65,35.43],[71.44,35.87],[71.19,36.05],[71.64,36.47],[71.75,36.42],[72.58,36.83],[73.67,36.91],[74.06,36.82],[74.55,36.97],[74.39,37.15],[74.53,37.24],[74.92,37.24],[74.67,37.39],[74.25,37.41],[73.74,37.22],[73.62,37.26],[73.78,37.43],[73.44,37.48],[72.76,37.18],[72.73,37.14]]]}},{"type":"Feature","properties":{"NAME":"China","ABBREVN":"China","SUBJECTO":"China","BORDERPRECISION":3,"PARTOF":"China"},"geometry":{"type":"MultiPolygon","coordinates":[[[[110.58,19.14],[110.48,19.17],[111.02,19.64],[110.93,20],[110.67,20.13],[110.51,20.01],[109.61,19.99],[109.47,19.83],[109.3,19.92],[109.16,19.79],[109.29,19.76],[108.63,19.28],[108.69,18.51],[109.57,18.17],[110.53,18.8],[110.57,19.08],[110.58,19.14]]],[[[121.45,39.44],[121.26,39.44],[121.43,39.39],[121.45,39.44]]],[[[122.33,30.02],[121.96,30.14],[122.01,30],[122.29,29.93],[122.33,30.02]]],[[[122.21,30.24],[122.21,30.34],[122.08,30.3],[122.18,30.24],[122.21,30.24]]],[[[121.87,31.49],[121.2,31.8],[121.82,31.45],[121.87,31.49]]],[[[119.83,32.25],[119.72,32.25],[119.9,32.07],[119.83,32.25]]],[[[119.76,25.41],[119.76,25.66],[119.74,25.4],[119.76,25.41]]],[[[121.2,28.05],[121.24,28.2],[121.12,28.14],[121.17,28.05],[121.2,28.05]]],[[[122.11,29.79],[122.03,29.71],[122.18,29.69],[122.11,29.79]]],[[[107.99,21.54],[108.24,21.51],[108.33,21.69],[108.44,21.66],[108.4,21.55],[108.51,21.59],[108.47,21.94],[108.63,21.88],[108.74,21.61],[108.85,21.63],[108.79,21.82],[108.92,21.76],[108.91,21.62],[109.14,21.58],[109.14,21.4],[109.53,21.49],[109.57,21.72],[109.66,21.51],[109.76,21.58],[109.94,21.45],[109.77,21.33],[109.66,20.92],[109.75,20.64],[110.01,20.43],[109.88,20.36],[109.92,20.23],[110.28,20.25],[110.53,20.49],[110.32,20.64],[110.38,20.84],[110.16,20.84],[110.15,20.99],[110.39,21.16],[110.39,21.37],[110.53,21.21],[110.66,21.39],[110.76,21.43],[110.65,21.26],[111.03,21.53],[111.64,21.53],[111.78,21.61],[111.68,21.78],[111.86,21.67],[111.97,21.75],[111.89,21.92],[112.28,21.7],[112.82,21.96],[112.94,21.87],[113.08,22.2],[113.22,22.04],[113.39,22.18],[113.17,22.57],[113.43,22.18],[113.55,22.19],[113.56,22.55],[113.36,22.88],[113.68,23.15],[113.82,23.12],[113.52,23.02],[113.86,22.47],[114.03,22.51],[113.91,22.37],[114.3,22.26],[114.26,22.36],[114.39,22.43],[114.24,22.43],[114.22,22.55],[114.39,22.61],[114.61,22.5],[114.52,22.7],[114.78,22.81],[114.72,22.64],[114.87,22.53],[114.89,22.7],[115.16,22.81],[115.54,22.66],[115.64,22.88],[115.8,22.74],[116.48,22.94],[116.51,23.21],[116.79,23.24],[116.53,23.42],[116.76,23.36],[116.92,23.66],[117.2,23.62],[118.12,24.26],[117.79,24.46],[118.02,24.44],[117.98,24.56],[118.17,24.68],[118.24,24.54],[118.44,24.63],[118.62,24.54],[118.76,24.76],[118.57,24.88],[119.01,24.95],[118.85,25.08],[118.97,25.18],[118.87,25.24],[119.06,25.27],[119.09,25.11],[119.35,25.25],[119.11,25.4],[119.31,25.61],[119.65,25.35],[119.45,25.68],[119.58,25.68],[119.71,25.99],[119.26,25.96],[119.1,26.14],[119.43,26],[119.64,26.26],[119.95,26.37],[119.66,26.34],[119.58,26.47],[119.82,26.44],[119.74,26.61],[119.55,26.62],[119.55,26.76],[119.7,26.69],[119.69,26.81],[119.79,26.8],[119.87,26.65],[119.92,26.79],[120.07,26.79],[119.86,26.52],[120.13,26.64],[120.03,26.9],[120.42,27.15],[120.19,27.28],[120.51,27.21],[120.67,27.45],[120.58,27.59],[120.84,27.87],[120.59,28.08],[120.94,27.98],[121.17,28.38],[121.34,28.14],[121.46,28.34],[121.64,28.35],[121.48,28.67],[121.15,28.84],[121.61,28.73],[121.66,28.83],[121.49,28.94],[121.68,28.92],[121.69,29.02],[121.41,29.16],[121.56,29.29],[121.74,29.2],[121.8,29.37],[121.81,29.18],[121.93,29.2],[121.97,29.59],[121.44,29.42],[121.45,29.51],[122.12,29.88],[121.68,29.96],[121.3,30.3],[120.79,30.06],[120.51,30.31],[120.15,30.2],[120.46,30.39],[120.88,30.36],[120.99,30.57],[121.47,30.82],[121.85,30.85],[121.81,31.13],[121.23,31.62],[120.72,31.82],[120.7,31.99],[120.14,31.9],[119.89,31.99],[119.79,32.19],[119.61,32.19],[119.76,32.33],[120.06,31.96],[120.64,32.09],[120.94,31.87],[121.9,31.74],[121.74,32],[121.44,32.11],[121.41,32.37],[120.84,32.64],[120.89,32.97],[120.25,34.31],[119.65,34.53],[119.18,34.88],[119.65,35.58],[120.24,35.96],[120.09,36.2],[120.31,36.26],[120.34,36.04],[120.7,36.14],[120.68,36.38],[120.82,36.46],[120.87,36.37],[120.96,36.53],[120.74,36.56],[120.82,36.65],[121.02,36.58],[121.96,37],[122.19,36.84],[122.5,36.89],[122.54,37.02],[122.4,37.03],[122.6,37.21],[122.56,37.4],[122.18,37.42],[122.13,37.55],[121.58,37.42],[120.71,37.83],[119.85,37.35],[119.77,37.15],[119.23,37.14],[118.94,37.34],[119.04,37.88],[118.84,38.15],[118.11,38.15],[117.65,38.41],[117.54,38.68],[117.74,39.1],[118.02,39.22],[118.33,39.04],[118.61,39.19],[118.97,39.19],[118.9,39.12],[119.24,39.38],[119.34,39.71],[119.53,39.87],[120.45,40.2],[120.84,40.67],[121.03,40.71],[120.97,40.82],[121.36,40.93],[122.05,40.74],[122.3,40.51],[121.88,40],[121.47,39.81],[121.53,39.62],[121.23,39.53],[121.75,39.35],[121.6,39.22],[121.68,39.09],[121.09,38.91],[121.19,38.72],[121.7,38.86],[121.65,39],[121.95,39.04],[122.4,39.41],[123.22,39.67],[123.24,39.81],[123.41,39.73],[124.13,39.83],[124.89,40.47],[126.01,40.9],[126.51,41.39],[126.57,41.61],[126.9,41.79],[127.27,41.47],[128.15,41.38],[128.3,41.58],[128.06,42],[128.9,42.02],[129.35,42.45],[129.72,42.45],[129.9,43],[130.25,42.89],[130.25,42.71],[130.6,42.42],[130.61,42.62],[130.43,42.74],[131.13,42.92],[131.31,43.39],[131.19,43.54],[131.3,44.05],[130.95,44.84],[131.47,44.97],[131.87,45.35],[132.93,45.02],[133.12,45.12],[133.15,45.45],[133.47,45.62],[133.52,45.88],[133.9,46.25],[133.85,46.48],[134.22,47.1],[134.18,47.32],[134.76,47.7],[134.56,47.99],[134.72,48.27],[134.42,48.39],[133.75,48.25],[133.48,48.07],[133.08,48.1],[132.54,47.71],[130.95,47.71],[130.66,48.11],[130.82,48.33],[130.52,48.61],[130.64,48.88],[130.22,48.86],[129.49,49.42],[129.08,49.35],[128.79,49.57],[127.82,49.59],[127.52,49.81],[127.58,50.21],[127.33,50.31],[127.29,50.74],[126.93,51.06],[126.97,51.32],[126.82,51.27],[126.91,51.38],[126.44,51.99],[126.55,52.13],[126.32,52.19],[126.33,52.4],[125.99,52.58],[126.1,52.76],[125.13,53.2],[124.49,53.19],[123.87,53.48],[123.31,53.55],[120.87,53.28],[120.03,52.77],[120.08,52.59],[120.71,52.54],[120.63,52.34],[120.78,52.16],[120.71,51.98],[120.06,51.62],[119.51,50.75],[119.29,50.6],[119.14,50.39],[119.35,50.35],[119.32,50.1],[118.64,49.95],[117.87,49.52],[117.17,49.65],[116.25,50.03],[115.39,49.9],[114.88,50.22],[114.32,50.28],[113.21,49.82],[113.1,49.6],[111.33,49.34],[110.74,49.14],[109.2,49.36],[108.56,49.33],[107.95,49.69],[107.98,49.93],[107.25,50],[106.74,50.33],[106.24,50.3],[105.31,50.48],[103.71,50.14],[102.89,50.32],[102.31,50.59],[102.22,51.33],[100.53,51.74],[99.98,51.74],[98.93,52.14],[98.73,51.84],[98.34,51.72],[98.24,51.47],[98.06,51.46],[97.83,51],[98.05,50.64],[98.33,50.51],[98.2,50.16],[97.31,49.73],[97.01,49.89],[96.61,49.86],[96.07,50.01],[95.52,49.9],[94.63,50.03],[94.4,50.2],[94.24,50.58],[93.03,50.61],[92.93,50.8],[92.7,50.68],[92.45,50.81],[91.78,50.69],[89.67,49.92],[89.72,49.72],[89.37,49.58],[89.22,49.64],[89.19,49.51],[88.22,49.46],[88.09,49.23],[87.47,49.08],[86.88,49.11],[86.73,48.97],[86.78,48.72],[86.6,48.54],[85.74,48.36],[85.54,47.97],[85.7,47.26],[85.52,47.06],[84.74,46.83],[84.68,46.99],[83.93,46.97],[83.06,47.22],[82.32,45.58],[82.65,45.44],[82.57,45.13],[82.3,45.24],[81.98,45.15],[81.68,45.35],[79.87,44.9],[80.52,44.73],[80.38,44.64],[80.37,44.11],[80.82,43.17],[80.38,43.03],[80.57,42.89],[80.26,42.82],[80.17,42.66],[80.27,42.05],[79.9,42.02],[79.79,41.89],[78.67,41.53],[78.08,41.04],[76.87,41.01],[76.33,40.35],[75.7,40.3],[75.58,40.64],[75.23,40.45],[74.86,40.52],[74.88,40.33],[74.02,40.07],[73.84,39.77],[73.95,39.6],[73.66,39.46],[73.62,39.24],[73.85,38.97],[73.71,38.89],[73.81,38.61],[73.97,38.53],[74.35,38.67],[74.85,38.47],[74.79,38.2],[74.99,37.79],[74.9,37.65],[75.19,37.41],[75.37,37.46],[75.66,37.25],[76.01,37.37],[76.34,36.82],[77.25,36.64],[77.72,36.7],[78.07,36.41],[78.71,36.21],[79.24,35.87],[79.7,35.86],[80.25,35.4],[81,35.58],[81.75,35.29],[81.71,35.11],[85.57,36.2],[87.19,36.15],[88.4,36.4],[90.69,35.98],[90.98,36.12],[91.88,36.16],[91.66,36.36],[91,36.48],[90.59,36.72],[90.59,36.82],[90.89,36.94],[91.06,36.9],[91.1,37.26],[91.02,37.46],[90.6,37.66],[90.58,38.01],[90.72,38.81],[91.56,38.84],[91.92,39.03],[94.09,39.07],[94.55,39.26],[96.95,38.4],[97.47,38.62],[98.76,38.22],[99.09,38.35],[100.73,37.92],[101.13,37.61],[100.88,37.32],[100.99,36.37],[101.75,34.21],[101.48,33.54],[101.26,33.4],[101.51,32.71],[100.13,31.85],[98.02,32.62],[97.78,32.41],[98.27,32.1],[97.88,31.82],[97.83,31.45],[97.94,31.15],[99.44,29.48],[98.98,29.27],[99.09,28.16],[98.81,28.13],[98.79,28.4],[98.54,28.38],[98.37,28.66],[97.91,28.37],[98.16,28.12],[98.32,27.54],[98.46,27.67],[98.7,27.53],[98.78,26.61],[98.71,26.13],[98.58,26.13],[98.71,25.86],[98.49,25.8],[98.36,25.57],[98.19,25.62],[98.13,25.39],[97.83,25.25],[97.55,24.74],[97.54,24.48],[97.76,24.26],[97.54,23.95],[97.65,23.86],[98.22,24.13],[98.89,24.16],[98.68,23.97],[98.93,23.19],[99.51,23.08],[99.56,22.94],[99.34,22.71],[99.38,22.51],[99.17,22.16],[99.96,22.05],[99.94,21.82],[100.21,21.44],[100.37,21.54],[100.57,21.45],[101.12,21.77],[101.29,21.18],[101.85,21.22],[101.74,21.31],[101.77,21.83],[101.57,22.21],[101.74,22.5],[102.15,22.39],[102.52,22.77],[103.06,22.44],[103.33,22.79],[103.51,22.59],[103.65,22.78],[103.97,22.5],[104.11,22.8],[104.26,22.83],[104.37,22.69],[104.73,22.82],[104.91,23.18],[105.36,23.32],[105.88,22.91],[106.13,22.99],[106.29,22.86],[106.7,22.87],[106.79,22.76],[106.55,22.46],[106.69,22.03],[107.02,21.94],[107.02,21.82],[107.38,21.6],[107.78,21.67],[107.97,21.54],[107.99,21.54]]],[[[110.61,21.19],[110.44,21.19],[110.56,21.11],[110.61,21.19]]],[[[110.55,21.06],[110.25,21.02],[110.55,21.04],[110.55,21.06]]],[[[112.81,21.65],[112.87,21.76],[112.7,21.68],[112.79,21.57],[112.81,21.65]]],[[[114.25,22.24],[114.12,22.28],[114.24,22.2],[114.25,22.24]]],[[[113.97,22.22],[114.05,22.33],[113.89,22.29],[113.9,22.2],[113.97,22.22]]],[[[117.13,23.45],[116.95,23.43],[117.11,23.4],[117.13,23.45]]],[[[117.39,23.59],[117.51,23.73],[117.38,23.77],[117.36,23.57],[117.39,23.59]]],[[[118.44,24.43],[118.4,24.52],[118.29,24.42],[118.42,24.4],[118.44,24.43]]],[[[118.14,24.43],[118.1,24.55],[118.1,24.43],[118.14,24.43]]]]}},{"type":"Feature","properties":{"NAME":"Tibet","ABBREVN":"Tibet","SUBJECTO":"Tibet","BORDERPRECISION":3,"PARTOF":"Tibet"},"geometry":{"type":"Polygon","coordinates":[[[97.91,28.37],[98.37,28.66],[98.54,28.38],[98.79,28.4],[98.81,28.13],[99.09,28.16],[98.98,29.27],[99.44,29.53],[97.98,31.08],[97.83,31.66],[98.27,32.1],[97.78,32.41],[98.02,32.62],[100.13,31.85],[101.51,32.71],[101.26,33.4],[101.48,33.54],[101.75,34.21],[100.99,36.37],[100.88,37.32],[101.13,37.61],[100.67,37.95],[99.09,38.35],[98.82,38.21],[97.47,38.62],[96.95,38.4],[94.55,39.26],[94.09,39.07],[91.92,39.03],[91.56,38.84],[90.72,38.81],[90.58,37.74],[91.02,37.46],[91.1,37.05],[91.06,36.9],[90.89,36.94],[90.57,36.76],[91,36.48],[91.66,36.36],[91.88,36.16],[90.98,36.12],[90.69,35.98],[88.31,36.4],[87.19,36.15],[85.57,36.2],[81.71,35.11],[81.75,35.29],[81,35.58],[80.16,35.44],[80.16,35.08],[79.87,34.81],[79.92,34.52],[79.52,34.48],[79.49,34.17],[78.95,34.18],[78.73,34.04],[78.83,33.48],[79.38,33.1],[79.52,32.67],[78.97,32.35],[78.75,32.64],[78.41,32.56],[78.48,32.25],[78.77,31.97],[78.69,31.78],[78.84,31.61],[78.71,31.5],[78.77,31.31],[79.16,31.4],[79.42,31.05],[80.19,30.8],[80.21,30.58],[80.99,30.26],[81.12,30.02],[81.38,30.17],[81.43,30.39],[82.11,30.33],[82.18,30.07],[82.87,29.67],[83.19,29.63],[83.55,29.19],[84.12,29.26],[84.24,28.92],[84.49,28.73],[84.85,28.54],[85.11,28.64],[85.2,28.59],[85.11,28.31],[85.72,28.28],[86.01,27.89],[86.2,28.16],[86.22,28.01],[86.45,27.91],[86.7,28.11],[87.19,27.82],[87.59,27.81],[88.13,27.88],[88.62,28.12],[88.84,28.01],[88.76,27.54],[88.92,27.32],[89.49,28.06],[90.02,28.33],[90.39,28.24],[90.38,28.08],[91.09,27.97],[91.3,28.08],[91.66,27.95],[91.66,27.77],[92.01,27.73],[92.64,27.92],[92.75,28.17],[93.22,28.32],[93.39,28.64],[93.96,28.67],[94.23,29.07],[94.65,29.33],[95.44,29.04],[96.05,29.46],[96.26,29.24],[96.39,29.26],[96.15,29.06],[96.18,28.9],[96.47,29.06],[96.61,28.8],[96.34,28.53],[96.4,28.35],[96.65,28.47],[97.35,28.22],[97.56,28.55],[97.85,28.37],[97.91,28.37]]]}},{"type":"Feature","properties":{"NAME":"Taiwan","ABBREVN":"Taiwan","SUBJECTO":"Taiwan","BORDERPRECISION":3,"PARTOF":"Taiwan"},"geometry":{"type":"Polygon","coordinates":[[[120.12,23.51],[120.05,23.06],[120.25,22.63],[120.62,22.3],[120.7,21.94],[120.82,21.93],[120.97,22.57],[121.48,23.41],[121.6,24.06],[121.84,24.47],[121.81,24.84],[122,25],[121.56,25.28],[121.44,25.13],[121.06,25.05],[120.12,23.57],[120.12,23.51]]]}},{"type":"Feature","properties":{"NAME":"Korea","ABBREVN":"Korea","SUBJECTO":"Korea","BORDERPRECISION":3,"PARTOF":"Korea"},"geometry":{"type":"MultiPolygon","coordinates":[[[[126.62,33.24],[126.85,33.31],[126.89,33.52],[126.31,33.45],[126.17,33.26],[126.59,33.23],[126.62,33.24]]],[[[126.2,34.35],[126.37,34.44],[126.27,34.57],[126.1,34.42],[126.18,34.35],[126.2,34.35]]],[[[127.9,34.93],[127.85,34.74],[127.98,34.7],[128.07,34.8],[127.92,34.93],[127.9,34.93]]],[[[128.75,34.88],[128.71,34.98],[128.49,34.87],[128.59,34.7],[128.74,34.78],[128.75,34.88]]],[[[126.54,37.63],[126.4,37.82],[126.37,37.62],[126.51,37.6],[126.54,37.63]]],[[[126.69,37.83],[126.68,37.68],[126.54,37.76],[126.55,37.65],[126.86,37.27],[126.66,37.16],[126.87,37.17],[126.75,37.05],[126.99,36.91],[126.83,36.76],[126.77,36.97],[126.5,37.05],[126.47,36.84],[126.35,36.99],[126.4,36.85],[126.29,36.79],[126.29,36.96],[126.13,36.75],[126.29,36.58],[126.35,36.74],[126.5,36.72],[126.54,36.14],[126.69,36],[126.87,36.06],[126.63,35.97],[126.8,35.86],[126.48,35.64],[126.68,35.53],[126.42,35.41],[126.36,35.18],[126.46,35.07],[126.25,35.11],[126.34,34.92],[126.43,34.96],[126.38,34.79],[126.66,34.81],[126.48,34.72],[126.61,34.62],[126.45,34.58],[126.29,34.75],[126.48,34.35],[126.6,34.3],[126.78,34.59],[126.89,34.41],[127.01,34.6],[127.34,34.74],[127.13,34.55],[127.39,34.47],[127.51,34.59],[127.36,34.75],[127.42,34.82],[127.52,34.86],[127.64,34.62],[127.75,34.73],[127.77,34.84],[127.64,34.81],[127.6,34.94],[128.33,34.95],[128.41,34.83],[128.5,35.01],[128.38,35.04],[128.57,35.17],[129.14,35.11],[129.44,35.48],[129.59,36],[129.39,36.02],[129.43,37.06],[128.36,38.68],[127.78,39.09],[127.45,39.16],[127.37,39.37],[127.5,39.43],[127.56,39.32],[127.56,39.78],[128,40.04],[128.6,40.17],[129.11,40.48],[129.22,40.68],[129.73,40.86],[129.8,41.38],[129.67,41.48],[129.7,41.65],[130.42,42.31],[130.7,42.29],[130.25,42.71],[130.25,42.89],[129.88,42.99],[129.72,42.45],[129.35,42.45],[128.93,42.03],[128.06,42],[128.3,41.58],[128.15,41.38],[127.27,41.47],[126.9,41.79],[126.57,41.61],[126.51,41.39],[126.01,40.9],[124.89,40.47],[124.38,40.1],[124.32,39.92],[124.56,39.8],[124.64,39.6],[124.75,39.77],[125.12,39.56],[125.45,39.57],[125.14,38.8],[125.65,38.63],[125.45,38.7],[124.99,38.59],[124.86,38.23],[124.67,38.12],[125.26,38.08],[124.98,37.93],[125.51,37.89],[125.34,37.68],[125.72,37.91],[125.61,38.03],[125.92,37.84],[125.97,37.91],[126.1,37.74],[126.39,37.89],[126.62,37.79],[126.69,37.83]]]]}},{"type":"Feature","properties":{"NAME":"Japan","ABBREVN":"Japan","SUBJECTO":"Japan","BORDERPRECISION":3,"PARTOF":"Japan"},"geometry":{"type":"MultiPolygon","coordinates":[[[[123.9,24.28],[123.78,24.42],[123.68,24.32],[123.87,24.25],[123.9,24.28]]],[[[124.25,24.39],[124.32,24.58],[124.08,24.43],[124.24,24.35],[124.25,24.39]]],[[[125.35,24.72],[125.45,24.74],[125.27,24.88],[125.31,24.72],[125.35,24.72]]],[[[128.25,26.63],[128.29,26.86],[128.07,26.64],[127.91,26.69],[127.97,26.57],[127.72,26.43],[127.65,26.09],[127.81,26.16],[127.85,26.44],[128.15,26.57],[128.25,26.63]]],[[[128.99,27.7],[128.9,27.9],[128.95,27.68],[128.99,27.7]]],[[[129.7,28.48],[129.14,28.25],[129.37,28.12],[129.72,28.45],[129.7,28.48]]],[[[130.56,30.24],[130.67,30.38],[130.48,30.46],[130.38,30.37],[130.52,30.24],[130.56,30.24]]],[[[130.97,30.39],[131.05,30.84],[130.9,30.35],[130.97,30.39]]],[[[130.21,32.44],[130.36,32.37],[130.45,32.51],[130.23,32.46],[130.21,32.44]]],[[[130.21,32.37],[130.18,32.53],[130.03,32.5],[129.96,32.24],[130.21,32.33],[130.21,32.37]]],[[[128.9,32.65],[128.81,32.79],[128.65,32.78],[128.61,32.62],[128.74,32.59],[128.9,32.65]]],[[[129.15,32.99],[129.12,33.14],[129.06,32.82],[129.18,32.99],[129.15,32.99]]],[[[129.41,33.17],[129.54,33.39],[129.39,33.16],[129.41,33.17]]],[[[129.75,33.73],[129.7,33.86],[129.72,33.7],[129.75,33.73]]],[[[131.21,33.6],[130.98,33.88],[130.7,33.94],[130.45,33.8],[130.37,33.58],[130.21,33.65],[130,33.44],[129.87,33.53],[129.83,33.29],[129.59,33.36],[129.57,33.21],[129.93,33.01],[129.97,32.86],[129.85,32.82],[129.69,33.08],[129.64,32.94],[129.86,32.72],[129.75,32.56],[130.09,32.78],[130.18,32.59],[130.34,32.66],[130.34,32.84],[130.1,32.85],[130.21,33.17],[130.42,33.09],[130.61,32.78],[130.45,32.62],[130.59,32.63],[130.6,32.5],[130.16,32.01],[130.19,31.75],[130.34,31.63],[130.23,31.25],[130.64,31.18],[130.53,31.53],[130.62,31.7],[130.81,31.68],[130.75,31.55],[130.6,31.59],[130.8,31.31],[130.67,31],[131.13,31.27],[131.01,31.35],[131.07,31.45],[131.36,31.41],[131.7,32.56],[131.99,32.83],[131.82,33.12],[131.9,33.25],[131.52,33.26],[131.73,33.47],[131.67,33.65],[131.27,33.57],[131.21,33.6]]],[[[132.3,33.92],[132.45,33.93],[132.33,33.89],[132.3,33.92]]],[[[132.48,34.13],[132.5,34.26],[132.4,34.26],[132.45,34.11],[132.48,34.13]]],[[[129.27,34.1],[129.35,34.28],[129.22,34.32],[129.23,34.08],[129.27,34.1]]],[[[134.22,34.34],[133.89,34.36],[133.52,33.96],[133.15,33.91],[132.9,34.11],[132.64,33.67],[132.02,33.34],[132.37,33.47],[132.38,33.31],[132.53,33.24],[132.48,32.9],[132.71,32.91],[132.64,32.75],[132.82,32.74],[133.01,32.77],[133.02,33],[133.28,33.36],[133.6,33.5],[133.91,33.48],[134.19,33.24],[134.38,33.62],[134.74,33.82],[134.58,34.22],[134.26,34.29],[134.22,34.34]]],[[[134.36,34.46],[134.36,34.55],[134.19,34.51],[134.35,34.43],[134.36,34.46]]],[[[134.79,34.19],[134.94,34.26],[135.01,34.59],[134.67,34.3],[134.76,34.19],[134.79,34.19]]],[[[129.37,34.31],[129.47,34.69],[129.3,34.56],[129.25,34.34],[129.34,34.3],[129.37,34.31]]],[[[133.34,36.16],[133.28,36.33],[133.18,36.24],[133.25,36.15],[133.34,36.16]]],[[[138.43,38.06],[138.52,38.32],[138.31,38.17],[138.22,37.8],[138.48,37.88],[138.58,38.05],[138.44,38.05],[138.43,38.06]]],[[[141.34,41.34],[140.92,41.53],[140.78,41.13],[141.16,41.26],[141.28,41.15],[141.15,40.86],[140.88,40.99],[140.8,40.82],[140.67,40.89],[140.64,41.18],[140.34,41.24],[140.28,40.82],[139.85,40.59],[140.02,40.23],[139.89,39.98],[139.7,39.93],[140.02,39.83],[140.05,39.45],[139.43,38.15],[138.84,37.81],[138.73,37.56],[138.3,37.2],[137.44,36.93],[137.35,36.76],[137.07,36.78],[137.04,37.06],[136.86,37.09],[137.36,37.5],[136.75,37.34],[136.7,36.72],[135.96,35.97],[136.07,35.65],[136.02,35.74],[135.74,35.48],[135.45,35.59],[135.39,35.47],[135.19,35.53],[135.3,35.68],[135.22,35.76],[133.38,35.44],[133.1,35.58],[132.63,35.41],[132.66,35.3],[131.41,34.42],[130.97,34.43],[130.88,34.29],[130.91,33.92],[131.03,34.04],[131.26,33.92],[131.75,34.05],[132.05,33.9],[132.05,33.78],[132.36,34.36],[132.55,34.19],[132.81,34.31],[133.07,34.25],[133.24,34.42],[133.3,34.34],[133.68,34.52],[133.94,34.45],[134.04,34.58],[133.93,34.58],[134.25,34.72],[134.67,34.78],[135.06,34.62],[135.33,34.72],[135.46,34.57],[135.14,34.32],[135.2,34.14],[135.06,33.88],[135.38,33.72],[135.46,33.54],[135.77,33.45],[136.35,34.2],[136.9,34.27],[136.92,34.43],[136.52,34.68],[136.65,34.97],[136.85,35.08],[136.88,34.72],[136.97,34.68],[136.98,34.92],[137.02,34.76],[137.33,34.76],[137.07,34.64],[137.13,34.57],[137.59,34.67],[138.21,34.6],[138.33,34.86],[138.72,35.13],[138.91,35.03],[138.77,34.98],[138.85,34.59],[139.14,34.88],[139.17,35.24],[139.56,35.29],[139.68,35.14],[139.65,35.46],[139.78,35.63],[140,35.66],[140.11,35.55],[139.85,35.28],[139.87,35],[139.77,34.96],[139.95,34.91],[140.41,35.2],[140.48,35.54],[140.82,35.69],[140.57,36.26],[140.75,36.79],[140.97,36.98],[140.95,38.15],[141.08,38.36],[141.26,38.4],[141.52,38.26],[141.53,38.78],[141.63,38.99],[141.85,39.02],[142.07,39.55],[141.82,40.27],[141.46,40.59],[141.46,41.34],[141.36,41.35],[141.34,41.34]]],[[[139.5,42.08],[139.56,42.23],[139.44,42.21],[139.45,42.05],[139.5,42.08]]],[[[141.26,45.1],[141.33,45.15],[141.2,45.25],[141.13,45.16],[141.24,45.1],[141.26,45.1]]],[[[141.06,45.3],[140.98,45.46],[141.04,45.27],[141.06,45.3]]],[[[143.73,44.12],[142.81,44.71],[141.97,45.49],[141.69,45.4],[141.57,45.19],[141.8,44.62],[141.65,43.94],[141.34,43.71],[141.43,43.33],[141.21,43.14],[140.36,43.32],[140.53,43.01],[139.84,42.61],[139.79,42.24],[140.14,41.98],[139.98,41.59],[140.05,41.43],[140.41,41.51],[140.63,41.81],[140.98,41.71],[141.19,41.79],[140.74,42.12],[140.3,42.24],[140.47,42.57],[140.72,42.57],[140.99,42.3],[141.44,42.57],[141.79,42.61],[143.24,41.92],[143.46,42.48],[143.99,42.91],[145,42.98],[145.81,43.37],[145.47,43.25],[145.26,43.32],[145.07,43.78],[145.34,44.34],[144.74,43.91],[144.37,43.95],[144.17,44.11],[143.78,44.09],[143.73,44.12]]]]}},{"type":"Feature","properties":{"NAME":"India","ABBREVN":"India","SUBJECTO":"India","BORDERPRECISION":3,"PARTOF":"India"},"geometry":{"type":"MultiPolygon","coordinates":[[[[93.9,6.81],[93.86,7.2],[93.67,7.18],[93.83,6.75],[93.9,6.81]]],[[[93.73,7.32],[93.62,7.37],[93.64,7.25],[93.73,7.32]]],[[[93.46,7.9],[93.32,8],[93.45,7.87],[93.46,7.9]]],[[[93.51,19.85],[93.4,19.93],[93.52,19.75],[93.51,19.85]]],[[[91.98,21.63],[91.84,21.7],[91.87,21.48],[91.98,21.62],[91.98,21.63]]],[[[92.84,20.3],[92.76,20.43],[92.82,20.29],[92.84,20.3]]],[[[88.16,21.81],[88.05,21.64],[88.17,21.78],[88.16,21.81]]],[[[91.05,22.09],[91.18,22.26],[91.07,22.51],[91.03,22.08],[91.05,22.09]]],[[[90.57,22.04],[90.61,22.16],[90.49,22.08],[90.56,22.03],[90.57,22.04]]],[[[90.66,22.23],[90.6,22.03],[90.77,22.07],[90.88,22.44],[90.59,22.77],[90.66,22.24],[90.66,22.23]]],[[[91.51,22.35],[91.44,22.62],[91.48,22.36],[91.51,22.35]]],[[[90.57,22.78],[90.69,22.84],[90.59,22.88],[90.47,22.87],[90.54,22.78],[90.57,22.78]]],[[[97.57,16.24],[97.61,16.48],[97.47,16.49],[97.55,16.23],[97.57,16.24]]],[[[93.86,19.28],[93.98,19.4],[93.69,19.56],[93.79,19.27],[93.86,19.28]]],[[[93.71,18.87],[93.49,18.87],[93.67,18.67],[93.74,18.87],[93.71,18.87]]],[[[93.95,19.08],[93.61,19.4],[93.48,19.33],[93.85,18.9],[93.99,18.96],[93.95,19.08]]],[[[94.66,16.13],[94.64,16.24],[94.39,16],[94.42,15.87],[94.65,16.11],[94.66,16.13]]],[[[93.53,8.04],[93.48,8.21],[93.48,7.99],[93.53,8.04]]],[[[92.79,9.13],[92.76,9.26],[92.77,9.12],[92.79,9.13]]],[[[68.2,23.77],[68.14,23.61],[68.33,23.58],[68.74,23.84],[68.41,23.61],[68.43,23.43],[68.66,23.15],[69.22,22.84],[69.71,22.74],[70.39,22.94],[70.51,23.1],[70.17,22.55],[69.22,22.27],[69.07,22.48],[68.94,22.33],[70.06,21.14],[70.72,20.73],[70.96,20.7],[72.11,21.2],[72.29,21.61],[72,21.85],[72.16,21.84],[72.04,21.94],[72.33,22.15],[72.16,22.28],[72.91,22.27],[72.58,22.2],[72.5,21.97],[72.72,21.99],[72.55,21.66],[73.13,21.76],[72.56,21.38],[72.71,21.2],[72.61,21.11],[72.81,21.13],[72.93,20.77],[72.66,19.87],[72.75,19.37],[73.04,19.21],[72.78,19.31],[72.77,18.95],[72.97,19.08],[73.05,19],[72.91,18.92],[72.99,18.73],[72.86,18.8],[72.85,18.66],[73.45,16.06],[73.79,15.45],[73.95,15.4],[73.79,15.4],[74.1,14.79],[74.41,14.48],[74.86,12.75],[75.19,12.01],[75.72,11.37],[76.2,10.04],[76.4,9.82],[76.5,9.53],[76.35,9.53],[76.24,9.96],[76.44,9.14],[76.53,8.97],[76.66,9],[76.58,8.88],[76.96,8.4],[77.3,8.13],[77.54,8.07],[78.06,8.37],[78.19,8.9],[78.43,9.11],[78.97,9.27],[79.45,9.16],[78.91,9.47],[79.32,10.28],[79.86,10.29],[79.76,11.66],[80.16,12.47],[80.35,13.34],[80.05,13.62],[80.15,13.72],[80.31,13.44],[80.05,15.06],[80.26,15.68],[80.68,15.9],[80.83,15.75],[80.88,16.01],[81.01,15.78],[81.32,16.37],[81.72,16.31],[82.3,16.58],[82.31,17.05],[83.22,17.58],[83.58,18.02],[84.12,18.3],[84.73,19.12],[85.38,19.61],[85.13,19.55],[85.43,19.89],[85.58,19.84],[85.48,19.67],[86.27,19.91],[86.36,19.97],[86.2,20.08],[86.42,19.98],[86.49,20.18],[86.8,20.38],[86.76,20.49],[87.03,20.67],[86.89,20.76],[86.83,21.15],[86.96,21.38],[87.8,21.7],[88.17,22.09],[87.91,22.42],[88.2,22.15],[88.26,21.55],[88.26,21.8],[88.31,21.61],[88.45,21.61],[88.5,21.95],[88.48,21.55],[88.57,21.56],[88.68,22.2],[88.62,21.96],[88.77,22.01],[88.71,21.56],[89.08,21.63],[89.05,22.13],[89.21,21.65],[89.35,21.97],[89.42,21.71],[89.52,21.91],[89.47,22.29],[89.53,21.99],[89.62,22.32],[89.58,21.7],[89.88,21.89],[89.84,22.26],[90,22.48],[89.87,22.28],[89.93,21.99],[90.24,22.18],[90.02,21.86],[90.27,21.85],[90.4,22.26],[90.44,22.07],[90.62,22.35],[90.42,22.77],[90.45,23.07],[90.58,23.09],[90.61,23.24],[90.31,23.41],[90.55,23.38],[90.58,23.54],[90.47,23.58],[90.59,23.6],[90.6,23.49],[90.72,23.51],[90.6,23.47],[90.62,23.06],[90.83,22.69],[90.97,22.57],[91.23,22.59],[91.46,22.79],[91.67,22.54],[91.9,21.77],[92.04,21.66],[91.96,21.45],[92.05,21.17],[92.3,20.76],[92.26,21.05],[92.74,20.26],[92.64,20.69],[92.89,20.32],[92.77,20.2],[92.87,20.12],[93.08,20.54],[92.99,20.15],[93.11,20.17],[92.98,20.07],[93.13,19.84],[93.14,19.98],[93.24,19.83],[93.14,20.07],[93.72,19.93],[93.6,19.72],[93.99,19.46],[93.87,19.26],[93.97,19.14],[94.05,19.22],[94.04,18.85],[94.24,18.74],[94.61,17.55],[94.23,16.35],[94.25,15.96],[94.64,16.34],[94.68,16.12],[94.56,15.94],[94.79,16.15],[94.66,15.85],[94.99,16.24],[94.86,16.13],[94.85,15.78],[95.04,15.81],[95.14,16.14],[95.22,16.12],[95.11,16.06],[95.12,15.82],[95.22,15.79],[95.36,16.14],[95.29,15.73],[95.45,15.74],[95.75,16.14],[96.07,16.31],[96.01,16.38],[96.27,16.39],[96.24,16.8],[96.38,16.5],[96.78,16.7],[96.91,17.04],[96.88,17.45],[97.15,17.12],[97.38,16.5],[97.74,16.56],[97.57,16.05],[97.72,15.85],[97.8,14.88],[98.09,14.18],[98.14,13.54],[98.19,14.06],[98.58,13.18],[98.68,12.69],[98.6,12.42],[98.7,12.34],[98.53,12.25],[98.71,12.22],[98.72,12.01],[98.61,11.72],[98.88,11.7],[98.72,11.56],[98.71,10.92],[98.46,10.73],[98.55,9.99],[98.82,10.52],[98.78,10.68],[99.17,11.04],[99.66,11.83],[99.44,12.57],[99.11,13.06],[99.21,13.21],[99.17,13.73],[98.97,14.08],[98.61,14.32],[98.2,15.08],[98.21,15.23],[98.58,15.36],[98.63,16.05],[98.86,16.14],[98.92,16.4],[98.69,16.28],[98.48,16.74],[98.51,16.94],[97.79,17.68],[97.62,18.32],[97.5,18.28],[97.35,18.54],[97.78,18.57],[97.68,18.93],[97.83,19.1],[97.79,19.4],[98.05,19.8],[98.24,19.69],[99,19.78],[99.08,20.1],[99.49,20.12],[99.53,20.35],[99.96,20.45],[100.09,20.35],[100.26,20.75],[100.64,20.86],[100.52,20.95],[100.73,21.31],[101.13,21.49],[101.17,21.63],[101.1,21.77],[100.57,21.45],[100.37,21.54],[100.21,21.44],[99.94,21.82],[99.96,22.05],[99.17,22.16],[99.38,22.51],[99.34,22.71],[99.56,22.94],[99.51,23.08],[98.93,23.19],[98.68,23.97],[98.89,24.16],[98.22,24.13],[97.65,23.86],[97.55,23.93],[97.76,24.26],[97.54,24.48],[97.55,24.74],[97.83,25.25],[98.07,25.31],[98.19,25.62],[98.36,25.57],[98.49,25.8],[98.71,25.86],[98.58,26.08],[98.73,26.18],[98.78,26.61],[98.7,27.53],[98.46,27.67],[98.32,27.54],[98.16,28.12],[97.71,28.52],[97.56,28.55],[97.35,28.22],[96.65,28.47],[96.4,28.35],[96.34,28.53],[96.61,28.8],[96.47,29.06],[96.18,28.9],[96.15,29.06],[96.39,29.26],[96.26,29.24],[96.08,29.46],[95.62,29.26],[95.44,29.04],[94.65,29.33],[94.23,29.07],[93.96,28.67],[93.35,28.62],[93.22,28.32],[92.75,28.17],[92.72,27.98],[92.54,27.86],[91.66,27.77],[91.62,27.55],[91.77,27.43],[91.99,27.48],[92.11,27.29],[92.01,27.1],[92.09,26.87],[91.72,26.8],[90.69,26.77],[90.36,26.9],[89.77,26.7],[89.36,26.86],[89.13,26.82],[88.75,27.15],[88.92,27.32],[88.76,27.54],[88.88,27.88],[88.62,28.12],[88.12,27.91],[88.19,27.78],[87.99,27.11],[88.19,26.73],[88.02,26.37],[87.89,26.47],[87.27,26.38],[87,26.53],[86.73,26.42],[86.03,26.66],[85.86,26.57],[85.63,26.87],[85.31,26.74],[84.66,27.04],[84.64,27.31],[84.15,27.51],[83.86,27.35],[83.42,27.47],[83.34,27.34],[82.77,27.5],[82.7,27.71],[82.45,27.67],[82.04,27.92],[81.9,27.85],[81.3,28.16],[81.19,28.37],[80.06,28.83],[80.29,29.21],[80.24,29.42],[80.41,29.6],[80.38,29.74],[81.03,30.21],[80.21,30.58],[80.19,30.8],[79.86,30.97],[79.55,30.96],[79.08,31.44],[78.77,31.31],[78.71,31.5],[78.84,31.61],[78.69,31.78],[78.77,31.97],[78.48,32.25],[78.41,32.56],[78.75,32.64],[78.97,32.35],[79.48,32.62],[79.53,32.76],[79.38,33.1],[78.83,33.48],[78.73,34.04],[78.95,34.18],[79.49,34.17],[79.52,34.48],[79.92,34.52],[79.87,34.81],[80.16,35.08],[80.07,35.65],[79.7,35.86],[79.24,35.87],[78.71,36.21],[78.07,36.41],[77.72,36.7],[77.25,36.64],[76.34,36.82],[76.11,37.32],[75.66,37.25],[75.37,37.46],[74.92,37.24],[74.53,37.24],[74.39,37.15],[74.55,36.97],[74.06,36.82],[73.67,36.91],[72.58,36.83],[71.75,36.42],[71.64,36.47],[71.19,36.05],[71.44,35.87],[71.65,35.43],[71.5,34.96],[70.98,34.54],[71.15,34.36],[71.08,34.06],[70.56,33.94],[69.9,34.03],[70.32,33.33],[70.03,33.14],[69.51,33.04],[69.46,32.67],[69.25,32.44],[69.33,31.94],[68.83,31.61],[68.56,31.83],[68.45,31.78],[68.53,31.73],[68.16,31.83],[67.97,31.63],[67.58,31.53],[67.79,31.34],[66.72,31.21],[66.4,30.94],[66.24,30.07],[66.36,29.96],[66.26,29.85],[64.06,29.41],[63.59,29.5],[62.46,29.41],[60.87,29.86],[61.82,28.63],[62.4,28.42],[62.59,28.23],[62.78,28.26],[62.78,27.27],[63.2,27.27],[63.33,27.15],[63.19,26.64],[62.44,26.57],[62.27,26.36],[61.85,26.23],[61.61,25.2],[61.78,25.17],[61.74,25.04],[62.53,25.26],[63.43,25.22],[63.54,25.35],[64.07,25.34],[63.98,25.42],[64.12,25.45],[64.09,25.33],[64.65,25.16],[64.76,25.32],[66.5,25.4],[66.33,25.55],[66.14,25.51],[66.36,25.61],[66.73,25.2],[66.65,24.83],[67.24,24.77],[67.15,24.61],[67.5,23.89],[67.71,23.79],[67.86,23.9],[68.02,23.77],[68.02,23.94],[68.05,23.72],[68.15,23.69],[68.16,23.89],[68.17,23.75],[68.2,23.77]]],[[[92.5,10.52],[92.5,10.9],[92.35,10.78],[92.36,10.54],[92.46,10.52],[92.5,10.52]]],[[[98.21,10.95],[98.08,10.88],[98.24,10.83],[98.23,10.69],[98.27,10.82],[98.21,10.95]]],[[[98.66,11.94],[98.43,12.11],[98.5,11.88],[98.66,11.94]]],[[[93.06,13.24],[93.06,13.55],[92.94,13.54],[92.81,13.07],[92.85,12.89],[93.05,13.07],[93.06,13.24]]],[[[98.4,12.37],[98.46,12.58],[98.32,12.67],[98.35,12.32],[98.4,12.37]]],[[[92.9,12.29],[92.79,12.31],[92.75,12.09],[92.9,12.27],[92.9,12.29]]],[[[98.12,12.28],[98.04,12.21],[98.14,12.14],[98.12,12.28]]],[[[92.88,12.89],[92.74,12.82],[92.71,12.42],[92.87,12.31],[92.99,12.51],[92.9,12.9],[92.88,12.89]]],[[[98.1,12.37],[97.95,12.38],[98.01,12.28],[98.1,12.37]]],[[[92.68,11.36],[92.64,11.51],[92.62,11.36],[92.68,11.36]]],[[[98.28,11.48],[98.28,11.8],[98.2,11.44],[98.28,11.48]]],[[[98.5,11.57],[98.55,11.79],[98.45,11.8],[98.43,11.56],[98.5,11.57]]],[[[92.76,12.06],[92.67,12.21],[92.53,11.86],[92.72,11.5],[92.79,11.92],[92.76,12.06]]]]}},{"type":"Feature","properties":{"NAME":"Bhutan","ABBREVN":"Bhutan","SUBJECTO":"Bhutan","BORDERPRECISION":3,"PARTOF":"Bhutan"},"geometry":{"type":"Polygon","coordinates":[[[91.66,27.77],[91.66,27.95],[91.3,28.08],[91.11,27.97],[90.38,28.08],[90.39,28.24],[90.02,28.33],[89.49,28.06],[88.75,27.15],[89.13,26.82],[89.36,26.86],[89.77,26.7],[90.36,26.9],[90.69,26.77],[92.03,26.85],[92.09,27.35],[91.99,27.48],[91.68,27.49],[91.66,27.74],[91.66,27.77]]]}},{"type":"Feature","properties":{"NAME":"Sri Lanka","ABBREVN":"Sri Lanka","SUBJECTO":"Sri Lanka","BORDERPRECISION":3,"PARTOF":"Sri Lanka"},"geometry":{"type":"MultiPolygon","coordinates":[[[[80.14,9.79],[80.44,9.58],[80.02,9.82],[79.93,9.77],[80.02,9.64],[80.61,9.44],[80.06,9.59],[80.19,9.47],[79.92,8.94],[79.83,8],[79.73,8.01],[79.75,8.27],[79.7,8.19],[79.85,6.84],[80.08,6.17],[80.18,6.03],[80.59,5.92],[81.66,6.44],[81.88,6.96],[81.86,7.41],[81.39,8.15],[81.36,8.49],[81.13,8.5],[81.25,8.54],[81.23,8.66],[80.91,8.95],[80.85,9.22],[80.16,9.81],[80.14,9.79]]],[[[79.91,9.03],[79.7,9.09],[79.89,8.99],[79.91,9.03]]]]}},{"type":"Feature","properties":{"NAME":"Nepal","ABBREVN":"Nepal","SUBJECTO":"Nepal","BORDERPRECISION":3,"PARTOF":"Nepal"},"geometry":{"type":"Polygon","coordinates":[[[88.13,27.88],[87.19,27.82],[86.7,28.11],[86.45,27.91],[86.22,28.01],[86.2,28.16],[86.01,27.89],[85.72,28.28],[85.11,28.31],[85.2,28.59],[85.11,28.64],[84.85,28.54],[84.49,28.73],[84.24,28.92],[84.12,29.26],[83.61,29.16],[83.19,29.63],[82.87,29.67],[82.18,30.07],[82.11,30.33],[81.65,30.42],[81.41,30.38],[81.23,30.01],[81.03,30.21],[80.42,29.79],[80.24,29.42],[80.29,29.21],[80.05,28.9],[80.47,28.59],[80.54,28.69],[81.19,28.37],[81.3,28.16],[81.78,27.91],[82.07,27.91],[82.45,27.67],[82.7,27.71],[82.77,27.5],[83.27,27.34],[83.42,27.47],[83.86,27.35],[84.15,27.51],[84.64,27.31],[84.66,27.04],[85.31,26.74],[85.63,26.87],[85.86,26.57],[86.03,26.66],[86.73,26.42],[87,26.53],[87.27,26.38],[87.89,26.47],[88.02,26.37],[88.19,26.73],[87.99,27.11],[88.15,27.87],[88.13,27.88]]]}},{"type":"Feature","properties":{"NAME":"Thailand","ABBREVN":"Thailand","SUBJECTO":"Thailand","BORDERPRECISION":3,"PARTOF":"Thailand"},"geometry":{"type":"MultiPolygon","coordinates":[[[[102.3,12.14],[102.29,11.97],[102.45,11.97],[102.32,12.13],[102.3,12.14]]],[[[102.59,11.57],[102.55,11.75],[102.53,11.6],[102.59,11.57]]],[[[102.77,12.03],[102.79,12.42],[102.5,12.68],[102.36,13.5],[102.6,13.62],[102.96,14.21],[103.66,14.45],[103.92,14.34],[104.81,14.45],[105.08,14.22],[105.54,14.56],[105.59,15],[105.47,15.17],[105.64,15.67],[105.4,15.81],[105.43,16],[105.06,16.11],[104.75,16.52],[104.81,17.38],[104.27,17.86],[103.98,18.33],[103.42,18.43],[103.24,18.37],[103.05,18],[102.68,17.82],[102.07,18.21],[101.16,17.46],[100.92,17.57],[101.17,18.09],[101.06,18.44],[101.27,18.68],[101.35,19.04],[101.2,19.35],[101.28,19.57],[100.49,19.54],[100.41,19.77],[100.58,20.16],[100.32,20.39],[100.17,20.29],[99.96,20.45],[99.53,20.35],[99.49,20.12],[99.08,20.1],[99,19.78],[98.24,19.69],[98.05,19.8],[97.79,19.4],[97.83,19.1],[97.68,18.93],[97.78,18.57],[97.35,18.54],[97.5,18.28],[97.62,18.32],[97.79,17.68],[98.51,16.94],[98.48,16.74],[98.69,16.28],[98.92,16.4],[98.86,16.14],[98.63,16.05],[98.58,15.36],[98.21,15.23],[98.2,15.08],[98.61,14.32],[98.97,14.08],[99.17,13.73],[99.21,13.21],[99.11,13.06],[99.44,12.57],[99.66,11.83],[99.17,11.04],[98.78,10.68],[98.82,10.52],[98.19,8.55],[98.32,8.21],[98.42,8.14],[98.44,8.3],[98.66,8.38],[98.76,8.03],[99.04,7.9],[99.04,7.71],[99.26,7.66],[99.39,7.3],[99.75,7.12],[99.68,6.88],[100.13,6.42],[100.26,6.71],[100.38,6.54],[100.75,6.5],[100.85,6.24],[101.11,6.25],[100.99,5.79],[101.14,5.63],[101.57,5.92],[101.83,5.74],[102.1,6.24],[101.57,6.83],[101.29,6.94],[101.01,6.85],[100.59,7.21],[100.42,7.16],[100.18,7.52],[100.15,7.73],[100.29,7.78],[100.44,7.29],[100.58,7.22],[100.26,8.36],[99.95,8.65],[99.85,9.3],[99.25,9.23],[99.15,10.36],[100.02,12.19],[99.96,12.67],[100.1,13.04],[99.96,13.29],[100.06,13.42],[100.98,13.46],[100.84,12.74],[100.93,12.61],[101.76,12.71],[101.95,12.53],[102.06,12.57],[102.25,12.3],[102.36,12.36],[102.34,12.2],[102.64,12.18],[102.77,12.03]]],[[[99.6,6.6],[99.66,6.5],[99.68,6.68],[99.61,6.61],[99.6,6.6]]],[[[98.29,7.78],[98.44,7.91],[98.3,8.19],[98.27,7.92],[98.29,7.78]]],[[[99.97,9.41],[100.08,9.59],[99.93,9.55],[99.94,9.42],[99.97,9.41]]]]}},{"type":"Feature","properties":{"NAME":"Cambodia","ABBREVN":"Cambodia","SUBJECTO":"Cambodia","BORDERPRECISION":3,"PARTOF":"Cambodia"},"geometry":{"type":"MultiPolygon","coordinates":[[[[102.9,11.78],[103.08,11.71],[102.96,11.54],[103.08,11.44],[103.13,10.88],[103.35,10.88],[103.51,11.16],[103.67,11.03],[103.72,10.84],[103.52,10.64],[103.63,10.49],[103.93,10.59],[104.25,10.57],[104.45,10.42],[104.85,10.52],[105.09,10.71],[105.1,10.95],[105.36,10.88],[105.77,11.02],[106.2,10.77],[106.19,11.05],[105.87,11.3],[105.85,11.66],[106.04,11.78],[106.46,11.67],[106.42,11.97],[106.7,11.96],[107.19,12.29],[107.43,12.25],[107.55,12.36],[107.48,13.02],[107.63,13.54],[107.34,14.13],[107.55,14.71],[106.85,14.3],[106.53,14.6],[106.41,14.46],[106,14.37],[106.17,14.08],[106.06,13.93],[105.56,14.17],[105.37,14.11],[105.22,14.35],[105.08,14.22],[104.81,14.45],[103.92,14.34],[103.66,14.45],[102.96,14.21],[102.6,13.62],[102.38,13.57],[102.35,13.31],[102.5,12.68],[102.78,12.45],[102.72,12.17],[102.89,11.79],[102.9,11.78]]]]}},{"type":"Feature","properties":{"NAME":"Laos","ABBREVN":"Laos","SUBJECTO":"Laos","BORDERPRECISION":3,"PARTOF":"Laos"},"geometry":{"type":"Polygon","coordinates":[[[102.15,22.39],[101.74,22.5],[101.57,22.21],[101.77,21.83],[101.79,21.14],[101.57,21.25],[101.29,21.18],[101.15,21.57],[100.73,21.31],[100.52,20.95],[100.64,20.86],[100.26,20.75],[100.09,20.35],[100.32,20.39],[100.58,20.16],[100.41,19.77],[100.52,19.52],[101.28,19.57],[101.2,19.35],[101.35,19.04],[101.27,18.68],[101.06,18.44],[101.17,18.09],[100.92,17.57],[101.16,17.46],[102.07,18.21],[102.68,17.82],[103.05,18],[103.3,18.42],[103.98,18.33],[104.27,17.86],[104.81,17.38],[104.75,16.52],[105.06,16.11],[105.43,16],[105.4,15.81],[105.64,15.67],[105.47,15.17],[105.59,15],[105.54,14.56],[105.22,14.35],[105.37,14.11],[105.56,14.17],[105.91,13.93],[106.11,13.95],[106.17,14.08],[106,14.37],[106.41,14.46],[106.53,14.6],[106.85,14.3],[107.12,14.4],[107.55,14.71],[107.47,15.03],[107.62,15.06],[107.7,15.27],[107.18,15.77],[107.46,16.08],[106.99,16.3],[106.88,16.54],[106.68,16.46],[106.56,17],[106.44,16.99],[105.75,17.67],[105.5,18.17],[105.18,18.33],[105.1,18.47],[105.19,18.64],[103.88,19.31],[104.1,19.48],[104.04,19.69],[104.64,19.62],[104.98,20],[104.94,20.18],[104.38,20.45],[104.64,20.65],[104.1,20.98],[103.69,20.66],[103.18,20.84],[102.89,21.25],[102.97,21.75],[102.68,21.66],[102.6,21.93],[102.18,22.33],[102.15,22.39]]]}},{"type":"Feature","properties":{"NAME":"Vietnam","ABBREVN":"Vietnam","SUBJECTO":"Vietnam","BORDERPRECISION":3,"PARTOF":"Vietnam"},"geometry":{"type":"MultiPolygon","coordinates":[[[[104.08,10.22],[104.01,10.44],[103.85,10.37],[104.03,10.08],[104.08,10.22]]],[[[107.13,17.01],[106.42,17.74],[106.51,17.96],[105.88,18.5],[105.61,19],[105.81,19.27],[105.96,19.92],[106.53,20.24],[106.6,20.63],[106.78,20.7],[106.64,21.02],[106.79,21.03],[106.86,20.87],[106.88,20.99],[107.15,21.04],[107.07,20.95],[107.15,20.93],[107.37,21.03],[107.42,21.33],[107.59,21.29],[107.85,21.53],[108.06,21.49],[107.78,21.67],[107.38,21.6],[107.02,21.82],[107.02,21.94],[106.69,22.03],[106.55,22.46],[106.79,22.76],[106.7,22.87],[106.29,22.86],[106.13,22.99],[105.88,22.91],[105.36,23.32],[104.91,23.18],[104.73,22.82],[104.37,22.69],[104.26,22.83],[104.11,22.8],[103.97,22.5],[103.65,22.78],[103.51,22.59],[103.33,22.79],[103.03,22.44],[102.47,22.77],[102.15,22.39],[102.6,21.93],[102.68,21.66],[102.97,21.75],[102.89,21.25],[103.18,20.84],[103.69,20.66],[104.1,20.98],[104.64,20.65],[104.38,20.45],[104.62,20.42],[104.94,20.18],[104.98,20],[104.64,19.62],[104.04,19.69],[104.1,19.48],[103.88,19.31],[105.19,18.64],[105.1,18.47],[105.18,18.33],[105.5,18.17],[105.75,17.67],[106.44,16.99],[106.56,17],[106.68,16.46],[106.88,16.54],[106.99,16.3],[107.46,16.08],[107.18,15.77],[107.7,15.27],[107.62,15.06],[107.47,15.03],[107.56,14.66],[107.34,14.13],[107.63,13.54],[107.48,13.02],[107.55,12.36],[107.43,12.25],[107.19,12.29],[106.7,11.96],[106.42,11.97],[106.46,11.67],[106.04,11.78],[105.85,11.66],[105.87,11.3],[106.19,11.05],[106.2,10.77],[105.77,11.02],[105.36,10.88],[105.1,10.95],[105.09,10.71],[104.45,10.42],[104.61,10.17],[104.8,10.21],[105.11,9.95],[104.86,9.69],[104.8,8.79],[104.92,8.75],[104.74,8.61],[105.12,8.63],[105.53,9.13],[106.19,9.37],[106.19,9.56],[105.82,10],[106.4,9.53],[106.54,9.58],[106.57,9.74],[106.12,10.24],[106.67,9.84],[106.3,10.26],[106.6,9.97],[106.78,10.08],[106.42,10.31],[106.78,10.28],[106.73,10.47],[106.59,10.43],[106.76,10.68],[106.97,10.47],[107,10.66],[107.27,10.38],[108,10.7],[108.11,10.92],[109.02,11.36],[109.04,11.58],[109.21,11.7],[109.18,12.12],[109.27,11.89],[109.15,12.43],[109.34,12.37],[109.2,12.63],[109.46,12.9],[109.23,13.41],[109.22,13.82],[109.31,13.83],[108.83,15.42],[108.62,15.48],[108.29,15.98],[108.33,16.15],[108.2,16],[108.19,16.2],[107.81,16.31],[107.17,16.93],[107.13,17.01]]],[[[106.83,10.62],[106.75,10.66],[106.83,10.4],[106.85,10.61],[106.83,10.62]]],[[[107.07,20.73],[107.03,20.86],[106.91,20.83],[107.05,20.7],[107.07,20.73]]],[[[107.44,21.24],[107.38,21.05],[107.59,21.19],[107.47,21.27],[107.44,21.24]]]]}},{"type":"Feature","properties":{"NAME":"Federated Malay States","ABBREVN":"Federated Malay States","SUBJECTO":"Federated Malay States","BORDERPRECISION":3,"PARTOF":"Federated Malay States"},"geometry":{"type":"MultiPolygon","coordinates":[[[[104.16,2.71],[104.19,2.87],[104.14,2.73],[104.16,2.71]]],[[[101.57,5.26],[101.77,5.36],[101.57,5.92],[101.14,5.63],[101,5.78],[100.87,5.34],[100.63,5.12],[100.36,5.08],[100.61,4.8],[100.62,4.16],[100.87,4.02],[100.7,3.89],[101.31,3.23],[101.29,2.84],[101.99,2.4],[102.21,2.51],[102.59,2.43],[102.73,2.85],[103.12,2.55],[103.37,2.6],[103.64,2.47],[103.65,2.66],[103.43,2.96],[103.48,3.5],[103.34,3.74],[103.45,4.19],[103.34,4.18],[103.3,3.92],[102.94,4.09],[103.02,4.43],[102.66,4.76],[102.24,4.62],[101.96,4.76],[101.91,4.6],[101.81,4.76],[101.65,4.56],[101.41,4.6],[101.55,5.26],[101.57,5.26]]]]}},{"type":"Feature","properties":{"NAME":"Unfederated Malay States","ABBREVN":"Unfederated Malay States","SUBJECTO":"Unfederated Malay States","BORDERPRECISION":3,"PARTOF":"Unfederated Malay States"},"geometry":{"type":"MultiPolygon","coordinates":[[[[103.65,2.66],[103.64,2.47],[103.37,2.6],[103.17,2.53],[102.73,2.85],[102.5,2.22],[102.7,1.86],[103.35,1.55],[103.51,1.27],[103.68,1.45],[104,1.44],[103.96,1.64],[104.1,1.37],[104.28,1.37],[104.19,1.81],[103.73,2.64],[103.65,2.66]]],[[[102.22,6.22],[102.1,6.24],[101.83,5.74],[101.7,5.76],[101.77,5.36],[101.55,5.26],[101.36,4.67],[101.6,4.55],[101.81,4.76],[101.91,4.6],[101.96,4.76],[102.24,4.62],[102.66,4.76],[103.02,4.43],[102.94,4.09],[103.3,3.92],[103.34,4.18],[103.49,4.28],[103.41,4.86],[103.1,5.41],[102.51,5.87],[102.31,6.19],[102.22,6.22]]],[[[99.65,6.37],[99.74,6.25],[99.92,6.33],[99.85,6.46],[99.65,6.39],[99.65,6.37]]],[[[101,5.78],[101.11,6.25],[100.85,6.24],[100.75,6.5],[100.38,6.54],[100.19,6.7],[100.13,6.42],[100.35,6],[100.35,5.58],[100.56,5.56],[100.55,5.1],[100.87,5.34],[100.98,5.76],[101,5.78]]]]}},{"type":"Feature","properties":{"NAME":"Sabah","ABBREVN":"Sabah","SUBJECTO":"Sabah","BORDERPRECISION":3,"PARTOF":"Sabah"},"geometry":{"type":"MultiPolygon","coordinates":[[[[117.73,4.17],[117.9,4.17],[117.75,4.26],[117.69,4.17],[117.73,4.17]]],[[[118.6,4.64],[118.35,4.67],[118.57,4.6],[118.6,4.64]]],[[[117.44,6.63],[117.47,6.76],[117.34,6.67],[117.41,6.63],[117.44,6.63]]],[[[117.59,4.17],[117.69,4.37],[118,4.22],[118.54,4.35],[118.59,4.52],[118.14,4.89],[118.35,5.04],[118.71,4.95],[119.13,5.09],[119.28,5.35],[118.93,5.43],[118.37,5.81],[117.96,5.69],[117.91,5.8],[118.12,5.86],[118.01,6.06],[117.5,5.9],[117.68,6],[117.6,6.19],[117.74,6.39],[117.29,6.64],[117.15,7],[116.78,6.58],[116.86,6.8],[116.76,7.02],[116.5,6.49],[116.11,6.13],[115.85,5.56],[115.53,5.52],[115.36,5.32],[115.57,5.18],[115.77,4.24],[115.88,4.36],[117.25,4.36],[117.53,4.18],[117.59,4.17]]],[[[116.91,7.23],[117.01,7.35],[116.87,7.22],[116.91,7.23]]],[[[117.09,7.12],[117.28,7.24],[117.15,7.33],[117.07,7.11],[117.09,7.12]]]]}},{"type":"Feature","properties":{"NAME":"Sarawak","ABBREVN":"Sarawak","SUBJECTO":"Sarawak","BORDERPRECISION":3,"PARTOF":"Sarawak"},"geometry":{"type":"MultiPolygon","coordinates":[[[[111.41,2.38],[111.33,2.78],[111.37,2.36],[111.41,2.38]]],[[[115.77,4.24],[115.68,4.89],[115.53,5.04],[115.15,4.9],[115.35,4.31],[115.1,4.39],[115.02,4.9],[114.78,4.74],[114.87,4.36],[114.64,4.02],[114.24,4.53],[113.97,4.59],[113.93,4.24],[113,3.15],[111.66,2.85],[111.44,2.69],[111.45,2.37],[111.22,2.42],[111.17,2.15],[111.37,2.15],[111.21,2.07],[111,1.55],[111.37,1.34],[110.83,1.57],[110.69,1.44],[110.73,1.54],[110.34,1.8],[109.93,1.69],[109.66,1.91],[109.65,2.07],[109.55,1.91],[109.7,1.58],[110.57,0.85],[111.21,1.07],[111.83,1],[112.13,1.15],[112.2,1.45],[112.47,1.57],[112.98,1.58],[113.64,1.23],[113.97,1.45],[114.56,1.43],[114.86,1.92],[114.79,2.22],[115.24,2.53],[115.08,2.61],[115.14,2.91],[115.5,3.05],[115.69,4.17],[115.77,4.24]]]]}},{"type":"Feature","properties":{"NAME":"Straits Settlements","ABBREVN":"Straits Settlements","SUBJECTO":"Straits Settlements","BORDERPRECISION":3,"PARTOF":"Straits Settlements"},"geometry":{"type":"MultiPolygon","coordinates":[[[[103.64,1.32],[103.99,1.35],[103.68,1.4],[103.64,1.32]]],[[[102.59,2.43],[102.21,2.51],[102.01,2.42],[102.49,2.09],[102.57,2.41],[102.59,2.43]]],[[[100.3,5.45],[100.19,5.46],[100.2,5.27],[100.29,5.25],[100.32,5.43],[100.3,5.45]]],[[[100.55,5.13],[100.56,5.56],[100.35,5.58],[100.4,5.12],[100.52,5.12],[100.55,5.13]]]]}},{"type":"Feature","properties":{"NAME":"Brunei","ABBREVN":"Brunei","SUBJECTO":"Brunei","BORDERPRECISION":3,"PARTOF":"Brunei"},"geometry":{"type":"MultiPolygon","coordinates":[[[[115.09,4.41],[115.36,4.34],[115.15,4.9],[115.03,4.65],[115.09,4.41]]],[[[114.16,4.59],[114.64,4.02],[114.87,4.36],[114.78,4.74],[115.1,5.04],[114.19,4.59],[114.16,4.59]]]]}},{"type":"Feature","properties":{"NAME":"Philippines","ABBREVN":"Philippines","SUBJECTO":"Philippines","BORDERPRECISION":3,"PARTOF":"Philippines"},"geometry":{"type":"MultiPolygon","coordinates":[[[[120.25,5.23],[120.21,5.35],[119.82,5.14],[119.84,5.05],[120.04,5.18],[120.23,5.13],[120.25,5.23]]],[[[121.43,5.95],[121.12,6.09],[120.89,6],[120.93,5.89],[121.39,5.92],[121.43,5.95]]],[[[120.57,6.25],[120.6,6.39],[120.54,6.24],[120.57,6.25]]],[[[122.23,6.66],[122.02,6.75],[121.79,6.6],[121.97,6.41],[122.24,6.59],[122.23,6.66]]],[[[125.68,7.14],[125.79,6.93],[125.71,7.19],[125.68,7.14]]],[[[122.9,7.44],[122.81,7.29],[122.93,7.42],[122.9,7.44]]],[[[117.06,7.84],[117.08,8.06],[116.96,8.06],[117.02,7.81],[117.06,7.84]]],[[[117.33,8.19],[117.32,8.33],[117.29,8.18],[117.33,8.19]]],[[[124.81,9.11],[124.65,9.24],[124.78,9.08],[124.81,9.11]]],[[[123.67,9.23],[123.6,9.3],[123.46,9.18],[123.71,9.14],[123.67,9.23]]],[[[125.97,9.57],[125.91,9.75],[125.95,9.56],[125.97,9.57]]],[[[125.64,7.09],[125.69,7.28],[125.86,7.35],[126.19,6.27],[126.26,6.75],[126.17,6.88],[126.21,6.95],[126.35,6.8],[126.28,6.92],[126.56,7.2],[126.6,7.48],[126.36,7.9],[126.46,8.23],[126.33,8.24],[126.39,8.51],[126.08,8.61],[126.33,8.82],[126.19,9.24],[126.05,9.23],[125.92,9.49],[125.46,9.81],[125.39,9.65],[125.52,9.01],[125.28,8.99],[125.12,8.83],[124.81,9],[124.71,8.47],[124.43,8.62],[124.22,8.21],[123.67,7.95],[123.87,8.16],[123.84,8.43],[123.69,8.63],[123.39,8.73],[123.29,8.51],[123.03,8.49],[122.91,8.14],[122.23,7.96],[121.9,7.15],[121.94,6.96],[122.19,6.95],[122.34,7.44],[122.62,7.77],[122.81,7.75],[122.81,7.44],[122.99,7.46],[123.12,7.73],[123.12,7.5],[123.3,7.53],[123.41,7.36],[123.33,7.56],[123.47,7.65],[123.46,7.81],[123.68,7.81],[124.27,7.37],[123.95,6.82],[124.18,6.21],[124.96,5.85],[125.08,5.87],[125.15,6.1],[125.27,6.09],[125.18,5.84],[125.32,5.57],[125.69,5.97],[125.59,6.48],[125.39,6.6],[125.39,6.79],[125.6,7.04],[125.64,7.09]]],[[[126.11,9.74],[126.07,10.05],[125.95,9.83],[126.03,9.74],[126.11,9.74]]],[[[125.3,9.92],[125.12,10.15],[125.28,9.91],[125.3,9.92]]],[[[124.47,10.06],[124.15,10.15],[123.79,9.84],[123.86,9.64],[124.29,9.6],[124.58,9.73],[124.49,10.05],[124.47,10.06]]],[[[125.67,9.83],[125.64,10.47],[125.48,10.1],[125.65,9.82],[125.67,9.83]]],[[[119.88,10.46],[120,10.6],[119.84,10.61],[119.75,10.53],[119.82,10.44],[119.88,10.46]]],[[[122.57,10.43],[122.73,10.62],[122.66,10.75],[122.48,10.48],[122.54,10.4],[122.57,10.43]]],[[[125.81,10.69],[125.71,10.82],[125.76,10.69],[125.81,10.69]]],[[[123.21,9.98],[123.56,10.84],[123.22,11],[122.95,10.89],[122.86,10.1],[122.45,9.97],[122.41,9.66],[122.87,9.32],[122.94,9.07],[123.13,9.05],[123.31,9.3],[123.11,9.63],[123.19,9.95],[123.21,9.98]]],[[[123.35,9.42],[123.64,10.07],[124.02,10.39],[124.01,11.27],[123.37,9.99],[123.33,9.41],[123.35,9.42]]],[[[119.51,11.34],[119.42,11.03],[119.33,11.1],[119.3,11.01],[119.46,10.72],[119.22,10.96],[119.31,10.58],[119.13,10.38],[119.01,10.44],[118.8,10.03],[118.76,10.12],[118.13,9.35],[117.66,9.08],[117.26,8.61],[117.18,8.33],[118.46,9.3],[118.75,9.65],[118.75,9.93],[119.2,10.05],[119.33,10.31],[119.72,10.51],[119.48,10.88],[119.53,11.32],[119.51,11.34]]],[[[119.86,11.41],[119.85,11.52],[119.71,11.47],[119.83,11.38],[119.86,11.41]]],[[[124.58,11.31],[124.29,11.53],[124.4,10.97],[124.49,10.86],[124.6,11.01],[124.78,10.79],[124.76,10.2],[124.98,10.04],[124.98,10.37],[125.12,10.18],[125.26,10.38],[125.02,10.74],[124.95,11.42],[124.64,11.29],[124.58,11.31]]],[[[124.58,11.47],[124.42,11.71],[124.34,11.68],[124.49,11.46],[124.58,11.47]]],[[[124.8,11.54],[124.73,11.73],[124.77,11.57],[124.8,11.54]]],[[[122.23,11.8],[121.95,11.93],[121.85,11.76],[122.1,11.71],[121.92,10.43],[122.73,10.8],[122.73,10.94],[123.12,11.17],[123.15,11.6],[122.88,11.43],[122.83,11.61],[122.59,11.52],[122.41,11.7],[122.23,11.8]]],[[[120,11.67],[120.07,11.87],[119.91,11.98],[119.96,11.66],[120,11.67]]],[[[120.17,12.12],[119.89,12.33],[119.97,12.02],[120.34,11.99],[120.19,12.12],[120.17,12.12]]],[[[122.68,12.31],[122.67,12.48],[122.43,12.46],[122.64,12.26],[122.68,12.31]]],[[[124.9,11.57],[124.85,11.46],[125.27,11.13],[125.66,11.13],[125.76,11.02],[125.54,11.19],[125.64,11.35],[125.45,11.59],[125.52,12.17],[125.3,12.29],[125.15,12.58],[124.26,12.55],[124.39,12.19],[125.04,11.75],[124.93,11.57],[124.9,11.57]]],[[[123.88,12.22],[123.25,12.61],[123.3,12.24],[123.14,11.93],[123.54,12.21],[124.07,11.72],[123.91,12.19],[123.88,12.22]]],[[[123.8,12.37],[123.72,12.61],[123.58,12.65],[123.79,12.34],[123.8,12.37]]],[[[122.05,12.18],[122.14,12.64],[122,12.6],[121.92,12.29],[122.02,12.09],[122.05,12.18]]],[[[123.38,12.72],[123.05,13.14],[122.93,13.11],[123.38,12.69],[123.38,12.72]]],[[[120.72,13.48],[120.3,13.44],[120.69,13.14],[120.8,12.72],[121.12,12.25],[121.44,12.35],[121.56,12.6],[121.5,13.15],[120.99,13.52],[120.74,13.47],[120.72,13.48]]],[[[122.06,13.24],[122.13,13.45],[121.87,13.54],[121.84,13.33],[122.03,13.2],[122.06,13.24]]],[[[120.28,13.69],[120.08,13.85],[120.27,13.67],[120.28,13.69]]],[[[124.29,13.95],[124.21,14.1],[124.13,14.05],[124.05,13.61],[124.32,13.55],[124.42,13.85],[124.31,13.93],[124.29,13.95]]],[[[122.19,14.01],[121.95,14.22],[122.17,14],[122.19,14.01]]],[[[122.26,14.78],[122.1,14.84],[122.25,14.72],[122.26,14.78]]],[[[122.05,15],[121.94,15.06],[121.81,14.95],[121.94,14.63],[122.05,14.97],[122.05,15]]],[[[121.26,18.57],[120.87,18.61],[120.57,18.49],[120.34,17.56],[120.46,17.41],[120.32,16.63],[120.4,16.12],[120.13,16.05],[119.89,16.4],[119.76,16.17],[120.09,14.78],[120.25,14.85],[120.39,14.47],[120.55,14.42],[120.56,14.83],[120.96,14.64],[120.99,14.49],[120.59,14.22],[120.66,13.77],[120.72,13.93],[120.89,13.9],[121.06,13.66],[121.28,13.59],[121.47,13.83],[121.82,13.94],[122.4,13.52],[122.6,13.16],[122.7,13.25],[122.48,13.7],[122.56,13.94],[123.2,13.42],[123.32,13.01],[123.73,12.85],[124.03,12.96],[123.84,12.83],[123.99,12.54],[124.1,12.55],[124.2,13.04],[123.9,13.14],[123.76,13.06],[123.85,13.26],[123.55,13.67],[123.97,13.74],[123.34,14.09],[123.23,14],[123.32,13.79],[123.1,13.67],[123.04,14.07],[122.77,14.32],[122.47,14.34],[122.31,14.1],[122.26,14.24],[122.17,14.14],[122.31,14.02],[122.23,13.9],[121.73,14.18],[121.61,14.6],[121.7,14.7],[121.38,15.35],[121.64,15.71],[121.55,15.89],[122.1,16.26],[122,16.03],[122.2,16.23],[122.53,17.1],[122.17,17.59],[122.17,18.08],[122.34,18.28],[122.23,18.52],[121.97,18.27],[121.38,18.49],[121.26,18.57]]],[[[121.88,18.83],[122,18.96],[121.91,19.01],[121.85,18.82],[121.88,18.83]]],[[[121.54,19.27],[121.53,19.39],[121.4,19.39],[121.51,19.25],[121.54,19.27]]]]}},{"type":"Feature","properties":{"NAME":"Indonesia","ABBREVN":"Indonesia","SUBJECTO":"Indonesia","BORDERPRECISION":3,"PARTOF":"Indonesia"},"geometry":{"type":"MultiPolygon","coordinates":[[[[121.87,-10.61],[121.99,-10.52],[121.92,-10.42],[121.69,-10.57],[121.85,-10.61],[121.87,-10.61]]],[[[123.41,-10.34],[123.45,-10.14],[123.32,-10.34],[123.41,-10.34]]],[[[120.03,-9.38],[119.94,-9.29],[119.81,-9.39],[119.28,-9.36],[118.93,-9.56],[119.12,-9.73],[119.63,-9.77],[120.16,-10.23],[120.49,-10.26],[120.7,-10.22],[120.83,-10.01],[120.06,-9.42],[120.03,-9.38]]],[[[124.97,-9.04],[124.95,-8.95],[124.46,-9.18],[124.34,-9.46],[124,-9.35],[123.67,-9.63],[123.58,-10.04],[123.76,-10.09],[123.49,-10.32],[123.81,-10.38],[124.11,-10.18],[124.43,-10.17],[124.97,-9.66],[125.13,-9.44],[124.97,-9.22],[125.17,-9.11],[125.02,-9.03],[124.97,-9.04]]],[[[115.59,-8.8],[115.57,-8.67],[115.47,-8.73],[115.56,-8.8],[115.59,-8.8]]],[[[119.72,-8.78],[119.63,-8.6],[119.68,-8.8],[119.72,-8.78]]],[[[119.46,-8.43],[119.38,-8.74],[119.59,-8.56],[119.5,-8.49],[119.46,-8.43]]],[[[122.97,-8.57],[123.18,-8.45],[122.91,-8.51],[122.93,-8.61],[122.97,-8.57]]],[[[123.28,-8.41],[123.35,-8.28],[123.22,-8.23],[123.04,-8.33],[123.09,-8.42],[123.28,-8.41]]],[[[116.55,-8.77],[116.74,-8.4],[116.38,-8.21],[116.1,-8.41],[116.07,-8.73],[115.84,-8.76],[116,-8.9],[116.56,-8.86],[116.55,-8.77]]],[[[123.76,-8.33],[123.94,-8.26],[123.79,-8.18],[123.59,-8.38],[123.53,-8.24],[123.36,-8.31],[123.48,-8.35],[123.23,-8.55],[123.54,-8.57],[123.67,-8.43],[123.76,-8.33]]],[[[124.29,-8.32],[124.25,-8.19],[123.91,-8.45],[124.07,-8.56],[124.19,-8.5],[124.29,-8.32]]],[[[129.03,-8.24],[128.83,-8.2],[129.01,-8.27],[129.03,-8.24]]],[[[138.88,-8.41],[138.81,-8.16],[138.54,-8.35],[138.85,-8.41],[138.88,-8.41]]],[[[117.56,-8.38],[117.69,-8.18],[117.55,-8.15],[117.53,-8.39],[117.56,-8.38]]],[[[119.09,-8.26],[119.06,-8.14],[119.07,-8.27],[119.09,-8.26]]],[[[124.67,-8.17],[124.45,-8.15],[124.34,-8.42],[124.42,-8.47],[125.13,-8.35],[125.09,-8.16],[124.86,-8.18],[124.67,-8.17]]],[[[127.84,-8.1],[127.81,-8.19],[128.03,-8.27],[128.12,-8.17],[127.86,-8.11],[127.84,-8.1]]],[[[130.82,-8.35],[131.16,-8.16],[131.03,-8.08],[130.8,-8.35],[130.82,-8.35]]],[[[118.26,-8.35],[118.13,-8.12],[117.72,-8.17],[117.83,-8.37],[118.28,-8.59],[117.98,-8.75],[117.56,-8.41],[117.12,-8.38],[116.8,-8.59],[116.8,-9.04],[117.05,-9.11],[118.17,-8.87],[118.41,-8.59],[118.46,-8.87],[118.94,-8.84],[118.7,-8.75],[118.9,-8.69],[119.15,-8.75],[119,-8.32],[118.77,-8.31],[118.66,-8.55],[118.65,-8.3],[118.47,-8.25],[118.32,-8.37],[118.26,-8.35]]],[[[122.98,-8.15],[122.8,-8.11],[122.74,-8.23],[122.89,-8.18],[122.89,-8.28],[122.29,-8.64],[122.04,-8.44],[121.64,-8.47],[121.51,-8.61],[120.92,-8.35],[120.27,-8.27],[119.8,-8.57],[119.8,-8.75],[119.89,-8.85],[120.54,-8.79],[121.01,-8.95],[121.35,-8.91],[121.39,-8.8],[121.76,-8.89],[122.8,-8.62],[122.8,-8.44],[123.03,-8.3],[122.98,-8.15]]],[[[115.5,-8.18],[115.2,-8.06],[114.99,-8.19],[114.45,-8.1],[114.61,-8.4],[115.15,-8.66],[115.1,-8.85],[115.71,-8.4],[115.53,-8.19],[115.5,-8.18]]],[[[129.85,-7.95],[129.82,-7.82],[129.59,-7.82],[129.76,-8.06],[129.85,-7.95]]],[[[126.73,-7.67],[126.62,-7.57],[126.19,-7.72],[125.97,-7.66],[125.8,-8.02],[126.12,-7.88],[126.42,-7.93],[126.77,-7.67],[126.73,-7.67]]],[[[127.45,-7.61],[127.37,-7.51],[127.39,-7.65],[127.45,-7.61]]],[[[131.13,-7.46],[131.01,-7.42],[131.07,-7.51],[131.13,-7.46]]],[[[138.6,-8.26],[138.88,-8.04],[139.04,-7.61],[138.7,-7.36],[138.07,-7.57],[137.64,-8.44],[138.45,-8.38],[138.6,-8.26]]],[[[131.74,-7.21],[131.58,-7.12],[131.24,-7.49],[131.08,-7.87],[131.11,-8],[131.3,-8.03],[131.63,-7.63],[131.7,-7.23],[131.74,-7.21]]],[[[131.92,-7.11],[131.73,-7.16],[131.98,-7.18],[131.92,-7.11]]],[[[128.65,-7.21],[128.62,-7.06],[128.53,-7.13],[128.63,-7.22],[128.65,-7.21]]],[[[114.42,-7.17],[114.33,-7.06],[114.4,-7.18],[114.42,-7.17]]],[[[120.68,-7.04],[120.67,-7.15],[120.75,-7.08],[120.68,-7.04]]],[[[113.99,-6.88],[112.84,-6.91],[112.69,-7.05],[112.74,-7.16],[113.5,-7.23],[114.1,-6.93],[113.99,-6.88]]],[[[115.29,-6.84],[115.21,-6.93],[115.3,-7.01],[115.57,-6.92],[115.32,-6.84],[115.29,-6.84]]],[[[138.75,-6.87],[138.63,-6.73],[138.73,-6.87],[138.75,-6.87]]],[[[105.25,-6.64],[105.19,-6.55],[105.19,-6.68],[105.25,-6.64]]],[[[134.6,-6.42],[134.45,-6.29],[134.35,-6.36],[134.54,-6.53],[134.6,-6.44],[134.6,-6.42]]],[[[134.2,-6.92],[134.51,-6.6],[134.11,-6.17],[134.05,-6.77],[134.18,-6.92],[134.2,-6.92]]],[[[134.16,-6.04],[134.13,-6.15],[134.4,-6.28],[134.16,-6.05],[134.16,-6.04]]],[[[134.67,-6.34],[134.77,-6.1],[134.64,-5.95],[134.31,-6.04],[134.33,-6.22],[134.61,-6.37],[134.67,-6.34]]],[[[106.16,-6.01],[106.01,-5.91],[105.8,-6.47],[105.63,-6.47],[105.48,-6.82],[105.32,-6.72],[105.24,-6.81],[106.02,-6.83],[106.51,-6.98],[106.42,-7.37],[107.47,-7.5],[108.14,-7.78],[108.47,-7.81],[108.52,-7.7],[108.88,-7.64],[109.29,-7.7],[110.72,-8.2],[111.65,-8.36],[111.79,-8.26],[112.65,-8.43],[113.23,-8.28],[114.59,-8.78],[114.37,-8.52],[114.47,-7.88],[114.37,-7.76],[114.03,-7.61],[113.3,-7.79],[113.11,-7.72],[112.78,-7.54],[112.83,-7.29],[112.6,-7.2],[112.68,-7.17],[112.56,-6.91],[112.08,-6.91],[111.49,-6.63],[111.15,-6.7],[110.93,-6.41],[110.73,-6.46],[110.58,-6.83],[110.35,-6.98],[108.71,-6.81],[108.31,-6.26],[108.09,-6.34],[107.64,-6.25],[107.3,-5.95],[107.02,-5.92],[106.99,-6.08],[106.8,-6.1],[106.29,-5.94],[106.18,-6.02],[106.16,-6.01]]],[[[120.5,-6.43],[120.56,-6.01],[120.46,-5.79],[120.48,-6.48],[120.5,-6.43]]],[[[112.69,-5.85],[112.69,-5.73],[112.62,-5.86],[112.69,-5.85]]],[[[132.78,-5.93],[132.81,-5.8],[132.63,-5.62],[132.74,-5.95],[132.78,-5.93]]],[[[134.68,-5.59],[134.49,-5.44],[134.36,-5.71],[134.21,-5.74],[134.38,-5.81],[134.33,-6.03],[134.72,-5.98],[134.72,-5.74],[134.68,-5.59]]],[[[132.96,-5.87],[133.19,-5.35],[133.12,-5.3],[132.84,-6],[132.96,-5.87]]],[[[102.4,-5.4],[102.1,-5.34],[102.38,-5.49],[102.4,-5.4]]],[[[123.63,-5.37],[123.54,-5.25],[123.61,-5.38],[123.63,-5.37]]],[[[122.03,-5.47],[122.06,-5.23],[121.91,-5.06],[121.81,-5.27],[121.96,-5.48],[122.03,-5.47]]],[[[122.73,-4.64],[122.37,-4.76],[122.4,-5.07],[122.27,-5.33],[122.6,-5.42],[122.75,-4.75],[122.73,-4.64]]],[[[123.21,-4.7],[123.06,-4.38],[122.91,-4.47],[122.78,-5.13],[122.57,-5.51],[122.66,-5.69],[122.8,-5.69],[122.9,-5.44],[123.17,-5.36],[122.98,-5.03],[123.05,-4.76],[123.14,-4.71],[123.2,-4.84],[123.22,-4.75],[123.21,-4.7]]],[[[133.57,-4.25],[133.32,-4.16],[133.61,-4.3],[133.57,-4.25]]],[[[123.09,-4.01],[122.95,-4.05],[123.07,-4.24],[123.26,-4.09],[123.11,-4.01],[123.09,-4.01]]],[[[128.52,-3.62],[128.44,-3.52],[128.39,-3.64],[128.52,-3.62]]],[[[128.34,-3.62],[128.28,-3.51],[127.92,-3.68],[127.95,-3.77],[128.28,-3.69],[128.34,-3.62]]],[[[128.62,-3.52],[128.63,-3.63],[128.67,-3.54],[128.62,-3.52]]],[[[116.4,-3.62],[116.36,-3.44],[116.39,-3.64],[116.4,-3.62]]],[[[127.64,-3.36],[127.52,-3.26],[127.62,-3.37],[127.64,-3.36]]],[[[116.12,-4.04],[116.31,-3.91],[116.27,-3.23],[116.01,-3.63],[116.09,-4.05],[116.12,-4.04]]],[[[127.78,-3.25],[127.76,-3.15],[127.7,-3.25],[127.78,-3.25]]],[[[126.99,-3.14],[126.61,-3.06],[126.02,-3.15],[126.04,-3.43],[126.24,-3.62],[126.69,-3.83],[127.22,-3.65],[127.26,-3.38],[127.05,-3.33],[127.08,-3.2],[126.99,-3.14]]],[[[106.89,-3.02],[106.82,-2.9],[106.72,-2.97],[106.85,-3.03],[106.89,-3.02]]],[[[129.8,-2.91],[129.53,-2.78],[129.13,-2.96],[128.17,-2.86],[127.86,-3.19],[127.91,-3.55],[128.18,-3.07],[128.47,-3.46],[128.88,-3.21],[128.97,-3.35],[129.52,-3.47],[129.52,-3.3],[129.89,-3.33],[130.83,-3.87],[130.83,-3.45],[130.67,-3.41],[130.59,-3.14],[130.38,-2.99],[129.99,-2.99],[129.8,-2.91]]],[[[100.46,-3.13],[100.21,-2.78],[100.2,-2.99],[100.44,-3.32],[100.42,-3.14],[100.46,-3.13]]],[[[107.83,-2.53],[107.65,-2.59],[107.64,-3.23],[107.87,-3.05],[107.98,-3.25],[108.2,-3.12],[108.26,-2.75],[108,-2.58],[107.83,-2.53]]],[[[100.14,-2.82],[100.21,-2.7],[100,-2.49],[100.03,-2.84],[100.14,-2.82]]],[[[99.85,-2.34],[99.63,-2.02],[99.53,-2.15],[99.86,-2.37],[99.85,-2.34]]],[[[126.07,-2.47],[126,-2.02],[125.9,-1.98],[126.05,-2.48],[126.07,-2.47]]],[[[125.44,-1.81],[125.34,-1.88],[125.47,-1.94],[126.33,-1.84],[125.65,-1.82],[125.44,-1.81]]],[[[130.19,-2.06],[130.43,-1.98],[130.32,-1.68],[129.72,-1.88],[130.12,-2.07],[130.19,-2.06]]],[[[124.96,-1.7],[124.4,-1.66],[124.41,-2.02],[125.32,-1.89],[125.29,-1.73],[125.01,-1.72],[124.96,-1.7]]],[[[136.29,-1.69],[135.42,-1.61],[136.22,-1.87],[136.87,-1.82],[136.46,-1.72],[136.29,-1.69]]],[[[108.93,-1.64],[108.8,-1.56],[108.84,-1.67],[108.93,-1.64]]],[[[106.09,-1.77],[105.89,-1.49],[105.71,-1.55],[105.81,-1.79],[105.71,-1.78],[105.58,-1.53],[105.39,-1.61],[105.39,-1.82],[105.14,-1.95],[105.14,-2.08],[105.75,-2.13],[105.97,-2.81],[106.72,-3.1],[106.6,-2.92],[106.78,-2.59],[106.32,-2.43],[106.14,-1.85],[106.09,-1.77]]],[[[127.88,-1.43],[127.64,-1.33],[127.44,-1.42],[127.38,-1.64],[127.5,-1.73],[128.06,-1.72],[128.11,-1.56],[127.88,-1.43]]],[[[127.61,-1.26],[127.55,-1.17],[127.49,-1.27],[127.61,-1.26]]],[[[123.19,-1.3],[123.19,-1.15],[122.92,-1.18],[122.8,-1.43],[122.91,-1.59],[123.13,-1.33],[123.17,-1.62],[123.29,-1.42],[123.41,-1.52],[123.53,-1.44],[123.54,-1.28],[123.4,-1.22],[123.23,-1.4],[123.19,-1.3]]],[[[129.93,-1.21],[129.87,-1.14],[129.74,-1.21],[129.83,-1.24],[129.93,-1.21]]],[[[109.62,-0.98],[109.45,-1.05],[109.46,-1.29],[109.78,-1.13],[109.67,-1.01],[109.62,-0.98]]],[[[134.92,-1.14],[134.99,-1.03],[134.88,-0.94],[134.87,-1.14],[134.92,-1.14]]],[[[98.93,-0.95],[98.66,-0.97],[98.6,-1.22],[98.88,-1.68],[99.11,-1.81],[99.25,-1.77],[99.2,-1.63],[99.3,-1.71],[98.99,-1.11],[98.93,-0.95]]],[[[130.89,-0.89],[130.64,-0.98],[130.76,-1.24],[131,-1.33],[131.07,-0.97],[130.93,-0.94],[130.89,-0.89]]],[[[130.92,-0.79],[130.4,-0.92],[130.89,-0.84],[130.92,-0.79]]],[[[135.48,-0.67],[135.37,-0.67],[135.46,-0.8],[135.77,-0.84],[135.88,-1.19],[136.13,-1.23],[136.37,-1.09],[136.19,-1.06],[135.85,-0.7],[135.55,-0.68],[135.48,-0.67]]],[[[127.32,-0.79],[127.23,-0.61],[127.15,-0.75],[127.28,-0.81],[127.32,-0.79]]],[[[130.6,-0.54],[130.62,-0.41],[130.46,-0.47],[130.58,-0.54],[130.6,-0.54]]],[[[121.91,-0.47],[121.74,-0.42],[121.64,-0.53],[121.91,-0.5],[121.91,-0.47]]],[[[141,-2.61],[140.73,-2.64],[140.74,-2.5],[140.16,-2.33],[139.8,-2.37],[137.85,-1.47],[137.14,-1.79],[137.18,-2.11],[136.36,-2.25],[136.27,-2.56],[136.03,-2.7],[135.77,-3.12],[135.49,-3.36],[135.12,-3.37],[134.88,-3.25],[134.85,-2.9],[134.7,-2.98],[134.64,-2.52],[134.48,-2.54],[134.48,-2.87],[134.16,-2.32],[134.09,-1.67],[134.28,-1.35],[133.99,-0.73],[133.43,-0.74],[132.71,-0.37],[132.27,-0.38],[131.87,-0.7],[131.26,-0.82],[131.25,-1.1],[130.96,-1.4],[131.21,-1.53],[131.32,-1.48],[131.27,-1.38],[131.88,-1.64],[132.04,-2.09],[132.33,-2.27],[133.65,-2.24],[133.93,-2.1],[133.79,-2.25],[133.95,-2.21],[133.96,-2.33],[133.78,-2.48],[133.82,-2.66],[133.71,-2.52],[133.68,-2.72],[133.65,-2.54],[133.25,-2.42],[132.72,-2.82],[132.32,-2.68],[131.96,-2.78],[132.09,-2.97],[132.47,-3.04],[132.66,-3.32],[132.8,-3.28],[132.93,-3.55],[132.75,-3.72],[132.91,-4.09],[133.23,-4.08],[133.45,-3.86],[133.39,-3.75],[133.59,-3.57],[133.65,-3.15],[133.83,-2.96],[133.64,-3.51],[133.92,-3.75],[134.13,-3.75],[134.21,-3.96],[134.97,-3.94],[134.68,-3.95],[134.64,-4.12],[135.2,-4.46],[135.93,-4.5],[138.07,-5.41],[138.08,-5.74],[138.35,-5.68],[138.17,-5.79],[138.3,-5.86],[138.46,-6.4],[138.69,-6.72],[139.19,-6.97],[138.91,-6.84],[138.56,-6.92],[138.85,-7.15],[139.22,-7.16],[138.66,-7.21],[139.1,-7.58],[138.84,-8.13],[138.92,-8.3],[139.22,-8.09],[139.37,-8.21],[139.97,-8.1],[140.15,-7.89],[139.97,-8.18],[141.01,-9.13],[141,-6.9],[140.86,-6.73],[141.01,-6.33],[141.01,-4.91],[141,-2.61]]],[[[104.59,-0.48],[104.47,-0.34],[104.28,-0.4],[104.34,-0.58],[104.5,-0.62],[104.59,-0.48]]],[[[122.01,-0.41],[121.95,-0.31],[121.92,-0.42],[122.01,-0.41]]],[[[127.57,-0.32],[127.32,-0.34],[127.29,-0.46],[127.46,-0.81],[127.89,-0.81],[127.6,-0.63],[127.66,-0.42],[127.57,-0.32]]],[[[127.18,-0.53],[127.24,-0.26],[127.11,-0.29],[127.16,-0.53],[127.18,-0.53]]],[[[98.5,-0.54],[98.43,-0.25],[98.38,-0.57],[98.5,-0.54]]],[[[103.76,-0.34],[103.53,-0.24],[103.46,-0.36],[103.62,-0.39],[103.76,-0.34]]],[[[130.88,-0.02],[130.22,-0.21],[130.51,-0.25],[130.54,-0.37],[130.68,-0.3],[130.76,-0.45],[130.94,-0.36],[130.61,-0.09],[130.98,-0.36],[131.3,-0.33],[131.3,-0.17],[131.04,-0.07],[130.88,-0.02]]],[[[98.56,-0.3],[98.3,-0.01],[98.55,-0.38],[98.56,-0.3]]],[[[104.74,-0.13],[104.53,0.01],[104.44,-0.21],[104.93,-0.33],[104.82,-0.19],[104.74,-0.13]]],[[[129.55,-0.21],[129.3,0.04],[129.54,-0.22],[129.55,-0.21]]],[[[98.83,0.11],[98.53,0.1],[98.84,0.09],[98.83,0.11]]],[[[104.71,0.04],[104.49,0.23],[104.7,0.02],[104.71,0.04]]],[[[103.28,0.53],[103.2,0.7],[103.18,0.51],[103.28,0.53]]],[[[103.46,0.66],[103.38,0.89],[103.43,0.65],[103.46,0.66]]],[[[104.24,0.82],[104.11,0.95],[104.18,0.79],[104.24,0.82]]],[[[103.44,0.99],[103.38,1.13],[103.31,1.07],[103.41,0.99],[103.44,0.99]]],[[[102.62,0.99],[102.47,1.11],[102.46,0.82],[103.02,0.69],[103.01,0.85],[102.65,0.99],[102.62,0.99]]],[[[103.04,1.04],[102.81,1.16],[102.66,1.05],[103.11,0.83],[103.05,1.02],[103.04,1.04]]],[[[104.08,0.99],[104.09,1.19],[103.9,1.09],[104.03,0.98],[104.08,0.99]]],[[[104.67,1.03],[104.41,1.2],[104.23,1.09],[104.56,0.82],[104.65,0.99],[104.67,1.03]]],[[[102.4,0.93],[102.48,1.23],[102.21,1.4],[102.23,1.1],[102.38,0.92],[102.4,0.93]]],[[[97.52,1.42],[97.4,1.5],[97.11,1.39],[97.81,0.55],[97.94,0.97],[97.53,1.4],[97.52,1.42]]],[[[102.5,1.44],[101.99,1.61],[102.46,1.27],[102.5,1.35],[102.5,1.44]]],[[[125.14,1.42],[125.25,1.49],[125.17,1.64],[124.97,1.69],[124.83,1.46],[124.56,1.37],[124.58,1.18],[124.36,1.17],[124.29,1.01],[123.91,0.83],[123.2,0.96],[122.85,0.81],[122.41,1.01],[121.56,1.06],[121.38,1.25],[120.96,1.34],[120.82,1.32],[120.8,1.07],[120.56,0.77],[120.28,0.99],[120.22,0.8],[120.03,0.71],[120.03,0.52],[119.78,0.22],[119.86,-0.04],[119.62,-0.02],[119.8,-0.12],[119.75,-0.49],[119.87,-0.83],[119.72,-0.65],[119.52,-0.87],[119.31,-1.27],[119.35,-1.95],[119.21,-2.02],[119.14,-2.45],[118.76,-2.77],[118.89,-2.89],[118.93,-3.57],[119.29,-3.43],[119.51,-3.53],[119.45,-3.7],[119.62,-4.34],[119.35,-5.4],[119.78,-5.71],[119.93,-5.56],[120.33,-5.51],[120.46,-5.62],[120.27,-5.16],[120.42,-4.68],[120.41,-3.26],[120.2,-2.96],[120.69,-2.64],[121.08,-2.76],[121.07,-3.21],[120.88,-3.54],[121.62,-4.07],[121.48,-4.57],[121.55,-4.75],[122.08,-4.84],[122.1,-4.53],[122.9,-4.39],[122.86,-4.08],[122.69,-4.15],[122.6,-3.88],[122.2,-3.59],[122.47,-3.17],[122.27,-3.04],[122.31,-2.91],[121.29,-1.84],[121.67,-1.92],[121.84,-1.69],[122.38,-1.49],[122.82,-0.91],[123.15,-0.9],[123.33,-1.06],[123.45,-0.84],[123.41,-0.65],[123.06,-0.56],[122.73,-0.66],[122.92,-0.76],[122.22,-0.76],[122.11,-0.93],[121.73,-0.95],[121.62,-0.8],[121.11,-1.41],[120.67,-1.4],[120.5,-0.98],[120.27,-0.92],[120.07,-0.61],[120.02,-0.07],[120.24,0.35],[120.55,0.54],[121.08,0.41],[121.54,0.54],[121.86,0.42],[123.07,0.51],[123.27,0.31],[123.65,0.28],[124.24,0.37],[124.9,0.97],[125.1,1.37],[125.14,1.42]]],[[[98.58,1.62],[98.46,1.71],[98.57,1.62],[98.58,1.62]]],[[[101.61,1.71],[101.78,1.97],[101.66,2.12],[101.4,1.99],[101.57,1.71],[101.61,1.71]]],[[[127.87,1.81],[128.05,2.19],[127.65,1.87],[127.39,1.06],[127.62,0.82],[127.52,0.6],[127.69,0.2],[127.66,-0.22],[128.25,-0.87],[128.4,-0.89],[127.89,-0.03],[127.91,0.44],[128.45,0.4],[128.9,0.2],[128.68,0.36],[128.67,0.55],[128.21,0.78],[128.7,1.1],[128.71,1.57],[128.21,1.4],[128.17,1.13],[127.97,1.07],[127.84,0.8],[127.63,0.92],[127.99,1.35],[128.01,1.71],[127.9,1.8],[127.87,1.81]]],[[[97.34,2.05],[97.28,2.23],[97.11,2.21],[97.33,2.03],[97.34,2.05]]],[[[128.51,2.05],[128.69,2.42],[128.57,2.63],[128.23,2.31],[128.28,2.02],[128.45,2.05],[128.51,2.05]]],[[[125.42,2.64],[125.39,2.8],[125.4,2.63],[125.42,2.64]]],[[[96.48,2.36],[95.79,2.94],[95.69,2.8],[95.82,2.65],[96.42,2.34],[96.48,2.36]]],[[[108.89,2.89],[108.85,3],[108.83,2.85],[108.89,2.89]]],[[[105.74,2.84],[105.84,2.98],[105.7,3.06],[105.72,2.83],[105.74,2.84]]],[[[117.66,3.28],[117.68,3.41],[117.55,3.43],[117.63,3.26],[117.66,3.28]]],[[[117.39,3.56],[117.24,3.51],[117.52,3.48],[117.39,3.56]]],[[[125.9,3.38],[125.78,3.69],[125.66,3.72],[125.88,3.36],[125.9,3.38]]],[[[126.73,3.89],[126.61,4.04],[126.7,3.8],[126.73,3.89]]],[[[117.72,4],[117.64,4.13],[117.68,3.97],[117.72,4]]],[[[117.73,4.17],[117.85,4.03],[117.9,4.17],[117.76,4.17],[117.73,4.17]]],[[[108.32,3.68],[108.39,3.98],[108.18,4.2],[107.99,4.02],[108.2,3.8],[108.1,3.7],[108.18,3.65],[108.32,3.68]]],[[[126.8,4.02],[126.91,4.27],[126.74,4.54],[126.76,3.99],[126.8,4.02]]],[[[95.74,5.59],[95.23,5.57],[95.28,5.12],[95.53,4.68],[96.49,3.76],[96.79,3.74],[97.01,3.54],[97.36,2.99],[97.6,2.87],[97.76,2.27],[98.05,2.22],[98.77,1.75],[98.82,1.62],[98.7,1.56],[99.14,0.26],[99.64,0.08],[99.81,-0.3],[100.32,-0.84],[100.86,-1.9],[100.83,-2.17],[101.02,-2.49],[101.32,-2.73],[101.65,-3.27],[102.24,-3.67],[102.33,-4.01],[103.71,-4.95],[104.56,-5.93],[104.71,-5.92],[104.53,-5.54],[104.61,-5.49],[105.14,-5.8],[105.27,-5.44],[105.62,-5.82],[105.73,-5.9],[105.79,-5.82],[105.9,-4.68],[105.81,-4.21],[105.96,-3.84],[105.81,-3.69],[106.08,-3.22],[106.04,-3],[105.86,-2.95],[105.78,-2.69],[105.62,-2.61],[105.61,-2.4],[104.86,-2.29],[104.53,-2.77],[104.88,-2.12],[104.56,-1.86],[104.48,-1.91],[104.38,-1.05],[103.74,-1],[103.36,-0.7],[103.6,-0.44],[103.34,-0.36],[103.5,-0.22],[103.27,-0.26],[103.81,0],[103.73,0.29],[103.35,0.53],[102.52,0.18],[102.43,0.24],[102.56,0.18],[103.09,0.45],[102.96,0.67],[102.43,0.8],[102.21,1.01],[102.13,1.38],[101.72,1.67],[101.43,1.7],[101.06,2.28],[100.8,2.22],[100.92,1.83],[100.41,2.3],[100.2,2.71],[100.13,2.53],[100.05,2.73],[100.01,2.6],[99.98,2.95],[98.27,4.14],[98.28,4.42],[98.02,4.55],[97.92,4.88],[97.55,5.22],[96.35,5.22],[96.06,5.3],[95.83,5.54],[95.74,5.59]]],[[[95.38,5.81],[95.22,5.91],[95.34,5.77],[95.38,5.81]]],[[[109.65,2.07],[109.06,1.52],[108.98,1.22],[109.26,1.39],[108.96,1.18],[108.98,0.94],[108.85,0.82],[108.92,0.31],[109.17,0.11],[109.19,-0.2],[109.04,-0.24],[109.12,-0.51],[109.51,-0.73],[109.25,-0.68],[109.27,-0.85],[109.73,-0.95],[110.06,-1.33],[109.91,-1.83],[110.13,-2.05],[110.24,-2.98],[110.57,-2.87],[110.66,-3.08],[110.91,-2.89],[110.76,-3.02],[110.92,-3.1],[111.32,-2.92],[111.55,-3.02],[111.75,-2.75],[111.87,-3.57],[112.25,-3.31],[112.65,-3.42],[113.06,-2.99],[113.37,-3.26],[113.61,-3.17],[113.68,-3.48],[114.1,-3.36],[114.48,-3.5],[114.61,-3.68],[114.64,-4.19],[115.99,-3.58],[116.21,-3.15],[116.13,-2.82],[116.29,-2.98],[116.31,-2.52],[116.51,-2.56],[116.61,-2.21],[116.33,-2.15],[116.46,-2.05],[116.45,-1.78],[116.22,-1.78],[116.76,-1.36],[116.75,-1.02],[116.82,-1.28],[117.03,-1.2],[117.27,-0.82],[117.62,-0.78],[117.63,-0.43],[117.44,-0.52],[117.48,0.18],[117.73,0.73],[118.03,0.81],[117.89,1.12],[118.34,0.84],[118.79,0.8],[119,0.97],[117.87,1.88],[117.83,2.1],[118.09,2.31],[117.67,2.8],[117.62,3.09],[117.28,3.22],[117.45,3.42],[117.22,3.5],[117.21,3.61],[117.03,3.6],[117.83,3.71],[117.39,4.11],[117.59,4.17],[117.25,4.36],[115.88,4.36],[115.69,4.17],[115.5,3.05],[115.14,2.91],[115.08,2.61],[115.24,2.53],[114.79,2.22],[114.86,1.92],[114.56,1.43],[113.97,1.45],[113.64,1.23],[112.98,1.58],[112.47,1.57],[112.2,1.45],[112.13,1.15],[111.83,1],[111.21,1.07],[110.57,0.85],[109.7,1.58],[109.56,1.83],[109.63,2.03],[109.65,2.07]]],[[[123.22,-10.81],[123.39,-10.68],[123.38,-10.44],[122.81,-10.79],[122.85,-10.93],[123.19,-10.82],[123.22,-10.81]]]]}},{"type":"Feature","properties":{"NAME":"East Timor","ABBREVN":"East Timor","SUBJECTO":"East Timor","BORDERPRECISION":3,"PARTOF":"East Timor"},"geometry":{"type":"MultiPolygon","coordinates":[[[[124.26,-9.43],[124.37,-9.43],[124.46,-9.18],[124.05,-9.34],[124.25,-9.4],[124.26,-9.43]]],[[[127.02,-8.68],[127.31,-8.4],[127,-8.32],[126.56,-8.49],[125.22,-8.61],[124.95,-8.95],[125.16,-9.07],[124.97,-9.22],[125.13,-9.44],[126.96,-8.7],[127.02,-8.68]]],[[[125.59,-8.3],[125.65,-8.15],[125.52,-8.23],[125.58,-8.32],[125.59,-8.3]]]]}},{"type":"Feature","properties":{"NAME":"Australia","ABBREVN":"Australia","SUBJECTO":"Australia","BORDERPRECISION":3,"PARTOF":"Australia"},"geometry":{"type":"MultiPolygon","coordinates":[[[[158.88,-54.75],[158.96,-54.48],[158.83,-54.74],[158.88,-54.75]]],[[[144.93,-40.72],[145.02,-40.7],[144.93,-40.62],[144.88,-40.73],[144.93,-40.72]]],[[[148.35,-40.32],[148,-40.42],[148.47,-40.44],[148.35,-40.32]]],[[[147.36,-43.4],[147.3,-43.27],[147.12,-43.42],[147.31,-43.51],[147.36,-43.4]]],[[[147.43,-43.25],[147.36,-43.07],[147.36,-43.26],[147.43,-43.25]]],[[[148.04,-42.73],[148.16,-42.66],[148.02,-42.62],[148.01,-42.75],[148.04,-42.73]]],[[[145.08,-40.81],[144.7,-40.76],[144.69,-41.22],[145.28,-42.18],[145.55,-42.35],[145.47,-42.52],[145.22,-42.24],[145.26,-42.61],[145.84,-43.3],[146.23,-43.33],[145.93,-43.38],[146.11,-43.52],[146.92,-43.62],[147.1,-43.29],[146.97,-43.14],[147.25,-43.27],[147.32,-42.85],[147.43,-43.04],[147.56,-42.83],[147.83,-42.93],[147.9,-43.03],[147.71,-42.94],[147.63,-43.07],[147.79,-43.25],[148,-43.23],[148,-42.91],[147.84,-42.87],[148.08,-42.12],[148.2,-41.95],[148.28,-42.26],[148.36,-42.22],[148.26,-41.81],[148.32,-40.97],[147.97,-40.74],[147.88,-40.88],[147.61,-40.84],[147.42,-41.02],[147.02,-40.98],[146.82,-41.06],[146.94,-41.17],[146.73,-41.07],[146.59,-41.19],[145.12,-40.82],[145.08,-40.81]]],[[[143.96,-40.11],[144.15,-39.93],[144.11,-39.67],[143.94,-39.58],[143.84,-39.87],[143.92,-40.14],[143.96,-40.11]]],[[[151.06,-23.45],[151.22,-23.79],[151.29,-23.67],[151.13,-23.49],[151.06,-23.45]]],[[[115.46,-20.78],[115.45,-20.67],[115.34,-20.76],[115.3,-20.86],[115.4,-20.86],[115.46,-20.78]]],[[[153.45,-27.73],[153.47,-27.41],[153.4,-27.73],[153.45,-27.73]]],[[[113.23,-26.11],[112.92,-25.53],[112.95,-25.78],[113.21,-26.14],[113.23,-26.11]]],[[[153.09,-25.79],[153.37,-25.03],[153.28,-24.7],[152.94,-25.56],[153.05,-25.8],[153.09,-25.79]]],[[[153.41,-27.25],[153.46,-27.03],[153.36,-27.06],[153.43,-27.36],[153.41,-27.25]]],[[[145.36,-38.43],[145.49,-38.36],[145.3,-38.3],[145.33,-38.43],[145.36,-38.43]]],[[[137.58,-35.65],[137.32,-35.59],[136.58,-35.77],[136.53,-35.88],[136.71,-36.06],[137.23,-35.98],[137.46,-36.09],[137.76,-35.87],[138.11,-35.87],[137.96,-35.73],[137.58,-35.73],[137.58,-35.65]]],[[[145.31,-38.47],[145.12,-38.53],[145.36,-38.57],[145.31,-38.47]]],[[[148.18,-40.26],[148.33,-40.23],[148.29,-39.99],[147.97,-39.73],[147.76,-39.88],[148.12,-40.27],[148.18,-40.26]]],[[[142.34,-10.2],[142.21,-10.16],[142.28,-10.26],[142.34,-10.2]]],[[[146.32,-18.48],[146.27,-18.31],[146.09,-18.25],[146.29,-18.49],[146.32,-18.48]]],[[[115.69,-32.52],[115.59,-32.67],[115.7,-33.29],[115.32,-33.65],[115,-33.52],[115.01,-34.26],[115.5,-34.38],[115.97,-34.82],[116.46,-35],[117.36,-35.02],[117.61,-35.14],[117.66,-35.05],[118,-35.1],[117.84,-35.03],[118.28,-34.91],[118.91,-34.45],[119.33,-34.45],[119.62,-34.1],[119.98,-33.93],[121.99,-33.82],[122.12,-34.03],[122.35,-33.91],[123.02,-33.86],[123.17,-34.02],[123.54,-33.91],[123.96,-33.56],[124.09,-33.16],[124.3,-32.97],[124.75,-32.9],[125.97,-32.27],[127.27,-32.28],[128.95,-31.7],[130.79,-31.61],[131.15,-31.47],[132.2,-32.03],[132.76,-31.95],[133.42,-32.21],[133.61,-32.1],[133.95,-32.4],[133.85,-32.54],[134.21,-32.5],[134.28,-32.73],[134.21,-32.81],[134.07,-32.72],[134.27,-33.15],[134.71,-33.18],[134.84,-33.64],[135.26,-34.01],[135.39,-34.58],[135.5,-34.62],[135.21,-34.44],[135.11,-34.59],[135.33,-34.62],[135.64,-34.95],[135.79,-34.86],[135.96,-35.01],[136.01,-34.74],[135.8,-34.82],[135.94,-34.54],[136.41,-34.04],[136.95,-33.68],[137.21,-33.67],[137.44,-33.19],[137.77,-32.99],[137.76,-32.53],[138.05,-33.13],[137.81,-33.28],[137.95,-33.56],[137.45,-34.16],[137.45,-34.92],[137.02,-34.9],[136.86,-35.29],[137.75,-35.13],[138.09,-34.13],[138.5,-34.73],[138.51,-35.01],[138.44,-35.34],[138.09,-35.62],[138.54,-35.65],[138.99,-35.56],[138.97,-35.41],[139.21,-35.32],[139.36,-35.37],[139.34,-35.69],[139.16,-35.5],[139.1,-35.61],[139.59,-36.02],[139.82,-36.55],[139.75,-37.2],[140.53,-38],[141.13,-38.12],[141.57,-38.42],[141.72,-38.27],[142.38,-38.36],[143.54,-38.86],[144.36,-38.32],[144.66,-38.28],[144.71,-38.15],[144.37,-38.13],[144.92,-37.87],[145.13,-38.14],[144.99,-38.34],[144.76,-38.38],[144.9,-38.51],[145.26,-38.24],[145.49,-38.25],[145.56,-38.37],[145.42,-38.55],[145.57,-38.67],[145.82,-38.65],[145.9,-38.86],[146.17,-38.86],[146.39,-39.15],[146.47,-38.81],[146.3,-38.92],[146.22,-38.72],[146.87,-38.65],[147.76,-37.98],[148.31,-37.82],[149.46,-37.78],[149.98,-37.51],[149.9,-36.92],[150.14,-36.33],[150.16,-35.94],[150.69,-35.04],[150.84,-35.09],[150.75,-34.88],[150.84,-34.56],[151.2,-34.06],[151.1,-34.01],[151.27,-33.97],[151.45,-33.32],[151.81,-32.89],[152.14,-32.77],[152.53,-32.4],[152.51,-32.13],[152.85,-31.66],[153.05,-31.03],[153.03,-30.51],[153.62,-28.66],[153.58,-28.21],[153.03,-27.18],[153.16,-27.08],[153.07,-26.31],[153.19,-25.97],[152.92,-25.74],[152.91,-25.29],[152.67,-25.25],[152.45,-24.78],[152.13,-24.61],[151.91,-24.19],[151.68,-23.99],[151.54,-24.09],[150.87,-23.5],[150.76,-23.13],[150.82,-22.73],[150.63,-22.34],[150.53,-22.38],[150.59,-22.59],[150.2,-22.39],[150.04,-22.15],[149.92,-22.3],[150.04,-22.64],[149.81,-22.38],[149.67,-22.5],[149.21,-21.08],[148.69,-20.62],[148.79,-20.46],[148.93,-20.53],[148.77,-20.23],[148.45,-20.06],[148.41,-20.21],[148.22,-19.95],[147.86,-19.85],[147.82,-19.71],[147.67,-19.82],[147.43,-19.32],[147.43,-19.41],[147.14,-19.4],[146.28,-18.89],[146.33,-18.54],[146,-18.18],[146.1,-17.69],[145.88,-17.07],[145.96,-16.9],[145.77,-16.89],[145.4,-16.44],[145.46,-16.08],[145.23,-15.16],[145.32,-14.95],[144.68,-14.56],[144.52,-14.17],[144.01,-14.49],[143.77,-14.4],[143.53,-13.76],[143.51,-12.88],[143.36,-12.85],[143.43,-12.62],[143.08,-12.33],[143.2,-11.99],[142.86,-11.83],[142.79,-11.08],[142.61,-10.87],[142.51,-10.95],[142.61,-10.75],[142.44,-10.71],[142.34,-10.9],[142.15,-10.95],[141.95,-11.92],[142.02,-12.07],[141.85,-11.99],[141.59,-12.53],[141.75,-12.47],[141.94,-12.86],[141.8,-12.69],[141.59,-12.96],[141.69,-13.25],[141.47,-13.93],[141.6,-14.14],[141.52,-14.48],[141.67,-15.03],[141.29,-16.5],[140.83,-17.45],[140.13,-17.72],[139.24,-17.33],[139.03,-16.91],[138.19,-16.71],[137.74,-16.25],[136.77,-15.9],[135.43,-14.9],[135.37,-14.73],[135.54,-14.65],[135.99,-13.87],[136.03,-13.69],[135.89,-13.73],[135.84,-13.58],[135.89,-13.34],[136.36,-13.05],[136.37,-13.25],[136.46,-13.25],[136.49,-12.78],[136.62,-12.83],[136.98,-12.36],[136.78,-12.17],[136.67,-12.28],[136.56,-11.93],[136.18,-12.17],[136.36,-12.24],[136.29,-12.41],[136.03,-12.47],[136.05,-12.23],[135.94,-12.22],[136.02,-12.11],[135.74,-12.28],[135.67,-12.21],[135.95,-11.8],[135.88,-11.76],[135.59,-11.96],[135.59,-12.1],[135.08,-12.27],[134.77,-12],[134.21,-12.06],[134.05,-11.84],[133.84,-11.85],[133.91,-11.74],[133.55,-11.83],[133.2,-11.73],[132.92,-11.34],[132.67,-11.51],[132.34,-11.13],[132.15,-11.14],[132.17,-11.41],[131.98,-11.13],[131.77,-11.3],[132.11,-11.53],[132.49,-11.48],[132.69,-11.66],[132.63,-12.03],[132.75,-12.14],[132.44,-12.15],[132.38,-12.38],[132.36,-12.2],[131.46,-12.3],[131.02,-12.15],[131.03,-12.36],[130.82,-12.44],[130.95,-12.54],[130.9,-12.64],[130.77,-12.43],[130.58,-12.4],[130.69,-12.7],[130.51,-12.6],[130.35,-12.67],[130.34,-12.88],[130.12,-12.97],[130.26,-13.33],[129.83,-13.52],[129.75,-13.96],[129.37,-14.33],[129.54,-14.55],[129.77,-14.54],[129.59,-14.63],[129.68,-14.77],[129.94,-14.77],[129.65,-14.84],[129.73,-15.18],[129.23,-14.84],[129.19,-15.18],[129.09,-14.9],[128.51,-14.76],[128.39,-14.8],[128.45,-15.05],[128.31,-14.91],[128.2,-15.04],[128.29,-15.4],[128.13,-15.21],[128.02,-15.5],[128.17,-14.7],[127.43,-13.95],[127.13,-13.97],[126.86,-13.75],[126.6,-14.23],[126.5,-13.96],[126.29,-14.23],[126.16,-14.06],[126.22,-13.96],[126.02,-13.93],[126.15,-14.13],[126.04,-14.52],[125.91,-14.65],[125.72,-14.4],[125.64,-14.63],[125.73,-14.27],[125.62,-14.22],[125.59,-14.55],[125.34,-14.52],[125.14,-14.75],[125.18,-14.95],[125.43,-15.13],[125.16,-15.03],[125.16,-15.16],[125.08,-15],[124.82,-15.16],[125.04,-15.16],[124.91,-15.34],[125.1,-15.3],[125.18,-15.52],[124.71,-15.25],[124.66,-15.48],[124.46,-15.48],[124.37,-15.67],[124.49,-15.94],[124.73,-15.81],[124.59,-16.11],[124.43,-16.1],[124.4,-16.33],[124.89,-16.41],[124.23,-16.4],[123.96,-16.25],[123.89,-16.38],[123.73,-16.14],[123.57,-16.17],[123.71,-16.43],[123.64,-16.53],[123.43,-16.5],[123.89,-16.89],[123.8,-17.04],[123.92,-17.21],[123.59,-17],[123.58,-17.6],[122.96,-16.59],[123.06,-16.46],[122.92,-16.41],[122.75,-16.76],[122.57,-16.79],[122.57,-16.95],[122.17,-17.24],[122.21,-17.89],[122.36,-18.1],[121.8,-18.48],[121.49,-19.12],[121.08,-19.56],[119.6,-20.07],[119.08,-19.97],[118.8,-20.29],[118.14,-20.36],[117.69,-20.68],[116.71,-20.65],[115.95,-21.05],[115.45,-21.52],[114.65,-21.84],[114.37,-22.44],[114.15,-22.53],[114.08,-22.17],[114.18,-21.82],[114.01,-21.86],[113.66,-22.6],[113.81,-22.93],[113.77,-23.44],[113.53,-23.76],[113.39,-24.45],[113.7,-25.12],[114.26,-25.85],[114.22,-26.29],[114.07,-26.46],[113.88,-26.03],[113.71,-26.2],[113.7,-25.8],[113.47,-25.54],[113.4,-25.74],[113.55,-26.07],[113.83,-26.28],[113.86,-26.51],[113.64,-26.65],[113.51,-26.28],[113.37,-26.12],[113.33,-26.28],[113.29,-26.03],[113.22,-26.24],[114.03,-27.36],[114.15,-28.09],[114.89,-29.21],[115.05,-30.5],[115.71,-31.72],[115.69,-32.55],[115.69,-32.52]]],[[[139.55,-17.03],[139.4,-17.09],[139.57,-17.1],[139.55,-17.03]]],[[[139.74,-16.48],[139.53,-16.41],[139.16,-16.61],[139.14,-16.76],[139.73,-16.5],[139.74,-16.48]]],[[[137.09,-15.79],[136.95,-15.65],[137.06,-15.83],[137.09,-15.79]]],[[[136.59,-15.63],[136.58,-15.51],[136.52,-15.65],[136.59,-15.63]]],[[[124.63,-15.41],[124.55,-15.26],[124.52,-15.45],[124.63,-15.41]]],[[[125.15,-14.62],[125.21,-14.49],[125.09,-14.54],[125.14,-14.65],[125.15,-14.62]]],[[[136.71,-13.84],[136.68,-13.66],[136.41,-13.97],[136.38,-14.22],[136.63,-14.28],[136.93,-14.28],[136.97,-14.15],[136.71,-14.17],[136.92,-13.81],[136.79,-13.85],[136.71,-13.84]]],[[[136.29,-13.73],[136.11,-13.73],[136.12,-13.83],[136.27,-13.79],[136.29,-13.73]]],[[[130.64,-11.77],[130.34,-11.33],[130.17,-11.48],[130.19,-11.68],[130.02,-11.77],[130.63,-11.79],[130.64,-11.77]]],[[[130.57,-11.35],[130.37,-11.18],[130.49,-11.64],[130.96,-11.94],[131.53,-11.39],[131.27,-11.19],[131.22,-11.4],[131.15,-11.26],[130.7,-11.39],[130.57,-11.35]]],[[[142.19,-10.75],[142.27,-10.68],[142.12,-10.65],[142.19,-10.76],[142.19,-10.75]]],[[[136.54,-11.45],[136.77,-11.03],[136.5,-11.45],[136.54,-11.45]]],[[[132.62,-11.28],[132.58,-11.02],[132.5,-11.05],[132.59,-11.34],[132.62,-11.28]]]]}},{"type":"Feature","properties":{"NAME":"Papua","ABBREVN":"Papua","SUBJECTO":"Papua","BORDERPRECISION":3,"PARTOF":"Papua"},"geometry":{"type":"MultiPolygon","coordinates":[[[[153.78,-11.61],[153.2,-11.32],[153.38,-11.57],[153.67,-11.63],[153.78,-11.61]]],[[[154.3,-11.39],[154.02,-11.35],[154.29,-11.41],[154.3,-11.39]]],[[[152.81,-10.63],[152.54,-10.63],[152.87,-10.67],[152.81,-10.63]]],[[[150.9,-10.56],[150.77,-10.61],[150.89,-10.65],[150.9,-10.56]]],[[[151.07,-10.02],[150.76,-9.71],[150.95,-10.11],[151.22,-10.19],[151.28,-9.93],[151.12,-10.05],[151.07,-10.02]]],[[[150.67,-9.44],[150.44,-9.36],[150.51,-9.62],[150.85,-9.72],[150.89,-9.52],[150.68,-9.44],[150.67,-9.44]]],[[[150.34,-9.52],[150.33,-9.27],[150.2,-9.21],[150.11,-9.37],[150.31,-9.53],[150.34,-9.52]]],[[[152.81,-8.97],[152.5,-9.02],[152.83,-9.23],[152.99,-9.17],[152.94,-9.05],[152.81,-8.97]]],[[[151.12,-8.62],[151.12,-8.42],[151,-8.53],[151.1,-8.73],[151.12,-8.62]]],[[[143.65,-8.69],[143.18,-8.42],[143.64,-8.73],[143.65,-8.69]]],[[[143.58,-8.49],[143.49,-8.36],[143.32,-8.39],[143.56,-8.49],[143.58,-8.49]]],[[[147.99,-8.05],[147.37,-8.02],[144.13,-6.09],[141.01,-5.16],[141.01,-6.33],[140.86,-6.63],[141,-6.9],[141.01,-9.13],[141.11,-9.23],[142.21,-9.16],[142.66,-9.33],[143.37,-9.01],[143.39,-8.78],[143.11,-8.47],[142.73,-8.32],[142.44,-8.37],[142.32,-8.18],[142.14,-8.22],[142.33,-8.16],[142.47,-8.34],[143.61,-8.24],[143.36,-7.9],[143.84,-8.05],[143.96,-7.98],[143.66,-7.47],[144.22,-7.79],[144.31,-7.62],[144.47,-7.74],[144.41,-7.52],[144.51,-7.62],[144.52,-7.5],[144.59,-7.66],[144.86,-7.61],[144.88,-7.78],[146.09,-8.09],[146.58,-8.99],[146.84,-9.1],[146.97,-9.03],[146.9,-9.28],[147.3,-9.53],[147.6,-9.98],[147.95,-10.15],[148.16,-10.08],[149.75,-10.34],[150.08,-10.46],[149.86,-10.55],[150.43,-10.69],[150.69,-10.56],[150.36,-10.33],[150.87,-10.23],[150.62,-10.28],[149.87,-10.02],[149.72,-9.82],[150.05,-9.69],[149.24,-9.5],[149.31,-9.02],[148.61,-9.09],[148.44,-8.68],[148.23,-8.57],[148.14,-8.07],[147.99,-8.06],[147.99,-8.05]]]]}},{"type":"Feature","properties":{"NAME":"New Guinea (German New Guinea)","ABBREVN":"New Guinea (German New Guinea)","SUBJECTO":"New Guinea (German New Guinea)","BORDERPRECISION":3,"PARTOF":"New Guinea (German New Guinea)"},"geometry":{"type":"MultiPolygon","coordinates":[[[[148.02,-5.84],[148.07,-5.63],[147.78,-5.49],[148,-5.85],[148.02,-5.84]]],[[[147.22,-5.43],[147.11,-5.19],[147,-5.3],[147.16,-5.45],[147.22,-5.43]]],[[[145.99,-4.75],[145.97,-4.53],[145.87,-4.67],[145.95,-4.76],[145.99,-4.75]]],[[[152.24,-4.21],[152.17,-4.15],[151.97,-4.34],[151.54,-4.18],[151.68,-4.91],[151.26,-4.99],[150.92,-5.49],[150.14,-5.54],[150.04,-5.31],[150.2,-5.05],[150.09,-5.01],[149.88,-5.54],[149.22,-5.61],[148.97,-5.47],[148.43,-5.45],[148.32,-5.63],[148.4,-5.78],[149.06,-6.04],[149.06,-6.16],[149.34,-6.06],[149.63,-6.31],[150.47,-6.27],[151.38,-5.81],[151.46,-5.53],[151.84,-5.6],[152.1,-5.46],[151.97,-4.99],[152.24,-4.99],[152.41,-4.69],[152.36,-4.34],[152.19,-4.32],[152.23,-4.25],[152.24,-4.21]]],[[[152.67,-3.16],[152.65,-3.05],[152.54,-3.1],[152.65,-3.22],[152.67,-3.16]]],[[[150.94,-2.92],[150.77,-2.98],[151.02,-2.97],[150.94,-2.92]]],[[[147.99,-8.05],[147.18,-7.46],[146.95,-6.97],[146.97,-6.74],[147.87,-6.66],[147.83,-6.34],[147.47,-5.97],[147.11,-5.97],[146.47,-5.61],[145.77,-5.49],[145.74,-4.8],[145.34,-4.39],[145.03,-4.34],[144.88,-4.11],[144.59,-4.01],[144.51,-3.82],[144.02,-3.81],[143.53,-3.44],[142.55,-3.22],[141.04,-2.59],[141.01,-5.16],[144.13,-6.09],[147.37,-8.02],[147.99,-8.05]]],[[[151.09,-2.75],[150.81,-2.56],[150.88,-2.71],[150.75,-2.77],[151.11,-2.85],[152.36,-3.65],[152.69,-4.19],[152.74,-4.67],[152.9,-4.82],[153.13,-4.39],[153.01,-4.09],[152.55,-3.8],[152.06,-3.25],[151.19,-2.83],[151.09,-2.75]]],[[[150.46,-2.65],[150.44,-2.48],[150.25,-2.39],[149.96,-2.47],[150.19,-2.69],[150.45,-2.67],[150.46,-2.65]]],[[[147.3,-2.03],[146.64,-1.98],[146.57,-2.24],[147.21,-2.19],[147.42,-2.05],[147.3,-2.03]]],[[[149.72,-1.43],[149.58,-1.36],[149.53,-1.46],[149.79,-1.58],[149.72,-1.43]]]]}},{"type":"Feature","properties":{"NAME":"New Zealand","ABBREVN":"New Zealand","SUBJECTO":"New Zealand","BORDERPRECISION":3,"PARTOF":"New Zealand"},"geometry":{"type":"MultiPolygon","coordinates":[[[[169.19,-52.58],[169.21,-52.44],[169,-52.51],[169.16,-52.58],[169.19,-52.58]]],[[[178.83,-49.67],[178.72,-49.68],[178.82,-49.72],[178.83,-49.67]]],[[[166.11,-50.86],[165.97,-50.91],[166.19,-50.88],[166.11,-50.86]]],[[[166.25,-50.83],[166.14,-50.7],[166.29,-50.56],[166.11,-50.54],[165.89,-50.85],[166.23,-50.85],[166.25,-50.83]]],[[[168.22,-47.07],[168,-46.72],[167.77,-46.7],[167.81,-46.92],[167.52,-47.27],[168.15,-47.11],[168.22,-47.07]]],[[[-176.38,-43.75],[-176.85,-43.81],[-176.56,-43.83],[-176.6,-44.12],[-176.38,-44.06],[-176.54,-43.77],[-176.37,-43.75],[-176.38,-43.75]]],[[[175.17,-36.83],[175.19,-36.73],[175.01,-36.77],[175.09,-36.83],[175.17,-36.83]]],[[[175.56,-36.32],[175.36,-36.09],[175.54,-36.35],[175.56,-36.32]]],[[[173.92,-40.87],[173.96,-40.71],[173.83,-40.76],[173.81,-40.93],[173.92,-40.87]]],[[[173.99,-36.14],[173.91,-35.87],[174.07,-36.17],[174.26,-36.27],[174.2,-36.13],[174.34,-36.23],[174.4,-36.14],[174.34,-36.3],[174.51,-36.23],[174.27,-36.35],[174.42,-36.37],[174.43,-36.67],[174.25,-36.44],[174.19,-36.5],[174.5,-37.03],[174.82,-36.94],[174.89,-37.06],[174.73,-37.2],[174.55,-37.08],[174.71,-37.36],[174.84,-37.29],[174.72,-37.45],[174.85,-37.77],[174.97,-37.74],[174.79,-37.86],[174.94,-38.1],[174.72,-38.19],[174.59,-38.83],[173.75,-39.27],[173.85,-39.47],[174.96,-39.91],[175.2,-40.17],[175.13,-40.71],[174.61,-41.23],[174.65,-41.33],[174.9,-41.23],[174.87,-41.43],[175.19,-41.43],[175.32,-41.62],[175.96,-41.26],[177.12,-39.67],[176.95,-39.66],[176.9,-39.44],[177.05,-39.2],[177.63,-39.07],[177.82,-39.1],[177.9,-39.26],[177.99,-39.12],[177.89,-39.06],[177.93,-38.72],[178.3,-38.53],[178.35,-38],[178.56,-37.72],[178.06,-37.54],[177.55,-37.92],[177.16,-38.01],[175.99,-37.64],[175.95,-37.52],[176.17,-37.62],[175.89,-37.25],[175.85,-36.84],[175.71,-36.88],[175.84,-36.75],[175.35,-36.48],[175.58,-37.24],[175.37,-37.22],[175.23,-36.94],[174.85,-36.85],[174.71,-36.54],[174.78,-36.27],[174.51,-36.01],[174.52,-35.85],[174.35,-35.84],[174.36,-35.72],[174.6,-35.85],[174.48,-35.65],[174.58,-35.61],[174.32,-35.23],[174.14,-35.33],[174.01,-35.22],[174.1,-35.12],[173.59,-34.93],[173.49,-35],[173.45,-34.81],[173.27,-35.02],[172.91,-34.55],[173.02,-34.42],[172.72,-34.5],[173.16,-34.95],[173.1,-35.23],[173.38,-35.52],[173.55,-35.28],[173.66,-35.32],[173.4,-35.56],[174.07,-36.4],[174.2,-36.35],[174.12,-36.26],[173.99,-36.14]]],[[[167.03,-45.3],[166.97,-45.16],[166.89,-45.25],[167,-45.31],[167.03,-45.3]]],[[[166.72,-45.74],[166.74,-45.64],[166.62,-45.63],[166.51,-45.72],[166.65,-45.75],[166.72,-45.74]]],[[[172.8,-40.52],[172.99,-40.53],[172.63,-40.51],[172.11,-40.88],[172.06,-41.41],[171.79,-41.7],[171.51,-41.76],[171.15,-42.56],[170.79,-42.91],[170.29,-43.11],[169.65,-43.61],[168.82,-43.99],[168.38,-44.04],[167.45,-44.79],[167.51,-45],[167.32,-44.87],[167,-45.15],[167.31,-45.33],[167.06,-45.34],[167.21,-45.48],[166.82,-45.32],[166.71,-45.58],[167.04,-45.5],[166.78,-45.66],[166.97,-45.73],[166.47,-45.81],[166.48,-46.01],[166.66,-45.99],[166.61,-46.09],[166.94,-45.95],[166.72,-46.21],[167.28,-46.27],[167.55,-46.15],[167.83,-46.4],[168.37,-46.42],[168.27,-46.53],[168.35,-46.6],[168.84,-46.56],[169.01,-46.68],[169.7,-46.56],[170.34,-45.97],[170.78,-45.88],[170.78,-45.78],[170.56,-45.88],[171.2,-44.92],[171.2,-44.54],[171.34,-44.29],[172.39,-43.86],[172.42,-43.73],[172.87,-43.9],[172.94,-43.76],[173.11,-43.83],[173.06,-43.65],[172.78,-43.61],[172.76,-43.24],[173.29,-42.96],[173.56,-42.48],[174.24,-41.84],[174.29,-41.74],[174.05,-41.42],[174.32,-41.22],[174.03,-41.24],[174.21,-41.2],[174.32,-41.01],[174.03,-41],[173.9,-41.2],[174.13,-41.18],[173.78,-41.29],[173.95,-41.06],[173.78,-41.11],[173.78,-41.01],[173.99,-40.9],[173.11,-41.31],[173.01,-40.79],[172.7,-40.75],[172.74,-40.52],[172.8,-40.52]]]]}},{"type":"Feature","properties":{"NAME":"New Caledonia and Dependencies","ABBREVN":"New Caledonia and Dependencies","SUBJECTO":"New Caledonia and Dependencies","BORDERPRECISION":3,"PARTOF":"New Caledonia and Dependencies"},"geometry":{"type":"MultiPolygon","coordinates":[[[[167.27,-22.77],[167.3,-22.57],[167.07,-22.54],[167.09,-22.74],[167.24,-22.82],[167.27,-22.77]]],[[[167.6,-21.35],[167.48,-21.33],[167.6,-21.66],[167.87,-21.48],[167.63,-21.35],[167.6,-21.35]]],[[[167.01,-20.57],[166.82,-20.67],[166.82,-20.89],[167.1,-21.12],[167.36,-21.07],[167.13,-20.85],[167.18,-20.63],[167.05,-20.59],[167.01,-20.57]]],[[[166.58,-20.47],[166.58,-20.28],[166.44,-20.18],[166.37,-20.28],[166.37,-20.45],[166.55,-20.54],[166.58,-20.47]]],[[[164.35,-20.01],[164.1,-19.81],[164.03,-20.01],[164.5,-20.84],[165.89,-21.86],[165.95,-22.12],[166.45,-22.31],[166.65,-22.18],[166.66,-21.91],[166.44,-21.84],[165.28,-20.73],[164.87,-20.57],[164.63,-19.91],[164.38,-20.08],[164.35,-20.01]]]]}},{"type":"Feature","properties":{"NAME":"Solomon Islands","ABBREVN":"Solomon Islands","SUBJECTO":"Solomon Islands","BORDERPRECISION":3,"PARTOF":"Solomon Islands"},"geometry":{"type":"MultiPolygon","coordinates":[[[[166.88,-11.69],[166.81,-11.57],[166.84,-11.7],[166.88,-11.69]]],[[[160.08,-11.5],[159.97,-11.5],[160.02,-11.6],[160.28,-11.64],[160.47,-11.84],[160.4,-11.66],[160.08,-11.5]]],[[[166.14,-10.76],[166.05,-10.66],[165.81,-10.73],[165.88,-10.87],[166.11,-10.78],[166.14,-10.76]]],[[[161.55,-10.28],[161.35,-10.2],[161.29,-10.33],[161.5,-10.37],[161.78,-10.72],[162.38,-10.83],[162.11,-10.45],[161.69,-10.36],[161.55,-10.28]]],[[[159.93,-9.43],[159.78,-9.28],[159.6,-9.32],[159.83,-9.8],[160.65,-9.93],[160.83,-9.87],[160.58,-9.55],[160.36,-9.42],[160,-9.44],[159.93,-9.43]]],[[[160.29,-9.04],[160.11,-9.09],[160.3,-9.05],[160.29,-9.04]]],[[[160.32,-9.06],[160.24,-9.2],[160.39,-9.17],[160.35,-9.09],[160.32,-9.06]]],[[[159.15,-9.11],[159.14,-8.99],[159.03,-9.07],[159.1,-9.12],[159.15,-9.11]]],[[[157.63,-8.75],[157.46,-8.74],[157.65,-8.77],[157.63,-8.75]]],[[[158.04,-8.76],[158.14,-8.57],[158,-8.51],[157.87,-8.68],[158,-8.77],[158.04,-8.76]]],[[[157.41,-8.5],[157.35,-8.41],[157.21,-8.54],[157.34,-8.72],[157.37,-8.58],[157.41,-8.5]]],[[[159.7,-8.51],[159.54,-8.41],[159.68,-8.55],[159.7,-8.51]]],[[[160.94,-8.82],[160.97,-8.57],[160.76,-8.31],[160.58,-8.34],[160.81,-9.06],[161.38,-9.63],[161.16,-8.97],[160.99,-8.85],[160.94,-8.82]]],[[[161.39,-9.49],[161.56,-9.8],[161.41,-9.47],[161.39,-9.49]]],[[[157.63,-8.24],[157.49,-7.97],[157.21,-8.26],[157.56,-8.27],[157.58,-8.44],[157.81,-8.62],[157.91,-8.48],[157.67,-8.24],[157.63,-8.24]]],[[[156.62,-8.16],[156.53,-7.95],[156.59,-8.2],[156.62,-8.16]]],[[[157.18,-8.12],[157.16,-7.89],[156.98,-7.9],[156.99,-8.08],[157.15,-8.15],[157.18,-8.12]]],[[[156.7,-7.95],[156.81,-7.73],[156.58,-7.57],[156.57,-7.76],[156.7,-7.95]]],[[[158.49,-7.61],[158.36,-7.64],[158.53,-7.65],[158.49,-7.61]]],[[[159.85,-8.33],[158.49,-7.55],[159.01,-8.09],[159.87,-8.49],[159.85,-8.33]]],[[[155.83,-7.1],[155.74,-6.97],[155.67,-7.09],[155.8,-7.11],[155.83,-7.1]]],[[[157.32,-7.28],[157.04,-6.9],[156.53,-6.61],[156.47,-6.74],[156.93,-7.22],[157.44,-7.43],[157.54,-7.36],[157.43,-7.32],[157.32,-7.28]]]]}},{"type":"Feature","properties":{"NAME":"Fiji","ABBREVN":"Fiji","SUBJECTO":"Fiji","BORDERPRECISION":3,"PARTOF":"Fiji"},"geometry":{"type":"MultiPolygon","coordinates":[[[[178.5,-18.98],[178.34,-18.93],[177.97,-19.1],[178.49,-19.01],[178.5,-18.98]]],[[[179.37,-18.09],[179.24,-17.95],[179.35,-18.12],[179.37,-18.09]]],[[[178.82,-17.74],[178.78,-17.62],[178.77,-17.75],[178.82,-17.74]]],[[[178.28,-17.39],[178.19,-17.3],[177.62,-17.44],[177.39,-17.64],[177.26,-18],[177.33,-18.12],[177.86,-18.26],[178.59,-18.14],[178.69,-18.05],[178.6,-17.66],[178.3,-17.43],[178.28,-17.39]]],[[[179.95,-17],[180,-16.79],[179.92,-17],[179.95,-17]]],[[[-179.99,-16.95],[-179.82,-16.78],[-179.89,-16.69],[-180,-16.79],[-179.99,-16.95]]],[[[179.96,-16.2],[178.98,-16.47],[178.48,-16.77],[178.75,-17.01],[179.27,-16.69],[179.41,-16.81],[179.95,-16.75],[179.94,-16.47],[179.56,-16.76],[179.48,-16.7],[179.89,-16.24],[179.96,-16.2]]]]}},{"type":"Feature","properties":{"NAME":"French Polynesia","ABBREVN":"French Polynesia","SUBJECTO":"French Polynesia","BORDERPRECISION":3,"PARTOF":"French Polynesia"},"geometry":{"type":"MultiPolygon","coordinates":[[[[-137.03,-23.11],[-137.15,-23.19],[-137.04,-23.24],[-137.03,-23.11]]],[[[-151.31,-22.28],[-151.44,-22.28],[-151.34,-22.34],[-151.31,-22.28]]],[[[-138.82,-21.91],[-138.98,-21.77],[-139.01,-21.92],[-138.82,-21.91]]],[[[-140.53,-21.7],[-140.6,-21.55],[-140.71,-21.62],[-140.61,-21.73],[-140.53,-21.7]]],[[[-135.49,-21.64],[-135.45,-21.51],[-135.63,-21.55],[-135.61,-21.64],[-135.49,-21.64]]],[[[-136.32,-21.56],[-136.46,-21.4],[-136.36,-21.59],[-136.32,-21.56]]],[[[-139.11,-20.79],[-139.15,-20.71],[-139.14,-20.79],[-139.11,-20.79]]],[[[-138.52,-20.71],[-138.62,-20.78],[-138.54,-20.79],[-138.52,-20.71]]],[[[-138.68,-19.42],[-138.81,-19.41],[-138.64,-19.47],[-138.68,-19.42]]],[[[-136.15,-18.61],[-136.38,-18.46],[-136.4,-18.62],[-136.15,-18.61]]],[[[-137.02,-18.25],[-137.05,-18.34],[-136.77,-18.42],[-137.02,-18.25]]],[[[-140.64,-18.38],[-140.9,-18.01],[-141.07,-18.11],[-140.8,-18.39],[-140.64,-18.38]]],[[[-142.16,-18.17],[-142.29,-17.92],[-142.35,-18],[-142.21,-18.19],[-142.16,-18.17]]],[[[-149.34,-17.65],[-149.46,-17.5],[-149.64,-17.61],[-149.48,-17.75],[-149.18,-17.82],[-149.34,-17.7],[-149.34,-17.65]]],[[[-149.79,-17.47],[-149.94,-17.49],[-149.81,-17.51],[-149.79,-17.47]]],[[[-142.99,-17.06],[-143.23,-16.85],[-143.3,-16.95],[-143.1,-17.1],[-142.99,-17.06]]],[[[-144.56,-16.87],[-144.89,-16.74],[-144.6,-16.9],[-144.56,-16.87]]],[[[-151.39,-16.88],[-151.45,-16.74],[-151.42,-16.92],[-151.39,-16.88]]],[[[-151.43,-16.64],[-151.51,-16.55],[-151.45,-16.65],[-151.43,-16.64]]],[[[-143.34,-16.65],[-143.87,-16.35],[-143.95,-16.4],[-143.47,-16.65],[-143.34,-16.65]]],[[[-143.11,-16.31],[-143.04,-16.25],[-143.17,-16.19],[-143.12,-16.34],[-143.11,-16.31]]],[[[-145.32,-16.39],[-145.66,-15.98],[-145.74,-16.05],[-145.65,-16.37],[-145.39,-16.48],[-145.32,-16.39]]],[[[-140.02,-15.99],[-140.04,-15.88],[-140.14,-16.05],[-140.02,-15.99]]],[[[-142.29,-16.06],[-142.37,-15.87],[-142.47,-16.15],[-142.29,-16.06]]],[[[-140.76,-15.85],[-140.79,-15.76],[-140.88,-15.87],[-140.76,-15.85]]],[[[-145.83,-15.79],[-146.12,-15.84],[-145.78,-15.92],[-145.83,-15.79]]],[[[-146.4,-15.75],[-146.76,-15.56],[-146.87,-15.63],[-146.77,-15.76],[-146.47,-15.8],[-146.4,-15.75]]],[[[-146.14,-15.37],[-146.4,-15.24],[-146.36,-15.48],[-146.14,-15.37]]],[[[-146.65,-15.37],[-146.65,-15.2],[-146.81,-15.17],[-146.83,-15.36],[-146.72,-15.4],[-146.65,-15.37]]],[[[-147.19,-15.28],[-147.75,-14.94],[-147.85,-15.11],[-147.4,-15.31],[-147.19,-15.28]]],[[[-148.01,-14.92],[-148.16,-14.93],[-148.11,-15.04],[-148.01,-14.92]]],[[[-138.57,-10.55],[-138.61,-10.46],[-138.59,-10.56],[-138.57,-10.55]]],[[[-139.02,-9.73],[-139.07,-9.87],[-138.9,-9.78],[-139.02,-9.73]]],[[[-139.95,-9.45],[-140.08,-9.4],[-139.97,-9.5],[-139.95,-9.45]]],[[[-139.47,-8.91],[-139.58,-8.95],[-139.45,-8.96],[-139.47,-8.91]]],[[[-139.96,-8.84],[-140.18,-8.92],[-139.93,-8.9],[-139.96,-8.84]]]]}},{"type":"Feature","properties":{"NAME":"Italian Somaliland","ABBREVN":"Italian Somaliland","SUBJECTO":"Italian Somaliland","BORDERPRECISION":3,"PARTOF":"Italian Somaliland"},"geometry":{"type":"Polygon","coordinates":[[[42.58,-0.3],[44.34,1.4],[46.01,2.42],[48,4.52],[48.95,5.98],[49.81,7.92],[50.12,8.2],[50.82,9.4],[50.91,10.33],[51.39,10.4],[51.19,10.54],[51.02,10.45],[51.15,10.63],[51.08,11.33],[51.27,11.84],[50.64,11.95],[50.44,11.68],[50.09,11.51],[48.98,11.25],[49.02,9],[44.95,4.9],[43.69,4.89],[43.16,4.67],[42.86,4.3],[42.05,4.16],[42.49,3.87],[42.42,3.61],[42.62,3.06],[42.39,2.84],[42.51,2.68],[42.44,2.39],[42.31,2.34],[42.68,2.07],[42.74,0.94],[42.9,0.66],[42.86,0.23],[42.51,-0.12],[42.54,-0.25],[42.58,-0.3]]]}},{"type":"Feature","properties":{"NAME":"Bokhara","ABBREVN":"Bokhara","SUBJECTO":"Bokhara","BORDERPRECISION":3,"PARTOF":"Bokhara"},"geometry":{"type":"Polygon","coordinates":[[[67.38,39.22],[66.56,39.43],[65.79,39.38],[65.98,40.41],[66.21,40.48],[66.65,40.36],[66.74,40.66],[66.57,40.8],[65.87,40.85],[64.37,41.36],[62.01,41.03],[62.87,39.72],[63.94,38.98],[64.62,38.76],[65.77,37.54],[66.29,37.33],[67.01,37.38],[67.25,37.18],[67.65,37.25],[68.06,36.93],[68.89,37.34],[69.29,37.1],[69.52,37.58],[70.16,37.54],[70.29,37.7],[70.16,37.93],[70.71,38.41],[70.99,38.47],[71.36,38.25],[71.25,37.93],[71.58,37.91],[71.43,37.07],[71.58,36.73],[71.82,36.68],[72.71,37.09],[72.63,37.44],[72.25,37.71],[72.12,39.03],[71.57,39.51],[71.27,39.54],[70.82,39.3],[69.58,39.26],[68.76,39],[68.29,38.99],[67.46,39.2],[67.38,39.22]]]}},{"type":"Feature","properties":{"NAME":"Khiva","ABBREVN":"Khiva","SUBJECTO":"Khiva","BORDERPRECISION":3,"PARTOF":"Khiva"},"geometry":{"type":"Polygon","coordinates":[[[59.69,42.32],[59.27,42.77],[59.1,43.45],[59.38,43.61],[59.54,43.93],[58.56,44.14],[58.35,43.73],[58.19,43.67],[58.53,43.11],[58.22,43.01],[57.62,43.14],[57.87,42.41],[57.5,42.4],[57.11,42.12],[57.14,41.2],[58.82,40.85],[61.12,40.65],[61.93,40.07],[62.21,39.61],[62.81,39.07],[63.28,38.87],[64.06,38.2],[64.87,37.83],[65.07,37.62],[65.77,37.54],[65.05,38.4],[64.49,38.84],[63.94,38.98],[62.87,39.72],[61.9,41.12],[60.65,41.69],[60.29,42.16],[59.78,42.28],[59.69,42.32]]]}},{"type":"Feature","properties":{"NAME":"Southern Sakhalin Island","ABBREVN":"Southern Sakhalin Island","SUBJECTO":"Southern Sakhalin Island","BORDERPRECISION":3,"PARTOF":"Southern Sakhalin Island"},"geometry":{"type":"Polygon","coordinates":[[[143.34,49.29],[143.66,49.31],[143.32,49.31],[143.25,49.38],[143.4,49.4],[144.02,49.26],[144.74,48.65],[144.69,48.86],[144.39,49.05],[144.05,49.9],[142.13,49.89],[142.03,49.04],[141.85,48.76],[142.15,48.28],[142.19,47.95],[141.96,47.6],[142.06,47.08],[141.81,46.59],[141.93,46.05],[142.09,45.89],[142.42,46.58],[142.72,46.74],[142.8,46.59],[143.36,46.56],[143.43,46.02],[143.6,46.38],[143.49,46.81],[143.35,46.68],[143.17,46.71],[143.02,47.25],[142.62,47.59],[142.53,47.88],[142.99,49.1],[143.32,49.28],[143.34,49.29]]]}}]}