{"type":"FeatureCollection", "features": [
{"type":"Feature","geometry":{"type":"MultiPolygon","coordinates":[[[[120.3636,14.5309],[120.4714,14.8043],[120.7064,14.7286],[120.8966,14.5511],[121.2172,14.4184],[121.105,14.253],[120.7986,14.3858],[120.5106,14.112],[120.5985,13.9216],[121.0094,13.6557],[121.2497,13.7134],[121.3317,13.8279],[121.6249,13.8984],[122.0673,13.6516],[122.3941,13.3029],[122.492,13.4302],[122.3253,13.7792],[122.4854,13.8812],[123.0937,13.3806],[123.239,13.0252],[123.677,12.8927],[123.8189,12.9756],[123.3976,13.5274],[123.6612,13.6931],[123.6385,13.8329],[123.3592,13.953],[123.1318,13.692],[122.8563,13.8883],[122.7762,14.174],[122.6746,14.2691],[122.3974,14.3066],[122.1066,13.9185],[121.7288,14.1083],[121.4568,14.8827],[121.2422,15.3078],[121.3682,15.4987],[121.439,15.9181],[122.064,16.3323],[122.2033,16.5422],[122.3956,17.1143],[122.3136,17.2602],[122.0703,17.4376],[122.0074,17.7932],[122.0278,18.0092],[122.1472,18.2063],[122.0496,18.4475],[121.8398,18.2756],[121.5808,18.2941],[121.0364,18.5279],[120.8004,18.5528],[120.5644,18.4316],[120.3931,18.0438],[120.3115,17.0718],[120.2466,16.8747],[120.3034,16.4175],[120.2021,16.0425],[119.762,16.3591],[119.6814,16.1875],[119.813,15.9781],[119.7718,15.4698],[119.9717,14.9049],[120.3636,14.5309]]],[[[121.094,12.2011],[121.2736,12.5255],[121.3168,12.7416],[121.3045,13.129],[121.1807,13.3321],[121.0392,13.408],[120.3405,13.3874],[120.547,13.1528],[120.7337,12.5497],[121.094,12.2011]]],[[[125.3231,11.1239],[125.4487,11.2067],[125.3331,11.5622],[125.2464,12.2926],[125.1191,12.4766],[124.9521,12.527],[124.264,12.4176],[124.3304,12.2081],[124.8755,11.8344],[124.8542,11.4913],[125.07,11.244],[125.3231,11.1239]]],[[[121.873,10.4684],[122.2973,10.6472],[122.7062,10.9403],[122.8968,11.1504],[122.9199,11.5253],[122.4702,11.4544],[122.2106,11.5809],[121.9936,11.7583],[121.9663,11.231],[121.873,10.4684]]],[[[118.8646,10.0236],[119.217,10.2911],[119.5643,10.5016],[119.3445,11.003],[119.207,11.1297],[119.1081,10.6276],[118.9892,10.3923],[118.6997,10.0359],[118.8646,10.0236]]],[[[122.9416,9.0476],[123.133,9.2513],[122.9622,9.594],[123.1044,10.2296],[123.3121,10.7383],[123.2391,10.9224],[122.9202,10.8518],[122.7007,10.0318],[122.6021,9.9109],[122.3475,9.8151],[122.3031,9.6498],[122.3956,9.4784],[122.9416,9.0476]]],[[[117.2706,8.4508],[117.4441,8.6355],[117.7101,8.7123],[117.8571,8.8333],[117.9672,9.1131],[118.2763,9.2662],[118.5046,9.4828],[118.5577,9.6735],[118.5081,9.9211],[118.0885,9.431],[117.5359,9.0486],[117.2245,8.6858],[117.2706,8.4508]]],[[[126.0452,6.6082],[126.3217,7.1488],[126.3727,7.5365],[126.2799,7.7333],[126.2719,8.4258],[126.03,8.3808],[125.9232,8.4822],[126.0746,8.8129],[125.9339,9.1748],[125.4281,9.7836],[125.3623,9.6246],[125.4395,9.3706],[125.461,9.053],[125.2248,8.9953],[124.9909,8.7153],[124.8721,8.9247],[124.7416,8.918],[124.6706,8.4287],[124.3716,8.5615],[124.2104,8.4467],[124.0239,8.1096],[123.6628,8.0135],[123.6169,8.3375],[123.4859,8.496],[123.1358,8.4508],[122.7965,8.2722],[122.7363,8.0624],[122.384,7.9854],[122.0937,7.7751],[121.8488,7.1964],[121.8399,6.9676],[121.9919,6.8726],[122.4552,7.6932],[122.6351,7.7826],[122.7254,7.4524],[123.023,7.4784],[123.2479,7.5933],[123.3337,7.7714],[123.465,7.7907],[123.8153,7.6581],[124.0248,7.4743],[124.0736,7.2584],[123.8642,6.8513],[123.8806,6.5654],[123.9735,6.3369],[124.2241,6.0896],[124.803,5.7859],[124.9658,6.0848],[125.1295,6.0534],[125.1635,5.9074],[125.0728,5.7229],[125.2893,5.4883],[125.4615,5.7174],[125.5329,5.9399],[125.466,6.2448],[125.2804,6.5938],[125.4432,6.9627],[125.6146,7.2363],[125.7478,7.1857],[126.0452,6.6082]]]]},"properties":{"NAME":null,"ABBREVN":null,"SUBJECTO":null,"BORDERPRECISION":1,"PARTOF":null}},
{"type":"Feature","geometry":{"type":"MultiPolygon","coordinates":[[[[175.3077,-37.321],[175.2008,-37.0727],[174.6448,-36.8306],[174.8573,-36.6938],[174.7869,-36.2834],[174.3479,-35.9152],[174.609,-35.789],[174.2169,-35.3368],[173.4696,-35.0319],[173.3303,-35.0844],[172.9598,-34.8639],[173.1665,-35.4209],[173.8407,-36.1361],[174.0698,-36.1887],[174.2658,-36.4833],[174.2201,-36.557],[174.4786,-36.8622],[174.7647,-37.2965],[174.7281,-37.552],[174.9451,-37.9284],[174.9307,-38.1009],[174.7135,-38.4399],[174.7486,-38.753],[174.6547,-38.9833],[173.8048,-39.4197],[173.9921,-39.6112],[174.8893,-39.9803],[175.3536,-40.3],[175.3674,-40.4539],[175.1884,-40.679],[174.8954,-41.2961],[175.0022,-41.4438],[175.3653,-41.6616],[175.6711,-41.5196],[176.0114,-41.2553],[176.7965,-40.2714],[177.0875,-40.0399],[177.1566,-39.8542],[177.0238,-39.4452],[177.3403,-39.2272],[177.8667,-39.2069],[177.9385,-38.8296],[178.4082,-38.7712],[178.589,-38.2148],[178.5692,-37.921],[178.2413,-37.8323],[177.8429,-37.9864],[177.5284,-38.2042],[177.1342,-38.1859],[176.1292,-37.7982],[176.0045,-37.3643],[175.8377,-37.0262],[175.5347,-37.0715],[175.64,-37.4097],[175.3077,-37.321]]],[[[172.0627,-43.9231],[172.4406,-43.7933],[172.6673,-43.9263],[173.0096,-43.8438],[172.6276,-43.6923],[172.4405,-43.5094],[172.8439,-43.2055],[173.2365,-42.9856],[173.8413,-42.4883],[174.2335,-42.0112],[174.0692,-41.6959],[174.1582,-41.5162],[174.0585,-41.2914],[173.7015,-41.2536],[173.264,-41.5437],[173.1232,-41.4347],[173.0193,-41.075],[172.769,-40.8484],[172.4374,-40.7531],[172.2071,-41.0445],[172.1479,-41.5781],[171.8866,-41.8294],[171.4584,-41.9929],[171.3491,-42.2873],[171.3984,-42.5125],[171.0771,-42.7128],[171.0241,-42.8869],[170.3709,-43.2169],[169.987,-43.3595],[169.9569,-43.4821],[169.6488,-43.7408],[169.4791,-43.7863],[168.9138,-44.0972],[168.4157,-44.2209],[167.9667,-44.4802],[167.9208,-44.616],[167.521,-44.9529],[167.1375,-45.1998],[167.2812,-45.5629],[166.8553,-45.4924],[167.0095,-45.8167],[166.5511,-45.9671],[166.5228,-46.2327],[166.8505,-46.3501],[167.2016,-46.3078],[167.3376,-46.1684],[167.6205,-46.3507],[168.1541,-46.4516],[168.4173,-46.651],[168.6996,-46.6003],[169.3993,-46.7096],[170.0441,-46.3568],[170.1208,-46.2461],[170.6116,-45.9461],[171.0245,-45.0754],[171.1712,-44.9392],[171.2546,-44.5512],[170.9942,-44.2675],[171.3779,-44.3377],[171.7723,-44.0528],[172.0627,-43.9231]]]]},"properties":{"NAME":null,"ABBREVN":null,"SUBJECTO":null,"BORDERPRECISION":1,"PARTOF":null}},
{"type":"Feature","geometry":{"type":"Polygon","coordinates":[[[-24.2189,65.5337],[-23.6785,65.3167],[-22.8137,65.4709],[-21.9548,65.378],[-21.7289,65.1825],[-21.9783,64.9503],[-23.1356,64.8473],[-23.6112,64.7457],[-23.5083,64.559],[-22.2786,64.6188],[-22.0862,64.4396],[-21.4885,64.3761],[-21.8041,64.1104],[-22.5066,63.8658],[-22.3729,63.7732],[-21.5475,63.7176],[-20.4039,63.6983],[-19.8267,63.4783],[-18.6419,63.3238],[-17.9441,63.4248],[-17.5915,63.6893],[-16.5338,63.7841],[-15.6341,64.0575],[-15.2665,64.2802],[-14.8212,64.195],[-14.3659,64.4756],[-14.3481,64.6695],[-13.6942,64.7786],[-13.5256,65.1833],[-13.6469,65.4953],[-14.4001,65.5667],[-14.7541,65.6971],[-14.6407,65.9453],[-15.574,66.2068],[-15.8599,66.4187],[-16.3852,66.4544],[-16.3757,66.1321],[-16.9221,65.9776],[-18.0225,66.0778],[-17.861,65.8371],[-18.1279,65.7855],[-18.6763,66.0912],[-19.2745,65.9293],[-19.556,65.7683],[-19.9733,66.1107],[-20.2174,66.0006],[-20.1684,65.5559],[-20.8306,65.3656],[-21.0797,65.2054],[-21.4947,65.568],[-21.2425,65.8818],[-21.4432,66.1299],[-21.7791,66.2537],[-22.6764,66.3913],[-22.8411,66.281],[-22.4741,65.9964],[-22.9109,65.9444],[-23.3411,66.1337],[-23.6083,65.9796],[-23.267,65.7249],[-23.9726,65.6871],[-24.2189,65.5337]]]},"properties":{"NAME":null,"ABBREVN":null,"SUBJECTO":null,"BORDERPRECISION":1,"PARTOF":null}},
{"type":"Feature","geometry":{"type":"MultiPolygon","coordinates":[[[[-39.6949,65.187],[-39.992,65.5333],[-38.9894,65.5716],[-38.4674,65.6454],[-37.9367,66.004],[-38.0418,66.3992],[-37.1548,66.3202],[-37.5789,65.5451],[-37.0479,65.7428],[-36.3244,65.7223],[-35.9719,65.8469],[-35.708,66.3522],[-35.2477,66.2285],[-34.4331,66.384],[-33.9601,66.7669],[-33.214,67.47],[-32.956,67.641],[-32.0372,67.9847],[-32.3555,68.4542],[-32.0188,68.4474],[-31.3547,68.0456],[-30.7365,67.9276],[-30.305,67.9805],[-29.9945,68.3914],[-29.3997,68.2281],[-27.9591,68.4774],[-26.9636,68.5017],[-26.3621,68.66],[-25.3244,69.0899],[-24.8966,69.3921],[-24.3333,69.3328],[-22.7323,69.7741],[-22.1575,70.0561],[-23.5874,70.084],[-24.5847,70.304],[-25.4533,70.2871],[-26.252,70.1784],[-27.4749,70.2068],[-28.3845,70.458],[-28.0835,70.8973],[-27.6061,71.0682],[-26.3294,71.1324],[-25.6949,71.273],[-25.8496,71.4357],[-26.7875,71.5583],[-26.1202,71.6686],[-25.2913,71.5689],[-24.3864,71.1825],[-24.0402,70.7737],[-23.7537,70.5896],[-23.0842,70.4679],[-22.2032,70.4849],[-21.7138,70.3861],[-21.4708,70.5323],[-21.5918,71.211],[-21.726,71.4046],[-22.4309,71.3412],[-22.8178,71.8697],[-23.9196,72.1885],[-25.073,72.6344],[-25.7782,72.6095],[-27.0377,72.7491],[-27.3572,72.8591],[-27.4406,73.287],[-26.8266,73.4075],[-25.7629,73.3538],[-25.0099,73.4746],[-24.0764,73.7557],[-23.4938,73.5093],[-22.8203,73.3275],[-21.7085,73.2739],[-21.4405,73.3937],[-20.3296,73.4196],[-20.3536,73.8106],[-21.1525,73.9933],[-22.0288,74.104],[-21.7623,74.3055],[-19.7162,74.2128],[-19.051,74.3347],[-19.0709,74.6089],[-20.6158,74.9543],[-20.6792,75.3082],[-19.5616,75.2277],[-19.1935,75.4435],[-19.1998,75.6928],[-19.5702,76.11],[-21.217,76.2666],[-21.751,76.3666],[-22.3777,76.6359],[-21.7733,76.8238],[-21.1827,76.6975],[-20.5606,76.9112],[-19.9779,76.9463],[-18.057,76.8053],[-17.9201,77.0611],[-18.2534,77.3001],[-19.0644,77.2386],[-20.1049,77.3825],[-19.9437,77.6411],[-19.0857,77.5996],[-19.1773,77.8242],[-20.7767,77.9686],[-21.7676,77.7673],[-20.8788,78.8179],[-19.7632,78.8731],[-19.4813,79.4603],[-19.1768,79.613],[-18.1023,79.6689],[-17.7692,79.9666],[-20.2674,79.9989],[-20.0447,80.2397],[-19.045,80.4262],[-16.4409,80.451],[-15.0126,80.8577],[-14.2019,81.2101],[-12.6445,81.3858],[-12.7051,81.6213],[-14.2525,81.8354],[-16.4654,81.9036],[-17.9635,81.5177],[-19.3174,81.597],[-21.1817,81.2866],[-23.3388,80.623],[-24.1096,80.7694],[-23.5329,81.0999],[-22.0529,81.5398],[-21.7979,81.757],[-22.9476,81.9002],[-24.8766,81.5954],[-25.9747,81.8311],[-28.8907,81.7937],[-30.6513,81.8107],[-32.4145,81.6516],[-32.5981,81.9736],[-31.1347,82.1981],[-29.0164,82.2345],[-28.3914,82.3104],[-25.4572,82.221],[-22.59,82.4191],[-22.4324,82.7433],[-25.3236,82.9999],[-26.4208,83.3423],[-32.5132,83.577],[-34.4269,83.403],[-36.4871,83.5113],[-38.5872,83.3824],[-38.5872,82.8277],[-40.1946,82.9668],[-41.8811,83.2628],[-45.2129,82.9667],[-43.9554,82.4905],[-44.3228,81.8231],[-45.5252,81.8205],[-47.3192,82.0891],[-49.6476,82.4781],[-50.9054,82.3681],[-49.846,81.8113],[-50.6261,81.7888],[-52.3643,82.1205],[-53.0104,81.68],[-53.7679,82.2446],[-54.5752,82.3281],[-58.1333,82.0132],[-57.074,81.5477],[-57.4442,81.4239],[-60.0387,81.8833],[-61.1224,81.7976],[-61.1118,81.1824],[-62.8114,81.156],[-63.3582,78.2356],[-62.4487,76.3384],[-61.5075,76.2575],[-59.7835,75.9165],[-58.6357,75.7933],[-58.2285,75.6106],[-58.2053,75.2952],[-57.7743,75.0895],[-56.9394,74.919],[-55.7793,73.7045],[-55.3535,73.3463],[-54.7304,73.0376],[-54.6261,72.7213],[-55.3661,72.7278],[-55.2976,72.1612],[-55.6264,71.7304],[-55.4766,71.4891],[-55.0124,71.3346],[-54.3816,71.3047],[-53.9882,71.4141],[-53.3229,71.8908],[-52.8134,71.7434],[-52.0368,71.698],[-51.7201,71.5896],[-52.198,71.3554],[-51.6754,71.2244],[-51.3264,70.823],[-50.7995,70.3854],[-51.1528,70.3233],[-52.3675,70.6669],[-53.6281,70.8186],[-54.3735,70.7247],[-53.6663,70.357],[-52.9091,70.2894],[-51.6365,69.9402],[-50.5726,69.8663],[-50.4566,69.7376],[-50.7674,69.3364],[-50.3665,69.1939],[-50.2665,68.9532],[-50.8744,68.9446],[-50.9538,68.5393],[-51.6787,68.5005],[-52.3369,68.6641],[-52.8425,68.5058],[-50.491,67.9726],[-50.3567,67.8909],[-50.5391,67.4881],[-49.4725,67.0327],[-49.0624,64.7863],[-47.6563,62.7948],[-46.1329,61.7592],[-46.1581,60.9374],[-45.7709,61.1041],[-45.4603,60.8946],[-45.6217,60.6006],[-45.362,60.4615],[-44.6822,60.2884],[-44.7531,60.0307],[-44.4674,59.7609],[-44.0523,60.1642],[-43.5788,59.9357],[-43.7197,60.0037],[-43.848,61.0583],[-44.2581,61.8699],[-43.848,64.2061],[-42.7934,65.4031],[-39.6949,65.187]]],[[[-22.8328,72.269],[-22.1457,72.0273],[-21.8095,72.1454],[-21.8821,72.365],[-23.131,72.6775],[-23.7984,72.6605],[-23.5854,72.4404],[-22.8328,72.269]]]]},"properties":{"NAME":null,"ABBREVN":null,"SUBJECTO":null,"BORDERPRECISION":1,"PARTOF":null}},
{"type":"Feature","geometry":{"type":"MultiPolygon","coordinates":[[[[-73.1115,-72.7495],[-71.5661,-72.7495],[-70.0207,-72.6722],[-69.3253,-72.2858],[-68.6299,-72.054],[-68.3981,-71.1268],[-68.8617,-70.5086],[-69.4798,-69.9678],[-69.9434,-69.3496],[-70.3298,-68.9632],[-70.7161,-68.8087],[-71.4116,-68.886],[-71.9525,-69.0405],[-72.3944,-69.2615],[-71.7979,-69.7359],[-71.7979,-70.3541],[-72.1843,-70.5859],[-72.107,-71.0495],[-72.7252,-71.2813],[-74.116,-71.3586],[-74.6569,-71.4359],[-75.2751,-71.6677],[-75.0433,-72.054],[-74.3478,-72.2086],[-73.4206,-71.9768],[-72.0297,-71.8222],[-71.9525,-72.2086],[-72.4934,-72.4404],[-72.8797,-72.4404],[-73.1115,-72.7495]]],[[[-102.5513,-72.1313],[-101.1604,-72.3631],[-98.834,-72.5207],[-97.1424,-72.6722],[-95.9061,-72.3631],[-97.2197,-71.8222],[-101.1604,-71.8222],[-102.5513,-72.1313]]],[[[-150.9514,-76.9491],[-150.3246,-77.0983],[-149.4292,-77.0983],[-149.7873,-76.8894],[-150.4141,-76.8297],[-150.9514,-76.9491]]],[[[-55.1849,-80.9401],[-50.1624,-80.7855],[-44.8308,-80.3219],[-43.9035,-79.781],[-43.9035,-79.2401],[-44.2126,-78.3902],[-45.758,-78.0811],[-48.8488,-78.0811],[-50.2397,-78.3902],[-50.8578,-78.6992],[-51.0124,-79.3947],[-51.7078,-79.781],[-53.8713,-79.9356],[-54.9531,-80.3992],[-55.1849,-80.9401]]],[[[-164.058,-79.356],[-162.3581,-79.7424],[-160.4263,-79.9742],[-159.2026,-79.8825],[-158.8037,-79.6651],[-160.7354,-79.0469],[-162.5899,-78.8151],[-163.5171,-78.9697],[-164.058,-79.356]]],[[[169.7694,-83.4179],[167.5688,-83.3167],[168.3865,-83.0925],[167.2747,-82.9877],[164.9566,-82.4468],[163.3086,-82.0868],[162.0152,-81.6599],[160.5774,-81.5343],[160.433,-80.9064],[159.5791,-80.4418],[158.3485,-80.492],[158.135,-80.3162],[159.3154,-80.0274],[160.3451,-79.3995],[159.8428,-79.1609],[160.6856,-79.1138],[161.7732,-78.8658],[162.5937,-78.9039],[163.643,-78.6606],[164.9024,-78.5986],[166.7533,-78.5986],[165.5512,-78.3506],[165.3985,-78.1979],[164.4827,-78.0644],[164.1066,-77.6561],[163.5286,-77.74],[163.2997,-77.1867],[162.3265,-76.9577],[162.67,-76.7669],[162.6318,-76.4235],[162.3838,-76.2136],[162.7654,-75.9655],[162.8226,-75.6221],[162.4067,-75.338],[162.3456,-75.1069],[163.4141,-75.0306],[163.4332,-74.7444],[164.33,-74.7634],[165.1886,-74.668],[164.6162,-74.1719],[165.7992,-73.8285],[167.5754,-73.4757],[168.1782,-73.5834],[168.8993,-73.5403],[168.9747,-73.2389],[169.459,-73.056],[169.7281,-72.7761],[170.1048,-72.6362],[170.1156,-72.3348],[169.8896,-72.0765],[170.7291,-71.9043],[170.5246,-71.6029],[170.0833,-71.6675],[168.7428,-71.2427],[167.9629,-71.097],[167.6346,-70.8651],[164.9566,-70.6246],[164.3193,-70.5178],[162.8882,-70.5708],[162.4854,-70.3057],[161.5567,-70.3155],[161.33,-70.2315],[160.5985,-70.2209],[159.8459,-69.8287],[159.1145,-69.6061],[157.3069,-69.1564],[156.1478,-69.311],[154.4346,-68.9497],[154.2856,-68.6305],[153.9238,-68.4389],[153.6046,-68.4815],[153.7525,-68.9246],[152.3065,-68.8433],[151.0935,-68.8858],[150.8381,-68.7794],[150.8935,-68.5383],[148.7299,-68.3065],[148.2631,-68.2048],[148.0931,-67.937],[146.8755,-67.9974],[146.3903,-67.7792],[145.322,-67.5751],[145.5857,-67.2235],[145.2624,-67.0982],[144.3802,-67.1733],[143.3881,-66.9723],[142.7603,-67.0477],[142.1826,-66.9849],[141.1575,-66.7224],[138.6849,-66.5679],[136.3174,-66.3986],[134.6908,-66.083],[134.9821,-65.5974],[134.5896,-65.0225],[134.0353,-65.1847],[134.011,-65.5488],[134.2052,-66.1801],[133.3069,-66.1315],[132.9669,-66.2588],[130.2721,-66.2529],[129.4224,-66.52],[129.0096,-67.0298],[126.8003,-66.8842],[126.4118,-66.3743],[125.4407,-66.4471],[125.1251,-66.787],[123.54,-66.6452],[122.4582,-66.6452],[121.4537,-66.7997],[119.5992,-66.9156],[118.2856,-67.0701],[116.9721,-66.8383],[115.6788,-66.4143],[114.4356,-66.4932],[113.9585,-65.9884],[113.0149,-65.7631],[112.0268,-65.9884],[111.673,-65.9604],[110.6074,-66.0591],[110.568,-66.3945],[109.4037,-66.7103],[108.4368,-66.7497],[108.1014,-66.7103],[107.6224,-66.452],[107.1588,-66.452],[105.4589,-66.2974],[103.8362,-65.9884],[103.3114,-66.0661],[102.6308,-65.9262],[101.715,-65.977],[100.8754,-66.0788],[99.6543,-66.5495],[99.12,-66.8929],[98.6621,-66.6258],[98.0642,-66.5876],[97.1137,-66.6838],[95.7229,-66.5293],[93.4821,-66.6065],[90,-66.6065],[88.6536,-66.7639],[88.305,-66.0656],[88.0841,-66.1109],[87.8414,-66.452],[87.7651,-66.7487],[87.2232,-66.9929],[85.5233,-66.9156],[81.8143,-67.302],[79.8053,-67.9201],[78.2599,-68.3837],[77.7963,-68.8473],[76.8691,-69.311],[75.4009,-69.4655],[74.3964,-69.7746],[72.542,-70.2382],[71.9238,-70.5473],[71.1511,-71.32],[70.3011,-72.0154],[69.5284,-72.4018],[68.2149,-72.4018],[67.3649,-72.0927],[67.3649,-71.7063],[68.1376,-71.0882],[68.6839,-71.0603],[69.0744,-70.5877],[68.1908,-70.6699],[67.5127,-70.4644],[67.8415,-70.0329],[68.2149,-69.8518],[68.6223,-70.0329],[68.9511,-69.8891],[69.1421,-69.3882],[69.4442,-69.1904],[69.773,-68.6356],[69.683,-68.1519],[69.3739,-67.8428],[66.9785,-67.8428],[63.5787,-67.5338],[62.806,-67.611],[62.1105,-67.5338],[59.603,-67.3298],[56.6269,-66.9423],[56.7023,-66.7378],[57.1113,-66.6948],[57.1005,-66.5226],[56.1749,-66.4472],[55.1416,-65.9629],[53.7654,-65.9111],[52.4518,-65.9884],[50.5201,-66.3747],[50.006,-66.5876],[50.006,-66.8399],[50.2732,-67.1367],[48.9672,-66.9735],[48.3142,-67.018],[48.2697,-67.1812],[48.8485,-67.4335],[47.3051,-67.7749],[47.0083,-67.671],[46.9192,-67.4039],[46.3701,-67.3296],[46.0585,-67.4335],[46.0384,-67.6883],[44.797,-67.7452],[44.184,-68.036],[42.5613,-68.1133],[41.9431,-68.4224],[39.6471,-68.9336],[39.4593,-69.7007],[38.332,-70.0295],[37.2988,-69.6537],[37.6745,-69.5128],[37.5806,-69.278],[36.9856,-69.3563],[36.5316,-69.6537],[36.0776,-69.5911],[35.2979,-69.1178],[34.7155,-68.9336],[34.2934,-68.4996],[33.5413,-68.5422],[33.0247,-68.9179],[32.748,-69.3496],[31.7435,-69.5041],[30.6618,-69.736],[25.6392,-70.3541],[23.7075,-70.5859],[22.5484,-70.5859],[19.5349,-70.1609],[17.6032,-70.0837],[16.0578,-70.1609],[12.6579,-70.3155],[11.9625,-70.7018],[11.1125,-70.8564],[10.3398,-70.7018],[9.4126,-70.0837],[8.4853,-70.0837],[6.5536,-70.47],[3.3083,-70.9336],[0.6811,-71.32],[-0.787,-71.7063],[-1.2506,-71.32],[-2.7188,-71.3972],[-4.8823,-71.2813],[-6.3176,-71.425],[-6.255,-71.1536],[-5.7323,-70.895],[-6.3505,-70.6632],[-7.2004,-70.895],[-7.6327,-71.258],[-7.7413,-71.6677],[-8.8225,-71.8216],[-9.364,-71.1268],[-9.7503,-71.0495],[-11.1412,-71.5904],[-11.5989,-71.6337],[-11.8076,-71.2997],[-12.3712,-71.4041],[-12.3295,-71.6755],[-11.5571,-72.0721],[-11.8285,-72.3226],[-12.5382,-72.5104],[-14.2708,-72.8444],[-14.5839,-73.1784],[-15.7001,-73.2904],[-16.3955,-73.4449],[-17.0909,-73.9085],[-16.1637,-74.0631],[-15.0047,-73.8312],[-14.4509,-74.0646],[-17.1682,-74.7585],[-18.4045,-75.6857],[-20.6454,-75.9175],[-23.5816,-75.9175],[-25.977,-76.3039],[-30.2268,-76.8448],[-32.0813,-77.3084],[-33.1631,-77.3856],[-34.9403,-77.9265],[-36.4084,-78.622],[-36.4084,-79.1629],[-35.0175,-79.1629],[-32.854,-79.3174],[-31.8495,-79.2401],[-29.5677,-79.2243],[-29.035,-79.3765],[-28.9132,-79.8583],[-28.3723,-80.0901],[-28.9132,-80.4764],[-32.9312,-80.8628],[-38.031,-80.9401],[-41.8173,-81.4037],[-42.9763,-81.9446],[-43.8263,-81.79],[-52.2487,-82.0218],[-55.1849,-82.3309],[-57.5803,-83.0263],[-58.9711,-83.1809],[-59.2802,-82.7173],[-60.2075,-82.3309],[-63.1437,-82.0991],[-67.9344,-81.4809],[-74.8887,-80.7082],[-76.6434,-80.2146],[-78.2886,-80.3219],[-78.8295,-80.0128],[-76.4341,-79.8583],[-76.5887,-79.3947],[-77.9795,-79.0856],[-80.2203,-79.3174],[-81.3021,-79.3174],[-81.9203,-79.1629],[-82.9248,-79.1629],[-84.1037,-78.6485],[-84.1611,-78.2356],[-83.0793,-78.2356],[-82.0748,-78.7765],[-81.4566,-78.8538],[-79.1385,-78.931],[-77.7824,-78.6485],[-77.6704,-78.4674],[-78.2886,-78.3129],[-80.7612,-78.2356],[-81.6549,-77.6804],[-80.6868,-77.5665],[-77.0523,-77.9265],[-74.5024,-78.0811],[-73.0271,-77.8228],[-73.5681,-77.4811],[-75.816,-77.4629],[-78.5977,-76.6129],[-78.8295,-76.2266],[-78.4431,-75.9948],[-77.825,-75.9948],[-76.2796,-76.3039],[-75.9315,-76.4845],[-73.8813,-76.6268],[-70.5616,-76.6902],[-69.248,-76.3811],[-65.9254,-75.8403],[-64.4573,-75.6857],[-63.6846,-75.2221],[-63.221,-74.8357],[-62.6801,-74.7585],[-61.3665,-73.9085],[-60.8256,-72.7495],[-60.9802,-72.054],[-61.6756,-70.8177],[-62.1392,-70.5086],[-62.4483,-70.1223],[-63.1437,-69.4269],[-63.4528,-68.886],[-63.8391,-68.6542],[-64.5346,-68.6542],[-65.1527,-68.4996],[-65.6936,-67.8815],[-65.3845,-67.3406],[-64.38,-66.7224],[-63.8391,-66.4906],[-63.3755,-66.4906],[-62.7574,-66.6452],[-62.4483,-66.3361],[-62.371,-65.7952],[-61.5983,-65.177],[-61.1347,-64.868],[-59.8211,-64.3271],[-58.8939,-64.3271],[-58.353,-64.0952],[-57.2712,-63.7089],[-57.4258,-63.2453],[-58.1212,-63.3998],[-59.1257,-63.8634],[-60.2075,-63.9407],[-61.2892,-64.4816],[-62.9119,-64.7134],[-64.2255,-65.2543],[-64.6891,-65.5634],[-65.0755,-65.9497],[-65.7709,-66.1815],[-66.8527,-66.7997],[-67.7026,-66.877],[-67.8572,-67.5724],[-67.3163,-67.8042],[-67.0845,-68.6542],[-67.4708,-69.1951],[-68.2435,-69.3496],[-68.7844,-69.8132],[-68.6299,-70.2768],[-68.089,-70.5859],[-67.7026,-71.2813],[-67.0845,-71.8222],[-67.0845,-72.4404],[-67.6254,-72.7495],[-71.4888,-73.3676],[-75.5841,-73.754],[-77.1295,-73.6381],[-78.5204,-73.7153],[-79.7567,-73.1745],[-80.993,-73.2517],[-81.3021,-73.7926],[-81.7657,-74.0244],[-84.3929,-73.7926],[-85.9383,-73.4835],[-86.3246,-73.2517],[-87.4064,-73.4063],[-88.5655,-73.2517],[-88.72,-72.7881],[-89.2609,-72.7881],[-90,-73.329],[-93.9743,-73.1745],[-96.5242,-73.329],[-99.7882,-72.9978],[-102.1737,-73.0895],[-102.5513,-72.7881],[-103.5867,-72.7409],[-103.5867,-73.1079],[-102.9444,-73.3648],[-100.2286,-73.4382],[-99.6781,-73.6584],[-101.4214,-73.7685],[-103.2467,-73.5608],[-103.1646,-73.8602],[-101.8801,-74.0988],[-101.4948,-74.5392],[-100.5589,-74.4658],[-100.4121,-74.7594],[-99.7332,-75.0713],[-100.0451,-75.3099],[-101.7517,-75.2548],[-103.9421,-75.1062],[-105.6421,-75.0676],[-106.8011,-75.3766],[-108.3465,-75.2994],[-109.1965,-75.1448],[-110.557,-75.3029],[-110.7914,-74.9513],[-110.3373,-74.7609],[-110.4328,-74.2949],[-111.0991,-74.1749],[-111.7464,-74.2949],[-111.7437,-74.7169],[-112.3645,-74.8357],[-113.4283,-74.6876],[-113.2379,-74.3214],[-113.5016,-74.0723],[-114.1462,-73.9258],[-114.9372,-74.0577],[-114.9917,-74.4494],[-117.3871,-74.5267],[-118.0825,-74.2949],[-118.7779,-74.6039],[-120.1688,-74.5267],[-123.5687,-74.8357],[-127.1231,-74.6812],[-128.9775,-74.913],[-130.9865,-74.7971],[-133.5364,-74.7971],[-134.7728,-74.6426],[-136.7818,-74.8744],[-138.559,-75.1062],[-140.568,-75.2607],[-144.5087,-75.7243],[-146.6723,-76.1107],[-148.5268,-76.0334],[-149.6086,-76.3425],[-148.4495,-76.497],[-147.1308,-76.5312],[-146.116,-76.8596],[-146.1459,-77.4565],[-147.9859,-77.347],[-149.9949,-77.7334],[-152.0856,-77.3371],[-154.1675,-77.1152],[-156.4083,-77.1152],[-157.1511,-77.238],[-158.031,-77.2697],[-158.1855,-77.8106],[-157.3355,-78.197],[-156.0219,-78.3515],[-154.7084,-78.1197],[-154.1323,-78.3523],[-155.8674,-78.7379],[-154.5538,-79.1242],[-153.2402,-79.1242],[-151.7721,-79.2015],[-150.5802,-79.4829],[-148.6041,-79.6651],[-146.9041,-80.0514],[-145.6678,-80.5151],[-148.8359,-81.365],[-149.9949,-81.2105],[-151.5403,-81.2105],[-154.4766,-81.056],[-155.7129,-81.056],[-156.9988,-81.1963],[-156.9519,-81.3136],[-155.5686,-81.4073],[-154.2675,-81.6769],[-154.9825,-81.9114],[-154.5538,-82.1377],[-152.0812,-82.6014],[-152.9312,-82.9104],[-153.2402,-83.2968],[-153.3097,-83.9419],[-152.0039,-84.3786],[-149.6086,-84.4558],[-145.2815,-84.7649],[-138.8168,-85.013],[-139.3309,-85.2228],[-141.418,-85.2285],[-148.7586,-85.074],[-150.3812,-85.4603],[-151.463,-85.3058],[-156.5628,-85.4603],[-160.5036,-85.3831],[-167.2261,-84.7649],[-170.3169,-84.6876],[-173.8713,-84.4558],[-178.4302,-84.4558],[-180,-84.3223],[-180,-85.3223],[-180,-86.3223],[-180,-87.3223],[-180,-88.3223],[-180,-89.3223],[-180,-90],[-179.2037,-90],[-178.2037,-90],[-177.2037,-90],[-176.2037,-90],[-175.2037,-90],[-174.2037,-90],[-173.2037,-90],[-172.2037,-90],[-171.2037,-90],[-170.2037,-90],[-169.2037,-90],[-168.2037,-90],[-167.2037,-90],[-166.2037,-90],[-165.2037,-90],[-164.2037,-90],[-163.2037,-90],[-162.2037,-90],[-161.2037,-90],[-160.2037,-90],[-159.2037,-90],[-158.2037,-90],[-157.2037,-90],[-156.2037,-90],[-155.2037,-90],[-154.2037,-90],[-153.2037,-90],[-152.2037,-90],[-151.2037,-90],[-150.2037,-90],[-149.2037,-90],[-148.2037,-90],[-147.2037,-90],[-146.2037,-90],[-145.2037,-90],[-144.2037,-90],[-143.2037,-90],[-142.2037,-90],[-141.2037,-90],[-140.2037,-90],[-139.2037,-90],[-138.2037,-90],[-137.2037,-90],[-136.2037,-90],[-135.2037,-90],[-134.2037,-90],[-133.2037,-90],[-132.2037,-90],[-131.2037,-90],[-130.2037,-90],[-129.2037,-90],[-128.2037,-90],[-127.2037,-90],[-126.2037,-90],[-125.2037,-90],[-124.2037,-90],[-123.2037,-90],[-122.2037,-90],[-121.2037,-90],[-120.2037,-90],[-119.2037,-90],[-118.2037,-90],[-117.2037,-90],[-116.2037,-90],[-115.2037,-90],[-114.2037,-90],[-113.2037,-90],[-112.2037,-90],[-111.2037,-90],[-110.2037,-90],[-109.2037,-90],[-108.2037,-90],[-107.2037,-90],[-106.2037,-90],[-105.2037,-90],[-104.2037,-90],[-103.2037,-90],[-102.2037,-90],[-101.2037,-90],[-100.2037,-90],[-99.2037,-90],[-98.2037,-90],[-97.2037,-90],[-96.2037,-90],[-95.2037,-90],[-94.2037,-90],[-93.2037,-90],[-92.2037,-90],[-91.2037,-90],[-90,-90],[-89.2037,-90],[-88.2037,-90],[-87.2037,-90],[-86.2037,-90],[-85.2037,-90],[-84.2037,-90],[-83.2037,-90],[-82.2037,-90],[-81.2037,-90],[-80.2037,-90],[-79.2037,-90],[-78.2037,-90],[-77.2037,-90],[-76.2037,-90],[-75.2037,-90],[-74.2037,-90],[-73.2037,-90],[-72.2037,-90],[-71.2037,-90],[-70.2037,-90],[-69.2037,-90],[-68.2037,-90],[-67.2037,-90],[-66.2037,-90],[-65.2037,-90],[-64.2037,-90],[-63.2037,-90],[-62.2037,-90],[-61.2037,-90],[-60.2037,-90],[-59.2037,-90],[-58.2037,-90],[-57.2037,-90],[-56.2037,-90],[-55.2037,-90],[-54.2037,-90],[-53.2037,-90],[-52.2037,-90],[-51.2037,-90],[-50.2037,-90],[-49.2037,-90],[-48.2037,-90],[-47.2037,-90],[-46.2037,-90],[-45.2037,-90],[-44.2037,-90],[-43.2037,-90],[-42.2037,-90],[-41.2037,-90],[-40.2037,-90],[-39.2037,-90],[-38.2037,-90],[-37.2037,-90],[-36.2037,-90],[-35.2037,-90],[-34.2037,-90],[-33.2037,-90],[-32.2037,-90],[-31.2037,-90],[-30.2037,-90],[-29.2037,-90],[-28.2037,-90],[-27.2037,-90],[-26.2037,-90],[-25.2037,-90],[-24.2037,-90],[-23.2037,-90],[-22.2037,-90],[-21.2037,-90],[-20.2037,-90],[-19.2037,-90],[-18.2037,-90],[-17.2037,-90],[-16.2037,-90],[-15.2037,-90],[-14.2037,-90],[-13.2037,-90],[-12.2037,-90],[-11.2037,-90],[-10.2037,-90],[-9.2037,-90],[-8.2037,-90],[-7.2037,-90],[-6.2037,-90],[-5.2037,-90],[-4.2037,-90],[-3.2037,-90],[-2.2037,-90],[-1.2037,-90],[-0.2037,-90],[0.7781,-90],[1.7781,-90],[2.7781,-90],[3.7781,-90],[4.7781,-90],[5.7781,-90],[6.7781,-90],[7.7781,-90],[8.7781,-90],[9.7781,-90],[10.7781,-90],[11.7781,-90],[12.7781,-90],[13.7781,-90],[14.7781,-90],[15.7781,-90],[16.7781,-90],[17.7781,-90],[18.7781,-90],[19.7781,-90],[20.7781,-90],[21.7781,-90],[22.7781,-90],[23.7781,-90],[24.7781,-90],[25.7781,-90],[26.7781,-90],[27.7781,-90],[28.7781,-90],[29.7781,-90],[30.7781,-90],[31.7781,-90],[32.7781,-90],[33.7781,-90],[34.7781,-90],[35.7781,-90],[36.7781,-90],[37.7781,-90],[38.7781,-90],[39.7781,-90],[40.7781,-90],[41.7781,-90],[42.7781,-90],[43.7781,-90],[44.7781,-90],[45.7781,-90],[46.7781,-90],[47.7781,-90],[48.7781,-90],[49.7781,-90],[50.7781,-90],[51.7781,-90],[52.7781,-90],[53.7781,-90],[54.7781,-90],[55.7781,-90],[56.7781,-90],[57.7781,-90],[58.7781,-90],[59.7781,-90],[60.7781,-90],[61.7781,-90],[62.7781,-90],[63.7781,-90],[64.7781,-90],[65.7781,-90],[66.7781,-90],[67.7781,-90],[68.7781,-90],[69.7781,-90],[70.7781,-90],[71.7781,-90],[72.7781,-90],[73.7781,-90],[74.7781,-90],[75.7781,-90],[76.7781,-90],[77.7781,-90],[78.7781,-90],[79.7781,-90],[80.7781,-90],[81.7781,-90],[82.7781,-90],[83.7781,-90],[84.7781,-90],[85.7781,-90],[86.7781,-90],[87.7781,-90],[88.7781,-90],[89.7781,-90],[89.7963,-90],[90,-90],[91.7781,-90],[92.7781,-90],[93.7781,-90],[94.7781,-90],[95.7781,-90],[96.7781,-90],[97.7781,-90],[98.7781,-90],[99.7781,-90],[100.7781,-90],[101.7781,-90],[102.7781,-90],[103.7781,-90],[104.7781,-90],[105.7781,-90],[106.7781,-90],[107.7781,-90],[108.7781,-90],[109.7781,-90],[110.7781,-90],[111.7781,-90],[112.7781,-90],[113.7781,-90],[114.7781,-90],[115.7781,-90],[116.7781,-90],[117.7781,-90],[118.7781,-90],[119.7781,-90],[120.7781,-90],[121.7781,-90],[122.7781,-90],[123.7781,-90],[124.7781,-90],[125.7781,-90],[126.7781,-90],[127.7781,-90],[128.7781,-90],[129.7781,-90],[130.7781,-90],[131.7781,-90],[132.7781,-90],[133.7781,-90],[134.7781,-90],[135.7781,-90],[136.7781,-90],[137.7781,-90],[138.7781,-90],[139.7781,-90],[140.7781,-90],[141.7781,-90],[142.7781,-90],[143.7781,-90],[144.7781,-90],[145.7781,-90],[146.7781,-90],[147.7781,-90],[148.7781,-90],[149.7781,-90],[150.7781,-90],[151.7781,-90],[152.7781,-90],[153.7781,-90],[154.7781,-90],[155.7781,-90],[156.7781,-90],[157.7781,-90],[158.7781,-90],[159.7781,-90],[160.7781,-90],[161.7781,-90],[162.7781,-90],[163.7781,-90],[164.7781,-90],[165.7781,-90],[166.7781,-90],[167.7781,-90],[168.7781,-90],[169.7781,-90],[170.7781,-90],[171.7781,-90],[172.7781,-90],[173.7781,-90],[174.7781,-90],[175.7781,-90],[176.7781,-90],[177.7781,-90],[178.7781,-90],[180,-90],[180,-89.3192],[180,-88.3192],[180,-87.3192],[180,-86.3192],[180,-85.3192],[180,-84.3404],[176.9334,-84.0309],[174.5851,-83.8825],[172.5803,-83.8442],[171.4897,-83.5937],[169.7694,-83.4179]]]]},"properties":{"NAME":null,"ABBREVN":null,"SUBJECTO":null,"BORDERPRECISION":1,"PARTOF":null}},
{"type":"Feature","geometry":{"type":"Polygon","coordinates":[[[106.9299,11.8424],[106.7732,10.6392],[107.0356,10.4364],[107.412,10.3674],[107.6729,10.5268],[107.9387,10.8069],[108.1643,10.9662],[108.6959,11.1452],[108.8973,11.3426],[109.0734,11.6352],[109.0909,12.1181],[109.0684,12.4865],[109.3071,12.9063],[109.0711,14.17],[108.9178,14.7923],[108.7861,15.0906],[108.4989,15.3631],[108.3631,15.6233],[108.2361,16.0804],[108.0953,16.2516],[107.8092,16.2827],[107.3753,16.6915],[106.4515,16.188],[107.2689,15.1186],[107.421,14.6485],[107.6362,13.7437],[107.5434,12.2597],[106.9299,11.8424]]]},"properties":{"NAME":"Champa","ABBREVN":"Champa","SUBJECTO":"Champa","BORDERPRECISION":1,"PARTOF":"Champa"}},
{"type":"Feature","geometry":{"type":"MultiPolygon","coordinates":[[[[140.8698,-2.7948],[139.592,-2.3792],[137.8543,-1.614],[137.7039,-1.6333],[137.1107,-1.9842],[137.0842,-2.2511],[136.9141,-2.315],[136.2709,-2.4181],[135.7342,-3.2518],[135.5076,-3.4493],[135.2464,-3.5389],[134.9544,-3.4632],[134.7731,-3.3047],[134.634,-2.822],[134.4554,-3.0004],[134.2831,-2.8546],[134.1863,-2.6196],[134.0828,-2.1814],[133.9834,-2.01],[134.141,-1.5013],[133.9073,-1.0061],[133.265,-0.8613],[132.5924,-0.5704],[132.254,-0.5267],[131.8336,-0.8263],[131.4197,-1.0115],[131.2114,-1.0246],[131.1834,-1.406],[131.0644,-1.5397],[131.6268,-1.5957],[131.8156,-1.6652],[131.9734,-2.116],[132.219,-2.3443],[132.6807,-2.3814],[133.3207,-2.38],[133.5928,-2.3477],[133.855,-2.2454],[133.8836,-2.4297],[133.7808,-2.7222],[133.3213,-2.7423],[133.1208,-2.5965],[132.7187,-2.9342],[132.2019,-2.8019],[132.0158,-2.8214],[132.025,-3.0184],[132.1772,-3.0434],[132.7493,-3.3981],[132.8956,-3.6965],[132.7128,-3.8875],[132.9316,-4.2684],[133.3955,-3.9878],[133.5083,-3.7142],[133.5632,-3.4154],[133.6688,-3.2372],[133.8225,-3.2877],[133.7627,-3.5103],[133.857,-3.7707],[134.0406,-3.9482],[134.4009,-4.0682],[134.7658,-4.0356],[134.7768,-4.3089],[135.3778,-4.5618],[135.6536,-4.593],[137.3852,-5.1231],[137.8236,-5.4272],[138.2975,-6.1889],[138.5506,-6.6523],[139.0283,-7.0199],[138.6496,-7.1415],[138.904,-7.4905],[139.1561,-7.7251],[139.1536,-7.8522],[138.958,-8.145],[139.1124,-8.3227],[139.7941,-8.2132],[139.9769,-8.2382],[140.299,-8.6443],[140.9476,-9.2739],[141.4962,-9.3154],[142.3066,-9.3327],[142.6074,-9.3766],[143.3311,-9],[143.2327,-8.8223],[142.7528,-8.5118],[142.4637,-8.4362],[142.464,-8.2964],[142.97,-8.3779],[143.4368,-8.3578],[143.3561,-8.1292],[143.6674,-8.1412],[143.7918,-8.0138],[143.6648,-7.6709],[144.016,-7.8735],[144.3798,-7.7583],[144.6274,-7.7832],[144.9294,-7.9224],[145.8196,-8.0984],[146.0955,-8.4665],[146.6461,-9.2789],[146.8584,-9.431],[147.185,-9.5701],[147.3933,-9.9256],[147.6155,-10.084],[147.8736,-10.1788],[148.5605,-10.1837],[149.3286,-10.36],[149.7834,-10.4099],[150.0024,-10.7336],[150.4946,-10.7389],[150.5234,-10.6371],[150.4176,-10.2941],[150.1756,-10.1611],[149.6964,-10.035],[149.859,-9.8313],[149.8299,-9.7106],[149.1757,-9.5531],[149.0779,-9.458],[149.2368,-9.2097],[149.1977,-9.1208],[148.5887,-9.1603],[148.4588,-9.097],[148.1327,-8.6274],[148.0347,-8.2462],[147.376,-7.7963],[147.1512,-7.5617],[146.886,-7.1173],[146.9091,-6.8948],[147.1623,-6.8244],[147.6638,-6.7915],[147.6439,-6.4801],[147.3765,-6.1248],[146.8934,-6.0305],[146.0445,-5.6764],[145.7454,-5.6262],[145.5934,-5.4231],[145.7282,-4.997],[145.3775,-4.6736],[144.783,-4.3381],[144.5427,-3.9954],[144.1029,-3.9836],[143.4455,-3.6101],[142.4133,-3.3073],[142.0308,-3.1556],[140.8698,-2.7948]]],[[[149.5542,-6.4061],[150.2763,-6.3409],[150.4941,-6.2769],[151.0557,-6.0151],[151.2801,-5.6714],[151.8015,-5.7084],[152.0587,-5.4981],[151.8622,-5.2825],[151.9066,-5.1044],[152.1355,-5.0849],[152.2682,-4.7795],[152.0899,-4.3604],[151.9442,-4.5196],[151.5393,-4.4061],[151.5876,-4.9017],[151.4516,-5.0863],[151.1574,-5.0997],[151.0492,-5.1952],[150.8865,-5.5197],[150.7216,-5.6218],[150.2893,-5.7117],[150.0519,-5.6232],[149.8693,-5.4012],[149.7644,-5.6302],[149.4128,-5.739],[148.8365,-5.6449],[148.3766,-5.6586],[148.4157,-5.881],[148.7125,-5.9884],[149.0215,-6.242],[149.2086,-6.1526],[149.379,-6.2094],[149.5542,-6.4061]]],[[[123.4919,-10.3522],[123.7079,-10.3453],[124.1542,-10.2045],[124.4481,-9.9878],[124.9385,-9.5545],[125.2115,-9.3951],[126.1482,-9.0816],[126.8725,-8.8067],[127.1415,-8.5964],[127.0438,-8.4758],[126.4094,-8.5598],[125.9998,-8.6561],[125.2898,-8.7021],[125.0798,-8.7725],[124.9179,-9.0461],[124.6199,-9.2501],[123.9688,-9.5312],[123.6654,-9.748],[123.6041,-10.1295],[123.4919,-10.3522]]],[[[127.6307,-0.017],[127.6363,-0.3079],[127.8839,-0.6378],[128.2994,-1.0246],[128.3697,-0.9291],[128.0992,-0.6056],[127.9456,-0.3263],[127.8647,0.0992],[127.9007,0.2963],[128.0374,0.3665],[128.7058,0.2091],[128.6416,0.4314],[128.1896,0.6274],[128.2626,0.7673],[128.6319,1.0223],[128.545,1.4479],[128.1022,1.1991],[128.0417,0.9638],[127.802,0.7155],[127.6889,0.925],[127.9626,1.4466],[127.9866,1.5738],[127.7998,1.8974],[127.5686,1.5284],[127.4235,0.9816],[127.5222,0.7848],[127.4414,0.5368],[127.6307,-0.017]]],[[[122.9486,-8.3771],[122.8632,-8.1409],[122.715,-8.2931],[122.3436,-8.4821],[122.1659,-8.6343],[121.9798,-8.5503],[121.5782,-8.5893],[121.4314,-8.7231],[121.2794,-8.7171],[121.0788,-8.5714],[120.565,-8.3881],[120.3275,-8.395],[119.8525,-8.574],[119.9353,-8.9361],[120.5486,-8.9348],[120.9709,-9.0546],[121.2755,-8.9141],[121.6944,-8.9959],[121.8985,-8.8494],[122.0507,-8.868],[122.7112,-8.5975],[122.6962,-8.4926],[122.9486,-8.3771]]],[[[130.7838,-3.879],[130.7252,-3.4851],[130.3687,-3.13],[129.7428,-2.9788],[129.5561,-2.9856],[129.3114,-3.1323],[129.1678,-3.1389],[128.9094,-2.9997],[128.1527,-2.9695],[128.0418,-3.0588],[128.376,-3.5474],[128.6529,-3.3434],[128.9146,-3.2539],[129.0307,-3.4125],[129.4867,-3.5958],[129.5949,-3.335],[129.9141,-3.3852],[130.2971,-3.6767],[130.6093,-3.8476],[130.7838,-3.879]]],[[[138.1759,-8.5535],[138.2972,-8.5405],[138.699,-8.152],[138.8948,-7.7829],[138.568,-7.523],[138.1927,-7.6764],[137.9411,-7.9947],[137.6759,-8.4592],[138.1759,-8.5535]]],[[[126.6605,-3.8752],[127.1122,-3.7217],[127.0938,-3.5184],[126.7266,-3.2332],[126.1111,-3.2981],[126.0457,-3.4253],[126.15,-3.6285],[126.4719,-3.8502],[126.6605,-3.8752]]],[[[120.2798,-10.3782],[120.4142,-10.3525],[120.5813,-10.0978],[120.4624,-9.9265],[119.7887,-9.4576],[119.5626,-9.5089],[119.1163,-9.5226],[118.949,-9.5865],[119.0317,-9.7707],[119.4098,-9.8716],[120.2798,-10.3782]]],[[[120.4319,0.636],[120.2389,0.7881],[119.9137,0.5396],[119.6975,0.0053],[119.5782,-0.4906],[119.5972,-0.8782],[119.3963,-0.9041],[119.2437,-1.2285],[119.2048,-1.4319],[119.2471,-1.9593],[119.1746,-2.1755],[118.9637,-2.5255],[118.6836,-2.9011],[118.7964,-3.4792],[118.7914,-3.6635],[119.2257,-3.5736],[119.3653,-3.6305],[119.4611,-3.8082],[119.5045,-4.1894],[119.4462,-5.0666],[119.2946,-5.4228],[119.4768,-5.8038],[120.2481,-5.586],[120.1327,-5.2304],[120.3022,-4.944],[120.3069,-4.8042],[120.1434,-4.3978],[120.2803,-3.6539],[120.2162,-3.2346],[120.1442,-3.0759],[120.3666,-2.8974],[120.5928,-2.8016],[120.9247,-2.8263],[120.999,-3.0486],[120.9464,-3.3093],[120.8185,-3.4875],[120.8808,-3.7162],[121.508,-4.2359],[121.4165,-4.4967],[121.3928,-4.7891],[121.6487,-4.9474],[121.8728,-4.9597],[121.9735,-4.648],[122.159,-4.5142],[122.6484,-4.5131],[122.6409,-4.2843],[122.3914,-4.0878],[122.1903,-3.8468],[122.1443,-3.6626],[122.2582,-3.2111],[121.8743,-2.6527],[121.664,-2.418],[121.2649,-2.1011],[121.2671,-1.9359],[121.5858,-2.0114],[121.7465,-1.8522],[122.2229,-1.6542],[122.5943,-1.2276],[122.7571,-1.0938],[123.0019,-1.1123],[123.2127,-1.2326],[123.25,-0.9021],[122.9815,-0.7184],[122.7392,-0.8778],[122.1589,-1.0125],[121.9954,-1.1145],[121.7721,-1.0959],[121.4611,-0.9886],[121.0554,-1.5487],[120.6884,-1.5367],[120.5066,-1.4482],[120.4075,-1.1751],[120.0218,-0.9027],[119.9038,-0.6805],[119.8727,-0.4646],[119.9568,-0.1403],[120.143,0.1905],[120.3373,0.3562],[120.8263,0.4144],[121.0851,0.3769],[121.9478,0.3788],[122.4656,0.4053],[122.9831,0.3746],[123.2489,0.1846],[123.4718,0.1533],[124.234,0.3011],[124.4214,0.4794],[124.8574,1.0459],[124.9832,1.3004],[125.0162,1.5419],[124.8525,1.6242],[124.4569,1.2039],[124.4322,0.956],[124.1502,0.7966],[123.8262,0.7387],[122.9925,0.775],[122.7329,0.6728],[122.1809,0.8686],[121.5912,0.8609],[121.2631,1.1017],[120.9907,1.1646],[120.7674,1.1387],[120.5623,0.7761],[120.4319,0.636]]]]},"properties":{"NAME":null,"ABBREVN":null,"SUBJECTO":null,"BORDERPRECISION":1,"PARTOF":null}},
{"type":"Feature","geometry":{"type":"MultiPolygon","coordinates":[[[[13.2522,79.8007],[11.2843,79.7071],[10.9194,79.5452],[11.3352,79.2071],[12.157,79.3154],[12.5248,79.0586],[11.7603,78.8802],[13.0621,78.3468],[13.6184,78.2692],[14.3528,78.4279],[14.819,78.7185],[16.617,78.4673],[15.9209,78.2649],[13.9051,77.9999],[14.131,77.7664],[16.418,77.9006],[16.7116,77.7886],[16.2868,77.6152],[14.7779,77.5348],[14.4846,77.3709],[15.0989,77.1153],[16.6629,76.7269],[17.267,76.8129],[17.4849,77.2481],[17.8294,77.4889],[18.3886,77.5416],[18.7868,77.9398],[19.1158,78.4545],[19.4291,78.5866],[20.9081,78.8094],[19.9319,79.1082],[19.1516,79.2309],[18.5487,79.5597],[17.7222,79.4866],[17.8341,79.8095],[16.3263,80.0251],[15.9166,79.8418],[16.3888,79.2346],[15.7741,79.2423],[14.8101,79.8037],[14.3166,79.7219],[14.1589,79.3638],[13.283,79.4871],[13.2522,79.8007]]],[[[21.9708,79.7829],[21.6549,79.4781],[20.9833,79.3609],[20.9983,79.1911],[23.8205,79.1475],[25.3367,79.403],[27.1968,79.9444],[26.2544,80.1989],[25.034,80.1675],[24.7829,80.3797],[23.0768,80.2406],[20.5245,80.3224],[19.9154,80.6334],[19.0676,80.165],[18.3306,79.8824],[19.2181,79.7402],[20.3442,79.7963],[21.9708,79.7829]]]]},"properties":{"NAME":null,"ABBREVN":null,"SUBJECTO":null,"BORDERPRECISION":1,"PARTOF":null}},
{"type":"Feature","geometry":{"type":"Polygon","coordinates":[[[-71.6119,-17.2215],[-71.4702,-17.3927],[-71.3652,-17.6974],[-71.224,-17.8051],[-70.5841,-18.0833],[-70.4539,-18.2228],[-70.296,-18.629],[-70.2085,-19.0672],[-70.1898,-19.7596],[-70.1124,-20.6934],[-70.1106,-21.7479],[-70.2339,-22.428],[-70.2302,-22.7964],[-70.292,-22.9871],[-70.5732,-23.1656],[-70.5796,-23.4896],[-70.3595,-23.6607],[-70.4628,-23.9341],[-70.4528,-24.347],[-70.5194,-24.4551],[-70.4977,-24.8298],[-70.3981,-25.2489],[-69.0942,-25.5484],[-68.1918,-25.492],[-67.9525,-24.6451],[-67.8248,-22.4749],[-67.3562,-19.1943],[-67.2376,-18.3642],[-67.9423,-15.428],[-69.0098,-14.1857],[-69.6537,-14.1052],[-69.8745,-14.3771],[-71.6119,-17.2215]]]},"properties":{"NAME":"Tiahuanaco Empire","ABBREVN":"Tiahuanaco E","SUBJECTO":"Tiahuanaco Empire","BORDERPRECISION":1,"PARTOF":"Tiahuanaco Empire"}},
{"type":"Feature","geometry":{"type":"Polygon","coordinates":[[[80.5629,5.9317],[80.8518,5.9513],[81.2027,6.0792],[81.5999,6.4486],[81.779,6.754],[81.8662,7.0846],[81.8049,7.3132],[81.446,7.9287],[81.3261,8.2589],[81.0601,8.4108],[81.0934,8.6269],[80.6624,9.2995],[80.3476,9.4703],[80.1781,9.4452],[80.0526,9.1139],[79.896,8.9204],[79.6746,8.8049],[79.8087,8.6475],[79.7242,8.4166],[79.8322,8.1031],[79.8541,7.0612],[80.0168,6.496],[80.2222,6.058],[80.5629,5.9317]]]},"properties":{"NAME":"Simhala","ABBREVN":"Simhala","SUBJECTO":"Simhala","BORDERPRECISION":1,"PARTOF":"Simhala"}},
{"type":"Feature","geometry":{"type":"Polygon","coordinates":[[[-100.4936,20.8999],[-101.0088,20.2772],[-100.755,19.5883],[-99.9089,19.027],[-99.1415,18.9239],[-98.6215,19.2062],[-98.4828,19.8021],[-99.1069,20.5863],[-99.8349,20.8999],[-100.4936,20.8999]]]},"properties":{"NAME":"Teotihuacàn","ABBREVN":"Teotihuacàn","SUBJECTO":"Teotihuacàn","BORDERPRECISION":1,"PARTOF":"Teotihuacàn"}},
{"type":"Feature","geometry":{"type":"Polygon","coordinates":[[[-96.2059,17.8861],[-97.0615,18.0572],[-98.5869,17.9879],[-99.2109,17.7105],[-99.1762,17.2945],[-99.0158,16.8237],[-97.6855,16.3931],[-96.4375,16.2198],[-95.5014,16.5318],[-95.4321,17.4332],[-96.1879,17.8798],[-96.2059,17.8861]]]},"properties":{"NAME":"Monte Alb?n","ABBREVN":"Monte Alb?n","SUBJECTO":"Monte Alb?n","BORDERPRECISION":1,"PARTOF":"Monte Alb?n"}},
{"type":"Feature","geometry":{"type":"Polygon","coordinates":[[[-87.5706,15.908],[-87.8581,15.882],[-88.2739,15.7472],[-88.4802,15.9125],[-88.6643,15.7258],[-88.9408,15.9046],[-88.9408,16.0334],[-88.5798,16.2838],[-88.4445,16.4412],[-88.2419,17.0135],[-88.327,17.1566],[-88.2205,17.5143],[-88.3004,17.6354],[-88.1119,18.1939],[-88.1237,18.3871],[-88.3205,18.4944],[-88.3114,18.7415],[-88.1377,18.8944],[-87.8771,18.3809],[-87.6371,19.5747],[-87.8582,19.5823],[-87.6597,19.8751],[-87.6507,20.1899],[-87.5081,20.3902],[-87.07,20.8045],[-86.9359,20.9764],[-86.9216,21.3006],[-87.2006,21.5289],[-87.3709,21.5707],[-87.5969,21.4835],[-88.3337,21.59],[-88.6011,21.564],[-89.0581,21.3978],[-89.8628,21.2499],[-90,21.1607],[-90,19.3815],[-91.2197,19.1025],[-91.7025,18.8235],[-91.479,18.6338],[-91.7297,18.4157],[-92.107,18.5159],[-92.0979,18.7596],[-92.9379,18.5862],[-93.144,16.9825],[-93.5879,15.7411],[-92.9005,15.1919],[-92.4721,14.7923],[-91.9247,14.3541],[-91.5157,14.0589],[-91.242,13.9516],[-90,13.9372],[-90,13.753],[-88.2429,14.8358],[-87.5706,15.908]]]},"properties":{"NAME":"Maya states","ABBREVN":"Maya","SUBJECTO":"Maya states","BORDERPRECISION":1,"PARTOF":"Maya states"}},
{"type":"Feature","geometry":{"type":"MultiPolygon","coordinates":[[[[-155.7722,20.2129],[-156.0324,20.1959],[-155.9466,19.9892],[-156.1633,19.8084],[-156.0542,19.5035],[-156.0342,19.1057],[-155.7828,18.9455],[-155.482,19.24],[-155.1372,19.3279],[-154.9477,19.4829],[-155.2117,19.8962],[-155.4788,20.0874],[-155.7722,20.2129]]],[[[-156.1209,20.7126],[-156.3959,20.9502],[-156.7157,21.0691],[-156.8225,20.9399],[-156.615,20.7952],[-156.5067,20.5989],[-156.1209,20.7126]]],[[[-158.1791,21.6891],[-158.4344,21.452],[-158.2976,21.2765],[-157.8416,21.2902],[-158.0468,21.4589],[-158.1791,21.6891]]],[[[-167.8654,53.3234],[-167.9608,53.4901],[-168.2235,53.59],[-168.554,53.3753],[-168.3743,53.2353],[-167.8654,53.3234]]],[[[-93.144,16.9825],[-93.9423,17.0953],[-96.1879,17.8798],[-95.4321,17.4332],[-95.5014,16.5318],[-96.4375,16.2198],[-97.6855,16.3931],[-99.0158,16.8237],[-99.1762,17.2945],[-99.2109,17.7105],[-98.5869,17.9879],[-97.0615,18.0572],[-96.2059,17.8861],[-97.2348,18.2305],[-97.9975,18.9239],[-98.4482,19.7906],[-98.5869,20.3799],[-98.5175,20.9346],[-98.1708,21.1773],[-97.5266,21.2545],[-97.882,22.3326],[-97.8747,22.8412],[-97.8148,23.3753],[-97.8219,24.1429],[-100.3573,23.9698],[-104.2242,25.1157],[-107.5638,27.7646],[-109.9367,28.2044],[-110.5275,27.762],[-110.6044,27.8561],[-110.5214,27.7546],[-110.5819,27.462],[-110.3821,27.2144],[-109.9459,27.0436],[-109.7242,26.6054],[-109.5266,26.7202],[-109.1888,26.4412],[-109.1319,26.2887],[-109.3383,25.9576],[-109.2627,25.6462],[-109.1556,25.5765],[-108.8476,25.6153],[-108.683,25.3804],[-108.4993,25.2409],[-108.2255,25.1525],[-108.0126,24.9813],[-107.9157,24.6445],[-107.4038,24.2959],[-106.7573,23.5853],[-106.5116,23.3633],[-105.8389,22.5637],[-105.5399,22.2846],[-105.5084,22.1639],[-105.6283,21.9538],[-105.2936,21.5223],[-105.2343,21.141],[-105.4397,20.8354],[-105.291,20.6704],[-105.3928,20.5113],[-105.62,20.4726],[-105.6704,20.3517],[-105.173,19.6599],[-104.9479,19.4378],[-104.1973,19.058],[-103.9749,18.8805],[-103.7483,18.5949],[-103.4939,18.3539],[-102.6682,18.095],[-102.3583,18.0321],[-101.9926,18.0265],[-101.4872,17.5763],[-101.2208,17.4179],[-100.4126,17.0573],[-99.9791,16.893],[-99.2092,16.7166],[-98.8562,16.5966],[-98.1456,16.1722],[-97.8809,16.052],[-97.2938,15.9643],[-96.7517,15.7811],[-96.3329,15.7502],[-95.9927,15.8654],[-95.1302,16.2995],[-94.8347,16.3192],[-94.363,16.2248],[-94.0754,16.1112],[-93.5879,15.7411],[-93.144,16.9825]],[[-100.4936,20.8999],[-99.8349,20.8999],[-99.1069,20.5863],[-98.4828,19.8021],[-98.6215,19.2062],[-99.1415,18.9239],[-99.9089,19.027],[-100.755,19.5883],[-101.0088,20.2772],[-100.4936,20.8999]]],[[[-97.1154,28.1069],[-97.2065,28.0736],[-97.4471,27.9854],[-97.1154,28.1069]]],[[[-90.1084,30.0387],[-90,30.3163],[-90.1605,30.39],[-90.2674,30.3797],[-90.4305,30.142],[-90.34,30.0387],[-90.1084,30.0387]]],[[[-90.0922,29.2223],[-90.0787,29.5014],[-90.298,29.3737],[-90.0922,29.2223]]],[[[-91.1725,69.6467],[-90.5078,69.489],[-90.9123,69.2314],[-90.5127,68.9534],[-90.3512,68.6832],[-90.34,68.3086],[-90.0092,68.3691],[-90,69.489],[-91.1725,69.6467]]],[[[-89.7776,65.98],[-90.88,65.8931],[-89.6924,65.6733],[-90,65.7679],[-89.7776,65.98]]],[[[-91.0267,63.3946],[-90.6306,63.0961],[-90.9196,62.9462],[-91.4175,62.8529],[-90,62.9462],[-90,63.3024],[-91.0267,63.3946]]],[[[-89.7255,56.9342],[-90,57.074],[-90.4446,57.1443],[-89.7255,56.9342]]],[[[-166.7419,53.5326],[-166.3835,53.8546],[-166.7706,54.0012],[-167.1484,53.9402],[-166.9272,53.4589],[-166.7419,53.5326]]],[[[-164.7862,54.6897],[-164.9488,54.4274],[-164.5645,54.3341],[-164.0719,54.6575],[-163.5727,54.6315],[-163.2064,54.7372],[-163.3602,54.9211],[-163.7428,55.0619],[-164.1312,54.9061],[-164.5609,54.8313],[-164.7862,54.6897]]],[[[-163.2624,55.171],[-162.968,54.9487],[-162.7876,55.1516],[-163.0909,55.2727],[-163.2624,55.171]]],[[[-160.676,55.7649],[-161.3181,55.8791],[-161.8105,55.7831],[-162.2238,55.4977],[-162.5846,55.3887],[-162.5462,55.1453],[-162.2183,55.1324],[-161.5751,55.4786],[-160.8671,55.5748],[-160.676,55.7649]]],[[[-154.342,57.4873],[-154.5852,57.3637],[-154.5926,57.1448],[-153.8778,56.9413],[-153.4921,57.0513],[-153.1771,57.4074],[-152.9116,57.49],[-152.3783,57.5184],[-152.6795,57.7645],[-153.3959,57.8043],[-153.4248,57.6397],[-153.7313,57.4269],[-154.1886,57.6314],[-154.342,57.4873]]],[[[-136.4182,58.1112],[-136.5964,57.9049],[-135.8164,57.4542],[-135.8217,57.7555],[-135.115,57.6746],[-135.3249,58.0927],[-135.6718,58.0439],[-136.0245,58.215],[-136.4182,58.1112]]],[[[-171.2286,63.6512],[-171.7394,63.7504],[-172.0523,63.5995],[-171.7277,63.4571],[-170.9664,63.4586],[-169.9031,63.0752],[-169.3329,63.3973],[-170.1089,63.5603],[-170.4815,63.6884],[-171.2286,63.6512]]],[[[-135.2581,57.4142],[-135.4661,57.2292],[-134.9457,56.4535],[-134.7638,56.7937],[-135.0023,57.3258],[-135.2581,57.4142]]],[[[-104.6204,71.0925],[-104.4671,71.6545],[-105.0104,72.0447],[-105.3126,72.6501],[-105.6093,72.8711],[-106.5232,73.1949],[-108.1815,73.3829],[-108.284,73.2234],[-108.0866,72.6291],[-107.5273,72.0164],[-108.0605,71.7571],[-108.3479,71.913],[-108.9863,72.7302],[-109.8335,72.9504],[-110.5246,72.9967],[-110.0794,72.5622],[-110.5709,72.5376],[-111.1966,72.371],[-111.7255,72.3306],[-111.6408,72.7253],[-112.8389,72.9527],[-113.2413,72.944],[-113.7535,72.6976],[-114.4727,72.6251],[-114.4629,72.9893],[-114.1851,73.2442],[-114.647,73.3549],[-116.0592,73.1214],[-117.2197,72.8573],[-116.9337,72.9021],[-114.0379,72.0642],[-110.3468,71.1966],[-105.6011,71.0449],[-104.6204,71.0925]]],[[[-123.4934,74.4463],[-123.1484,74.4406],[-121.6545,73.9946],[-117.6858,73.2155],[-115.7627,73.5683],[-115.6537,73.6325],[-117.3362,74.1673],[-118.2334,74.2059],[-119.1441,74.1236],[-119.5574,74.1631],[-121.2387,74.58],[-122.3754,74.4807],[-123.4934,74.4463]]],[[[-114.1377,76.3855],[-114.948,76.4431],[-116.2964,76.2378],[-116.15,75.9345],[-115.5822,75.6853],[-116.9978,75.6492],[-117.3966,75.4071],[-116.5721,75.2014],[-115.9421,75.3103],[-115.1859,75.1543],[-113.5153,75.29],[-112.8115,75.4158],[-111.1497,75.3525],[-111.3673,75.1037],[-113.045,74.985],[-114.2173,74.8446],[-114.0933,74.6744],[-113.1061,74.5143],[-112.2028,74.4998],[-110.8692,74.721],[-109.0703,75.1329],[-107.4796,75.0121],[-106.371,75.0554],[-105.7735,75.2301],[-105.498,75.8466],[-105.9172,76.0218],[-106.8419,75.9697],[-108.1633,76.0092],[-108.3887,76.4895],[-108.965,76.871],[-109.7145,76.7502],[-110.3825,76.4349],[-109.353,76.0994],[-109.1438,75.7142],[-109.9119,75.6294],[-111.3856,75.6599],[-112.8512,76.2275],[-113.5486,76.1335],[-114.1377,76.3855]]],[[[-91.0514,74.0474],[-90.4517,73.904],[-91.3196,73.2552],[-90,73.5908],[-90,73.9998],[-91.0514,74.0474]]],[[[-91.1346,76.6325],[-89.8115,76.3725],[-90,76.5908],[-91.1346,76.6325]]],[[[-89.8115,76.3725],[-90.9901,76.1847],[-91.1564,75.9743],[-90,76.1847],[-89.8115,76.3725]]],[[[-102.1496,75.644],[-100.6194,75.7889],[-99.8957,75.615],[-100.474,75.3147],[-99.9442,75.0841],[-98.0016,75.1621],[-98.1515,75.6016],[-97.6667,75.8614],[-97.8165,76.4757],[-98.6148,76.6778],[-99.0244,76.4226],[-100.0674,76.675],[-101.1395,76.4355],[-101.8849,76.3327],[-101.6755,76.0635],[-102.5336,75.7686],[-102.1496,75.644]]],[[[-122.1508,76.582],[-122.6594,76.5386],[-122.6358,76.2764],[-122.2821,76.1506],[-121.3108,76.2958],[-120.454,75.9523],[-120.0999,75.9781],[-119.3868,76.3755],[-118.736,76.9377],[-118.2532,76.8789],[-117.8633,76.4376],[-117.413,76.43],[-116.9999,76.7279],[-116.2396,76.7804],[-116.4059,77.2335],[-115.6824,77.3812],[-116.3591,77.5784],[-117.2256,77.4127],[-117.9816,77.4199],[-119.6956,77.3133],[-121.5777,76.7021],[-122.1508,76.582]]],[[[-111.9912,77.9774],[-113.0097,77.9232],[-113.0243,77.6021],[-111.9104,77.4832],[-110.6197,77.5375],[-109.6612,77.9499],[-110.7101,78.0234],[-111.9912,77.9774]]],[[[-104.9661,78.5339],[-104.1625,78.2982],[-101.1679,78.2689],[-100.4715,77.8949],[-99.6796,77.7922],[-99.0494,77.9411],[-99.1251,78.1328],[-99.8916,78.6581],[-100.6933,78.8777],[-102.5687,79.0161],[-103.3648,79.3892],[-104.4411,79.4588],[-105.4515,79.4031],[-105.481,79.2242],[-104.1102,79.0576],[-103.5053,78.8369],[-103.3776,78.6074],[-104.5271,78.7023],[-104.9661,78.5339]]],[[[-95.097,78.4384],[-97.3098,78.8222],[-98.3432,78.8025],[-98.4372,78.6609],[-97.4598,78.1011],[-96.602,77.9981],[-95.2325,78.1315],[-95.097,78.4384]]],[[[-75.9249,82.5174],[-77.0741,82.863],[-78.6985,83.0025],[-81.5226,82.6893],[-81.287,82.3875],[-79.8906,82.0399],[-81.3906,82.0788],[-82.57,82.2246],[-84.9466,82.3795],[-86.3244,82.2058],[-90,82.0173],[-91.2186,81.8373],[-91.0799,81.5385],[-89.5592,81.4177],[-89.1925,81.0964],[-86.4368,81.3932],[-85.1924,81.3245],[-84.923,81.1224],[-85.3641,80.9907],[-84.793,80.7824],[-82.7907,80.6974],[-81.8759,80.7488],[-80.0879,81.0218],[-78.3209,80.9654],[-76.9546,81.3986],[-75.9878,82.3421],[-75.9249,82.5174]]],[[[-87.8273,80.3728],[-88.3364,80.1198],[-89.042,80.1666],[-89.4247,80.6145],[-91.0162,80.7496],[-92.0249,81.2592],[-93.2034,81.2263],[-95.0599,81.0307],[-94.2503,80.6736],[-95.0813,80.5832],[-95.5804,80.3862],[-94.675,80.1165],[-96.4334,79.9334],[-95.0394,79.3962],[-93.1776,79.5342],[-91.819,79.4382],[-90,79.1261],[-93.3026,79.2565],[-94.1893,79.1478],[-94.1034,79.0234],[-92.7015,78.4342],[-91.4238,78.305],[-90,78.2627],[-88.7594,78.4505],[-88.9559,78.7497],[-87.7873,78.7255],[-87.1654,79.1256],[-85.7585,79.3782],[-86.9967,79.4453],[-87.3406,79.6442],[-87.3357,80.093],[-87.8273,80.3728]]]]},"properties":{"NAME":null,"ABBREVN":null,"SUBJECTO":null,"BORDERPRECISION":1,"PARTOF":null}},
{"type":"Feature","geometry":{"type":"Polygon","coordinates":[[[-79.486,-7.6176],[-79.0597,-5.9691],[-79.1621,-5.8639],[-79.6543,-5.7233],[-80.6684,-6.3472],[-80.274,-6.5661],[-80.0659,-6.7563],[-79.7971,-7.1941],[-79.486,-7.6176]]]},"properties":{"NAME":"Moche","ABBREVN":"Moche","SUBJECTO":"Moche","BORDERPRECISION":1,"PARTOF":"Moche"}},
{"type":"Feature","geometry":{"type":"MultiPolygon","coordinates":[[[[-58.1395,48.5991],[-58.6518,48.3759],[-59.3185,47.9633],[-59.1566,47.6701],[-58.7004,47.7362],[-58.0905,47.7634],[-56.8037,47.616],[-56.3301,47.6365],[-56.0789,47.8652],[-55.7385,47.8724],[-55.7561,47.6506],[-55.5127,47.5859],[-55.3675,47.7949],[-54.7826,47.7112],[-55.067,47.5477],[-55.2767,47.3127],[-55.8296,47.1293],[-55.8042,46.9666],[-55.4079,46.9479],[-54.9362,47.3394],[-54.5762,47.4965],[-54.2114,47.8036],[-53.8963,47.5565],[-53.9013,47.4066],[-54.1251,47.1131],[-53.9142,46.9963],[-53.6437,47.1792],[-53.6249,46.8863],[-53.0696,46.7313],[-52.7286,47.4545],[-53.0958,47.5515],[-53.1184,47.8775],[-53.3556,47.9488],[-53.7029,47.8438],[-53.8817,48.1893],[-53.4113,48.2947],[-53.115,48.5239],[-53.249,48.6478],[-53.7626,48.5226],[-54.1296,48.8357],[-53.5091,49.2819],[-54.1579,49.4771],[-54.6199,49.4763],[-54.7662,49.2926],[-55.1073,49.2788],[-55.8508,49.5656],[-55.9684,49.6571],[-55.5654,49.9661],[-56.0671,50.1033],[-56.2731,50.0173],[-56.4904,49.7676],[-56.7836,49.8194],[-56.6615,50.0561],[-55.7703,51.0541],[-55.9274,51.2522],[-55.5565,51.3257],[-55.5608,51.5574],[-56.1524,51.4701],[-56.7015,51.1845],[-57.3556,50.5952],[-57.8601,49.9879],[-58.1277,49.4956],[-57.8142,49.2015],[-57.974,49.0834],[-58.392,49.0368],[-58.6805,48.7026],[-58.1395,48.5991]]],[[[-60.8141,45.6444],[-60.5074,45.6645],[-59.9972,45.8536],[-59.8072,46.0812],[-60.169,46.3143],[-60.4465,46.1708],[-60.7613,45.8911],[-61.072,45.9878],[-60.9626,46.1893],[-60.5839,46.3849],[-60.4285,46.7428],[-60.2598,46.9383],[-60.6271,47.1329],[-61.3806,46.3314],[-61.4088,46.0456],[-61.2485,45.7928],[-60.8141,45.6444]]]]},"properties":{"NAME":null,"ABBREVN":null,"SUBJECTO":null,"BORDERPRECISION":1,"PARTOF":null}},
{"type":"Feature","geometry":{"type":"Polygon","coordinates":[[[-96.1879,17.8798],[-93.9423,17.0953],[-93.144,16.9825],[-92.9379,18.5862],[-93.7849,18.3492],[-94.242,18.2402],[-94.5899,18.2712],[-95.0833,18.7024],[-95.3431,18.7718],[-95.8439,18.7961],[-96.0123,18.9293],[-96.5788,19.9197],[-96.7952,20.1545],[-96.8815,20.3577],[-97.2234,20.7638],[-97.5266,21.2545],[-98.1708,21.1773],[-98.5175,20.9346],[-98.5869,20.3799],[-98.4482,19.7906],[-97.9975,18.9239],[-97.2348,18.2305],[-96.2059,17.8861],[-96.1879,17.8798]]]},"properties":{"NAME":"Veracruz civilization","ABBREVN":"Veracruz","SUBJECTO":"Veracruz civilization","BORDERPRECISION":1,"PARTOF":"Veracruz civilization"}},
{"type":"Feature","geometry":{"type":"Polygon","coordinates":[[[34.7012,12.658],[35.1513,13.0519],[35.4662,14.28],[35.3277,15.423],[35.2671,16.3855],[30.5313,15.8239],[30.5313,14.093],[30.7242,13.7395],[31.2812,13.0566],[31.8049,12.5219],[32.879,12.4706],[34.2156,12.554],[34.7012,12.658]]]},"properties":{"NAME":"Alwa","ABBREVN":"Alwa","SUBJECTO":"Alwa","BORDERPRECISION":1,"PARTOF":"Alwa"}},
{"type":"Feature","geometry":{"type":"Polygon","coordinates":[[[34.4218,20.506],[29.8458,20.1164],[29.6618,18.6445],[30.3465,16.9326],[30.5313,15.8239],[35.2671,16.3855],[35.1513,18.2262],[34.4218,20.506]]]},"properties":{"NAME":"Makkura","ABBREVN":"Makkura","SUBJECTO":"Makkura","BORDERPRECISION":1,"PARTOF":"Makkura"}},
{"type":"Feature","geometry":{"type":"Polygon","coordinates":[[[33.6572,24.018],[32.7489,23.7702],[31.6401,23.7702],[30.8085,23.8626],[30.4906,22.9485],[30.5449,22.7465],[30.2417,21.736],[30.2417,20.8862],[29.8468,20.1247],[29.8458,20.1164],[34.4218,20.506],[33.7653,22.4766],[33.3453,23.354],[33.6901,23.5495],[33.6572,24.018]]]},"properties":{"NAME":"Nobatia","ABBREVN":"Nobatia","SUBJECTO":"Nobatia","BORDERPRECISION":1,"PARTOF":"Nobatia"}},
{"type":"Feature","geometry":{"type":"Polygon","coordinates":[[[-6.7056,38.2769],[-5.7817,37.9073],[-2.8249,37.7225],[-1.5313,39.2009],[-0.405,39.4324],[-0.3346,39.4257],[-0.315,39.52],[0.049,40.036],[0.358,40.303],[0.8792,41.0217],[1.3112,41.1573],[2.0807,41.2985],[2.2006,41.4461],[3.1289,41.8572],[3.0871,42.3686],[3.0019,42.7708],[3.0679,42.9446],[3.4787,43.3121],[3.8075,43.4672],[3.2735,43.7285],[2.5343,43.2665],[1.8875,42.5273],[1.5179,42.5273],[-0.8673,43.2997],[-0.8564,43.0238],[-3.8548,42.9519],[-3.8107,43.4337],[-4.8023,43.4694],[-5.5374,43.5775],[-5.9797,43.7054],[-6.4676,43.5627],[-6.808,43.5234],[-7.1513,43.5549],[-7.6363,43.7214],[-7.9795,43.7401],[-8.2202,43.6172],[-8.3104,43.353],[-9.0136,43.2809],[-9.2708,43.0487],[-9.2469,42.9008],[-8.9417,42.8242],[-8.6441,42.4197],[-8.8605,42.0145],[-8.9207,41.767],[-8.8518,41.4078],[-8.6941,40.9922],[-8.9697,40.19],[-8.9156,40.1381],[-9.1179,39.644],[-9.3977,39.2304],[-9.5224,38.6899],[-9.272,38.671],[-9.2366,38.4174],[-8.8537,38.4996],[-8.823,38.2061],[-8.9328,37.9618],[-8.8487,37.8168],[-6.7056,38.2769]]]},"properties":{"NAME":"Visigothic Kingdom","ABBREVN":"Visigothic K","SUBJECTO":"Visigothic Kingdom","BORDERPRECISION":1,"PARTOF":"Visigothic Kingdom"}},
{"type":"Feature","geometry":{"type":"Polygon","coordinates":[[[-2.6137,47.5722],[-2.7905,48.5896],[-3.0912,48.8716],[-3.5577,48.8101],[-3.6079,48.693],[-3.9989,48.7305],[-4.762,48.552],[-4.7796,48.3548],[-4.3502,48.3905],[-4.3644,47.8293],[-3.9548,47.9043],[-3.0627,47.6039],[-2.8425,47.4919],[-2.6137,47.5722]]]},"properties":{"NAME":"Broërec","ABBREVN":"Broërec","SUBJECTO":"Broërec","BORDERPRECISION":1,"PARTOF":"Broërec"}},
{"type":"Feature","geometry":{"type":"Polygon","coordinates":[[[-7.4275,55.0638],[-7.7562,55.2527],[-8.3454,55.0953],[-8.5037,54.7496],[-8.2115,54.6339],[-8.3006,54.4893],[-8.6867,54.3641],[-8.5901,54.2028],[-9.892,54.3256],[-10.1597,54.1331],[-9.9129,53.9696],[-9.8096,53.6324],[-10.1598,53.3741],[-9.8848,53.2974],[-9.6167,53.3459],[-9.1582,53.2207],[-9.5258,52.9046],[-9.6157,52.6366],[-9.8906,52.1944],[-10.4692,52.2066],[-10.2169,51.7583],[-9.8354,51.8033],[-9.8191,51.4346],[-9.2433,51.4726],[-8.8478,51.5998],[-8.5652,51.6155],[-7.7506,52.0327],[-6.9617,52.1112],[-6.8939,52.2066],[-6.406,52.2144],[-6.0431,52.8931],[-6.1722,53.4392],[-6.4434,53.8994],[-5.9122,54.0274],[-5.6615,54.3222],[-5.7999,54.5229],[-5.7849,54.7374],[-6.0182,55.093],[-6.6452,55.2064],[-7.4275,55.0638]]]},"properties":{"NAME":null,"ABBREVN":null,"SUBJECTO":null,"BORDERPRECISION":1,"PARTOF":null}},
{"type":"Feature","geometry":{"type":"Polygon","coordinates":[[[100.6799,24.1318],[100.1234,23.8535],[100.2655,21.9289],[100.3529,20.7449],[100.1227,20.1694],[100.6982,19.4789],[102.0793,19.8241],[103.2342,20.1229],[103.8334,20.1435],[106.4304,24.8738],[103.6827,26.0564],[102.2566,25.3376],[101.5146,24.6883],[100.6799,24.1318]]]},"properties":{"NAME":"Thai Kingdoms","ABBREVN":"Thai Kingdoms","SUBJECTO":"Thai Kingdoms","BORDERPRECISION":1,"PARTOF":"Thai Kingdoms"}},
{"type":"Feature","geometry":{"type":"Polygon","coordinates":[[[106.4515,16.188],[104.5754,15.7842],[104.1116,15.506],[103.9261,14.2075],[104.0189,12.909],[104.3899,11.9815],[106.9299,11.8424],[107.5434,12.2597],[107.6362,13.7437],[107.421,14.6485],[107.2689,15.1186],[106.4515,16.188]]]},"properties":{"NAME":"Chen-La","ABBREVN":"Chen-La","SUBJECTO":"Chen-La","BORDERPRECISION":1,"PARTOF":"Chen-La"}},
{"type":"Feature","geometry":{"type":"Polygon","coordinates":[[[88.3275,28.0131],[85.6543,28.5838],[80.7385,30.9026],[78.3424,32.5939],[76.843,30.2533],[76.9216,29.3878],[76.9357,29.2331],[78.541,27.6277],[80.4602,25.7086],[82.5935,24.781],[83.9848,24.781],[85.0978,25.8013],[85.9325,25.2448],[87.602,25.0593],[88.344,26.4506],[88.3275,28.0131]]]},"properties":{"NAME":"Kanauj","ABBREVN":"Kanauj","SUBJECTO":"Kanauj","BORDERPRECISION":1,"PARTOF":"Kanauj"}},
{"type":"Feature","geometry":{"type":"Polygon","coordinates":[[[92.125,22.9685],[92.9871,24.0825],[93.9091,24.9665],[94.5583,25.7086],[94.4656,26.4506],[93.9091,26.8216],[88.3275,28.0131],[88.344,26.4506],[91.5903,25.5231],[91.6831,25.0593],[91.5903,24.039],[91.5711,22.5433],[92.0413,23.115],[92.125,22.9685]]]},"properties":{"NAME":"Kamarupa","ABBREVN":"Kamarupa","SUBJECTO":"Kamarupa","BORDERPRECISION":1,"PARTOF":"Kamarupa"}},
{"type":"Feature","geometry":{"type":"Polygon","coordinates":[[[82.354,17.0859],[82.5464,17.2261],[83.077,17.5004],[83.3814,17.7107],[83.6847,18.0834],[83.9877,18.2075],[84.2627,18.4558],[85.1132,19.4423],[85.3791,19.6054],[84.7268,20.8855],[84.7268,21.9058],[84.9123,22.7405],[84.8195,23.8535],[83.9848,24.781],[82.5935,24.781],[80.4602,25.7086],[78.541,27.6277],[76.3091,27.0451],[74.1174,26.5443],[72.6277,28.3666],[76.9216,29.3878],[76.843,30.2533],[78.3424,32.5939],[76.6916,33.7592],[75.2198,34.7981],[73.8286,36.7459],[69.933,35.6329],[67.1492,34.6024],[67.2433,32.0156],[66.4323,25.4886],[66.6205,25.3175],[66.7005,25.1144],[66.7017,24.7523],[66.9995,24.7148],[67.2042,24.5882],[67.3159,24.0929],[67.6923,23.8142],[68.047,23.7641],[68.3729,23.3264],[68.7908,23.0287],[69.1072,22.8989],[69.6649,22.7892],[70.0459,22.7773],[70.3102,22.8286],[70.4106,22.7526],[70.1762,22.479],[69.9685,22.3515],[69.4922,22.2488],[68.8942,22.2857],[69.1261,21.9685],[69.7522,21.3981],[70.2099,20.948],[70.4675,20.777],[70.8551,20.6508],[71.0244,20.6575],[71.5289,20.8237],[71.8944,20.9897],[72.1209,21.1553],[72.2562,21.3526],[72.289,21.5496],[72.1271,21.8287],[72.319,22.115],[72.6956,22.1285],[72.6659,21.8489],[72.7657,21.1504],[72.9311,20.9538],[79.44,22.184],[80.0892,22.0913],[80.1847,20.9458],[80.2747,19.8653],[82.354,17.0859]]]},"properties":{"NAME":"Hindu kingdoms","ABBREVN":"Hindu states","SUBJECTO":"Hindu kingdoms","BORDERPRECISION":1,"PARTOF":"Hindu kingdoms"}},
{"type":"Feature","geometry":{"type":"Polygon","coordinates":[[[85.3791,19.6054],[85.9089,19.7235],[86.1192,19.8065],[86.6324,20.2036],[86.6379,20.3191],[86.9261,20.6913],[86.7962,21.1357],[86.9372,21.2884],[87.6407,21.5631],[87.8675,21.697],[88.053,21.9387],[88.2479,21.5961],[88.3771,21.5773],[88.5676,21.8954],[88.657,21.8574],[88.7235,21.54],[88.8809,21.5149],[89.0723,21.7743],[89.2339,21.6554],[89.4566,21.9417],[89.579,21.7006],[90,21.9303],[90,22.561],[91.0814,22.5613],[91.4102,22.7208],[91.5711,22.5433],[91.5903,24.039],[91.6831,25.0593],[91.5903,25.5231],[88.344,26.4506],[87.602,25.0593],[85.9325,25.2448],[85.0978,25.8013],[83.9848,24.781],[84.8195,23.8535],[84.9123,22.7405],[84.7268,21.9058],[84.7268,20.8855],[85.3791,19.6054]]]},"properties":{"NAME":"Shaskanka","ABBREVN":"Shaskanka","SUBJECTO":"Shaskanka","BORDERPRECISION":1,"PARTOF":"Shaskanka"}},
{"type":"Feature","geometry":{"type":"Polygon","coordinates":[[[79.7122,11.4245],[78.698,11.054],[77.1212,11.2395],[77.1212,12.0742],[76.843,12.4452],[76.2865,12.6307],[76.472,13.7437],[75.6372,13.9292],[75.0807,14.393],[74.5209,14.1551],[74.7336,13.6834],[74.9617,12.877],[75.2109,12.1024],[75.6518,11.4235],[76.0751,10.554],[76.3853,9.7477],[76.5379,9.119],[76.7035,8.7064],[77.3414,8.0533],[77.4844,8.0282],[77.8998,8.2578],[78.1358,8.4998],[78.1811,8.8112],[78.3138,8.9958],[78.7976,9.1302],[79.1596,9.2772],[78.9266,9.4927],[79.0723,9.7599],[79.2225,10.1922],[79.3063,10.2559],[79.7899,10.2506],[79.8263,10.3587],[79.7122,11.4245]]]},"properties":{"NAME":"Hindu kingdoms","ABBREVN":"Hindu kingdoms","SUBJECTO":"Hindu kingdoms","BORDERPRECISION":1,"PARTOF":"Hindu kingdoms"}},
{"type":"Feature","geometry":{"type":"Polygon","coordinates":[[[79.7122,11.4245],[79.7694,11.731],[80.2238,12.8311],[80.3135,13.1045],[80.3199,13.3332],[80.0759,13.6694],[80.1697,13.892],[80.1617,14.2541],[80.0871,14.9464],[79.44,14.9495],[79.069,15.2277],[79.069,17.2682],[78.9762,17.6393],[78.0487,17.4538],[75.0807,14.393],[75.6372,13.9292],[76.472,13.7437],[76.2865,12.6307],[76.843,12.4452],[77.1212,12.0742],[77.1212,11.2395],[78.698,11.054],[79.7122,11.4245]]]},"properties":{"NAME":"Pallavas","ABBREVN":"Pallavas","SUBJECTO":"Pallavas","BORDERPRECISION":1,"PARTOF":"Pallavas"}},
{"type":"Feature","geometry":{"type":"Polygon","coordinates":[[[75.0807,14.393],[78.0487,17.4538],[78.9762,17.6393],[79.069,17.2682],[79.069,15.2277],[79.44,14.9495],[80.0871,14.9464],[80.0894,15.1752],[80.3002,15.6457],[80.4598,15.7731],[80.736,15.8373],[80.9631,15.7234],[81.0879,15.8268],[81.2531,16.2259],[81.3691,16.3469],[81.789,16.3287],[82.0814,16.4627],[82.2346,16.6473],[82.354,17.0859],[80.2747,19.8653],[80.1847,20.9458],[80.0892,22.0913],[79.44,22.184],[72.9311,20.9538],[73.1129,20.8271],[73.1097,20.6873],[72.8644,20.312],[72.7595,20.0576],[72.8534,19.2447],[73.0642,18.0317],[73.4093,16.5585],[73.5727,16.0379],[73.8414,15.3905],[74.4015,14.4196],[74.5209,14.1551],[75.0807,14.393]]]},"properties":{"NAME":"Chalukyas","ABBREVN":"Chalukyas","SUBJECTO":"Chalukyas","BORDERPRECISION":1,"PARTOF":"Chalukyas"}},
{"type":"Feature","geometry":{"type":"Polygon","coordinates":[[[5.7683,51.3976],[3.9839,51.8681],[3.5203,51.5791],[3.7435,51.4605],[3.6813,51.3214],[2.9953,51.3135],[2.5221,51.0911],[4.1975,50.9357],[4.8876,50.9357],[5.1215,50.9357],[5.7683,51.3976]]]},"properties":{"NAME":null,"ABBREVN":null,"SUBJECTO":null,"BORDERPRECISION":1,"PARTOF":null}},
{"type":"Feature","geometry":{"type":"Polygon","coordinates":[[[127.4046,39.0753],[127.2769,39.2217],[127.4408,39.6237],[127.6715,39.8664],[127.9313,39.9562],[128.2362,39.9696],[128.4466,40.0659],[129.177,40.6302],[129.4778,40.682],[129.6311,41.2778],[129.6413,41.6558],[129.8247,41.8614],[130.4676,42.2988],[131.0646,42.7492],[131.5842,43.2127],[131.6746,43.0266],[132.1818,43.1946],[132.4847,42.8805],[132.8274,42.8619],[132.1223,44.6297],[130.5456,45.3717],[129.9505,45.2867],[129.247,45.1862],[127.2993,43.2384],[124.7023,42.3109],[122.0824,40.488],[122.1079,40.3537],[121.6681,39.9054],[121.2394,39.5538],[121.2822,39.3499],[121.6602,39.3315],[121.1237,38.8651],[121.2165,38.757],[121.4884,38.8786],[122.0275,39.2558],[123.0391,39.6722],[123.3664,39.7494],[123.9165,39.8079],[124.1041,39.8848],[124.4428,39.573],[124.9223,39.6186],[125.2961,39.3643],[125.0279,38.8156],[125.2937,38.6887],[127.4046,39.0753]]]},"properties":{"NAME":"Koguryo","ABBREVN":"Koguryo","SUBJECTO":"Koguryo","BORDERPRECISION":1,"PARTOF":"Koguryo"}},
{"type":"Feature","geometry":{"type":"Polygon","coordinates":[[[128.1645,34.7995],[128.0413,36.5604],[127.6703,37.2096],[126.3919,37.6143],[126.443,37.4743],[126.7863,37.0739],[126.7996,36.9466],[126.6854,36.8382],[126.3909,36.9585],[126.2548,36.9073],[125.9603,36.7221],[126.3614,36.6275],[126.4367,36.1313],[126.6264,35.9281],[126.5248,35.737],[126.525,35.578],[126.3003,35.3677],[126.2254,35.164],[126.3601,34.6688],[126.4096,34.269],[126.6168,34.4091],[126.8245,34.4286],[127.3591,34.8042],[127.596,34.8935],[127.8405,34.9385],[128.1645,34.7995]]]},"properties":{"NAME":"Paekche","ABBREVN":"Paekche","SUBJECTO":"Paekche","BORDERPRECISION":1,"PARTOF":"Paekche"}},
{"type":"Feature","geometry":{"type":"Polygon","coordinates":[[[127.4046,39.0753],[125.2937,38.6887],[125.2686,38.5676],[124.9294,38.4649],[124.7362,38.2798],[124.7697,37.9359],[125.077,37.7709],[125.2694,37.4847],[125.5617,37.8355],[125.7412,37.785],[125.909,37.5115],[126.2097,37.7541],[126.3919,37.6143],[127.6703,37.2096],[128.0413,36.5604],[128.1645,34.7995],[128.438,35.0604],[128.553,35.1052],[128.8085,35.0103],[128.9178,35.0296],[129.06,35.1698],[129.2853,35.5073],[129.4668,35.9275],[129.1775,35.9587],[129.2353,36.2451],[129.25,37.0089],[129.1293,37.3079],[128.4511,38.2554],[128.1441,38.5346],[127.956,38.6941],[127.4046,39.0753]]]},"properties":{"NAME":"Silla","ABBREVN":"Silla","SUBJECTO":"Silla","BORDERPRECISION":1,"PARTOF":"Silla"}},
{"type":"Feature","geometry":{"type":"MultiPolygon","coordinates":[[[[139.4781,38.3255],[139.4398,38.1884],[139.1979,37.9204],[138.8562,37.7351],[138.699,37.4482],[138.3172,37.2055],[137.464,36.8537],[137.1762,36.6431],[136.983,36.8336],[137.0138,37.0374],[137.3349,37.2735],[137.3096,37.4327],[136.8108,37.3107],[136.6404,37.1703],[136.6685,36.6675],[136.5015,36.4635],[135.9779,35.9725],[135.928,35.6035],[135.7271,35.4505],[135.3577,35.3225],[135.188,35.443],[135.157,35.6465],[134.7558,35.5312],[133.8041,35.4275],[133.0062,35.2541],[132.9808,35.4449],[132.6629,35.3806],[131.6723,34.502],[131.3341,34.2918],[130.8923,34.2464],[130.7793,33.9669],[130.899,33.9037],[131.3942,33.9364],[131.995,33.8043],[131.9973,34.09],[132.1835,34.2872],[132.3867,34.2685],[132.4812,34.1291],[132.8477,34.2631],[133.5891,34.4424],[133.8253,34.3857],[134.4273,34.6282],[134.9357,34.5404],[135.2057,34.6171],[135.317,34.4713],[134.9692,34.1342],[135.0629,33.69],[135.7557,33.3423],[136.1992,34.0034],[136.3938,34.1117],[136.7669,34.1696],[136.8986,34.2587],[136.5071,34.5182],[136.7339,34.8741],[137.0418,34.7287],[137.2482,34.4816],[137.7592,34.5525],[138.1491,34.5279],[138.4502,34.903],[138.751,34.9226],[138.7498,34.6497],[139.0228,34.6883],[139.0529,35.0249],[139.2086,35.1651],[139.4226,35.1655],[139.6827,35.4458],[140.0029,35.4974],[139.7881,34.9628],[139.8301,34.836],[140.3166,35.0338],[140.3949,35.4091],[140.8343,35.6771],[140.5554,35.9691],[140.5466,36.2872],[140.6556,36.6183],[140.9639,36.9563],[140.9822,37.2682],[140.8722,37.9174],[139.4781,38.3255]]],[[[130.744,30.8878],[130.9597,31.193],[131.2106,31.3523],[131.3193,31.5112],[131.4069,32.0828],[131.563,32.4322],[131.831,32.6931],[131.7953,32.8073],[131.4136,33.1112],[131.6698,33.3085],[131.5688,33.4861],[131.286,33.3903],[130.9711,33.5039],[130.8595,33.6751],[130.4266,33.6742],[130.1762,33.3372],[129.8583,33.2604],[129.528,33.2978],[129.3434,33.1514],[129.8459,32.5874],[130.1075,32.9308],[130.2574,32.912],[130.4965,32.557],[130.444,32.2839],[130.0589,31.9721],[130.2193,31.5597],[130.0601,31.2166],[130.2329,31.0265],[130.4044,31.23],[130.4744,31.4396],[130.7325,31.4783],[130.5541,30.97],[130.744,30.8878]]],[[[132.6988,32.5489],[132.9697,32.7653],[133.1542,33.2164],[133.5165,33.3949],[133.7269,33.3762],[133.9986,33.1483],[134.5191,33.6508],[134.6098,33.8986],[134.5404,34.0127],[134.0102,34.1893],[133.8056,34.1762],[133.4629,33.8835],[133.2455,33.8006],[132.9687,33.7936],[132.7843,33.9075],[132.4499,33.5196],[132.1211,33.3475],[132.3426,33.1068],[132.4671,32.7579],[132.6988,32.5489]]]]},"properties":{"NAME":"Yamato","ABBREVN":"Yamato","SUBJECTO":"Yamato","BORDERPRECISION":1,"PARTOF":"Yamato"}},
{"type":"Feature","geometry":{"type":"Polygon","coordinates":[[[140.8722,37.9174],[141.0967,38.2618],[141.4964,38.4219],[141.5686,38.7852],[141.8878,39.13],[141.9985,39.4489],[141.9981,39.672],[141.6756,40.3162],[141.4671,40.5141],[141.4369,41.2694],[141.087,41.4416],[140.7745,41.2552],[141.0766,41.1021],[141.1526,40.8654],[140.657,40.7236],[140.3864,40.9855],[140.1597,40.729],[139.9152,40.575],[139.985,40.1146],[139.8046,39.8907],[140.0111,39.6935],[140.0301,39.4832],[139.8961,38.9985],[139.7457,38.6796],[139.4781,38.3255],[140.8722,37.9174]]]},"properties":{"NAME":null,"ABBREVN":null,"SUBJECTO":null,"BORDERPRECISION":1,"PARTOF":null}},
{"type":"Feature","geometry":{"type":"MultiPolygon","coordinates":[[[[112.6784,-7.7188],[109.8622,-7.4962],[107.5434,-7.1252],[105.7943,-6.2893],[105.6722,-6.4563],[105.6335,-6.7552],[105.2862,-6.7712],[105.1848,-6.8657],[105.89,-6.9326],[106.3655,-7.0397],[106.5466,-7.16],[106.3447,-7.3702],[106.4837,-7.5034],[107.2068,-7.5336],[107.3676,-7.565],[107.7297,-7.7867],[108.1602,-7.8556],[108.3607,-7.8361],[108.6104,-7.7021],[109.0372,-7.7203],[109.5436,-7.8399],[110.0382,-7.9914],[110.4154,-8.2067],[110.7777,-8.3203],[112.0934,-8.4446],[112.4144,-8.4884],[112.8358,-8.3476],[113.0738,-8.3471],[113.7438,-8.5999],[114.1048,-8.6881],[114.0692,-8.434],[114.2522,-8.0204],[114.2308,-7.9315],[113.9484,-7.8241],[113.5587,-7.9139],[113.0727,-7.8768],[112.6784,-7.7188]]],[[[115.0724,-8.7814],[115.2437,-8.5903],[115.5005,-8.469],[115.0844,-8.2347],[114.645,-8.331],[114.5107,-8.4521],[115.0724,-8.7814]]]]},"properties":{"NAME":"Mataram","ABBREVN":"Matara","SUBJECTO":"Mataram","BORDERPRECISION":1,"PARTOF":"Mataram"}},
{"type":"Feature","geometry":{"type":"Polygon","coordinates":[[[102.7016,0.5658],[102.2783,0.7428],[102.1359,0.9395],[102.0098,1.2697],[101.8681,1.4346],[101.4743,1.5481],[101.2758,1.7192],[101.0598,2.081],[100.8317,2.1758],[100.8543,1.8772],[100.7319,1.8706],[100.4565,2.1178],[100.1214,2.5428],[99.8632,2.5676],[99.8584,2.9044],[98.6253,3.6579],[98.1455,4.0699],[98.1738,4.3813],[97.9428,4.5205],[97.5293,5.0407],[97.3841,5.1801],[96.7527,5.0644],[96.1873,5.1458],[96.0247,5.2153],[95.7405,5.4689],[95.4641,5.5699],[95.2832,5.5505],[95.1906,5.4105],[95.3082,4.9596],[95.5609,4.5345],[95.8276,4.2237],[96.3944,3.6467],[96.7204,3.7046],[97.2545,3.1402],[97.5087,2.7405],[97.5971,2.2514],[97.9825,2.1124],[98.3026,1.9352],[98.6006,1.7071],[98.7193,1.4786],[98.6891,1.3705],[99.1133,0.2212],[99.401,0.0884],[99.6966,-0.1524],[99.972,-0.5013],[100.272,-0.9709],[100.6503,-1.631],[100.7963,-2.0247],[100.8121,-2.336],[101.3455,-3.0149],[101.6596,-3.3193],[102.1107,-3.6043],[102.2865,-3.9788],[102.4622,-4.1818],[103.0686,-4.6127],[103.5235,-4.9994],[103.8725,-5.3418],[104.5685,-6.0712],[104.6422,-5.9757],[104.4647,-5.6392],[104.5634,-5.6009],[105.0328,-5.8795],[105.1867,-5.5423],[103.6479,-3.0441],[103.6479,-2.4876],[102.7204,-1.3746],[102.4421,-0.0761],[102.7016,0.5658]]]},"properties":{"NAME":null,"ABBREVN":null,"SUBJECTO":null,"BORDERPRECISION":1,"PARTOF":null}},
{"type":"Feature","geometry":{"type":"Polygon","coordinates":[[[100.3019,7.8868],[99.1186,7.6428],[99.2939,7.3192],[99.5717,7.2626],[99.6397,7.0658],[99.663,6.71],[99.8338,6.5388],[100.222,6.5206],[100.1391,6.1773],[100.2237,5.8535],[100.3797,5.0214],[100.5593,4.7359],[100.6076,4.5517],[100.5766,4.2022],[100.6643,3.9037],[101.0669,3.5361],[101.2643,3.2252],[101.3364,2.7805],[101.4338,2.6664],[101.8926,2.3369],[102.7169,1.8812],[103.4277,1.3808],[103.6084,1.4447],[104.1756,1.3887],[103.8304,2.1696],[103.6781,2.4107],[103.4396,2.6326],[103.3078,3.0263],[103.3393,3.3123],[103.3078,3.7951],[103.3681,4.1828],[103.3418,4.8054],[102.8023,5.5604],[102.3251,6.0994],[102.0897,6.1434],[101.6796,6.4643],[101.5599,6.7395],[101.428,6.8282],[101.2175,6.8023],[100.6149,6.9789],[100.3446,7.4405],[100.3019,7.8868]]]},"properties":{"NAME":"minor states under Indian influence","ABBREVN":"minor states under Indian influence","SUBJECTO":"minor states under Indian influence","BORDERPRECISION":1,"PARTOF":"minor states under Indian influence"}},
{"type":"Feature","geometry":{"type":"MultiPolygon","coordinates":[[[[117.9377,-8.54],[117.8172,-8.8136],[117.5542,-8.7392],[117.5138,-8.6133],[116.9584,-8.5293],[116.6627,-8.7025],[116.6632,-9.0593],[116.9764,-9.1777],[117.2766,-9.1452],[117.8409,-8.9544],[117.9739,-8.9754],[118.216,-8.7392],[118.2746,-8.927],[118.658,-8.8562],[118.8726,-8.6715],[118.8633,-8.4808],[118.2671,-8.2774],[118.1301,-8.3426],[117.9479,-8.1619],[117.691,-8.2672],[117.7054,-8.4388],[117.9377,-8.54]]],[[[114.2185,-3.4319],[114.3562,-3.6032],[114.5046,-3.9651],[114.4936,-4.1558],[114.7124,-4.2062],[115.5681,-3.8039],[115.8063,-3.5365],[115.9559,-3.1993],[116.202,-2.9001],[116.2445,-2.703],[116.0408,-2.4429],[116.3491,-2.4168],[116.2455,-2.1056],[116.0463,-1.9345],[116.3842,-1.6605],[116.5789,-1.3677],[117.0456,-0.9346],[117.3703,-1.0038],[117.4298,-0.6224],[117.3182,-0.1397],[117.375,0.1973],[117.5343,0.6107],[117.7083,0.8207],[117.8597,0.8655],[118.2183,0.7583],[118.5561,0.7463],[118.7652,0.823],[118.5173,1.1656],[118.2473,1.3874],[117.9128,1.5901],[117.6964,1.9009],[117.8483,2.2253],[117.8292,2.3143],[117.342,3.0249],[117.139,3.1706],[117.2151,3.2724],[117.074,3.5072],[117.5802,3.5655],[117.6839,3.6292],[117.5405,3.9403],[117.5892,4.0484],[118.1124,4.1448],[118.3187,4.2342],[118.3912,4.3742],[117.9918,4.6846],[117.9484,4.7989],[118.1084,4.939],[118.6828,4.9149],[118.8813,4.9788],[119.0426,5.1698],[118.843,5.3409],[118.377,5.6385],[118.256,5.6637],[117.7616,5.58],[117.9183,5.8028],[117.8665,5.9043],[117.3701,5.7889],[117.3536,5.8778],[117.5409,6.2404],[117.5071,6.3928],[117.1681,6.6144],[117.0311,6.8365],[116.889,6.6456],[116.7405,6.6897],[116.5956,6.8991],[116.3378,6.3585],[116.0987,6.0975],[115.9708,5.8811],[115.7871,5.7401],[115.7173,5.4676],[115.2917,5.454],[115.2031,5.2759],[115.4178,5.1111],[115.3614,4.8759],[114.8778,4.8558],[114.7452,4.9844],[114.4503,4.5626],[114.1666,4.5112],[113.8148,4.2626],[113.4231,3.7598],[113.1875,3.6146],[112.9517,3.1552],[112.7592,3.0086],[112.3013,2.8742],[111.6345,2.7202],[111.3718,2.5989],[111.1338,2.0329],[110.9698,1.7593],[110.8934,1.5113],[111.1199,1.2703],[110.8176,1.2443],[110.2895,1.5164],[109.9018,1.5536],[109.7231,1.6168],[109.554,1.8007],[109.2824,1.8827],[109.1462,1.5202],[108.9555,1.2593],[108.8143,0.8078],[108.8703,0.5411],[108.841,0.3313],[108.9991,0.1982],[109.1578,-0.0747],[109.0734,-0.4053],[109.4286,-0.7096],[109.1789,-0.869],[109.5998,-1.1223],[109.7828,-1.3062],[110.2332,-1.3004],[111.643,-2.1908],[113.0528,-2.265],[114.0174,-2.7102],[114.2185,-3.4319]]]]},"properties":{"NAME":null,"ABBREVN":null,"SUBJECTO":null,"BORDERPRECISION":1,"PARTOF":null}},
{"type":"Feature","geometry":{"type":"MultiPolygon","coordinates":[[[[102.7016,0.5658],[102.4421,-0.0761],[102.7204,-1.3746],[103.6479,-2.4876],[103.6479,-3.0441],[105.1867,-5.5423],[105.304,-5.5802],[105.4757,-5.815],[105.7285,-5.8271],[105.7956,-5.3503],[105.7967,-4.7339],[105.6932,-4.3083],[105.7111,-4.1049],[105.9428,-3.2147],[105.6287,-2.9103],[105.4449,-2.5993],[104.9946,-2.4668],[104.6778,-2.6708],[104.6098,-2.5757],[104.8126,-2.1558],[104.5675,-2.1373],[104.3524,-1.8899],[104.2977,-1.3625],[104.1212,-1.1405],[103.7469,-1.1159],[103.3842,-0.8943],[103.2376,-0.6595],[103.4087,-0.5002],[103.6866,-0.1183],[103.7222,0.0152],[103.2405,0.459],[102.7016,0.5658]]],[[[112.6784,-7.7188],[112.5009,-7.4649],[112.5366,-7.2645],[112.2748,-7.0269],[111.9168,-6.9577],[111.3297,-6.9082],[111.0447,-6.8516],[110.8146,-6.5343],[110.6133,-6.5411],[110.4915,-6.6621],[110.3959,-6.9547],[110.0273,-7.0445],[109.382,-6.9886],[109.1611,-7.0231],[108.9534,-6.9387],[108.5558,-6.9205],[108.4754,-6.6855],[108.1733,-6.3557],[107.7687,-6.4519],[107.5246,-6.3508],[107.3396,-6.1541],[106.9451,-6.026],[106.864,-6.2696],[106.628,-6.3094],[106.5213,-6.11],[106.3081,-6.1309],[105.9332,-6.026],[105.7943,-6.2893],[107.5434,-7.1252],[109.8622,-7.4962],[112.6784,-7.7188]]],[[[106.5527,-3.1752],[106.4707,-2.9212],[106.6427,-2.7111],[106.3286,-2.572],[106.0365,-2.204],[105.8963,-1.8039],[105.7224,-1.7471],[105.6557,-1.957],[105.4267,-1.7096],[105.3214,-1.8179],[105.1997,-2.1105],[105.2518,-2.1739],[105.5835,-2.205],[105.8118,-2.3824],[105.9947,-2.8904],[106.5527,-3.1752]]],[[[114.2185,-3.4319],[114.0174,-2.7102],[113.0528,-2.265],[111.643,-2.1908],[110.2332,-1.3004],[109.7828,-1.3062],[109.9409,-1.6426],[109.9462,-1.8587],[110.0659,-2.494],[110.1023,-3.0785],[110.3651,-2.9954],[110.6525,-2.9884],[110.7968,-3.1724],[111.436,-2.974],[111.5872,-2.7957],[111.7286,-3.2593],[111.7395,-3.647],[111.9034,-3.6148],[112.0469,-3.4556],[112.2456,-3.398],[112.5777,-3.4227],[112.7954,-2.971],[112.9493,-3.0406],[113.1235,-3.2436],[113.4608,-3.3827],[113.6084,-3.6111],[113.7445,-3.5981],[113.9706,-3.3625],[114.2185,-3.4319]]]]},"properties":{"NAME":"minor states under Indian influence","ABBREVN":"minor states under Indian influence","SUBJECTO":"minor states under Indian influence","BORDERPRECISION":1,"PARTOF":"minor states under Indian influence"}},
{"type":"Feature","geometry":{"type":"Polygon","coordinates":[[[54.0331,38.9927],[54.0714,38.8969],[53.9373,38.5713],[53.9373,38.1594],[53.8799,38.0254],[54.0674,36.9415],[53.7997,36.679],[53.139,36.6435],[52.6022,36.5769],[51.7955,36.4323],[51.417,36.4557],[50.561,36.6864],[50.2522,36.8948],[50.0387,37.2247],[49.4758,37.2916],[49.0595,37.3976],[48.8372,37.511],[48.7448,37.727],[48.825,38.3096],[49.0521,38.9319],[49.0414,39.1447],[49.3393,39.283],[49.5414,39.8786],[49.5733,40.1765],[49.9137,40.3254],[50.3073,40.3254],[50.1902,40.5701],[49.8073,40.5807],[49.3499,40.953],[49.2435,41.2934],[48.8925,41.687],[48.5004,41.9287],[48.2541,42.2484],[44.3913,41.8805],[44.2065,41.5109],[43.1901,40.3097],[38.3757,33.5316],[39.4902,33.3623],[47.614,29.2722],[47.8449,29.5032],[47.996,29.4903],[47.9114,29.8903],[48.7138,30],[48.9457,30.3879],[49.2222,30.4775],[49.3214,30.1029],[49.7178,30.0021],[50.1324,30.0664],[50.3598,29.7429],[50.7047,29.4006],[50.7025,29.1338],[50.7968,29.0133],[51.3501,28.0361],[51.6113,27.827],[51.9616,27.7769],[52.4104,27.581],[52.8908,27.0523],[53.3807,26.9096],[53.6339,26.7479],[54.0649,26.7014],[54.6461,26.3913],[54.9255,26.538],[55.0981,26.7374],[55.3401,26.7994],[55.4249,26.9631],[55.8053,27.0051],[55.8997,27.1048],[56.4309,27.1066],[56.7904,26.9739],[56.9291,26.7519],[56.935,26.4645],[57.0663,26.3075],[57.1124,26.0762],[57.2451,26.0185],[57.2548,25.7933],[57.8051,25.6483],[57.9005,25.5409],[58.7444,25.536],[59.0315,25.3079],[59.3021,25.3402],[60.2982,25.3232],[60.4796,25.2982],[60.8583,25.0957],[61.344,25.0269],[61.8133,25.0533],[62.4496,25.1626],[63.4035,25.1646],[63.6503,25.3366],[64.0592,25.401],[64.2383,25.2108],[64.425,25.1731],[65.2157,25.2701],[65.7688,25.3093],[66.3001,25.4947],[66.4323,25.4886],[67.2433,32.0156],[67.1492,34.6024],[67.0578,37.1169],[66.7795,38.0444],[65.0173,38.5081],[62.6985,39.9921],[61.9565,41.2907],[61.2145,41.1052],[60.6452,40.8871],[56.8552,39.4356],[54.0331,38.9927]]]},"properties":{"NAME":"Sasanian Empire","ABBREVN":"Sasanian E","SUBJECTO":"Sasanian Empire","BORDERPRECISION":1,"PARTOF":"Sasanian Empire"}},
{"type":"Feature","geometry":{"type":"Polygon","coordinates":[[[57.3594,23.8585],[57.4557,21.6847],[57.9313,20.4009],[58.0444,20.433],[58.4031,20.3575],[58.512,20.4212],[58.8614,21.1145],[59.2588,21.4774],[59.5357,21.8021],[59.8373,22.2792],[59.8257,22.3745],[59.4614,22.5389],[59.2543,22.729],[58.6285,23.4583],[58.4647,23.5088],[58.0807,23.5016],[57.3594,23.8585]]]},"properties":{"NAME":"Mazun","ABBREVN":"Mazun","SUBJECTO":"Mazun","BORDERPRECISION":1,"PARTOF":"Mazun"}},
{"type":"Feature","geometry":{"type":"Polygon","coordinates":[[[47.614,29.2722],[39.4902,33.3623],[38.3757,33.5316],[36.1677,30.423],[35.1116,28.0721],[35.4365,27.7297],[35.8311,27.0952],[36.3122,26.4227],[38.1926,26.7749],[38.7915,26.5753],[43.4663,19.1793],[45.4787,15.9956],[46.6764,15.796],[48.8722,16.5945],[50.7685,16.7941],[52.3566,16.2339],[52.6522,16.4887],[52.8943,16.61],[53.6813,16.8975],[54.0843,17.0191],[54.4069,17.0452],[54.7561,16.9507],[54.9106,16.9701],[55.1948,17.1486],[55.2904,17.6761],[55.5611,17.9372],[56.0128,17.9318],[56.2576,17.9768],[56.5494,18.2188],[56.6086,18.4667],[56.7389,18.6894],[57.1862,18.9381],[57.657,18.9709],[57.8386,19.0348],[57.7784,19.3142],[57.8061,20.172],[57.9313,20.4009],[57.4557,21.6847],[57.3594,23.8585],[56.7942,24.2676],[56.6108,24.4769],[56.4054,24.8195],[56.4063,25.3087],[56.366,25.4547],[56.1613,25.4733],[56.405,25.8614],[56.3671,26.2361],[56.0155,25.7716],[55.5305,25.373],[55.4572,25.4202],[55.0908,25.02],[54.7708,24.7335],[54.5922,24.3773],[54.3471,24.1545],[53.6868,23.9875],[53.0757,24.0872],[52.9394,24.0244],[52.383,24.1082],[52.2546,23.9875],[51.9456,23.9455],[51.5859,24.0032],[51.5229,24.1607],[51.2914,24.2814],[51.2878,24.4108],[51.5589,24.8157],[51.5391,25.4202],[51.5867,25.6091],[51.5059,25.8453],[51.3577,26.029],[51.0688,25.9455],[50.8473,25.2652],[50.9649,24.7127],[50.9683,24.4362],[50.7783,24.4709],[50.6065,24.6802],[50.6189,24.8709],[50.4292,25.184],[50.3819,25.4612],[50.1469,25.5356],[49.9369,25.9558],[50.0762,26.3118],[49.9342,26.4831],[50.1218,26.7376],[49.9314,26.9341],[49.5325,27.0095],[49.1519,27.3725],[49.1319,27.536],[48.855,27.5227],[48.7517,27.8719],[48.5875,28.0939],[48.1291,29.2682],[47.8036,29.1849],[47.614,29.2722]]]},"properties":{"NAME":null,"ABBREVN":null,"SUBJECTO":null,"BORDERPRECISION":1,"PARTOF":null}},
{"type":"Feature","geometry":{"type":"Polygon","coordinates":[[[52.3566,16.2339],[50.7685,16.7941],[48.8722,16.5945],[46.6764,15.796],[45.4787,15.9956],[43.4663,19.1793],[41.2015,18.8964],[41.3992,18.4406],[41.6286,18.0472],[42.0094,17.7367],[42.5353,17.0707],[42.7637,16.6455],[42.8839,15.9849],[42.7635,15.667],[42.7959,15.4701],[43.2069,14.0795],[43.3476,13.851],[43.384,13.5652],[43.3028,13.241],[43.4836,12.93],[43.8406,12.6639],[44.0627,12.6136],[44.4405,12.6398],[44.6811,12.8246],[44.9636,12.8252],[45.396,13.0739],[45.6925,13.3478],[45.8259,13.4052],[46.6012,13.4005],[46.9394,13.4902],[47.3696,13.6691],[48.0362,14.0454],[48.5367,14.0464],[48.9604,14.2189],[49.3338,14.6327],[50.2911,14.9588],[51.3126,15.2469],[51.9504,15.5405],[52.1352,15.6871],[52.2376,16.1003],[52.3566,16.2339]]]},"properties":{"NAME":"Sasanian dependencies","ABBREVN":"Sasanian dependencies","SUBJECTO":"Sasanian dependencies","BORDERPRECISION":1,"PARTOF":"Sasanian dependencies"}},
{"type":"Feature","geometry":{"type":"Polygon","coordinates":[[[41.2015,18.8964],[43.4663,19.1793],[38.7915,26.5753],[38.1926,26.7749],[36.3122,26.4227],[36.6693,26.0168],[37.0053,25.5347],[37.2183,25.1666],[37.2685,24.9698],[37.2015,24.6583],[37.5572,24.2715],[37.9884,24.1136],[38.3294,23.8347],[38.4901,23.6127],[38.9151,22.8702],[39.1022,22.4004],[39.1033,22.0002],[39.1667,21.2188],[39.5269,20.6922],[39.7641,20.4068],[40.3363,20.0967],[40.6938,19.8687],[41.033,19.2849],[41.2015,18.8964]]]},"properties":{"NAME":"Hejaz","ABBREVN":"Hejaz","SUBJECTO":"Hejaz","BORDERPRECISION":1,"PARTOF":"Hejaz"}},
{"type":"Feature","geometry":{"type":"MultiPolygon","coordinates":[[[[-61.4104,10.0489],[-61.2067,10.1182],[-61.237,10.6296],[-61.1142,10.8217],[-61.5794,10.7856],[-61.8091,10.725],[-61.6617,10.5429],[-61.6531,10.2786],[-61.8307,10.2266],[-62.0388,10.0575],[-61.4104,10.0489]]],[[[-90,13.753],[-89.9892,13.6782],[-89.402,13.4824],[-88.6381,13.2552],[-87.9487,13.1718],[-87.7548,13.4669],[-87.5555,13.3656],[-87.4043,13.0299],[-87.6854,13.0165],[-87.5868,12.8324],[-87.2614,12.6234],[-86.885,12.2556],[-86.4336,11.7671],[-86.0141,11.3676],[-85.8397,11.0776],[-85.8702,10.9279],[-85.6209,10.8266],[-85.6173,10.6516],[-85.7665,10.5502],[-85.8243,10.3607],[-85.7778,10.1384],[-85.5664,9.9227],[-85.3141,9.8279],[-85.0888,9.5831],[-84.8442,9.841],[-84.9256,9.9608],[-85.1156,9.9809],[-85.2555,10.3108],[-84.8089,10.0324],[-84.6313,9.8739],[-84.6347,9.6844],[-84.4925,9.5374],[-84.1823,9.491],[-83.6149,9.1516],[-83.5508,8.8276],[-83.6639,8.6748],[-83.6055,8.5478],[-83.279,8.4133],[-83.3623,8.7634],[-83.0851,8.6506],[-83.0896,8.3949],[-82.9561,8.2568],[-82.3844,8.3212],[-82.1894,8.2015],[-81.6643,8.1646],[-81.5621,7.8238],[-81.1969,7.6396],[-81.0074,7.7844],[-80.8138,7.2701],[-80.4058,7.2988],[-80.2118,7.4747],[-79.9763,7.4923],[-80.0513,7.7317],[-80.4026,8.059],[-80.4246,8.1924],[-80.2694,8.3771],[-80.1187,8.3901],[-79.7121,8.616],[-79.7169,8.8831],[-79.3206,9.0401],[-79.0676,9.0343],[-78.7535,8.8739],[-78.5055,8.6859],[-78.3815,8.3949],[-78.1837,8.4133],[-78.0448,8.5515],[-77.9456,8.266],[-78.2466,8.1971],[-78.3271,8.0889],[-78.2655,7.8857],[-77.8967,7.1718],[-77.4002,6.6704],[-77.3385,6.4291],[-77.4935,6.1936],[-77.4746,6.092],[-77.2203,5.8764],[-77.2413,5.6921],[-77.4619,5.6281],[-77.5004,5.5136],[-77.3337,5.1263],[-77.2666,4.7388],[-77.3067,4.5035],[-77.4445,4.1791],[-77.1608,3.9128],[-77.106,3.7922],[-77.3991,3.3149],[-77.6018,2.8823],[-77.8021,2.5769],[-77.9865,2.4748],[-78.4682,2.4674],[-78.6095,2.3654],[-78.6483,2.1747],[-78.4918,1.9208],[-78.5753,1.7745],[-78.7848,1.8249],[-79.0625,1.6781],[-78.9285,1.4115],[-78.9843,1.297],[-79.376,1.0165],[-79.7769,0.8631],[-80.0856,0.818],[-80.1349,0.7162],[-80.0462,0.4304],[-80.109,0.049],[-80.4031,-0.2249],[-80.4823,-0.4856],[-80.3388,-0.6632],[-80.9661,-1.0331],[-80.7539,-1.452],[-80.8163,-1.8589],[-80.7412,-2.1192],[-80.961,-2.3548],[-80.7776,-2.5387],[-80.3573,-2.7284],[-80.0279,-2.4481],[-79.839,-2.346],[-79.7618,-2.797],[-80.0252,-3.2742],[-80.1442,-3.4142],[-80.5829,-3.6566],[-81.0418,-4.0516],[-81.3036,-4.3317],[-81.4176,-4.6751],[-81.3015,-4.9989],[-80.8762,-5.5889],[-80.8881,-5.9003],[-81.1623,-5.9136],[-81.297,-6.0409],[-81.0227,-6.2056],[-80.6684,-6.3472],[-79.6543,-5.7233],[-79.1621,-5.8639],[-79.0597,-5.9691],[-79.486,-7.6176],[-79.0602,-8.2155],[-78.7509,-8.7867],[-78.3021,-9.6689],[-77.7587,-10.6589],[-77.6916,-10.8367],[-77.7072,-11.256],[-77.3355,-11.5094],[-76.7249,-12.7309],[-76.4953,-12.0929],[-76.6563,-11.1271],[-77.6222,-9.5173],[-78.1051,-8.9539],[-78.4271,-8.149],[-78.5075,-7.1831],[-78.1051,-7.0221],[-75.7418,-10.3369],[-75.5764,-10.6126],[-72.226,-12.2425],[-69.8745,-14.3771],[-69.6537,-14.1052],[-69.0098,-14.1857],[-67.9423,-15.428],[-67.2376,-18.3642],[-67.3562,-19.1943],[-66.5952,-19.1451],[-65.9062,-18.3111],[-64.6618,-16.8047],[-64.1941,-14.6946],[-69.045,-8.2359],[-70.1582,-5.7354],[-66.4085,3.0419],[-62.6588,4.1529],[-58.5575,3.9776],[-55.8624,1.6956],[-55.8038,0.8755],[-57.9716,-0.5892],[-58.4404,-2.2876],[-56.3311,-4.3347],[-54.1633,-4.6268],[-49.0661,-4.7436],[-45.3749,-3.1655],[-44.584,-3.3263],[-44.5491,-3.1026],[-44.6703,-2.9689],[-44.711,-2.7592],[-44.6587,-2.5685],[-44.4617,-2.2694],[-44.7959,-1.7364],[-45.0756,-1.6035],[-45.2563,-1.7628],[-45.3713,-1.7567],[-45.4921,-1.49],[-45.6426,-1.3633],[-46.4899,-1.0347],[-46.6338,-1.0477],[-46.9283,-0.9276],[-47.2371,-0.6804],[-47.4745,-0.7699],[-47.9274,-0.7709],[-48.0425,-0.8156],[-48.3895,-1.4137],[-49.2211,-2.1081],[-49.4152,-2.0959],[-49.2906,-1.7906],[-49.6223,-1.9247],[-50.3993,-1.9645],[-50.6431,-1.8825],[-50.842,-1.5143],[-50.9768,-1.1143],[-51.5678,-1.446],[-52.0216,-1.5677],[-51.9626,-1.3134],[-51.7742,-0.8555],[-51.5294,-0.4292],[-51.1704,-0.0789],[-50.6468,0.2717],[-50.1201,1.0545],[-49.8843,1.2139],[-49.881,1.5761],[-49.9692,1.7284],[-50.4091,1.8228],[-50.6881,2.2162],[-50.9004,2.8385],[-50.949,3.1116],[-51.1354,3.715],[-51.2093,4.0707],[-51.4393,4.3244],[-51.7101,4.2285],[-52.0979,4.6915],[-52.6669,5.1796],[-53.0267,5.4267],[-53.7389,5.6476],[-54.2862,5.8815],[-54.5697,5.9635],[-54.8948,5.9946],[-55.8098,5.999],[-55.9108,5.7763],[-56.1202,5.795],[-56.7464,6.0033],[-56.9184,5.9775],[-57.0651,5.8374],[-57.4137,6.3514],[-58.0057,6.7886],[-58.2753,6.8707],[-58.3746,6.826],[-58.5085,6.559],[-58.5751,6.9844],[-58.5589,7.3149],[-58.6166,7.4991],[-58.8811,7.7972],[-59.1938,8.0317],[-59.8344,8.4402],[-60.2125,8.5633],[-60.5389,8.6007],[-60.9567,8.5871],[-61.2706,8.5102],[-61.6958,8.6101],[-62.1278,8.6441],[-63.0652,8.3254],[-65.9654,8.1804],[-70.6818,8.5572],[-71.1817,9.2771],[-71.0983,9.3279],[-71.2867,9.2131],[-71.3694,9.143],[-71.6047,9.0916],[-71.758,9.2502],[-71.8705,9.574],[-72.114,9.904],[-71.8959,10.4401],[-71.688,10.7693],[-71.9879,11.6076],[-71.9228,11.703],[-71.5936,11.8436],[-71.1887,11.9116],[-71.0606,12.0608],[-71.1305,12.2132],[-71.4368,12.4223],[-71.6979,12.4281],[-72.0588,12.2366],[-72.1838,11.9885],[-72.3797,11.8101],[-72.7614,11.6949],[-73.0822,11.4463],[-73.3623,11.325],[-74.2189,11.3676],[-74.3228,10.9225],[-74.7669,11.0613],[-75.0335,10.9527],[-75.4504,10.6277],[-75.5433,10.4114],[-75.6516,9.7693],[-75.6049,9.5978],[-75.7027,9.426],[-76.1577,9.3106],[-76.3834,8.9796],[-76.7635,8.6928],[-76.8515,8.4638],[-76.7023,8.1146],[-76.8582,7.93],[-77.2417,8.4757],[-77.4947,8.6615],[-77.6775,8.961],[-77.9672,9.2146],[-78.2665,9.3855],[-78.6118,9.4801],[-78.9667,9.4726],[-78.9984,9.5429],[-79.5004,9.6384],[-80.1243,9.2239],[-80.3557,9.2031],[-80.9625,8.8649],[-81.1684,8.8278],[-81.495,8.8647],[-81.674,9.0581],[-81.7836,8.966],[-82.0664,8.977],[-82.2296,9.0465],[-82.326,9.4449],[-82.752,9.7445],[-82.9615,10.0344],[-83.2041,10.2002],[-83.3772,10.4804],[-83.7466,10.8785],[-83.9141,11.2514],[-83.9283,11.4992],[-83.8831,12.1222],[-83.6881,12.9616],[-83.7073,13.3683],[-83.6624,13.7053],[-83.418,14.0681],[-83.3219,14.3861],[-83.3135,14.7675],[-83.5272,15.2366],[-84.132,15.3751],[-84.2344,15.502],[-84.1714,15.7628],[-84.6505,15.9334],[-85.632,15.8741],[-85.8871,15.9943],[-86.372,15.8026],[-87.0214,15.8202],[-87.5706,15.908],[-88.2429,14.8358],[-90,13.753]]],[[[-52.1402,-31.7409],[-52.1436,-31.7474],[-52.0422,-31.5566],[-52.1402,-31.7409]]]]},"properties":{"NAME":null,"ABBREVN":null,"SUBJECTO":null,"BORDERPRECISION":1,"PARTOF":null}},
{"type":"Feature","geometry":{"type":"Polygon","coordinates":[[[8.5763,3.0665],[8.7835,3.4483],[8.8272,3.6119],[8.6308,3.6556],[8.4781,3.5574],[8.3581,3.3174],[8.3581,3.0883],[8.5763,3.0665]]]},"properties":{"NAME":null,"ABBREVN":null,"SUBJECTO":null,"BORDERPRECISION":1,"PARTOF":null}},
{"type":"Feature","geometry":{"type":"Polygon","coordinates":[[[-68.1953,12.2211],[-68.3639,12.3053],[-68.2853,12.1022],[-68.1953,12.2211]]]},"properties":{"NAME":null,"ABBREVN":null,"SUBJECTO":null,"BORDERPRECISION":1,"PARTOF":null}},
{"type":"Feature","geometry":{"type":"Polygon","coordinates":[[[-61.6689,17.085],[-61.7944,17.1633],[-61.8872,17.0331],[-61.7381,16.9897],[-61.6689,17.085]]]},"properties":{"NAME":null,"ABBREVN":null,"SUBJECTO":null,"BORDERPRECISION":1,"PARTOF":null}},
{"type":"Feature","geometry":{"type":"Polygon","coordinates":[[[-68.9656,12.1989],[-69.0778,12.3486],[-69.1583,12.3114],[-69.0625,12.1883],[-68.8322,12.0494],[-68.8242,12.1603],[-68.9656,12.1989]]]},"properties":{"NAME":null,"ABBREVN":null,"SUBJECTO":null,"BORDERPRECISION":1,"PARTOF":null}},
{"type":"Feature","geometry":{"type":"Polygon","coordinates":[[[-61.5997,12.1867],[-61.7247,12.1722],[-61.7897,12.0092],[-61.6425,12.0342],[-61.5997,12.1867]]]},"properties":{"NAME":null,"ABBREVN":null,"SUBJECTO":null,"BORDERPRECISION":1,"PARTOF":null}},
{"type":"Feature","geometry":{"type":"Polygon","coordinates":[[[-62.1714,16.6714],[-62.1375,16.6928],[-62.1764,16.8086],[-62.2367,16.7119],[-62.1714,16.6714]]]},"properties":{"NAME":null,"ABBREVN":null,"SUBJECTO":null,"BORDERPRECISION":1,"PARTOF":null}},
{"type":"Feature","geometry":{"type":"Polygon","coordinates":[[[-62.5414,17.1769],[-62.61,17.1911],[-62.6106,17.0953],[-62.5386,17.1086],[-62.5414,17.1769]]]},"properties":{"NAME":null,"ABBREVN":null,"SUBJECTO":null,"BORDERPRECISION":1,"PARTOF":null}},
{"type":"Feature","geometry":{"type":"Polygon","coordinates":[[[-62.6925,17.2783],[-62.73,17.3653],[-62.8128,17.4094],[-62.8639,17.3708],[-62.7783,17.2922],[-62.6925,17.2783]]]},"properties":{"NAME":null,"ABBREVN":null,"SUBJECTO":null,"BORDERPRECISION":1,"PARTOF":null}},
{"type":"Feature","geometry":{"type":"Polygon","coordinates":[[[-61.0858,16.3047],[-61.0372,16.3111],[-60.9908,16.3408],[-61.0153,16.3503],[-61.0858,16.3047]]]},"properties":{"NAME":null,"ABBREVN":null,"SUBJECTO":null,"BORDERPRECISION":1,"PARTOF":null}},
{"type":"Feature","geometry":{"type":"Polygon","coordinates":[[[-62.9719,17.4581],[-62.9425,17.4936],[-62.9858,17.5197],[-62.9975,17.4942],[-62.9719,17.4581]]]},"properties":{"NAME":null,"ABBREVN":null,"SUBJECTO":null,"BORDERPRECISION":1,"PARTOF":null}},
{"type":"Feature","geometry":{"type":"Polygon","coordinates":[[[38.2419,46.6986],[37.7571,46.6032],[38.2649,46.3186],[38.459,46.0789],[37.9899,46.0067],[37.7061,45.5784],[37.6613,45.3452],[37.2277,45.312],[36.9599,45.2274],[37.3179,44.9242],[37.4739,44.6924],[37.8804,44.7189],[38.1092,44.4938],[38.5561,44.3851],[38.814,44.2636],[39.7826,45.797],[38.2419,46.6986]]]},"properties":{"NAME":"Bulgars","ABBREVN":"Bulgars","SUBJECTO":"Bulgars","BORDERPRECISION":1,"PARTOF":"Bulgars"}},
{"type":"Feature","geometry":{"type":"Polygon","coordinates":[[[18.2061,56.9119],[18.3914,57.13],[18.7119,57.2417],[18.8092,57.7036],[18.4672,57.8119],[18.1114,57.5194],[18.2061,56.9119]]]},"properties":{"NAME":"Guta","ABBREVN":"Guta","SUBJECTO":"Guta","BORDERPRECISION":1,"PARTOF":"Guta"}},
{"type":"Feature","geometry":{"type":"Polygon","coordinates":[[[-2.8162,51.6163],[-3.066,51.1777],[-3.2724,51.1794],[-2.9592,50.7213],[-2.5505,50.57],[-2.432,50.6459],[-1.1034,50.8167],[-0.839,50.7218],[-0.3357,50.8167],[0.1918,50.7313],[0.6726,50.9307],[1.335,51.1207],[1.3647,51.3529],[1.0301,51.3588],[0.2542,51.4536],[0.6862,51.5604],[1.0313,51.8127],[1.5119,52.0258],[1.6917,52.3114],[1.5857,52.65],[1.3759,52.8092],[0.7418,52.9012],[0.3268,52.7075],[0.0055,52.7867],[0.2678,53.1267],[0.081,53.3862],[-0.3009,53.6267],[-0.8072,53.7268],[-2.8162,51.6163]]]},"properties":{"NAME":"Cantia","ABBREVN":"Cantia","SUBJECTO":"Cantia","BORDERPRECISION":1,"PARTOF":"Cantia"}},
{"type":"Feature","geometry":{"type":"Polygon","coordinates":[[[-5.6982,55.3307],[-5.4824,55.4427],[-5.5178,55.668],[-5.6887,55.6281],[-5.6982,55.3307]]]},"properties":{"NAME":null,"ABBREVN":null,"SUBJECTO":null,"BORDERPRECISION":1,"PARTOF":null}},
{"type":"Feature","geometry":{"type":"Polygon","coordinates":[[[-3.2724,51.1794],[-3.8252,51.2348],[-4.281,51.1872],[-4.5515,50.9972],[-4.6046,50.7787],[-5.0166,50.5605],[-5.2378,50.3463],[-5.7778,50.1341],[-5.2823,49.9638],[-4.967,50.2122],[-4.5406,50.358],[-4.0042,50.3141],[-3.715,50.2193],[-3.5632,50.3614],[-3.5215,50.6174],[-2.9592,50.7213],[-3.2724,51.1794]]]},"properties":{"NAME":"Dumnonia","ABBREVN":"Dumnonia","SUBJECTO":"Dumnonia","BORDERPRECISION":1,"PARTOF":"Dumnonia"}},
{"type":"Feature","geometry":{"type":"Polygon","coordinates":[[[-3.8107,43.4337],[-3.8548,42.9519],[-0.8564,43.0238],[-0.8673,43.2997],[-0.9055,44.2686],[-1.4012,44.1955],[-1.5614,43.5244],[-1.9146,43.3054],[-2.3674,43.3262],[-2.7684,43.5379],[-3.0072,43.5503],[-3.417,43.3757],[-3.8107,43.4337]]]},"properties":{"NAME":"Vasconia","ABBREVN":"Vasconia","SUBJECTO":"Frankish Kingdom","BORDERPRECISION":1,"PARTOF":"Vasconia"}},
{"type":"Feature","geometry":{"type":"Polygon","coordinates":[[[-2.1114,46.8367],[-1.2005,46.5627],[4.8876,50.9357],[4.1975,50.9357],[2.5221,51.0911],[2.0303,51.0067],[1.5889,50.8219],[1.552,50.2288],[1.2745,50.0043],[0.5286,49.8258],[0.1894,49.681],[0.0329,49.3337],[-0.2394,49.2855],[-1.0232,49.3985],[-1.5242,49.6528],[-1.9413,49.7093],[-1.8915,49.5264],[-1.5634,49.0362],[-1.5914,48.6375],[-2.2001,48.599],[-2.3429,48.6741],[-2.7905,48.5896],[-2.6137,47.5722],[-2.4655,47.4944],[-2.4937,47.2469],[-2.0046,47.0425],[-2.1114,46.8367]]]},"properties":{"NAME":"Neustria","ABBREVN":"Frankish K.","SUBJECTO":"Frankish Kingdom","BORDERPRECISION":1,"PARTOF":"Neustria"}},
{"type":"Feature","geometry":{"type":"Polygon","coordinates":[[[15.413,46.144],[18.3894,45.3381],[18.6336,44.864],[20.9218,44.6525],[21.199,44.9297],[22.9546,44.6525],[23.1394,43.9133],[25.2646,43.8209],[26.8354,44.1905],[28.0366,44.3753],[27.9442,44.9297],[28.2172,45.4757],[24.4021,46.7809],[24.9255,47.5506],[21.7796,47.4842],[19.5184,48.2099],[19.2027,47.7736],[16.6606,48.309],[14.8396,47.201],[15.9414,46.6816],[15.413,46.144]]]},"properties":{"NAME":"Avars","ABBREVN":"Avars","SUBJECTO":"Avars","BORDERPRECISION":1,"PARTOF":"Avars"}},
{"type":"Feature","geometry":{"type":"Polygon","coordinates":[[[3.9839,51.8681],[5.7683,51.3976],[7.6163,51.3053],[7.5086,53.6141],[7.1656,53.5917],[6.9807,53.3167],[6.7507,53.3899],[5.9663,53.335],[5.3895,53.1386],[5.3257,52.7904],[5.5469,52.6787],[5.7569,52.3337],[5.4732,52.1766],[4.9498,52.2779],[5.2346,52.6229],[5.0084,52.8562],[4.641,52.7557],[4.3872,52.2304],[3.9839,51.8681]]]},"properties":{"NAME":"Frisians","ABBREVN":"Frisians","SUBJECTO":"Frisians","BORDERPRECISION":1,"PARTOF":"Frisians"}},
{"type":"Feature","geometry":{"type":"Polygon","coordinates":[[[-0.3009,53.6267],[-0.2955,54.0332],[-0.8706,54.5472],[-1.3889,54.6805],[-1.5556,54.9216],[-1.719,55.4537],[-2.245,55.811],[-2.7421,55.9572],[-3.1615,55.8457],[-3.2935,55.9739],[-2.7729,56.1713],[-2.9805,56.3536],[-2.6671,56.471],[-2.1589,57.0143],[-1.9446,57.4017],[-2.1504,57.572],[-4.1484,57.5545],[-4.1505,57.8348],[-3.1664,58.2751],[-3.165,58.5222],[-3.8305,58.5072],[-4.5099,58.4029],[-4.9256,58.567],[-5.1127,58.3949],[-4.9071,58.169],[-5.3459,58.0927],[-5.0556,57.751],[-5.5685,57.7774],[-5.763,57.6198],[-5.4606,57.3881],[-5.7263,57.258],[-5.6253,56.9992],[-5.909,56.7333],[-6.0435,56.4748],[-5.8217,56.4005],[-5.5466,56.6524],[-5.2707,56.5441],[-5.6331,55.9399],[-5.1346,55.8934],[-4.8484,56.0972],[-4.6233,55.908],[-4.9078,55.6639],[-4.6384,55.4279],[-5.0667,54.9485],[-5.1114,54.7941],[-4.5999,54.6878],[-4.4607,54.8624],[-4.1216,54.7624],[-3.5767,54.9245],[-3.1525,54.8381],[-3.4304,54.6431],[-3.5692,54.415],[-3.2615,54.1412],[-2.8859,54.1687],[-2.8653,54.0283],[-3.0567,53.5136],[-2.9145,53.2671],[-3.9567,53.2052],[-4.3175,53.0912],[-4.6214,52.831],[-4.1475,52.8319],[-4.1236,52.3733],[-4.2947,52.2003],[-5.0615,52.0064],[-5.2488,51.8602],[-4.999,51.7017],[-4.1593,51.6768],[-3.4991,51.4597],[-3.1728,51.4669],[-2.8162,51.6163],[-0.8072,53.7268],[-0.3009,53.6267]]]},"properties":{"NAME":null,"ABBREVN":null,"SUBJECTO":null,"BORDERPRECISION":1,"PARTOF":null}},
{"type":"Feature","geometry":{"type":"Polygon","coordinates":[[[14.9587,55.0212],[15.1187,55.1027],[14.8451,55.2563],[14.6964,55.1487],[14.9587,55.0212]]]},"properties":{"NAME":null,"ABBREVN":null,"SUBJECTO":null,"BORDERPRECISION":1,"PARTOF":null}},
{"type":"Feature","geometry":{"type":"Polygon","coordinates":[[[8.22,53.5292],[8.189,53.5305],[8.2207,53.49],[8.22,53.5292]]]},"properties":{"NAME":null,"ABBREVN":null,"SUBJECTO":null,"BORDERPRECISION":1,"PARTOF":null}},
{"type":"Feature","geometry":{"type":"Polygon","coordinates":[[[8.8853,56.862],[8.6148,56.851],[8.7025,56.703],[8.8853,56.862]]]},"properties":{"NAME":null,"ABBREVN":null,"SUBJECTO":null,"BORDERPRECISION":1,"PARTOF":null}},
{"type":"Feature","geometry":{"type":"Polygon","coordinates":[[[11.5502,56.6801],[11.5865,56.6831],[11.6482,56.7225],[11.5395,56.7117],[11.5502,56.6801]]]},"properties":{"NAME":null,"ABBREVN":null,"SUBJECTO":null,"BORDERPRECISION":1,"PARTOF":null}},
{"type":"Feature","geometry":{"type":"Polygon","coordinates":[[[10.5503,55.9524],[10.5265,55.8197],[10.6181,55.7889],[10.6038,55.8945],[10.5503,55.9524]]]},"properties":{"NAME":null,"ABBREVN":null,"SUBJECTO":null,"BORDERPRECISION":1,"PARTOF":null}},
{"type":"Feature","geometry":{"type":"Polygon","coordinates":[[[8.4796,56.7449],[8.6071,56.8785],[9.0044,57.0259],[9.816,57.0664],[10.388,57.0512],[10.5148,57.3206],[10.4719,57.6981],[9.8098,57.4755],[9.5299,57.2592],[9.1968,57.1437],[8.529,57.0494],[8.2582,56.8014],[8.4796,56.7449]]]},"properties":{"NAME":null,"ABBREVN":null,"SUBJECTO":null,"BORDERPRECISION":1,"PARTOF":null}},
{"type":"Feature","geometry":{"type":"Polygon","coordinates":[[[10.8973,57.2774],[10.9617,57.2333],[11.1462,57.289],[11.0683,57.3179],[10.8973,57.2774]]]},"properties":{"NAME":null,"ABBREVN":null,"SUBJECTO":null,"BORDERPRECISION":1,"PARTOF":null}},
{"type":"Feature","geometry":{"type":"Polygon","coordinates":[[[9.6497,54.8484],[9.5262,55.0903],[9.6134,55.3655],[9.8821,55.7052],[10.2118,55.8758],[10.2622,56.1823],[10.4976,56.123],[10.7891,56.2088],[10.951,56.4197],[10.4282,56.5672],[10.3102,56.923],[10.0587,57.0491],[9.2766,56.9805],[9.0948,56.7816],[8.749,56.6662],[8.7374,56.5028],[8.1792,56.6674],[8.1226,56.1767],[8.3617,55.9438],[8.1716,55.8539],[8.1297,55.5344],[8.5448,55.459],[8.6786,55.0603],[8.8503,54.8763],[9.1786,54.8312],[9.5453,54.8984],[9.6186,54.8735],[9.6497,54.8484]]]},"properties":{"NAME":null,"ABBREVN":null,"SUBJECTO":null,"BORDERPRECISION":1,"PARTOF":null}},
{"type":"Feature","geometry":{"type":"Polygon","coordinates":[[[10.2323,54.9215],[10.2944,54.8885],[10.3767,54.8913],[10.2483,54.9462],[10.2323,54.9215]]]},"properties":{"NAME":null,"ABBREVN":null,"SUBJECTO":null,"BORDERPRECISION":1,"PARTOF":null}},
{"type":"Feature","geometry":{"type":"Polygon","coordinates":[[[11.756,54.6674],[11.9684,54.665],[12.0709,54.8792],[11.791,54.9256],[11.4265,54.8615],[11.1313,54.9462],[11.0004,54.8218],[11.3391,54.6623],[11.756,54.6674]]]},"properties":{"NAME":null,"ABBREVN":null,"SUBJECTO":null,"BORDERPRECISION":1,"PARTOF":null}},
{"type":"Feature","geometry":{"type":"Polygon","coordinates":[[[10.805,54.8732],[10.9011,55.0651],[10.7487,54.9717],[10.6802,54.8699],[10.805,54.8732]]]},"properties":{"NAME":null,"ABBREVN":null,"SUBJECTO":null,"BORDERPRECISION":1,"PARTOF":null}},
{"type":"Feature","geometry":{"type":"Polygon","coordinates":[[[9.7795,54.9249],[9.9998,54.8826],[9.9271,55.0254],[9.7795,54.9249]]]},"properties":{"NAME":null,"ABBREVN":null,"SUBJECTO":null,"BORDERPRECISION":1,"PARTOF":null}},
{"type":"Feature","geometry":{"type":"Polygon","coordinates":[[[10.5986,55.0341],[10.5112,54.9923],[10.5656,54.9501],[10.6659,55.0029],[10.5986,55.0341]]]},"properties":{"NAME":null,"ABBREVN":null,"SUBJECTO":null,"BORDERPRECISION":1,"PARTOF":null}},
{"type":"Feature","geometry":{"type":"Polygon","coordinates":[[[12.1649,54.9369],[12.464,54.9432],[12.3733,55.0175],[12.1649,54.9369]]]},"properties":{"NAME":null,"ABBREVN":null,"SUBJECTO":null,"BORDERPRECISION":1,"PARTOF":null}},
{"type":"Feature","geometry":{"type":"Polygon","coordinates":[[[10.8217,55.251],[10.7676,55.4351],[10.3535,55.5958],[9.8341,55.5286],[9.7949,55.3955],[10.0335,55.1881],[10.4115,55.0428],[10.7115,55.0991],[10.8217,55.251]]]},"properties":{"NAME":null,"ABBREVN":null,"SUBJECTO":null,"BORDERPRECISION":1,"PARTOF":null}},
{"type":"Feature","geometry":{"type":"Polygon","coordinates":[[[8.4182,55.3681],[8.4597,55.4033],[8.4338,55.4342],[8.371,55.4382],[8.4182,55.3681]]]},"properties":{"NAME":null,"ABBREVN":null,"SUBJECTO":null,"BORDERPRECISION":1,"PARTOF":null}},
{"type":"Feature","geometry":{"type":"MultiPolygon","coordinates":[[[[12.8504,56.4765],[12.4144,56.243],[12.699,55.9051],[12.9859,55.6666],[12.8024,55.3529],[13.3019,55.3007],[13.8233,55.4218],[14.1172,55.3471],[14.2864,55.5155],[14.126,55.6666],[14.3971,55.9697],[12.8504,56.4765]]],[[[11.9866,54.9916],[12.0565,55.1503],[12.35,55.2551],[12.2932,55.535],[12.5791,55.758],[12.3726,56.1071],[11.6412,55.9715],[11.0353,55.6802],[11.2073,55.3155],[11.3677,55.2007],[11.7476,55.1917],[11.9866,54.9916]]]]},"properties":{"NAME":"Danes","ABBREVN":"Danes","SUBJECTO":"Danes","BORDERPRECISION":1,"PARTOF":"Danes"}},
{"type":"Feature","geometry":{"type":"Polygon","coordinates":[[[42.0336,48.0979],[40.264,47.2372],[43.6066,45.5422],[47.0474,46.2945],[47.9322,47.3705],[44.2947,47.7024],[42.0336,48.0979]]]},"properties":{"NAME":"Khazars","ABBREVN":"Khazars","SUBJECTO":"Khazars","BORDERPRECISION":1,"PARTOF":"Khazars"}},
{"type":"Feature","geometry":{"type":"Polygon","coordinates":[[[8.2207,53.49],[8.2233,53.3438],[8.2394,52.4451],[10.4514,50.9834],[12.2702,51.6287],[11.0904,53.2908],[8.8553,53.8717],[8.5395,53.8007],[8.22,53.5292],[8.2207,53.49]]]},"properties":{"NAME":"Saxons","ABBREVN":"Saxons","SUBJECTO":"Saxons","BORDERPRECISION":1,"PARTOF":"Saxons"}},
{"type":"Feature","geometry":{"type":"Polygon","coordinates":[[[12.4488,47.106],[12.8785,47.0554],[12.8741,47.1846],[12.6982,49.7345],[12.1438,50.1041],[9.9263,49.6421],[9.0947,49.8269],[7.6163,51.3053],[5.7683,51.3976],[5.1215,50.9357],[4.8876,50.9357],[-1.2005,46.5627],[-2.1114,46.8367],[-1.7107,46.4488],[-1.2561,46.3068],[-1.0752,46.0146],[-1.2474,45.6881],[-1.1234,45.4316],[-1.2755,45.1287],[-1.4012,44.1955],[-0.9055,44.2686],[-0.8673,43.2997],[1.5179,42.5273],[1.8875,42.5273],[2.5343,43.2665],[3.2735,43.7285],[3.8075,43.4672],[4.0782,43.4871],[4.4168,43.3461],[5.0518,43.3281],[5.4345,43.1037],[5.8286,43.0208],[6.523,43.1509],[7.4675,43.8108],[7.5528,43.8675],[8.0481,44.0184],[7.6163,45.0221],[7.8935,45.8537],[9.0023,46.9625],[10.4807,47.2397],[11.3123,47.2397],[12.4488,47.106]]]},"properties":{"NAME":"Frankish Kingdom","ABBREVN":"Frankish K.","SUBJECTO":"Frankish Kingdom","BORDERPRECISION":1,"PARTOF":"Frankish Kingdom"}},
{"type":"Feature","geometry":{"type":"Polygon","coordinates":[[[14.8396,47.201],[13.9384,47.6258],[12.8741,47.1846],[12.8785,47.0554],[13.4837,46.7574],[13.6065,45.7219],[13.6732,45.7145],[13.7897,45.5518],[14.5404,45.2561],[15.413,46.144],[15.9414,46.6816],[14.8396,47.201]]]},"properties":{"NAME":"Slavs","ABBREVN":"Slavs","SUBJECTO":"Eastern Roman Empire","BORDERPRECISION":1,"PARTOF":"Slavs"}},
{"type":"Feature","geometry":{"type":"Polygon","coordinates":[[[-56.127,53.4658],[-58.7882,52.5726],[-60.1715,53.2986],[-60.2217,53.3249],[-62.8895,54.7251],[-65.6432,55.2629],[-71.0334,55.196],[-74.1972,52.9272],[-78.7418,52.7441],[-78.491,52.2561],[-78.5534,52.0102],[-78.7968,51.7709],[-78.7001,51.5656],[-78.8227,51.1614],[-79.1118,51.525],[-79.2762,51.6042],[-79.5943,51.2658],[-79.3385,50.843],[-80.0733,51.298],[-80.3613,51.304],[-80.5728,51.6414],[-80.8771,51.9062],[-81.3107,52.1178],[-81.7474,52.1701],[-81.7338,52.5491],[-81.8524,52.7086],[-82.3412,52.9808],[-82.2122,53.3413],[-82.1921,53.9897],[-82.3993,54.2706],[-82.3357,54.653],[-82.2021,54.9689],[-82.3827,55.0562],[-83.576,55.2226],[-84.4684,55.1669],[-85.161,55.3276],[-85.8924,55.6102],[-87.4672,55.912],[-87.9142,56.3319],[-88.7675,56.7385],[-89.7255,56.9342],[-90.4446,57.1443],[-91.3369,57.1631],[-92.1801,56.9705],[-92.4041,56.9751],[-92.7114,56.8313],[-93.8246,56.8633],[-102.1443,57.2139],[-111.2842,58.5531],[-114.5652,60.5996],[-118.1977,62.7126],[-124.9355,64.8346],[-132.4349,62.497],[-139.5242,62.4157],[-144.6801,63.1922],[-150.1289,63.324],[-160.9395,63.9849],[-160.9739,63.6418],[-161.133,63.5628],[-161.9108,63.5256],[-162.4745,63.4102],[-162.9701,63.1025],[-163.3086,63.0377],[-164.2918,63.2498],[-164.467,63.171],[-165.0296,62.6504],[-165.4312,62.4295],[-165.5792,62.1388],[-165.8021,62.0393],[-165.8341,61.8343],[-166.1895,61.7489],[-165.8981,61.2703],[-165.4233,61.2642],[-164.5393,60.9497],[-163.8949,61.0422],[-163.52,60.7063],[-163.9378,60.6145],[-164.8447,60.8159],[-165.128,60.5422],[-165.0476,60.4165],[-164.5942,60.2078],[-164.0274,59.7982],[-163.5364,59.8408],[-162.3781,60.1631],[-161.9891,59.7119],[-161.9252,59.518],[-162.0601,59.2893],[-162.0039,58.8266],[-161.646,58.6825],[-161.1171,58.7455],[-160.4305,59.0022],[-159.8136,58.9412],[-159.1101,58.4875],[-158.9731,58.7703],[-158.5167,58.9989],[-158.2914,58.7302],[-157.9874,58.717],[-157.1394,58.8558],[-157.2419,58.4911],[-157.5537,58.2703],[-157.6646,57.9334],[-157.6653,57.6042],[-157.7851,57.5081],[-158.6621,57.0756],[-158.6173,56.7481],[-159.2487,56.781],[-159.7759,56.5823],[-160.1139,56.323],[-160.4573,56.1999],[-160.6074,55.9619],[-160.1694,55.8066],[-159.0769,55.992],[-158.7381,56.1896],[-158.5267,56.4485],[-157.7475,56.7702],[-156.9934,56.9149],[-156.4958,57.1002],[-156.6846,57.4007],[-155.9032,57.7173],[-155.5981,57.8962],[-154.6493,58.0765],[-154.2139,58.428],[-153.6823,58.6425],[-153.455,58.8773],[-154.1269,59.0417],[-154.2823,59.2488],[-153.7098,59.6444],[-153.1522,59.7425],[-152.8987,59.8956],[-152.8777,60.2789],[-152.561,60.3842],[-152.1897,60.6577],[-151.3419,60.9537],[-150.7806,61.2919],[-150.3112,61.3139],[-149.3169,60.9294],[-150.4372,60.9063],[-151.1596,60.6597],[-151.415,60.2537],[-151.783,59.995],[-151.4899,59.711],[-151.448,59.5379],[-151.7723,59.3573],[-151.881,59.1635],[-151.388,59.2128],[-150.501,59.6158],[-150.0211,59.7138],[-149.5812,59.9852],[-149.3256,60.0275],[-148.4935,59.904],[-148.3009,60.1061],[-148.3361,60.4132],[-148.8397,60.5451],[-148.4659,60.8679],[-148.4926,61.0643],[-147.9401,61.2059],[-147.2701,60.9403],[-146.5783,60.8365],[-145.9984,60.6624],[-145.8932,60.5157],[-145.4927,60.3836],[-145.1384,60.4542],[-144.4064,60.0926],[-144.053,60.0514],[-143.0837,60.0742],[-142.4246,60.0197],[-141.4394,60.0912],[-141.3852,59.8966],[-140.9045,59.7865],[-140.1329,59.7672],[-139.5726,59.9],[-139.3674,59.63],[-139.7851,59.5184],[-139.2001,59.2773],[-138.4457,59.1619],[-137.5767,58.6042],[-137.085,58.4468],[-136.3561,58.5239],[-136.3901,58.8408],[-136.1484,58.9033],[-135.7383,58.47],[-135.3003,58.3745],[-135.5148,58.9735],[-135.4695,59.3397],[-135.1438,59.1675],[-134.8303,58.5612],[-134.1235,58.2392],[-133.8404,57.9994],[-133.4741,57.8423],[-133.6413,57.7391],[-133.3408,57.3768],[-133.4004,57.2195],[-132.8713,57.0156],[-132.5593,56.7025],[-132.101,56.3494],[-132.2792,56.1316],[-132.2556,55.85],[-131.767,56.01],[-131.1905,56.0348],[-130.8924,55.7692],[-130.6954,55.4654],[-130.7734,55.0662],[-130.6618,54.9595],[-130.4757,54.9682],[-130.065,55.1021],[-129.8517,54.9977],[-128.5879,55.0574],[-125.6972,55.194],[-115.0339,52.033],[-114.4674,51.9996],[-105.1909,51.4525],[-98.9219,50.2317],[-95.5664,49.9963],[-95.1722,49.9686],[-87.7899,49.9309],[-85.0362,49.0941],[-81.931,48.9019],[-72.3223,46.2951],[-71.1176,46.6406],[-71.0337,46.7462],[-70.8061,47.1715],[-70.5988,47.4325],[-69.5071,48.4592],[-68.8011,48.9772],[-68.307,49.2269],[-67.5838,49.3397],[-67.3177,49.4253],[-67.0964,49.8256],[-66.8547,50.0889],[-66.3727,50.3139],[-65.5815,50.3616],[-63.8501,50.299],[-63.2074,50.3464],[-61.6402,50.2769],[-60.8098,50.334],[-60.1378,50.4117],[-59.7155,50.5115],[-59.1316,50.8361],[-58.5243,51.3795],[-56.9641,51.4884],[-56.1813,51.8943],[-55.8236,52.021],[-55.659,52.1873],[-56.1097,52.6052],[-55.927,52.8053],[-55.7697,53.1587],[-55.8813,53.3519],[-56.127,53.4658]]]},"properties":{"NAME":"Subarctic forest hunter-gatherers","ABBREVN":"Subarctic forest hunter-gatherers","SUBJECTO":"Subarctic forest hunter-gatherers","BORDERPRECISION":1,"PARTOF":"Subarctic forest hunter-gatherers"}},
{"type":"Feature","geometry":{"type":"Polygon","coordinates":[[[142.3376,-10.9154],[142.1257,-11.1574],[142.0929,-11.5325],[141.953,-11.9523],[141.6785,-12.4678],[141.9189,-12.7025],[141.8476,-12.8425],[141.5988,-13.0465],[141.5123,-13.8095],[141.6684,-14.1143],[141.4781,-14.6169],[141.4682,-14.7568],[141.6524,-15.0361],[141.7113,-15.2267],[141.5176,-15.5323],[141.4015,-15.8567],[141.3138,-16.4482],[141.1324,-16.9571],[140.8009,-17.5618],[140.2497,-17.7982],[140.0602,-17.8304],[139.8183,-17.761],[139.2483,-17.4316],[139.0753,-17.076],[138.9627,-16.9936],[138.2603,-16.8425],[137.7596,-16.3986],[137.4257,-16.1895],[137.0737,-16.0313],[136.6871,-16.0258],[136.4586,-15.7529],[136.0944,-15.4485],[135.6275,-15.1698],[135.3881,-14.897],[135.4576,-14.6807],[135.709,-14.464],[135.8806,-14.203],[135.9645,-13.8913],[135.8288,-13.7327],[135.8309,-13.4848],[136.2383,-13.2296],[136.4691,-13.2228],[136.5276,-12.9112],[136.6637,-12.6248],[136.8597,-12.4401],[136.6396,-12.3261],[136.4345,-12.1168],[136.3534,-12.1551],[136.2986,-12.5112],[136.0912,-12.5752],[135.9425,-12.3594],[135.649,-12.1884],[135.4445,-12.1761],[135.1918,-12.3737],[134.94,-12.3361],[134.7621,-12.0632],[134.4087,-12.1211],[133.5592,-11.9513],[133.3973,-11.8818],[132.929,-11.5332],[132.6614,-11.5337],[132.3838,-11.2992],[132.0406,-11.3825],[132.1344,-11.5412],[132.3028,-11.5027],[132.6263,-11.7499],[132.7511,-12.1692],[132.398,-12.3289],[131.5399,-12.4006],[131.1829,-12.2361],[131.0283,-12.2683],[130.8589,-12.4466],[130.9513,-12.6308],[130.8396,-12.7073],[130.4635,-12.7589],[130.2329,-13.1472],[130.2739,-13.3632],[130.0855,-13.5925],[129.7663,-13.8156],[129.7633,-14.0191],[129.4266,-14.3059],[129.4588,-14.4965],[129.7288,-14.6739],[129.8486,-14.8199],[129.6323,-15.278],[129.1964,-14.9929],[128.9809,-14.9234],[128.4589,-14.8864],[128.0661,-15.3767],[127.9849,-15.2879],[128.0176,-15.0209],[127.9626,-14.7031],[127.678,-14.4367],[127.5291,-14.1955],[127.1665,-14.0628],[126.8534,-13.7838],[126.546,-14.3502],[126.4257,-14.147],[126.2684,-14.0711],[126.1015,-14.2049],[125.8632,-14.6949],[125.4972,-14.6766],[125.1557,-14.8045],[125.1739,-15.0397],[125.018,-15.6439],[124.6886,-15.4666],[124.4245,-15.6579],[124.3378,-16.262],[124.5314,-16.3252],[124.7163,-16.4964],[124.2773,-16.5228],[123.9795,-16.409],[123.5758,-16.3908],[123.5529,-16.696],[123.6317,-16.8039],[123.8852,-16.9114],[123.8268,-17.2485],[123.5083,-17.1093],[123.4187,-17.5799],[123.3012,-17.4657],[123.0227,-16.856],[122.7383,-16.5833],[122.5641,-16.8952],[122.0855,-17.3984],[122.0928,-17.6209],[122.2017,-17.983],[122.1965,-18.2437],[121.7608,-18.5371],[121.5763,-18.7027],[121.3865,-19.1164],[121.1943,-19.3775],[120.8721,-19.6769],[120.2229,-19.9835],[119.8125,-20.1179],[119.5311,-20.1375],[119.1365,-20.0367],[118.8651,-20.069],[118.7343,-20.3172],[118.6087,-20.3811],[117.9685,-20.4715],[117.5969,-20.7583],[116.7744,-20.7855],[116.4188,-20.8371],[116.1346,-20.984],[115.5674,-21.4556],[115.3492,-21.6023],[114.8002,-21.8832],[114.4563,-22.0937],[114.309,-22.5645],[114.0748,-22.6031],[114.0225,-22.3299],[113.8223,-22.254],[113.6254,-22.5659],[113.6101,-22.7313],[113.7247,-23.0171],[113.762,-23.4811],[113.6674,-23.7801],[113.3619,-24.283],[113.4326,-24.8742],[113.5919,-25.1854],[114.0553,-25.8011],[114.1825,-26.017],[114.1808,-26.2714],[114.0504,-26.2886],[114.0951,-26.5386],[113.8807,-26.509],[113.6577,-26.0682],[113.3212,-25.6903],[113.285,-25.8268],[113.5832,-26.1522],[113.7394,-26.6665],[113.433,-26.572],[113.2445,-26.3411],[113.1762,-26.1417],[113.0351,-26.1627],[113.1581,-26.4251],[113.5955,-26.883],[113.9252,-27.3847],[114.0222,-27.6261],[113.9646,-28.0332],[114.3321,-28.4775],[114.6304,-28.903],[114.8405,-29.3858],[114.9122,-29.6973],[114.9,-30.1424],[115.0583,-30.8035],[115.5609,-31.661],[115.7473,-32.2076],[115.7669,-32.7545],[115.6467,-33.3654],[115.4085,-33.7666],[114.9613,-33.8693],[115.0469,-34.4225],[115.6163,-34.6312],[115.9665,-34.9358],[116.2514,-35.1007],[116.561,-35.1893],[117.5298,-35.251],[118.2071,-35.0903],[118.4159,-34.9244],[118.6728,-34.6058],[119.175,-34.6366],[119.3298,-34.5791],[119.5921,-34.2223],[119.7715,-34.1202],[120.2801,-34.1191],[121.4095,-33.9705],[121.7403,-33.9635],[122.1709,-34.1789],[122.351,-34.0958],[122.768,-34.0313],[123.3586,-34.0428],[123.623,-33.9151],[124.2484,-33.1441],[124.411,-33.0547],[124.8472,-32.9521],[125.6419,-32.5624],[126.0589,-32.4344],[127.2651,-32.381],[128.17,-32.1501],[128.6148,-31.952],[129.1854,-31.7982],[130.2802,-31.7705],[130.8573,-31.7311],[131.2802,-31.6348],[131.6945,-31.8312],[131.9925,-32.0659],[132.3766,-32.1605],[132.6977,-32.0899],[133.1251,-32.3371],[133.3441,-32.3684],[133.7175,-32.2977],[133.837,-32.342],[134.237,-32.7419],[134.2581,-32.8754],[134.1078,-33.0284],[134.2085,-33.2572],[134.6311,-33.2691],[134.8437,-33.6948],[135.1531,-34.0504],[135.3573,-34.4572],[135.5281,-35.0549],[135.7124,-35.2074],[136.1061,-34.532],[136.4001,-34.2769],[136.7308,-34.0599],[137.0671,-33.9511],[137.4572,-33.3141],[137.8199,-33.0653],[137.8682,-32.7471],[138.1658,-33.1918],[138.0908,-33.4528],[137.9125,-33.5168],[137.8637,-33.8795],[137.5119,-34.4591],[137.5592,-34.9107],[137.3934,-35.0893],[137.1084,-35.0708],[136.947,-35.4726],[137.2395,-35.3828],[137.6833,-35.3309],[137.8829,-34.6874],[138.1015,-34.3561],[138.5676,-34.9277],[138.5346,-35.2973],[138.4298,-35.5524],[138.1972,-35.7569],[138.3524,-35.865],[138.7737,-35.7876],[139.1275,-35.6084],[139.3679,-35.6143],[139.4445,-36.0413],[139.7434,-36.3723],[139.8627,-36.7804],[139.8225,-37.2463],[140.012,-37.6416],[140.2492,-37.7944],[140.6522,-38.1639],[141.2253,-38.4566],[141.5472,-38.5326],[141.6747,-38.4109],[141.904,-38.4296],[142.6943,-38.6708],[143.3648,-38.9697],[143.4645,-38.9567],[144.3114,-38.5653],[144.7476,-38.4558],[144.4111,-38.2457],[144.7803,-38.0598],[144.9698,-38.0658],[145.5043,-38.4415],[145.5359,-38.7225],[145.9339,-38.8815],[146.5259,-39.1806],[146.2992,-38.8935],[146.821,-38.8413],[148.037,-38.0979],[148.2742,-38.0271],[149.5041,-37.9288],[149.8571,-37.6344],[149.9848,-37.3469],[150.0107,-36.6257],[150.0865,-36.1535],[150.2215,-35.6941],[150.3428,-35.5472],[150.762,-35.2531],[150.8557,-35.0108],[150.8497,-34.7181],[151.2169,-34.2083],[151.3645,-33.5209],[151.7646,-33.0047],[152.1762,-32.8767],[152.4451,-32.5071],[152.5367,-32.2079],[152.834,-31.7683],[152.9719,-31.4182],[153.0011,-31.0555],[152.9396,-30.6994],[153.2027,-29.9101],[153.3614,-29.1592],[153.4935,-28.8409],[153.4778,-28.5038],[153.3964,-28.1287],[152.9462,-27.341],[153.0867,-27.01],[153.0691,-26.2277],[152.9042,-25.6303],[152.7612,-25.4207],[152.5336,-25.364],[152.318,-24.8176],[152.0727,-24.7418],[151.8595,-24.2907],[151.7301,-24.1575],[151.4582,-24.0881],[151.2002,-23.9424],[150.8025,-23.5999],[150.7544,-22.8115],[150.6109,-22.6211],[150.3556,-22.5517],[149.9448,-22.3236],[150.0173,-22.7304],[149.6702,-22.5722],[149.5568,-22.4326],[149.4114,-21.9178],[149.1015,-21.0601],[148.706,-20.8448],[148.567,-20.6543],[148.7564,-20.2915],[148.7037,-20.2026],[148.1904,-20.1719],[147.9729,-20.0961],[147.5936,-19.8553],[147.4127,-19.5632],[147.0776,-19.513],[146.3218,-19.0823],[146.1062,-18.5487],[145.9246,-18.2566],[146.0187,-17.8622],[145.9942,-17.5126],[145.8695,-17.195],[145.4511,-16.5982],[145.3255,-16.4904],[145.3464,-16.0136],[145.2222,-15.6642],[145.1843,-15.0476],[144.6926,-14.7244],[144.5292,-14.6676],[144.3854,-14.3691],[144.0647,-14.5923],[143.8749,-14.5863],[143.7432,-14.4658],[143.5381,-13.945],[143.4735,-13.6654],[143.4375,-13.0806],[143.2923,-12.6868],[142.9708,-12.535],[143.1731,-12.1213],[143.1274,-12.0134],[142.8235,-11.9187],[142.7492,-11.3213],[142.6443,-11.0927],[142.3376,-10.9154]]]},"properties":{"NAME":"Australian aboriginal hunter-gatherers","ABBREVN":"Australian aboriginal hunter-gatherers","SUBJECTO":"Australian aboriginal hunter-gatherers","BORDERPRECISION":1,"PARTOF":"Australian aboriginal hunter-gatherers"}},
{"type":"Feature","geometry":{"type":"Polygon","coordinates":[[[146.7127,-43.7218],[146.836,-43.6893],[147.1417,-43.2567],[147.3907,-43.0822],[147.8153,-42.9654],[147.9257,-42.8234],[147.9812,-42.482],[148.3193,-41.8058],[148.2695,-41.0926],[148.0559,-40.9197],[147.7338,-41.0294],[147.5964,-41.1646],[147.2886,-41.1523],[146.7407,-41.2948],[146.3822,-41.3083],[145.8919,-41.1423],[144.7761,-40.8428],[144.7001,-41.164],[144.936,-41.7097],[145.5305,-42.3453],[145.301,-42.4616],[145.2794,-42.6677],[145.7227,-43.2402],[145.9669,-43.4073],[146.7127,-43.7218]]]},"properties":{"NAME":"Tasmanian hunter-gatherers","ABBREVN":"Tasmanian hunter-gatherers","SUBJECTO":"Tasmanian hunter-gatherers","BORDERPRECISION":1,"PARTOF":"Tasmanian hunter-gatherers"}},
{"type":"Feature","geometry":{"type":"MultiPolygon","coordinates":[[[[146.36,44.4208],[146.078,44.4636],[145.7447,44.0517],[146.36,44.4208]]],[[[148.5219,45.2872],[148.84,45.3467],[148.7008,45.5208],[148.3122,45.2672],[147.895,45.23],[147.1119,44.7939],[147.2911,44.6669],[147.6227,44.8972],[147.9641,45.0117],[148.2852,45.2208],[148.5219,45.2872]]],[[[149.5436,45.5858],[150.1989,45.9325],[150.4255,46.1189],[150.3427,46.2117],[149.6678,45.8508],[149.5436,45.5858]]],[[[155.4833,50.1194],[155.7953,50.1889],[156.153,50.525],[155.8969,50.6986],[155.638,50.378],[155.2477,50.3014],[155.2086,50.0808],[155.4833,50.1194]]],[[[143.0569,53.062],[142.6749,53.5402],[142.2141,53.2997],[141.767,53.2723],[141.841,52.96],[141.8115,52.628],[141.5982,52.2167],[141.6432,51.8131],[142.0166,51.4306],[142.1529,50.89],[142.0851,50.3043],[142.0491,49.3547],[141.9214,48.9431],[141.7396,48.8073],[141.9775,48.2847],[142.0365,47.9593],[141.7318,47.4712],[141.9094,47.0734],[141.6228,46.558],[141.7084,46.1398],[141.8983,45.9148],[142.3273,46.5631],[142.6148,46.7128],[143.0043,46.5774],[143.3034,46.0112],[143.4448,46.5717],[143.2365,46.8633],[142.9933,46.9537],[142.6146,47.4596],[142.4899,47.9016],[142.6461,48.6575],[142.854,49.1277],[143.1528,49.2589],[143.5984,49.2336],[144.5399,48.7533],[144.0382,49.5088],[143.6331,50.235],[143.3407,50.8858],[143.0742,51.2676],[142.9439,51.6173],[142.9449,51.9611],[143.1433,52.5112],[143.0569,53.062]]],[[[140.0126,41.3818],[140.2686,41.3247],[140.5889,41.6777],[140.9793,41.6529],[141.155,41.7493],[140.7677,42.005],[140.2455,42.2284],[140.2234,42.3631],[140.6935,42.5501],[140.9296,42.2555],[141.3969,42.5194],[141.9281,42.5013],[142.8423,42.0669],[143.2138,41.9265],[143.3304,42.1961],[143.8479,42.7746],[144.1664,42.9422],[144.5902,42.8596],[144.9947,42.9374],[145.4481,43.1696],[145.0594,43.7858],[145.2099,44.0369],[145.14,44.1783],[144.7504,43.8816],[144.6138,43.8428],[144.0281,43.9509],[143.5082,44.1558],[143.0205,44.4637],[142.539,44.8427],[141.8753,45.4354],[141.5228,45.1826],[141.7457,44.6286],[141.7094,43.9142],[141.3019,43.7205],[141.3036,43.187],[141.0642,43.0966],[140.5989,43.327],[140.3736,43.1852],[140.4998,42.8964],[139.974,42.6514],[139.7117,42.4776],[139.7772,42.1121],[140.0997,41.946],[140.1245,41.7922],[139.9777,41.5035],[140.0126,41.3818]]]]},"properties":{"NAME":"Ainu","ABBREVN":"Ainu","SUBJECTO":"Ainu","BORDERPRECISION":1,"PARTOF":"Ainu"}},
{"type":"Feature","geometry":{"type":"Polygon","coordinates":[[[105.4031,72.7487],[98.4595,69.7909],[75.8564,61.4268],[62.8058,56.9552],[59.0943,56.4318],[65.3116,55.0466],[78.3622,56.4102],[93.7,56.4846],[99.5375,55.2811],[99.4854,55.6585],[107.9615,59.8184],[114.0159,59.5467],[116.7068,54.6594],[119.9358,51.2576],[125.053,50.3722],[127.6523,50.2616],[128.2894,50.2345],[134.8699,52.0092],[141.0473,52.6897],[140.8282,52.8252],[141.1212,53.0516],[140.3213,53.5356],[140.1025,53.8017],[139.8059,53.9611],[139.378,54.0804],[138.4168,54.0919],[138.4095,53.8051],[138.234,53.5716],[137.9794,53.4646],[137.2392,53.4565],[137.1217,53.5894],[137.3829,53.8098],[137.0407,53.8625],[136.7702,53.6954],[136.3507,53.7012],[136.3435,53.8878],[136.4916,54.4555],[135.7258,54.4073],[135.0945,54.4328],[134.902,54.5594],[134.9852,54.8539],[135.2695,55.0287],[136.5213,55.5899],[137.2291,55.9827],[138.3459,56.8042],[138.8668,57.1245],[140.0287,57.6441],[140.5874,58.2393],[141.3496,58.5009],[141.9238,58.9409],[142.3578,59.141],[142.8459,59.2725],[144.3898,59.3099],[144.8457,59.2832],[145.4041,59.3255],[145.5128,59.0369],[145.957,58.9829],[146.054,59.2511],[146.3074,59.286],[146.9996,59.191],[147.9192,59.2615],[148.4161,59.0974],[148.7472,59.2974],[148.7284,59.4763],[149.0453,59.5872],[149.7296,59.5953],[150.1201,59.3895],[151.1402,59.4396],[151.5236,59.3439],[151.8573,59.0558],[151.0562,58.9238],[151.0075,58.7933],[151.3545,58.6911],[152.1912,58.9259],[152.5042,58.7687],[152.8283,58.9477],[153.1399,59.0101],[153.9244,58.9223],[154.9059,59.1028],[154.7528,59.2812],[154.1818,59.3008],[153.9445,59.3967],[153.943,59.5688],[154.3157,59.9833],[155.1518,60.3944],[155.7339,60.5554],[155.6667,60.778],[156.4184,61.1213],[156.4232,61.401],[157.098,61.6334],[158.8413,61.784],[159.4546,61.5608],[159.9658,61.765],[160.1493,61.6602],[159.7435,61.0996],[159.8155,60.9811],[160.2356,60.947],[160.0071,60.5913],[160.645,60.7178],[162.2352,61.5099],[162.7488,61.609],[162.7106,61.7632],[163.0092,62.1783],[162.9902,62.3261],[164.1377,62.5327],[165.0672,62.4357],[165.2857,62.2881],[164.2772,62.2229],[164.0083,62.1309],[163.9423,61.7374],[163.5757,61.3305],[163.7927,61.1282],[163.4448,60.8903],[163.3293,60.6949],[162.3811,60.4636],[161.8179,60.268],[161.5352,59.9417],[160.8442,59.5542],[159.6491,58.9537],[159.3927,58.6104],[159.1043,58.4249],[158.3263,58.0268],[157.5112,57.7455],[156.7769,57.5805],[156.8777,57.3627],[156.5579,56.9475],[155.703,56.3696],[155.6276,56.2679],[155.4535,55.2758],[155.4652,54.9198],[155.7075,54.065],[155.7108,53.8049],[155.9418,53.1931],[156.0381,52.7815],[156.3332,52.2716],[156.3619,51.9142],[156.5637,51.2344],[156.6964,50.9577],[157.2095,51.229],[157.8978,51.666],[158.3895,52.2027],[158.4614,52.826],[159.3198,53.1265],[159.8969,53.2406],[159.9048,53.4002],[159.6835,53.5794],[159.6951,53.8592],[159.9311,54.0864],[160.4043,54.3676],[160.6829,54.4483],[161.5666,54.4232],[161.8759,54.5641],[162.0082,54.7382],[161.6474,54.9851],[161.5027,55.2874],[161.6094,55.5569],[161.8613,55.8609],[162.3176,56.2401],[162.7713,55.9166],[163.166,56.1065],[163.098,56.5597],[162.7443,56.5997],[162.5124,57.0335],[162.5933,57.1695],[163.1278,57.5516],[162.8257,57.701],[162.2037,57.6794],[161.7999,57.8627],[161.8044,58.1017],[162.22,58.4855],[162.9074,58.8913],[162.8352,59.0559],[163.2545,59.2904],[163.0429,59.462],[163.3887,59.8141],[163.7668,59.8838],[164.1105,60.0782],[164.5846,59.6647],[164.8816,59.7341],[164.933,59.9619],[165.4154,60.1152],[165.78,60.3541],[166.2034,60.3526],[165.945,59.7706],[166.0272,59.7087],[167.104,60.271],[168.2109,60.4329],[169.1541,60.4346],[169.4557,60.2963],[169.6136,60.0122],[169.8775,59.8746],[170.2731,60.0134],[170.3368,60.2771],[170.3441,60.2796],[169.4809,61.1926],[172.4408,63.0784],[171.7681,65.8592],[168.1355,67.4578],[155.8922,68.169],[130.8673,69.901],[124.5438,71.5861],[123.5007,73.5049],[123.4099,73.4808],[123.5148,73.172],[122.8824,72.7528],[122.2433,72.9091],[120.5785,72.8351],[118.4978,73.0362],[118.3385,73.1861],[118.4604,73.5192],[116.6711,73.6192],[115.6115,73.6252],[114.1867,73.551],[113.547,73.2009],[113.3117,73.3827],[113.2216,73.7481],[112.4768,73.6591],[111.7617,73.6578],[111.2153,73.7683],[110.5513,74.0384],[110.1784,73.7982],[110.4423,73.5679],[109.9906,73.44],[107.8043,73.1428],[106.5015,73.0613],[105.6002,72.7443],[105.4031,72.7487]]]},"properties":{"NAME":"Paleo-Siberian hunter-gatherers","ABBREVN":"Paleo-Siberian hunter-gatherers","SUBJECTO":"Paleo-Siberian hunter-gatherers","BORDERPRECISION":1,"PARTOF":"Paleo-Siberian hunter-gatherers"}},
{"type":"Feature","geometry":{"type":"Polygon","coordinates":[[[25.1956,65.268],[34.7261,65.7803],[34.7262,65.797],[34.5437,66.0008],[33.4697,66.3131],[32.7535,66.649],[32.2194,66.9937],[32.991,66.9878],[33.4375,66.7017],[34.153,66.6296],[35.7717,66.2589],[38.0479,66.0074],[39.19,66.0387],[39.9775,66.2009],[40.8364,66.5614],[41.2553,66.937],[41.0169,67.2019],[40.8261,67.66],[39.9181,67.9404],[38.6685,68.1463],[37.2459,68.7935],[35.4366,69.1504],[33.6284,69.2147],[33.2806,69.342],[32.3517,69.5137],[32.076,69.8154],[31.0538,69.6396],[30.7354,69.7524],[29.7286,69.6976],[29.5559,69.8334],[28.7301,70.1359],[30.2519,70.1311],[30.7988,70.308],[30.462,70.5373],[29.7412,70.605],[28.7948,70.8648],[28.3889,70.5718],[27.9853,70.717],[28.3084,70.9486],[27.516,70.9703],[27.1311,70.5771],[26.6174,70.392],[26.6065,70.9146],[26.2627,70.7907],[25.574,70.3671],[25.2307,70.5582],[25.8321,70.8978],[25.389,70.9046],[24.5705,70.7414],[24.2077,70.4719],[23.8273,70.4788],[23.2036,69.9428],[22.7456,70.1706],[22.3064,70.2156],[21.9081,69.804],[21.412,70.0154],[21.1027,69.8177],[20.1577,69.7478],[19.58,69.1811],[18.9848,69.3154],[18.0974,69.058],[17.5659,68.9744],[17.4069,68.7715],[16.8548,68.5578],[17.0333,68.3376],[16.5219,68.3409],[16.6485,68.0457],[16.0711,68.0447],[15.5722,67.8207],[15.7618,67.6763],[15.3845,67.4644],[14.9762,67.5229],[14.5692,67.3293],[14.7777,67.2165],[13.7472,66.9224],[13.9916,66.6875],[13.3832,66.679],[13.1686,66.4583],[13.581,66.1881],[13.1519,66.1361],[13.0874,65.8804],[12.7091,65.9089],[12.2841,65.4349],[12.4962,65.3845],[12.5265,65.109],[12.1121,65.1299],[11.8956,64.9127],[11.4065,64.617],[10.9966,64.4942],[10.1554,64.0993],[11.5284,61.8978],[15.4301,61.8661],[16.5737,62.525],[17.8319,62.4565],[17.9363,62.548],[17.8682,62.7886],[18.3032,62.7894],[18.4866,62.9812],[19.0759,63.2025],[19.3182,63.4448],[19.6703,63.3885],[20.7007,63.8181],[21.0489,64.2192],[21.3858,64.3846],[20.9212,64.7138],[21.4894,65.0172],[21.2773,65.2123],[21.5223,65.3723],[21.9575,65.4457],[22.2016,65.7153],[22.6456,65.9348],[23.204,65.6808],[23.8441,65.7985],[24.2148,65.7859],[24.5911,65.5828],[25.1036,65.5401],[25.2515,65.4169],[25.1956,65.268]]]},"properties":{"NAME":"Saami","ABBREVN":"Saami","SUBJECTO":"Saami","BORDERPRECISION":1,"PARTOF":"Saami"}},
{"type":"Feature","geometry":{"type":"Polygon","coordinates":[[[25.1956,65.268],[25.1861,65.2427],[25.1326,65.0759],[25.3251,64.8024],[24.9319,64.816],[24.4701,64.6355],[22.8255,63.5809],[22.4758,63.6016],[22.2924,63.2027],[22.075,63.1028],[21.4947,63.123],[21.4813,62.8888],[21.1948,62.7607],[21.0337,62.4773],[21.2001,62.4352],[21.226,62.418],[29.0189,61.7707],[32.517,60.9322],[46.1057,57.7086],[53.9765,57.7086],[53.9245,57.6014],[59.0943,56.4318],[62.8058,56.9552],[75.8564,61.4268],[98.4595,69.7909],[105.4031,72.7487],[105.2788,72.7515],[106.2083,73.2585],[107.2655,73.5222],[108.3399,73.6912],[111.5866,74.731],[112.5771,74.8862],[113.625,75.2727],[113.1134,75.4944],[113.723,75.8688],[113.533,76.0937],[112.8223,76.0589],[112.5885,76.2592],[111.4273,76.5681],[109.6564,76.6913],[108.2445,76.6464],[107.666,76.4431],[106.404,76.4323],[107.0714,76.771],[107.1603,76.9491],[106.2429,76.9135],[105.5281,76.98],[104.7046,76.9275],[104.7823,77.1488],[105.4697,77.3293],[105.0625,77.5685],[103.3933,77.5578],[101.6905,77.2026],[101.1665,77.0058],[101.3895,76.625],[100.8303,76.4554],[99.9832,76.437],[99.7794,76.0593],[99.4672,75.9669],[98.2887,76.0565],[97.1164,75.8708],[95.9818,75.902],[95.9673,76.1692],[94.6943,76.1836],[93.5921,75.8808],[91.6347,75.6527],[89.7963,75.5244],[89.2847,75.4661],[86.9583,74.7821],[86.8135,74.4353],[87.5406,74.0997],[87.6908,73.9],[87.1397,73.6041],[86.4921,73.8738],[85.8562,73.8248],[85.0015,73.5762],[84.6161,73.7427],[83.0204,73.6123],[80.8382,73.5526],[80.464,73.3136],[80.8289,73.0135],[80.8442,72.5802],[80.9823,72.447],[82.3206,72.2223],[82.4363,72.0506],[83.2024,71.8259],[83.5611,71.6244],[83.168,71.1822],[83.6571,70.5982],[83.677,70.4603],[83.0363,70.2449],[83.0759,70.5818],[82.8037,70.8193],[82.0456,70.4189],[82.2153,71.2036],[82.8801,71.4913],[82.4914,71.5681],[81.6714,71.5743],[80.8283,71.767],[80.3387,72.0076],[79.2226,72.2713],[78.0857,72.1753],[78.1264,71.8476],[77.7899,71.7769],[77.0749,71.8924],[76.4567,71.8679],[76.3329,71.7197],[76.8661,71.449],[78.1369,71.3739],[78.3716,71.2505],[78.6085,70.8499],[78.1047,70.8413],[77.7362,71.0255],[77.0016,71.0626],[75.6706,71.1991],[75.2843,71.4461],[75.2966,71.8969],[75.5825,72.1706],[75.6173,72.6255],[75.1199,72.6875],[74.9987,72.1304],[74.5866,71.8722],[73.5914,71.7069],[73.2169,71.4577],[73.698,71.1414],[74.2496,70.5729],[73.791,70.0522],[73.6541,69.7565],[73.9145,69.1543],[74.9017,69.081],[75.598,69.21],[77.406,68.9356],[77.6358,68.8162],[77.9775,68.1451],[77.5142,67.9733],[77.4832,67.8025],[77.946,67.7737],[78.5357,67.6118],[78.089,67.4113],[77.5048,67.4324],[76.9549,67.6533],[77.1079,68.1138],[77.0398,68.4638],[76.3278,68.7763],[75.5372,68.7749],[74.505,68.5935],[74.3951,68.347],[74.6694,68.1017],[74.7417,67.6862],[74.3525,67.4044],[73.9845,67.2634],[73.6902,66.8651],[73.1655,66.6438],[72.5574,66.496],[72.2088,66.1735],[70.4736,66.236],[69.7673,66.3297],[69.1726,66.5483],[69.0848,66.6875],[69.7915,66.7549],[70.8399,66.5514],[71.5441,66.7141],[71.3995,66.9491],[71.9305,67.1563],[72.8377,67.6456],[73.3936,68.3824],[72.8462,68.6352],[72.5255,69.0691],[72.5515,69.6563],[72.4369,70.187],[72.7742,70.4552],[72.6797,70.8235],[72.1362,71.2776],[71.7976,71.4318],[72.4983,71.9618],[72.8448,72.4946],[72.714,72.7696],[71.6629,72.8307],[70.2144,72.7335],[69.3431,72.8343],[69.0567,72.6447],[68.8121,72.0955],[68.3162,71.6349],[67.8225,71.4167],[66.818,71.1054],[66.7748,70.7356],[67.2853,70.7058],[67.4218,70.2234],[66.9649,69.9558],[66.8844,69.6231],[67.7787,69.5569],[68.1059,69.4293],[68.0935,69.1359],[68.5118,68.8367],[69.109,68.8303],[68.4879,68.2242],[68.2154,68.2014],[66.5843,68.8855],[65.3554,69.1834],[64.873,69.2277],[63.9232,69.4592],[62.2813,69.7051],[61.03,69.7406],[60.3692,69.4677],[60.986,69.0026],[60.9341,68.8151],[60.5121,68.5899],[59.9254,68.5813],[59.7623,68.2974],[59.1198,68.3931],[59.3459,68.6999],[58.7704,68.856],[57.9592,68.7048],[57.5259,68.4946],[57.0242,68.4489],[56.1951,68.5669],[55.3354,68.4831],[54.7523,68.0498],[54.3797,68.1607],[53.6257,68.0477],[53.3959,68.3004],[53.7821,68.3384],[53.8891,68.787],[53.5024,68.8163],[53.0058,68.6806],[52.7197,68.3514],[51.8308,68.4094],[50.4959,68.1535],[49.1856,67.8388],[48.6353,67.6524],[48.0807,67.5625],[47.7062,66.8901],[47.5712,66.8163],[46.4021,66.7186],[45.7154,66.8496],[45.3856,67.0994],[44.8712,67.3124],[45.0925,67.5421],[45.4626,67.6391],[46.6341,67.7005],[45.8634,68.3833],[45.5796,68.4425],[44.6678,68.3886],[44.012,68.4919],[43.8222,68.3273],[44.1687,68.097],[44.2158,67.7183],[43.7036,67.2659],[44.2192,67.0898],[44.3836,66.612],[43.8762,66.011],[43.2414,66.2509],[42.2108,66.41],[41.3542,65.9552],[39.9513,65.5812],[39.8231,65.4356],[39.9794,65.1531],[40.4621,64.7503],[40.3222,64.4629],[39.9971,64.5412],[39.1934,64.511],[37.6041,64.8528],[37.1019,65.0681],[36.8839,65.0677],[36.5685,64.7646],[36.9967,64.4066],[37.262,64.3139],[37.8799,64.3079],[38.0539,64.1293],[37.9449,63.8504],[37.4105,63.7495],[36.24,63.9186],[36.0155,64.197],[35.0818,64.2883],[34.8846,64.3668],[34.7729,64.6822],[34.4257,65.1065],[34.2934,65.3962],[34.7256,65.615],[34.7261,65.7803],[25.1956,65.268]]]},"properties":{"NAME":"Finno-Ugric taiga hunter-gatherers","ABBREVN":"Finno-Ugric taiga hunter-gatherers","SUBJECTO":"Finno-Ugric taiga hunter-gatherers","BORDERPRECISION":1,"PARTOF":"Finno-Ugric taiga hunter-gatherers"}},
{"type":"Feature","geometry":{"type":"MultiPolygon","coordinates":[[[[-75.6247,69.1016],[-76.6426,69.0319],[-76.5464,68.7314],[-75.5704,68.8685],[-75.1991,68.8616],[-74.7523,69.043],[-74.4053,68.6604],[-73.9371,68.444],[-73.1849,68.2958],[-72.354,67.5303],[-72.3049,67.2636],[-72.8735,66.8857],[-73.036,66.6423],[-73.9943,66.2659],[-74.2799,66.0602],[-73.932,65.9],[-73.4199,65.5289],[-73.4942,65.405],[-74.0791,65.4476],[-74.6648,65.3228],[-75.789,65.1972],[-76.6551,65.3409],[-77.3584,65.3759],[-77.387,65.0636],[-77.8666,64.9902],[-78.1267,64.651],[-78.1034,64.5072],[-77.7375,64.3929],[-76.5261,64.2301],[-75.9355,64.2671],[-75.4518,64.5481],[-74.6851,64.3986],[-74.4312,64.435],[-74.5591,64.7801],[-73.6656,64.6018],[-73.1636,64.574],[-73.148,64.3441],[-72.73,64.015],[-72.3879,63.8582],[-71.8786,63.8019],[-71.2581,63.5673],[-71.6217,63.2101],[-71.3189,63.0613],[-70.0752,62.7723],[-69.5595,62.7094],[-69.1553,62.4196],[-68.6636,62.3073],[-68.014,62.259],[-66.765,61.9436],[-65.9403,61.79],[-66.3323,62.3188],[-66.6807,62.5659],[-67.2638,62.8557],[-68.0926,63.1456],[-68.4765,63.3371],[-68.836,63.6504],[-68.486,63.7368],[-67.6816,63.4527],[-67.7657,63.8025],[-67.1442,63.3753],[-66.496,63.0774],[-65.698,63.0078],[-65.298,62.6961],[-64.9379,62.711],[-65.1561,62.9875],[-64.735,63.0665],[-65.2095,63.6429],[-65.0015,63.7647],[-64.4739,63.7443],[-65.3086,64.1794],[-65.3271,64.3587],[-66.1925,64.8894],[-66.5977,64.7662],[-66.8287,64.9603],[-67.3294,65.584],[-67.8652,65.6267],[-68.2518,66.0642],[-68.085,66.189],[-67.6142,65.9118],[-67.161,65.9858],[-67.7599,66.3729],[-67.2559,66.6163],[-66.9128,66.5949],[-65.7174,66.0543],[-65.0338,65.9532],[-65.1778,65.6536],[-64.8437,65.3776],[-64.4253,65.502],[-64.1836,65.1899],[-63.5406,64.9953],[-63.352,65.0247],[-63.5113,65.431],[-63.3809,65.927],[-62.8448,65.6143],[-62.544,65.8483],[-62.0683,65.9368],[-62.094,66.0611],[-62.6551,66.3385],[-62.2977,66.4346],[-61.8636,66.3179],[-61.4948,66.3406],[-61.2106,66.635],[-62.0961,67.0166],[-62.5205,66.8461],[-63.1649,66.926],[-62.9914,67.1774],[-64.6138,67.1153],[-64.6014,67.315],[-63.933,67.4126],[-64.1021,67.568],[-64.8289,67.9533],[-65.53,67.8701],[-66.4071,68.0248],[-66.7447,67.9273],[-67.0316,68.3073],[-68.6653,68.7161],[-68.7755,68.8436],[-68.077,68.8975],[-67.9797,68.9879],[-68.5332,69.2505],[-68.3907,69.3337],[-67.6261,69.2069],[-66.6681,69.1861],[-66.7728,69.3217],[-67.4398,69.5017],[-68.0399,69.5308],[-68.043,69.7731],[-67.0443,69.7977],[-67.5755,70.1853],[-68.0208,70.2994],[-68.3659,70.1226],[-69.4627,69.9601],[-69.5911,70.1969],[-68.7496,70.3901],[-68.4694,70.5597],[-69.0916,70.782],[-70.2929,70.6179],[-70.6516,70.7636],[-70.6666,71.0805],[-71.8815,70.9312],[-71.2525,71.3508],[-71.664,71.5133],[-72.5346,71.6285],[-73.2752,71.1608],[-73.6718,71.5563],[-74.1119,71.688],[-74.8095,71.4219],[-75.2039,71.569],[-74.3127,72.0394],[-74.8958,72.2816],[-75.322,72.5484],[-76.15,72.5705],[-77.1187,72.7108],[-77.896,72.7014],[-78.3634,72.5821],[-78.6664,72.3138],[-78.5744,71.9296],[-79.0563,71.96],[-79.1254,72.2894],[-79.9533,72.3429],[-80.0808,72.1384],[-80.5704,71.9964],[-81.0268,72.0503],[-81.0436,72.3801],[-80.4887,73.037],[-81.5318,73.6884],[-82.6968,73.7822],[-84.5055,73.4911],[-84.8623,73.3548],[-83.8848,73.0704],[-85.107,73.084],[-85.5057,72.9404],[-85.5044,72.6082],[-84.8311,72.4676],[-85.6025,72.0104],[-85.2047,71.7687],[-84.6889,71.6604],[-84.4884,71.3493],[-84.7826,71.0617],[-85.891,71.1217],[-85.8585,71.2613],[-85.2431,71.4645],[-85.9447,71.7439],[-86.3325,71.9934],[-86.414,72.315],[-86.2142,72.4492],[-86.7794,72.6927],[-86.662,73.0969],[-85.2542,73.7775],[-85.6398,73.8649],[-86.8924,73.8305],[-88.0992,73.6361],[-89.1002,73.1957],[-89.6386,72.7823],[-89.8209,72.348],[-89.3341,72.1681],[-89.814,71.979],[-89.9972,71.5413],[-89.435,71.4412],[-88.8542,71.45],[-87.9492,71.3506],[-87.1688,71.0186],[-87.7047,70.9248],[-88.7595,71.0001],[-89.1498,70.9685],[-89.0185,70.6753],[-88.4322,70.4608],[-87.948,70.3849],[-87.1215,70.4018],[-86.9435,70.5559],[-86.3733,70.4647],[-86.3719,70.1961],[-85.9839,70.1126],[-84.8737,70.1146],[-83.3129,69.9571],[-82.9262,70.0112],[-82.2692,69.8604],[-81.138,70.0145],[-80.7126,70.1531],[-79.8256,69.9181],[-79.2414,69.8812],[-78.7129,70.0114],[-78.941,70.2713],[-80.2184,70.5916],[-79.3759,70.5855],[-79.1011,70.6553],[-77.6986,70.1357],[-77.6223,69.8918],[-76.9715,69.802],[-75.5517,69.2223],[-75.6247,69.1016]]],[[[-76.8628,67.2625],[-75.7704,67.3015],[-75.1463,67.577],[-75.1195,68.113],[-75.8847,68.3431],[-76.4963,68.2672],[-76.7942,68.1472],[-77.2475,67.6548],[-77.0648,67.3287],[-76.8628,67.2625]]],[[[-98.2526,69.6941],[-98.3043,69.3913],[-99.1715,69.1255],[-99.365,68.9745],[-98.1682,68.7812],[-97.6056,68.6396],[-96.7936,68.5286],[-96.2127,68.5372],[-95.5146,68.8087],[-96.0072,69.041],[-96.1822,69.297],[-97.7416,69.8316],[-98.2526,69.6941]]],[[[-81.9107,64.5217],[-82.1096,64.6436],[-83.0854,64.865],[-83.7597,65.2113],[-84.424,65.3917],[-84.605,65.1807],[-85.1984,65.3758],[-85.0579,65.6091],[-85.5575,65.8636],[-86.016,65.1054],[-86.2428,64.5423],[-86.0611,64.1405],[-87.0529,63.752],[-87.1012,63.5447],[-85.6007,63.7476],[-85.4321,63.5978],[-85.4628,63.2055],[-85.1568,63.1847],[-84.6547,63.3139],[-84.0871,63.6718],[-83.4958,63.7444],[-83.5174,64.0521],[-83.1885,64.1818],[-82.731,64.0751],[-82.1977,63.6896],[-81.1231,63.5202],[-80.696,63.4996],[-80.1794,63.722],[-80.953,63.9781],[-81.8721,63.9907],[-81.9107,64.5217]]],[[[-60.2217,53.3249],[-60.1372,53.6843],[-59.863,53.8386],[-59.3987,53.8662],[-58.8436,54.1483],[-58.1699,54.2769],[-57.5154,54.4658],[-57.4329,54.5799],[-58.5572,54.7723],[-59.3382,55.0802],[-59.6938,55.1537],[-60.3457,55.0445],[-60.5745,55.071],[-60.3733,55.4225],[-60.4683,55.659],[-61.4578,56.1585],[-61.9277,56.273],[-62.1628,56.6123],[-62.1841,56.796],[-61.5446,56.7292],[-61.3353,56.8113],[-61.4761,57.1041],[-61.8224,57.1921],[-62.186,57.4372],[-61.8284,57.5541],[-62.0147,57.8412],[-62.5767,58.0389],[-62.7411,58.3886],[-63.042,58.5255],[-62.887,58.6564],[-63.4758,59.1583],[-63.7441,59.517],[-64.0974,59.7446],[-64.3706,60.0144],[-64.6706,60.1809],[-64.9879,59.8191],[-65.429,59.7767],[-65.5554,59.5758],[-65.2626,59.3482],[-65.7187,59.0575],[-65.8614,58.7953],[-66.4746,58.808],[-66.8209,58.3877],[-67.107,58.3047],[-67.7724,58.2485],[-68.1294,58.3097],[-68.0947,58.4815],[-68.5694,58.7833],[-69.2142,58.7477],[-69.7258,58.5609],[-69.8942,58.6845],[-69.8324,58.9877],[-69.476,58.9745],[-69.3426,59.2093],[-69.7043,60.3178],[-69.649,60.5202],[-69.3895,60.6745],[-69.3838,60.8564],[-70.0283,60.8832],[-70.9092,61.0426],[-71.6734,61.2657],[-71.8562,61.3707],[-71.7239,61.5467],[-73.3946,62.355],[-73.6597,62.3899],[-74.2219,62.2403],[-74.7078,62.1758],[-75.6946,62.2163],[-76.9896,62.4898],[-77.3616,62.5175],[-77.8676,62.29],[-77.9854,61.8589],[-77.4622,61.4726],[-77.6884,61.1561],[-78.1765,60.7418],[-77.3885,60.6943],[-77.5072,60.4146],[-77.2624,59.983],[-77.2148,59.7475],[-77.6615,59.5736],[-78.042,58.9928],[-78.4688,58.7095],[-78.3368,58.5515],[-77.4044,58.1136],[-76.7724,57.6625],[-76.5545,57.2801],[-76.4386,56.8097],[-76.5694,56.2721],[-76.7645,56.0274],[-77.2338,55.6065],[-78.3079,55.0438],[-78.5893,54.922],[-79.5451,54.6919],[-79.3987,54.2764],[-78.8014,53.9627],[-78.7579,53.7488],[-79.0346,53.7416],[-78.844,53.281],[-78.7418,52.7441],[-74.1972,52.9272],[-71.0334,55.196],[-65.6432,55.2629],[-62.8895,54.7251],[-60.2217,53.3249]]],[[[-91.0514,74.0474],[-92.6933,74.0122],[-93.899,74.1628],[-95.0685,74.0641],[-94.758,73.7437],[-95.3234,73.7586],[-95.6408,73.1437],[-95.5476,72.882],[-95.1239,72.5192],[-95.0584,72.2831],[-94.1086,72.222],[-93.6393,72.5299],[-94.2658,72.8527],[-93.6949,72.8776],[-92.6243,72.8083],[-92.0006,72.8411],[-91.3196,73.2552],[-90.4517,73.904],[-91.0514,74.0474]]],[[[-123.4934,74.4463],[-124.9093,74.4437],[-124.7404,74.2421],[-124.0648,73.8652],[-124.2472,73.4566],[-124.8821,73.0492],[-125.3413,72.969],[-125.1807,72.4314],[-125.9037,72.1546],[-125.617,71.9904],[-124.5773,71.8983],[-124.0721,71.735],[-123.4677,71.1986],[-122.5744,71.146],[-122.1704,71.2865],[-121.9362,71.5048],[-120.8435,71.5303],[-120.424,71.8826],[-120.4536,72.2985],[-119.7684,72.3943],[-118.585,72.9737],[-117.6858,73.2155],[-121.6545,73.9946],[-123.1484,74.4406],[-123.4934,74.4463]]],[[[-117.2197,72.8573],[-118.3988,72.4757],[-118.9856,72.0342],[-118.9684,71.9088],[-118.3376,71.8239],[-117.3139,71.4746],[-115.6935,71.5789],[-115.7423,71.2986],[-116.9621,71.1876],[-117.4102,71.2022],[-118.4988,71.0528],[-118.5035,70.9599],[-117.7607,70.7217],[-116.2966,70.7707],[-113.7641,70.7369],[-112.8902,70.646],[-111.8499,70.4247],[-111.7305,70.2559],[-112.9911,70.2382],[-115.1466,70.2725],[-116.2141,70.2322],[-117.1929,70.123],[-117.5682,69.9922],[-116.6562,69.5159],[-115.9066,69.3509],[-115.3407,69.2991],[-113.9246,69.2489],[-113.5391,69.1138],[-113.602,68.7224],[-113.1522,68.5956],[-112.5225,68.6343],[-111.6294,68.6059],[-110.4482,68.6531],[-109.2094,68.8132],[-108.6456,69.0023],[-107.5362,69.0571],[-106.8538,69.4509],[-106.3753,69.4821],[-105.9304,69.2336],[-104.9051,69.0093],[-104.1878,68.8978],[-103.1782,68.8545],[-102.2779,68.954],[-101.8084,69.1356],[-102.198,69.4823],[-103.2675,69.3291],[-103.3613,69.6391],[-102.7867,69.7084],[-102.2395,69.8763],[-101.4493,69.6654],[-100.8913,69.674],[-101.0552,70.0308],[-102.4357,70.4654],[-103.1163,70.5103],[-103.8636,70.7015],[-104.6204,71.0925],[-105.6011,71.0449],[-110.3468,71.1966],[-114.0379,72.0642],[-116.9337,72.9021],[-117.2197,72.8573]]],[[[-43.5788,59.9357],[-43.1436,59.8188],[-42.962,60.0341],[-43.1541,60.3053],[-43.4971,60.479],[-42.7849,60.5292],[-42.8171,61.0256],[-43.0373,61.2917],[-42.4783,61.3068],[-42.3062,61.7289],[-42.2714,62.1944],[-42.9191,62.4619],[-43.226,62.6809],[-42.2988,62.7394],[-41.8344,62.6906],[-41.9156,63.1236],[-41.4345,63.0392],[-41.227,63.253],[-41.3782,63.5234],[-40.8939,63.5244],[-40.5162,63.7821],[-40.6912,63.9319],[-41.4841,64.2742],[-40.4724,64.3478],[-40.3507,64.5275],[-40.4836,64.6854],[-41.0603,65.0375],[-39.8978,64.9529],[-39.6949,65.187],[-42.7934,65.4031],[-43.848,64.2061],[-44.2581,61.8699],[-43.848,61.0583],[-43.7197,60.0037],[-43.5788,59.9357]]],[[[-50.9394,67.5258],[-51.5268,67.6509],[-52.8079,67.7748],[-53.4941,67.4735],[-53.1703,67.2858],[-53.4496,67.0844],[-53.2673,66.9224],[-52.3032,66.9095],[-52.448,66.6073],[-53.2217,66.5309],[-53.3481,66.3243],[-52.7297,66.2764],[-53.1084,66.034],[-53.1025,65.8732],[-52.536,65.4952],[-52.0777,65.3724],[-51.9402,64.6568],[-51.9574,64.3766],[-51.8048,64.2333],[-51.2797,64.4281],[-50.9937,64.6154],[-50.1445,64.7393],[-50.0426,64.4376],[-50.439,64.2431],[-50.9879,64.0915],[-51.3658,63.726],[-51.1005,63.4695],[-50.6167,63.4348],[-50.4658,63.0507],[-49.8575,62.9665],[-50.1589,62.4624],[-50.0479,62.3141],[-49.1164,62.1038],[-49.1483,61.7723],[-48.9155,61.421],[-47.9692,61.0369],[-47.6305,60.5968],[-47.1594,60.8564],[-46.1581,60.9374],[-46.1329,61.7592],[-47.6563,62.7948],[-49.0624,64.7863],[-49.4725,67.0327],[-50.5391,67.4881],[-50.9394,67.5258]]],[[[-160.9395,63.9849],[-150.1289,63.324],[-144.6801,63.1922],[-139.5242,62.4157],[-132.4349,62.497],[-124.9355,64.8346],[-118.1977,62.7126],[-114.5652,60.5996],[-111.2842,58.5531],[-102.1443,57.2139],[-93.8246,56.8633],[-92.7114,56.8313],[-92.4041,56.9751],[-92.4236,57.3865],[-92.5227,57.6873],[-93.0742,58.551],[-93.3638,58.7019],[-93.8876,58.6596],[-94.4149,58.7137],[-94.6838,58.8785],[-94.8003,59.5135],[-94.7532,59.95],[-94.376,60.7951],[-93.8743,61.3432],[-93.3246,61.5411],[-93.4226,61.858],[-92.5792,62.2693],[-92.1022,62.4118],[-91.8909,62.6036],[-92.4553,62.7941],[-92.2902,62.9152],[-91.4175,62.8529],[-90.9196,62.9462],[-90.6306,63.0961],[-91.0267,63.3946],[-91.6417,63.5147],[-92.351,63.5848],[-93.3169,63.9736],[-91.5862,63.7935],[-90.8439,63.6091],[-89.8704,63.5752],[-89.8615,63.6467],[-89.9945,64.0328],[-89.0774,63.9629],[-88.3771,64.0573],[-87.4352,64.5689],[-87.1573,65.0596],[-88.1714,65.1304],[-88.9044,65.3252],[-89.6924,65.6733],[-90.88,65.8931],[-89.7776,65.98],[-88.642,65.7117],[-88.1735,65.4575],[-87.7869,65.3491],[-87.254,65.4301],[-86.0587,66.0748],[-85.9871,66.1628],[-86.8531,66.462],[-86.739,66.5651],[-85.3868,66.6118],[-84.9495,66.2747],[-83.7405,66.3063],[-84.4077,66.7094],[-85.0216,66.9441],[-84.7139,67.0703],[-84.2264,66.9309],[-83.482,66.4977],[-83.1387,66.3735],[-82.6335,66.6023],[-82.33,66.6396],[-81.4992,67.0689],[-81.295,67.4987],[-82.1783,67.9954],[-82.493,68.3233],[-82.6873,68.6975],[-82.2096,68.8185],[-81.8865,68.579],[-81.3699,68.7224],[-81.4799,69.1886],[-82.1605,69.2477],[-82.7567,69.5488],[-84.3135,69.8262],[-85.1134,69.8171],[-85.3811,69.6953],[-85.4207,69.2944],[-84.5644,68.987],[-84.6246,68.7539],[-85.3998,68.76],[-85.7817,68.0408],[-86.395,67.6749],[-86.4884,67.3778],[-87.3254,67.1689],[-88.3239,67.8125],[-88.4815,67.991],[-88.3711,68.3123],[-87.8615,68.2834],[-87.7903,68.478],[-88.0974,68.8526],[-88.905,69.2276],[-89.4411,69.0457],[-89.7356,68.5343],[-90.0092,68.3691],[-90.34,68.3086],[-90.3512,68.6832],[-90.5127,68.9534],[-90.9123,69.2314],[-90.5078,69.489],[-91.1725,69.6467],[-91.9773,69.6073],[-92.6712,69.7424],[-92.2708,70.1161],[-91.8278,70.1323],[-91.6577,70.2858],[-93.0995,70.9688],[-92.9889,71.2402],[-93.2712,71.5585],[-94.4172,71.8843],[-95.4106,71.859],[-95.6718,71.5696],[-95.3527,71.4067],[-95.9575,71.3512],[-96.3983,71.2028],[-96.6997,70.8384],[-95.9467,70.5699],[-96.4741,70.2998],[-96.4226,70.093],[-96.127,69.9408],[-95.3096,69.7375],[-94.4232,69.6937],[-94.0367,69.5505],[-92.9925,69.5146],[-92.9561,69.0843],[-93.5271,69.219],[-94.3425,69.1119],[-94.5831,68.8781],[-94.1384,68.8413],[-93.6358,68.925],[-93.4141,68.5425],[-94.084,68.4513],[-94.637,68.069],[-95.3225,68.0603],[-95.5004,67.7247],[-95.2587,67.0284],[-96.2596,67.3151],[-96.3402,67.5448],[-96.2079,68.0736],[-97.5718,68.3699],[-98.3671,68.361],[-98.4071,68.159],[-97.7876,68.1303],[-97.1586,67.9674],[-97.1512,67.7365],[-97.4955,67.5872],[-98.3549,67.9353],[-99.3677,67.7919],[-101.002,67.7963],[-101.913,67.7053],[-102.7631,67.8004],[-103.3075,67.9335],[-103.5827,68.1195],[-104.4543,68.1029],[-105.636,68.3549],[-105.912,68.3394],[-106.2119,68.1071],[-107.662,67.9626],[-107.7165,67.6276],[-107.5938,67.3383],[-107.1282,66.9618],[-107.6111,66.8797],[-107.5276,66.563],[-108.4852,67.0701],[-108.1011,67.2188],[-108.095,67.3596],[-108.8354,67.6106],[-109.4888,67.6911],[-110.1334,67.9058],[-110.532,67.92],[-111.7798,67.7464],[-112.5025,67.693],[-114.0663,67.7346],[-115.5617,67.8957],[-115.4021,68.2169],[-114.1087,68.3465],[-114.3896,68.6083],[-115.2851,68.8921],[-115.6898,68.9365],[-116.8132,68.9118],[-117.8323,69.0078],[-120.2216,69.4184],[-121.6351,69.7643],[-122.3261,69.8845],[-123.0507,69.8603],[-123.2919,69.6399],[-123.8028,69.4345],[-124.6,69.4632],[-124.5344,69.7816],[-124.7069,69.9408],[-125.3862,69.818],[-125.1877,69.4092],[-125.4546,69.3331],[-125.974,69.4304],[-126.7952,69.785],[-127.3517,70.3803],[-127.8055,70.3102],[-127.9398,70.0799],[-128.7238,69.8725],[-129.0131,69.7202],[-129.9427,69.6426],[-130.8958,69.3003],[-131.673,69.2762],[-132.175,68.981],[-132.7133,68.8671],[-132.789,68.7091],[-133.7196,68.9179],[-133.4132,69.137],[-132.6179,69.2517],[-132.3032,69.4867],[-131.1946,69.6858],[-130.7033,69.8537],[-130.0498,69.9689],[-130.2418,70.2059],[-131.0591,70.1583],[-131.4462,69.9663],[-132.508,69.8579],[-133.6476,69.5069],[-134.776,69.573],[-135.4392,69.5263],[-136.044,69.336],[-136.0149,69.1472],[-135.6989,68.9895],[-136.2031,68.8756],[-137.7285,69.0158],[-138.9955,69.3683],[-140.3346,69.6232],[-141.1614,69.5989],[-141.704,69.7344],[-142.8025,70.0903],[-143.3076,70.1968],[-145.2725,70.1164],[-146.1826,70.2681],[-147.7235,70.3267],[-149.2863,70.5392],[-150.6386,70.4751],[-152.1371,70.5339],[-152.9712,70.934],[-154.4613,70.9932],[-155.0999,71.0773],[-155.4748,70.8519],[-156.138,70.9281],[-156.0432,71.223],[-156.9047,71.3459],[-157.8119,70.9714],[-158.8552,70.8843],[-160.2403,70.8585],[-159.9096,70.6041],[-159.9047,70.4269],[-161.1876,70.4399],[-162.1772,70.2842],[-162.8791,69.9991],[-163.5107,69.5042],[-163.7142,69.2239],[-164.0672,69.0647],[-164.8902,68.935],[-166.2968,68.8796],[-166.3354,68.6614],[-166.8435,68.4052],[-164.5127,67.7967],[-163.826,67.4482],[-163.7387,67.2183],[-161.9357,67.0884],[-161.7956,66.7486],[-161.2184,66.7276],[-160.0323,66.5676],[-160.1252,66.3393],[-160.5847,66.3164],[-161.2614,66.396],[-161.6268,66.2263],[-162.2751,66.071],[-162.7585,66.0628],[-163.8431,66.1781],[-163.7824,66.5385],[-164.4631,66.5962],[-165.5214,66.366],[-165.9972,66.2034],[-167.0242,65.9595],[-167.73,65.863],[-168.1798,65.6939],[-166.1387,65.3548],[-165.8638,65.1661],[-166.6038,65.1501],[-166.586,64.7304],[-165.7407,64.559],[-165.1712,64.5457],[-164.5999,64.6188],[-163.8834,64.5913],[-163.0252,64.4417],[-162.8019,64.4709],[-162.1366,64.7892],[-161.2906,64.9641],[-160.9022,64.8132],[-160.9439,64.5248],[-161.3729,64.4664],[-161.0063,64.1579],[-160.9395,63.9849]]],[[[-62.8114,81.156],[-63.7254,81.0862],[-66.5217,80.7113],[-67.1428,80.5621],[-67.4103,80.2107],[-66.4194,79.9819],[-65.8996,80.0692],[-64.6232,79.9492],[-64.8905,79.3824],[-65.4849,79.1582],[-67.9691,79.1268],[-69.2663,78.7962],[-72.3832,78.5257],[-72.5254,78.1661],[-71.8884,77.9494],[-71.0452,77.9163],[-70.3795,77.6661],[-69.6875,77.5551],[-68.9532,77.6342],[-67.8518,77.5931],[-66.8047,77.7768],[-66.1534,77.5532],[-66.1778,77.398],[-66.7838,77.2593],[-67.7363,77.1889],[-71.1839,77.2595],[-71.4483,77.1219],[-70.5,76.8333],[-68.3763,76.7778],[-68.1444,76.5998],[-69.0448,76.2938],[-67.0367,75.9362],[-66.5404,75.9707],[-66.6839,76.3067],[-65.4745,76.0986],[-63.6508,76.3799],[-62.4487,76.3384],[-63.3582,78.2356],[-62.8114,81.156]]],[[[-102.2792,73.1472],[-102.6687,72.8528],[-101.6537,72.3731],[-100.3189,72.1397],[-98.939,71.3922],[-98.3719,71.37],[-97.8419,71.6904],[-97.284,71.6524],[-96.8496,71.8798],[-96.6575,72.3431],[-96.3509,72.5012],[-96.6885,72.8165],[-98.3937,73.1306],[-98.1863,73.2901],[-97.4889,73.4588],[-96.9367,73.7877],[-97.9566,73.9221],[-99.2194,73.7433],[-99.6677,73.9189],[-100.9138,73.7081],[-99.955,73.2629],[-100.8349,72.7455],[-101.5207,72.8708],[-102.2792,73.1472]]],[[[-95.8734,76.5133],[-93.9376,76.3985],[-93.7945,76.738],[-94.1951,76.8991],[-95.6285,77.0416],[-96.7231,77.0224],[-96.8095,76.9197],[-95.8734,76.5133]]],[[[-91.1346,76.6325],[-92.2471,76.6219],[-93.0849,76.527],[-93.0639,76.3748],[-92.2241,75.9472],[-92.1012,75.6381],[-92.3655,75.4213],[-91.8668,74.7889],[-90.5203,74.7184],[-89.6981,74.6146],[-89.2686,74.7046],[-88.9471,74.9324],[-88.3902,74.9905],[-88.1436,74.569],[-87.4898,74.5378],[-86.3057,74.621],[-86.2116,74.8157],[-85.1182,74.6232],[-83.581,74.699],[-83.6136,75.0242],[-83.0738,74.9841],[-82.936,74.684],[-82.373,74.5555],[-80.3493,74.6159],[-80.4999,75.0301],[-79.4952,75.2798],[-79.7392,75.4701],[-80.7661,75.6096],[-81.7031,75.875],[-83.5587,75.9049],[-85.2033,75.7429],[-86.618,75.4322],[-87.2929,75.6555],[-88.6474,75.5946],[-89.0422,75.4608],[-89.8017,75.9182],[-90.6465,75.9501],[-91.1564,75.9743],[-90.9901,76.1847],[-89.8115,76.3725],[-91.1346,76.6325]]],[[[-75.9249,82.5174],[-75.9878,82.3421],[-76.9546,81.3986],[-78.3209,80.9654],[-77.5209,80.7499],[-81.0637,80.5335],[-81.7187,80.3854],[-82.2626,80.051],[-81.3557,79.9081],[-81.7581,79.6819],[-83.6184,80.2067],[-86.1701,80.279],[-86.3224,80.1143],[-83.9109,79.2566],[-81.5972,78.7546],[-82.3256,78.6653],[-83.84,78.8568],[-85.8068,78.9062],[-86.8254,78.5861],[-86.5099,78.2969],[-84.8434,78.1596],[-84.8683,77.7077],[-84.4071,77.6307],[-83.0486,77.6312],[-83.6917,77.313],[-84.9299,77.3451],[-86.4357,77.8175],[-87.8125,77.8756],[-88.0512,77.7536],[-87.0992,77.2807],[-87.8539,77.2192],[-88.5607,77.0294],[-89.247,76.9768],[-89.4181,76.6103],[-88.5888,76.4678],[-88.1834,76.7401],[-87.2727,76.5042],[-85.0371,76.4069],[-84.5594,76.5432],[-82.4236,76.4711],[-81.3823,76.6511],[-80.8135,76.2377],[-78.2123,76.5468],[-77.8041,76.7258],[-78.1214,77.0407],[-79.0219,77.0561],[-81.4728,77.2399],[-82.1024,77.3161],[-81.5539,77.5411],[-78.8554,77.3738],[-78.2186,77.5733],[-78.3668,78.0329],[-77.0171,77.9745],[-76.1432,78.072],[-76.6185,78.2983],[-75.753,78.3612],[-75.5213,78.6783],[-74.9089,78.8208],[-74.9631,79.1223],[-76.2538,79.3248],[-77.2992,79.2856],[-77.2388,79.5827],[-76.3347,79.6113],[-75.1737,79.5149],[-73.376,79.5811],[-74.5423,79.8941],[-74.2455,80.0427],[-72.5138,79.8708],[-71.4545,79.8458],[-70.2185,80.1374],[-70.5111,80.5454],[-69.4975,80.5475],[-66.4817,81.3029],[-65.2998,81.4584],[-65.5879,81.705],[-67.5164,81.5873],[-67.5852,81.9613],[-66.3745,82.1007],[-63.9206,82.0112],[-61.9894,82.3119],[-62.4271,82.6336],[-65.4809,82.8997],[-67.6963,82.8728],[-70.5843,83.176],[-71.9259,83.0841],[-73.3612,83.103],[-74.1611,82.9906],[-76.6065,83.0404],[-75.8021,82.6801],[-75.9249,82.5174]]],[[[-54.4859,69.5636],[-53.5515,69.2784],[-52.5211,69.4766],[-51.8774,69.5307],[-52.084,69.7725],[-53.6167,70.1578],[-54.5937,70.2402],[-54.7227,70.0869],[-54.6869,69.707],[-54.4859,69.5636]]],[[[-60.1715,53.2986],[-58.7882,52.5726],[-56.127,53.4658],[-56.6493,53.6576],[-57.1308,53.483],[-57.2852,53.6698],[-57.1058,53.8706],[-57.5611,54.1307],[-58.0769,54.0829],[-58.6401,53.8677],[-59.1808,53.5191],[-59.717,53.4313],[-60.1715,53.2986]]],[[[123.5007,73.5049],[124.5438,71.5861],[130.8673,69.901],[155.8922,68.169],[168.1355,67.4578],[171.7681,65.8592],[172.4408,63.0784],[169.4809,61.1926],[170.3441,60.2796],[170.5197,60.3399],[171.0724,60.4521],[171.2484,60.6542],[172.0001,60.8576],[172.4924,61.2633],[172.9183,61.2781],[173.4809,61.6011],[173.9268,61.616],[174.5423,61.8907],[175.1726,61.9691],[176.5491,62.3797],[176.832,62.6764],[177.1903,62.67],[177.2908,62.4868],[178.7377,62.2993],[179.2422,62.5257],[179.2877,62.8151],[179.0043,62.9702],[178.3444,63.458],[178.4026,63.6641],[178.1473,64.1566],[177.5347,64.0897],[177.0816,64.303],[177.0816,64.5174],[176.7532,64.5711],[176.4678,64.409],[175.8998,64.5474],[176.3317,64.7729],[177.2515,64.8561],[177.4267,64.6067],[178.0044,64.5477],[178.726,64.6063],[180,64.9535],[180,65.0519],[180,65.311],[180,65.3816],[180,65.9631],[180,66.9631],[180,67.9631],[180,68.9199],[178.965,69.2291],[178.6289,69.2585],[177.705,69.4896],[177.0792,69.5336],[175.611,69.7794],[173.6367,69.7607],[173.0083,69.6917],[172.9082,69.8348],[172.3592,69.9092],[170.4517,70.0192],[170.0563,69.6109],[170.4313,69.5589],[170.9049,69.0343],[170.8328,68.9219],[170.0889,68.7785],[169.3886,68.7175],[168.9861,68.9634],[168.1,69.2315],[167.3201,69.6586],[166.7004,69.4317],[166.3092,69.3783],[164.6365,69.4128],[164.0537,69.66],[163.0382,69.5452],[161.961,69.5282],[161.4161,69.3542],[161.1708,69.1586],[160.674,69.2703],[160.6816,69.5785],[159.673,69.6519],[159.4438,69.7646],[159.6279,70.2198],[159.2292,70.5475],[158.4087,70.8142],[157.3964,70.9275],[156.0432,70.9866],[155.0492,70.9385],[153.4044,70.7282],[152.134,70.6644],[151.6448,70.8938],[151.48,71.0858],[150.6937,71.3467],[149.7154,71.4376],[148.7109,71.6294],[149.722,71.8952],[149.5303,72.0274],[148.698,72.1662],[146.9151,72.2019],[146.1861,71.8421],[145.1004,71.5762],[144.8808,71.7231],[145.6782,71.9267],[145.6646,72.1605],[144.8204,72.1433],[145.6,72.4262],[144.5618,72.4556],[142.2002,72.6787],[141.294,72.7871],[140.5891,72.4952],[139.3118,72.3832],[139.8479,72.2356],[139.7445,71.4036],[139.1588,71.418],[138.6749,71.6184],[138.1194,71.4702],[138.0758,71.246],[137.6297,71.0754],[136.765,71.4058],[136.2266,71.5132],[135.5106,71.5118],[134.2414,71.2619],[133.1384,71.4532],[132.2836,71.6609],[131.4127,70.8638],[130.7793,70.6783],[130.1717,70.8153],[129.3552,71.1757],[128.4325,71.7546],[127.1209,72.2119],[126.2253,72.2493],[126.2164,72.3823],[127.3135,72.7139],[128.5249,72.9523],[128.4989,73.1259],[127.7196,73.4015],[125.7173,73.3978],[124.8177,73.6582],[124.2222,73.6969],[123.5007,73.5049]]],[[[-170.4731,66.2949],[-171.2272,66.6027],[-171.958,66.9557],[-172.378,67.0141],[-172.8292,66.9614],[-173.8749,67.1593],[-174.3366,67.077],[-174.3783,66.7],[-174.0912,66.5236],[-174.1933,66.288],[-174.6352,66.4048],[-175.1005,66.765],[-175.0062,66.9573],[-175.1889,67.3126],[-175.514,67.6688],[-175.9906,67.8467],[-178.1292,68.3736],[-178.8912,68.6425],[-180,68.9169],[-180,67.9631],[-180,66.9631],[-180,65.9631],[-180,65.3816],[-180,65.311],[-180,65.2592],[-179.3786,65.996],[-178.9751,66.0514],[-178.6969,65.8321],[-178.6535,65.5399],[-178.1163,65.4825],[-177.5119,65.5201],[-177.1256,65.6231],[-176.5285,65.6096],[-176.1372,65.457],[-175.9517,65.0062],[-175.3009,64.7257],[-175.1872,64.8485],[-174.3794,64.6192],[-174.2607,64.4609],[-173.7238,64.3828],[-173.077,64.384],[-173.0252,64.5065],[-173.2504,64.8955],[-172.4366,65.02],[-172.5623,65.5148],[-172.1836,65.5885],[-171.2003,65.5612],[-170.6127,66.0378],[-169.8727,66.0832],[-170.4731,66.2949]]]]},"properties":{"NAME":"Arctic marine mammal hunters","ABBREVN":"Arctic marine mammal hunters","SUBJECTO":"Arctic marine mammal hunters","BORDERPRECISION":1,"PARTOF":"Arctic marine mammal hunters"}},
{"type":"Feature","geometry":{"type":"Polygon","coordinates":[[[-67.4816,-31.6559],[-67.4993,-31.6632],[-69.3196,-29.3048],[-68.6166,-26.6665],[-67.1226,-25.032],[-66.0972,-20.1384],[-65.9062,-18.3111],[-66.5952,-19.1451],[-67.3562,-19.1943],[-67.8248,-22.4749],[-67.9525,-24.6451],[-68.1918,-25.492],[-69.0942,-25.5484],[-70.3981,-25.2489],[-70.683,-25.7704],[-70.6546,-26.2595],[-70.748,-26.8759],[-70.9346,-27.7274],[-71.142,-27.9946],[-71.2972,-28.6683],[-71.4301,-29.1005],[-71.2336,-29.5193],[-71.2367,-29.8496],[-71.3295,-30.1039],[-71.6816,-30.6],[-71.6954,-30.8541],[-71.5198,-32.1812],[-71.4161,-32.7526],[-71.7504,-33.1915],[-71.6099,-33.5723],[-71.6157,-33.7057],[-71.8228,-33.9347],[-71.9627,-34.2462],[-72.1666,-34.9579],[-72.33,-35.2826],[-72.6288,-35.6459],[-72.8464,-36.3592],[-72.96,-36.5759],[-73.1442,-37.1558],[-73.3597,-37.3219],[-73.5841,-37.2777],[-73.6725,-37.5009],[-73.435,-37.9018],[-73.4007,-38.0993],[-73.4412,-38.6284],[-73.1963,-39.4187],[-73.1938,-39.5654],[-73.4343,-39.9104],[-73.7594,-40.2434],[-73.9052,-40.839],[-73.8453,-41.1528],[-73.5936,-41.6972],[-73.4636,-41.7868],[-73.1777,-41.7606],[-72.8909,-41.5291],[-72.7282,-41.5534],[-72.0685,-40.5472],[-71.5167,-39.7057],[-69.4368,-37.159],[-67.6499,-33.5769],[-67.4816,-31.6559]]]},"properties":{"NAME":"Andean hunter-gatherers","ABBREVN":"Andean hunter-gatherers","SUBJECTO":"Andean hunter-gatherers","BORDERPRECISION":1,"PARTOF":"Andean hunter-gatherers"}},
{"type":"Feature","geometry":{"type":"Polygon","coordinates":[[[-69.1147,-51.3524],[-69.167,-51.1494],[-69.0409,-50.5624],[-68.706,-50.2853],[-68.27,-50.1727],[-67.8335,-49.9682],[-67.6498,-49.6209],[-67.6999,-49.3856],[-67.5776,-49.0585],[-67.2572,-48.7445],[-66.0777,-48.1421],[-65.8389,-47.868],[-65.7133,-47.3536],[-65.776,-47.2301],[-66.3755,-47.1273],[-66.6709,-47.0174],[-67.1119,-46.7324],[-67.3281,-46.5316],[-67.4686,-46.2659],[-67.4725,-45.9223],[-67.2253,-45.5527],[-66.9735,-45.3063],[-66.6949,-45.1311],[-66.1943,-44.9815],[-65.4362,-44.8897],[-65.6366,-44.6259],[-65.2698,-44.2579],[-65.2333,-44.1419],[-65.3072,-43.6014],[-65.0473,-43.3307],[-64.3093,-43.0271],[-65.0171,-42.8807],[-65.0851,-42.7844],[-64.6879,-42.6487],[-64.2173,-42.6157],[-64.0011,-42.8529],[-63.6,-42.7044],[-63.729,-42.101],[-64.2937,-42.2048],[-64.1197,-42.3842],[-64.2859,-42.4745],[-64.6439,-42.4367],[-64.992,-42.1934],[-65.0335,-42.0202],[-64.9247,-41.7312],[-64.9414,-41.5517],[-65.1346,-41.2444],[-65.1532,-40.9753],[-64.9389,-40.8275],[-64.2773,-41.0055],[-63.8419,-41.1584],[-63.4756,-41.1898],[-62.964,-41.1375],[-62.4008,-40.9249],[-62.2598,-40.8029],[-62.4658,-40.3679],[-62.4349,-40.1951],[-62.1082,-39.6898],[-62.0678,-39.5558],[-62.351,-39.3331],[-62.3099,-38.8802],[-61.8895,-38.9813],[-61.3607,-39.0313],[-60.9357,-39.0113],[-59.5154,-38.8745],[-58.6512,-38.6942],[-57.8089,-38.3865],[-57.6434,-38.2587],[-57.5021,-37.9269],[-57.1739,-37.5821],[-56.6981,-36.9441],[-56.7997,-36.543],[-57.2936,-36.2702],[-57.4192,-35.9968],[-57.3996,-35.8185],[-57.2255,-35.4363],[-57.4793,-35.2141],[-58.107,-34.961],[-58.5228,-34.5871],[-58.3397,-34.2161],[-58.1802,-34.2878],[-57.9337,-34.5414],[-57.7868,-34.5983],[-57.3477,-34.5084],[-56.719,-34.6914],[-56.3383,-34.9955],[-56.1671,-35.0142],[-55.8791,-34.8865],[-55.3831,-34.8157],[-54.9898,-34.9673],[-54.6215,-34.9221],[-54.0743,-34.6478],[-53.7932,-34.3995],[-53.4319,-33.9034],[-52.9214,-33.4386],[-52.567,-33.0187],[-52.3507,-32.6752],[-52.1493,-31.9062],[-52.1436,-31.7474],[-52.1402,-31.7409],[-53.5445,-31.4465],[-54.3647,-30.5929],[-57.3528,-29.6809],[-63.5633,-30.0366],[-67.4816,-31.6559],[-67.6499,-33.5769],[-69.4368,-37.159],[-71.5167,-39.7057],[-72.0685,-40.5472],[-70.5793,-40.5791],[-71.6339,-43.1955],[-72.1905,-45.9901],[-72.044,-48.7664],[-71.4875,-51.1039],[-71.1652,-51.5614],[-69.1147,-51.3524]]]},"properties":{"NAME":"Pampas cultures","ABBREVN":"Pampas cultures","SUBJECTO":"Pampas cultures","BORDERPRECISION":1,"PARTOF":"Pampas cultures"}},
{"type":"Feature","geometry":{"type":"MultiPolygon","coordinates":[[[[-48.6398,-1.0584],[-48.5528,-0.6324],[-48.4019,-0.3907],[-48.5458,-0.3211],[-49.1427,-0.1953],[-49.3582,-0.2847],[-50.2068,-0.1912],[-50.5014,-0.2617],[-50.6167,-0.8911],[-50.5743,-1.177],[-50.6115,-1.4376],[-50.4763,-1.6788],[-50.225,-1.7354],[-49.9368,-1.6585],[-49.3471,-1.6445],[-48.8857,-1.4211],[-48.6398,-1.0584]]],[[[-61.6958,8.6101],[-61.2899,8.7707],[-61.1937,8.8726],[-61.1211,9.1651],[-60.7927,9.3882],[-61.0015,9.5212],[-61.4147,9.6983],[-61.5309,9.8506],[-61.9166,9.9069],[-62.1033,10.0209],[-62.2969,9.7218],[-62.3846,10.014],[-62.6585,10.2549],[-62.9253,10.3687],[-62.9143,10.5467],[-62.3356,10.5352],[-62.2897,10.7323],[-62.7031,10.7569],[-63.6531,10.6913],[-63.8566,10.7099],[-64.0683,10.6268],[-64.5374,10.2635],[-64.8837,10.1357],[-65.3759,10.1537],[-65.5965,10.2168],[-65.9767,10.4066],[-66.1565,10.6223],[-66.4781,10.6788],[-67.5209,10.6003],[-67.9796,10.5421],[-68.3025,10.7257],[-68.3724,11.0116],[-68.6946,11.3795],[-68.9613,11.4679],[-69.4807,11.5494],[-69.7429,11.6566],[-69.7863,11.9396],[-69.9735,12.2284],[-70.1385,12.209],[-70.3393,11.9988],[-70.1974,11.7512],[-69.9228,11.79],[-69.7478,11.5335],[-70.1224,11.4909],[-70.1614,11.3899],[-71.0984,11.1201],[-71.4563,10.8847],[-71.4956,10.6462],[-71.1839,10.0458],[-71.0894,9.9189],[-71.0144,9.6267],[-71.0983,9.3279],[-71.1817,9.2771],[-70.6818,8.5572],[-65.9654,8.1804],[-63.0652,8.3254],[-62.1278,8.6441],[-61.6958,8.6101]]],[[[-61.265,15.2581],[-61.3042,15.5736],[-61.4747,15.4864],[-61.265,15.2581]]],[[[-60.8869,14.4656],[-60.8297,14.57],[-61.0344,14.8292],[-61.2317,14.8094],[-61.0339,14.4658],[-60.8869,14.4656]]],[[[-61.2056,16.2672],[-61.4989,16.3486],[-61.7939,16.2419],[-61.695,15.9492],[-61.5528,16.0544],[-61.5811,16.2047],[-61.2056,16.2672]]],[[[-77.0503,17.9781],[-76.8055,18.0041],[-76.4677,17.8713],[-76.3007,17.9924],[-76.4264,18.1193],[-77.1559,18.3974],[-77.7695,18.5105],[-78.0864,18.478],[-78.3249,18.3504],[-78.0518,18.2175],[-77.7373,17.9321],[-77.2908,17.806],[-77.0503,17.9781]]],[[[-66.4509,18.0452],[-65.9674,18.0272],[-65.7241,18.3328],[-65.9515,18.4722],[-67.0552,18.5461],[-67.1617,18.3297],[-67.152,17.9865],[-66.9056,17.9362],[-66.4509,18.0452]]],[[[-77.0987,20.5333],[-77.1766,20.3551],[-77.663,19.9028],[-77.4608,19.8714],[-76.8187,19.9364],[-76.3985,20.0199],[-75.9934,20.0017],[-75.5191,19.9074],[-75.2372,19.9334],[-74.7196,20.1125],[-74.2782,20.1515],[-74.3448,20.323],[-74.8391,20.6207],[-75.0619,20.6965],[-75.6537,20.6825],[-75.7585,20.7522],[-75.6039,21.0132],[-75.7509,21.1209],[-76.2089,21.1962],[-76.9758,21.4298],[-77.3398,21.5117],[-77.5078,21.7592],[-77.7118,21.8986],[-78.1706,22.1201],[-78.7233,22.2779],[-79.3304,22.4037],[-79.76,22.7588],[-79.9846,22.8791],[-80.199,22.885],[-80.7212,23.0237],[-81.4311,23.1367],[-82.0568,23.1353],[-82.4356,23.0646],[-82.9593,23.0254],[-83.6904,22.814],[-84.2564,22.5395],[-84.4347,22.323],[-84.3772,22.0561],[-84.7064,21.7696],[-84.2086,21.8276],[-84.0305,21.9551],[-83.8506,22.2098],[-83.3897,22.2235],[-82.8527,22.6378],[-82.5624,22.7084],[-82.0456,22.6967],[-81.7394,22.6211],[-81.6626,22.5068],[-82.0406,22.3853],[-81.7923,22.2078],[-81.5723,22.1638],[-80.7765,22.1019],[-80.4442,21.9945],[-80.014,21.773],[-79.7345,21.6719],[-79.3581,21.6091],[-78.7279,21.6168],[-78.5136,21.3058],[-78.4504,20.969],[-78.1574,20.8171],[-77.5712,20.7675],[-77.2912,20.7045],[-77.0987,20.5333]]],[[[-70.7654,18.4937],[-70.621,18.5067],[-70.4774,18.2845],[-70.2992,18.2595],[-69.956,18.5017],[-69.808,18.5465],[-69.5107,18.5027],[-68.9859,18.5102],[-68.772,18.2437],[-68.6647,18.1994],[-68.3729,18.575],[-68.6568,18.8732],[-69.0688,19.0757],[-69.5091,19.2082],[-69.7466,19.3539],[-69.9934,19.6839],[-70.2892,19.6515],[-70.7389,19.7904],[-70.8816,19.9299],[-71.2203,19.8339],[-71.5506,19.8967],[-71.8433,19.7308],[-72.1027,19.7557],[-72.5888,19.8882],[-72.9404,19.9446],[-73.4212,19.8737],[-73.3554,19.6577],[-72.9446,19.595],[-72.6765,19.3922],[-72.7594,19.0742],[-72.6984,18.9408],[-72.2978,18.662],[-72.7459,18.5085],[-73.0403,18.5269],[-73.8302,18.6524],[-74.3032,18.6959],[-74.4418,18.524],[-74.3648,18.3779],[-73.857,18.112],[-73.6871,18.2713],[-73.4738,18.3163],[-72.9155,18.2285],[-72.5207,18.223],[-72.1783,18.2873],[-71.9782,18.2622],[-71.677,18.0025],[-71.5307,17.7547],[-71.4008,17.7041],[-71.2165,17.9969],[-71.0615,18.3468],[-70.7654,18.4937]]]]},"properties":{"NAME":"Caribbean hunter-gatherers","ABBREVN":"Caribbean hunter-gatherers","SUBJECTO":"Caribbean hunter-gatherers","BORDERPRECISION":1,"PARTOF":"Caribbean hunter-gatherers"}},
{"type":"Feature","geometry":{"type":"MultiPolygon","coordinates":[[[[-69.214,-54.934],[-68.3755,-54.852],[-67.4916,-54.8704],[-67.1526,-54.91],[-66.6218,-55.07],[-66.1082,-54.9817],[-65.3477,-54.9132],[-65.3231,-54.7256],[-65.9004,-54.7133],[-66.4175,-54.6072],[-66.9828,-54.3407],[-67.8381,-53.7012],[-68.1297,-53.3752],[-68.5575,-53.3494],[-68.7053,-53.2346],[-68.3054,-52.9431],[-68.7013,-52.7201],[-69.2205,-52.6923],[-69.4067,-52.5665],[-69.7973,-52.8529],[-70.2805,-53.0865],[-70.4647,-53.3731],[-70.3333,-53.4727],[-69.5146,-53.3446],[-69.4206,-53.5443],[-70.1455,-53.8057],[-69.8902,-54.139],[-69.3353,-54.2917],[-69.0555,-54.602],[-69.3731,-54.6048],[-69.5678,-54.4593],[-70.213,-54.4338],[-70.6207,-54.5015],[-70.5739,-54.6419],[-70.7215,-54.9369],[-69.861,-54.7745],[-69.214,-54.934]]],[[[-73.9484,-43.4577],[-73.6958,-43.3865],[-73.6086,-42.9106],[-73.8305,-42.5641],[-73.4552,-42.2616],[-73.6372,-41.9668],[-74.0048,-42.0188],[-74.1686,-42.3465],[-74.1341,-42.7639],[-74.296,-43.2655],[-74.1418,-43.4452],[-73.9484,-43.4577]]],[[[-73.2806,-52.9526],[-73.0804,-53.032],[-72.8449,-52.6461],[-72.869,-52.2813],[-73.19,-52.3283],[-73.5605,-52.2826],[-73.6256,-52.6078],[-73.2433,-52.5739],[-73.2806,-52.9526]]],[[[-69.1147,-51.3524],[-71.1652,-51.5614],[-71.4875,-51.1039],[-72.044,-48.7664],[-72.1905,-45.9901],[-71.6339,-43.1955],[-70.5793,-40.5791],[-72.0685,-40.5472],[-72.7282,-41.5534],[-72.5872,-41.6183],[-72.7311,-41.9072],[-72.4659,-42.035],[-72.4381,-42.3045],[-72.7474,-42.4464],[-72.7236,-42.7996],[-72.5297,-43.0627],[-72.8339,-43.1854],[-72.9985,-43.3337],[-72.9719,-43.7067],[-73.082,-44.0223],[-73.058,-44.1896],[-72.5827,-44.4398],[-72.6771,-44.7493],[-72.9466,-44.9432],[-73.3141,-45.086],[-73.3314,-45.4741],[-73.4737,-45.6686],[-73.5711,-46.2649],[-73.9697,-46.7134],[-73.9787,-46.3435],[-74.4789,-46.3056],[-74.0418,-46.0908],[-74.189,-45.8449],[-74.5639,-45.8715],[-74.8639,-46.2286],[-75.4414,-46.5151],[-75.0219,-46.5532],[-75.0112,-46.7739],[-74.4632,-46.7988],[-73.9788,-47.0317],[-74.0868,-47.2984],[-74.328,-47.2924],[-74.3926,-47.5332],[-74.5453,-47.6832],[-74.1541,-47.8386],[-73.7637,-47.7728],[-73.3605,-47.9738],[-73.4387,-48.1564],[-73.7589,-48.1245],[-73.9434,-48.0141],[-74.2103,-48.0081],[-74.133,-48.4773],[-74.3124,-48.7451],[-74.2716,-49.431],[-73.9631,-49.2408],[-73.8999,-49.4303],[-74.2405,-49.6337],[-74.1866,-49.8234],[-73.9325,-49.9931],[-74.1902,-50.171],[-74.0749,-50.4734],[-73.5302,-50.4329],[-73.8894,-50.9079],[-74.2694,-50.9944],[-73.6379,-51.3562],[-73.8753,-51.5615],[-73.5912,-51.7925],[-73.2585,-51.7058],[-73.4081,-52.0238],[-73.1069,-52.1028],[-72.8102,-51.93],[-72.65,-52.1284],[-72.4492,-52.1611],[-72.5588,-52.5726],[-71.9503,-52.5714],[-71.678,-52.6439],[-72.7842,-52.8985],[-72.5055,-53.0642],[-72.0511,-53.07],[-71.4425,-52.8294],[-71.152,-52.9618],[-71.8723,-53.6956],[-71.4423,-53.8816],[-70.998,-53.8207],[-70.8781,-53.4738],[-70.9051,-53.2341],[-70.7336,-52.8015],[-70.4156,-52.668],[-69.8952,-52.6272],[-69.483,-52.3609],[-69.2371,-52.2941],[-68.9949,-52.4263],[-68.5938,-52.4654],[-68.4105,-52.4053],[-68.831,-51.9024],[-69.0769,-51.4993],[-69.1147,-51.3524]]]]},"properties":{"NAME":"Patagonian shellfish and marine mammal hunters","ABBREVN":"Patagonian shellfish and marine mammal hunters","SUBJECTO":"Patagonian shellfish and marine mammal hunters","BORDERPRECISION":1,"PARTOF":"Patagonian shellfish and marine mammal hunters"}},
{"type":"Feature","geometry":{"type":"Polygon","coordinates":[[[-48.7969,-28.4755],[-48.7284,-28.3671],[-48.5639,-27.6806],[-48.6026,-26.6769],[-48.7754,-26.385],[-48.6106,-26.2449],[-48.5162,-25.8763],[-48.5703,-25.635],[-48.7245,-25.4256],[-48.3444,-25.3994],[-48.1255,-25.2909],[-47.8862,-24.9855],[-46.2062,-23.8828],[-45.7953,-23.7358],[-45.4592,-23.8558],[-45.1482,-23.493],[-44.6575,-23.2633],[-44.5613,-22.9899],[-43.8152,-22.9565],[-43.2364,-23.0315],[-42.9838,-22.5664],[-43.2767,-21.5891],[-45.9425,-21.7525],[-49.4872,-24.5533],[-49.8387,-26.7973],[-48.7969,-28.4755]]]},"properties":{"NAME":"Shellfish gatherers","ABBREVN":"Shellfish gatherers","SUBJECTO":"Shellfish gatherers","BORDERPRECISION":1,"PARTOF":"Shellfish gatherers"}},
{"type":"Feature","geometry":{"type":"Polygon","coordinates":[[[-65.9062,-18.3111],[-66.0972,-20.1384],[-67.1226,-25.032],[-68.6166,-26.6665],[-69.3196,-29.3048],[-67.4993,-31.6632],[-67.4816,-31.6559],[-63.5633,-30.0366],[-57.3528,-29.6809],[-54.3647,-30.5929],[-53.5445,-31.4465],[-52.1402,-31.7409],[-52.0422,-31.5566],[-51.6023,-31.2317],[-51.4454,-31.0154],[-51.2324,-30.2654],[-50.5817,-30.4165],[-50.854,-30.9379],[-51.137,-31.1926],[-51.333,-31.4598],[-51.4774,-31.8235],[-50.8061,-31.1919],[-50.4687,-30.7402],[-50.2441,-30.3205],[-49.9363,-29.6274],[-49.5465,-29.1565],[-49.1921,-28.9207],[-48.8522,-28.563],[-48.7969,-28.4755],[-49.8387,-26.7973],[-49.4872,-24.5533],[-45.9425,-21.7525],[-43.2767,-21.5891],[-42.9838,-22.5664],[-43.2364,-23.0315],[-42.9674,-23.031],[-42.5271,-22.9538],[-42.1384,-22.972],[-41.9578,-22.9208],[-41.9292,-22.5459],[-41.7696,-22.3804],[-41.5249,-22.2528],[-40.9835,-22.0864],[-41.0481,-21.6609],[-40.9328,-21.2794],[-40.4783,-20.6494],[-40.1398,-19.9752],[-39.8355,-19.7014],[-39.6913,-19.4088],[-39.8014,-18.7483],[-39.6661,-18.227],[-39.4842,-17.9978],[-39.1425,-17.7747],[-39.225,-17.4445],[-39.2077,-17.1458],[-38.9482,-16.0016],[-38.9832,-15.5569],[-39.1262,-14.3245],[-39.0697,-13.7208],[-38.8279,-12.9832],[-38.7989,-12.6273],[-38.5088,-12.7983],[-38.4731,-12.9888],[-38.2661,-12.8867],[-37.9063,-12.3903],[-37.6366,-11.9513],[-37.4097,-11.4679],[-37.3621,-11.131],[-37.1865,-10.8447],[-36.8289,-10.7359],[-36.2046,-10.1563],[-35.5986,-9.6276],[-35.3656,-9.2459],[-35.1142,-8.6607],[-35.005,-8.2792],[-34.8907,-7.6118],[-34.9184,-7.167],[-35.0391,-6.6526],[-35.3057,-5.7509],[-35.3449,-5.4777],[-35.4644,-5.2683],[-35.6648,-5.1797],[-36.6359,-5.1183],[-37.1806,-4.9543],[-37.8879,-4.393],[-38.531,-5.7336],[-39.9371,-8.292],[-48.3154,-13.9238],[-51.5378,-14.3783],[-60.2676,-13.81],[-64.1941,-14.6946],[-64.6618,-16.8047],[-65.9062,-18.3111]]]},"properties":{"NAME":"Savanna hunter-gatherers","ABBREVN":"Savanna hunter-gatherers","SUBJECTO":"Savanna hunter-gatherers","BORDERPRECISION":1,"PARTOF":"Savanna hunter-gatherers"}},
{"type":"Feature","geometry":{"type":"Polygon","coordinates":[[[-64.1941,-14.6946],[-60.2676,-13.81],[-51.5378,-14.3783],[-48.3154,-13.9238],[-39.9371,-8.292],[-38.531,-5.7336],[-37.8879,-4.393],[-38.7864,-3.6043],[-39.0501,-3.4078],[-39.7218,-3.009],[-40.2309,-2.8512],[-40.6777,-2.9348],[-41.1025,-2.9738],[-41.6056,-2.9368],[-42.3165,-2.8176],[-43.0681,-2.4507],[-43.334,-2.4322],[-43.7819,-2.6365],[-44.2221,-2.7772],[-44.5491,-3.1026],[-44.584,-3.3263],[-45.3749,-3.1655],[-49.0661,-4.7436],[-54.1633,-4.6268],[-56.3311,-4.3347],[-58.4404,-2.2876],[-57.9716,-0.5892],[-55.8038,0.8755],[-55.8624,1.6956],[-58.5575,3.9776],[-62.6588,4.1529],[-66.4085,3.0419],[-70.1582,-5.7354],[-69.045,-8.2359],[-64.1941,-14.6946]]]},"properties":{"NAME":"Amazon hunter-gatherers","ABBREVN":"Amazon hunter-gatherers","SUBJECTO":"Amazon hunter-gatherers","BORDERPRECISION":1,"PARTOF":"Amazon hunter-gatherers"}},
{"type":"Feature","geometry":{"type":"Polygon","coordinates":[[[-94.1176,29.6927],[-94.1176,31.9305],[-94.4728,31.9223],[-95.8203,32.7145],[-97.1386,34.4714],[-96.4062,35.6463],[-94.6192,36.0973],[-94.1176,35.8756],[-94.1176,39.7317],[-94.2347,46.721],[-95.5664,49.9963],[-98.9219,50.2317],[-105.1909,51.4525],[-114.4674,51.9996],[-114.1258,47.9518],[-111.6677,41.9353],[-111.5479,41.6419],[-104.5172,33.873],[-98.1895,29.1808],[-97.2065,28.0736],[-97.1154,28.1069],[-96.8315,28.1584],[-96.5771,28.426],[-96.7736,28.6227],[-96.7166,28.7118],[-96.2031,28.6366],[-95.6028,28.7987],[-94.8446,29.3463],[-95.0577,29.6754],[-94.8574,29.7839],[-94.7969,29.5634],[-94.4258,29.5427],[-94.1176,29.6927]]]},"properties":{"NAME":"Plain bison hunters","ABBREVN":"Plain bison hunters","SUBJECTO":"Plain bison hunters","BORDERPRECISION":1,"PARTOF":"Plain bison hunters"}},
{"type":"Feature","geometry":{"type":"Polygon","coordinates":[[[-120.1322,34.5186],[-119.7849,34.4592],[-119.6128,34.4781],[-119.2915,34.2211],[-118.8724,34.07],[-118.6044,34.0964],[-118.4377,33.7942],[-118.2884,33.8432],[-118.0066,33.7315],[-117.4967,33.3254],[-117.3481,33.0534],[-117.3041,32.7549],[-116.9603,32.1563],[-116.6107,31.8771],[-116.7047,31.5907],[-116.5095,31.2732],[-116.1378,30.7651],[-116.0584,30.3392],[-115.8571,30.2824],[-115.6023,29.6852],[-115.4214,29.5329],[-114.9778,29.3113],[-114.2732,28.7086],[-114.0673,28.4229],[-114.1047,28.054],[-114.2144,27.9075],[-114.4792,27.7798],[-115.0546,27.8532],[-114.4779,27.2439],[-114.1533,27.1047],[-113.5853,26.7689],[-113.285,26.8077],[-112.9812,26.5031],[-112.558,26.3196],[-112.411,26.1928],[-112.0843,25.5704],[-112.1658,25.0107],[-111.9057,24.687],[-111.3915,24.243],[-111.0159,24.0149],[-110.7837,23.7993],[-110.5024,23.66],[-110.2247,23.3999],[-110.1166,23.0696],[-109.8892,22.8666],[-109.5169,23.1916],[-109.4289,23.4334],[-109.4886,23.5731],[-109.8242,23.6932],[-109.9403,23.9536],[-110.2049,24.3155],[-110.4852,24.1496],[-110.7724,24.3778],[-110.7976,24.88],[-111.3287,25.8962],[-111.4835,26.5572],[-111.5938,26.7604],[-111.9149,26.6644],[-112.1151,27.02],[-112.2841,27.5093],[-112.5671,27.5595],[-112.7236,27.7055],[-112.8699,28.3347],[-113.3219,28.5563],[-113.5929,29.1026],[-113.8291,29.401],[-114.0996,29.6421],[-114.3887,29.7623],[-114.6828,30.1432],[-114.7347,30.8427],[-114.9875,31.1665],[-114.8387,31.8155],[-114.1951,31.5243],[-113.9521,31.6901],[-113.6886,31.538],[-113.6617,31.3346],[-113.0521,31.1387],[-113.085,30.7698],[-113.0167,30.5664],[-112.6543,29.9185],[-112.0329,29.0613],[-111.6916,28.4961],[-111.2709,28.1091],[-111.0642,27.9951],[-110.6044,27.8561],[-110.5275,27.762],[-109.9367,28.2044],[-107.5638,27.7646],[-104.2242,25.1157],[-100.3573,23.9698],[-97.8219,24.1429],[-97.7419,24.7296],[-97.6581,25.073],[-97.4249,25.4423],[-97.26,25.8114],[-97.4514,26.2179],[-97.638,26.8469],[-97.6323,27.2284],[-97.2666,27.6743],[-97.5678,27.9089],[-97.4471,27.9854],[-97.2065,28.0736],[-98.1895,29.1808],[-104.5172,33.873],[-111.5479,41.6419],[-111.6677,41.9353],[-115.0925,42.5116],[-119.018,43.1133],[-120.4736,43.5702],[-121.3616,39.6866],[-120.1322,34.5186]]]},"properties":{"NAME":"Desert hunter-gatherers","ABBREVN":"Desert hunter-gatherers","SUBJECTO":"Desert hunter-gatherers","BORDERPRECISION":1,"PARTOF":"Desert hunter-gatherers"}},
{"type":"Feature","geometry":{"type":"Polygon","coordinates":[[[-120.4736,43.5702],[-119.018,43.1133],[-115.0925,42.5116],[-111.6677,41.9353],[-114.1258,47.9518],[-114.4674,51.9996],[-115.0339,52.033],[-125.6972,55.194],[-128.5879,55.0574],[-127.865,54.5726],[-124.7597,52.4478],[-120.4827,48.962],[-120.307,44.2991],[-120.4736,43.5702]]]},"properties":{"NAME":"Plateau fichers and hunter gatherers","ABBREVN":"Plateau fichers and hunter gatherers","SUBJECTO":"Plateau fichers and hunter gatherers","BORDERPRECISION":1,"PARTOF":"Plateau fichers and hunter gatherers"}},
{"type":"Feature","geometry":{"type":"MultiPolygon","coordinates":[[[[-133.1573,56.1163],[-133.5178,56.2107],[-133.2663,55.8311],[-133.271,55.621],[-133.016,55.371],[-132.1738,54.8463],[-132.1772,55.2848],[-132.5547,55.4531],[-132.6881,55.6492],[-132.6333,55.9001],[-133.1573,56.1163]]],[[[-120.2044,34.531],[-120.1322,34.5186],[-121.3616,39.6866],[-120.4736,43.5702],[-120.307,44.2991],[-120.4827,48.962],[-124.7597,52.4478],[-127.865,54.5726],[-128.5879,55.0574],[-129.8517,54.9977],[-130.2989,54.5476],[-130.2683,54.353],[-130.0036,53.938],[-129.4339,53.5175],[-129.0604,53.739],[-128.8141,53.7639],[-128.8888,53.4183],[-128.4321,52.9385],[-128.0772,52.9392],[-128.0596,52.4995],[-127.7102,52.3937],[-127.0373,52.4636],[-127.3097,52.2348],[-127.5558,52.1678],[-128.0129,51.8082],[-127.455,51.7695],[-127.675,51.2453],[-127.4551,51.0206],[-127.2475,50.9681],[-126.6913,50.9891],[-126.4253,51.0888],[-126.1637,50.752],[-125.4123,50.5487],[-124.9392,50.5958],[-124.795,50.0353],[-124.4706,49.8125],[-123.9765,49.971],[-123.8474,49.6628],[-123.531,49.5126],[-123.212,49.6247],[-123.2133,49.2724],[-122.6056,48.8347],[-122.3744,48.2661],[-122.3453,48.0767],[-122.4859,47.6064],[-122.6628,47.469],[-122.944,47.4228],[-123.1834,47.4883],[-122.8084,47.8276],[-122.826,48.0235],[-123.2589,48.2056],[-123.793,48.198],[-124.6753,48.3858],[-124.7261,48.1178],[-124.3088,47.4593],[-124.1307,46.6686],[-124.1586,46.3505],[-124.0542,46.2898],[-123.9947,45.7641],[-124.0717,45.0479],[-124.1405,44.7891],[-124.2305,44.451],[-124.3313,44.072],[-124.1373,43.666],[-124.3017,43.3433],[-124.4828,43.2527],[-124.6297,43.014],[-124.5607,42.602],[-124.2494,41.9335],[-124.1526,41.5802],[-124.1791,41.1946],[-124.3672,40.7513],[-124.3648,40.3343],[-124.0328,39.9824],[-123.8197,39.6074],[-123.8921,39.4138],[-123.7963,39.0304],[-123.2216,38.5334],[-122.9908,38.1388],[-122.7586,37.9568],[-122.3746,37.8544],[-122.3909,37.6534],[-122.5581,37.5662],[-122.4941,37.3008],[-122.2533,37.0696],[-121.9321,37.009],[-121.8515,36.749],[-121.9972,36.5764],[-121.9268,36.3383],[-121.5611,36.0655],[-121.3852,35.7853],[-120.9277,35.4747],[-120.9486,35.2892],[-120.6773,35.1893],[-120.7372,34.9807],[-120.6879,34.6217],[-120.5287,34.5083],[-120.2044,34.531]]],[[[-132.7299,54.0667],[-133.0539,54.0661],[-132.997,53.6511],[-132.5688,53.2795],[-132.0898,53.3988],[-131.9995,53.7935],[-132.0823,54.0211],[-132.3785,53.987],[-132.7299,54.0667]]],[[[-126.5631,49.5722],[-126.1115,49.5272],[-125.8922,49.3768],[-125.9668,49.1735],[-125.6454,49.0562],[-125.4596,49.1679],[-124.999,49.1689],[-125.1961,48.8737],[-125.0978,48.7954],[-124.4926,48.6003],[-123.902,48.4706],[-123.5934,48.6347],[-123.8614,49.158],[-124.0036,49.2494],[-124.7179,49.4906],[-125.0757,49.7654],[-125.2675,50.0541],[-125.7186,50.4094],[-126.5159,50.5003],[-126.9574,50.5919],[-127.848,50.8611],[-128.4328,50.8269],[-128.3431,50.6685],[-127.3855,50.05],[-126.9612,50.0574],[-126.5222,49.8217],[-126.5631,49.5722]]]]},"properties":{"NAME":"North American Pacifi foraging, hunting and fishing peoples","ABBREVN":"North American Pacifi foraging, hunting and fishing peoples","SUBJECTO":"North American Pacifi foraging, hunting and fishing peoples","BORDERPRECISION":1,"PARTOF":"North American Pacifi foraging, hunting and fishing peoples"}},
{"type":"Feature","geometry":{"type":"Polygon","coordinates":[[[44.1366,1.1511],[42.5404,1.2638],[40.8586,0.3221],[40.455,-1.3596],[39.4795,-2.4689],[38.7732,-2.2673],[36.0151,1.2974],[33.9297,2.8436],[22.2245,6.1962],[12.6047,7.732],[5.3595,5.3683],[5.3546,5.3623],[5.4195,4.9558],[5.6066,4.6321],[5.8513,4.4293],[6.0888,4.3281],[6.8445,4.2916],[7.0462,4.5081],[7.1757,4.5275],[7.4491,4.4073],[8.1402,4.466],[8.3276,4.6126],[8.328,4.8413],[8.6372,4.6832],[8.8747,4.6201],[9.0322,4.1375],[9.2839,4.0173],[9.6509,4.0181],[9.7802,3.8532],[9.5857,3.6748],[9.7652,3.3829],[9.9231,2.824],[9.8008,2.379],[9.8943,2.1377],[9.8513,1.8771],[9.7006,1.6162],[9.3704,1.1707],[9.6222,1.0886],[9.644,0.9552],[9.5656,0.6119],[9.3501,0.5352],[9.8542,0.174],[9.4734,0.116],[9.3025,-0.4563],[9.2025,-0.6344],[8.8152,-0.8958],[9.1119,-1.3527],[9.3207,-1.4158],[9.4653,-1.5934],[9.2432,-1.7718],[9.6564,-2.4191],[9.8939,-2.444],[10.0601,-2.5707],[9.9314,-2.7108],[10.5247,-3.237],[10.6412,-3.4464],[11.7726,-4.537],[11.949,-4.9242],[12.2635,-5.47],[12.1942,-5.7752],[12.3717,-6.2578],[12.7957,-6.8606],[12.877,-7.0511],[12.9686,-7.5148],[13.3871,-8.1557],[13.4768,-8.416],[13.4314,-8.8228],[13.1459,-9.0649],[13.0838,-9.2875],[13.2039,-9.6367],[13.6394,-10.303],[13.7299,-10.5443],[13.8163,-10.9763],[13.8132,-11.6562],[13.649,-12.1968],[13.3386,-12.6486],[13.0507,-12.7509],[12.8481,-13.1644],[12.5854,-13.4637],[12.4407,-13.877],[12.3329,-14.3158],[12.2506,-14.9451],[12.06,-15.5937],[11.782,-15.8675],[11.8026,-16.522],[11.7746,-17.5961],[11.8497,-18.0217],[12.0795,-18.4914],[12.5243,-19.0624],[12.9294,-19.7416],[13.3076,-20.4716],[13.8036,-21.4428],[13.9576,-21.6903],[14.4155,-22.2677],[14.5768,-22.7313],[14.5244,-22.9411],[14.3961,-23.0748],[14.409,-23.2527],[14.6676,-24.4215],[14.909,-25.0183],[14.8433,-25.6222],[14.9474,-26.0097],[15.1532,-26.3333],[15.0756,-26.6068],[15.4538,-27.6165],[15.6598,-27.8893],[16.1282,-28.3395],[16.5302,-28.7709],[16.7883,-29.1389],[17.3543,-30.4215],[17.5665,-30.8278],[17.9039,-31.2911],[18.1786,-31.8053],[18.3357,-32.3388],[18.3087,-32.7075],[18.2315,-32.8983],[17.8676,-32.9944],[18.0731,-33.2228],[18.4591,-33.8321],[18.2929,-34.2456],[18.4872,-34.3977],[18.5703,-34.1942],[18.7242,-34.2193],[18.8401,-34.4351],[19.1814,-34.4217],[19.3209,-34.7329],[19.8838,-34.9923],[20.2561,-34.6229],[20.5148,-34.5334],[20.8469,-34.5009],[21.3455,-34.5444],[21.6693,-34.5056],[21.9972,-34.2634],[22.2621,-34.1675],[22.6818,-34.1031],[23.1889,-34.2419],[23.4992,-34.0697],[24.0847,-34.1511],[24.4299,-34.3347],[24.6935,-34.3087],[24.9286,-34.0794],[25.5159,-34.1736],[25.6185,-33.9191],[26.3067,-33.8923],[26.6587,-33.8471],[26.963,-33.713],[27.6564,-33.2539],[28.2769,-32.7632],[28.9219,-32.2979],[29.2951,-31.9094],[29.8319,-31.4316],[30.391,-30.8139],[31.297,-29.5472],[31.5631,-29.2098],[32.2347,-28.7444],[32.3932,-28.3754],[32.3455,-28.026],[32.609,-27.8983],[32.7672,-27.5166],[32.916,-26.5185],[32.896,-26.3723],[32.631,-26.2203],[32.4997,-26.0681],[32.6511,-25.839],[32.9449,-25.5396],[33.3473,-25.3036],[34.5848,-24.8752],[34.8837,-24.722],[35.198,-24.4798],[35.4301,-24.2251],[35.5122,-23.939],[35.2974,-23.825],[35.4254,-23.4561],[35.5309,-22.4581],[35.5118,-22.1848],[35.2608,-22.2743],[35.2016,-21.9503],[34.9942,-21.2707],[35.1072,-20.9845],[35.0225,-20.8131],[34.699,-20.5722],[34.7262,-19.8604],[34.8468,-19.8029],[35.9148,-19.0316],[36.3136,-18.6495],[36.8923,-18],[37.2753,-17.7132],[37.8639,-17.4513],[38.1927,-17.3489],[38.859,-17.0552],[39.4713,-16.717],[39.7951,-16.424],[40.3858,-15.7363],[40.6102,-15.3545],[40.5274,-15.1831],[40.781,-14.922],[40.8486,-14.5786],[40.5992,-14.4012],[40.6033,-13.5306],[40.3658,-12.9909],[40.4818,-12.8444],[40.527,-12.5838],[40.3925,-11.5482],[40.3113,-11.345],[40.5364,-11.0267],[40.6195,-10.766],[40.3869,-10.3725],[39.8382,-10.0051],[39.6576,-9.7957],[39.5768,-9.5417],[39.3918,-8.735],[39.4004,-8.3092],[39.4777,-7.9976],[39.2701,-7.8011],[39.5664,-7.0442],[39.2209,-6.7844],[38.9215,-6.3402],[38.8724,-6.0925],[38.9338,-5.6348],[39.1225,-5.037],[39.2673,-4.7762],[39.5298,-4.6167],[39.6814,-4.3241],[39.6401,-4.0827],[40.074,-3.4717],[40.2344,-3.1917],[40.2713,-2.8167],[40.4485,-2.6447],[40.7498,-2.5932],[40.8769,-2.4277],[40.9154,-2.0781],[41.0886,-2.1286],[41.3393,-2.0518],[41.6099,-1.8767],[41.6073,-1.5937],[42.4401,-0.5116],[42.9148,-0.017],[43.7243,0.8003],[44.1366,1.1511]]]},"properties":{"NAME":"Khoiasan","ABBREVN":"Khoiasan","SUBJECTO":"Khoiasan","BORDERPRECISION":1,"PARTOF":"Khoiasan"}},
{"type":"Feature","geometry":{"type":"Polygon","coordinates":[[[32.879,12.4706],[30.5998,11.116],[24.0745,11.182],[23.1999,11.7753],[20.4418,11.9728],[17.751,12.8269],[8.2658,12.3673],[2.3459,13.2856],[-6.2648,13.3511],[-8.9094,12.6363],[-10.1769,14.21],[-13.3955,14.9167],[-17.0333,14.5648],[-16.8704,14.3635],[-16.6967,14.0779],[-16.6404,13.8429],[-16.4709,13.7225],[-16.4943,13.4747],[-16.7671,13.3597],[-16.7255,12.7878],[-16.7721,12.5971],[-16.5706,12.3115],[-16.279,12.2105],[-16.086,11.9694],[-15.8086,11.8429],[-15.3254,11.9266],[-15.099,11.8127],[-15.3613,11.5198],[-15.3414,11.2212],[-15.0294,11.1583],[-15.018,10.9168],[-14.8209,10.8029],[-14.5749,10.7843],[-14.5914,10.4665],[-14.4664,10.3334],[-14.058,10.0801],[-13.6801,9.9156],[-13.6256,9.6234],[-13.2817,9.2747],[-13.1414,9.0271],[-13.1743,8.7729],[-12.9273,8.6273],[-12.9902,8.4555],[-13.2125,8.347],[-12.8692,7.9728],[-12.5131,7.7258],[-12.2741,7.631],[-12.2639,7.3514],[-11.7494,7.0793],[-11.1683,6.5975],[-10.4371,6.2051],[-9.9373,5.8631],[-9.2479,5.1719],[-8.2433,4.6403],[-7.5286,4.3368],[-7.4134,4.3307],[-7.0979,4.522],[-6.3155,4.8732],[-5.5754,5.129],[-5,5.2383],[-3.9416,5.266],[-3.3506,5.1529],[-3.1346,5.1406],[-3.0271,5.268],[-2.8035,5.1858],[-2.7165,5.0399],[-2.0312,4.6982],[-1.6002,4.9533],[-1.1761,5.1385],[-0.6078,5.3177],[0.0898,5.656],[0.9394,5.7595],[1.1764,6.0841],[1.5579,6.2374],[2.6168,6.3414],[3.4597,6.3813],[3.7189,6.5471],[3.9495,6.5794],[4.0721,6.4398],[4.6341,6.2123],[4.8863,6.0031],[5.1529,5.6415],[5.3834,5.6102],[5.4482,5.4769],[5.3595,5.3683],[12.6047,7.732],[22.2245,6.1962],[33.9297,2.8436],[36.0151,1.2974],[38.7732,-2.2673],[39.4795,-2.4689],[40.455,-1.3596],[40.8586,0.3221],[42.5404,1.2638],[44.1366,1.1511],[44.3007,1.2908],[44.5675,1.463],[45.5413,1.9671],[46.3605,2.6678],[47.5564,3.9926],[48.4716,5.2014],[48.9495,5.9904],[49.0461,6.4163],[49.421,6.989],[49.8229,7.6952],[49.8319,7.9939],[50.2108,8.3505],[50.7794,9.3684],[50.8527,9.5973],[50.8868,10.2773],[51.1298,10.7099],[51.0605,11.2435],[51.247,11.6569],[51.1807,11.7774],[50.6973,11.948],[50.0809,11.4764],[49.3035,11.246],[48.9703,11.2326],[48.5337,11.3333],[47.9962,11.1161],[47.8073,11.0967],[47.3907,11.1593],[46.6773,10.7003],[46.4303,10.668],[45.9094,10.8321],[45.6463,10.7616],[45.0126,10.4489],[44.2808,10.3965],[43.7886,10.9419],[43.3681,11.4556],[43.1036,11.5313],[42.6688,11.5113],[42.81,11.7785],[43.2591,11.9637],[43.4748,12.0976],[43.3305,12.4341],[42.6364,13.0934],[42.355,13.2707],[42.4084,13.1755],[40.4749,13.0547],[39.5569,13.0547],[38.305,13.2216],[37.8877,13.5555],[37.8043,14.2231],[38.0546,14.7239],[38.305,15.0577],[39.5179,15.463],[39.7964,15.0888],[39.8885,15.1843],[39.8562,15.4002],[40.0372,15.3879],[40.2175,15.0833],[40.3899,14.9058],[40.7391,14.9192],[41.3413,14.3423],[41.7611,13.8858],[42.079,13.861],[42.3571,13.4677],[42.079,13.861],[41.7611,13.8858],[41.3413,14.3423],[40.7391,14.9192],[40.3899,14.9058],[40.2175,15.0833],[40.0372,15.3879],[39.8562,15.4002],[39.8885,15.1843],[39.7964,15.0888],[39.5179,15.463],[39.2359,16.2486],[35.8293,14.224],[35.7178,13.2216],[35.384,12.8043],[34.2156,12.554],[32.879,12.4706]],[[34.2324,11.7094],[37.1251,11.6436],[39.1432,9.0629],[38.605,6.5973],[35.5778,5.527],[33.0215,6.8645],[32.3488,9.5276],[34.2324,11.7094]]]},"properties":{"NAME":"West African cereal farmers","ABBREVN":"West African cereal farmers","SUBJECTO":"West African cereal farmers","BORDERPRECISION":1,"PARTOF":"West African cereal farmers"}},
{"type":"Feature","geometry":{"type":"Polygon","coordinates":[[[44.6722,-16.2356],[44.4544,-16.2424],[44.4514,-16.7254],[44.378,-16.9226],[43.9716,-17.5527],[44.0758,-17.8766],[44.1595,-18.4039],[44.3942,-18.7911],[44.251,-19.1028],[44.5357,-19.3692],[44.5854,-19.528],[44.4703,-20.1701],[43.8165,-21.3156],[43.501,-21.4942],[43.3248,-22.1111],[43.2913,-22.4098],[43.3764,-22.6321],[43.7847,-23.2668],[43.8271,-23.4129],[43.6717,-23.9026],[43.6714,-24.2268],[43.9342,-24.5186],[44.0368,-24.9887],[44.4253,-25.3121],[44.713,-25.3051],[44.9585,-25.3872],[45.2105,-25.66],[45.5762,-25.6211],[45.7895,-25.4109],[46.2391,-25.2637],[46.8551,-25.218],[46.9455,-25.1669],[47.2585,-24.7658],[47.4916,-24.0598],[48.0874,-22.0438],[48.6517,-20.3392],[49.0231,-19.1817],[49.3419,-18.2276],[49.4228,-17.8016],[49.4247,-17.1978],[49.7603,-16.7458],[49.8982,-16.4595],[49.8628,-16.2817],[49.685,-16.0469],[49.5977,-15.653],[49.6203,-15.4623],[49.7538,-15.3985],[50.1873,-15.9568],[50.4863,-15.4795],[50.5033,-15.3142],[50.2544,-14.7745],[50.1502,-14.4189],[49.9762,-13.3007],[49.8172,-12.8307],[49.5418,-12.7042],[49.1763,-12.2665],[48.9348,-12.4767],[48.9933,-12.7372],[48.8572,-13.2522],[48.7513,-13.4177],[48.2236,-13.7938],[48.11,-13.597],[47.9155,-13.7373],[48.049,-14.131],[47.9717,-14.2837],[47.7412,-14.3096],[47.699,-14.4432],[47.8837,-14.7161],[47.6329,-14.9836],[47.4263,-14.8251],[47.1061,-15.1436],[47.2446,-15.3657],[47.0695,-15.4614],[46.9246,-15.36],[46.3875,-15.6917],[46.4644,-15.8568],[46.2819,-15.9525],[46.1423,-15.8257],[45.7323,-15.8901],[45.4335,-16.0941],[45.1969,-16.0374],[44.9174,-16.2033],[44.6722,-16.2356]]]},"properties":{"NAME":"Vazimba","ABBREVN":"Vazimba","SUBJECTO":"Vazimba","BORDERPRECISION":1,"PARTOF":"Vazimba"}},
{"type":"Feature","geometry":{"type":"Polygon","coordinates":[[[127.6523,50.2616],[110.7014,50.9829],[105.3012,51.2127],[93.9412,51.0959],[82.2087,51.3292],[80.7188,46.436],[91.3339,45.9203],[90.9597,43.5492],[92.0664,43.3026],[94.5984,41.1159],[96.3247,40.6555],[98.9718,41.0008],[100.8133,40.3103],[101.0509,40.0849],[101.8856,39.8066],[102.4421,38.8791],[102.9059,38.8791],[103.5551,40.7341],[104.8415,41.231],[107.4885,41.1159],[110.7111,40.8857],[116.2354,41.5763],[118.924,42.0966],[119.0445,42.3109],[121.9198,42.6819],[123.8675,43.0529],[123.975,42.9574],[125.0974,42.9574],[125.5075,42.5985],[127.2993,43.2384],[129.247,45.1862],[129.9505,45.2867],[127.6523,50.2616]]]},"properties":{"NAME":"Göktürks","ABBREVN":"Göktürks","SUBJECTO":"Göktürks","BORDERPRECISION":1,"PARTOF":"Göktürks"}},
{"type":"Feature","geometry":{"type":"Polygon","coordinates":[[[127.6523,50.2616],[129.9505,45.2867],[130.5456,45.3717],[132.1223,44.6297],[132.8274,42.8619],[132.9528,42.6695],[134.1389,42.993],[134.5686,43.2122],[134.9624,43.515],[135.4148,44.0368],[136.034,44.3984],[136.4941,44.966],[137.7205,45.9967],[137.9846,46.2693],[138.3516,46.8732],[138.9493,47.3224],[139.0467,47.6152],[139.2137,47.8106],[140.081,48.5026],[140.3282,49.3579],[140.457,50.104],[140.3235,50.5178],[140.4045,50.8274],[140.7303,51.4413],[141.1263,51.8716],[141.2571,52.1035],[140.9395,52.2618],[141.0905,52.5869],[141.0473,52.6897],[134.8699,52.0092],[128.2894,50.2345],[127.6523,50.2616]]]},"properties":{"NAME":null,"ABBREVN":null,"SUBJECTO":null,"BORDERPRECISION":1,"PARTOF":null}},
{"type":"Feature","geometry":{"type":"Polygon","coordinates":[[[37.1278,21.2272],[36.9035,21.7286],[36.6604,22.1665],[36.2902,22.5724],[36.1114,22.6483],[35.7463,22.9143],[35.5759,23.2317],[35.4685,23.7207],[35.7247,23.9118],[35.1899,24.3999],[33.6572,24.018],[33.6901,23.5495],[33.3453,23.354],[33.7653,22.4766],[34.4218,20.506],[34.5278,20.1748],[37.1357,21.1281],[37.1278,21.2272]]]},"properties":{"NAME":"Blemmyes","ABBREVN":"Blemmyes","SUBJECTO":"Blemmyes","BORDERPRECISION":1,"PARTOF":"Blemmyes"}},
{"type":"Feature","geometry":{"type":"MultiPolygon","coordinates":[[[[-95.5664,49.9963],[-94.2347,46.721],[-94.1176,39.7317],[-94.1176,35.8756],[-94.6192,36.0973],[-96.4062,35.6463],[-97.1386,34.4714],[-95.8203,32.7145],[-94.4728,31.9223],[-94.1176,31.9305],[-94.1176,29.6927],[-93.4455,29.7678],[-92.6433,29.5787],[-92.1167,29.5416],[-91.9783,29.6254],[-91.951,29.832],[-91.429,29.5431],[-91.2404,29.3209],[-90.779,29.1087],[-90.6501,29.2395],[-90.4361,29.3257],[-90.2348,29.119],[-90.0922,29.2223],[-90.298,29.3737],[-90.0787,29.5014],[-89.9779,29.4062],[-89.6223,29.2843],[-89.4982,29.0957],[-89.2715,29.058],[-89.0315,29.119],[-89.2917,29.367],[-89.5589,29.4325],[-89.686,29.7057],[-89.38,29.8734],[-89.6843,30.0904],[-89.8667,30.1317],[-90.1084,30.0387],[-90.34,30.0387],[-90.4305,30.142],[-90.2674,30.3797],[-90.1605,30.39],[-89.7107,30.1834],[-89.5355,30.2083],[-89.2328,30.406],[-88.3429,30.3888],[-88.1418,30.328],[-88.0346,30.6794],[-87.7746,30.2628],[-87.404,30.3074],[-87.383,30.4416],[-87.0891,30.359],[-86.3887,30.4727],[-86.0576,30.2346],[-85.7192,30.2035],[-85.4867,30.0387],[-85.4276,29.7597],[-85.3048,29.6639],[-84.7638,29.7986],[-84.3174,30.092],[-84.1238,30.1242],[-83.8862,30.0483],[-83.4924,29.6868],[-83.1182,29.2425],[-82.7789,29.1097],[-82.647,28.9065],[-82.8413,27.838],[-82.7165,27.7446],[-82.4293,27.8261],[-80.5915,28.4919],[-81.0259,29.2637],[-81.4054,30.0726],[-81.5115,30.7272],[-81.182,31.6404],[-80.5806,32.4968],[-80.2219,32.5357],[-79.7171,32.7974],[-79.3485,33.1097],[-79.2041,33.4597],[-78.8989,33.702],[-78.6211,33.8107],[-77.9629,33.9328],[-77.2959,34.6666],[-76.6218,34.763],[-76.3058,34.9788],[-76.6242,35.0321],[-76.4995,35.2808],[-76.5158,35.4674],[-76.141,35.3845],[-75.7292,35.8821],[-76.0677,36.048],[-76.3247,35.9829],[-76.3404,36.1518],[-76.0937,36.2051],[-75.7933,36.1369],[-75.896,36.3977],[-75.9065,36.7653],[-75.9746,36.9372],[-76.2831,37.0558],[-76.3771,37.2901],[-76.2585,37.3731],[-76.3142,37.732],[-76.2152,37.9426],[-76.324,38.1088],[-76.3838,38.4589],[-76.5379,38.7854],[-76.4055,39.0852],[-76.1495,39.0674],[-76.0076,38.6667],[-76.3261,38.539],[-76.2227,38.361],[-76.0435,38.2927],[-75.8459,38.4263],[-75.6675,37.8981],[-75.8661,37.7142],[-76.0199,37.3257],[-75.8685,37.2812],[-75.652,37.5511],[-75.4308,37.993],[-75.0421,38.4975],[-75.0887,38.8418],[-75.2149,38.8715],[-75.3888,39.1327],[-75.4011,39.4237],[-75.1332,39.2455],[-74.94,39.2515],[-74.8601,38.9902],[-74.4139,39.4178],[-74.1528,39.7652],[-73.9457,40.4468],[-74.1945,40.4885],[-74.1769,40.6419],[-73.7405,40.9775],[-73.3865,41.1386],[-72.8544,41.2937],[-71.4492,41.4251],[-71.4098,41.7236],[-70.9671,41.5624],[-69.922,41.7236],[-69.991,41.867],[-70.3021,41.7594],[-70.4816,41.8072],[-70.5062,41.9865],[-70.7759,42.3032],[-71.0544,42.357],[-70.7594,42.7099],[-70.8681,42.8714],[-70.5363,43.4042],[-70.3782,43.4521],[-70.2165,43.7996],[-69.8261,43.7517],[-69.6797,43.8835],[-69.2489,43.9914],[-68.8041,44.3932],[-68.4666,44.4412],[-68.131,44.5672],[-67.908,44.4772],[-67.7382,44.6632],[-67.5373,44.6092],[-67.1689,44.7112],[-67.0158,44.9213],[-66.9603,45.2102],[-66.502,45.1861],[-66.4035,45.1078],[-66.0492,45.2885],[-65.7597,45.2945],[-64.8714,45.6621],[-64.7238,45.6682],[-64.5618,45.8853],[-64.3977,45.7164],[-64.9055,45.4632],[-64.0077,45.427],[-63.8835,45.3186],[-64.3369,45.156],[-64.4579,45.3909],[-65.2531,44.9753],[-65.7493,44.7412],[-65.9845,44.4892],[-66.1895,44.1413],[-65.7126,43.56],[-65.3189,43.7517],[-65.0874,43.7277],[-64.8351,43.8835],[-64.7063,44.1293],[-64.0876,44.5132],[-63.9021,44.5732],[-63.5589,44.5132],[-63.3033,44.6632],[-63.0533,44.7112],[-61.0321,45.3788],[-61.4812,45.7405],[-61.7234,45.6863],[-61.9398,45.9215],[-62.3896,45.7224],[-62.7416,45.819],[-63.1211,45.8491],[-63.2756,45.7828],[-63.4922,45.9155],[-63.8435,45.9879],[-63.7492,46.169],[-64.5348,46.2717],[-64.6966,46.5435],[-64.6898,46.6947],[-64.8916,46.9124],[-64.8422,47.1242],[-65.3896,47.1303],[-64.9801,47.3301],[-64.9239,47.5603],[-64.6579,47.7785],[-65.0279,47.8817],[-65.6123,47.6634],[-65.8372,47.9605],[-66.4715,48.0994],[-65.8546,48.2051],[-65.4744,48.1013],[-65.2131,48.1214],[-64.8742,48.3245],[-64.3977,48.4561],[-64.1943,48.6526],[-64.3205,48.9467],[-64.9524,49.2073],[-65.3674,49.2326],[-66.0299,49.1659],[-66.9727,48.9546],[-68.3413,48.5465],[-69.2539,48.1201],[-69.7475,47.7667],[-70.2241,47.342],[-70.7023,47.0675],[-71.0337,46.7462],[-71.1176,46.6406],[-72.3223,46.2951],[-81.931,48.9019],[-85.0362,49.0941],[-87.7899,49.9309],[-95.1722,49.9686],[-95.5664,49.9963]],[[-86.3718,42.2482],[-86.5178,42.0351],[-86.8418,41.766],[-87.2245,41.6346],[-87.5538,41.7662],[-87.7832,42.2036],[-87.7766,42.66],[-87.9084,43.1918],[-87.7558,43.5754],[-87.7146,43.8761],[-87.5637,44.1295],[-87.3433,44.8177],[-87.5438,44.8623],[-87.7182,44.6951],[-87.8762,44.8782],[-87.6068,45.1074],[-87.1948,45.5699],[-86.7201,45.8672],[-86.4112,45.7713],[-86.2955,45.9053],[-85.8375,45.9542],[-85.3818,46.0748],[-84.9484,45.9678],[-85.0746,45.6124],[-84.9519,45.4082],[-86.0018,44.9172],[-86.2142,44.7039],[-86.3297,44.2749],[-86.4534,44.1299],[-86.5138,43.6808],[-86.2426,42.9879],[-86.2301,42.6166],[-86.3718,42.2482]],[[-84.7468,45.8544],[-84.6942,45.9842],[-83.9716,45.9505],[-83.7936,46.257],[-83.2666,46.199],[-82.7433,46.1985],[-81.5645,46.0737],[-81.1011,45.9371],[-80.8071,45.9548],[-80.6491,45.7405],[-80.3974,45.6093],[-80.3126,45.4329],[-80.0986,45.3957],[-80.087,45.1771],[-79.9181,44.9668],[-80.0878,44.774],[-80.0099,44.6184],[-80.2243,44.5046],[-81.0949,44.7992],[-81.3904,45.248],[-81.698,45.2461],[-81.3848,44.9934],[-81.297,44.7131],[-81.3546,44.5462],[-81.7186,44.1386],[-81.7387,43.5294],[-81.8079,43.3176],[-82.3544,43.0154],[-82.4647,43.1954],[-82.6581,43.8396],[-82.9207,44.0573],[-83.294,43.9542],[-83.5899,43.6651],[-83.917,43.7844],[-83.3856,44.3127],[-83.2859,44.6188],[-83.4309,45.275],[-83.6365,45.3917],[-84.1151,45.5278],[-84.7468,45.8544]],[[-80.0229,42.8066],[-78.9502,42.8865],[-78.8749,42.8043],[-79.1984,42.5707],[-80.0734,42.1534],[-80.5664,41.9698],[-81.0429,41.8361],[-81.8108,41.4948],[-82.5676,41.4045],[-83.0337,41.5626],[-83.4499,41.7539],[-83.2637,42.0021],[-83.1251,42.051],[-82.4842,41.9601],[-82.2844,42.1472],[-81.8384,42.2903],[-81.4395,42.5871],[-81.0142,42.6242],[-80.4064,42.5687],[-80.2756,42.7411],[-80.0229,42.8066]],[[-92.2655,46.6505],[-91.1503,47.3676],[-90.4567,47.7051],[-89.5167,48.0037],[-89.1136,48.4539],[-88.5421,48.7228],[-88.1695,48.6364],[-88.2361,48.8715],[-88.095,49.0046],[-87.4621,48.8238],[-86.384,48.7253],[-86.0769,48.1794],[-85.7973,47.9663],[-85.0266,47.9395],[-84.924,47.5242],[-84.6234,47.2609],[-84.7692,47.0161],[-84.4422,46.817],[-84.6,46.4597],[-84.8876,46.4773],[-85.1002,46.7487],[-85.9931,46.6722],[-86.5221,46.4754],[-87.2726,46.5119],[-87.7605,46.8639],[-88.4566,46.9197],[-88.2827,47.1425],[-87.8812,47.4617],[-88.2993,47.3991],[-88.8396,47.0927],[-89.3114,46.8814],[-89.6984,46.8244],[-90.2766,46.625],[-90.7048,46.6884],[-90.8318,46.944],[-91.8682,46.7078],[-92.2655,46.6505]],[[-76.1781,43.9877],[-76.289,43.8498],[-76.1739,43.6252],[-76.9375,43.237],[-77.3893,43.2696],[-77.5795,43.2164],[-77.8458,43.3498],[-78.5034,43.362],[-79.1891,43.2089],[-79.4775,43.1948],[-79.7937,43.3006],[-79.6469,43.4908],[-79.1529,43.7724],[-78.7384,43.8777],[-77.6228,44.0102],[-77.2895,43.956],[-77.1754,43.8433],[-76.9328,43.9097],[-76.8758,44.1117],[-76.5862,44.2335],[-76.1308,44.3273],[-76.3478,44.0685],[-76.1781,43.9877]]],[[[-72.6217,40.9183],[-72.7511,40.9639],[-73.5894,40.9205],[-73.9114,40.795],[-74.0331,40.6475],[-73.5611,40.6453],[-72.5428,40.8256],[-72.6217,40.9183]]]]},"properties":{"NAME":"Eastern North Amercian hunter-gatherers","ABBREVN":"Eastern North Amercian hunter-gatherers","SUBJECTO":"Eastern North Amercian hunter-gatherers","BORDERPRECISION":1,"PARTOF":"Eastern North Amercian hunter-gatherers"}},
{"type":"Feature","geometry":{"type":"Polygon","coordinates":[[[-69.8745,-14.3771],[-72.226,-12.2425],[-75.5764,-10.6126],[-75.7418,-10.3369],[-78.1051,-7.0221],[-78.5075,-7.1831],[-78.4271,-8.149],[-78.1051,-8.9539],[-77.6222,-9.5173],[-76.6563,-11.1271],[-76.4953,-12.0929],[-76.7249,-12.7309],[-76.3592,-13.2291],[-76.238,-13.502],[-76.2418,-14.1056],[-76.0526,-14.4101],[-75.7853,-14.7272],[-75.2309,-15.2216],[-74.6214,-15.665],[-74.0496,-16.045],[-73.283,-16.3674],[-71.8632,-17.1203],[-71.6119,-17.2215],[-69.8745,-14.3771]]]},"properties":{"NAME":"Huari Empire","ABBREVN":"Huari Empire","SUBJECTO":"Huari Empire","BORDERPRECISION":1,"PARTOF":"Huari Empire"}},
{"type":"Feature","geometry":{"type":"Polygon","coordinates":[[[42.355,13.2707],[42.3571,13.4677],[42.079,13.861],[41.7611,13.8858],[41.3413,14.3423],[40.7391,14.9192],[40.3899,14.9058],[40.2175,15.0833],[40.0372,15.3879],[39.8562,15.4002],[39.8885,15.1843],[39.7964,15.0888],[39.5179,15.463],[38.305,15.0577],[38.0546,14.7239],[37.8043,14.2231],[37.8877,13.5555],[38.305,13.2216],[39.5569,13.0547],[40.4749,13.0547],[42.4084,13.1755],[42.355,13.2707]]]},"properties":{"NAME":"Axum","ABBREVN":"Axum","SUBJECTO":"Axum","BORDERPRECISION":1,"PARTOF":"Axum"}},
{"type":"Feature","geometry":null,"properties":{"NAME":null,"ABBREVN":null,"SUBJECTO":null,"BORDERPRECISION":1,"PARTOF":null}},
{"type":"Feature","geometry":null,"properties":{"NAME":null,"ABBREVN":null,"SUBJECTO":null,"BORDERPRECISION":1,"PARTOF":null}},
{"type":"Feature","geometry":null,"properties":{"NAME":null,"ABBREVN":null,"SUBJECTO":null,"BORDERPRECISION":1,"PARTOF":null}},
{"type":"Feature","geometry":null,"properties":{"NAME":null,"ABBREVN":null,"SUBJECTO":null,"BORDERPRECISION":1,"PARTOF":null}},
{"type":"Feature","geometry":null,"properties":{"NAME":null,"ABBREVN":null,"SUBJECTO":null,"BORDERPRECISION":1,"PARTOF":null}},
{"type":"Feature","geometry":null,"properties":{"NAME":null,"ABBREVN":null,"SUBJECTO":null,"BORDERPRECISION":1,"PARTOF":null}},
{"type":"Feature","geometry":null,"properties":{"NAME":null,"ABBREVN":null,"SUBJECTO":null,"BORDERPRECISION":1,"PARTOF":null}},
{"type":"Feature","geometry":{"type":"MultiPolygon","coordinates":[]},"properties":{"NAME":null,"ABBREVN":null,"SUBJECTO":null,"BORDERPRECISION":1,"PARTOF":null}},
{"type":"Feature","geometry":{"type":"MultiPolygon","coordinates":[]},"properties":{"NAME":null,"ABBREVN":null,"SUBJECTO":null,"BORDERPRECISION":1,"PARTOF":null}},
{"type":"Feature","geometry":{"type":"Polygon","coordinates":[[[39.1432,9.0629],[38.6506,9.6929],[37.1251,11.6436],[34.8741,11.6948],[34.2324,11.7094],[32.3488,9.5276],[33.0215,6.8645],[35.5778,5.527],[38.605,6.5973],[39.1432,9.0629]]]},"properties":{"NAME":null,"ABBREVN":null,"SUBJECTO":null,"BORDERPRECISION":1,"PARTOF":null}},
{"type":"Feature","geometry":{"type":"Polygon","coordinates":[[[29.8468,20.1247],[30.2417,20.8862],[30.2417,21.736],[30.5449,22.7465],[30.4906,22.9485],[30.8085,23.8626],[28.4062,27.7434],[26.743,28.575],[22.3078,29.961],[21.2914,29.961],[19.351,29.4066],[18.6118,29.4066],[14.4538,31.1622],[9.8339,32.9178],[8.6327,34.0265],[7.9859,35.5049],[6.7847,35.8745],[6.0474,36.8416],[5.3827,36.6745],[5.1445,36.6677],[4.3946,36.8382],[3.7412,36.8369],[3.3238,36.6512],[3.07,36.6189],[2.8099,36.7139],[2.5244,36.5732],[1.0576,36.4619],[0.7812,36.3849],[0.1987,36.0333],[-0.0917,35.7398],[-0.4288,35.8601],[-0.9175,35.668],[-1.1467,35.6294],[-1.3291,35.4889],[-1.4951,35.2339],[-2.0353,35.0546],[-2.3557,35.0539],[-2.8299,35.1421],[-3.009,35.39],[-3.4408,35.1663],[-4.2954,35.1518],[-4.593,35.1512],[-6.3277,34.8116],[-6.5115,34.4543],[-6.753,34.1234],[-7.004,33.875],[-7.3326,33.6964],[-8.3144,33.3385],[-8.6403,33.1217],[-9.2187,32.5804],[-9.2223,32.2562],[-9.3176,31.9637],[-9.6353,31.5754],[-9.8133,31.2891],[-9.8578,31.0602],[-9.817,30.7552],[-9.625,30.4061],[-9.6626,29.9548],[-9.8696,29.643],[-10.3393,29.1463],[-10.8562,28.7512],[-11.5765,28.2286],[-12.0906,28.0242],[-12.8662,27.8573],[-13.0601,27.6726],[-13.4663,26.8138],[-13.6287,26.5911],[-14.1878,26.2721],[-14.3673,26.1192],[-14.6601,25.6356],[-14.7972,25.146],[-14.82,24.7329],[-14.9752,24.5101],[-15.714,23.8731],[-16.3525,22.4927],[-16.806,21.9897],[-16.9837,21.5953],[-17.0519,21.0041],[-16.7109,20.8904],[-16.3473,20.5226],[-16.2396,20.1225],[-16.2696,19.6839],[-16.4716,19.3657],[-16.1907,19.0295],[-16.0557,18.6739],[-15.9827,18.1784],[-16.0411,17.6699],[-16.1255,17.3011],[-16.3788,16.7159],[-16.4501,16.1184],[-16.6003,15.7495],[-16.8648,15.2977],[-17.1902,14.9602],[-17.4332,14.8072],[-17.2205,14.725],[-16.8704,14.3635],[-17.0333,14.5648],[-13.3955,14.9167],[-10.1769,14.21],[-11.1811,15.4568],[-9.909,17.8939],[-7.4555,19.4435],[-5.1838,17.2008],[-4.5477,15.1062],[-6.2648,13.3511],[2.3459,13.2856],[8.2658,12.3673],[17.751,12.8269],[20.4418,11.9728],[23.1999,11.7753],[24.0745,11.182],[30.5998,11.116],[32.879,12.4706],[31.7979,12.5222],[31.2812,13.0566],[30.7242,13.7395],[30.5313,14.093],[30.5313,15.8239],[30.3465,16.9326],[29.6618,18.6445],[29.8468,20.1247]]]},"properties":{"NAME":null,"ABBREVN":null,"SUBJECTO":null,"BORDERPRECISION":1,"PARTOF":null}},
{"type":"Feature","geometry":{"type":"Polygon","coordinates":[[[39.2359,16.2486],[39.0088,17.0568],[38.6857,18.0028],[38.5275,18.1613],[38.3067,18.2498],[38.0286,18.4779],[37.48,18.8199],[37.3982,18.915],[37.2546,19.6517],[37.1278,21.2272],[37.1357,21.1281],[34.5278,20.1748],[35.1513,18.2262],[35.2671,16.3855],[35.3277,15.423],[35.4662,14.28],[35.1513,13.0519],[34.7012,12.658],[35.384,12.8043],[35.7178,13.2216],[35.8293,14.224],[39.2359,16.2486]]]},"properties":{"NAME":null,"ABBREVN":null,"SUBJECTO":null,"BORDERPRECISION":1,"PARTOF":null}},
{"type":"Feature","geometry":{"type":"Polygon","coordinates":[[[-80.5915,28.4919],[-82.4293,27.8261],[-82.6196,27.5276],[-82.5839,27.3106],[-82.3101,26.8249],[-82.1423,26.8668],[-82.0776,26.5511],[-81.8873,26.4478],[-81.8366,26.0791],[-81.7447,25.9207],[-81.401,25.8587],[-81.1456,25.3782],[-81.0979,25.125],[-80.8689,25.187],[-80.738,25.1302],[-80.3141,25.2439],[-80.354,25.5482],[-80.2144,25.7347],[-80.05,26.5511],[-80.0779,26.9231],[-80.4472,27.7756],[-80.5915,28.4919]]]},"properties":{"NAME":"Caloosahatchee cultureure","ABBREVN":"Caloosahatchee cultureure","SUBJECTO":"Caloosahatchee cultureure","BORDERPRECISION":1,"PARTOF":"Caloosahatchee cultureure"}},
{"type":"Feature","geometry":{"type":"Polygon","coordinates":[[[-4.5477,15.1062],[-5.1838,17.2008],[-7.4555,19.4435],[-9.909,17.8939],[-11.1811,15.4568],[-8.9094,12.6363],[-6.2648,13.3511],[-4.5477,15.1062]]]},"properties":{"NAME":"Empire of Ghana","ABBREVN":"Empire of Ghana","SUBJECTO":"Empire of Ghana","BORDERPRECISION":1,"PARTOF":"Empire of Ghana"}},
{"type":"Feature","geometry":{"type":"Polygon","coordinates":[[[-4.1533,53.2256],[-4.2769,53.3983],[-4.5675,53.2733],[-4.3514,53.1244],[-4.1533,53.2256]]]},"properties":{"NAME":null,"ABBREVN":null,"SUBJECTO":null,"BORDERPRECISION":1,"PARTOF":null}},
{"type":"Feature","geometry":{"type":"Polygon","coordinates":[[[-5.1036,55.4386],[-5.1547,55.6733],[-5.4003,55.6006],[-5.1036,55.4386]]]},"properties":{"NAME":null,"ABBREVN":null,"SUBJECTO":null,"BORDERPRECISION":1,"PARTOF":null}},
{"type":"Feature","geometry":{"type":"Polygon","coordinates":[[[-6.1217,55.8789],[-6.3275,55.5894],[-6.0247,55.6808],[-6.1217,55.8789]]]},"properties":{"NAME":null,"ABBREVN":null,"SUBJECTO":null,"BORDERPRECISION":1,"PARTOF":null}},
{"type":"Feature","geometry":{"type":"Polygon","coordinates":[[[-5.9469,55.83],[-5.7461,56.0636],[-5.9681,56.0236],[-6.0789,55.9055],[-5.9469,55.83]]]},"properties":{"NAME":null,"ABBREVN":null,"SUBJECTO":null,"BORDERPRECISION":1,"PARTOF":null}},
{"type":"Feature","geometry":{"type":"Polygon","coordinates":[[[-7.4669,56.9408],[-7.3761,56.9786],[-7.4456,57.0556],[-7.5536,56.9664],[-7.4669,56.9408]]]},"properties":{"NAME":null,"ABBREVN":null,"SUBJECTO":null,"BORDERPRECISION":1,"PARTOF":null}},
{"type":"Feature","geometry":{"type":"Polygon","coordinates":[[[-7.2231,57.3375],[-7.425,57.3822],[-7.3814,57.1086],[-7.2303,57.0947],[-7.2231,57.3375]]]},"properties":{"NAME":null,"ABBREVN":null,"SUBJECTO":null,"BORDERPRECISION":1,"PARTOF":null}},
{"type":"Feature","geometry":{"type":"Polygon","coordinates":[[[-7.2689,57.3989],[-7.2047,57.4608],[-7.3511,57.4894],[-7.3881,57.4239],[-7.2689,57.3989]]]},"properties":{"NAME":null,"ABBREVN":null,"SUBJECTO":null,"BORDERPRECISION":1,"PARTOF":null}},
{"type":"Feature","geometry":{"type":"Polygon","coordinates":[[[-7.1886,57.6872],[-7.4769,57.5625],[-7.1539,57.5094],[-7.1886,57.6872]]]},"properties":{"NAME":null,"ABBREVN":null,"SUBJECTO":null,"BORDERPRECISION":1,"PARTOF":null}},
{"type":"Feature","geometry":{"type":"Polygon","coordinates":[[[-7.0064,57.8814],[-6.9936,57.9186],[-7.0736,57.8961],[-7.0064,57.8814]]]},"properties":{"NAME":null,"ABBREVN":null,"SUBJECTO":null,"BORDERPRECISION":1,"PARTOF":null}},
{"type":"Feature","geometry":{"type":"Polygon","coordinates":[[[-6.8022,58.203],[-6.7944,58.218],[-6.8542,58.25],[-6.8731,58.2064],[-6.8022,58.203]]]},"properties":{"NAME":null,"ABBREVN":null,"SUBJECTO":null,"BORDERPRECISION":1,"PARTOF":null}},
{"type":"Feature","geometry":{"type":"Polygon","coordinates":[[[-6.2042,58.3561],[-6.5503,58.3633],[-7.0319,58.2381],[-6.9608,57.7275],[-6.4739,57.9403],[-6.2042,58.3561]]]},"properties":{"NAME":null,"ABBREVN":null,"SUBJECTO":null,"BORDERPRECISION":1,"PARTOF":null}},
{"type":"Feature","geometry":{"type":"Polygon","coordinates":[[[-2.9183,58.7319],[-2.8767,58.8203],[-3.0369,58.8181],[-2.9183,58.7319]]]},"properties":{"NAME":null,"ABBREVN":null,"SUBJECTO":null,"BORDERPRECISION":1,"PARTOF":null}},
{"type":"Feature","geometry":{"type":"Polygon","coordinates":[[[-3.2314,58.7756],[-3.1364,58.8042],[-3.3356,58.9275],[-3.4311,58.8714],[-3.2314,58.7756]]]},"properties":{"NAME":null,"ABBREVN":null,"SUBJECTO":null,"BORDERPRECISION":1,"PARTOF":null}},
{"type":"Feature","geometry":{"type":"Polygon","coordinates":[[[-2.7931,58.9514],[-3.0769,59.1217],[-3.195,58.9111],[-2.7931,58.9514]]]},"properties":{"NAME":null,"ABBREVN":null,"SUBJECTO":null,"BORDERPRECISION":1,"PARTOF":null}},
{"type":"Feature","geometry":{"type":"Polygon","coordinates":[[[-2.6814,59.1958],[-2.6206,59.2361],[-2.4956,59.245],[-2.4144,59.3136],[-2.5928,59.2906],[-2.6814,59.1958]]]},"properties":{"NAME":null,"ABBREVN":null,"SUBJECTO":null,"BORDERPRECISION":1,"PARTOF":null}},
{"type":"Feature","geometry":{"type":"Polygon","coordinates":[[[-2.89,59.2953],[-3.0489,59.3292],[-3.0033,59.2636],[-2.9719,59.2872],[-2.89,59.2953]]]},"properties":{"NAME":null,"ABBREVN":null,"SUBJECTO":null,"BORDERPRECISION":1,"PARTOF":null}},
{"type":"Feature","geometry":{"type":"Polygon","coordinates":[[[-1.2961,60.4911],[-1.3203,60.3564],[-1.655,60.2261],[-1.1261,60.1517],[-1.0414,60.4469],[-1.2961,60.4911]]]},"properties":{"NAME":null,"ABBREVN":null,"SUBJECTO":null,"BORDERPRECISION":1,"PARTOF":null}},
{"type":"Feature","geometry":{"type":"Polygon","coordinates":[[[-1.0294,60.4958],[-0.9911,60.72],[-1.1772,60.6367],[-1.0294,60.4958]]]},"properties":{"NAME":null,"ABBREVN":null,"SUBJECTO":null,"BORDERPRECISION":1,"PARTOF":null}},
{"type":"Feature","geometry":{"type":"Polygon","coordinates":[[[-0.8197,60.6889],[-0.7678,60.8289],[-0.9389,60.7944],[-0.9656,60.688],[-0.8197,60.6889]]]},"properties":{"NAME":null,"ABBREVN":null,"SUBJECTO":null,"BORDERPRECISION":1,"PARTOF":null}},
{"type":"Feature","geometry":{"type":"Polygon","coordinates":[[[-6.7069,61.9375],[-6.7189,62.0286],[-7.1922,62.3078],[-7.2322,62.1725],[-6.7069,61.9375]]]},"properties":{"NAME":null,"ABBREVN":null,"SUBJECTO":null,"BORDERPRECISION":1,"PARTOF":null}},
{"type":"Feature","geometry":{"type":"Polygon","coordinates":[[[-4.7778,54.0556],[-4.3944,54.1864],[-4.5275,54.3672],[-4.7778,54.0556]]]},"properties":{"NAME":null,"ABBREVN":null,"SUBJECTO":null,"BORDERPRECISION":1,"PARTOF":null}},
{"type":"Feature","geometry":{"type":"Polygon","coordinates":[[[129.7155,28.4511],[129.575,28.4617],[129.1577,28.235],[129.3686,28.1161],[129.7155,28.4511]]]},"properties":{"NAME":null,"ABBREVN":null,"SUBJECTO":null,"BORDERPRECISION":1,"PARTOF":null}},
{"type":"Feature","geometry":{"type":"Polygon","coordinates":[[[129.963,29.9572],[129.9417,30],[129.9236,29.9839],[129.963,29.9572]]]},"properties":{"NAME":null,"ABBREVN":null,"SUBJECTO":null,"BORDERPRECISION":1,"PARTOF":null}},
{"type":"Feature","geometry":{"type":"Polygon","coordinates":[[[129.8964,29.8742],[129.8772,29.8308],[129.9233,29.825],[129.8964,29.8742]]]},"properties":{"NAME":null,"ABBREVN":null,"SUBJECTO":null,"BORDERPRECISION":1,"PARTOF":null}},
{"type":"Feature","geometry":{"type":"Polygon","coordinates":[[[130.9061,30.3547],[131.0744,30.6892],[130.9453,30.6833],[130.9061,30.3547]]]},"properties":{"NAME":null,"ABBREVN":null,"SUBJECTO":null,"BORDERPRECISION":1,"PARTOF":null}},
{"type":"Feature","geometry":{"type":"Polygon","coordinates":[[[130.5586,30.2364],[130.6719,30.3733],[130.5108,30.4589],[130.3872,30.3972],[130.5586,30.2364]]]},"properties":{"NAME":null,"ABBREVN":null,"SUBJECTO":null,"BORDERPRECISION":1,"PARTOF":null}},
{"type":"Feature","geometry":{"type":"Polygon","coordinates":[[[121.7347,25.1389],[121.4806,25.2719],[121.385,25.1575],[121.0017,25.0017],[120.8716,24.74],[120.6977,24.6008],[120.1155,23.6314],[120.1483,23.3272],[120.0491,23.0608],[120.1639,22.9536],[120.3286,22.5194],[120.573,22.3661],[120.675,22.1819],[120.6983,21.9458],[120.8825,22.0394],[120.8786,22.3414],[120.9697,22.5683],[121.1681,22.7625],[121.453,23.3272],[121.5964,23.9],[121.605,24.0806],[121.8397,24.4764],[121.8169,24.8478],[121.9992,25.0108],[121.7347,25.1389]]]},"properties":{"NAME":null,"ABBREVN":null,"SUBJECTO":null,"BORDERPRECISION":1,"PARTOF":null}},
{"type":"Feature","geometry":{"type":"Polygon","coordinates":[[[128.9008,32.6431],[128.6494,32.7778],[128.6102,32.6117],[128.9008,32.6431]]]},"properties":{"NAME":null,"ABBREVN":null,"SUBJECTO":null,"BORDERPRECISION":1,"PARTOF":null}},
{"type":"Feature","geometry":{"type":"MultiPolygon","coordinates":[[[[126.6222,33.24],[126.843,33.3083],[126.7931,33.5508],[126.3175,33.4528],[126.1705,33.2625],[126.6222,33.24]]],[[[128.5325,38.3306],[128.2797,38.4303],[128.2605,38.4117],[128.2436,38.3953],[128.1508,38.3353],[128.0105,38.3055],[127.1339,38.2992],[126.7278,37.9525],[126.5475,37.6472],[126.6589,37.555],[126.6628,37.5406],[126.6744,37.488],[126.6564,37.4111],[126.7661,37.2319],[126.6589,37.2486],[126.6608,37.1619],[126.6611,37.1561],[126.723,37.1317],[126.7386,37.1489],[126.7594,37.1689],[126.77,37.1742],[126.8691,37.1764],[126.8594,37.1389],[126.773,37.1186],[126.7542,37.0542],[126.7528,37.0486],[126.7561,37.0444],[126.8658,36.9505],[126.9217,36.9169],[126.9922,36.9108],[126.8464,36.7525],[126.8233,36.9139],[126.7811,36.9636],[126.7614,36.97],[126.4992,37.0497],[126.4491,36.9914],[126.335,36.9856],[126.345,36.9567],[126.3528,36.9489],[126.383,36.9294],[126.3208,36.878],[126.3217,36.8844],[126.3089,36.9422],[126.3044,36.9622],[126.2861,36.96],[126.1844,36.8783],[126.1917,36.8199],[126.1236,36.7092],[126.4972,36.7239],[126.4644,36.5747],[126.5444,36.1364],[126.7519,35.7783],[126.6322,35.7369],[126.4794,35.64],[126.488,35.5842],[126.5214,35.5767],[126.5358,35.5855],[126.5469,35.59],[126.6511,35.595],[126.6194,35.5469],[126.4917,35.5097],[126.3783,35.3122],[126.3714,34.7892],[126.6202,34.6242],[126.4633,34.4847],[126.4783,34.3453],[126.525,34.3161],[126.5564,34.3005],[126.6003,34.3003],[126.6839,34.4344],[126.7725,34.5828],[126.8008,34.4631],[126.8169,34.4425],[126.8894,34.4125],[126.8969,34.4492],[126.9855,34.5264],[126.9894,34.5378],[127.0097,34.6022],[127.2167,34.7075],[127.2739,34.7275],[127.3286,34.743],[127.3528,34.6928],[127.2422,34.5694],[127.3153,34.4436],[127.5542,34.6561],[127.7478,34.7275],[127.7736,34.8439],[127.6386,34.8142],[127.6114,34.8408],[127.605,34.8492],[127.5764,34.8869],[127.7674,34.9603],[128.0561,34.9308],[128.1541,34.8944],[128.1764,34.8894],[128.2039,34.8883],[128.2278,34.9342],[128.3291,34.9494],[128.3355,34.8714],[128.4519,34.8455],[128.4772,35.0539],[128.4155,35.0322],[128.4052,35.0178],[128.3961,35.0108],[128.3911,35.0083],[128.3794,35.0047],[128.3711,35.0094],[128.378,35.0361],[128.5728,35.17],[128.735,35.0928],[128.8105,35.0842],[128.9191,35.0892],[128.9739,35.1348],[128.9786,35.085],[129.1369,35.1122],[129.4394,35.4758],[129.5839,35.9889],[129.3869,36.036],[129.3819,36.3086],[129.475,36.7744],[129.3425,37.2572],[128.6411,38.1172],[128.5325,38.3306]]]]},"properties":{"NAME":null,"ABBREVN":null,"SUBJECTO":null,"BORDERPRECISION":1,"PARTOF":null}},
{"type":"Feature","geometry":{"type":"Polygon","coordinates":[[[123.8708,24.2525],[123.9219,24.3711],[123.7672,24.4144],[123.6789,24.3161],[123.8708,24.2525]]]},"properties":{"NAME":null,"ABBREVN":null,"SUBJECTO":null,"BORDERPRECISION":1,"PARTOF":null}},
{"type":"Feature","geometry":{"type":"Polygon","coordinates":[[[125.3564,24.7767],[125.2619,24.8789],[125.2522,24.7378],[125.3564,24.7767]]]},"properties":{"NAME":null,"ABBREVN":null,"SUBJECTO":null,"BORDERPRECISION":1,"PARTOF":null}},
{"type":"Feature","geometry":{"type":"Polygon","coordinates":[[[124.2617,24.4575],[124.0778,24.42],[124.1219,24.345],[124.2297,24.3383],[124.2617,24.4575]]]},"properties":{"NAME":null,"ABBREVN":null,"SUBJECTO":null,"BORDERPRECISION":1,"PARTOF":null}},
{"type":"Feature","geometry":{"type":"Polygon","coordinates":[[[128.2528,26.6389],[128.2472,26.84],[127.9589,26.5444],[128.2528,26.6389]]]},"properties":{"NAME":null,"ABBREVN":null,"SUBJECTO":null,"BORDERPRECISION":1,"PARTOF":null}},
{"type":"Feature","geometry":{"type":"Polygon","coordinates":[[[126.7619,26.3869],[126.7019,26.3486],[126.7811,26.2983],[126.81,26.3469],[126.7619,26.3869]]]},"properties":{"NAME":null,"ABBREVN":null,"SUBJECTO":null,"BORDERPRECISION":1,"PARTOF":null}},
{"type":"Feature","geometry":{"type":"Polygon","coordinates":[[[128.9511,27.6758],[129.03,27.7744],[128.8989,27.8978],[128.8972,27.7258],[128.9511,27.6758]]]},"properties":{"NAME":null,"ABBREVN":null,"SUBJECTO":null,"BORDERPRECISION":1,"PARTOF":null}},
{"type":"Feature","geometry":{"type":"Polygon","coordinates":[[[128.6091,27.3589],[128.6964,27.4486],[128.5236,27.4136],[128.6091,27.3589]]]},"properties":{"NAME":null,"ABBREVN":null,"SUBJECTO":null,"BORDERPRECISION":1,"PARTOF":null}},
{"type":"Feature","geometry":{"type":"Polygon","coordinates":[[[129.9922,28.2817],[130.0325,28.3531],[129.943,28.3222],[129.9922,28.2817]]]},"properties":{"NAME":null,"ABBREVN":null,"SUBJECTO":null,"BORDERPRECISION":1,"PARTOF":null}},
{"type":"Feature","geometry":{"type":"Polygon","coordinates":[[[129.3361,28.0753],[129.3402,28.1108],[129.2238,28.1836],[129.2191,28.0978],[129.3361,28.0753]]]},"properties":{"NAME":null,"ABBREVN":null,"SUBJECTO":null,"BORDERPRECISION":1,"PARTOF":null}},
{"type":"Feature","geometry":{"type":"Polygon","coordinates":[[[129.733,29.6097],[129.7533,29.6478],[129.7097,29.6517],[129.733,29.6097]]]},"properties":{"NAME":null,"ABBREVN":null,"SUBJECTO":null,"BORDERPRECISION":1,"PARTOF":null}},
{"type":"Feature","geometry":{"type":"Polygon","coordinates":[[[123.975,42.9574],[124.7023,42.3109],[127.2993,43.2384],[125.5075,42.5985],[125.0974,42.9574],[123.975,42.9574]]]},"properties":{"NAME":null,"ABBREVN":null,"SUBJECTO":null,"BORDERPRECISION":1,"PARTOF":null}},
{"type":"Feature","geometry":{"type":"Polygon","coordinates":[[[110.7111,40.8857],[116.1692,40.6414],[117.5605,40.6414],[118.2097,40.8269],[119.0445,42.3109],[118.924,42.0966],[116.2354,41.5763],[110.7111,40.8857]]]},"properties":{"NAME":null,"ABBREVN":null,"SUBJECTO":null,"BORDERPRECISION":1,"PARTOF":null}},
{"type":"Feature","geometry":{"type":"Polygon","coordinates":[[[25.1861,65.2427],[25.1956,65.268],[25.2515,65.4169],[25.1861,65.2427]]]},"properties":{"NAME":null,"ABBREVN":null,"SUBJECTO":null,"BORDERPRECISION":1,"PARTOF":null}},
{"type":"Feature","geometry":{"type":"Polygon","coordinates":[[[34.7261,65.7803],[34.7256,65.615],[34.7262,65.797],[34.7261,65.7803]]]},"properties":{"NAME":null,"ABBREVN":null,"SUBJECTO":null,"BORDERPRECISION":1,"PARTOF":null}},
{"type":"Feature","geometry":{"type":"Polygon","coordinates":[[[91.6347,75.6527],[90,75.6015],[89.7963,75.5244],[91.6347,75.6527]]]},"properties":{"NAME":null,"ABBREVN":null,"SUBJECTO":null,"BORDERPRECISION":1,"PARTOF":null}},
{"type":"Feature","geometry":{"type":"Polygon","coordinates":[[[105.2788,72.7515],[105.4031,72.7487],[105.6002,72.7443],[105.2788,72.7515]]]},"properties":{"NAME":null,"ABBREVN":null,"SUBJECTO":null,"BORDERPRECISION":1,"PARTOF":null}},
{"type":"Feature","geometry":{"type":"MultiPolygon","coordinates":[]},"properties":{"NAME":null,"ABBREVN":null,"SUBJECTO":null,"BORDERPRECISION":1,"PARTOF":null}},
{"type":"Feature","geometry":{"type":"Polygon","coordinates":[[[123.4099,73.4808],[123.5007,73.5049],[124.2222,73.6969],[123.4099,73.4808]]]},"properties":{"NAME":null,"ABBREVN":null,"SUBJECTO":null,"BORDERPRECISION":1,"PARTOF":null}},
{"type":"Feature","geometry":{"type":"Polygon","coordinates":[[[18.8931,59.9257],[18.8041,60.1084],[18.4169,60.1816],[17.9307,60.5903],[17.7065,60.5536],[17.3176,60.7531],[17.1462,60.9528],[17.0652,61.5384],[17.387,61.6584],[17.4968,62.0881],[17.2902,62.4407],[17.7181,62.3567],[17.9363,62.548],[17.8319,62.4565],[16.5737,62.525],[15.4301,61.8661],[11.5284,61.8978],[10.1554,64.0993],[9.8701,63.8764],[9.8321,63.6836],[9.4409,63.4975],[8.6059,63.3251],[7.9892,62.9403],[7.0882,62.9102],[7.2893,62.4856],[6.613,62.5833],[6.5325,62.3357],[6.0535,62.3348],[5.4257,62.0093],[5.8339,61.8194],[5.149,61.7409],[5.0755,60.5917],[5.5511,60.5089],[5.0962,60.2641],[5.2791,60.1253],[5.8941,60.1613],[5.8058,59.9493],[5.0866,59.5092],[5.1766,59.3074],[5.7171,59.3371],[6.0326,59.2007],[5.7719,59.0762],[5.3997,58.7152],[5.6155,58.4552],[5.8738,58.4316],[6.6517,58.172],[6.9586,57.9717],[8.1537,58.0895],[8.1752,58.172],[8.9217,58.5379],[9.6976,58.9992],[10.1723,58.9874],[10.5493,59.3786],[10.8292,59.1058],[11.1789,59.0703],[11.1404,58.8512],[11.2214,58.3083],[11.8019,58.1779],[11.6098,57.8069],[11.8811,57.509],[12.2886,56.8799],[12.526,56.7804],[12.8504,56.4765],[14.3971,55.9697],[14.6529,56.1206],[15.2208,56.0804],[15.497,56.1672],[15.7705,56.0332],[16.3762,56.8224],[16.3945,57.0743],[16.6587,57.443],[16.4765,57.7021],[16.7246,57.8893],[16.744,58.312],[16.5132,58.4281],[16.6842,58.6403],[15.2939,59.416],[15.8664,60.3114],[18.2524,60.3024],[18.4169,60.1816],[18.8041,60.1084],[18.8931,59.9257]],[[18.5155,59.4008],[17.8617,59.24],[17.3581,59.2452],[16.7765,59.4787],[16.4076,59.4475],[16.7765,59.4787],[17.3581,59.2452],[17.8617,59.24],[18.5155,59.4008]]]},"properties":{"NAME":null,"ABBREVN":null,"SUBJECTO":null,"BORDERPRECISION":1,"PARTOF":null}},
{"type":"Feature","geometry":{"type":"Polygon","coordinates":[[[15.2939,59.416],[16.6842,58.6403],[17.0807,58.6499],[17.5822,58.893],[17.7391,59.1104],[17.7452,58.9861],[18.372,59.1571],[18.2734,59.2867],[18.5155,59.4008],[17.8617,59.24],[17.3581,59.2452],[16.7765,59.4787],[16.4076,59.4475],[16.5232,59.5825],[17.0706,59.5461],[18.0301,59.3593],[18.6393,59.5669],[19.0373,59.8632],[18.8931,59.9257],[18.8041,60.1084],[18.4169,60.1816],[18.2524,60.3024],[15.8664,60.3114],[15.2939,59.416]]]},"properties":{"NAME":"Swedes","ABBREVN":"Swedes","SUBJECTO":"Swedes","BORDERPRECISION":1,"PARTOF":"Swedes"}},
{"type":"Feature","geometry":{"type":"Polygon","coordinates":[[[101.6328,13.7253],[100.9087,13.4473],[100.957,13.3649],[100.8716,12.6785],[101.3291,12.5588],[101.5866,12.661],[101.9186,12.5855],[102.3239,12.1861],[102.6585,12.0661],[102.9626,11.3679],[103.0396,10.898],[103.192,10.9046],[103.5249,11.0578],[103.6703,10.7659],[103.5249,10.5242],[103.831,10.474],[104.1603,10.5192],[104.4278,10.2847],[104.7649,10.1774],[104.9785,9.9809],[104.9873,9.8221],[104.8224,9.4723],[104.7425,8.4937],[104.9071,8.475],[105.2084,8.6535],[105.5031,9.029],[105.9266,9.1888],[106.1184,9.3353],[106.2293,9.5516],[106.482,9.5521],[106.6563,9.7431],[106.7486,10.0673],[106.7044,10.4484],[106.7732,10.6392],[106.9299,11.8424],[104.3899,11.9815],[101.6328,13.7253]]]},"properties":{"NAME":"Funan","ABBREVN":"Funan","SUBJECTO":"Funan","BORDERPRECISION":1,"PARTOF":"Funan"}},
{"type":"Feature","geometry":{"type":"Polygon","coordinates":[[[14.8396,47.201],[16.5729,48.2556],[15.7577,48.5378],[14.7556,48.1871],[12.7535,48.9329],[12.8741,47.1846],[13.9384,47.6258],[14.8396,47.201]]]},"properties":{"NAME":"Ostrogoths","ABBREVN":"","SUBJECTO":"","BORDERPRECISION":1,"PARTOF":""}},
{"type":"Feature","geometry":{"type":"Polygon","coordinates":[[[14.2386,45.0624],[14.3496,45.3119],[13.7897,45.5518],[13.5269,45.4543],[13.6721,45.0504],[13.8951,44.7592],[14.1885,44.9425],[14.2386,45.0624]]]},"properties":{"NAME":"Ostrogoths","ABBREVN":"","SUBJECTO":"","BORDERPRECISION":1,"PARTOF":""}},
{"type":"Feature","geometry":{"type":"Polygon","coordinates":[[[18.9143,47.8344],[18.9144,47.8363],[18.8881,47.8399],[18.9143,47.8344]]]},"properties":{"NAME":"Ostrogoths","ABBREVN":"","SUBJECTO":"","BORDERPRECISION":1,"PARTOF":""}},
{"type":"Feature","geometry":{"type":"Polygon","coordinates":[[[7.4675,43.8108],[7.507,43.837],[7.5528,43.8675],[7.4675,43.8108]]]},"properties":{"NAME":"Ostrogoths","ABBREVN":"","SUBJECTO":"","BORDERPRECISION":1,"PARTOF":""}},
{"type":"Feature","geometry":{"type":"Polygon","coordinates":[[[14.253,36.073],[14.191,36.024],[14.275,36.012],[14.253,36.073]]]},"properties":{"NAME":null,"ABBREVN":null,"SUBJECTO":null,"BORDERPRECISION":1,"PARTOF":null}},
{"type":"Feature","geometry":{"type":"Polygon","coordinates":[[[14.332,35.981],[14.336,35.884],[14.52,35.8],[14.57,35.869],[14.332,35.981]]]},"properties":{"NAME":null,"ABBREVN":null,"SUBJECTO":null,"BORDERPRECISION":1,"PARTOF":null}},
{"type":"Feature","geometry":{"type":"MultiPolygon","coordinates":[[[[8.0481,44.0184],[8.6717,44.4174],[8.8966,44.4372],[9.6919,44.2196],[9.9093,44.1105],[10.2925,43.7054],[10.4877,43.2359],[10.7428,42.8505],[11.5895,43.9133],[11.4047,45.5765],[11.8666,46.4081],[12.6058,46.6853],[12.4488,47.106],[11.3123,47.2397],[10.4807,47.2397],[9.0023,46.9625],[7.8935,45.8537],[7.6163,45.0221],[8.0481,44.0184]]],[[[9.4055,42.5806],[9.2804,42.7279],[9.0184,42.691],[8.6093,42.4873],[8.6284,42.2617],[8.5107,42.1341],[8.7424,41.8816],[8.6269,41.7321],[8.7269,41.5606],[9.173,41.3499],[9.3045,41.5753],[9.4525,42.0483],[9.4867,42.4064],[9.4055,42.5806]]],[[[15.8733,41.5021],[16.1984,41.7457],[16.0128,41.9043],[15.4486,41.8567],[14.9224,41.9718],[14.4294,42.3267],[13.807,42.1577],[13.3291,41.3111],[13.797,41.1934],[14.0509,40.7675],[14.3703,40.8515],[14.4946,40.73],[14.7433,40.7048],[14.951,40.5515],[14.9923,40.3722],[15.8398,40.6793],[15.8733,41.5021]]]]},"properties":{"NAME":"Lombard principalities","ABBREVN":"Lombard principalities","SUBJECTO":"Lombard principalities","BORDERPRECISION":1,"PARTOF":"Lombard principalities"}},
{"type":"Feature","geometry":{"type":"MultiPolygon","coordinates":[[[[34.35,35.607],[33.97,35.436],[33.385,35.328],[33.003,35.366],[32.831,35.142],[32.549,35.174],[32.276,35.037],[32.404,34.751],[32.714,34.64],[33.007,34.632],[33.607,34.82],[33.705,34.974],[34.079,34.987],[33.902,35.162],[33.948,35.307],[34.281,35.477],[34.35,35.607]]],[[[25.4699,37.4381],[25.2722,37.5647],[24.7629,38.0033],[24.6564,37.9014],[25.3178,37.4018],[25.4699,37.4381]]],[[[23.4097,38.9437],[23.2424,39.0441],[23.0143,38.9614],[23.6377,38.5226],[23.6605,38.4036],[24.0254,38.3857],[24.3143,37.9853],[24.5272,37.9674],[24.588,38.1529],[24.2915,38.1948],[24.1319,38.6534],[23.7898,38.7186],[23.4097,38.9437]]],[[[41.1226,43.0191],[41.4097,42.7882],[41.6518,42.1206],[41.6805,41.7933],[41.5211,41.4658],[41.2931,41.2858],[40.361,40.9634],[40.0067,40.9563],[39.3702,41.064],[38.6512,40.9216],[38.314,40.9209],[37.8218,41.0096],[37.2528,41.0277],[36.817,41.2897],[36.3829,41.2375],[36.1614,41.3525],[35.9578,41.6856],[35.4114,41.6268],[35.0988,41.8059],[35.0019,42.0432],[34.6629,41.8756],[33.5555,41.9825],[33.1555,41.9496],[32.419,41.7492],[31.3857,41.285],[31.2177,41.0541],[30.7448,41.0403],[30.2561,41.1847],[30.1376,41.1318],[29.5778,41.1534],[29.1612,41.2164],[29.0145,40.9787],[29.5252,40.6883],[28.9016,40.6201],[28.8732,40.4719],[28.4777,40.3951],[27.9082,40.3506],[27.7639,40.2873],[27.3292,40.3558],[26.7653,40.3769],[26.1276,39.8786],[26.139,39.4397],[26.8043,39.5672],[26.7079,39.1821],[26.8708,39.056],[26.9664,38.7699],[26.6957,38.6408],[26.9974,38.4001],[26.7425,38.2784],[26.4687,38.4448],[26.3932,38.1044],[26.6793,38.1049],[27.1398,37.8891],[27.1604,37.3601],[27.3646,37.3286],[27.5256,37.1314],[27.2686,37.0417],[27.3081,36.9207],[27.9988,36.9094],[27.9119,36.6989],[28.0142,36.5272],[28.2669,36.7124],[28.4698,36.7383],[28.8135,36.5352],[29.0023,36.6948],[29.2982,36.1731],[29.662,36.0783],[30.1661,36.1876],[30.4728,36.1883],[30.5936,36.7617],[30.9053,36.7942],[31.3707,36.7123],[31.902,36.4969],[32.335,36.1284],[32.6403,36.008],[33.1713,35.9709],[33.7532,36.1466],[34.4851,36.6268],[34.6624,36.6478],[35.2205,36.388],[35.4946,36.4431],[35.8909,36.7711],[36.0824,36.6215],[36.0953,36.4825],[35.7086,36.2122],[35.8559,35.8345],[35.6073,35.4175],[35.7964,35.2707],[35.8414,35.0426],[35.7508,34.7468],[35.8731,34.4223],[35.5321,34.1187],[35.4919,33.8308],[35.3561,33.6398],[35.089,33.0693],[34.8429,32.6707],[34.7585,32.3007],[34.5007,31.6211],[34.1953,31.2381],[33.917,31.0701],[33.5576,30.9677],[33.1296,31.0517],[33.0214,31.1321],[32.7687,30.9516],[32.3094,31.084],[32.0765,31.0137],[31.8081,31.1783],[31.7174,31.3878],[30.996,31.4689],[30.0991,31.2319],[29.6831,31.0532],[29.2488,30.7537],[28.9664,30.7848],[28.5172,30.9618],[27.9194,30.9987],[27.7633,31.1826],[26.1433,31.4906],[25.2582,31.4379],[24.9822,31.647],[24.8159,31.9072],[24.0344,31.9373],[23.714,32.0764],[23.1533,32.1388],[23.0267,32.2529],[23.0073,32.4816],[22.5431,32.7221],[22.216,32.7913],[21.6734,32.8156],[21.0545,32.6301],[20.3657,32.2982],[20.0684,32.0371],[19.9416,31.6112],[20.1168,30.9571],[19.9815,30.7217],[19.6639,30.4415],[19.1245,30.1989],[18.915,30.2049],[17.9572,30.7684],[17.4216,30.996],[16.7825,31.1281],[16.3184,31.1653],[15.8433,31.285],[15.5334,31.5512],[15.3581,31.805],[15.2414,32.1733],[15.0098,32.3634],[14.7908,32.363],[14.4334,32.4639],[14.157,32.6794],[13.1871,32.7918],[12.5648,32.7396],[12.117,32.8785],[11.2089,33.2515],[11.0991,33.5372],[10.7781,33.473],[10.4126,33.6311],[10.1487,33.8784],[10.0195,34.0815],[10.1164,34.2342],[10.574,34.6481],[10.8394,34.8012],[11.1251,35.2406],[10.989,35.6223],[10.6026,35.8889],[10.5092,36.2136],[10.6334,36.424],[10.9201,36.6539],[11.0394,36.909],[10.8433,36.9915],[10.5806,36.7934],[10.2715,36.7546],[10.1327,37.1047],[9.7322,37.2824],[9.4161,37.2754],[9.1503,37.1729],[8.8655,36.9684],[8.6367,36.8853],[7.9132,36.7752],[7.5449,37.0421],[7.307,37.0608],[6.923,36.8178],[6.3229,37.0906],[6.0474,36.8416],[6.7847,35.8745],[7.9859,35.5049],[8.6327,34.0265],[9.8339,32.9178],[14.4538,31.1622],[18.6118,29.4066],[19.351,29.4066],[21.2914,29.961],[22.3078,29.961],[26.743,28.575],[28.4062,27.7434],[30.8085,23.8626],[31.6401,23.7702],[32.7489,23.7702],[33.6572,24.018],[35.1899,24.3999],[34.5148,25.5739],[34.1042,26.3545],[33.9288,26.5638],[33.8041,26.9321],[33.5669,27.37],[33.3542,27.9095],[32.9347,28.3788],[32.6493,28.7658],[32.3185,29.5402],[32.4384,29.7755],[32.648,29.8522],[32.9438,29.1984],[33.1785,28.9956],[33.3307,28.5512],[33.5041,28.3292],[33.856,28.025],[34.058,27.7903],[34.322,27.829],[34.5489,28.7316],[34.7643,29.2467],[34.9847,29.4672],[35.0955,29.3427],[34.8856,28.3575],[34.7639,28.0967],[35.1116,28.0721],[36.1677,30.423],[38.3757,33.5316],[43.1901,40.3097],[44.2065,41.5109],[44.3913,41.8805],[44.3913,42.6197],[43.8369,42.8969],[41.1226,43.0191]]],[[[29.6159,45.4102],[28.2172,45.4757],[27.9442,44.9297],[28.0366,44.3753],[26.8354,44.1905],[25.2646,43.8209],[23.1394,43.9133],[22.9546,44.6525],[21.199,44.9297],[20.9218,44.6525],[18.6336,44.864],[18.3894,45.3381],[15.413,46.144],[14.5404,45.2561],[14.9455,44.9266],[14.9891,44.54],[15.2859,44.3289],[15.1495,44.2399],[15.4123,43.9348],[15.9128,43.6522],[16.0594,43.4335],[16.3667,43.513],[16.6398,43.3897],[16.9923,43.3227],[17.0751,43.2227],[17.5957,42.8889],[18.0014,42.6945],[18.5286,42.3527],[18.9099,42.2178],[19.143,41.9321],[19.607,41.7615],[19.6194,41.5593],[19.417,41.3453],[19.53,41.2184],[19.4454,40.9649],[19.5273,40.8659],[19.3392,40.5887],[19.4945,40.4027],[19.3691,40.2603],[19.8036,40.017],[20.0286,39.8138],[20.2118,39.4049],[20.6778,39.0804],[21.0072,39.113],[21.1595,39.0048],[21.0065,38.8705],[20.7718,38.8509],[21.1724,38.3478],[21.8265,38.464],[22.3337,38.4267],[22.8756,38.2046],[22.7472,37.9526],[21.9058,38.2697],[21.7145,38.1354],[21.4405,38.1795],[21.2284,37.9049],[21.2963,37.7265],[21.6137,37.4148],[21.5314,37.1151],[21.7809,36.8225],[21.9842,37.0205],[22.1914,36.8552],[22.3903,36.5244],[22.5244,36.7221],[22.6736,36.7543],[22.9826,36.6148],[22.8869,37.0467],[22.6387,37.4923],[22.9421,37.5184],[23.1096,37.3466],[23.3122,37.5481],[23.0489,37.6426],[22.9806,37.9578],[23.4957,38.0681],[23.8355,37.6846],[23.9873,37.7634],[23.8039,38.3465],[23.5558,38.3518],[23.1695,38.667],[22.6023,38.8562],[22.8711,39.0243],[22.7203,39.2873],[23.0742,39.4135],[22.8134,39.6027],[22.4674,40.1185],[22.6023,40.3972],[22.7481,40.4825],[22.9602,40.3147],[23.2918,40.2873],[23.5958,40.1923],[23.7852,40.4772],[23.6347,40.7728],[23.886,40.7329],[24.2191,40.8297],[25.0463,40.9523],[25.3011,40.8959],[25.9929,40.8525],[26.124,40.6028],[26.4548,40.5843],[26.5565,40.4983],[26.1948,40.3031],[26.2552,40.0816],[26.6136,40.398],[27.2638,40.6672],[27.4742,40.9628],[27.9322,40.9575],[28.1733,41.0579],[28.8278,40.9147],[28.9645,40.9892],[29.0124,41.2548],[28.3715,41.4331],[28.1044,41.593],[27.9134,42.0781],[27.502,42.5163],[27.8362,42.7355],[27.8873,43.0635],[28.0346,43.3919],[28.4457,43.4764],[28.5731,44.1978],[28.6862,44.4881],[29.0897,44.8757],[29.4575,44.9151],[29.7108,45.2583],[29.6159,45.4102]]],[[[14.4294,42.3267],[14.0928,42.6095],[13.7916,43.1233],[13.6009,43.5348],[12.6972,43.9348],[12.3451,44.301],[12.2736,44.6726],[12.5231,44.8828],[12.1762,45.2143],[12.4482,45.3943],[12.8987,45.5584],[13.1562,45.7265],[13.6732,45.7145],[13.6065,45.7219],[13.4837,46.7574],[12.8785,47.0554],[12.4488,47.106],[12.6058,46.6853],[11.8666,46.4081],[11.4047,45.5765],[11.5895,43.9133],[10.7428,42.8505],[11.1048,42.5491],[11.4974,42.3764],[11.9634,42.0047],[12.6415,41.5311],[12.9768,41.3714],[13.3291,41.3111],[13.807,42.1577],[14.4294,42.3267]]],[[[14.9923,40.3722],[15.0273,40.2122],[15.432,39.989],[15.6662,40.0919],[15.8247,39.6606],[15.9896,39.4284],[16.0826,39.0125],[16.2122,38.778],[15.9898,38.7348],[15.7909,38.2964],[15.6266,38.2331],[15.6275,38.0042],[15.7852,37.9097],[16.0529,37.9312],[16.3307,38.3207],[16.572,38.4571],[16.5222,38.725],[16.7977,38.9259],[17.0947,38.915],[17.1491,39.4218],[16.5321,39.6975],[16.7276,40.1836],[16.9487,40.4811],[17.0841,40.5251],[17.4017,40.2919],[17.8496,40.2435],[18.0171,39.9479],[18.3649,39.7467],[18.5226,40.0941],[18.3836,40.3078],[18.0339,40.5967],[16.946,41.0938],[15.991,41.4061],[15.8733,41.5021],[15.8398,40.6793],[14.9923,40.3722]]],[[[3.9242,39.9292],[4.2764,39.8064],[4.1744,40.0503],[3.9242,39.9292]]],[[[3.0636,39.2636],[3.2419,39.3644],[3.4803,39.7217],[3.1347,39.7922],[3.0714,39.9219],[2.7778,39.8447],[2.3861,39.6128],[2.6561,39.5644],[2.7864,39.3647],[3.0636,39.2636]]],[[[1.5197,39.1183],[1.2942,39.0314],[1.4058,38.8456],[1.615,39.0283],[1.5197,39.1183]]],[[[13.3225,38.2205],[13.066,38.0669],[12.7828,38.1174],[12.5166,37.9192],[12.4541,37.766],[12.6369,37.5815],[13.0116,37.5249],[13.8684,37.157],[14.2159,37.0493],[14.622,36.7761],[15.0273,36.7451],[15.3013,37.0579],[15.1162,37.2869],[15.181,37.6823],[15.4729,38.1101],[15.3867,38.2055],[14.7659,38.0576],[14.1345,37.9735],[13.8095,37.9664],[13.3225,38.2205]]],[[[8.2407,40.8553],[8.2016,40.663],[8.4282,40.4649],[8.5085,39.9465],[8.3742,39.3078],[8.6961,38.9958],[8.8196,38.9769],[9.0625,39.2199],[9.4789,39.1442],[9.6483,39.4572],[9.698,39.6935],[9.6308,40.0959],[9.7937,40.5637],[9.5909,40.9029],[9.3062,41.1844],[8.7661,40.8628],[8.2407,40.8553]]],[[[-6.7056,38.2769],[-8.791,37.8292],[-8.796,37.443],[-8.927,37.016],[-8.659,37.109],[-8.175,37.092],[-7.973,37.008],[-7.553,37.156],[-7.127,37.221],[-6.579,37.019],[-6.356,36.861],[-6.444,36.719],[-6.173,36.512],[-6.227,36.405],[-6.051,36.192],[-5.614,36.006],[-5.449,36.052],[-5.177,36.41],[-4.708,36.489],[-4.392,36.723],[-2.929,36.75],[-2.65,36.694],[-2.35,36.841],[-2.117,36.736],[-1.902,36.972],[-1.791,37.232],[-1.351,37.549],[-0.915,37.552],[-0.512,38.325],[-0.301,38.482],[0.207,38.732],[-0.183,39.029],[-0.3346,39.4257],[-0.405,39.4324],[-1.5313,39.2009],[-2.8249,37.7225],[-5.7817,37.9073],[-6.7056,38.2769]]],[[[-4.593,35.1512],[-4.912,35.315],[-5.257,35.581],[-5.365,35.918],[-5.596,35.822],[-5.919,35.791],[-6.279,34.907],[-6.5115,34.4543],[-6.3277,34.8116],[-4.593,35.1512]]],[[[-3.4408,35.1663],[-3.659,35.273],[-4.021,35.245],[-4.2954,35.1518],[-3.4408,35.1663]]],[[[24.135,35.6],[23.971,35.515],[23.569,35.527],[23.521,35.288],[24.038,35.191],[24.386,35.191],[24.723,35.091],[24.753,34.942],[26.237,35.034],[26.301,35.283],[25.788,35.112],[25.658,35.342],[25.064,35.345],[24.963,35.404],[24.32,35.352],[24.135,35.6]]],[[[27.876,36.32],[27.72,36.166],[27.843,35.914],[28.141,36.211],[28.238,36.431],[27.876,36.32]]]]},"properties":{"NAME":"Eastern Roman Empire","ABBREVN":"Eastern Roman Empire","SUBJECTO":"Eastern Roman Empire","BORDERPRECISION":1,"PARTOF":"Eastern Roman Empire"}},
{"type":"Feature","geometry":{"type":"Polygon","coordinates":[[[147.232,75.362],[146.639,75.42],[146.072,75.233],[148.256,74.789],[149.72,74.762],[150.63,74.89],[150.148,75.219],[149.302,75.284],[148.766,75.211],[148.411,75.414],[147.232,75.362]]]},"properties":{"NAME":null,"ABBREVN":null,"SUBJECTO":null,"BORDERPRECISION":1,"PARTOF":null}},
{"type":"Feature","geometry":{"type":"Polygon","coordinates":[[[102.904,79.265],[101.571,79.353],[101.081,79.029],[100.254,78.658],[99.994,78.335],[99.354,78.054],[100.016,77.958],[101.133,78.175],[102.892,78.201],[104.759,78.328],[105.374,78.508],[105.168,78.809],[104.647,78.833],[104.018,79.114],[102.882,79.041],[102.904,79.265]]]},"properties":{"NAME":null,"ABBREVN":null,"SUBJECTO":null,"BORDERPRECISION":1,"PARTOF":null}},
{"type":"Feature","geometry":{"type":"Polygon","coordinates":[[[96.954,80.906],[95.699,81.29],[94.745,81.116],[93.468,81.04],[92.487,80.767],[92.739,80.51],[91.958,80.297],[93.678,79.994],[95.565,80.192],[97.159,80.234],[96.954,80.906]]]},"properties":{"NAME":null,"ABBREVN":null,"SUBJECTO":null,"BORDERPRECISION":1,"PARTOF":null}},
{"type":"Feature","geometry":{"type":"Polygon","coordinates":[[[68.794,76.582],[68.931,76.783],[68.501,76.956],[67.57,77.013],[66.427,76.852],[65.161,76.468],[64.157,76.318],[63.718,76.346],[62.398,76.187],[61.679,76.311],[60.809,76.121],[58.769,75.835],[58.174,75.574],[57.028,75.389],[56.9,75.271],[55.727,75.079],[56.321,74.906],[56.41,74.721],[55.521,74.644],[55.373,74.437],[55.665,74.326],[54.686,74.067],[53.752,73.719],[54.861,73.439],[55.418,73.337],[56.759,73.247],[57.944,73.803],[57.912,73.916],[58.724,74.236],[58.614,74.428],[60.243,74.743],[60.685,74.921],[60.827,75.144],[61.524,75.226],[61.699,75.367],[63.03,75.588],[64.373,75.733],[67.035,76.084],[68.329,76.29],[68.794,76.582]]]},"properties":{"NAME":null,"ABBREVN":null,"SUBJECTO":null,"BORDERPRECISION":1,"PARTOF":null}},
{"type":"Feature","geometry":{"type":"Polygon","coordinates":[[[143.015,73.661],[142.004,73.92],[141.086,73.871],[140.679,73.592],[140.788,73.449],[141.589,73.31],[143.185,73.203],[143.506,73.23],[143.432,73.522],[143.015,73.661]]]},"properties":{"NAME":null,"ABBREVN":null,"SUBJECTO":null,"BORDERPRECISION":1,"PARTOF":null}},
{"type":"Feature","geometry":{"type":"Polygon","coordinates":[[[139.694,75.973],[138.783,76.219],[137.45,75.955],[137.072,75.725],[137.29,75.596],[137.141,75.132],[137.782,74.981],[138.162,74.774],[139.232,74.66],[139.494,74.759],[141.798,74.986],[142.351,74.824],[143.431,74.887],[142.612,75.1],[142.151,75.382],[142.23,75.655],[143.011,75.592],[142.493,75.367],[142.904,75.134],[144.348,75.044],[144.942,75.269],[144.804,75.446],[145.384,75.529],[143.901,75.837],[142.656,75.846],[141.763,76.1],[140.957,76.033],[140.865,75.737],[139.935,75.836],[139.694,75.973]]]},"properties":{"NAME":null,"ABBREVN":null,"SUBJECTO":null,"BORDERPRECISION":1,"PARTOF":null}},
{"type":"Feature","geometry":{"type":"Polygon","coordinates":[[[97.449,79.742],[98.034,80.067],[97.142,80.169],[94.923,80.052],[94.222,79.898],[93.646,79.615],[94.356,79.454],[94.32,79.255],[95.008,79.04],[96.867,78.965],[97.246,78.851],[98.56,78.776],[99.915,78.939],[99.529,79.123],[99.726,79.575],[100.076,79.775],[99.24,80.036],[97.449,79.742]]]},"properties":{"NAME":null,"ABBREVN":null,"SUBJECTO":null,"BORDERPRECISION":1,"PARTOF":null}},
{"type":"Feature","geometry":{"type":"Polygon","coordinates":[[[55.804,73.296],[55.456,73.315],[54.963,73.42],[54.227,73.274],[53.789,73.302],[53.153,73.156],[53.147,72.954],[52.589,72.851],[52.746,72.337],[52.427,72.199],[51.574,72.071],[51.421,71.725],[51.797,71.475],[53.183,71.493],[53.559,71.201],[53.572,70.886],[54.051,70.741],[55.401,70.747],[56.02,70.571],[56.5,70.672],[57.163,70.572],[57.466,70.806],[57.056,70.862],[56.077,71.275],[55.322,71.949],[55.576,72.196],[55.451,72.437],[55.83,72.746],[56.132,72.782],[56.544,73.116],[55.804,73.296]]]},"properties":{"NAME":null,"ABBREVN":null,"SUBJECTO":null,"BORDERPRECISION":1,"PARTOF":null}},
{"type":"Feature","geometry":{"type":"Polygon","coordinates":[[[76.9216,29.3878],[72.6277,28.3666],[74.1174,26.5443],[76.3091,27.0451],[78.541,27.6277],[76.9357,29.2331],[76.9216,29.3878]]]},"properties":{"NAME":"Chauhans","ABBREVN":"Chauhans","SUBJECTO":"Chauhans","BORDERPRECISION":1,"PARTOF":"Chauhans"}},
{"type":"Feature","geometry":{"type":"MultiPolygon","coordinates":[[[[101.0509,40.0849],[100.4016,39.7139],[97.9901,39.8994],[96.5988,39.7139],[96.4133,38.3226],[99.3814,37.5806],[101.7896,37.6698],[100.6799,32.8503],[100.2161,30.1606],[99.7524,27.4708],[100.6799,24.1318],[101.5146,24.6883],[102.2566,25.3376],[103.6827,26.0564],[106.4304,24.8738],[103.8334,20.1435],[103.2342,20.1229],[103.5671,19.602],[104.3811,18.328],[105.4169,17.4072],[106.4515,16.188],[107.3753,16.6915],[107.115,16.9546],[106.6223,17.3284],[106.4331,17.5503],[106.3644,18.0075],[105.8641,18.4892],[105.5326,18.8442],[105.8434,19.7024],[105.9649,19.8805],[106.3809,20.1101],[106.7716,20.6381],[106.807,20.905],[107.3743,20.8808],[107.4658,20.9763],[107.4178,21.1858],[107.9,21.479],[108.2659,21.4734],[108.3873,21.5309],[108.555,21.8234],[108.813,21.4936],[109.1174,21.399],[109.3219,21.4312],[109.5161,21.5968],[109.7798,21.483],[109.6081,21.057],[109.6029,20.8792],[109.7116,20.5682],[109.9283,20.2447],[110.2713,20.3153],[110.4337,20.4363],[110.0772,20.8675],[110.2388,21.2807],[110.5664,21.2306],[110.7496,21.3771],[111.0856,21.4794],[111.5361,21.4931],[111.8312,21.7541],[112.0395,21.6593],[112.7495,21.7561],[112.8713,22.0612],[113.0967,21.9791],[113.3777,22.1639],[113.4626,22.7739],[113.7168,22.4822],[114.3039,22.6486],[114.5375,22.6745],[114.5587,22.4649],[114.8478,22.51],[115.3088,22.7714],[115.7067,22.6389],[115.86,22.8361],[116.3406,22.9133],[116.4039,23.1993],[116.7091,23.346],[116.9627,23.5562],[117.4059,23.6905],[117.8491,24.0471],[117.7961,24.4217],[117.9249,24.5617],[118.3456,24.4673],[118.5312,24.69],[118.8129,24.8494],[119.0959,25.4407],[119.3354,25.5301],[119.4703,25.7717],[119.436,26.0383],[119.5549,26.2672],[119.4289,26.5908],[119.6007,26.6928],[119.857,26.706],[120.0841,26.9859],[120.3518,27.177],[120.5059,27.5901],[121.0086,28.277],[121.1659,28.1249],[121.3585,28.3857],[121.4325,28.8367],[121.6492,29.3197],[121.3619,29.4144],[121.6704,29.6245],[121.7703,29.8343],[121.3913,29.9224],[121.1552,30.1886],[120.8627,30.188],[120.4379,29.9966],[119.9437,30.1162],[120.2269,30.2502],[120.6087,30.3462],[121.0355,30.5947],[121.5689,30.7101],[121.6402,30.9261],[121.4989,31.2814],[121.2683,31.4523],[121.6233,31.6182],[121.606,31.8276],[121.2305,32.0618],[121.0508,32.328],[120.6609,32.5431],[120.7194,32.848],[120.6406,33.0446],[120.3403,33.3361],[120.1494,33.8943],[119.9736,34.1352],[119.2999,34.5909],[119.0209,34.6919],[119.0602,35.0413],[119.6888,35.545],[119.9756,35.9336],[119.9138,36.1434],[120.1393,36.1948],[120.2697,35.9851],[120.5048,36.0556],[120.5373,36.3865],[120.8555,36.5844],[121.6099,36.8342],[121.8467,36.8602],[122.2556,36.7337],[122.3929,37.3006],[121.8948,37.376],[121.4343,37.3368],[121.1898,37.4255],[120.7874,37.7049],[120.6581,37.7365],[120.1694,37.5763],[119.9407,37.3529],[119.5989,37.1166],[119.2844,37.046],[118.9546,37.0771],[118.837,37.2042],[118.8116,37.4461],[118.8752,37.9494],[118.7446,38.0638],[118.2003,38.0436],[117.5895,38.2845],[117.4395,38.6028],[117.7529,39.2025],[118.0699,39.2542],[118.2746,38.9996],[118.5593,39.1723],[118.9776,39.2241],[119.2107,39.639],[119.3855,39.8434],[119.8238,40.0422],[120.2727,40.1518],[120.7884,40.6838],[121.0106,40.8507],[121.4267,40.8643],[121.7536,40.737],[122.0824,40.488],[124.7023,42.3109],[123.975,42.9574],[123.8675,43.0529],[121.9198,42.6819],[119.0445,42.3109],[118.2097,40.8269],[117.5605,40.6414],[116.1692,40.6414],[110.7111,40.8857],[107.4885,41.1159],[104.8415,41.231],[103.5551,40.7341],[102.9059,38.8791],[102.4421,38.8791],[101.8856,39.8066],[101.0509,40.0849]]],[[[108.9386,18.3306],[109.4297,18.0966],[109.6691,18.4147],[110.2625,18.6256],[110.2987,18.8988],[110.427,19.2294],[110.6125,19.4712],[110.8854,19.7068],[110.6174,20.0175],[110.0606,19.9401],[109.9159,19.8],[109.5503,19.9136],[109.4201,19.6592],[109.1982,19.6841],[108.5769,19.1874],[108.5605,19.0603],[108.6519,18.4824],[108.9386,18.3306]]]]},"properties":{"NAME":"Sui Empire","ABBREVN":"Sui Empire","SUBJECTO":"Sui Empire","BORDERPRECISION":1,"PARTOF":"Sui Empire"}},
{"type":"Feature","geometry":{"type":"Polygon","coordinates":[[[92.0413,23.115],[91.5711,22.5433],[91.8459,21.9087],[91.946,21.3626],[92.1763,20.8866],[92.4034,20.614],[92.6628,20.4049],[92.9215,20.3737],[93.1145,20.5917],[92.9018,21.6087],[92.0413,23.115]]]},"properties":{"NAME":"Arakan","ABBREVN":"Arakan","SUBJECTO":"Arakan","BORDERPRECISION":1,"PARTOF":"Arakan"}},
{"type":"Feature","geometry":{"type":"Polygon","coordinates":[[[104.3899,11.9815],[104.0189,12.909],[103.9261,14.2075],[104.1116,15.506],[104.5754,15.7842],[106.4515,16.188],[105.4169,17.4072],[104.3811,18.328],[103.5671,19.602],[103.2342,20.1229],[102.0793,19.8241],[100.6982,19.4789],[100.1227,20.1694],[100.3529,20.7449],[100.2655,21.9289],[100.1234,23.8535],[100.6799,24.1318],[99.7524,27.4708],[100.2161,30.1606],[100.6799,32.8503],[101.7896,37.6698],[99.3814,37.5806],[96.4133,38.3226],[96.5988,39.7139],[97.9901,39.8994],[100.4016,39.7139],[101.0509,40.0849],[100.8133,40.3103],[98.9718,41.0008],[96.3247,40.6555],[94.5984,41.1159],[92.0664,43.3026],[90.9597,43.5492],[91.3339,45.9203],[80.7188,46.436],[82.2087,51.3292],[93.9412,51.0959],[105.3012,51.2127],[110.7014,50.9829],[125.053,50.3722],[119.9358,51.2576],[116.7068,54.6594],[114.0159,59.5467],[107.9615,59.8184],[99.4854,55.6585],[99.5375,55.2811],[93.7,56.4846],[78.3622,56.4102],[65.3116,55.0466],[59.0943,56.4318],[53.9245,57.6014],[53.9765,57.7086],[46.1057,57.7086],[32.517,60.9322],[29.0189,61.7707],[21.226,62.418],[21.2001,62.4352],[21.3464,62.1671],[21.2112,61.8709],[21.561,61.4849],[21.4273,61.0151],[21.5602,60.5125],[22.2207,60.2588],[22.6246,60.2011],[23.2014,59.8185],[23.6647,59.8356],[24.9695,60.0868],[25.4499,60.1384],[25.5805,60.2623],[26.9223,60.3161],[27.1785,60.4424],[27.4736,60.4261],[28.5215,60.6233],[28.4352,60.3373],[28.5694,60.1984],[28.969,60.1088],[29.6873,60.131],[30.1266,59.806],[29.7655,59.7362],[29.0761,59.9078],[28.7959,59.6722],[28.4444,59.7337],[27.8936,59.3461],[27.702,59.2975],[26.3433,59.4466],[25.7211,59.4598],[25.2483,59.3618],[24.7138,59.3518],[23.4158,59.119],[23.3608,58.7674],[23.6905,58.6655],[23.6709,58.2414],[24.0584,58.1115],[24.4968,58.2132],[24.2362,57.7282],[24.3465,57.1597],[24.1584,56.9755],[23.7678,56.8659],[23.2154,56.9807],[23.0709,57.2613],[22.5854,57.5087],[22.5636,57.6156],[21.6773,57.4637],[21.3397,57.1771],[21.3244,56.8544],[20.9648,56.609],[20.916,56.0967],[21.0185,55.634],[21.2163,55.3437],[21.1373,54.8455],[20.9852,54.8116],[19.9426,54.8499],[20.0057,54.5475],[19.7331,54.3103],[19.3281,54.1615],[18.5132,54.3158],[18.2794,54.7241],[17.6576,54.6855],[16.4732,54.415],[15.8984,54.1284],[15.3117,54.071],[14.4674,53.9104],[14.5653,53.6936],[14.4332,53.5942],[13.7805,53.7752],[13.7378,54.0303],[13.431,54.0302],[13.0638,54.1937],[12.9431,54.347],[12.6525,54.3214],[12.0411,54.0967],[11.565,54.0354],[11.4078,53.8593],[11.0159,54.0967],[11.0386,54.3133],[10.6486,54.259],[10.1417,54.3368],[9.8644,54.7263],[9.6497,54.8484],[9.6186,54.8735],[9.5453,54.8984],[9.1786,54.8312],[8.8503,54.8763],[8.6786,55.0603],[8.596,54.7614],[8.9506,54.4186],[8.5539,54.2754],[8.9463,54.015],[8.8553,53.8717],[11.0904,53.2908],[12.2702,51.6287],[10.4514,50.9834],[8.2394,52.4451],[8.2233,53.3438],[7.9685,53.6375],[7.5086,53.6141],[7.6163,51.3053],[9.0947,49.8269],[9.9263,49.6421],[12.1438,50.1041],[12.6982,49.7345],[12.8741,47.1846],[13.9384,47.6258],[14.8396,47.201],[16.6606,48.309],[19.2027,47.7736],[19.5184,48.2099],[21.7796,47.4842],[24.9255,47.5506],[24.4021,46.7809],[28.2172,45.4757],[29.6159,45.4102],[29.5004,45.5234],[29.6295,45.7504],[30.0688,45.8614],[30.5205,46.2514],[30.8329,46.5766],[31.5377,46.7014],[31.781,46.7019],[31.9513,46.8646],[32.1888,46.5922],[31.9259,46.4099],[32.2022,46.1704],[32.5164,46.1256],[33.3325,46.1661],[33.5279,46.1341],[33.6388,45.9268],[32.9023,45.6726],[32.5032,45.4451],[33.0135,45.3814],[33.3979,45.2527],[33.5594,44.9361],[33.3955,44.6005],[34.0137,44.4921],[34.3722,44.7572],[34.6142,44.8415],[35.0673,44.8617],[35.3867,45.0819],[35.8655,45.0311],[36.2648,45.0966],[36.521,45.3883],[35.8498,45.4452],[35.3167,45.3212],[35.0634,45.3401],[35.0081,45.6119],[33.8391,46.1931],[34.0642,46.2649],[34.9068,46.273],[35.2124,46.6371],[35.4161,46.4947],[35.8506,46.6644],[36.354,46.7758],[36.8646,46.8093],[37.1926,46.8944],[37.4221,47.0769],[37.8593,47.1037],[39.1599,47.2689],[39.2824,47.074],[38.2419,46.6986],[39.7826,45.797],[38.814,44.2636],[38.9237,44.2119],[40.2516,43.2682],[40.5571,43.1466],[41.1226,43.0191],[43.8369,42.8969],[44.3913,42.6197],[44.3913,41.8805],[48.2541,42.2484],[47.7901,42.8548],[47.5653,43.0077],[47.5743,43.5023],[47.7361,43.8619],[47.5653,43.844],[47.3315,44.1856],[47.1427,44.3385],[46.8459,44.4464],[46.8729,44.6802],[47.1697,44.86],[47.5563,45.4535],[47.6732,45.7502],[47.871,45.6783],[48.3026,45.7682],[48.8331,46.0829],[49.0579,46.1369],[49.5345,46.5415],[49.9481,46.5595],[50.2718,46.6854],[50.6315,46.9102],[51.3689,47.09],[51.7915,47.0091],[52.1422,46.8382],[52.5558,46.9821],[53.1852,46.8652],[53.2841,46.6764],[53.1223,46.4966],[53.2572,46.3167],[53.1492,45.957],[52.8345,45.6423],[52.8435,45.5075],[52.6097,45.3996],[51.9983,45.3816],[51.8454,45.4355],[51.5127,45.3726],[51.3419,45.0579],[51.0991,44.878],[51.5757,44.5543],[51.3329,44.4824],[50.8743,44.6262],[50.5416,44.6442],[50.3348,44.5633],[50.3887,44.2935],[50.9552,44.2036],[51.171,43.7181],[51.4588,43.3854],[51.4228,43.1696],[51.7375,43.1786],[52.0702,42.8279],[52.295,42.8728],[52.7626,42.7559],[52.6727,42.2794],[52.5198,42.0726],[52.5593,41.7578],[52.6922,41.5309],[52.9317,41.3776],[52.9412,41.7703],[53.0657,42.0289],[53.7362,42.1343],[53.9852,42.1055],[54.1193,41.7799],[54.1672,41.483],[54.7514,41.1382],[54.8185,40.8796],[54.4545,40.7167],[54.2247,40.7263],[53.8416,40.6401],[53.6117,40.7455],[53.2573,40.7646],[53.0562,41.052],[52.9029,40.5635],[52.8455,40.1804],[53.0466,39.9984],[53.6883,39.9792],[53.5159,39.7781],[53.5446,39.5387],[53.2094,39.4046],[53.5829,39.3184],[54.0331,38.9927],[56.8552,39.4356],[60.6452,40.8871],[61.2145,41.1052],[61.9565,41.2907],[62.6985,39.9921],[65.0173,38.5081],[66.7795,38.0444],[67.0578,37.1169],[67.1492,34.6024],[69.933,35.6329],[73.8286,36.7459],[75.2198,34.7981],[76.6916,33.7592],[78.3424,32.5939],[80.7385,30.9026],[85.6543,28.5838],[88.3275,28.0131],[93.9091,26.8216],[94.4656,26.4506],[94.5583,25.7086],[93.9091,24.9665],[92.9871,24.0825],[92.125,22.9685],[92.9018,21.6087],[93.1145,20.5917],[92.9261,20.3489],[92.8944,20.1132],[93.0656,19.9928],[93.3343,20.0252],[93.7238,19.594],[93.815,19.2576],[93.4579,19.1742],[93.839,18.9527],[94.0537,19.0611],[94.4205,18.1408],[94.4653,17.6645],[94.4649,17.2643],[94.392,16.9084],[94.1434,16.2154],[94.1444,16.0057],[94.3041,15.9489],[94.4156,16.0762],[94.8193,16.2105],[94.7534,15.9372],[94.9726,15.836],[95.1248,15.9951],[95.3298,15.6779],[95.5523,15.8753],[95.7138,16.1552],[96.4692,16.5126],[96.6629,16.6972],[96.7341,16.888],[96.7704,17.3327],[96.8816,17.3457],[97.215,16.9398],[97.352,16.5272],[97.5732,16.4451],[97.6641,15.7909],[97.7423,15.0097],[97.823,14.616],[98.194,13.6578],[100.4944,14.8567],[101.6074,15.3205],[102.6276,14.6712],[102.1639,13.9292],[101.6328,13.7253],[104.3899,11.9815]],[[42.0336,48.0979],[44.2947,47.7024],[47.9322,47.3705],[47.0474,46.2945],[43.6066,45.5422],[40.264,47.2372],[42.0336,48.0979]]]},"properties":{"NAME":null,"ABBREVN":null,"SUBJECTO":null,"BORDERPRECISION":1,"PARTOF":null}},
{"type":"Feature","geometry":{"type":"Polygon","coordinates":[[[100.3019,7.8868],[100.1315,8.5321],[100.0093,8.4901],[99.8659,8.7119],[99.898,9.0678],[99.724,9.258],[99.2985,9.1618],[99.1187,9.371],[99.0713,9.8983],[99.1862,10.4894],[99.5013,11.2461],[99.8953,12.0792],[99.8337,12.5238],[100.0232,12.9944],[99.9303,13.261],[100.2397,13.4904],[100.4739,13.5099],[100.9087,13.4473],[101.6328,13.7253],[102.1639,13.9292],[102.6276,14.6712],[101.6074,15.3205],[100.4944,14.8567],[98.194,13.6578],[98.4859,13.1118],[98.5968,12.7372],[98.6765,12.0512],[98.5883,11.8223],[98.6371,11.6572],[98.8674,11.645],[98.7384,11.4351],[98.6053,10.863],[98.3979,10.5639],[98.4317,10.2019],[98.6326,10.1007],[98.2506,8.9371],[98.1772,8.6002],[98.1952,8.3271],[98.2924,8.1557],[98.5446,8.2643],[98.8895,8.0172],[99.1186,7.6428],[100.3019,7.8868]]]},"properties":{"NAME":"Dvaravati","ABBREVN":"Dvaravati","SUBJECTO":"Dvaravati","BORDERPRECISION":1,"PARTOF":"Dvaravati"}},
{"type":"Feature","geometry":{"type":"MultiPolygon","coordinates":[[[[178.1755,-18.2417],[178.2733,-18.1475],[178.6933,-18.025],[178.5911,-17.6358],[178.1705,-17.3425],[177.8203,-17.3647],[177.5103,-17.5094],[177.4297,-17.7617],[177.2567,-17.8742],[177.3333,-18.1194],[177.8641,-18.2639],[178.1755,-18.2417]]],[[[179.5686,-16.7581],[179.5916,-16.5397],[179.7569,-16.4422],[180,-16.1727],[180,-16.1547],[179.7708,-16.2036],[179.5033,-16.2739],[179.4005,-16.4131],[178.9819,-16.4697],[178.7077,-16.6753],[178.6902,-16.9925],[179.2064,-16.7053],[179.3319,-16.8022],[179.5686,-16.7581]]],[[[-171.4653,-14.0528],[-171.4461,-13.9825],[-171.8223,-13.8075],[-171.9111,-14.0125],[-171.4653,-14.0528]]],[[[-172.2225,-13.5631],[-172.3608,-13.4606],[-172.7797,-13.5397],[-172.5325,-13.8008],[-172.2105,-13.8053],[-172.2225,-13.5631]]]]},"properties":{"NAME":"Tuʻi Tonga Empire","ABBREVN":"Tuʻi Tonga Empire","SUBJECTO":"Tuʻi Tonga Empire","BORDERPRECISION":1,"PARTOF":"Tuʻi Tonga Empire"}}
]}