{"type":"FeatureCollection", "features": [
{"type":"Feature","geometry":{"type":"Polygon","coordinates":[[[5.8235,49.5071],[6.2605,49.4757],[6.5114,49.6689],[6.1366,49.982],[6.1085,50.1175],[5.8338,50.0474],[5.7451,49.7553],[5.8235,49.5071]]]},"properties":{"NAME":"Luxembourg","ABBREVN":"Luxembourg","SUBJECTO":"Luxembourg","BORDERPRECISION":3,"PARTOF":"Luxembourg"}},
{"type":"Feature","geometry":{"type":"Polygon","coordinates":[[[10.3957,46.8874],[10.0515,46.8677],[9.5208,47.0694],[9.5393,47.4872],[8.9835,47.6796],[8.6508,47.783],[7.8727,47.5728],[7.5066,47.6037],[7.3334,47.4647],[6.9219,47.5141],[6.8663,47.3102],[6.3815,46.8041],[6.0584,46.6161],[6.1079,46.1255],[6.3837,46.3416],[6.7461,46.4871],[6.7765,46.4734],[6.8074,46.394],[6.9553,45.9389],[7.5068,46.0025],[7.7899,45.927],[8.0709,46.1934],[8.3816,46.2843],[8.8907,45.8662],[9.2183,46.348],[9.885,46.4025],[10.0237,46.6209],[10.3957,46.8874]]]},"properties":{"NAME":"Switzerland","ABBREVN":"Switzerland","SUBJECTO":"Switzerland","BORDERPRECISION":3,"PARTOF":"Switzerland"}},
{"type":"Feature","geometry":{"type":"MultiPolygon","coordinates":[[[[-77.2908,17.806],[-77.0503,17.9781],[-76.8055,18.0041],[-76.4677,17.8713],[-76.4264,18.1193],[-77.1559,18.3974],[-77.7695,18.5105],[-78.0864,18.478],[-78.0518,18.2175],[-77.7373,17.9321],[-77.2908,17.806]]],[[[-73.0372,21.1394],[-73.5364,21.1833],[-73.4528,20.9247],[-73.1517,20.9722],[-73.0372,21.1394]]],[[[-78.192,25.2036],[-78.1945,24.6161],[-78.3603,24.5347],[-78.0114,24.2772],[-77.7167,24.5067],[-77.9828,25.1461],[-78.192,25.2036]]],[[[-77.735,26.9144],[-77.5256,26.8564],[-77.1514,26.2553],[-77.0397,26.4978],[-77.2778,26.6233],[-77.5008,26.8629],[-77.735,26.9144]]],[[[-61.1142,10.8217],[-61.8091,10.725],[-61.6617,10.5429],[-61.6531,10.2786],[-62.0388,10.0575],[-61.536,10.0359],[-61.2067,10.1182],[-61.237,10.6296],[-61.1142,10.8217]]],[[[33.7727,35.1293],[33.9073,35.4368],[33.3737,35.3065],[32.8191,35.2817],[32.745,35.1143],[32.4831,35.1529],[32.301,35.0163],[32.2711,34.7197],[32.6034,34.6147],[33.1314,34.6803],[33.4839,34.7958],[33.7727,35.1293]]],[[[0.081,53.3862],[-0.3192,53.5789],[-0.2955,54.0332],[-0.8706,54.5472],[-1.3889,54.6805],[-1.5556,54.9216],[-1.719,55.4537],[-2.245,55.811],[-2.7421,55.9572],[-2.9805,56.3536],[-2.6671,56.471],[-2.1589,57.0143],[-1.9446,57.4017],[-2.1504,57.572],[-4.1484,57.5545],[-4.1505,57.8348],[-3.1664,58.2751],[-3.165,58.5222],[-3.8305,58.5072],[-4.5099,58.4029],[-4.9256,58.567],[-5.1127,58.3949],[-4.9071,58.169],[-5.3459,58.0927],[-5.0556,57.751],[-5.5685,57.7774],[-5.763,57.6198],[-5.4606,57.3881],[-5.7263,57.258],[-5.6253,56.9992],[-6.0435,56.4748],[-5.5466,56.6524],[-5.2707,56.5441],[-5.6331,55.9399],[-5.1346,55.8934],[-4.8484,56.0972],[-4.6233,55.908],[-4.9078,55.6639],[-4.6384,55.4279],[-5.1114,54.7941],[-4.5999,54.6878],[-3.5767,54.9245],[-3.1525,54.8381],[-3.5692,54.415],[-3.2615,54.1412],[-2.8653,54.0283],[-3.0567,53.5136],[-2.9145,53.2671],[-3.9567,53.2052],[-4.3175,53.0912],[-4.6214,52.831],[-4.1475,52.8319],[-4.1236,52.3733],[-4.2947,52.2003],[-5.0615,52.0064],[-5.2488,51.8602],[-4.999,51.7017],[-4.1593,51.6768],[-3.4991,51.4597],[-3.1728,51.4669],[-3.066,51.1777],[-3.8252,51.2348],[-4.281,51.1872],[-4.5515,50.9972],[-4.6046,50.7787],[-5.2378,50.3463],[-5.7778,50.1341],[-5.2823,49.9638],[-4.967,50.2122],[-4.5406,50.358],[-3.715,50.2193],[-3.5215,50.6174],[-2.9606,50.7218],[-2.432,50.6459],[-1.1034,50.8167],[-0.839,50.7218],[-0.3357,50.8167],[0.1918,50.7313],[1.335,51.1207],[1.3647,51.3529],[0.6862,51.5604],[1.0313,51.8127],[1.5119,52.0258],[1.6917,52.3114],[1.5857,52.65],[1.3759,52.8092],[0.7418,52.9012],[0.3268,52.7075],[0.0055,52.7867],[0.2678,53.1267],[0.081,53.3862]]],[[[-7.2255,55.1042],[-7.4978,55.0497],[-7.7562,55.2527],[-8.3454,55.0953],[-8.5037,54.7496],[-8.3006,54.4893],[-8.6867,54.3641],[-8.5901,54.2028],[-9.892,54.3256],[-10.1597,54.1331],[-9.9129,53.9696],[-9.8096,53.6324],[-10.1598,53.3741],[-9.6167,53.3459],[-9.1582,53.2207],[-9.5258,52.9046],[-9.8906,52.1944],[-10.4692,52.2066],[-10.2169,51.7583],[-9.8354,51.8033],[-9.8191,51.4346],[-9.2433,51.4726],[-8.5652,51.6155],[-7.7506,52.0327],[-6.406,52.2144],[-6.0431,52.8931],[-6.1722,53.4392],[-6.4434,53.8994],[-5.9122,54.0274],[-5.6615,54.3222],[-5.7849,54.7374],[-6.0182,55.093],[-6.6452,55.2064],[-7.2255,55.1042]]]]},"properties":{"NAME":"United Kingdom of Great Britain and Ireland","ABBREVN":"UK+Ireland","SUBJECTO":"United Kingdom of Great Britain and Ireland","BORDERPRECISION":3,"PARTOF":"United Kingdom of Great Britain and Ireland"}},
{"type":"Feature","geometry":{"type":"Polygon","coordinates":[[[91.6078,27.6415],[91.4596,27.9199],[91.1522,28.0324],[90,28.0535],[89.8634,28.2725],[89.3655,27.8761],[88.8026,27.181],[88.8675,26.9084],[89.8344,26.6854],[90,26.7787],[91.1618,26.7502],[91.9089,26.8053],[91.9989,27.193],[91.5949,27.4637],[91.6078,27.6415]]]},"properties":{"NAME":"Bhutan","ABBREVN":"Bhutan","SUBJECTO":"Bhutan","BORDERPRECISION":3,"PARTOF":"Bhutan"}},
{"type":"Feature","geometry":{"type":"Polygon","coordinates":[[[51.2878,24.4108],[51.5589,24.8157],[51.5391,25.4202],[51.5867,25.6091],[51.3577,26.029],[51.0688,25.9455],[50.8473,25.2652],[50.9649,24.7127],[50.9683,24.4362],[51.1198,24.3987],[51.2878,24.4108]]]},"properties":{"NAME":"Qatar","ABBREVN":"Qatar","SUBJECTO":"Qatar","BORDERPRECISION":3,"PARTOF":"Qatar"}},
{"type":"Feature","geometry":{"type":"Polygon","coordinates":[[[-82.1772,22.3659],[-81.5723,22.1638],[-80.7765,22.1019],[-80.4442,21.9945],[-79.7345,21.6719],[-79.3581,21.6091],[-78.7279,21.6168],[-78.5136,21.3058],[-78.4504,20.969],[-78.1574,20.8171],[-77.2912,20.7045],[-77.0987,20.5333],[-77.1766,20.3551],[-77.663,19.9028],[-77.4608,19.8714],[-76.8187,19.9364],[-76.3985,20.0199],[-75.9934,20.0017],[-75.5191,19.9074],[-75.2372,19.9334],[-74.7196,20.1125],[-74.2782,20.1515],[-74.3448,20.323],[-74.8391,20.6207],[-75.0619,20.6965],[-75.6537,20.6825],[-75.6039,21.0132],[-75.7509,21.1209],[-76.2089,21.1962],[-77.3398,21.5117],[-77.5078,21.7592],[-78.1706,22.1201],[-79.3304,22.4037],[-79.76,22.7588],[-80.7212,23.0237],[-81.4311,23.1367],[-82.0568,23.1353],[-82.9593,23.0254],[-83.6904,22.814],[-84.2564,22.5395],[-84.4347,22.323],[-84.3772,22.0561],[-84.7064,21.7696],[-84.2086,21.8276],[-83.8506,22.2098],[-83.3897,22.2235],[-82.8527,22.6378],[-82.5624,22.7084],[-82.0456,22.6967],[-81.6626,22.5068],[-82.1772,22.3659]]]},"properties":{"NAME":"Cuba","ABBREVN":"Cuba","SUBJECTO":"Cuba","BORDERPRECISION":3,"PARTOF":"Cuba"}},
{"type":"Feature","geometry":{"type":"MultiPolygon","coordinates":[[[[-156.5508,20.9747],[-156.615,20.7952],[-156.5067,20.5989],[-156.253,20.6299],[-156.1185,20.7901],[-156.5508,20.9747]]],[[[-158.4344,21.452],[-158.2976,21.2765],[-158.0468,21.4589],[-158.1791,21.6891],[-158.4344,21.452]]],[[[-168.3559,53.5495],[-168.554,53.3753],[-168.3743,53.2353],[-167.8654,53.3234],[-167.9608,53.4901],[-168.3559,53.5495]]],[[[-166.4932,53.7338],[-166.7706,54.0012],[-167.1484,53.9402],[-166.9272,53.4589],[-166.4932,53.7338]]],[[[-156.0324,20.1959],[-155.9466,19.9892],[-156.1633,19.8084],[-156.0542,19.5035],[-156.0342,19.1057],[-155.7828,18.9455],[-155.482,19.24],[-155.1372,19.3279],[-154.9477,19.4829],[-155.2117,19.8962],[-155.4788,20.0874],[-155.9313,20.2837],[-156.0324,20.1959]]],[[[-122.9003,49.0672],[-122.6056,48.8347],[-122.3453,48.0767],[-122.4859,47.6064],[-122.6628,47.469],[-123.1834,47.4883],[-122.8084,47.8276],[-122.826,48.0235],[-123.2589,48.2056],[-123.793,48.198],[-124.6753,48.3858],[-124.7261,48.1178],[-124.3088,47.4593],[-124.0542,46.2898],[-123.9947,45.7641],[-124.0717,45.0479],[-124.3313,44.072],[-124.1373,43.666],[-124.3017,43.3433],[-124.6297,43.014],[-124.5607,42.602],[-124.2494,41.9335],[-124.1526,41.5802],[-124.1791,41.1946],[-124.3672,40.7513],[-124.3648,40.3343],[-124.0328,39.9824],[-123.8197,39.6074],[-123.8921,39.4138],[-123.7963,39.0304],[-123.2216,38.5334],[-122.9908,38.1388],[-122.7586,37.9568],[-122.3746,37.8544],[-122.5581,37.5662],[-122.4941,37.3008],[-122.2533,37.0696],[-121.9321,37.009],[-121.8515,36.749],[-121.9972,36.5764],[-121.9268,36.3383],[-121.5611,36.0655],[-121.3852,35.7853],[-120.9277,35.4747],[-120.9486,35.2892],[-120.6773,35.1893],[-120.7372,34.9807],[-120.6879,34.6217],[-120.5287,34.5083],[-119.6128,34.4781],[-119.2915,34.2211],[-118.8724,34.07],[-118.6044,34.0964],[-118.4377,33.7942],[-118.0066,33.7315],[-117.4967,33.3254],[-117.3481,33.0534],[-117.3491,32.7549],[-117.1737,32.5206],[-115.9556,32.5978],[-114.8841,32.6357],[-114.6218,32.427],[-112.8234,31.8319],[-111.2412,31.3313],[-111.0889,31.3067],[-109.2113,31.2728],[-108.371,31.2776],[-108.2752,31.3227],[-108.2321,31.7243],[-106.5445,31.7021],[-105.8215,31.0692],[-105.1263,30.6146],[-104.7748,29.8269],[-104.5743,29.5797],[-104.083,29.2833],[-103.586,29.0569],[-103.209,29.0208],[-103.0221,29.092],[-102.4477,29.6874],[-102.2372,29.7778],[-101.7342,29.7488],[-101.3818,29.6044],[-101.0333,29.3262],[-100.4005,28.3111],[-100.0205,27.8422],[-99.6043,27.469],[-99.4198,26.8398],[-99.1,26.4088],[-98.6853,26.2648],[-98.1034,25.9817],[-97.7833,26.0345],[-97.26,25.8114],[-97.4514,26.2179],[-97.638,26.8469],[-97.6323,27.2284],[-97.2666,27.6743],[-97.5678,27.9089],[-97.1154,28.1069],[-96.8315,28.1584],[-96.5771,28.426],[-96.7166,28.7118],[-96.2031,28.6366],[-95.6028,28.7987],[-94.8446,29.3463],[-94.7969,29.5634],[-94.4258,29.5427],[-94.1415,29.69],[-93.4455,29.7678],[-92.6433,29.5787],[-92.1167,29.5416],[-91.951,29.832],[-91.429,29.5431],[-91.2404,29.3209],[-90,29.1087],[-89.9779,29.4062],[-89.6223,29.2843],[-89.4982,29.0957],[-89.0315,29.119],[-89.2917,29.367],[-89.5589,29.4325],[-89.686,29.7057],[-89.38,29.8734],[-89.6843,30.0904],[-89.2328,30.406],[-88.3429,30.3888],[-88.1418,30.328],[-88.0346,30.6794],[-87.7746,30.2628],[-86.3887,30.4727],[-86.0576,30.2346],[-85.7192,30.2035],[-85.4867,30.0387],[-85.3048,29.6639],[-84.7638,29.7986],[-84.3174,30.092],[-83.8862,30.0483],[-83.4924,29.6868],[-83.1182,29.2425],[-82.7789,29.1097],[-82.647,28.9065],[-82.8413,27.838],[-82.7165,27.7446],[-82.5839,27.3106],[-82.3101,26.8249],[-82.1423,26.8668],[-82.0776,26.5511],[-81.8873,26.4478],[-81.7447,25.9207],[-81.401,25.8587],[-81.1456,25.3782],[-81.0979,25.125],[-80.738,25.1302],[-80.3141,25.2439],[-80.354,25.5482],[-80.2144,25.7347],[-80.05,26.5511],[-80.0779,26.9231],[-80.4472,27.7756],[-80.6055,28.561],[-81.0259,29.2637],[-81.4054,30.0726],[-81.5115,30.7272],[-81.182,31.6404],[-80.5806,32.4968],[-80.2219,32.5357],[-79.7171,32.7974],[-79.3485,33.1097],[-79.2041,33.4597],[-78.8989,33.702],[-78.6211,33.8107],[-77.9629,33.9328],[-77.2959,34.6666],[-76.6218,34.763],[-76.5158,35.4674],[-76.141,35.3845],[-75.7292,35.8821],[-76.0937,36.2051],[-75.896,36.3977],[-75.9746,36.9372],[-76.2831,37.0558],[-76.3142,37.732],[-76.2152,37.9426],[-76.5379,38.7854],[-76.4055,39.0852],[-76.1495,39.0674],[-76.0076,38.6667],[-76.3261,38.539],[-76.0435,38.2927],[-75.8459,38.4263],[-75.6675,37.8981],[-75.8661,37.7142],[-76.0199,37.3257],[-75.8685,37.2812],[-75.652,37.5511],[-75.4308,37.993],[-75.0421,38.4975],[-75.0887,38.8418],[-75.3888,39.1327],[-74.94,39.2515],[-74.8601,38.9902],[-74.4139,39.4178],[-74.1528,39.7652],[-73.9457,40.4468],[-74.2929,40.6316],[-73.7405,40.9775],[-72.8544,41.2937],[-71.4492,41.4251],[-71.4098,41.7236],[-70.9671,41.5624],[-70.3021,41.7594],[-70.7759,42.3032],[-71.0544,42.357],[-70.7594,42.7099],[-70.8681,42.8714],[-70.5363,43.4042],[-70.3782,43.4521],[-70.2165,43.7996],[-69.8261,43.7517],[-69.6797,43.8835],[-69.2489,43.9914],[-68.8041,44.3932],[-68.131,44.5672],[-67.908,44.4772],[-67.1689,44.7112],[-66.9389,44.8793],[-67.1868,45.2523],[-67.3213,45.5649],[-67.5592,45.7722],[-67.6985,47.041],[-67.9964,47.2938],[-68.6989,47.2639],[-69.0491,47.4644],[-69.5645,46.9461],[-70.077,45.9471],[-70.5894,45.2946],[-71.2929,45.3232],[-71.5346,44.9586],[-72.0267,45.0013],[-74.7824,45.0122],[-75.4585,44.6397],[-76.1329,44.3267],[-76.2811,44.1435],[-76.289,43.8498],[-76.1739,43.6252],[-76.9375,43.237],[-77.5795,43.2164],[-77.8458,43.3498],[-78.5034,43.362],[-79.14,43.2221],[-79.0502,42.8523],[-79.1984,42.5707],[-80.0734,42.1534],[-81.0429,41.8361],[-81.8108,41.4948],[-82.5676,41.4045],[-83.4499,41.7539],[-83.2637,42.0021],[-83.056,42.027],[-83.0405,42.2434],[-82.5362,42.6122],[-82.2978,43.0287],[-82.4647,43.1954],[-82.6581,43.8396],[-82.9207,44.0573],[-83.294,43.9542],[-83.5899,43.6651],[-83.917,43.7844],[-83.3856,44.3127],[-83.2859,44.6188],[-83.4309,45.275],[-84.6338,45.751],[-84.6942,45.9842],[-83.9716,45.9505],[-83.8207,46.1504],[-84.2773,46.2658],[-84.4402,46.4587],[-84.7436,46.4684],[-85.0149,46.5578],[-85.1002,46.7487],[-85.9931,46.6722],[-86.5221,46.4754],[-87.2726,46.5119],[-87.7605,46.8639],[-88.4566,46.9197],[-88.2827,47.1425],[-88.2993,47.3991],[-89.3114,46.8814],[-89.6984,46.8244],[-90.2766,46.625],[-90.7048,46.6884],[-90.8318,46.944],[-91.8682,46.7078],[-92.111,46.7337],[-91.1503,47.3676],[-90.4567,47.7051],[-89.622,47.9684],[-90,47.9723],[-90,48.2485],[-91.1409,48.2149],[-91.6821,48.0387],[-91.91,48.083],[-92.2581,48.3267],[-92.839,48.5151],[-93.4802,48.6085],[-93.7132,48.5744],[-94.0877,48.7775],[-94.8273,49.4876],[-95.0528,49.4717],[-94.8198,49.0507],[-96.335,49.0391],[-98.2009,49.0488],[-100.4598,49.0433],[-102.6702,49.0511],[-104.2615,49.0557],[-106.4396,49.0637],[-108.4607,49.0594],[-110.6703,49.0541],[-112.529,49.0638],[-115.1646,49.0562],[-117.2152,49.0583],[-118.9872,49.0619],[-121.0518,49.0508],[-122.9003,49.0672]],[[-87.7832,42.2036],[-87.7766,42.66],[-87.9084,43.1918],[-87.7146,43.8761],[-87.5637,44.1295],[-87.3433,44.8177],[-87.8762,44.8782],[-87.1948,45.5699],[-86.7201,45.8672],[-85.8375,45.9542],[-85.3818,46.0748],[-84.9484,45.9678],[-85.0746,45.6124],[-84.9519,45.4082],[-86.0018,44.9172],[-86.2142,44.7039],[-86.3297,44.2749],[-86.4534,44.1299],[-86.5138,43.6808],[-86.2426,42.9879],[-86.2301,42.6166],[-86.5178,42.0351],[-86.8418,41.766],[-87.2245,41.6346],[-87.5538,41.7662],[-87.7832,42.2036]]],[[[-133.2807,56.2316],[-133.5178,56.2107],[-133.2663,55.8311],[-133.271,55.621],[-133.016,55.371],[-132.1738,54.8463],[-132.1772,55.2848],[-132.5547,55.4531],[-132.6333,55.9001],[-133.2807,56.2316]]],[[[-135.4839,57.3317],[-134.9457,56.4535],[-134.7638,56.7937],[-135.0023,57.3258],[-135.4839,57.3317]]],[[[-164.5645,54.3341],[-164.0719,54.6575],[-163.5727,54.6315],[-163.2064,54.7372],[-163.3602,54.9211],[-163.7428,55.0619],[-164.5609,54.8313],[-165.0097,54.528],[-164.5645,54.3341]]],[[[-161.8105,55.7831],[-162.2238,55.4977],[-162.5846,55.3887],[-162.5462,55.1453],[-162.2183,55.1324],[-161.5751,55.4786],[-160.8671,55.5748],[-160.676,55.7649],[-161.3181,55.8791],[-161.8105,55.7831]]],[[[-172.0523,63.5995],[-171.7277,63.4571],[-170.9664,63.4586],[-169.9031,63.0752],[-169.3329,63.3973],[-170.4815,63.6884],[-171.2286,63.6512],[-171.7394,63.7504],[-172.0523,63.5995]]],[[[-154.1601,56.9817],[-153.4921,57.0513],[-153.1771,57.4074],[-152.3783,57.5184],[-152.6795,57.7645],[-153.3959,57.8043],[-153.7313,57.4269],[-154.1886,57.6314],[-154.5852,57.3637],[-154.5926,57.1448],[-154.1601,56.9817]]],[[[-135.8164,57.4542],[-135.8217,57.7555],[-135.115,57.6746],[-135.3249,58.0927],[-135.6718,58.0439],[-136.0245,58.215],[-136.3001,58.1801],[-136.5964,57.9049],[-135.8164,57.4542]]],[[[-141.0593,69.5955],[-141.704,69.7344],[-143.3076,70.1968],[-145.2725,70.1164],[-146.1826,70.2681],[-147.7235,70.3267],[-149.2863,70.5392],[-150.6386,70.4751],[-152.1371,70.5339],[-152.9712,70.934],[-154.4613,70.9932],[-155.0999,71.0773],[-155.4748,70.8519],[-156.138,70.9281],[-156.0432,71.223],[-156.9047,71.3459],[-157.8119,70.9714],[-158.8552,70.8843],[-160.2403,70.8585],[-159.9047,70.4269],[-161.1876,70.4399],[-162.1772,70.2842],[-162.8791,69.9991],[-164.0672,69.0647],[-164.8902,68.935],[-166.2968,68.8796],[-166.3354,68.6614],[-166.8435,68.4052],[-164.5127,67.7967],[-163.826,67.4482],[-163.7387,67.2183],[-161.9357,67.0884],[-161.7956,66.7486],[-160.0323,66.5676],[-160.1252,66.3393],[-161.2614,66.396],[-162.2751,66.071],[-162.7585,66.0628],[-163.8431,66.1781],[-163.7824,66.5385],[-164.4631,66.5962],[-167.0242,65.9595],[-167.73,65.863],[-168.1798,65.6939],[-166.1387,65.3548],[-166.6038,65.1501],[-166.586,64.7304],[-165.7407,64.559],[-164.5999,64.6188],[-163.8834,64.5913],[-163.0252,64.4417],[-162.1366,64.7892],[-161.2906,64.9641],[-160.9022,64.8132],[-160.9439,64.5248],[-161.3729,64.4664],[-161.0063,64.1579],[-160.89,63.8568],[-161.133,63.5628],[-161.9108,63.5256],[-162.4745,63.4102],[-162.9701,63.1025],[-163.3086,63.0377],[-164.2918,63.2498],[-165.0296,62.6504],[-165.4312,62.4295],[-165.8341,61.8343],[-166.1895,61.7489],[-165.8981,61.2703],[-165.4233,61.2642],[-164.5393,60.9497],[-163.8949,61.0422],[-163.52,60.7063],[-163.9378,60.6145],[-164.8447,60.8159],[-165.128,60.5422],[-164.0274,59.7982],[-163.5364,59.8408],[-162.3781,60.1631],[-161.9891,59.7119],[-162.0601,59.2893],[-162.0039,58.8266],[-161.646,58.6825],[-161.1171,58.7455],[-160.4305,59.0022],[-159.8136,58.9412],[-159.1101,58.4875],[-158.9731,58.7703],[-158.5167,58.9989],[-158.2914,58.7302],[-157.9874,58.717],[-157.1394,58.8558],[-157.2419,58.4911],[-157.5537,58.2703],[-157.6653,57.6042],[-158.6621,57.0756],[-158.6173,56.7481],[-159.2487,56.781],[-159.7759,56.5823],[-160.1139,56.323],[-160.4573,56.1999],[-160.6074,55.9619],[-160.1694,55.8066],[-159.0769,55.992],[-158.7381,56.1896],[-158.5267,56.4485],[-157.7475,56.7702],[-156.9934,56.9149],[-156.4958,57.1002],[-156.6846,57.4007],[-155.5981,57.8962],[-154.6493,58.0765],[-154.2139,58.428],[-153.6823,58.6425],[-153.455,58.8773],[-154.1269,59.0417],[-154.2823,59.2488],[-153.7098,59.6444],[-153.1522,59.7425],[-152.8987,59.8956],[-152.8777,60.2789],[-152.1897,60.6577],[-151.3419,60.9537],[-150.7806,61.2919],[-150.3112,61.3139],[-149.3169,60.9294],[-150.4372,60.9063],[-151.1596,60.6597],[-151.415,60.2537],[-151.783,59.995],[-151.448,59.5379],[-151.7723,59.3573],[-151.388,59.2128],[-150.501,59.6158],[-150.0211,59.7138],[-149.3256,60.0275],[-148.4935,59.904],[-148.3009,60.1061],[-148.3361,60.4132],[-148.8397,60.5451],[-148.4659,60.8679],[-148.4926,61.0643],[-147.9401,61.2059],[-147.2701,60.9403],[-146.5783,60.8365],[-145.9984,60.6624],[-145.4927,60.3836],[-145.1384,60.4542],[-144.4064,60.0926],[-143.0837,60.0742],[-142.4246,60.0197],[-141.4394,60.0912],[-141.3852,59.8966],[-140.9045,59.7865],[-140.1329,59.7672],[-139.5726,59.9],[-139.3674,59.63],[-139.7851,59.5184],[-139.2001,59.2773],[-138.4457,59.1619],[-137.5767,58.6042],[-137.085,58.4468],[-136.3561,58.5239],[-136.3901,58.8408],[-136.1484,58.9033],[-135.7383,58.47],[-135.3003,58.3745],[-135.5148,58.9735],[-135.1438,59.1675],[-134.8303,58.5612],[-134.1235,58.2392],[-133.8404,57.9994],[-133.3408,57.3768],[-133.4004,57.2195],[-132.8713,57.0156],[-132.101,56.3494],[-132.2792,56.1316],[-132.2556,55.85],[-131.767,56.01],[-131.1905,56.0348],[-130.6954,55.4654],[-130.7734,55.0662],[-130.065,55.1021],[-130.0027,55.2885],[-130.1796,55.6382],[-130.1064,55.9926],[-130.2874,56.1075],[-131.7249,56.6052],[-131.9554,56.7819],[-132.707,57.6287],[-133.5028,58.4243],[-134.7911,59.214],[-135.2577,59.6703],[-135.8548,59.6463],[-136.7349,59.1205],[-137.2233,58.8822],[-138.6214,59.7781],[-139.0051,60.2584],[-140.4288,60.2299],[-140.8949,60.3888],[-140.9466,61.835],[-140.9273,63.7855],[-140.9155,64.7677],[-140.9738,66.0258],[-141.0145,68.0933],[-141.0593,69.5955]]]]},"properties":{"NAME":"United States","ABBREVN":"US","SUBJECTO":"United States","BORDERPRECISION":3,"PARTOF":"United States"}},
{"type":"Feature","geometry":{"type":"Polygon","coordinates":[[[-71.7771,19.771],[-72.1027,19.7557],[-72.9404,19.9446],[-73.4212,19.8737],[-73.3554,19.6577],[-72.9446,19.595],[-72.6765,19.3922],[-72.7594,19.0742],[-72.6984,18.9408],[-72.2978,18.662],[-72.7459,18.5085],[-74.3032,18.6959],[-74.3648,18.3779],[-73.857,18.112],[-73.4738,18.3163],[-72.9155,18.2285],[-71.9782,18.2622],[-71.677,18.0025],[-71.8953,18.614],[-71.7201,18.8949],[-71.7771,19.771]]]},"properties":{"NAME":"Haiti","ABBREVN":"Haiti","SUBJECTO":"Haiti","BORDERPRECISION":3,"PARTOF":"Haiti"}},
{"type":"Feature","geometry":{"type":"Polygon","coordinates":[[[-71.677,18.0025],[-71.4008,17.7041],[-71.0615,18.3468],[-70.621,18.5067],[-70.4774,18.2845],[-70.2992,18.2595],[-69.956,18.5017],[-68.9859,18.5102],[-68.6647,18.1994],[-68.3729,18.575],[-68.6568,18.8732],[-69.0688,19.0757],[-69.5091,19.2082],[-69.7466,19.3539],[-69.9934,19.6839],[-70.2892,19.6515],[-70.7389,19.7904],[-70.8816,19.9299],[-71.2203,19.8339],[-71.5506,19.8967],[-71.7771,19.771],[-71.7201,18.8949],[-71.8953,18.614],[-71.677,18.0025]]]},"properties":{"NAME":"Dominican Republic","ABBREVN":"Dominican Rp","SUBJECTO":"Dominican Republic","BORDERPRECISION":3,"PARTOF":"Dominican Republic"}},
{"type":"Feature","geometry":{"type":"MultiPolygon","coordinates":[[[[120.3636,14.5309],[120.4714,14.8043],[120.7064,14.7286],[120.8966,14.5511],[121.2172,14.4184],[121.105,14.253],[120.7986,14.3858],[120.5106,14.112],[120.5985,13.9216],[121.0094,13.6557],[121.3317,13.8279],[121.6249,13.8984],[122.0673,13.6516],[122.3941,13.3029],[122.492,13.4302],[122.3253,13.7792],[122.4854,13.8812],[123.0937,13.3806],[123.239,13.0252],[123.677,12.8927],[123.8189,12.9756],[123.3976,13.5274],[123.6612,13.6931],[123.6385,13.8329],[123.3592,13.953],[123.1318,13.692],[122.8563,13.8883],[122.6746,14.2691],[122.3974,14.3066],[122.1066,13.9185],[121.7288,14.1083],[121.4568,14.8827],[121.2422,15.3078],[121.3682,15.4987],[121.439,15.9181],[122.064,16.3323],[122.2033,16.5422],[122.3956,17.1143],[122.0703,17.4376],[122.0278,18.0092],[122.1472,18.2063],[122.0496,18.4475],[121.8398,18.2756],[121.5808,18.2941],[121.0364,18.5279],[120.8004,18.5528],[120.5644,18.4316],[120.3931,18.0438],[120.3115,17.0718],[120.2466,16.8747],[120.3034,16.4175],[120.2021,16.0425],[119.762,16.3591],[119.6814,16.1875],[119.813,15.9781],[119.7718,15.4698],[119.9717,14.9049],[120.3636,14.5309]]],[[[121.094,12.2011],[121.2736,12.5255],[121.3045,13.129],[121.0392,13.408],[120.3405,13.3874],[120.547,13.1528],[120.7337,12.5497],[121.094,12.2011]]],[[[125.3231,11.1239],[125.4487,11.2067],[125.3331,11.5622],[125.2464,12.2926],[124.9521,12.527],[124.264,12.4176],[124.3304,12.2081],[124.8755,11.8344],[124.8542,11.4913],[125.07,11.244],[125.3231,11.1239]]],[[[121.873,10.4684],[122.2973,10.6472],[122.7062,10.9403],[122.8968,11.1504],[122.9199,11.5253],[122.4702,11.4544],[121.9936,11.7583],[121.9663,11.231],[121.873,10.4684]]],[[[118.8646,10.0236],[119.5643,10.5016],[119.3445,11.003],[119.207,11.1297],[119.1081,10.6276],[118.8646,10.0236]]],[[[122.9416,9.0476],[123.133,9.2513],[122.9622,9.594],[123.1044,10.2296],[123.3121,10.7383],[123.2391,10.9224],[122.9202,10.8518],[122.7007,10.0318],[122.3475,9.8151],[122.3956,9.4784],[122.9416,9.0476]]],[[[117.2706,8.4508],[117.4441,8.6355],[117.8571,8.8333],[117.9672,9.1131],[118.2763,9.2662],[118.5046,9.4828],[118.5081,9.9211],[118.0885,9.431],[117.5359,9.0486],[117.2245,8.6858],[117.2706,8.4508]]],[[[126.0452,6.6082],[126.3217,7.1488],[126.3727,7.5365],[126.2799,7.7333],[126.2719,8.4258],[125.9232,8.4822],[126.0746,8.8129],[125.9339,9.1748],[125.4281,9.7836],[125.3623,9.6246],[125.461,9.053],[125.2248,8.9953],[124.9909,8.7153],[124.7416,8.918],[124.6706,8.4287],[124.3716,8.5615],[124.2104,8.4467],[124.0239,8.1096],[123.6628,8.0135],[123.6169,8.3375],[123.4859,8.496],[123.1358,8.4508],[122.7965,8.2722],[122.7363,8.0624],[122.384,7.9854],[122.0937,7.7751],[121.8488,7.1964],[121.8399,6.9676],[121.9919,6.8726],[122.4552,7.6932],[122.6351,7.7826],[122.7254,7.4524],[123.023,7.4784],[123.465,7.7907],[123.8153,7.6581],[124.0248,7.4743],[124.0736,7.2584],[123.8642,6.8513],[123.9735,6.3369],[124.2241,6.0896],[124.803,5.7859],[124.9658,6.0848],[125.1635,5.9074],[125.0728,5.7229],[125.2893,5.4883],[125.5329,5.9399],[125.466,6.2448],[125.2804,6.5938],[125.6146,7.2363],[125.7478,7.1857],[126.0452,6.6082]]]]},"properties":{"NAME":"Philippines","ABBREVN":"Philippines","SUBJECTO":"Philippines","BORDERPRECISION":3,"PARTOF":"Philippines"}},
{"type":"Feature","geometry":{"type":"Polygon","coordinates":[[[-66.9056,17.9362],[-66.4509,18.0452],[-65.9674,18.0272],[-65.7241,18.3328],[-65.9515,18.4722],[-67.0552,18.5461],[-67.1617,18.3297],[-67.152,17.9865],[-66.9056,17.9362]]]},"properties":{"NAME":"Puerto Rico","ABBREVN":"Puerto Rico","SUBJECTO":"Puerto Rico","BORDERPRECISION":3,"PARTOF":"Puerto Rico"}},
{"type":"Feature","geometry":{"type":"Polygon","coordinates":[[[-85.8397,11.0776],[-85.6463,11.1996],[-84.9033,10.9302],[-84.632,11.043],[-84.3268,11.0292],[-84.2184,10.822],[-83.8731,10.755],[-83.7466,10.8785],[-83.9141,11.2514],[-83.8831,12.1222],[-83.6881,12.9616],[-83.6624,13.7053],[-83.418,14.0681],[-83.3219,14.3861],[-83.3135,14.7675],[-83.4172,15.0009],[-84.3611,14.6407],[-84.8338,14.7714],[-85.1923,14.305],[-85.7353,13.8566],[-86.0614,14.0455],[-86.2924,13.7833],[-86.6893,13.7682],[-86.6916,13.3357],[-86.954,13.0861],[-87.4043,13.0299],[-87.5868,12.8324],[-87.2614,12.6234],[-86.4336,11.7671],[-86.0141,11.3676],[-85.8397,11.0776]]]},"properties":{"NAME":"Nicaragua","ABBREVN":"Nicaragua","SUBJECTO":"Nicaragua","BORDERPRECISION":3,"PARTOF":"Nicaragua"}},
{"type":"Feature","geometry":{"type":"Polygon","coordinates":[[[-83.7466,10.8785],[-83.8731,10.755],[-84.2184,10.822],[-84.3268,11.0292],[-84.632,11.043],[-84.9033,10.9302],[-85.6463,11.1996],[-85.8397,11.0776],[-85.8702,10.9279],[-85.6209,10.8266],[-85.6173,10.6516],[-85.8243,10.3607],[-85.7778,10.1384],[-85.5664,9.9227],[-85.3141,9.8279],[-85.0888,9.5831],[-84.8442,9.841],[-85.1156,9.9809],[-85.2555,10.3108],[-84.6313,9.8739],[-84.4925,9.5374],[-84.1823,9.491],[-83.6149,9.1516],[-83.5508,8.8276],[-83.6055,8.5478],[-83.279,8.4133],[-83.3623,8.7634],[-83.0851,8.6506],[-83.0896,8.3949],[-82.9575,8.0472],[-82.8067,8.5699],[-82.8627,8.8094],[-82.6843,8.9752],[-82.9126,9.1134],[-82.9066,9.5186],[-82.5599,9.5831],[-82.9615,10.0344],[-83.2041,10.2002],[-83.3772,10.4804],[-83.7466,10.8785]]]},"properties":{"NAME":"Costa Rica","ABBREVN":"Costa Rica","SUBJECTO":"Costa Rica","BORDERPRECISION":3,"PARTOF":"Costa Rica"}},
{"type":"Feature","geometry":{"type":"Polygon","coordinates":[[[-13.1643,8.8508],[-12.9273,8.6273],[-12.9902,8.4555],[-13.2125,8.347],[-12.8692,7.9728],[-12.2741,7.631],[-12.2639,7.3514],[-11.7494,7.0793],[-11.4654,6.8439],[-11.0263,7.3313],[-10.4934,7.8494],[-10.377,8.0756],[-10.4939,8.3706],[-10.5681,8.9868],[-10.6817,9.3294],[-10.8955,9.6078],[-11.29,9.8979],[-11.4997,9.9157],[-12.3856,9.796],[-12.6747,9.4065],[-13.1643,8.8508]]]},"properties":{"NAME":"Sierra Leone","ABBREVN":"Sierra Leone","SUBJECTO":"Sierra Leone","BORDERPRECISION":3,"PARTOF":"Sierra Leone"}},
{"type":"Feature","geometry":{"type":"Polygon","coordinates":[[[80.5629,5.9317],[80.8518,5.9513],[81.2027,6.0792],[81.5999,6.4486],[81.779,6.754],[81.8662,7.0846],[81.8049,7.3132],[81.446,7.9287],[81.3261,8.2589],[81.0601,8.4108],[81.0934,8.6269],[80.6624,9.2995],[80.3476,9.4703],[80.1781,9.4452],[80.0526,9.1139],[79.6746,8.8049],[79.8087,8.6475],[79.7242,8.4166],[79.8322,8.1031],[79.8541,7.0612],[80.0168,6.496],[80.2222,6.058],[80.5629,5.9317]]]},"properties":{"NAME":"Ceylon","ABBREVN":"Ceylon","SUBJECTO":"Ceylon","BORDERPRECISION":3,"PARTOF":"Ceylon"}},
{"type":"Feature","geometry":{"type":"Polygon","coordinates":[[[-82.5599,9.5831],[-82.9066,9.5186],[-82.9126,9.1134],[-82.6843,8.9752],[-82.8627,8.8094],[-82.8067,8.5699],[-82.9575,8.0472],[-82.7951,8.2699],[-82.3844,8.3212],[-82.1894,8.2015],[-81.6643,8.1646],[-81.5621,7.8238],[-81.1969,7.6396],[-81.0074,7.7844],[-80.8138,7.2701],[-80.4058,7.2988],[-80.2118,7.4747],[-79.9763,7.4923],[-80.0513,7.7317],[-80.4026,8.059],[-80.2694,8.3771],[-80.1187,8.3901],[-79.7121,8.616],[-79.7169,8.8831],[-79.3206,9.0401],[-79.0676,9.0343],[-78.5055,8.6859],[-78.3815,8.3949],[-78.1837,8.4133],[-78.2655,7.8857],[-77.8967,7.1718],[-77.7815,7.5107],[-77.3128,7.7594],[-77.1253,7.9804],[-77.4947,8.6615],[-77.6775,8.961],[-77.9672,9.2146],[-78.2665,9.3855],[-78.6118,9.4801],[-79.5004,9.6384],[-80.1243,9.2239],[-80.3557,9.2031],[-80.9625,8.8649],[-81.495,8.8647],[-82.2296,9.0465],[-82.326,9.4449],[-82.5599,9.5831]]]},"properties":{"NAME":"Panama","ABBREVN":"Panama","SUBJECTO":"Panama","BORDERPRECISION":3,"PARTOF":"Panama"}},
{"type":"Feature","geometry":{"type":"Polygon","coordinates":[[[-60.553,5.0091],[-60.2486,5.1508],[-59.8814,4.9495],[-60.0849,4.4588],[-59.7084,4.3974],[-59.5129,3.9663],[-59.8396,3.1633],[-59.9354,2.7305],[-59.6636,2.2045],[-59.6249,1.7343],[-58.8527,1.1541],[-58.5442,1.1877],[-58.0043,1.5596],[-57.1339,1.9017],[-56.7096,1.8915],[-57.2464,3.2551],[-57.4989,3.2853],[-57.9951,3.9626],[-57.8051,4.4851],[-57.764,4.9113],[-57.2547,4.9524],[-57.1726,5.0737],[-57.0651,5.8374],[-57.4137,6.3514],[-58.0057,6.7886],[-58.3746,6.826],[-58.5751,6.9844],[-58.6166,7.4991],[-58.8811,7.7972],[-59.8344,8.4402],[-59.8189,8.1224],[-60.5639,7.5648],[-60.5759,7.3549],[-60.2339,6.9564],[-60.3722,6.8221],[-61.0213,6.672],[-61.0451,6.2078],[-61.2548,5.8696],[-61.1088,5.6352],[-60.553,5.0091]]]},"properties":{"NAME":"Guyana","ABBREVN":"Guyana","SUBJECTO":"Guyana","BORDERPRECISION":3,"PARTOF":"Guyana"}},
{"type":"Feature","geometry":{"type":"Polygon","coordinates":[[[-10.377,8.0756],[-10.4934,7.8494],[-11.0263,7.3313],[-11.4654,6.8439],[-11.1683,6.5975],[-10.4371,6.2051],[-9.9373,5.8631],[-9.2479,5.1719],[-8.2433,4.6403],[-7.5625,4.3512],[-7.5443,4.7649],[-7.3861,5.4015],[-7.4187,5.7318],[-7.9874,6.3323],[-8.4199,6.3615],[-8.53,6.5261],[-8.3044,6.9152],[-8.3317,7.36],[-8.4565,7.5373],[-8.6728,7.5424],[-9.0132,7.1272],[-9.1574,7.139],[-9.464,7.4296],[-9.4481,7.8492],[-9.6217,8.3949],[-9.7737,8.4385],[-10.1763,8.3534],[-10.377,8.0756]]]},"properties":{"NAME":"Liberia","ABBREVN":"Liberia","SUBJECTO":"Liberia","BORDERPRECISION":3,"PARTOF":"Liberia"}},
{"type":"Feature","geometry":{"type":"Polygon","coordinates":[[[13.0172,-4.7682],[12.5698,-5.1777],[12.5327,-5.6166],[12.1997,-5.7514],[12.3394,-6.1898],[12.6415,-6.169],[12.9563,-6.0272],[13.5024,-5.9541],[14.0493,-5.9317],[15.0652,-5.9766],[16.4115,-5.9686],[16.5564,-6.0185],[16.6738,-6.5709],[16.9156,-7.2051],[17.184,-7.6867],[17.6032,-8.1164],[17.9995,-8.1014],[18.4586,-7.9906],[18.8634,-8.0454],[19.3104,-8.0427],[19.5217,-7.4566],[19.5493,-7.0306],[20.5067,-6.9931],[20.6589,-7.3863],[21.609,-7.3362],[21.7775,-7.4623],[21.6725,-7.9334],[21.858,-8.479],[21.8259,-8.9559],[21.6929,-9.4208],[21.7554,-9.6111],[22.135,-10.0602],[22.2727,-10.3391],[22.182,-10.9563],[22.2747,-11.1592],[22.5493,-11.1576],[22.936,-11.0408],[23.382,-10.9746],[23.9405,-11.0412],[24.2453,-11.0839],[24.5747,-11.438],[25.1694,-11.2755],[25.4305,-11.7317],[25.6505,-11.8194],[26.6281,-12.0552],[26.793,-12.0161],[27.1234,-11.5501],[27.4505,-12.1902],[27.6217,-12.3164],[28.0242,-12.4348],[28.4258,-12.7058],[28.8495,-13.3263],[29.0057,-13.4208],[29.7829,-13.467],[29.7741,-12.221],[29.5499,-12.2223],[29.3482,-12.427],[29.1165,-12.422],[28.9161,-12.296],[28.5397,-11.9168],[28.3149,-11.5112],[28.6196,-10.524],[28.4522,-9.5841],[28.4655,-9.3043],[28.824,-8.7301],[29.0495,-8.5444],[30.6595,-8.289],[30.3493,-7.4776],[30.1569,-7.1265],[29.7359,-6.7221],[29.517,-6.4384],[29.4621,-6.1262],[29.5078,-5.7446],[29.3165,-5.0972],[29.338,-4.1563],[29.2312,-3.8709],[29.204,-3.2163],[28.8052,-2.6147],[29.0806,-1.8122],[29.5285,-1.4345],[29.6475,-1.1795],[29.6237,-0.2452],[29.7695,0.4421],[30.0617,0.8761],[30.6206,1.3244],[31.1586,1.8043],[31.2446,2.0082],[31.0721,2.2296],[30.7701,2.2596],[30.7127,2.3737],[30.8374,3.4105],[30.7372,3.5052],[30.1578,4.0992],[29.6931,4.5159],[29.4842,4.4829],[29.2159,4.1762],[28.9084,4.4604],[28.7358,4.4658],[28.3815,4.1903],[28.0582,4.271],[27.2437,5.1624],[26.5876,4.9424],[25.4882,5.3108],[25.308,5.2526],[25.2128,4.8961],[24.9176,4.8816],[24.5296,4.9746],[24.263,4.9286],[23.4263,4.5422],[23.3039,4.5352],[22.8804,4.7614],[22.7217,4.6779],[22.4174,4.0659],[22.072,4.0257],[21.2021,4.2557],[20.5621,4.3409],[20.3322,4.4857],[20.11,4.7704],[19.5783,5.0787],[19.3623,5.052],[18.9658,4.7636],[18.6123,4.3229],[18.5472,3.3755],[18.3681,2.8341],[18.1173,2.4576],[17.9603,2.088],[17.8477,1.4962],[17.7594,0.5868],[17.5935,-0.2914],[17.4547,-0.8453],[17.012,-1.1403],[16.4635,-1.6139],[16.0979,-2.328],[15.9774,-3.028],[16.0322,-3.3518],[15.9936,-3.6699],[15.5323,-4.0922],[14.9496,-4.5597],[14.4439,-4.8869],[14.3776,-4.7919],[14.3341,-4.3027],[13.6614,-4.5419],[13.5143,-4.8034],[13.2354,-4.9195],[13.0172,-4.7682]]]},"properties":{"NAME":"Belgian Congo","ABBREVN":"Belgian Cong","SUBJECTO":"Belgium","BORDERPRECISION":3,"PARTOF":"Belgian Congo"}},
{"type":"Feature","geometry":{"type":"MultiPolygon","coordinates":[[[[11.9997,-5.0041],[12.2635,-5.47],[12.1997,-5.7514],[12.5327,-5.6166],[12.5698,-5.1777],[13.0172,-4.7682],[12.7043,-4.5286],[12.5468,-4.5867],[11.9997,-5.0041]]],[[[12.3394,-6.1898],[12.7957,-6.8606],[12.9686,-7.5148],[13.3871,-8.1557],[13.4768,-8.416],[13.4314,-8.8228],[13.1459,-9.0649],[13.0838,-9.2875],[13.2039,-9.6367],[13.6394,-10.303],[13.8163,-10.9763],[13.8132,-11.6562],[13.649,-12.1968],[13.3386,-12.6486],[13.0507,-12.7509],[12.8481,-13.1644],[12.5854,-13.4637],[12.3329,-14.3158],[12.2506,-14.9451],[12.06,-15.5937],[11.782,-15.8675],[11.8026,-16.522],[11.7813,-17.336],[12.051,-17.1826],[12.3917,-17.3903],[13.008,-17.0307],[13.3647,-17.0286],[13.7756,-17.3822],[14.0618,-17.4505],[15.0524,-17.4446],[16.6557,-17.4607],[17.8212,-17.4538],[18.4497,-17.5073],[18.7676,-17.817],[19.0473,-17.8853],[20.272,-17.8845],[20.6129,-18.016],[21.1367,-17.9875],[21.4591,-18.0237],[23.2292,-17.6637],[21.9945,-16.3803],[21.9319,-15.5351],[21.9429,-14.0728],[21.9591,-13.0746],[23.7819,-13.013],[23.8377,-12.7456],[24.0928,-12.3817],[23.9321,-12.122],[23.844,-11.6458],[23.9405,-11.0412],[23.382,-10.9746],[22.936,-11.0408],[22.5493,-11.1576],[22.2747,-11.1592],[22.182,-10.9563],[22.2727,-10.3391],[22.135,-10.0602],[21.7554,-9.6111],[21.6929,-9.4208],[21.8259,-8.9559],[21.858,-8.479],[21.6725,-7.9334],[21.7775,-7.4623],[21.609,-7.3362],[20.6589,-7.3863],[20.5067,-6.9931],[19.5493,-7.0306],[19.5217,-7.4566],[19.3104,-8.0427],[18.8634,-8.0454],[18.4586,-7.9906],[17.9995,-8.1014],[17.6032,-8.1164],[17.184,-7.6867],[16.9156,-7.2051],[16.6738,-6.5709],[16.5564,-6.0185],[16.4115,-5.9686],[15.0652,-5.9766],[14.0493,-5.9317],[13.5024,-5.9541],[12.9563,-6.0272],[12.6415,-6.169],[12.3394,-6.1898]]]]},"properties":{"NAME":"Angola","ABBREVN":"Angola","SUBJECTO":"Portugal","BORDERPRECISION":3,"PARTOF":"Angola"}},
{"type":"Feature","geometry":{"type":"Polygon","coordinates":[[[34.4944,-11.6042],[34.406,-11.3528],[34.2608,-10.3196],[34.059,-9.9412],[33.7608,-9.6989],[33.2046,-9.6578],[33.6508,-10.4433],[33.5746,-10.7108],[33.2555,-10.8653],[33.2278,-11.9463],[33.2636,-12.105],[33.5905,-12.3001],[33.5343,-12.4976],[32.9657,-12.7298],[32.8581,-13.2264],[32.7231,-13.5896],[32.9308,-13.9889],[33.1076,-14.0451],[33.1955,-14.0636],[33.6429,-14.5887],[34.2623,-14.5024],[34.4782,-14.7427],[34.5117,-15.4864],[34.2351,-15.8632],[34.3242,-16.1488],[34.8853,-16.8958],[35.2647,-17.0271],[35.2155,-16.5823],[35.3529,-16.2063],[35.6922,-16.1662],[35.7882,-16.0702],[35.8764,-14.8298],[35.6089,-14.3164],[35.0739,-13.7918],[34.7127,-13.5269],[34.5384,-13.2228],[34.3455,-12.3529],[34.4944,-11.6042]]]},"properties":{"NAME":"Malawi","ABBREVN":"Malawi","SUBJECTO":"United Kingdom of Great Britain and Ireland","BORDERPRECISION":3,"PARTOF":"Malawi"}},
{"type":"Feature","geometry":{"type":"Polygon","coordinates":[[[-69.5899,-10.9022],[-69.0907,-11.7316],[-68.6399,-12.5804],[-68.8366,-12.9119],[-68.9683,-13.529],[-68.8362,-14.1698],[-69.0056,-14.4758],[-69.2448,-14.7377],[-69.2908,-14.9412],[-69.1345,-15.3215],[-69.3005,-15.6401],[-69.2908,-15.8561],[-69.0193,-16.3817],[-69.0123,-16.6167],[-69.1404,-16.8144],[-69.5196,-17.1914],[-69.4301,-17.6038],[-69.1121,-18.053],[-68.9751,-18.3444],[-68.8882,-18.8901],[-68.7754,-19.1245],[-68.4329,-19.4591],[-68.4254,-19.5861],[-68.64,-20.4449],[-68.5279,-20.7491],[-68.1819,-21.2489],[-67.9614,-21.94],[-67.7826,-22.9044],[-67.6601,-22.9863],[-67.1889,-22.9835],[-66.1459,-21.9231],[-65.6377,-22.1678],[-64.9946,-22.1323],[-64.7556,-22.1627],[-64.4358,-22.3895],[-64.2486,-22.8775],[-63.7836,-22.0745],[-62.8764,-22.1073],[-62.61,-22.1565],[-62.1919,-20.979],[-62.1393,-20.4641],[-61.5508,-19.6412],[-61.0497,-19.5303],[-60.0685,-19.3658],[-60.0118,-19.3082],[-59.0563,-19.3281],[-58.1377,-19.8118],[-57.7771,-19.1681],[-57.6698,-18.7927],[-57.5964,-18.0426],[-57.8767,-17.4788],[-58.2056,-17.3156],[-58.4017,-17.1325],[-58.432,-16.8786],[-58.3335,-16.3697],[-60.0322,-16.3289],[-60.2129,-15.8535],[-60.2888,-14.6214],[-60.38,-14.1581],[-60.3629,-13.9039],[-60.5828,-13.7209],[-61.1105,-13.5906],[-61.6273,-13.6254],[-61.9055,-13.4491],[-62.0786,-13.1007],[-62.6537,-13.0342],[-62.9912,-12.763],[-63.6053,-12.5125],[-64.2614,-12.4719],[-64.7563,-12.0491],[-65.1221,-11.6319],[-65.2731,-11.3659],[-65.3528,-10.7119],[-65.2881,-10.1524],[-65.3087,-9.8157],[-66.306,-9.8407],[-66.8611,-10.1299],[-67.7094,-10.7386],[-68.0765,-10.7154],[-68.5022,-11.0864],[-68.662,-11.1001],[-69.1671,-10.9633],[-69.5899,-10.9022]]]},"properties":{"NAME":"Bolivia","ABBREVN":"Bolivia","SUBJECTO":"Bolivia","BORDERPRECISION":3,"PARTOF":"Bolivia"}},
{"type":"Feature","geometry":{"type":"Polygon","coordinates":[[[32.849,-26.9789],[32.896,-26.3723],[32.4997,-26.0681],[32.9449,-25.5396],[33.3473,-25.3036],[34.5848,-24.8752],[34.8837,-24.722],[35.4301,-24.2251],[35.5122,-23.939],[35.2974,-23.825],[35.4254,-23.4561],[35.5309,-22.4581],[35.5118,-22.1848],[35.2608,-22.2743],[35.2016,-21.9503],[34.9942,-21.2707],[35.1072,-20.9845],[35.0225,-20.8131],[34.699,-20.5722],[34.7262,-19.8604],[34.8468,-19.8029],[35.9148,-19.0316],[36.3136,-18.6495],[36.8923,-18],[37.2753,-17.7132],[37.8639,-17.4513],[38.1927,-17.3489],[38.859,-17.0552],[39.4713,-16.717],[39.7951,-16.424],[40.3858,-15.7363],[40.6102,-15.3545],[40.5274,-15.1831],[40.781,-14.922],[40.8486,-14.5786],[40.5992,-14.4012],[40.6033,-13.5306],[40.3658,-12.9909],[40.527,-12.5838],[40.3925,-11.5482],[40.3113,-11.345],[40.5364,-11.0267],[40.6195,-10.766],[40.4662,-10.4753],[39.7141,-11.005],[39.166,-11.1863],[38.6066,-11.4376],[38.4049,-11.4515],[37.9897,-11.2251],[37.6508,-11.7166],[37.2839,-11.7569],[36.4166,-11.7684],[36.0412,-11.4591],[35.3569,-11.6793],[34.4944,-11.6042],[34.3455,-12.3529],[34.5384,-13.2228],[34.7127,-13.5269],[35.0739,-13.7918],[35.6089,-14.3164],[35.8764,-14.8298],[35.7882,-16.0702],[35.6922,-16.1662],[35.3529,-16.2063],[35.2155,-16.5823],[35.2647,-17.0271],[34.8853,-16.8958],[34.3242,-16.1488],[34.2351,-15.8632],[34.5117,-15.4864],[34.4782,-14.7427],[34.2623,-14.5024],[33.6429,-14.5887],[33.1955,-14.0636],[33.1076,-14.0451],[32.5393,-14.2837],[31.7759,-14.5425],[31.3568,-14.723],[30.3824,-14.983],[30.2946,-15.2633],[30.48,-16.0506],[31.1271,-16.0531],[31.8923,-16.3538],[32.6487,-16.6101],[32.8478,-16.7806],[32.9275,-17.1489],[32.9804,-18.0197],[33.0396,-18.3818],[32.6899,-18.9624],[32.794,-19.5468],[33.0611,-19.9268],[32.8933,-20.2648],[32.562,-20.5719],[32.4592,-20.7887],[32.4141,-21.4312],[31.4799,-22.3841],[31.2784,-22.5569],[31.3501,-22.6392],[31.5639,-23.6044],[31.7627,-23.9149],[31.9111,-24.34],[32.0101,-24.9881],[31.9711,-25.9358],[32.0134,-26.0818],[32.0151,-26.4379],[32.1633,-27.0094],[32.849,-26.9789]]]},"properties":{"NAME":"Mozambique","ABBREVN":"Mozambique","SUBJECTO":"Portugal","BORDERPRECISION":3,"PARTOF":"Mozambique"}},
{"type":"Feature","geometry":{"type":"Polygon","coordinates":[[[44.6722,-16.2356],[44.4544,-16.2424],[44.4514,-16.7254],[44.378,-16.9226],[43.9716,-17.5527],[44.0758,-17.8766],[44.1595,-18.4039],[44.3942,-18.7911],[44.251,-19.1028],[44.5357,-19.3692],[44.5854,-19.528],[44.4703,-20.1701],[43.8165,-21.3156],[43.501,-21.4942],[43.3248,-22.1111],[43.2913,-22.4098],[43.3764,-22.6321],[43.7847,-23.2668],[43.8271,-23.4129],[43.6717,-23.9026],[43.6714,-24.2268],[43.9342,-24.5186],[44.0368,-24.9887],[44.4253,-25.3121],[44.9585,-25.3872],[45.2105,-25.66],[45.5762,-25.6211],[45.7895,-25.4109],[46.2391,-25.2637],[46.8551,-25.218],[47.2585,-24.7658],[47.4916,-24.0598],[48.0874,-22.0438],[48.6517,-20.3392],[49.0231,-19.1817],[49.3419,-18.2276],[49.4228,-17.8016],[49.4247,-17.1978],[49.7603,-16.7458],[49.8982,-16.4595],[49.685,-16.0469],[49.5977,-15.653],[49.7538,-15.3985],[50.1873,-15.9568],[50.4863,-15.4795],[50.5033,-15.3142],[50.2544,-14.7745],[50.1502,-14.4189],[49.9762,-13.3007],[49.8172,-12.8307],[49.5418,-12.7042],[49.1763,-12.2665],[48.9348,-12.4767],[48.9933,-12.7372],[48.8572,-13.2522],[48.7513,-13.4177],[48.2236,-13.7938],[48.11,-13.597],[47.9155,-13.7373],[48.049,-14.131],[47.9717,-14.2837],[47.699,-14.4432],[47.8837,-14.7161],[47.6329,-14.9836],[47.4263,-14.8251],[47.1061,-15.1436],[47.2446,-15.3657],[46.9246,-15.36],[46.1423,-15.8257],[45.7323,-15.8901],[45.4335,-16.0941],[45.1969,-16.0374],[44.9174,-16.2033],[44.6722,-16.2356]]]},"properties":{"NAME":"Madagascar (France)","ABBREVN":"Madagascar","SUBJECTO":"France","BORDERPRECISION":3,"PARTOF":"France"}},
{"type":"Feature","geometry":{"type":"Polygon","coordinates":[[[19.8428,-24.9441],[19.8383,-23.3102],[19.886,-22.1146],[20.919,-22.0577],[20.9183,-20.4556],[20.9489,-19.5208],[20.95,-18.3955],[21.4822,-18.386],[23.2863,-18.1147],[23.5654,-18.4628],[23.6596,-18.4495],[24.1063,-18.0273],[24.6351,-17.9542],[25,-17.8122],[24.7947,-17.6354],[24.1722,-17.5691],[24.0596,-17.4998],[23.2292,-17.6637],[21.4591,-18.0237],[21.1367,-17.9875],[20.6129,-18.016],[20.272,-17.8845],[19.0473,-17.8853],[18.7676,-17.817],[18.4497,-17.5073],[17.8212,-17.4538],[16.6557,-17.4607],[15.0524,-17.4446],[14.0618,-17.4505],[13.7756,-17.3822],[13.3647,-17.0286],[13.008,-17.0307],[12.3917,-17.3903],[12.051,-17.1826],[11.7813,-17.336],[11.7947,-17.8439],[12.0795,-18.4914],[12.5243,-19.0624],[12.9294,-19.7416],[13.8036,-21.4428],[14.4155,-22.2677],[14.5701,-22.7581],[14.7753,-22.7611],[14.7916,-23.4031],[14.444,-23.4117],[14.6676,-24.4215],[14.909,-25.0183],[14.8433,-25.6222],[14.9474,-26.0097],[15.1532,-26.3333],[15.0756,-26.6068],[15.4538,-27.6165],[15.6598,-27.8893],[16.3342,-28.5608],[16.6656,-28.4085],[16.8576,-28.124],[17.0085,-28.0719],[17.53,-28.3851],[17.5737,-28.7777],[17.7066,-28.8731],[18.6757,-28.8883],[19.129,-28.9476],[19.8404,-28.4442],[19.8659,-28.352],[19.8403,-26.4892],[19.8428,-24.9441]]]},"properties":{"NAME":"German South-West Africa","ABBREVN":"GerSW Africa","SUBJECTO":"German South-West Africa","BORDERPRECISION":3,"PARTOF":"German South-West Africa"}},
{"type":"Feature","geometry":{"type":"MultiPolygon","coordinates":[[[[-68.4559,-52.4202],[-69.5865,-52.1429],[-70.8587,-52.0835],[-71.7945,-52.0884],[-72.1446,-51.8324],[-72.2487,-50.8041],[-72.3329,-50.6927],[-73.158,-50.855],[-73.3866,-50.3499],[-73.5127,-49.7608],[-73.3744,-49.4269],[-72.4584,-48.8543],[-72.2938,-48.2215],[-72.4943,-47.9297],[-72.3823,-47.578],[-71.9873,-47.407],[-71.7903,-47.0942],[-71.6932,-46.6915],[-71.7645,-46.2253],[-71.7378,-45.7333],[-71.4001,-45.2789],[-71.9916,-44.895],[-71.3242,-44.8141],[-71.0689,-44.6647],[-71.2016,-44.5045],[-71.5565,-44.4549],[-71.7871,-44.1088],[-71.7009,-43.4527],[-71.7407,-43.1575],[-72.0465,-43.05],[-72.089,-42.4984],[-71.9638,-42.2988],[-71.6957,-42.1563],[-71.8048,-41.5737],[-71.8602,-40.7482],[-71.6733,-40.3379],[-71.4434,-39.2459],[-71.3628,-39.0288],[-70.8441,-38.7265],[-71.0408,-38.3072],[-71.1526,-37.8112],[-71.1588,-37.2892],[-71.0951,-36.8052],[-70.9912,-36.6647],[-70.3907,-36.1651],[-70.3558,-36.0186],[-70.4804,-35.358],[-69.8493,-34.2559],[-69.84,-33.7608],[-70.193,-32.4934],[-70.5048,-31.6891],[-70.4345,-31.257],[-70.26,-30.7165],[-69.8518,-30.3586],[-69.951,-29.3561],[-69.5807,-28.5286],[-69.1803,-28.0184],[-68.8235,-27.2671],[-68.3177,-27.2197],[-68.2543,-26.9781],[-68.4928,-26.7635],[-68.5439,-26.5352],[-68.3482,-26.1976],[-68.5147,-25.8937],[-68.5622,-25.4367],[-68.3728,-25.1118],[-68.4855,-24.744],[-68.3935,-24.6038],[-67.4195,-24.198],[-67.2575,-24.0827],[-67.0145,-23.4271],[-66.9724,-23.1411],[-67.1889,-22.9835],[-67.6601,-22.9863],[-67.7826,-22.9044],[-67.9614,-21.94],[-68.1819,-21.2489],[-68.5279,-20.7491],[-68.64,-20.4449],[-68.4254,-19.5861],[-68.4329,-19.4591],[-68.7754,-19.1245],[-68.8882,-18.8901],[-68.9751,-18.3444],[-69.1121,-18.053],[-69.4301,-17.6038],[-69.7614,-17.7773],[-69.864,-18.1971],[-69.9806,-18.3312],[-70.3636,-18.455],[-70.2085,-19.0672],[-70.1898,-19.7596],[-70.1124,-20.6934],[-70.1106,-21.7479],[-70.2339,-22.428],[-70.292,-22.9871],[-70.5732,-23.1656],[-70.5796,-23.4896],[-70.3595,-23.6607],[-70.4628,-23.9341],[-70.4977,-24.8298],[-70.3981,-25.2489],[-70.683,-25.7704],[-70.6546,-26.2595],[-70.748,-26.8759],[-70.9346,-27.7274],[-71.142,-27.9946],[-71.4301,-29.1005],[-71.2336,-29.5193],[-71.2367,-29.8496],[-71.3295,-30.1039],[-71.6816,-30.6],[-71.6954,-30.8541],[-71.5198,-32.1812],[-71.4161,-32.7526],[-71.7504,-33.1915],[-71.6157,-33.7057],[-71.8228,-33.9347],[-71.9627,-34.2462],[-72.1666,-34.9579],[-72.33,-35.2826],[-72.6288,-35.6459],[-72.8464,-36.3592],[-73.1442,-37.1558],[-73.3597,-37.3219],[-73.5841,-37.2777],[-73.6725,-37.5009],[-73.435,-37.9018],[-73.4412,-38.6284],[-73.1963,-39.4187],[-73.1938,-39.5654],[-73.7594,-40.2434],[-73.9052,-40.839],[-73.8453,-41.1528],[-73.5936,-41.6972],[-73.1777,-41.7606],[-72.8909,-41.5291],[-72.5872,-41.6183],[-72.7311,-41.9072],[-72.4659,-42.035],[-72.4381,-42.3045],[-72.7474,-42.4464],[-72.7236,-42.7996],[-72.5297,-43.0627],[-72.9985,-43.3337],[-72.9719,-43.7067],[-73.058,-44.1896],[-72.5827,-44.4398],[-72.6771,-44.7493],[-73.3141,-45.086],[-73.3314,-45.4741],[-73.4737,-45.6686],[-73.5711,-46.2649],[-73.9697,-46.7134],[-74.0418,-46.0908],[-74.189,-45.8449],[-74.5639,-45.8715],[-74.8639,-46.2286],[-75.4414,-46.5151],[-75.0219,-46.5532],[-75.0112,-46.7739],[-74.4632,-46.7988],[-73.9788,-47.0317],[-74.0868,-47.2984],[-74.328,-47.2924],[-74.5453,-47.6832],[-74.1541,-47.8386],[-73.7637,-47.7728],[-73.3605,-47.9738],[-73.4387,-48.1564],[-74.2103,-48.0081],[-74.133,-48.4773],[-74.3124,-48.7451],[-74.2716,-49.431],[-74.1866,-49.8234],[-73.9325,-49.9931],[-74.1902,-50.171],[-74.0749,-50.4734],[-73.5302,-50.4329],[-73.8894,-50.9079],[-74.2694,-50.9944],[-73.6379,-51.3562],[-73.8753,-51.5615],[-73.4081,-52.0238],[-73.1069,-52.1028],[-72.8102,-51.93],[-72.4492,-52.1611],[-72.5588,-52.5726],[-71.9503,-52.5714],[-71.678,-52.6439],[-72.7842,-52.8985],[-72.5055,-53.0642],[-72.0511,-53.07],[-71.4425,-52.8294],[-71.152,-52.9618],[-71.8723,-53.6956],[-71.4423,-53.8816],[-70.998,-53.8207],[-70.9051,-53.2341],[-70.7336,-52.8015],[-70.4156,-52.668],[-69.8952,-52.6272],[-69.483,-52.3609],[-68.4559,-52.4202]]],[[[-73.7713,-43.5088],[-73.6086,-42.9106],[-73.8305,-42.5641],[-73.4552,-42.2616],[-73.6372,-41.9668],[-74.0048,-42.0188],[-74.1686,-42.3465],[-74.1341,-42.7639],[-74.296,-43.2655],[-74.1418,-43.4452],[-73.7713,-43.5088]]],[[[-73.0804,-53.032],[-72.8449,-52.6461],[-72.869,-52.2813],[-73.5605,-52.2826],[-73.6256,-52.6078],[-73.2433,-52.5739],[-73.2806,-52.9526],[-73.0804,-53.032]]],[[[-68.7494,-54.8886],[-68.7053,-53.2346],[-68.7013,-52.7201],[-69.2205,-52.6923],[-69.4067,-52.5665],[-69.7973,-52.8529],[-70.2805,-53.0865],[-70.4647,-53.3731],[-70.3333,-53.4727],[-69.5146,-53.3446],[-69.4206,-53.5443],[-70.1455,-53.8057],[-69.8902,-54.139],[-69.3353,-54.2917],[-69.5678,-54.4593],[-70.213,-54.4338],[-70.6207,-54.5015],[-70.7215,-54.9369],[-69.861,-54.7745],[-69.214,-54.934],[-68.7494,-54.8886]]]]},"properties":{"NAME":"Chile","ABBREVN":"Chile","SUBJECTO":"Chile","BORDERPRECISION":3,"PARTOF":"Chile"}},
{"type":"Feature","geometry":{"type":"Polygon","coordinates":[[[25,-17.8122],[24.6351,-17.9542],[24.1063,-18.0273],[23.6596,-18.4495],[23.5654,-18.4628],[23.2863,-18.1147],[21.4822,-18.386],[20.95,-18.3955],[20.9489,-19.5208],[20.9183,-20.4556],[20.919,-22.0577],[19.886,-22.1146],[19.8383,-23.3102],[19.8428,-24.9441],[20.0806,-24.9745],[20.4029,-25.3287],[20.649,-25.7533],[20.7432,-26.0961],[20.5593,-26.6122],[20.5577,-26.8284],[20.7733,-26.9543],[21.528,-26.9181],[22.1724,-26.5583],[22.6371,-26.0661],[22.9384,-25.4475],[23.3335,-25.3817],[23.7736,-25.6716],[24.4773,-25.9028],[25.1131,-25.8928],[25.3759,-25.8404],[25.6124,-25.6228],[25.865,-24.8711],[26.4184,-24.6262],[26.8149,-24.3569],[26.9631,-23.7711],[27.1374,-23.6111],[27.6366,-23.3475],[28.2154,-22.7146],[28.688,-22.6292],[28.9164,-22.5198],[29.2334,-22.1873],[28.7971,-21.7829],[27.97,-21.5779],[27.7341,-21.1851],[27.6179,-20.569],[27.2668,-20.5774],[27.1271,-20.4383],[27.1021,-20.1206],[26.3573,-19.7562],[26.1037,-19.5351],[25.9341,-19.2373],[25.8235,-18.8056],[25.4189,-18.3184],[25.3453,-18.0136],[25,-17.8122]]]},"properties":{"NAME":"Botswana","ABBREVN":"Botswana","SUBJECTO":"United Kingdom of Great Britain and Ireland","BORDERPRECISION":3,"PARTOF":"Botswana"}},
{"type":"Feature","geometry":{"type":"Polygon","coordinates":[[[-54.5804,-25.7433],[-54.5969,-25.2035],[-54.4973,-24.8345],[-54.2188,-24.1215],[-54.5537,-23.8566],[-55.134,-24.0569],[-55.3492,-23.7786],[-55.6228,-22.4462],[-56.3793,-22.1393],[-56.8543,-22.339],[-57.8058,-22.154],[-57.8031,-21.83],[-57.7047,-21.1179],[-57.7516,-20.6862],[-57.9858,-20.2937],[-58.1377,-19.8118],[-59.0563,-19.3281],[-60.0118,-19.3082],[-60.0685,-19.3658],[-61.0497,-19.5303],[-61.5508,-19.6412],[-62.1393,-20.4641],[-62.1919,-20.979],[-62.61,-22.1565],[-61.4996,-23.3633],[-61.2405,-23.6159],[-60.6408,-23.9872],[-60.1129,-24.0794],[-59.8111,-24.2174],[-59.0768,-24.715],[-58.4251,-25.0288],[-58.1323,-25.1097],[-57.7099,-25.3359],[-57.7178,-25.4566],[-57.9955,-25.9981],[-58.2768,-26.3808],[-58.2036,-26.7614],[-58.6629,-27.2213],[-58.6063,-27.3417],[-58.0721,-27.1925],[-57.7989,-27.2036],[-57.3525,-27.3535],[-56.7788,-27.3946],[-56.1634,-27.245],[-55.7318,-27.4521],[-55.5735,-27.2226],[-54.9851,-26.7683],[-54.8166,-26.5577],[-54.5715,-25.8513],[-54.5804,-25.7433]]]},"properties":{"NAME":"Paraguay","ABBREVN":"Paraguay","SUBJECTO":"Paraguay","BORDERPRECISION":3,"PARTOF":"Paraguay"}},
{"type":"Feature","geometry":{"type":"MultiPolygon","coordinates":[[[[19.8428,-24.9441],[19.8403,-26.4892],[19.8659,-28.352],[19.8404,-28.4442],[19.129,-28.9476],[18.6757,-28.8883],[17.7066,-28.8731],[17.5737,-28.7777],[17.53,-28.3851],[17.0085,-28.0719],[16.8576,-28.124],[16.6656,-28.4085],[16.3342,-28.5608],[16.7883,-29.1389],[17.3543,-30.4215],[17.5665,-30.8278],[17.9039,-31.2911],[18.1786,-31.8053],[18.3357,-32.3388],[18.2315,-32.8983],[17.8676,-32.9944],[18.0731,-33.2228],[18.4591,-33.8321],[18.2929,-34.2456],[18.4872,-34.3977],[18.7242,-34.2193],[18.8401,-34.4351],[19.1814,-34.4217],[19.3209,-34.7329],[19.8838,-34.9923],[20.2561,-34.6229],[20.8469,-34.5009],[21.3455,-34.5444],[21.6693,-34.5056],[21.9972,-34.2634],[22.6818,-34.1031],[23.1889,-34.2419],[23.4992,-34.0697],[24.0847,-34.1511],[24.4299,-34.3347],[24.6935,-34.3087],[24.9286,-34.0794],[25.5159,-34.1736],[25.6185,-33.9191],[26.6587,-33.8471],[26.963,-33.713],[27.6564,-33.2539],[28.2769,-32.7632],[28.9219,-32.2979],[29.2951,-31.9094],[29.8319,-31.4316],[30.391,-30.8139],[31.297,-29.5472],[31.5631,-29.2098],[32.2347,-28.7444],[32.3932,-28.3754],[32.3455,-28.026],[32.609,-27.8983],[32.7672,-27.5166],[32.849,-26.9789],[32.1633,-27.0094],[31.9638,-27.0996],[31.9004,-27.4561],[31.3312,-27.4085],[31.1248,-27.2634],[30.8118,-26.7501],[30.9401,-26.3487],[31.2359,-25.9082],[31.3616,-25.8185],[32.0134,-26.0818],[31.9711,-25.9358],[32.0101,-24.9881],[31.9111,-24.34],[31.7627,-23.9149],[31.5639,-23.6044],[31.3501,-22.6392],[31.2784,-22.5569],[31.1246,-22.4561],[30.6792,-22.3887],[30.3018,-22.4609],[29.8564,-22.2791],[29.2334,-22.1873],[28.9164,-22.5198],[28.688,-22.6292],[28.2154,-22.7146],[27.6366,-23.3475],[27.1374,-23.6111],[26.9631,-23.7711],[26.8149,-24.3569],[26.4184,-24.6262],[25.865,-24.8711],[25.6124,-25.6228],[25.3759,-25.8404],[25.1131,-25.8928],[24.4773,-25.9028],[23.7736,-25.6716],[23.3335,-25.3817],[22.9384,-25.4475],[22.6371,-26.0661],[22.1724,-26.5583],[21.528,-26.9181],[20.7733,-26.9543],[20.5577,-26.8284],[20.5593,-26.6122],[20.7432,-26.0961],[20.649,-25.7533],[20.4029,-25.3287],[20.0806,-24.9745],[19.8428,-24.9441]],[[27.8479,-30.7863],[27.5153,-30.5339],[27.1252,-29.9828],[27.0708,-29.7987],[27.3822,-29.5235],[27.7369,-29.0699],[28.0296,-28.922],[28.6156,-28.7215],[29.389,-29.3275],[29.4362,-29.429],[28.9897,-30.1375],[28.1211,-30.5177],[28.0335,-30.7662],[27.8479,-30.7863]]],[[[14.5701,-22.7581],[14.3961,-23.0748],[14.444,-23.4117],[14.7916,-23.4031],[14.7753,-22.7611],[14.5701,-22.7581]]]]},"properties":{"NAME":"South Africa","ABBREVN":"South Africa","SUBJECTO":"United Kingdom of Great Britain and Ireland","BORDERPRECISION":3,"PARTOF":"South Africa"}},
{"type":"Feature","geometry":{"type":"Polygon","coordinates":[[[32.0134,-26.0818],[31.3616,-25.8185],[31.2359,-25.9082],[30.9401,-26.3487],[30.8118,-26.7501],[31.1248,-27.2634],[31.3312,-27.4085],[31.9004,-27.4561],[31.9638,-27.0996],[32.1633,-27.0094],[32.0151,-26.4379],[32.0134,-26.0818]]]},"properties":{"NAME":"Swaziland","ABBREVN":"Swaziland","SUBJECTO":"Swaziland","BORDERPRECISION":3,"PARTOF":"Swaziland"}},
{"type":"Feature","geometry":{"type":"Polygon","coordinates":[[[27.8479,-30.7863],[28.0335,-30.7662],[28.1211,-30.5177],[28.9897,-30.1375],[29.4362,-29.429],[29.389,-29.3275],[28.6156,-28.7215],[28.0296,-28.922],[27.7369,-29.0699],[27.3822,-29.5235],[27.0708,-29.7987],[27.1252,-29.9828],[27.5153,-30.5339],[27.8479,-30.7863]]]},"properties":{"NAME":"Lesotho","ABBREVN":"Lesotho","SUBJECTO":"Lesotho","BORDERPRECISION":3,"PARTOF":"Lesotho"}},
{"type":"Feature","geometry":{"type":"MultiPolygon","coordinates":[[[[175.3077,-37.321],[175.2008,-37.0727],[174.6448,-36.8306],[174.8573,-36.6938],[174.7869,-36.2834],[174.3479,-35.9152],[174.609,-35.789],[174.2169,-35.3368],[173.4696,-35.0319],[173.3303,-35.0844],[172.9598,-34.8639],[173.1665,-35.4209],[173.8407,-36.1361],[174.0698,-36.1887],[174.2201,-36.557],[174.7647,-37.2965],[174.7281,-37.552],[174.9451,-37.9284],[174.7135,-38.4399],[174.7486,-38.753],[174.6547,-38.9833],[173.8048,-39.4197],[173.9921,-39.6112],[174.8893,-39.9803],[175.3536,-40.3],[174.8954,-41.2961],[175.3653,-41.6616],[176.0114,-41.2553],[176.7965,-40.2714],[177.0875,-40.0399],[177.1566,-39.8542],[177.0238,-39.4452],[177.3403,-39.2272],[177.8667,-39.2069],[177.9385,-38.8296],[178.4082,-38.7712],[178.589,-38.2148],[178.5692,-37.921],[178.2413,-37.8323],[177.8429,-37.9864],[177.5284,-38.2042],[177.1342,-38.1859],[176.1292,-37.7982],[175.8377,-37.0262],[175.5347,-37.0715],[175.64,-37.4097],[175.3077,-37.321]]],[[[172.0627,-43.9231],[172.6276,-43.6923],[172.4405,-43.5094],[173.2365,-42.9856],[173.8413,-42.4883],[174.2335,-42.0112],[174.0692,-41.6959],[174.1582,-41.5162],[174.0585,-41.2914],[173.7015,-41.2536],[173.264,-41.5437],[173.1232,-41.4347],[173.0193,-41.075],[172.769,-40.8484],[172.4374,-40.7531],[172.2071,-41.0445],[172.1479,-41.5781],[171.8866,-41.8294],[171.4584,-41.9929],[171.3491,-42.2873],[171.3984,-42.5125],[171.0771,-42.7128],[171.0241,-42.8869],[169.987,-43.3595],[169.6488,-43.7408],[168.9138,-44.0972],[168.4157,-44.2209],[167.9667,-44.4802],[167.9208,-44.616],[167.1375,-45.1998],[167.2812,-45.5629],[166.8553,-45.4924],[167.0095,-45.8167],[166.5511,-45.9671],[166.5228,-46.2327],[166.8505,-46.3501],[167.2016,-46.3078],[168.1541,-46.4516],[168.4173,-46.651],[168.6996,-46.6003],[169.3993,-46.7096],[170.0441,-46.3568],[170.6116,-45.9461],[171.0245,-45.0754],[171.1712,-44.9392],[171.3779,-44.3377],[172.0627,-43.9231]]]]},"properties":{"NAME":"New Zealand","ABBREVN":"New Zealand","SUBJECTO":"New Zealand","BORDERPRECISION":3,"PARTOF":"New Zealand"}},
{"type":"Feature","geometry":{"type":"MultiPolygon","coordinates":[[[[-68.7053,-53.2346],[-68.3054,-52.9431],[-68.7013,-52.7201],[-68.7053,-53.2346]]],[[[-68.4559,-52.4202],[-69.0769,-51.4993],[-69.167,-51.1494],[-69.0409,-50.5624],[-68.706,-50.2853],[-67.8335,-49.9682],[-67.6498,-49.6209],[-67.6999,-49.3856],[-67.5776,-49.0585],[-67.2572,-48.7445],[-66.0777,-48.1421],[-65.8389,-47.868],[-65.7133,-47.3536],[-65.776,-47.2301],[-66.6709,-47.0174],[-67.3281,-46.5316],[-67.4686,-46.2659],[-67.4725,-45.9223],[-67.2253,-45.5527],[-66.6949,-45.1311],[-66.1943,-44.9815],[-65.4362,-44.8897],[-65.6366,-44.6259],[-65.2698,-44.2579],[-65.3072,-43.6014],[-65.0473,-43.3307],[-64.3093,-43.0271],[-65.0171,-42.8807],[-64.6879,-42.6487],[-64.2173,-42.6157],[-64.0011,-42.8529],[-63.6,-42.7044],[-63.729,-42.101],[-64.2937,-42.2048],[-64.2859,-42.4745],[-64.6439,-42.4367],[-64.992,-42.1934],[-65.0335,-42.0202],[-64.9414,-41.5517],[-65.1346,-41.2444],[-65.1532,-40.9753],[-64.9389,-40.8275],[-63.8419,-41.1584],[-63.4756,-41.1898],[-62.964,-41.1375],[-62.4008,-40.9249],[-62.2598,-40.8029],[-62.4658,-40.3679],[-62.4349,-40.1951],[-62.0678,-39.5558],[-62.351,-39.3331],[-62.3099,-38.8802],[-61.3607,-39.0313],[-59.5154,-38.8745],[-58.6512,-38.6942],[-57.8089,-38.3865],[-57.6434,-38.2587],[-57.5021,-37.9269],[-57.1739,-37.5821],[-56.6981,-36.9441],[-56.7997,-36.543],[-57.2936,-36.2702],[-57.4192,-35.9968],[-57.2255,-35.4363],[-57.4793,-35.2141],[-58.107,-34.961],[-58.5228,-34.5871],[-58.3397,-34.2161],[-58.3977,-33.5694],[-58.0205,-32.9642],[-58.1184,-32.1394],[-57.7752,-30.639],[-57.5757,-30.4029],[-57.1046,-29.8859],[-56.2922,-29.0684],[-55.6464,-28.4551],[-54.7547,-27.6942],[-53.9654,-27.3594],[-53.7311,-27.2183],[-53.6588,-27.0083],[-53.6165,-26.2713],[-53.9418,-25.6634],[-54.5804,-25.7433],[-54.5715,-25.8513],[-54.8166,-26.5577],[-54.9851,-26.7683],[-55.5735,-27.2226],[-55.7318,-27.4521],[-56.1634,-27.245],[-56.7788,-27.3946],[-57.3525,-27.3535],[-57.7989,-27.2036],[-58.0721,-27.1925],[-58.6063,-27.3417],[-58.6629,-27.2213],[-58.2036,-26.7614],[-58.2768,-26.3808],[-57.9955,-25.9981],[-57.7178,-25.4566],[-57.7099,-25.3359],[-58.1323,-25.1097],[-58.4251,-25.0288],[-59.0768,-24.715],[-59.8111,-24.2174],[-60.1129,-24.0794],[-60.6408,-23.9872],[-61.2405,-23.6159],[-61.4996,-23.3633],[-62.61,-22.1565],[-62.8764,-22.1073],[-63.7836,-22.0745],[-64.2486,-22.8775],[-64.4358,-22.3895],[-64.7556,-22.1627],[-64.9946,-22.1323],[-65.6377,-22.1678],[-66.1459,-21.9231],[-67.1889,-22.9835],[-66.9724,-23.1411],[-67.0145,-23.4271],[-67.2575,-24.0827],[-67.4195,-24.198],[-68.3935,-24.6038],[-68.4855,-24.744],[-68.3728,-25.1118],[-68.5622,-25.4367],[-68.5147,-25.8937],[-68.3482,-26.1976],[-68.5439,-26.5352],[-68.4928,-26.7635],[-68.2543,-26.9781],[-68.3177,-27.2197],[-68.8235,-27.2671],[-69.1803,-28.0184],[-69.5807,-28.5286],[-69.951,-29.3561],[-69.8518,-30.3586],[-70.26,-30.7165],[-70.4345,-31.257],[-70.5048,-31.6891],[-70.193,-32.4934],[-69.84,-33.7608],[-69.8493,-34.2559],[-70.4804,-35.358],[-70.3558,-36.0186],[-70.3907,-36.1651],[-70.9912,-36.6647],[-71.0951,-36.8052],[-71.1588,-37.2892],[-71.1526,-37.8112],[-71.0408,-38.3072],[-70.8441,-38.7265],[-71.3628,-39.0288],[-71.4434,-39.2459],[-71.6733,-40.3379],[-71.8602,-40.7482],[-71.8048,-41.5737],[-71.6957,-42.1563],[-71.9638,-42.2988],[-72.089,-42.4984],[-72.0465,-43.05],[-71.7407,-43.1575],[-71.7009,-43.4527],[-71.7871,-44.1088],[-71.5565,-44.4549],[-71.2016,-44.5045],[-71.0689,-44.6647],[-71.3242,-44.8141],[-71.9916,-44.895],[-71.4001,-45.2789],[-71.7378,-45.7333],[-71.7645,-46.2253],[-71.6932,-46.6915],[-71.7903,-47.0942],[-71.9873,-47.407],[-72.3823,-47.578],[-72.4943,-47.9297],[-72.2938,-48.2215],[-72.4584,-48.8543],[-73.3744,-49.4269],[-73.5127,-49.7608],[-73.3866,-50.3499],[-73.158,-50.855],[-72.3329,-50.6927],[-72.2487,-50.8041],[-72.1446,-51.8324],[-71.7945,-52.0884],[-70.8587,-52.0835],[-69.5865,-52.1429],[-68.4559,-52.4202]]],[[[-68.7053,-53.2346],[-68.7494,-54.8886],[-68.3755,-54.852],[-67.1526,-54.91],[-66.6218,-55.07],[-65.3477,-54.9132],[-65.3231,-54.7256],[-65.9004,-54.7133],[-66.4175,-54.6072],[-66.9828,-54.3407],[-67.8381,-53.7012],[-68.1297,-53.3752],[-68.7053,-53.2346]]]]},"properties":{"NAME":"Argentina","ABBREVN":"Argentina","SUBJECTO":"Argentina","BORDERPRECISION":3,"PARTOF":"Argentina"}},
{"type":"Feature","geometry":{"type":"Polygon","coordinates":[[[-24.2189,65.5337],[-23.6785,65.3167],[-22.8137,65.4709],[-21.9548,65.378],[-21.7289,65.1825],[-21.9783,64.9503],[-23.1356,64.8473],[-23.6112,64.7457],[-23.5083,64.559],[-22.2786,64.6188],[-22.0862,64.4396],[-21.4885,64.3761],[-21.8041,64.1104],[-22.5066,63.8658],[-22.3729,63.7732],[-20.4039,63.6983],[-19.8267,63.4783],[-18.6419,63.3238],[-17.9441,63.4248],[-17.5915,63.6893],[-16.5338,63.7841],[-15.6341,64.0575],[-15.2665,64.2802],[-14.8212,64.195],[-14.3659,64.4756],[-14.3481,64.6695],[-13.6942,64.7786],[-13.5256,65.1833],[-13.6469,65.4953],[-14.4001,65.5667],[-14.7541,65.6971],[-14.6407,65.9453],[-15.574,66.2068],[-15.8599,66.4187],[-16.3852,66.4544],[-16.3757,66.1321],[-16.9221,65.9776],[-18.6763,66.0912],[-19.556,65.7683],[-20.2174,66.0006],[-20.1684,65.5559],[-21.0797,65.2054],[-21.4947,65.568],[-21.2425,65.8818],[-21.7791,66.2537],[-22.6764,66.3913],[-22.8411,66.281],[-22.4741,65.9964],[-23.6083,65.9796],[-23.267,65.7249],[-23.9726,65.6871],[-24.2189,65.5337]]]},"properties":{"NAME":"Iceland","ABBREVN":"Iceland","SUBJECTO":"Iceland","BORDERPRECISION":3,"PARTOF":"Iceland"}},
{"type":"Feature","geometry":{"type":"Polygon","coordinates":[[[2.5221,51.0911],[2.8751,50.6818],[3.1228,50.8071],[3.2828,50.5243],[3.675,50.3344],[4.2196,50.2422],[4.1563,49.9658],[4.6681,49.9604],[5.4181,49.5826],[5.8235,49.5071],[5.7451,49.7553],[5.8338,50.0474],[6.1085,50.1175],[6.2984,50.2869],[6.2814,50.4976],[5.9996,50.7416],[5.6971,50.7307],[5.8239,51.1168],[5.1125,51.4055],[4.3954,51.4109],[4.173,51.3249],[3.775,51.3877],[2.9953,51.3135],[2.5221,51.0911]]]},"properties":{"NAME":"Belgium","ABBREVN":"Belgium","SUBJECTO":"Belgium","BORDERPRECISION":3,"PARTOF":"Belgium"}},
{"type":"Feature","geometry":{"type":"MultiPolygon","coordinates":[[[[-14.5098,28.05],[-13.881,28.1994],[-13.7842,28.8793],[-13.4214,29.0909],[-13.5182,29.4285],[-13.8084,29.0486],[-14.147,28.391],[-14.5098,28.05]]],[[[-15.574,28.178],[-15.9127,27.9005],[-15.574,27.7294],[-15.2112,27.9005],[-15.4047,28.1994],[-15.574,28.178]]],[[[-17.2913,28.2846],[-17.3397,28.0287],[-16.6383,28.05],[-16.082,28.5399],[-16.8801,28.3272],[-17.2913,28.2846]]],[[[-8.8061,41.8892],[-8.1573,42.087],[-7.9186,41.8892],[-7.0984,41.868],[-6.7087,41.96],[-6.5184,41.7491],[-6.1395,41.5264],[-6.2411,41.3205],[-6.7966,41.0928],[-6.8842,40.214],[-6.8783,39.7024],[-7.431,39.5205],[-6.9334,38.9613],[-7.3173,38.4996],[-7.3939,38.295],[-7.0281,38.2396],[-6.8448,38.1002],[-7.2425,37.8109],[-7.4915,37.2082],[-7.2278,37.2259],[-6.6322,37.0218],[-6.4217,36.7922],[-6.444,36.6232],[-6.2045,36.2821],[-5.6606,36.008],[-5.3867,36.11],[-5.2167,36.4096],[-4.7573,36.4861],[-4.4466,36.722],[-2.9698,36.7411],[-2.6243,36.8113],[-2.2388,36.7284],[-1.9405,36.9516],[-1.8169,37.2925],[-1.3646,37.5484],[-0.9183,37.5703],[-0.6647,38.1766],[-0.4352,38.4303],[0.1726,38.7383],[-0.1657,38.9541],[-0.3948,39.4345],[-0.1606,39.886],[0.2379,40.2402],[0.8792,41.0217],[1.3112,41.1573],[2.0807,41.2985],[2.2006,41.4461],[3.1289,41.8572],[3.0871,42.3686],[2.9365,42.4096],[2.3632,42.2935],[1.9937,42.3072],[1.7092,42.4233],[1.3644,42.4096],[1.3075,42.6352],[0.7442,42.7719],[0.5919,42.6283],[-0.1656,42.6488],[-0.612,42.7309],[-1.3973,43.0318],[-1.4914,43.2096],[-1.9146,43.3054],[-2.3674,43.3262],[-2.7684,43.5379],[-3.0072,43.5503],[-3.417,43.3757],[-3.8476,43.4392],[-4.8023,43.4694],[-5.5374,43.5775],[-5.9797,43.7054],[-6.4676,43.5627],[-7.1513,43.5549],[-7.6363,43.7214],[-7.9795,43.7401],[-8.2202,43.6172],[-8.3104,43.353],[-9.0136,43.2809],[-9.2708,43.0487],[-8.9417,42.8242],[-8.6441,42.4197],[-8.8605,42.0145],[-8.8061,41.8892]]]]},"properties":{"NAME":"Spain","ABBREVN":"Spain","SUBJECTO":"Spain","BORDERPRECISION":3,"PARTOF":"Spain"}},
{"type":"Feature","geometry":{"type":"Polygon","coordinates":[[[40.0981,43.3776],[40.5571,43.1466],[41.1226,43.0191],[41.4097,42.7882],[41.6518,42.1206],[41.6661,41.7292],[41.484,41.4365],[42.2501,41.369],[42.6938,41.5637],[42.8784,41.5455],[43.4893,41.0747],[44.3078,41.2189],[44.5737,41.1977],[45.141,41.304],[45.329,41.4423],[45.6481,41.4317],[45.8821,41.2509],[46.7757,41.1232],[46.765,41.3679],[46.4885,41.4423],[46.3289,41.6976],[46.5558,41.8785],[46.0417,42.0487],[45.7545,42.2508],[45.8077,42.538],[45.4779,42.5486],[44.978,42.772],[44.4142,42.7294],[44.0525,42.5592],[43.9249,42.7507],[43.2866,42.9422],[42.9569,43.1762],[42.5633,43.2294],[41.8293,43.2081],[41.4783,43.357],[41.1485,43.3783],[40.8081,43.5272],[40.2656,43.5911],[40.0981,43.3776]]]},"properties":{"NAME":"Georgia","ABBREVN":"Georgia","SUBJECTO":"Georgia","BORDERPRECISION":3,"PARTOF":"Georgia"}},
{"type":"Feature","geometry":{"type":"Polygon","coordinates":[[[19.3677,41.8464],[19.3088,42.1926],[19.5577,42.5473],[20.0471,42.4875],[20.3175,42.9025],[19.966,43.1034],[19.6646,43.1687],[19.2227,43.5102],[19.0469,43.5303],[18.4844,42.9778],[18.5798,42.6463],[18.5136,42.3621],[18.9099,42.2178],[19.3677,41.8464]]]},"properties":{"NAME":"Montenegro","ABBREVN":"Montenegro","SUBJECTO":"Montenegro","BORDERPRECISION":3,"PARTOF":"Montenegro"}},
{"type":"Feature","geometry":{"type":"Polygon","coordinates":[[[20.1224,39.551],[20.3847,39.9486],[20.7889,40.3348],[21.0316,40.7268],[20.707,41.0006],[20.5728,41.3011],[20.575,41.9299],[20.0471,42.4875],[19.5577,42.5473],[19.3088,42.1926],[19.3677,41.8464],[19.607,41.7615],[19.6194,41.5593],[19.417,41.3453],[19.53,41.2184],[19.5273,40.8659],[19.3392,40.5887],[19.4945,40.4027],[19.3691,40.2603],[20.0286,39.8138],[20.1224,39.551]]]},"properties":{"NAME":"Albania","ABBREVN":"Albania","SUBJECTO":"Albania","BORDERPRECISION":3,"PARTOF":"Albania"}},
{"type":"Feature","geometry":{"type":"Polygon","coordinates":[[[-7.4915,37.2082],[-7.2425,37.8109],[-6.8448,38.1002],[-7.0281,38.2396],[-7.3939,38.295],[-7.3173,38.4996],[-6.9334,38.9613],[-7.431,39.5205],[-6.8783,39.7024],[-6.8842,40.214],[-6.7966,41.0928],[-6.2411,41.3205],[-6.1395,41.5264],[-6.5184,41.7491],[-6.7087,41.96],[-7.0984,41.868],[-7.9186,41.8892],[-8.1573,42.087],[-8.8061,41.8892],[-8.9207,41.767],[-8.6941,40.9922],[-9.1179,39.644],[-9.3977,39.2304],[-9.549,38.7745],[-9.2852,38.6195],[-9.2366,38.4174],[-8.8537,38.4996],[-8.8415,37.5251],[-9.0166,37.0698],[-8.6671,37.1214],[-7.836,37.0323],[-7.4915,37.2082]]]},"properties":{"NAME":"Portugal","ABBREVN":"Portugal","SUBJECTO":"Portugal","BORDERPRECISION":3,"PARTOF":"Portugal"}},
{"type":"Feature","geometry":{"type":"MultiPolygon","coordinates":[[[[48.825,38.3096],[49.0521,38.9319],[49.0414,39.1447],[49.3393,39.283],[49.5414,39.8786],[49.5733,40.1765],[49.9137,40.3254],[50.3073,40.3254],[50.1902,40.5701],[49.8073,40.5807],[49.3499,40.953],[49.2435,41.2934],[48.6832,41.8359],[48.5521,41.6338],[48.2011,41.4636],[47.9883,41.2189],[47.3501,41.304],[47.3501,41.4423],[46.8501,41.8359],[46.5558,41.8785],[46.3289,41.6976],[46.4885,41.4423],[46.765,41.3679],[46.7757,41.1232],[45.8821,41.2509],[45.6481,41.4317],[45.329,41.4423],[45.141,41.304],[45.2439,41.07],[45.563,40.9956],[45.7119,40.8147],[45.5098,40.6233],[46.063,40.1339],[45.8928,39.9212],[46.0098,39.7616],[46.3395,39.6021],[46.7012,39.2404],[46.6011,38.9833],[47.0044,39.1825],[47.1725,39.3828],[47.8538,39.7097],[48.3683,39.4139],[48.2755,39.0718],[47.9932,38.8505],[48.3804,38.4448],[48.825,38.3096]]],[[[44.6696,39.757],[45.0287,39.309],[45.4088,39.0277],[45.7492,38.8766],[46.2844,38.8225],[45.9247,39.3574],[45.946,39.5595],[45.5737,39.5063],[45.3077,39.6021],[45.1694,39.7829],[44.6696,39.757]]]]},"properties":{"NAME":"Azerbaijan","ABBREVN":"Azerbaijan","SUBJECTO":"Azerbaijan","BORDERPRECISION":3,"PARTOF":"Azerbaijan"}},
{"type":"Feature","geometry":{"type":"Polygon","coordinates":[[[46.6011,38.9833],[46.7012,39.2404],[46.3395,39.6021],[46.0098,39.7616],[45.8928,39.9212],[46.063,40.1339],[45.5098,40.6233],[45.7119,40.8147],[45.563,40.9956],[45.2439,41.07],[45.141,41.304],[44.5737,41.1977],[44.3078,41.2189],[43.4893,41.0747],[43.8473,40.75],[43.6697,40.2946],[43.8124,40.0139],[44.4481,39.9599],[44.6696,39.757],[45.1694,39.7829],[45.3077,39.6021],[45.5737,39.5063],[45.946,39.5595],[45.9247,39.3574],[46.2844,38.8225],[46.6011,38.9833]]]},"properties":{"NAME":"Armenia","ABBREVN":"Armenia","SUBJECTO":"Armenia","BORDERPRECISION":3,"PARTOF":"Armenia"}},
{"type":"Feature","geometry":{"type":"Polygon","coordinates":[[[44.6696,39.757],[44.3489,39.6095],[44.3449,39.4144],[44.0821,39.2945],[44.2291,38.4816],[44.447,38.3849],[44.2052,37.8674],[44.4918,37.7543],[44.4712,37.4546],[44.7946,37.1318],[45.3881,35.9256],[46.211,35.7838],[45.9949,35.4009],[46.1844,35.0584],[45.6709,34.6173],[45.5062,33.7973],[46.1051,33.2101],[46.0899,32.8417],[46.5085,32.8123],[47.612,32.0311],[47.793,31.7972],[47.6982,31.2886],[47.6887,30.8821],[48.0335,30.8777],[48.0813,30.3953],[48.5536,29.9946],[48.8013,30.0827],[48.9457,30.3879],[49.2222,30.4775],[49.3214,30.1029],[49.7178,30.0021],[50.1324,30.0664],[50.3598,29.7429],[50.7047,29.4006],[50.7968,29.0133],[51.3501,28.0361],[51.6113,27.827],[51.9616,27.7769],[52.4104,27.581],[52.8908,27.0523],[53.3807,26.9096],[53.6339,26.7479],[54.0649,26.7014],[54.6461,26.3913],[54.9255,26.538],[55.0981,26.7374],[55.3401,26.7994],[55.4249,26.9631],[55.8053,27.0051],[55.8997,27.1048],[56.4309,27.1066],[56.7904,26.9739],[56.9291,26.7519],[56.935,26.4645],[57.2548,25.7933],[57.8051,25.6483],[57.9005,25.5409],[58.7444,25.536],[59.0315,25.3079],[59.3021,25.3402],[60.4796,25.2982],[60.8583,25.0957],[61.57,25.0396],[61.6735,25.6277],[61.9413,26.1564],[62.6123,26.4841],[63.0623,26.5185],[63.2405,26.6656],[63.257,27.1038],[63.1732,27.2303],[62.8798,27.2541],[62.7967,27.4314],[62.7466,28.0343],[62.671,28.2054],[61.9724,28.4808],[61.6593,28.6568],[60.8205,29.8333],[61.2043,30.2987],[61.7792,30.9052],[61.6936,31.2666],[60.88,31.4842],[60.7938,31.5789],[60.6542,32.505],[60.5401,32.9932],[60.8531,33.4838],[60.4658,33.7164],[60.4192,34.078],[60.787,34.3848],[61.2213,35.5816],[61.1187,35.9054],[61.0969,36.5416],[61.014,36.6366],[60.3463,36.6074],[59.2405,37.4478],[58.6749,37.6739],[58.095,37.728],[57.4065,37.9917],[57.2255,38.1882],[56.5173,38.2607],[56.1309,38.0483],[55.3557,38.0377],[54.9558,37.8252],[54.4666,37.3958],[54.0151,37.3483],[54.0674,36.9415],[53.7997,36.679],[53.139,36.6435],[51.7955,36.4323],[51.417,36.4557],[50.561,36.6864],[50.2522,36.8948],[50.0387,37.2247],[49.4758,37.2916],[48.8372,37.511],[48.7448,37.727],[48.825,38.3096],[48.3804,38.4448],[47.9932,38.8505],[48.2755,39.0718],[48.3683,39.4139],[47.8538,39.7097],[47.1725,39.3828],[47.0044,39.1825],[46.6011,38.9833],[46.2844,38.8225],[45.7492,38.8766],[45.4088,39.0277],[45.0287,39.309],[44.6696,39.757]]]},"properties":{"NAME":"Persia","ABBREVN":"Persia","SUBJECTO":"Persia","BORDERPRECISION":3,"PARTOF":"Persia"}},
{"type":"Feature","geometry":{"type":"Polygon","coordinates":[[[61.2213,35.5816],[60.787,34.3848],[60.4192,34.078],[60.4658,33.7164],[60.8531,33.4838],[60.5401,32.9932],[60.6542,32.505],[60.7938,31.5789],[60.88,31.4842],[61.6936,31.2666],[61.7792,30.9052],[61.2043,30.2987],[60.8205,29.8333],[61.5031,29.602],[62.3686,29.3847],[62.9464,29.3563],[63.48,29.4546],[64.0893,29.3945],[64.6449,29.4485],[65.6105,29.6128],[66.0906,29.7361],[66.2328,29.8893],[66.2773,30.2959],[66.4666,30.843],[66.9208,31.2074],[67.5699,31.1857],[67.8287,31.5363],[68.2427,31.7672],[68.4962,31.7559],[68.9466,31.5871],[69.2064,31.798],[69.2777,32.3824],[69.5079,32.9486],[69.6396,33.0509],[70.0573,33.1167],[70.2892,33.2831],[70.1914,33.6062],[69.87,33.9408],[70.0297,33.9988],[70.7925,33.9269],[71.1535,34.1384],[71.0384,34.4931],[71.0967,34.6204],[71.5128,34.9337],[71.6589,35.1251],[71.6232,35.5572],[71.3248,36.0516],[72.3727,36.7177],[72.8899,36.7861],[73.4949,36.7914],[73.7863,36.7269],[74.5205,37.0046],[74.7333,37.2094],[74.1371,37.3704],[73.4447,37.2019],[73.352,37.3417],[73.0472,37.3283],[72.7142,37.1861],[72.4482,36.9676],[72.1829,36.9388],[71.8476,36.7161],[71.467,36.7521],[71.3032,37.1704],[71.4441,37.834],[71.1494,37.8759],[71.2198,38.1448],[70.9606,38.3471],[70.7188,38.3649],[70.3341,37.9361],[70.315,37.6304],[70.0222,37.4569],[69.567,37.5053],[69.5373,37.2823],[69.3078,37.0837],[68.7065,37.1822],[68.1842,36.8993],[67.8555,36.8529],[67.5153,37.2138],[66.6766,37.2409],[65.9791,37.358],[65.7247,37.4903],[65.3369,37.2398],[64.826,37.1479],[64.6321,36.784],[64.5407,36.3381],[64.2658,36.1711],[63.1166,35.7894],[63.0627,35.4902],[62.6776,35.2655],[62.1795,35.2881],[61.2213,35.5816]]]},"properties":{"NAME":"Afghanistan","ABBREVN":"Afghanistan","SUBJECTO":"Afghanistan","BORDERPRECISION":3,"PARTOF":"Afghanistan"}},
{"type":"Feature","geometry":{"type":"Polygon","coordinates":[[[11.4707,33.1441],[11.2089,33.2515],[11.0991,33.5372],[10.7781,33.473],[10.4126,33.6311],[10.0195,34.0815],[10.574,34.6481],[10.8394,34.8012],[11.1251,35.2406],[10.989,35.6223],[10.6026,35.8889],[10.5092,36.2136],[10.9201,36.6539],[11.0394,36.909],[10.8433,36.9915],[10.5806,36.7934],[10.2715,36.7546],[10.1327,37.1047],[9.7322,37.2824],[9.4161,37.2754],[8.6367,36.8853],[8.3237,36.5206],[8.272,36.3228],[8.3126,35.0112],[8.2177,34.5848],[7.5812,34.041],[7.5306,33.8119],[7.8174,33.0636],[8.1843,32.8941],[8.5033,32.3112],[8.8607,32.1162],[9.0065,31.9073],[9.3209,30.8987],[9.5749,30.2074],[10.0626,30.5406],[10.1991,30.8846],[10.0755,31.3224],[10.1324,31.4816],[10.7949,31.9938],[11.4164,32.3277],[11.4707,33.1441]]]},"properties":{"NAME":"Tunisia","ABBREVN":"Tunisia","SUBJECTO":"Tunisia","BORDERPRECISION":3,"PARTOF":"Tunisia"}},
{"type":"Feature","geometry":{"type":"Polygon","coordinates":[[[-97.26,25.8114],[-97.7833,26.0345],[-98.1034,25.9817],[-98.6853,26.2648],[-99.1,26.4088],[-99.4198,26.8398],[-99.6043,27.469],[-100.0205,27.8422],[-100.4005,28.3111],[-101.0333,29.3262],[-101.3818,29.6044],[-101.7342,29.7488],[-102.2372,29.7778],[-102.4477,29.6874],[-103.0221,29.092],[-103.209,29.0208],[-103.586,29.0569],[-104.083,29.2833],[-104.5743,29.5797],[-104.7748,29.8269],[-105.1263,30.6146],[-105.8215,31.0692],[-106.5445,31.7021],[-108.2321,31.7243],[-108.2752,31.3227],[-108.371,31.2776],[-109.2113,31.2728],[-111.0889,31.3067],[-111.2412,31.3313],[-112.8234,31.8319],[-114.6218,32.427],[-114.8841,32.6357],[-115.9556,32.5978],[-117.1737,32.5206],[-116.9603,32.1563],[-116.6107,31.8771],[-116.7047,31.5907],[-116.1378,30.7651],[-116.0584,30.3392],[-115.8571,30.2824],[-115.6023,29.6852],[-114.9778,29.3113],[-114.2732,28.7086],[-114.0673,28.4229],[-114.1047,28.054],[-114.4792,27.7798],[-115.0546,27.8532],[-114.4779,27.2439],[-114.1533,27.1047],[-113.5853,26.7689],[-113.285,26.8077],[-112.9812,26.5031],[-112.411,26.1928],[-112.0843,25.5704],[-112.1658,25.0107],[-111.9057,24.687],[-111.3915,24.243],[-111.0159,24.0149],[-110.7837,23.7993],[-110.5024,23.66],[-110.2247,23.3999],[-110.1166,23.0696],[-109.8892,22.8666],[-109.5169,23.1916],[-109.4886,23.5731],[-109.8242,23.6932],[-110.2049,24.3155],[-110.4852,24.1496],[-110.7724,24.3778],[-110.7976,24.88],[-111.3287,25.8962],[-111.4835,26.5572],[-111.5938,26.7604],[-111.9149,26.6644],[-112.1151,27.02],[-112.2841,27.5093],[-112.5671,27.5595],[-112.7236,27.7055],[-112.8699,28.3347],[-113.3219,28.5563],[-113.5929,29.1026],[-114.0996,29.6421],[-114.3887,29.7623],[-114.6828,30.1432],[-114.7347,30.8427],[-114.9875,31.1665],[-114.8387,31.8155],[-114.1951,31.5243],[-113.9521,31.6901],[-113.6886,31.538],[-113.6617,31.3346],[-113.0521,31.1387],[-113.085,30.7698],[-113.0167,30.5664],[-112.6543,29.9185],[-112.0329,29.0613],[-111.6916,28.4961],[-111.2709,28.1091],[-110.6044,27.8561],[-110.5819,27.462],[-110.3821,27.2144],[-109.9459,27.0436],[-109.7242,26.6054],[-109.5266,26.7202],[-109.1888,26.4412],[-109.1319,26.2887],[-109.3383,25.9576],[-109.2627,25.6462],[-108.8476,25.6153],[-108.4993,25.2409],[-108.0126,24.9813],[-107.9157,24.6445],[-107.4038,24.2959],[-106.7573,23.5853],[-106.5116,23.3633],[-105.8389,22.5637],[-105.5399,22.2846],[-105.6283,21.9538],[-105.2936,21.5223],[-105.2343,21.141],[-105.4397,20.8354],[-105.291,20.6704],[-105.3928,20.5113],[-105.6704,20.3517],[-105.173,19.6599],[-104.9479,19.4378],[-104.1973,19.058],[-103.9749,18.8805],[-103.4939,18.3539],[-102.6682,18.095],[-101.9926,18.0265],[-101.4872,17.5763],[-101.2208,17.4179],[-99.9791,16.893],[-99.2092,16.7166],[-98.8562,16.5966],[-98.1456,16.1722],[-97.8809,16.052],[-97.2938,15.9643],[-96.7517,15.7811],[-96.3329,15.7502],[-95.9927,15.8654],[-95.1302,16.2995],[-94.8347,16.3192],[-94.363,16.2248],[-94.0754,16.1112],[-92.9005,15.1919],[-92.1554,14.5428],[-92.2435,15.2822],[-91.7595,16.0978],[-90,16.0978],[-90,16.8164],[-91.076,16.9205],[-91.2988,17.1637],[-91.0278,17.2782],[-91.0099,17.8362],[-89.1543,17.8312],[-88.8667,17.9006],[-88.5168,18.4872],[-88.3205,18.4944],[-88.3114,18.7415],[-88.1377,18.8944],[-87.8771,18.3809],[-87.6371,19.5747],[-87.6507,20.1899],[-87.5081,20.3902],[-86.9359,20.9764],[-86.9216,21.3006],[-87.2006,21.5289],[-87.5969,21.4835],[-88.3337,21.59],[-88.6011,21.564],[-89.0581,21.3978],[-89.8628,21.2499],[-90,21.1607],[-90,19.3815],[-91.2197,19.1025],[-91.7025,18.8235],[-91.479,18.6338],[-91.7297,18.4157],[-92.107,18.5159],[-92.0979,18.7596],[-93.0875,18.5541],[-94.242,18.2402],[-94.5899,18.2712],[-95.0833,18.7024],[-95.3431,18.7718],[-95.8439,18.7961],[-96.0123,18.9293],[-96.5788,19.9197],[-97.2234,20.7638],[-97.5042,21.1892],[-97.882,22.3326],[-97.8148,23.3753],[-97.8225,24.2081],[-97.6581,25.073],[-97.26,25.8114]]]},"properties":{"NAME":"Mexico","ABBREVN":"Mexico","SUBJECTO":"Mexico","BORDERPRECISION":3,"PARTOF":"Mexico"}},
{"type":"Feature","geometry":{"type":"Polygon","coordinates":[[[47.9114,29.8903],[47.1067,29.8118],[46.9051,29.4376],[46.5092,28.9701],[47.4386,28.8293],[47.6721,28.4432],[48.4435,28.4402],[48.1291,29.2682],[47.8036,29.1849],[47.614,29.2722],[47.8449,29.5032],[47.9114,29.8903]]]},"properties":{"NAME":"Kuwait","ABBREVN":"Kuwait","SUBJECTO":"Kuwait","BORDERPRECISION":3,"PARTOF":"Kuwait"}},
{"type":"Feature","geometry":{"type":"Polygon","coordinates":[[[100.1587,6.3401],[100.6174,6.4223],[100.6653,6.2124],[100.9841,6.0518],[100.9314,5.6766],[101.0764,5.5313],[101.3117,5.8346],[101.4729,5.5463],[101.7626,5.5862],[101.8123,5.8451],[102.0738,6.1542],[101.6796,6.4643],[101.5599,6.7395],[100.6149,6.9789],[100.3446,7.4405],[100.3019,7.8868],[100.1315,8.5321],[99.8659,8.7119],[99.898,9.0678],[99.724,9.258],[99.2985,9.1618],[99.1187,9.371],[99.0713,9.8983],[99.1862,10.4894],[99.5013,11.2461],[99.8953,12.0792],[99.8337,12.5238],[100.0232,12.9944],[99.9303,13.261],[100.2397,13.4904],[100.9087,13.4473],[100.957,13.3649],[100.8716,12.6785],[101.3291,12.5588],[101.5866,12.661],[101.9186,12.5855],[102.3239,12.1861],[102.6708,12.0377],[102.6641,12.3325],[102.4449,12.6552],[102.3345,13.2326],[102.4346,13.5381],[102.8484,14.0931],[103.083,14.2914],[103.7829,14.3781],[104.3927,14.3817],[104.921,14.3149],[105.0565,14.2395],[105.4197,14.5275],[105.4732,15.1502],[105.2143,15.6948],[104.7734,16.2702],[104.6104,16.6439],[104.5842,17.3296],[104.3887,17.6142],[104.0791,17.9108],[103.9276,18.2782],[103.8077,18.3474],[103.2245,18.4392],[103.0059,17.9934],[102.6615,17.8454],[102.02,18.121],[101.8646,18.1074],[101.1701,17.3921],[100.8884,17.6],[100.9536,18.0195],[101.2294,18.9101],[101.0971,19.5507],[100.5004,19.4393],[100.3871,19.6735],[100.4306,20.2262],[100.0012,20.4587],[99.604,20.3611],[99.1702,20.13],[98.9933,19.8622],[98.5081,19.7197],[98.0157,19.7486],[97.7888,19.398],[97.7111,18.5085],[97.3735,18.4494],[97.706,18.0513],[97.7876,17.5755],[98.3931,17.0837],[98.8236,16.3177],[98.4756,16.0045],[98.5798,15.4716],[98.137,15.1896],[98.4869,14.3723],[99.003,13.8862],[99.1336,13.3725],[99.0976,12.9721],[99.5811,11.8887],[99.5466,11.7551],[99.0919,11.0536],[98.6372,10.2886],[98.5932,10.1205],[98.6326,10.1007],[98.2506,8.9371],[98.1772,8.6002],[98.2924,8.1557],[98.5446,8.2643],[99.0245,7.8714],[99.2939,7.3192],[99.5717,7.2626],[99.663,6.71],[100.1587,6.3401]]]},"properties":{"NAME":"Rattanakosin Kingdom","ABBREVN":"Rattanakosin Kingdom","SUBJECTO":"Rattanakosin Kingdom","BORDERPRECISION":3,"PARTOF":"Rattanakosin Kingdom"}},
{"type":"Feature","geometry":{"type":"Polygon","coordinates":[[[-88.3205,18.4944],[-88.5168,18.4872],[-88.8667,17.9006],[-89.1543,17.8312],[-89.2511,15.8975],[-88.9408,15.9046],[-88.9408,16.0334],[-88.4445,16.4412],[-88.2419,17.0135],[-88.327,17.1566],[-88.2205,17.5143],[-88.3004,17.6354],[-88.1119,18.1939],[-88.1237,18.3871],[-88.3205,18.4944]]]},"properties":{"NAME":"Belize","ABBREVN":"Belize","SUBJECTO":"Belize","BORDERPRECISION":3,"PARTOF":"Belize"}},
{"type":"Feature","geometry":{"type":"Polygon","coordinates":[[[-92.1554,14.5428],[-91.5157,14.0589],[-91.242,13.9516],[-90,13.9372],[-90,13.8729],[-89.7769,14.0732],[-89.5904,14.4452],[-89.3803,14.4666],[-89.1835,14.6026],[-89.2563,14.8744],[-89.1764,15.0962],[-88.9521,15.2035],[-88.2739,15.7472],[-88.4802,15.9125],[-88.6643,15.7258],[-88.9408,15.9046],[-89.2511,15.8975],[-89.1543,17.8312],[-91.0099,17.8362],[-91.0278,17.2782],[-91.2988,17.1637],[-91.076,16.9205],[-90,16.8164],[-90,16.0978],[-91.7595,16.0978],[-92.2435,15.2822],[-92.1554,14.5428]]]},"properties":{"NAME":"Guatemala","ABBREVN":"Guatemala","SUBJECTO":"Guatemala","BORDERPRECISION":3,"PARTOF":"Guatemala"}},
{"type":"Feature","geometry":{"type":"Polygon","coordinates":[[[-88.2739,15.7472],[-88.9521,15.2035],[-89.1764,15.0962],[-89.2563,14.8744],[-89.1835,14.6026],[-89.3803,14.4666],[-89.0758,14.3902],[-88.9824,14.2019],[-88.7985,14.1662],[-88.3502,13.88],[-88.1554,14.0331],[-87.7321,13.8299],[-87.7706,13.5009],[-87.5555,13.3656],[-87.4043,13.0299],[-86.954,13.0861],[-86.6916,13.3357],[-86.6893,13.7682],[-86.2924,13.7833],[-86.0614,14.0455],[-85.7353,13.8566],[-85.1923,14.305],[-84.8338,14.7714],[-84.3611,14.6407],[-83.4172,15.0009],[-83.5272,15.2366],[-84.132,15.3751],[-84.2344,15.502],[-84.1714,15.7628],[-84.6505,15.9334],[-85.632,15.8741],[-85.8871,15.9943],[-86.372,15.8026],[-87.0214,15.8202],[-87.5706,15.908],[-87.8581,15.882],[-88.2739,15.7472]]]},"properties":{"NAME":"Honduras","ABBREVN":"Honduras","SUBJECTO":"Honduras","BORDERPRECISION":3,"PARTOF":"Honduras"}},
{"type":"Feature","geometry":{"type":"Polygon","coordinates":[[[-87.7706,13.5009],[-87.7321,13.8299],[-88.1554,14.0331],[-88.3502,13.88],[-88.7985,14.1662],[-88.9824,14.2019],[-89.0758,14.3902],[-89.3803,14.4666],[-89.5904,14.4452],[-89.7769,14.0732],[-90,13.8729],[-89.9892,13.6782],[-88.6381,13.2552],[-87.9487,13.1718],[-87.7706,13.5009]]]},"properties":{"NAME":"El Salvador","ABBREVN":"El Salvador","SUBJECTO":"El Salvador","BORDERPRECISION":3,"PARTOF":"El Salvador"}},
{"type":"Feature","geometry":{"type":"Polygon","coordinates":[[[-71.1887,11.9116],[-71.1305,12.2132],[-71.4368,12.4223],[-71.6979,12.4281],[-72.0588,12.2366],[-72.1838,11.9885],[-72.3797,11.8101],[-72.7614,11.6949],[-73.0822,11.4463],[-73.3623,11.325],[-74.2189,11.3676],[-74.3228,10.9225],[-74.7669,11.0613],[-75.0335,10.9527],[-75.4504,10.6277],[-75.5433,10.4114],[-75.7027,9.426],[-76.1577,9.3106],[-76.3834,8.9796],[-76.7635,8.6928],[-76.8515,8.4638],[-76.7023,8.1146],[-76.8582,7.93],[-77.2417,8.4757],[-77.4947,8.6615],[-77.1253,7.9804],[-77.3128,7.7594],[-77.7815,7.5107],[-77.8967,7.1718],[-77.4002,6.6704],[-77.3385,6.4291],[-77.4746,6.092],[-77.2203,5.8764],[-77.2413,5.6921],[-77.5004,5.5136],[-77.3337,5.1263],[-77.2666,4.7388],[-77.4445,4.1791],[-77.106,3.7922],[-77.8021,2.5769],[-77.9865,2.4748],[-78.4682,2.4674],[-78.6483,2.1747],[-78.4918,1.9208],[-79.0625,1.6781],[-78.9435,1.3808],[-78.2703,1.0194],[-77.626,0.7244],[-77.4493,0.4013],[-77.2897,0.2624],[-76.8501,0.1379],[-76.5486,0.1651],[-76.1479,0.3455],[-75.5256,-0.1402],[-75.1084,-0.1886],[-74.7049,-0.3769],[-74.4742,-0.5726],[-74.2867,-0.9973],[-73.605,-1.4636],[-73.457,-1.9331],[-73.0767,-2.0134],[-72.9591,-2.4513],[-72.7011,-2.5196],[-72.0108,-2.5092],[-71.6556,-2.2465],[-71.2417,-2.5173],[-70.9231,-2.3184],[-70.6941,-2.4124],[-70.0523,-2.8217],[-70.068,-2.9107],[-70.5879,-3.7909],[-70.2071,-3.8077],[-69.878,-4.187],[-69.7854,-3.9259],[-69.4676,-1.9411],[-69.3208,-1.2983],[-69.5145,-0.9498],[-69.5008,-0.6002],[-69.9838,-0.2662],[-69.983,0.4648],[-69.7114,0.5872],[-69.4026,0.6018],[-69.0424,0.534],[-69.0661,0.6991],[-69.2777,0.9204],[-69.7611,1.0446],[-69.7366,1.655],[-68.183,1.607],[-67.7893,1.6857],[-67.1797,2.0707],[-67.5385,2.6026],[-67.7678,2.8237],[-67.223,3.3355],[-67.8129,4.3047],[-67.9352,5.1432],[-67.6985,5.5197],[-67.6599,5.9714],[-67.4759,6.2077],[-67.7655,6.2441],[-68.6612,6.1434],[-69.3032,6.0061],[-70.0184,6.8284],[-70.5411,7.0542],[-71.8121,6.9703],[-71.9907,7.0837],[-72.364,7.4693],[-72.4085,7.628],[-72.3069,8.1373],[-72.3531,8.315],[-72.8776,9.2402],[-73.3368,9.1994],[-73.0174,9.7354],[-72.8317,10.3851],[-72.3862,11.1762],[-72.1126,11.1905],[-72.051,11.7218],[-71.8647,11.8115],[-71.2464,11.9588],[-71.1887,11.9116]]]},"properties":{"NAME":"Colombia","ABBREVN":"Colombia","SUBJECTO":"Colombia","BORDERPRECISION":3,"PARTOF":"Colombia"}},
{"type":"Feature","geometry":{"type":"MultiPolygon","coordinates":[[[[102.0738,6.1542],[101.8123,5.8451],[101.7626,5.5862],[101.4729,5.5463],[101.3117,5.8346],[101.0764,5.5313],[100.9314,5.6766],[100.9841,6.0518],[100.6653,6.2124],[100.6174,6.4223],[100.1587,6.3401],[100.3797,5.0214],[100.6076,4.5517],[100.5766,4.2022],[100.6643,3.9037],[101.0669,3.5361],[101.2643,3.2252],[101.3364,2.7805],[101.8926,2.3369],[102.7169,1.8812],[103.4277,1.3808],[103.6084,1.4447],[104.1756,1.3887],[103.8304,2.1696],[103.4396,2.6326],[103.3078,3.0263],[103.3078,3.7951],[103.3681,4.1828],[103.3418,4.8054],[102.8023,5.5604],[102.3251,6.0994],[102.0738,6.1542]]],[[[109.5175,1.8205],[109.6475,1.4643],[110.2112,0.8893],[110.5486,0.726],[110.9659,0.9128],[111.562,0.7638],[111.9797,0.9951],[112.4,1.4298],[112.8095,1.4132],[113.2963,1.2],[113.6768,1.1451],[113.8865,1.3052],[114.4847,1.4613],[114.6589,1.5958],[115.0763,2.3991],[115.0419,2.7357],[115.1399,2.8888],[115.4309,2.9985],[115.53,3.1707],[115.4818,3.6153],[115.5355,3.8698],[115.7068,4.1567],[116.027,4.2349],[116.6566,4.1624],[117.1381,4.1525],[117.5587,3.9807],[117.5892,4.0484],[118.1124,4.1448],[118.3912,4.3742],[117.9918,4.6846],[118.1084,4.939],[118.6828,4.9149],[118.8813,4.9788],[119.0426,5.1698],[118.377,5.6385],[117.7616,5.58],[117.8665,5.9043],[117.3701,5.7889],[117.5409,6.2404],[117.5071,6.3928],[117.1681,6.6144],[116.889,6.6456],[116.5956,6.8991],[116.3378,6.3585],[115.9708,5.8811],[115.7871,5.7401],[115.7173,5.4676],[115.2917,5.454],[115.2031,5.2759],[115.4178,5.1111],[115.3614,4.8759],[114.9615,4.8765],[115.1613,4.3094],[114.6059,4.1205],[114.4337,3.9983],[114.1393,4.2316],[114.0737,4.455],[113.8148,4.2626],[113.4231,3.7598],[113.1875,3.6146],[112.9517,3.1552],[112.7592,3.0086],[111.6345,2.7202],[111.3718,2.5989],[110.8934,1.5113],[111.1199,1.2703],[110.8176,1.2443],[110.2895,1.5164],[109.7231,1.6168],[109.5175,1.8205]]]]},"properties":{"NAME":"Malaya","ABBREVN":"Malaya","SUBJECTO":"Malaya","BORDERPRECISION":3,"PARTOF":"Malaya"}},
{"type":"Feature","geometry":{"type":"Polygon","coordinates":[[[-56.7096,1.8915],[-55.7935,1.7253],[-56.0687,2.1814],[-55.9011,2.3985],[-55.4239,2.2805],[-54.8606,2.481],[-54.3883,2.2613],[-54.1683,2.6949],[-53.9773,3.3571],[-53.9902,3.5541],[-54.2249,3.9342],[-54.3661,4.6899],[-54.3042,4.9573],[-54.1284,5.2952],[-53.8369,5.6895],[-54.5697,5.9635],[-54.8948,5.9946],[-55.8098,5.999],[-55.9108,5.7763],[-56.1202,5.795],[-56.7464,6.0033],[-57.0651,5.8374],[-57.1726,5.0737],[-57.2547,4.9524],[-57.764,4.9113],[-57.8051,4.4851],[-57.9951,3.9626],[-57.4989,3.2853],[-57.2464,3.2551],[-56.7096,1.8915]]]},"properties":{"NAME":"Suriname","ABBREVN":"Suriname","SUBJECTO":"Suriname","BORDERPRECISION":3,"PARTOF":"Suriname"}},
{"type":"Feature","geometry":{"type":"Polygon","coordinates":[[[-51.6234,4.2159],[-52.0979,4.6915],[-52.6669,5.1796],[-53.0267,5.4267],[-53.8369,5.6895],[-54.1284,5.2952],[-54.3042,4.9573],[-54.3661,4.6899],[-54.2249,3.9342],[-53.9902,3.5541],[-53.9773,3.3571],[-54.1683,2.6949],[-54.3883,2.2613],[-53.9947,2.003],[-53.5979,2.2787],[-53.0982,2.1037],[-52.8464,2.0925],[-52.5028,2.495],[-52.1128,3.2856],[-51.6167,4.026],[-51.6234,4.2159]]]},"properties":{"NAME":"French Guiana","ABBREVN":"Fr Guiana","SUBJECTO":"French Guiana","BORDERPRECISION":3,"PARTOF":"French Guiana"}},
{"type":"Feature","geometry":{"type":"MultiPolygon","coordinates":[[[[9.8812,2.0583],[9.8513,1.8771],[9.3704,1.1707],[9.6222,1.0886],[9.629,0.8895],[11.2388,0.9102],[11.2177,2.0543],[9.8812,2.0583]]],[[[8.5763,3.0665],[8.8272,3.6119],[8.4781,3.5574],[8.3581,3.3174],[8.3581,3.0883],[8.5763,3.0665]]]]},"properties":{"NAME":"Equatorial Guinea","ABBREVN":"Eq Guinea","SUBJECTO":"Equatorial Guinea","BORDERPRECISION":3,"PARTOF":"Equatorial Guinea"}},
{"type":"Feature","geometry":{"type":"Polygon","coordinates":[[[-80.2289,-3.4712],[-80.2446,-3.95],[-80.3497,-4.1031],[-80.2585,-4.414],[-79.6917,-4.4615],[-79.5515,-4.575],[-79.2862,-5.0119],[-78.9983,-5.0102],[-78.878,-4.8697],[-78.4337,-3.7422],[-78.0405,-3.2187],[-77.6766,-2.9941],[-77.2711,-2.8328],[-76.6572,-2.6576],[-76.2069,-2.3181],[-75.8871,-1.992],[-75.6472,-1.641],[-75.4009,-1.1247],[-75.2067,-0.8375],[-75.5256,-0.1402],[-76.1479,0.3455],[-76.5486,0.1651],[-76.8501,0.1379],[-77.2897,0.2624],[-77.4493,0.4013],[-77.626,0.7244],[-78.2703,1.0194],[-78.9435,1.3808],[-79.376,1.0165],[-79.7769,0.8631],[-80.0856,0.818],[-80.0462,0.4304],[-80.109,0.049],[-80.4031,-0.2249],[-80.4823,-0.4856],[-80.3388,-0.6632],[-80.9661,-1.0331],[-80.7539,-1.452],[-80.8163,-1.8589],[-80.7412,-2.1192],[-80.961,-2.3548],[-80.7776,-2.5387],[-80.3573,-2.7284],[-79.839,-2.346],[-79.7618,-2.797],[-80.0252,-3.2742],[-80.2289,-3.4712]]]},"properties":{"NAME":"Ecuador","ABBREVN":"Ecuador","SUBJECTO":"Ecuador","BORDERPRECISION":3,"PARTOF":"Ecuador"}},
{"type":"Feature","geometry":{"type":"Polygon","coordinates":[[[-69.5899,-10.9022],[-70.2936,-11.0716],[-70.5645,-10.8889],[-70.6131,-10.7304],[-70.5428,-9.5227],[-70.6895,-9.5744],[-71.3243,-10.0166],[-72.1539,-10.0024],[-72.1969,-9.7041],[-72.4458,-9.4768],[-73.1207,-9.4045],[-72.9161,-9.0411],[-73.8421,-7.5787],[-73.89,-7.3248],[-73.7788,-7.0445],[-73.0619,-6.5192],[-73.1919,-6.0815],[-72.7693,-5.1448],[-72.2862,-4.8686],[-71.4338,-4.5204],[-71.1324,-4.5504],[-70.5491,-4.2673],[-69.9703,-4.4164],[-69.878,-4.187],[-70.2071,-3.8077],[-70.5879,-3.7909],[-70.068,-2.9107],[-70.0523,-2.8217],[-70.6941,-2.4124],[-70.9231,-2.3184],[-71.2417,-2.5173],[-71.6556,-2.2465],[-72.0108,-2.5092],[-72.7011,-2.5196],[-72.9591,-2.4513],[-73.0767,-2.0134],[-73.457,-1.9331],[-73.605,-1.4636],[-74.2867,-0.9973],[-74.4742,-0.5726],[-74.7049,-0.3769],[-75.1084,-0.1886],[-75.5256,-0.1402],[-75.2067,-0.8375],[-75.4009,-1.1247],[-75.6472,-1.641],[-75.8871,-1.992],[-76.2069,-2.3181],[-76.6572,-2.6576],[-77.2711,-2.8328],[-77.6766,-2.9941],[-78.0405,-3.2187],[-78.4337,-3.7422],[-78.878,-4.8697],[-78.9983,-5.0102],[-79.2862,-5.0119],[-79.5515,-4.575],[-79.6917,-4.4615],[-80.2585,-4.414],[-80.3497,-4.1031],[-80.2446,-3.95],[-80.2289,-3.4712],[-80.5829,-3.6566],[-81.0418,-4.0516],[-81.3036,-4.3317],[-81.4176,-4.6751],[-81.3015,-4.9989],[-80.8762,-5.5889],[-80.8881,-5.9003],[-81.1623,-5.9136],[-81.297,-6.0409],[-80.6116,-6.3699],[-80.0659,-6.7563],[-79.7971,-7.1941],[-79.0602,-8.2155],[-78.3021,-9.6689],[-77.7587,-10.6589],[-77.6916,-10.8367],[-77.7072,-11.256],[-77.3355,-11.5094],[-76.7106,-12.7597],[-76.3592,-13.2291],[-76.238,-13.502],[-76.2418,-14.1056],[-75.7853,-14.7272],[-75.2309,-15.2216],[-74.0496,-16.045],[-73.283,-16.3674],[-71.8632,-17.1203],[-71.6119,-17.2215],[-71.3652,-17.6974],[-71.224,-17.8051],[-70.5841,-18.0833],[-70.3636,-18.455],[-69.9806,-18.3312],[-69.864,-18.1971],[-69.7614,-17.7773],[-69.4301,-17.6038],[-69.5196,-17.1914],[-69.1404,-16.8144],[-69.0123,-16.6167],[-69.0193,-16.3817],[-69.2908,-15.8561],[-69.3005,-15.6401],[-69.1345,-15.3215],[-69.2908,-14.9412],[-69.2448,-14.7377],[-69.0056,-14.4758],[-68.8362,-14.1698],[-68.9683,-13.529],[-68.8366,-12.9119],[-68.6399,-12.5804],[-69.0907,-11.7316],[-69.5899,-10.9022]]]},"properties":{"NAME":"Peru","ABBREVN":"Peru","SUBJECTO":"Peru","BORDERPRECISION":3,"PARTOF":"Peru"}},
{"type":"Feature","geometry":{"type":"MultiPolygon","coordinates":[[[[-54.5804,-25.7433],[-53.9418,-25.6634],[-53.6165,-26.2713],[-53.6588,-27.0083],[-53.7311,-27.2183],[-53.9654,-27.3594],[-54.7547,-27.6942],[-55.6464,-28.4551],[-56.2922,-29.0684],[-57.1046,-29.8859],[-57.5757,-30.4029],[-57.328,-30.4015],[-56.7464,-30.2458],[-56.4151,-30.4534],[-55.8741,-31.1743],[-55.4406,-30.9749],[-55.0821,-31.411],[-54.5567,-31.5858],[-54.1072,-31.85],[-53.8939,-32.0456],[-53.2359,-32.9371],[-53.567,-33.4025],[-53.4056,-33.8795],[-52.9214,-33.4386],[-52.3507,-32.6752],[-52.0422,-31.5566],[-51.6023,-31.2317],[-51.4454,-31.0154],[-51.2324,-30.2654],[-50.5817,-30.4165],[-50.854,-30.9379],[-51.333,-31.4598],[-51.4774,-31.8235],[-50.8061,-31.1919],[-50.4687,-30.7402],[-49.9363,-29.6274],[-49.5465,-29.1565],[-48.9373,-28.6978],[-48.7284,-28.3671],[-48.5639,-27.6806],[-48.6026,-26.6769],[-48.7754,-26.385],[-48.6106,-26.2449],[-48.5162,-25.8763],[-48.7245,-25.4256],[-48.3444,-25.3994],[-48.1255,-25.2909],[-47.8862,-24.9855],[-46.2062,-23.8828],[-45.7953,-23.7358],[-45.4592,-23.8558],[-45.1482,-23.493],[-44.6575,-23.2633],[-44.5613,-22.9899],[-43.8152,-22.9565],[-42.9674,-23.031],[-42.5271,-22.9538],[-41.9578,-22.9208],[-41.9292,-22.5459],[-41.5249,-22.2528],[-40.9835,-22.0864],[-41.0481,-21.6609],[-40.9328,-21.2794],[-40.4783,-20.6494],[-40.1398,-19.9752],[-39.8355,-19.7014],[-39.6913,-19.4088],[-39.8014,-18.7483],[-39.6661,-18.227],[-39.4842,-17.9978],[-39.1425,-17.7747],[-39.225,-17.4445],[-39.2077,-17.1458],[-38.9482,-16.0016],[-39.1262,-14.3245],[-39.0697,-13.7208],[-38.8279,-12.9832],[-38.7989,-12.6273],[-38.2661,-12.8867],[-37.6366,-11.9513],[-37.4097,-11.4679],[-37.3621,-11.131],[-37.1865,-10.8447],[-36.8289,-10.7359],[-35.5986,-9.6276],[-35.3656,-9.2459],[-35.1142,-8.6607],[-35.005,-8.2792],[-34.8907,-7.6118],[-34.9184,-7.167],[-35.0391,-6.6526],[-35.4644,-5.2683],[-35.6648,-5.1797],[-36.6359,-5.1183],[-37.1806,-4.9543],[-37.7348,-4.5297],[-38.7864,-3.6043],[-39.0501,-3.4078],[-39.7218,-3.009],[-40.2309,-2.8512],[-41.1025,-2.9738],[-41.6056,-2.9368],[-42.3165,-2.8176],[-43.0681,-2.4507],[-43.334,-2.4322],[-43.7819,-2.6365],[-44.2221,-2.7772],[-44.5934,-3.1466],[-44.711,-2.7592],[-44.4617,-2.2694],[-44.7959,-1.7364],[-45.0756,-1.6035],[-45.3713,-1.7567],[-45.6426,-1.3633],[-46.4899,-1.0347],[-46.9283,-0.9276],[-47.2371,-0.6804],[-47.4745,-0.7699],[-48.0425,-0.8156],[-48.3895,-1.4137],[-49.2211,-2.1081],[-49.4152,-2.0959],[-49.2906,-1.7906],[-49.6223,-1.9247],[-50.3993,-1.9645],[-50.6431,-1.8825],[-50.842,-1.5143],[-50.9768,-1.1143],[-51.5678,-1.446],[-52.0216,-1.5677],[-51.7742,-0.8555],[-51.5294,-0.4292],[-51.1704,-0.0789],[-50.6468,0.2717],[-50.1201,1.0545],[-49.8843,1.2139],[-49.881,1.5761],[-49.9692,1.7284],[-50.4091,1.8228],[-50.6881,2.2162],[-50.9004,2.8385],[-51.2093,4.0707],[-51.4393,4.3244],[-51.6234,4.2159],[-51.6167,4.026],[-52.1128,3.2856],[-52.5028,2.495],[-52.8464,2.0925],[-53.0982,2.1037],[-53.5979,2.2787],[-53.9947,2.003],[-54.3883,2.2613],[-54.8606,2.481],[-55.4239,2.2805],[-55.9011,2.3985],[-56.0687,2.1814],[-55.7935,1.7253],[-56.7096,1.8915],[-57.1339,1.9017],[-58.0043,1.5596],[-58.5442,1.1877],[-58.8527,1.1541],[-59.6249,1.7343],[-59.6636,2.2045],[-59.9354,2.7305],[-59.8396,3.1633],[-59.5129,3.9663],[-59.7084,4.3974],[-60.0849,4.4588],[-59.8814,4.9495],[-60.2486,5.1508],[-60.553,5.0091],[-60.5799,4.7864],[-60.8464,4.6132],[-61.6294,4.208],[-61.9924,4.1041],[-62.58,4.0434],[-62.6848,3.5406],[-62.8413,3.4888],[-63.2786,3.8676],[-63.9692,3.8699],[-64.5113,4.1336],[-64.6012,4.0377],[-64.3238,3.7279],[-64.1478,3.4174],[-63.9766,2.4839],[-63.902,2.3763],[-63.2746,2.2974],[-63.3265,2.0619],[-63.876,1.8806],[-64.1898,1.3956],[-64.7325,1.189],[-65.0657,0.8946],[-65.3559,0.5623],[-65.478,0.5552],[-65.5989,0.9867],[-65.9394,0.6732],[-66.1259,0.6404],[-66.6554,0.9868],[-66.8498,1.0111],[-66.9393,1.2076],[-67.0513,1.7981],[-67.1797,2.0707],[-67.7893,1.6857],[-68.183,1.607],[-69.7366,1.655],[-69.7611,1.0446],[-69.2777,0.9204],[-69.0661,0.6991],[-69.0424,0.534],[-69.4026,0.6018],[-69.7114,0.5872],[-69.983,0.4648],[-69.9838,-0.2662],[-69.5008,-0.6002],[-69.5145,-0.9498],[-69.3208,-1.2983],[-69.4676,-1.9411],[-69.7854,-3.9259],[-69.878,-4.187],[-69.9703,-4.4164],[-70.5491,-4.2673],[-71.1324,-4.5504],[-71.4338,-4.5204],[-72.2862,-4.8686],[-72.7693,-5.1448],[-73.1919,-6.0815],[-73.0619,-6.5192],[-73.7788,-7.0445],[-73.89,-7.3248],[-73.8421,-7.5787],[-72.9161,-9.0411],[-73.1207,-9.4045],[-72.4458,-9.4768],[-72.1969,-9.7041],[-72.1539,-10.0024],[-71.3243,-10.0166],[-70.6895,-9.5744],[-70.5428,-9.5227],[-70.6131,-10.7304],[-70.5645,-10.8889],[-70.2936,-11.0716],[-69.5899,-10.9022],[-69.1671,-10.9633],[-68.662,-11.1001],[-68.5022,-11.0864],[-68.0765,-10.7154],[-67.7094,-10.7386],[-66.8611,-10.1299],[-66.306,-9.8407],[-65.3087,-9.8157],[-65.2881,-10.1524],[-65.3528,-10.7119],[-65.2731,-11.3659],[-65.1221,-11.6319],[-64.7563,-12.0491],[-64.2614,-12.4719],[-63.6053,-12.5125],[-62.9912,-12.763],[-62.6537,-13.0342],[-62.0786,-13.1007],[-61.9055,-13.4491],[-61.6273,-13.6254],[-61.1105,-13.5906],[-60.5828,-13.7209],[-60.3629,-13.9039],[-60.38,-14.1581],[-60.2888,-14.6214],[-60.2129,-15.8535],[-60.0322,-16.3289],[-58.3335,-16.3697],[-58.432,-16.8786],[-58.4017,-17.1325],[-58.2056,-17.3156],[-57.8767,-17.4788],[-57.5964,-18.0426],[-57.6698,-18.7927],[-57.7771,-19.1681],[-58.1377,-19.8118],[-57.9858,-20.2937],[-57.7516,-20.6862],[-57.7047,-21.1179],[-57.8031,-21.83],[-57.8058,-22.154],[-56.8543,-22.339],[-56.3793,-22.1393],[-55.6228,-22.4462],[-55.3492,-23.7786],[-55.134,-24.0569],[-54.5537,-23.8566],[-54.2188,-24.1215],[-54.4973,-24.8345],[-54.5969,-25.2035],[-54.5804,-25.7433]]],[[[-50.225,-1.7354],[-49.9368,-1.6585],[-49.3471,-1.6445],[-48.8857,-1.4211],[-48.6398,-1.0584],[-48.5528,-0.6324],[-48.4019,-0.3907],[-49.1427,-0.1953],[-49.3582,-0.2847],[-50.2068,-0.1912],[-50.5014,-0.2617],[-50.6167,-0.8911],[-50.6115,-1.4376],[-50.4763,-1.6788],[-50.225,-1.7354]]]]},"properties":{"NAME":"Brazil","ABBREVN":"Brazil","SUBJECTO":"Brazil","BORDERPRECISION":3,"PARTOF":"Brazil"}},
{"type":"Feature","geometry":{"type":"MultiPolygon","coordinates":[[[[149.5542,-6.4061],[150.2763,-6.3409],[151.0557,-6.0151],[151.2801,-5.6714],[151.8015,-5.7084],[152.0587,-5.4981],[151.8622,-5.2825],[151.9066,-5.1044],[152.1355,-5.0849],[152.2682,-4.7795],[152.0899,-4.3604],[151.9442,-4.5196],[151.5393,-4.4061],[151.5876,-4.9017],[151.4516,-5.0863],[151.1574,-5.0997],[150.8865,-5.5197],[150.7216,-5.6218],[150.2893,-5.7117],[150.0519,-5.6232],[149.8693,-5.4012],[149.7644,-5.6302],[149.4128,-5.739],[148.8365,-5.6449],[148.3766,-5.6586],[148.4157,-5.881],[148.7125,-5.9884],[149.0215,-6.242],[149.2086,-6.1526],[149.5542,-6.4061]]],[[[140.9476,-9.2739],[142.3066,-9.3327],[142.6074,-9.3766],[143.3311,-9],[143.2327,-8.8223],[142.7528,-8.5118],[142.4637,-8.4362],[142.464,-8.2964],[142.97,-8.3779],[143.4368,-8.3578],[143.3561,-8.1292],[143.6674,-8.1412],[143.7918,-8.0138],[143.6648,-7.6709],[144.016,-7.8735],[144.3798,-7.7583],[144.6274,-7.7832],[144.9294,-7.9224],[145.8196,-8.0984],[146.6461,-9.2789],[147.185,-9.5701],[147.3933,-9.9256],[147.8736,-10.1788],[148.5605,-10.1837],[149.3286,-10.36],[149.7834,-10.4099],[150.0024,-10.7336],[150.4946,-10.7389],[150.4176,-10.2941],[150.1756,-10.1611],[149.6964,-10.035],[149.8299,-9.7106],[149.1757,-9.5531],[149.0779,-9.458],[149.1977,-9.1208],[148.5887,-9.1603],[148.4588,-9.097],[148.1327,-8.6274],[148.0347,-8.2462],[147.376,-7.7963],[147.1512,-7.5617],[146.886,-7.1173],[146.9091,-6.8948],[147.1623,-6.8244],[147.6638,-6.7915],[147.6439,-6.4801],[147.3765,-6.1248],[146.8934,-6.0305],[146.0445,-5.6764],[145.7454,-5.6262],[145.5934,-5.4231],[145.7282,-4.997],[145.3775,-4.6736],[144.783,-4.3381],[144.5427,-3.9954],[144.1029,-3.9836],[143.4455,-3.6101],[142.4133,-3.3073],[142.0308,-3.1556],[140.8698,-2.7948],[140.9455,-6.3792],[140.7473,-6.7492],[140.9411,-7.365],[140.9618,-7.7274],[140.9476,-9.2739]]]]},"properties":{"NAME":"Papua New Guinea","ABBREVN":"Papua N Guin","SUBJECTO":"Papua New Guinea","BORDERPRECISION":3,"PARTOF":"Papua New Guinea"}},
{"type":"Feature","geometry":{"type":"MultiPolygon","coordinates":[[[[146.7127,-43.7218],[146.836,-43.6893],[147.1417,-43.2567],[147.3907,-43.0822],[147.8153,-42.9654],[147.9812,-42.482],[148.3193,-41.8058],[148.2695,-41.0926],[148.0559,-40.9197],[147.5964,-41.1646],[147.2886,-41.1523],[146.7407,-41.2948],[146.3822,-41.3083],[145.8919,-41.1423],[144.7761,-40.8428],[144.7001,-41.164],[144.936,-41.7097],[145.5305,-42.3453],[145.301,-42.4616],[145.2794,-42.6677],[145.7227,-43.2402],[145.9669,-43.4073],[146.7127,-43.7218]]],[[[142.3376,-10.9154],[142.1257,-11.1574],[142.0929,-11.5325],[141.953,-11.9523],[141.6785,-12.4678],[141.9189,-12.7025],[141.5988,-13.0465],[141.5123,-13.8095],[141.6684,-14.1143],[141.4682,-14.7568],[141.7113,-15.2267],[141.5176,-15.5323],[141.4015,-15.8567],[141.3138,-16.4482],[141.1324,-16.9571],[140.8009,-17.5618],[140.2497,-17.7982],[139.8183,-17.761],[139.2483,-17.4316],[138.9627,-16.9936],[138.2603,-16.8425],[137.7596,-16.3986],[137.0737,-16.0313],[136.6871,-16.0258],[136.4586,-15.7529],[136.0944,-15.4485],[135.6275,-15.1698],[135.3881,-14.897],[135.4576,-14.6807],[135.709,-14.464],[135.8806,-14.203],[135.9645,-13.8913],[135.8288,-13.7327],[135.8309,-13.4848],[136.2383,-13.2296],[136.4691,-13.2228],[136.6637,-12.6248],[136.8597,-12.4401],[136.3534,-12.1551],[136.2986,-12.5112],[136.0912,-12.5752],[135.9425,-12.3594],[135.649,-12.1884],[135.4445,-12.1761],[135.1918,-12.3737],[134.94,-12.3361],[134.7621,-12.0632],[134.4087,-12.1211],[133.5592,-11.9513],[132.929,-11.5332],[132.6614,-11.5337],[132.3838,-11.2992],[132.3028,-11.5027],[132.6263,-11.7499],[132.7511,-12.1692],[132.398,-12.3289],[131.5399,-12.4006],[131.1829,-12.2361],[130.8589,-12.4466],[130.8396,-12.7073],[130.4635,-12.7589],[130.2329,-13.1472],[130.2739,-13.3632],[130.0855,-13.5925],[129.7663,-13.8156],[129.7633,-14.0191],[129.4266,-14.3059],[129.4588,-14.4965],[129.8486,-14.8199],[129.6323,-15.278],[129.1964,-14.9929],[128.9809,-14.9234],[128.4589,-14.8864],[128.0661,-15.3767],[127.9626,-14.7031],[127.678,-14.4367],[127.5291,-14.1955],[127.1665,-14.0628],[126.8534,-13.7838],[126.546,-14.3502],[126.2684,-14.0711],[126.1015,-14.2049],[125.8632,-14.6949],[125.4972,-14.6766],[125.1557,-14.8045],[125.1739,-15.0397],[125.018,-15.6439],[124.6886,-15.4666],[124.4245,-15.6579],[124.3378,-16.262],[124.7163,-16.4964],[124.2773,-16.5228],[123.9795,-16.409],[123.5758,-16.3908],[123.5529,-16.696],[123.8852,-16.9114],[123.8268,-17.2485],[123.5083,-17.1093],[123.3012,-17.4657],[123.0227,-16.856],[122.7383,-16.5833],[122.5641,-16.8952],[122.0855,-17.3984],[122.2017,-17.983],[122.1965,-18.2437],[121.5763,-18.7027],[121.3865,-19.1164],[120.8721,-19.6769],[120.2229,-19.9835],[119.8125,-20.1179],[119.5311,-20.1375],[119.1365,-20.0367],[118.8651,-20.069],[118.6087,-20.3811],[117.9685,-20.4715],[117.5969,-20.7583],[116.7744,-20.7855],[116.4188,-20.8371],[116.1346,-20.984],[115.5674,-21.4556],[114.4563,-22.0937],[114.309,-22.5645],[114.0748,-22.6031],[114.0225,-22.3299],[113.8223,-22.254],[113.6254,-22.5659],[113.7247,-23.0171],[113.762,-23.4811],[113.6674,-23.7801],[113.3619,-24.283],[113.4326,-24.8742],[113.5919,-25.1854],[114.1825,-26.017],[114.0951,-26.5386],[113.8807,-26.509],[113.7394,-26.6665],[113.433,-26.572],[113.9252,-27.3847],[114.0222,-27.6261],[113.9646,-28.0332],[114.6304,-28.903],[114.8405,-29.3858],[114.9122,-29.6973],[114.9,-30.1424],[115.0583,-30.8035],[115.5609,-31.661],[115.7473,-32.2076],[115.7669,-32.7545],[115.6467,-33.3654],[115.4085,-33.7666],[114.9613,-33.8693],[115.0469,-34.4225],[115.6163,-34.6312],[115.9665,-34.9358],[116.561,-35.1893],[117.5298,-35.251],[118.2071,-35.0903],[118.6728,-34.6058],[119.175,-34.6366],[119.3298,-34.5791],[119.5921,-34.2223],[119.7715,-34.1202],[120.2801,-34.1191],[121.4095,-33.9705],[121.7403,-33.9635],[122.1709,-34.1789],[122.768,-34.0313],[123.3586,-34.0428],[123.623,-33.9151],[124.2484,-33.1441],[124.8472,-32.9521],[125.6419,-32.5624],[126.0589,-32.4344],[127.2651,-32.381],[128.17,-32.1501],[128.6148,-31.952],[129.1854,-31.7982],[130.8573,-31.7311],[131.2802,-31.6348],[131.6945,-31.8312],[131.9925,-32.0659],[132.3766,-32.1605],[132.6977,-32.0899],[133.1251,-32.3371],[133.837,-32.342],[134.237,-32.7419],[134.1078,-33.0284],[134.2085,-33.2572],[134.6311,-33.2691],[134.8437,-33.6948],[135.1531,-34.0504],[135.3573,-34.4572],[135.5281,-35.0549],[135.7124,-35.2074],[136.1061,-34.532],[136.7308,-34.0599],[137.0671,-33.9511],[137.4572,-33.3141],[137.8199,-33.0653],[137.8682,-32.7471],[138.1658,-33.1918],[138.0908,-33.4528],[137.9125,-33.5168],[137.8637,-33.8795],[137.5119,-34.4591],[137.5592,-34.9107],[137.3934,-35.0893],[137.1084,-35.0708],[136.947,-35.4726],[137.6833,-35.3309],[137.8829,-34.6874],[138.1015,-34.3561],[138.5676,-34.9277],[138.4298,-35.5524],[138.1972,-35.7569],[138.3524,-35.865],[138.7737,-35.7876],[139.1275,-35.6084],[139.3679,-35.6143],[139.4445,-36.0413],[139.7434,-36.3723],[139.8627,-36.7804],[139.8225,-37.2463],[140.012,-37.6416],[140.6522,-38.1639],[141.2253,-38.4566],[141.5472,-38.5326],[141.904,-38.4296],[142.6943,-38.6708],[143.3648,-38.9697],[144.3114,-38.5653],[144.7476,-38.4558],[144.4111,-38.2457],[144.7803,-38.0598],[144.9698,-38.0658],[145.5043,-38.4415],[145.5359,-38.7225],[145.9339,-38.8815],[146.821,-38.8413],[148.037,-38.0979],[148.2742,-38.0271],[149.5041,-37.9288],[149.8571,-37.6344],[149.9848,-37.3469],[150.0107,-36.6257],[150.2215,-35.6941],[150.762,-35.2531],[150.8497,-34.7181],[151.2169,-34.2083],[151.3645,-33.5209],[151.7646,-33.0047],[152.1762,-32.8767],[152.4451,-32.5071],[152.5367,-32.2079],[152.834,-31.7683],[152.9719,-31.4182],[153.0011,-31.0555],[152.9396,-30.6994],[153.2027,-29.9101],[153.3614,-29.1592],[153.4935,-28.8409],[153.3964,-28.1287],[152.9462,-27.341],[153.0867,-27.01],[153.0691,-26.2277],[152.9042,-25.6303],[152.7612,-25.4207],[152.5336,-25.364],[152.318,-24.8176],[152.0727,-24.7418],[151.8595,-24.2907],[151.7301,-24.1575],[151.2002,-23.9424],[150.8025,-23.5999],[150.7544,-22.8115],[150.6109,-22.6211],[150.3556,-22.5517],[149.9448,-22.3236],[150.0173,-22.7304],[149.6702,-22.5722],[149.5568,-22.4326],[149.4114,-21.9178],[149.1015,-21.0601],[148.706,-20.8448],[148.567,-20.6543],[148.7564,-20.2915],[148.7037,-20.2026],[148.1904,-20.1719],[147.5936,-19.8553],[147.4127,-19.5632],[147.0776,-19.513],[146.3218,-19.0823],[146.1062,-18.5487],[145.9246,-18.2566],[146.0187,-17.8622],[145.9942,-17.5126],[145.8695,-17.195],[145.4511,-16.5982],[145.3255,-16.4904],[145.3464,-16.0136],[145.2222,-15.6642],[145.1843,-15.0476],[144.5292,-14.6676],[144.3854,-14.3691],[144.0647,-14.5923],[143.7432,-14.4658],[143.4735,-13.6654],[143.4375,-13.0806],[143.2923,-12.6868],[142.9708,-12.535],[143.1731,-12.1213],[142.8235,-11.9187],[142.7492,-11.3213],[142.6443,-11.0927],[142.3376,-10.9154]]]]},"properties":{"NAME":"Australia","ABBREVN":"Australia","SUBJECTO":"Australia","BORDERPRECISION":3,"PARTOF":"Australia"}},
{"type":"Feature","geometry":{"type":"Polygon","coordinates":[[[-58.3397,-34.2161],[-57.7868,-34.5983],[-57.3477,-34.5084],[-56.719,-34.6914],[-56.3383,-34.9955],[-55.3831,-34.8157],[-54.9898,-34.9673],[-54.6215,-34.9221],[-54.0743,-34.6478],[-53.7932,-34.3995],[-53.4056,-33.8795],[-53.567,-33.4025],[-53.2359,-32.9371],[-53.8939,-32.0456],[-54.1072,-31.85],[-54.5567,-31.5858],[-55.0821,-31.411],[-55.4406,-30.9749],[-55.8741,-31.1743],[-56.4151,-30.4534],[-56.7464,-30.2458],[-57.328,-30.4015],[-57.5757,-30.4029],[-57.7752,-30.639],[-58.1184,-32.1394],[-58.0205,-32.9642],[-58.3977,-33.5694],[-58.3397,-34.2161]]]},"properties":{"NAME":"Uruguay","ABBREVN":"Uruguay","SUBJECTO":"Uruguay","BORDERPRECISION":3,"PARTOF":"Uruguay"}},
{"type":"Feature","geometry":{"type":"Polygon","coordinates":[[[7.1599,53.164],[6.7507,53.3899],[5.9663,53.335],[5.3895,53.1386],[5.3257,52.7904],[5.5469,52.6787],[5.7569,52.3337],[5.4732,52.1766],[4.9498,52.2779],[5.2346,52.6229],[5.0084,52.8562],[4.641,52.7557],[4.2644,52.0709],[3.5203,51.5791],[3.775,51.3877],[4.173,51.3249],[4.3954,51.4109],[5.1125,51.4055],[5.8239,51.1168],[5.6971,50.7307],[5.9996,50.7416],[5.9642,51.0243],[6.2223,51.3891],[5.9794,51.8035],[6.3814,51.8199],[6.8246,51.9564],[7.069,52.3663],[7.0348,52.6235],[7.228,52.9667],[7.1599,53.164]]]},"properties":{"NAME":"Netherlands","ABBREVN":"Netherlands","SUBJECTO":"Netherlands","BORDERPRECISION":3,"PARTOF":"Netherlands"}},
{"type":"Feature","geometry":{"type":"Polygon","coordinates":[[[88.1973,27.8758],[87.9023,27.9475],[87.2144,27.8433],[87.0707,28.007],[86.6039,28.1335],[86.4457,27.9475],[86.1422,27.9549],[85.7292,28.3418],[85.1442,28.3418],[85.2166,28.6394],[84.9203,28.5352],[84.267,28.937],[84.2185,29.2346],[84.0884,29.309],[83.6978,29.1825],[83.402,29.5397],[82.9176,29.7034],[82.5912,29.9712],[82.2009,30.0903],[82.1417,30.3656],[81.6557,30.4548],[81.4487,30.4028],[81.3883,30.1721],[81.1293,30.0531],[81.0213,30.2465],[80.4129,29.7852],[80.3355,29.3239],[80.0983,28.9519],[80.3995,28.6692],[80.6092,28.7064],[80.9086,28.4906],[81.225,28.4236],[81.3624,28.1856],[81.9212,27.8805],[82.0253,27.9549],[82.4879,27.6871],[82.73,27.7168],[82.8118,27.5382],[83.1872,27.4638],[83.6573,27.501],[83.8743,27.382],[84.1361,27.5382],[84.3584,27.4043],[84.6477,27.3746],[84.6664,27.0695],[84.9647,27.0025],[85.3714,26.757],[85.6342,26.8835],[85.9005,26.5933],[86.0712,26.6975],[86.7765,26.4668],[87.0494,26.6008],[87.3493,26.385],[88.0922,26.4445],[88.2319,26.757],[88.0389,27.129],[88.0706,27.5234],[88.1973,27.8758]]]},"properties":{"NAME":"Nepal","ABBREVN":"Nepal","SUBJECTO":"Nepal","BORDERPRECISION":3,"PARTOF":"Nepal"}},
{"type":"Feature","geometry":{"type":"Polygon","coordinates":[[[42.3278,12.3571],[42.4486,12.4468],[42.7762,12.309],[43.048,12.7023],[42.6364,13.0934],[42.4084,13.1755],[42.3571,13.4677],[42.079,13.861],[41.7611,13.8858],[41.3413,14.3423],[40.7391,14.9192],[40.3899,14.9058],[40.0372,15.3879],[39.7964,15.0888],[39.5179,15.463],[39.2079,16.3265],[39.0088,17.0568],[38.6417,18.0607],[38.2723,17.5693],[37.6842,17.3307],[37.5094,17.0438],[37.0243,16.9519],[36.9322,16.7036],[36.8244,16.112],[36.4719,15.2012],[36.4409,14.9786],[36.4767,14.2665],[36.8115,14.2493],[36.9363,14.4097],[37.1501,14.4453],[37.3461,14.0533],[37.7203,14.8017],[38.0053,14.6591],[38.2548,14.3918],[38.8072,14.5166],[39.0032,14.4275],[39.3773,14.5344],[39.6803,14.3918],[39.9297,14.4275],[40.3217,14.178],[40.589,14.1246],[40.8919,13.8217],[41.0166,13.5544],[41.5868,13.198],[41.7828,12.7882],[41.9966,12.7169],[42.3278,12.3571]]]},"properties":{"NAME":"Eritrea","ABBREVN":"Eritrea","SUBJECTO":"Italy","BORDERPRECISION":3,"PARTOF":"Eritrea"}},
{"type":"Feature","geometry":{"type":"Polygon","coordinates":[[[42.9276,10.8928],[42.4976,10.9982],[41.8714,10.8547],[41.7802,11.3753],[41.841,11.668],[42.3278,12.3571],[41.9966,12.7169],[41.7828,12.7882],[41.5868,13.198],[41.0166,13.5544],[40.8919,13.8217],[40.589,14.1246],[40.3217,14.178],[39.9297,14.4275],[39.6803,14.3918],[39.3773,14.5344],[39.0032,14.4275],[38.8072,14.5166],[38.2548,14.3918],[38.0053,14.6591],[37.7203,14.8017],[37.3461,14.0533],[37.1501,14.4453],[36.9363,14.4097],[36.8115,14.2493],[36.4767,14.2665],[36.4093,13.8028],[36.2299,13.2489],[36.134,12.7717],[35.6658,12.6228],[35.4796,12.4565],[35.0979,11.7933],[34.9487,10.8201],[34.7366,10.7172],[34.3527,10.6768],[34.1267,9.1883],[34.1442,8.9532],[34.0418,8.4315],[33.8305,8.2967],[33.139,8.3435],[33.0298,7.7708],[33.0722,7.7075],[33.7688,7.5274],[34.6075,6.6362],[35.1007,5.6476],[35.2573,5.4579],[35.6516,5.2886],[35.7726,5.1495],[35.8022,4.565],[36.2013,4.4979],[36.7572,4.38],[37.0292,4.2481],[38.0875,3.5617],[38.8564,3.4836],[39.5387,3.3542],[39.9303,3.7442],[40.3499,3.9882],[40.733,4.1494],[41.2694,3.8729],[41.7652,3.825],[41.9692,4.0551],[42.6535,4.1354],[42.8052,4.1871],[43.1635,4.6024],[43.5911,4.7956],[43.8724,4.8354],[44.9947,4.8166],[46.0633,5.9861],[47.9025,7.8782],[47.796,7.9474],[46.9521,7.9297],[46.3011,8.1419],[44.384,8.7915],[43.856,9.0299],[43.2581,9.6364],[42.8017,10.3455],[42.7641,10.5296],[42.9276,10.8928]]]},"properties":{"NAME":"Abyssinia","ABBREVN":"Abyssinia","SUBJECTO":"Abyssinia","BORDERPRECISION":3,"PARTOF":"Abyssinia"}},
{"type":"Feature","geometry":{"type":"Polygon","coordinates":[[[-16.4551,13.5711],[-16.7671,13.3597],[-16.7756,13.1453],[-16.013,13.1389],[-16.013,13.3341],[-15.5948,13.348],[-15.302,13.5711],[-15.1277,13.4456],[-14.584,13.2156],[-14.3888,13.2156],[-14.0054,13.4247],[-14.1657,13.5571],[-14.5491,13.4317],[-14.6885,13.599],[-14.9325,13.599],[-15.1138,13.7941],[-15.6645,13.7035],[-15.7063,13.5711],[-16.4551,13.5711]]]},"properties":{"NAME":"Gambia, The","ABBREVN":"Gambia, The","SUBJECTO":"Gambia, The","BORDERPRECISION":3,"PARTOF":"Gambia, The"}},
{"type":"Feature","geometry":{"type":"Polygon","coordinates":[[[42.9276,10.8928],[43.2985,11.4756],[43.1036,11.5313],[42.6688,11.5113],[42.81,11.7785],[43.4748,12.0976],[43.3305,12.4341],[43.048,12.7023],[42.7762,12.309],[42.4486,12.4468],[42.3278,12.3571],[41.841,11.668],[41.7802,11.3753],[41.8714,10.8547],[42.4976,10.9982],[42.9276,10.8928]]]},"properties":{"NAME":"Djibouti","ABBREVN":"Djibouti","SUBJECTO":"France","BORDERPRECISION":3,"PARTOF":"Djibouti"}},
{"type":"Feature","geometry":{"type":"Polygon","coordinates":[[[-16.5666,12.3098],[-16.279,12.2105],[-16.086,11.9694],[-15.8086,11.8429],[-15.3254,11.9266],[-15.099,11.8127],[-15.3613,11.5198],[-15.3414,11.2212],[-15.0083,11.1017],[-14.5089,11.557],[-14.3372,11.6407],[-13.9255,11.6622],[-13.6918,11.8861],[-13.7437,12.2672],[-13.6939,12.6234],[-15.1999,12.64],[-15.6567,12.383],[-16.3584,12.3725],[-16.5666,12.3098]]]},"properties":{"NAME":"Portuguese Guinea","ABBREVN":"Port Guinea","SUBJECTO":"Portuguese Guinea","BORDERPRECISION":3,"PARTOF":"Portuguese Guinea"}},
{"type":"Feature","geometry":{"type":"Polygon","coordinates":[[[-60.553,5.0091],[-61.1088,5.6352],[-61.2548,5.8696],[-61.0451,6.2078],[-61.0213,6.672],[-60.3722,6.8221],[-60.2339,6.9564],[-60.5759,7.3549],[-60.5639,7.5648],[-59.8189,8.1224],[-59.8344,8.4402],[-60.2125,8.5633],[-60.9567,8.5871],[-61.2706,8.5102],[-61.7647,8.5828],[-61.2899,8.7707],[-61.1211,9.1651],[-60.7927,9.3882],[-61.4147,9.6983],[-61.5309,9.8506],[-61.9166,9.9069],[-62.1033,10.0209],[-62.2969,9.7218],[-62.3846,10.014],[-62.6585,10.2549],[-62.9253,10.3687],[-62.9143,10.5467],[-62.3356,10.5352],[-62.2897,10.7323],[-62.7031,10.7569],[-63.6531,10.6913],[-64.0683,10.6268],[-64.5374,10.2635],[-64.8837,10.1357],[-65.3759,10.1537],[-65.9767,10.4066],[-66.1565,10.6223],[-66.4781,10.6788],[-67.9796,10.5421],[-68.3025,10.7257],[-68.3724,11.0116],[-68.6946,11.3795],[-69.4807,11.5494],[-69.7429,11.6566],[-69.7863,11.9396],[-69.9735,12.2284],[-70.1385,12.209],[-70.3393,11.9988],[-70.1974,11.7512],[-69.9228,11.79],[-69.7478,11.5335],[-70.1224,11.4909],[-70.1614,11.3899],[-71.0984,11.1201],[-71.4563,10.8847],[-71.4956,10.6462],[-71.0894,9.9189],[-71.0144,9.6267],[-71.0442,9.3915],[-71.3694,9.143],[-71.6047,9.0916],[-71.758,9.2502],[-71.8705,9.574],[-72.114,9.904],[-71.8959,10.4401],[-71.688,10.7693],[-71.9879,11.6076],[-71.5936,11.8436],[-71.1887,11.9116],[-71.2464,11.9588],[-71.8647,11.8115],[-72.051,11.7218],[-72.1126,11.1905],[-72.3862,11.1762],[-72.8317,10.3851],[-73.0174,9.7354],[-73.3368,9.1994],[-72.8776,9.2402],[-72.3531,8.315],[-72.3069,8.1373],[-72.4085,7.628],[-72.364,7.4693],[-71.9907,7.0837],[-71.8121,6.9703],[-70.5411,7.0542],[-70.0184,6.8284],[-69.3032,6.0061],[-68.6612,6.1434],[-67.7655,6.2441],[-67.4759,6.2077],[-67.6599,5.9714],[-67.6985,5.5197],[-67.9352,5.1432],[-67.8129,4.3047],[-67.223,3.3355],[-67.7678,2.8237],[-67.5385,2.6026],[-67.1797,2.0707],[-67.0513,1.7981],[-66.9393,1.2076],[-66.8498,1.0111],[-66.6554,0.9868],[-66.1259,0.6404],[-65.9394,0.6732],[-65.5989,0.9867],[-65.478,0.5552],[-65.3559,0.5623],[-65.0657,0.8946],[-64.7325,1.189],[-64.1898,1.3956],[-63.876,1.8806],[-63.3265,2.0619],[-63.2746,2.2974],[-63.902,2.3763],[-63.9766,2.4839],[-64.1478,3.4174],[-64.3238,3.7279],[-64.6012,4.0377],[-64.5113,4.1336],[-63.9692,3.8699],[-63.2786,3.8676],[-62.8413,3.4888],[-62.6848,3.5406],[-62.58,4.0434],[-61.9924,4.1041],[-61.6294,4.208],[-60.8464,4.6132],[-60.5799,4.7864],[-60.553,5.0091]]]},"properties":{"NAME":"Venezuela","ABBREVN":"Venezuela","SUBJECTO":"Venezuela","BORDERPRECISION":3,"PARTOF":"Venezuela"}},
{"type":"Feature","geometry":{"type":"Polygon","coordinates":[[[114.0737,4.455],[114.1393,4.2316],[114.4337,3.9983],[114.6059,4.1205],[115.1613,4.3094],[114.9615,4.8765],[114.7452,4.9844],[114.4503,4.5626],[114.0737,4.455]]]},"properties":{"NAME":"Brunei","ABBREVN":"Brunei","SUBJECTO":"Brunei","BORDERPRECISION":3,"PARTOF":"Brunei"}},
{"type":"Feature","geometry":{"type":"MultiPolygon","coordinates":[[[[140.8698,-2.7948],[139.592,-2.3792],[137.8543,-1.614],[137.7039,-1.6333],[137.1107,-1.9842],[137.0842,-2.2511],[136.2709,-2.4181],[135.7342,-3.2518],[135.5076,-3.4493],[135.2464,-3.5389],[134.9544,-3.4632],[134.7731,-3.3047],[134.634,-2.822],[134.4554,-3.0004],[134.2831,-2.8546],[134.0828,-2.1814],[133.9834,-2.01],[134.141,-1.5013],[133.9073,-1.0061],[133.265,-0.8613],[132.5924,-0.5704],[132.254,-0.5267],[131.8336,-0.8263],[131.4197,-1.0115],[131.2114,-1.0246],[131.1834,-1.406],[131.0644,-1.5397],[131.6268,-1.5957],[131.8156,-1.6652],[131.9734,-2.116],[132.219,-2.3443],[133.3207,-2.38],[133.855,-2.2454],[133.8836,-2.4297],[133.7808,-2.7222],[133.3213,-2.7423],[133.1208,-2.5965],[132.7187,-2.9342],[132.2019,-2.8019],[132.1772,-3.0434],[132.7493,-3.3981],[132.8956,-3.6965],[132.7128,-3.8875],[132.9316,-4.2684],[133.3955,-3.9878],[133.5632,-3.4154],[133.7627,-3.5103],[133.857,-3.7707],[134.0406,-3.9482],[134.4009,-4.0682],[134.7658,-4.0356],[134.7768,-4.3089],[135.3778,-4.5618],[135.6536,-4.593],[137.3852,-5.1231],[137.8236,-5.4272],[138.2975,-6.1889],[138.5506,-6.6523],[139.0283,-7.0199],[138.6496,-7.1415],[138.904,-7.4905],[139.1561,-7.7251],[138.958,-8.145],[139.1124,-8.3227],[139.7941,-8.2132],[139.9769,-8.2382],[140.299,-8.6443],[140.9476,-9.2739],[140.9618,-7.7274],[140.9411,-7.365],[140.7473,-6.7492],[140.9455,-6.3792],[140.8698,-2.7948]]],[[[130.7838,-3.879],[130.7252,-3.4851],[130.3687,-3.13],[129.7428,-2.9788],[129.5561,-2.9856],[129.1678,-3.1389],[128.9094,-2.9997],[128.1527,-2.9695],[128.0418,-3.0588],[128.376,-3.5474],[128.6529,-3.3434],[128.9146,-3.2539],[129.0307,-3.4125],[129.4867,-3.5958],[129.5949,-3.335],[129.9141,-3.3852],[130.2971,-3.6767],[130.7838,-3.879]]],[[[126.6605,-3.8752],[127.1122,-3.7217],[127.0938,-3.5184],[126.7266,-3.2332],[126.1111,-3.2981],[126.15,-3.6285],[126.4719,-3.8502],[126.6605,-3.8752]]],[[[138.1759,-8.5535],[138.2972,-8.5405],[138.699,-8.152],[138.8948,-7.7829],[138.568,-7.523],[138.1927,-7.6764],[137.9411,-7.9947],[137.6759,-8.4592],[138.1759,-8.5535]]],[[[122.9486,-8.3771],[122.715,-8.2931],[122.1659,-8.6343],[121.9798,-8.5503],[121.5782,-8.5893],[121.2794,-8.7171],[121.0788,-8.5714],[120.565,-8.3881],[120.3275,-8.395],[119.8525,-8.574],[119.9353,-8.9361],[120.5486,-8.9348],[120.9709,-9.0546],[121.2755,-8.9141],[121.6944,-8.9959],[122.7112,-8.5975],[122.9486,-8.3771]]],[[[117.9377,-8.54],[117.8172,-8.8136],[117.5138,-8.6133],[116.9584,-8.5293],[116.6627,-8.7025],[116.6632,-9.0593],[116.9764,-9.1777],[117.2766,-9.1452],[117.8409,-8.9544],[117.9739,-8.9754],[118.658,-8.8562],[118.8726,-8.6715],[118.8633,-8.4808],[118.2671,-8.2774],[118.1301,-8.3426],[117.9479,-8.1619],[117.691,-8.2672],[117.7054,-8.4388],[117.9377,-8.54]]],[[[115.0724,-8.7814],[115.2437,-8.5903],[115.5005,-8.469],[115.0844,-8.2347],[114.645,-8.331],[114.5107,-8.4521],[115.0724,-8.7814]]],[[[103.7136,-0.017],[103.4631,0.2879],[103.0466,0.5284],[102.4718,0.6225],[102.1359,0.9395],[102.0098,1.2697],[101.8681,1.4346],[101.4743,1.5481],[101.2758,1.7192],[101.0598,2.081],[100.8317,2.1758],[100.7319,1.8706],[100.4565,2.1178],[100.1214,2.5428],[99.8632,2.5676],[99.8584,2.9044],[98.6253,3.6579],[98.1455,4.0699],[98.1738,4.3813],[97.9428,4.5205],[97.3841,5.1801],[96.7527,5.0644],[96.1873,5.1458],[95.7405,5.4689],[95.4641,5.5699],[95.1906,5.4105],[95.3082,4.9596],[95.5609,4.5345],[96.3944,3.6467],[96.7204,3.7046],[97.2545,3.1402],[97.5087,2.7405],[97.5971,2.2514],[97.9825,2.1124],[98.6006,1.7071],[98.6891,1.3705],[99.1133,0.2212],[99.401,0.0884],[99.6966,-0.1524],[99.972,-0.5013],[100.6503,-1.631],[100.7963,-2.0247],[100.8121,-2.336],[101.3455,-3.0149],[101.6596,-3.3193],[102.1107,-3.6043],[102.2865,-3.9788],[102.4622,-4.1818],[103.0686,-4.6127],[103.5235,-4.9994],[104.5685,-6.0712],[104.6422,-5.9757],[104.5634,-5.6009],[105.0328,-5.8795],[105.1867,-5.5423],[105.4757,-5.815],[105.7285,-5.8271],[105.7956,-5.3503],[105.7967,-4.7339],[105.6932,-4.3083],[105.7111,-4.1049],[105.9428,-3.2147],[105.6287,-2.9103],[105.4449,-2.5993],[104.9946,-2.4668],[104.6778,-2.6708],[104.6098,-2.5757],[104.8126,-2.1558],[104.5675,-2.1373],[104.3524,-1.8899],[104.2977,-1.3625],[104.1212,-1.1405],[103.7469,-1.1159],[103.3842,-0.8943],[103.2376,-0.6595],[103.4087,-0.5002],[103.7136,-0.017]]],[[[127.6307,-0.017],[127.6363,-0.3079],[127.8839,-0.6378],[128.2994,-1.0246],[128.3697,-0.9291],[128.0992,-0.6056],[127.9456,-0.3263],[127.8647,0.0992],[128.0374,0.3665],[128.7058,0.2091],[128.6416,0.4314],[128.1896,0.6274],[128.2626,0.7673],[128.6319,1.0223],[128.545,1.4479],[128.1022,1.1991],[128.0417,0.9638],[127.802,0.7155],[127.6889,0.925],[127.9866,1.5738],[127.7998,1.8974],[127.5686,1.5284],[127.4235,0.9816],[127.5222,0.7848],[127.4414,0.5368],[127.6307,-0.017]]],[[[106.5527,-3.1752],[106.4707,-2.9212],[106.6427,-2.7111],[106.3286,-2.572],[106.0365,-2.204],[105.8963,-1.8039],[105.6557,-1.957],[105.4267,-1.7096],[105.1997,-2.1105],[105.5835,-2.205],[105.8118,-2.3824],[105.9947,-2.8904],[106.5527,-3.1752]]],[[[105.1848,-6.8657],[105.89,-6.9326],[106.3655,-7.0397],[106.5466,-7.16],[106.3447,-7.3702],[106.4837,-7.5034],[107.3676,-7.565],[107.7297,-7.7867],[108.1602,-7.8556],[108.6104,-7.7021],[109.0372,-7.7203],[110.0382,-7.9914],[110.4154,-8.2067],[110.7777,-8.3203],[112.4144,-8.4884],[112.8358,-8.3476],[113.0738,-8.3471],[113.7438,-8.5999],[114.1048,-8.6881],[114.0692,-8.434],[114.2522,-8.0204],[113.9484,-7.8241],[113.5587,-7.9139],[113.0727,-7.8768],[112.6784,-7.7188],[112.5009,-7.4649],[112.5366,-7.2645],[112.2748,-7.0269],[111.0447,-6.8516],[110.8146,-6.5343],[110.4915,-6.6621],[110.3959,-6.9547],[110.0273,-7.0445],[108.5558,-6.9205],[108.4754,-6.6855],[108.1733,-6.3557],[107.7687,-6.4519],[107.5246,-6.3508],[107.3396,-6.1541],[106.9451,-6.026],[106.864,-6.2696],[106.628,-6.3094],[106.5213,-6.11],[106.0242,-6.0807],[105.6722,-6.4563],[105.6335,-6.7552],[105.2862,-6.7712],[105.1848,-6.8657]]],[[[123.4919,-10.3522],[123.7079,-10.3453],[124.1542,-10.2045],[124.9385,-9.5545],[125.2115,-9.3951],[126.1482,-9.0816],[126.8725,-8.8067],[127.1415,-8.5964],[127.0438,-8.4758],[126.4094,-8.5598],[125.9998,-8.6561],[125.2898,-8.7021],[125.0798,-8.7725],[124.9179,-9.0461],[124.6199,-9.2501],[123.9688,-9.5312],[123.6654,-9.748],[123.6041,-10.1295],[123.4919,-10.3522]]],[[[120.2798,-10.3782],[120.4142,-10.3525],[120.5813,-10.0978],[120.4624,-9.9265],[119.7887,-9.4576],[119.1163,-9.5226],[119.0317,-9.7707],[119.4098,-9.8716],[120.2798,-10.3782]]],[[[117.5587,3.9807],[117.1381,4.1525],[116.6566,4.1624],[116.027,4.2349],[115.7068,4.1567],[115.5355,3.8698],[115.4818,3.6153],[115.53,3.1707],[115.4309,2.9985],[115.1399,2.8888],[115.0419,2.7357],[115.0763,2.3991],[114.6589,1.5958],[114.4847,1.4613],[113.8865,1.3052],[113.6768,1.1451],[113.2963,1.2],[112.8095,1.4132],[112.4,1.4298],[111.9797,0.9951],[111.562,0.7638],[110.9659,0.9128],[110.5486,0.726],[110.2112,0.8893],[109.6475,1.4643],[109.5175,1.8205],[109.2824,1.8827],[109.1462,1.5202],[108.9555,1.2593],[108.8143,0.8078],[108.841,0.3313],[109.1578,-0.0747],[109.0734,-0.4053],[109.4286,-0.7096],[109.1789,-0.869],[109.5998,-1.1223],[109.7828,-1.3062],[109.9409,-1.6426],[110.0659,-2.494],[110.1023,-3.0785],[110.6525,-2.9884],[110.7968,-3.1724],[111.436,-2.974],[111.5872,-2.7957],[111.7286,-3.2593],[111.7395,-3.647],[112.2456,-3.398],[112.5777,-3.4227],[112.7954,-2.971],[113.1235,-3.2436],[113.4608,-3.3827],[113.6084,-3.6111],[113.7445,-3.5981],[114.0995,-3.3495],[114.3562,-3.6032],[114.5046,-3.9651],[114.4936,-4.1558],[114.7124,-4.2062],[115.5681,-3.8039],[115.8063,-3.5365],[115.9559,-3.1993],[116.202,-2.9001],[116.2445,-2.703],[116.0408,-2.4429],[116.3491,-2.4168],[116.2455,-2.1056],[116.0463,-1.9345],[116.3842,-1.6605],[116.5789,-1.3677],[117.0456,-0.9346],[117.3703,-1.0038],[117.4298,-0.6224],[117.3182,-0.1397],[117.375,0.1973],[117.5343,0.6107],[117.8597,0.8655],[118.2183,0.7583],[118.5561,0.7463],[118.7652,0.823],[118.5173,1.1656],[117.9128,1.5901],[117.6964,1.9009],[117.8292,2.3143],[117.342,3.0249],[117.074,3.5072],[117.5802,3.5655],[117.6839,3.6292],[117.5587,3.9807]]],[[[119.6921,-0.017],[119.5782,-0.4906],[119.5972,-0.8782],[119.3963,-0.9041],[119.2048,-1.4319],[119.2471,-1.9593],[119.1746,-2.1755],[118.6836,-2.9011],[118.7914,-3.6635],[119.2257,-3.5736],[119.4611,-3.8082],[119.5045,-4.1894],[119.4462,-5.0666],[119.2946,-5.4228],[119.4768,-5.8038],[120.2481,-5.586],[120.1327,-5.2304],[120.3069,-4.8042],[120.1434,-4.3978],[120.2803,-3.6539],[120.1442,-3.0759],[120.5928,-2.8016],[120.9247,-2.8263],[120.999,-3.0486],[120.8185,-3.4875],[120.8808,-3.7162],[121.508,-4.2359],[121.3928,-4.7891],[121.6487,-4.9474],[121.8728,-4.9597],[121.9735,-4.648],[122.159,-4.5142],[122.6484,-4.5131],[122.6409,-4.2843],[122.1903,-3.8468],[122.1443,-3.6626],[122.2582,-3.2111],[121.8743,-2.6527],[121.664,-2.418],[121.2649,-2.1011],[121.2671,-1.9359],[121.5858,-2.0114],[121.7465,-1.8522],[122.2229,-1.6542],[122.7571,-1.0938],[123.2127,-1.2326],[123.25,-0.9021],[122.9815,-0.7184],[122.7392,-0.8778],[122.1589,-1.0125],[121.9954,-1.1145],[121.4611,-0.9886],[121.0554,-1.5487],[120.6884,-1.5367],[120.5066,-1.4482],[120.4075,-1.1751],[120.0218,-0.9027],[119.8727,-0.4646],[119.9568,-0.1403],[120.143,0.1905],[120.3373,0.3562],[120.8263,0.4144],[121.0851,0.3769],[122.4656,0.4053],[122.9831,0.3746],[123.2489,0.1846],[123.4718,0.1533],[124.234,0.3011],[124.4214,0.4794],[124.8574,1.0459],[125.0162,1.5419],[124.8525,1.6242],[124.4569,1.2039],[124.4322,0.956],[124.1502,0.7966],[123.8262,0.7387],[122.9925,0.775],[122.7329,0.6728],[122.1809,0.8686],[121.5912,0.8609],[121.2631,1.1017],[120.7674,1.1387],[120.4319,0.636],[120.2389,0.7881],[119.9137,0.5396],[119.6921,-0.017]]]]},"properties":{"NAME":"Netherlands Indies","ABBREVN":"Neth Indies","SUBJECTO":"Netherlands Indies","BORDERPRECISION":3,"PARTOF":"Netherlands Indies"}},
{"type":"Feature","geometry":{"type":"MultiPolygon","coordinates":[[[[-76.1329,44.3267],[-75.4585,44.6397],[-74.7824,45.0122],[-72.0267,45.0013],[-71.5346,44.9586],[-71.2929,45.3232],[-70.5894,45.2946],[-70.077,45.9471],[-69.5645,46.9461],[-69.0491,47.4644],[-68.6989,47.2639],[-67.9964,47.2938],[-67.6985,47.041],[-67.5592,45.7722],[-67.3213,45.5649],[-67.1868,45.2523],[-66.502,45.1861],[-65.7597,45.2945],[-64.8714,45.6621],[-64.9055,45.4632],[-64.0077,45.427],[-64.3369,45.156],[-64.4579,45.3909],[-65.7493,44.7412],[-66.1895,44.1413],[-65.7126,43.56],[-65.3189,43.7517],[-65.0874,43.7277],[-64.8351,43.8835],[-64.7063,44.1293],[-64.0876,44.5132],[-63.5589,44.5132],[-63.0533,44.7112],[-61.0321,45.3788],[-61.4812,45.7405],[-61.7234,45.6863],[-61.9398,45.9215],[-62.3896,45.7224],[-63.8435,45.9879],[-63.7492,46.169],[-64.5348,46.2717],[-64.6898,46.6947],[-64.8916,46.9124],[-64.9801,47.3301],[-64.9239,47.5603],[-64.6579,47.7785],[-65.0279,47.8817],[-65.6123,47.6634],[-65.8372,47.9605],[-65.8546,48.2051],[-65.2131,48.1214],[-64.8742,48.3245],[-64.3977,48.4561],[-64.1943,48.6526],[-64.3205,48.9467],[-64.9524,49.2073],[-65.3674,49.2326],[-66.0299,49.1659],[-66.9727,48.9546],[-68.3413,48.5465],[-69.2539,48.1201],[-70.5337,47.1265],[-70.8061,47.1715],[-70.5988,47.4325],[-69.5071,48.4592],[-68.8011,48.9772],[-68.307,49.2269],[-67.3177,49.4253],[-66.8547,50.0889],[-66.3727,50.3139],[-65.5815,50.3616],[-63.8501,50.299],[-63.2074,50.3464],[-61.6402,50.2769],[-60.1378,50.4117],[-59.7155,50.5115],[-59.1316,50.8361],[-58.5243,51.3795],[-56.9641,51.4884],[-55.659,52.1873],[-56.1097,52.6052],[-55.7697,53.1587],[-55.8813,53.3519],[-56.6493,53.6576],[-57.1308,53.483],[-57.2852,53.6698],[-57.1058,53.8706],[-57.5611,54.1307],[-58.0769,54.0829],[-58.6401,53.8677],[-59.1808,53.5191],[-60.246,53.2768],[-60.1372,53.6843],[-59.863,53.8386],[-59.3987,53.8662],[-58.8436,54.1483],[-58.1699,54.2769],[-57.5154,54.4658],[-57.4329,54.5799],[-58.5572,54.7723],[-59.3382,55.0802],[-59.6938,55.1537],[-60.5745,55.071],[-60.3733,55.4225],[-60.4683,55.659],[-61.4578,56.1585],[-61.9277,56.273],[-62.1841,56.796],[-61.5446,56.7292],[-61.3353,56.8113],[-61.4761,57.1041],[-61.8224,57.1921],[-62.186,57.4372],[-61.8284,57.5541],[-62.0147,57.8412],[-62.5767,58.0389],[-62.887,58.6564],[-63.4758,59.1583],[-63.7441,59.517],[-64.6706,60.1809],[-64.9879,59.8191],[-65.429,59.7767],[-65.5554,59.5758],[-65.2626,59.3482],[-65.7187,59.0575],[-65.8614,58.7953],[-66.4746,58.808],[-66.8209,58.3877],[-67.7724,58.2485],[-68.5694,58.7833],[-69.2142,58.7477],[-69.7258,58.5609],[-69.8942,58.6845],[-69.8324,58.9877],[-69.476,58.9745],[-69.3426,59.2093],[-69.7043,60.3178],[-69.3895,60.6745],[-69.3838,60.8564],[-70.0283,60.8832],[-70.9092,61.0426],[-71.6734,61.2657],[-71.7239,61.5467],[-73.3946,62.355],[-73.6597,62.3899],[-74.7078,62.1758],[-75.6946,62.2163],[-76.9896,62.4898],[-77.3616,62.5175],[-77.8676,62.29],[-77.9854,61.8589],[-77.4622,61.4726],[-77.6884,61.1561],[-78.1765,60.7418],[-77.3885,60.6943],[-77.5072,60.4146],[-77.2148,59.7475],[-77.6615,59.5736],[-78.042,58.9928],[-78.4688,58.7095],[-78.3368,58.5515],[-77.4044,58.1136],[-76.7724,57.6625],[-76.5545,57.2801],[-76.4386,56.8097],[-76.5694,56.2721],[-77.2338,55.6065],[-78.5893,54.922],[-79.5451,54.6919],[-79.3987,54.2764],[-78.8014,53.9627],[-79.0346,53.7416],[-78.844,53.281],[-78.7247,52.6947],[-78.491,52.2561],[-78.5534,52.0102],[-78.7968,51.7709],[-78.7001,51.5656],[-78.8227,51.1614],[-79.2762,51.6042],[-79.5943,51.2658],[-79.3385,50.843],[-80.0733,51.298],[-80.3613,51.304],[-80.5728,51.6414],[-80.8771,51.9062],[-81.3107,52.1178],[-81.7474,52.1701],[-81.7338,52.5491],[-81.8524,52.7086],[-82.3412,52.9808],[-82.2122,53.3413],[-82.1921,53.9897],[-82.3993,54.2706],[-82.2021,54.9689],[-82.3827,55.0562],[-83.576,55.2226],[-84.4684,55.1669],[-85.161,55.3276],[-85.8924,55.6102],[-87.4672,55.912],[-87.9142,56.3319],[-88.7675,56.7385],[-89.7255,56.9342],[-90,57.1779],[-91.3369,57.1631],[-92.1801,56.9705],[-92.4831,56.9767],[-92.4236,57.3865],[-92.5227,57.6873],[-93.0742,58.551],[-93.3638,58.7019],[-93.8876,58.6596],[-94.4149,58.7137],[-94.6838,58.8785],[-94.8003,59.5135],[-94.7532,59.95],[-94.376,60.7951],[-93.8743,61.3432],[-93.3246,61.5411],[-93.4226,61.858],[-92.5792,62.2693],[-92.1022,62.4118],[-91.8909,62.6036],[-92.4553,62.7941],[-92.2902,62.9152],[-91.4175,62.8529],[-90,62.9462],[-90,63.3024],[-91.0267,63.3946],[-92.351,63.5848],[-93.3169,63.9736],[-90,63.6091],[-89.9727,64.1905],[-89.0774,63.9629],[-88.3771,64.0573],[-87.4352,64.5689],[-87.1573,65.0596],[-88.1714,65.1304],[-88.9044,65.3252],[-90,65.7679],[-89.5087,65.9292],[-88.642,65.7117],[-87.7869,65.3491],[-87.254,65.4301],[-85.9871,66.1628],[-86.8531,66.462],[-86.739,66.5651],[-85.3868,66.6118],[-84.9495,66.2747],[-83.7405,66.3063],[-84.4077,66.7094],[-85.0216,66.9441],[-84.7139,67.0703],[-84.2264,66.9309],[-83.1387,66.3735],[-82.33,66.6396],[-81.4992,67.0689],[-81.295,67.4987],[-82.1783,67.9954],[-82.6873,68.6975],[-82.2096,68.8185],[-81.8865,68.579],[-81.3699,68.7224],[-81.4799,69.1886],[-82.1605,69.2477],[-82.7567,69.5488],[-84.3135,69.8262],[-85.1134,69.8171],[-85.3811,69.6953],[-85.4207,69.2944],[-84.5644,68.987],[-84.6246,68.7539],[-85.3998,68.76],[-85.7817,68.0408],[-86.395,67.6749],[-86.4884,67.3778],[-87.3254,67.1689],[-88.3239,67.8125],[-88.4815,67.991],[-88.3711,68.3123],[-87.7903,68.478],[-88.0974,68.8526],[-88.905,69.2276],[-89.4411,69.0457],[-89.7356,68.5343],[-90,68.3691],[-90,69.489],[-91.1725,69.6467],[-91.9773,69.6073],[-92.6712,69.7424],[-92.2708,70.1161],[-91.6577,70.2858],[-93.0995,70.9688],[-92.9889,71.2402],[-93.2712,71.5585],[-94.4172,71.8843],[-95.4106,71.859],[-95.9575,71.3512],[-96.3983,71.2028],[-96.6997,70.8384],[-95.9467,70.5699],[-96.4741,70.2998],[-96.127,69.9408],[-95.3096,69.7375],[-94.4232,69.6937],[-94.0367,69.5505],[-92.9925,69.5146],[-92.9561,69.0843],[-93.5271,69.219],[-94.3425,69.1119],[-94.5831,68.8781],[-93.6358,68.925],[-93.4141,68.5425],[-94.084,68.4513],[-94.637,68.069],[-95.3225,68.0603],[-95.5004,67.7247],[-95.2587,67.0284],[-96.2596,67.3151],[-96.3402,67.5448],[-96.2079,68.0736],[-97.5718,68.3699],[-98.3671,68.361],[-98.4071,68.159],[-97.7876,68.1303],[-97.1586,67.9674],[-97.1512,67.7365],[-97.4955,67.5872],[-98.3549,67.9353],[-99.3677,67.7919],[-101.002,67.7963],[-101.913,67.7053],[-102.7631,67.8004],[-103.5827,68.1195],[-104.4543,68.1029],[-105.636,68.3549],[-106.2119,68.1071],[-107.662,67.9626],[-107.5938,67.3383],[-107.1282,66.9618],[-107.6111,66.8797],[-108.4852,67.0701],[-108.095,67.3596],[-108.8354,67.6106],[-109.4888,67.6911],[-110.1334,67.9058],[-110.532,67.92],[-112.5025,67.693],[-114.0663,67.7346],[-115.5617,67.8957],[-115.4021,68.2169],[-114.1087,68.3465],[-114.3896,68.6083],[-115.2851,68.8921],[-116.8132,68.9118],[-117.8323,69.0078],[-120.2216,69.4184],[-122.3261,69.8845],[-123.0507,69.8603],[-123.8028,69.4345],[-124.6,69.4632],[-124.7069,69.9408],[-125.3862,69.818],[-125.1877,69.4092],[-125.974,69.4304],[-126.7952,69.785],[-127.3517,70.3803],[-127.8055,70.3102],[-127.9398,70.0799],[-129.0131,69.7202],[-129.9427,69.6426],[-130.8958,69.3003],[-131.673,69.2762],[-132.789,68.7091],[-133.7196,68.9179],[-133.4132,69.137],[-132.6179,69.2517],[-132.3032,69.4867],[-131.1946,69.6858],[-130.0498,69.9689],[-130.2418,70.2059],[-131.0591,70.1583],[-131.4462,69.9663],[-132.508,69.8579],[-133.6476,69.5069],[-134.776,69.573],[-135.4392,69.5263],[-136.044,69.336],[-135.6989,68.9895],[-136.2031,68.8756],[-137.7285,69.0158],[-138.9955,69.3683],[-140.3346,69.6232],[-141.0593,69.5955],[-141.0145,68.0933],[-140.9738,66.0258],[-140.9155,64.7677],[-140.9273,63.7855],[-140.9466,61.835],[-140.8949,60.3888],[-140.4288,60.2299],[-139.0051,60.2584],[-138.6214,59.7781],[-137.2233,58.8822],[-136.7349,59.1205],[-135.8548,59.6463],[-135.2577,59.6703],[-134.7911,59.214],[-133.5028,58.4243],[-132.707,57.6287],[-131.9554,56.7819],[-131.7249,56.6052],[-130.2874,56.1075],[-130.1064,55.9926],[-130.1796,55.6382],[-130.0027,55.2885],[-129.8417,54.9785],[-130.2989,54.5476],[-130.0036,53.938],[-129.4339,53.5175],[-129.0604,53.739],[-128.8888,53.4183],[-128.4321,52.9385],[-128.0772,52.9392],[-128.0596,52.4995],[-127.7102,52.3937],[-127.5558,52.1678],[-128.0129,51.8082],[-127.455,51.7695],[-127.675,51.2453],[-127.2475,50.9681],[-126.6913,50.9891],[-126.4253,51.0888],[-126.1637,50.752],[-125.4123,50.5487],[-124.9392,50.5958],[-124.795,50.0353],[-124.4706,49.8125],[-123.9765,49.971],[-123.8474,49.6628],[-123.531,49.5126],[-123.212,49.6247],[-123.2133,49.2724],[-122.9003,49.0672],[-121.0518,49.0508],[-118.9872,49.0619],[-117.2152,49.0583],[-115.1646,49.0562],[-112.529,49.0638],[-110.6703,49.0541],[-108.4607,49.0594],[-106.4396,49.0637],[-104.2615,49.0557],[-102.6702,49.0511],[-100.4598,49.0433],[-98.2009,49.0488],[-96.335,49.0391],[-94.8198,49.0507],[-95.0528,49.4717],[-94.8273,49.4876],[-94.0877,48.7775],[-93.7132,48.5744],[-93.4802,48.6085],[-92.839,48.5151],[-92.2581,48.3267],[-91.91,48.083],[-91.6821,48.0387],[-91.1409,48.2149],[-90,48.2485],[-90,47.9723],[-89.622,47.9684],[-89.3441,48.1482],[-89.236,48.3589],[-88.2361,48.8715],[-88.095,49.0046],[-87.4621,48.8238],[-86.384,48.7253],[-86.0769,48.1794],[-85.7973,47.9663],[-85.0266,47.9395],[-84.924,47.5242],[-84.6234,47.2609],[-84.7692,47.0161],[-84.4422,46.817],[-84.7436,46.4684],[-84.4402,46.4587],[-84.2773,46.2658],[-83.8207,46.1504],[-83.6136,46.266],[-81.5645,46.0737],[-81.1011,45.9371],[-80.8071,45.9548],[-80.6491,45.7405],[-80.0986,45.3957],[-79.9181,44.9668],[-80.2243,44.5046],[-81.0949,44.7992],[-81.7186,44.1386],[-81.7387,43.5294],[-81.8079,43.3176],[-82.2978,43.0287],[-82.5362,42.6122],[-83.0405,42.2434],[-83.056,42.027],[-82.4842,41.9601],[-82.2844,42.1472],[-81.8384,42.2903],[-81.4395,42.5871],[-81.0142,42.6242],[-80.4064,42.5687],[-80.2756,42.7411],[-79.637,42.8531],[-79.0502,42.8523],[-79.14,43.2221],[-79.4775,43.1948],[-79.7937,43.3006],[-79.6469,43.4908],[-79.1529,43.7724],[-78.7384,43.8777],[-77.6228,44.0102],[-76.9328,43.9097],[-76.8758,44.1117],[-76.1329,44.3267]]],[[[-98.8779,68.8851],[-96.7936,68.5286],[-96.2127,68.5372],[-95.5146,68.8087],[-96.0072,69.041],[-96.1822,69.297],[-97.7416,69.8316],[-98.2526,69.6941],[-98.3043,69.3913],[-99.1715,69.1255],[-98.8779,68.8851]]],[[[-101.4063,72.2948],[-100.3189,72.1397],[-98.939,71.3922],[-98.3719,71.37],[-97.8419,71.6904],[-97.284,71.6524],[-96.8496,71.8798],[-96.6575,72.3431],[-96.3509,72.5012],[-96.6885,72.8165],[-98.3937,73.1306],[-97.4889,73.4588],[-96.9367,73.7877],[-97.9566,73.9221],[-99.2194,73.7433],[-99.6677,73.9189],[-100.9138,73.7081],[-99.955,73.2629],[-100.8349,72.7455],[-101.5207,72.8708],[-102.2792,73.1472],[-102.6687,72.8528],[-101.4063,72.2948]]],[[[-95.4931,73.6143],[-95.6408,73.1437],[-95.0584,72.2831],[-94.1086,72.222],[-93.6393,72.5299],[-94.2658,72.8527],[-92.6243,72.8083],[-92.0006,72.8411],[-91.3196,73.2552],[-90,73.5908],[-90,73.9998],[-91.5242,74.0546],[-92.6933,74.0122],[-93.899,74.1628],[-95.0685,74.0641],[-94.758,73.7437],[-95.4931,73.6143]]],[[[-125.6454,49.0562],[-125.4596,49.1679],[-124.999,49.1689],[-125.1961,48.8737],[-124.4926,48.6003],[-123.902,48.4706],[-123.5934,48.6347],[-123.8614,49.158],[-124.7179,49.4906],[-125.0757,49.7654],[-125.2675,50.0541],[-125.7186,50.4094],[-126.9574,50.5919],[-127.848,50.8611],[-128.4328,50.8269],[-128.3431,50.6685],[-127.3855,50.05],[-126.9612,50.0574],[-126.5222,49.8217],[-126.5631,49.5722],[-126.1115,49.5272],[-125.8922,49.3768],[-125.9668,49.1735],[-125.6454,49.0562]]],[[[-132.3785,53.987],[-133.0539,54.0661],[-132.997,53.6511],[-132.5688,53.2795],[-132.0898,53.3988],[-131.9995,53.7935],[-132.3785,53.987]]],[[[-111.7255,72.3306],[-111.6408,72.7253],[-112.8389,72.9527],[-113.7535,72.6976],[-114.4727,72.6251],[-114.4629,72.9893],[-114.1851,73.2442],[-114.647,73.3549],[-117.2197,72.8573],[-118.3988,72.4757],[-118.9856,72.0342],[-117.3139,71.4746],[-115.6935,71.5789],[-115.7423,71.2986],[-117.4102,71.2022],[-118.4988,71.0528],[-117.7607,70.7217],[-116.2966,70.7707],[-113.7641,70.7369],[-112.8902,70.646],[-111.8499,70.4247],[-111.7305,70.2559],[-112.9911,70.2382],[-115.1466,70.2725],[-117.1929,70.123],[-117.5682,69.9922],[-116.6562,69.5159],[-115.9066,69.3509],[-113.9246,69.2489],[-113.5391,69.1138],[-113.602,68.7224],[-113.1522,68.5956],[-111.6294,68.6059],[-110.4482,68.6531],[-109.2094,68.8132],[-108.6456,69.0023],[-107.5362,69.0571],[-106.8538,69.4509],[-106.3753,69.4821],[-105.9304,69.2336],[-104.1878,68.8978],[-103.1782,68.8545],[-102.2779,68.954],[-101.8084,69.1356],[-102.198,69.4823],[-103.2675,69.3291],[-103.3613,69.6391],[-102.2395,69.8763],[-101.4493,69.6654],[-100.8913,69.674],[-101.0552,70.0308],[-102.4357,70.4654],[-103.1163,70.5103],[-103.8636,70.7015],[-104.5946,71.0479],[-104.4671,71.6545],[-105.0104,72.0447],[-105.3126,72.6501],[-105.6093,72.8711],[-106.5232,73.1949],[-108.1815,73.3829],[-108.284,73.2234],[-108.0866,72.6291],[-107.5273,72.0164],[-108.3479,71.913],[-108.9863,72.7302],[-109.8335,72.9504],[-110.5246,72.9967],[-110.0794,72.5622],[-111.7255,72.3306]]],[[[-125.1892,71.9285],[-124.0721,71.735],[-123.4677,71.1986],[-122.5744,71.146],[-121.9362,71.5048],[-120.8435,71.5303],[-120.424,71.8826],[-120.4536,72.2985],[-119.7684,72.3943],[-118.585,72.9737],[-117.2813,73.3101],[-115.6537,73.6325],[-117.3362,74.1673],[-119.5574,74.1631],[-121.2387,74.58],[-123.057,74.4391],[-124.9093,74.4437],[-124.0648,73.8652],[-124.2472,73.4566],[-124.8821,73.0492],[-125.3413,72.969],[-125.1807,72.4314],[-125.9037,72.1546],[-125.1892,71.9285]]],[[[-114.3724,76.4696],[-116.2964,76.2378],[-116.15,75.9345],[-115.5822,75.6853],[-116.9978,75.6492],[-117.3966,75.4071],[-116.5721,75.2014],[-115.9421,75.3103],[-115.1859,75.1543],[-113.5153,75.29],[-112.8115,75.4158],[-111.1497,75.3525],[-111.3673,75.1037],[-114.2173,74.8446],[-114.0933,74.6744],[-113.1061,74.5143],[-112.2028,74.4998],[-110.8692,74.721],[-109.0703,75.1329],[-107.4796,75.0121],[-106.371,75.0554],[-105.7735,75.2301],[-105.498,75.8466],[-105.9172,76.0218],[-106.8419,75.9697],[-108.1633,76.0092],[-108.3887,76.4895],[-108.965,76.871],[-109.7145,76.7502],[-110.3825,76.4349],[-109.353,76.0994],[-109.1438,75.7142],[-109.9119,75.6294],[-111.3856,75.6599],[-112.8512,76.2275],[-113.5486,76.1335],[-114.3724,76.4696]]],[[[-122.6358,76.2764],[-121.3108,76.2958],[-120.0999,75.9781],[-119.3868,76.3755],[-118.736,76.9377],[-118.2532,76.8789],[-117.8633,76.4376],[-116.9999,76.7279],[-116.2396,76.7804],[-116.4059,77.2335],[-115.6824,77.3812],[-116.3591,77.5784],[-117.2256,77.4127],[-119.6956,77.3133],[-121.5777,76.7021],[-122.6594,76.5386],[-122.6358,76.2764]]],[[[-113.1602,77.7925],[-113.0243,77.6021],[-111.9104,77.4832],[-110.6197,77.5375],[-109.6612,77.9499],[-110.7101,78.0234],[-113.0097,77.9232],[-113.1602,77.7925]]],[[[-103.5125,78.2732],[-101.1679,78.2689],[-100.4715,77.8949],[-99.6796,77.7922],[-99.0494,77.9411],[-99.8916,78.6581],[-100.6933,78.8777],[-102.5687,79.0161],[-103.3648,79.3892],[-105.4515,79.4031],[-105.481,79.2242],[-104.1102,79.0576],[-103.5053,78.8369],[-104.9661,78.5339],[-103.5125,78.2732]]],[[[-60.6271,47.1329],[-61.3806,46.3314],[-61.4088,46.0456],[-61.025,45.67],[-60.5074,45.6645],[-59.9972,45.8536],[-59.8072,46.0812],[-60.169,46.3143],[-60.7613,45.8911],[-61.072,45.9878],[-60.9626,46.1893],[-60.5839,46.3849],[-60.2598,46.9383],[-60.6271,47.1329]]],[[[-57.8142,49.2015],[-57.974,49.0834],[-58.392,49.0368],[-58.6805,48.7026],[-58.1395,48.5991],[-58.6518,48.3759],[-59.3185,47.9633],[-59.1566,47.6701],[-58.0905,47.7634],[-56.8037,47.616],[-56.3301,47.6365],[-56.0789,47.8652],[-55.7385,47.8724],[-54.7826,47.7112],[-55.2767,47.3127],[-55.8296,47.1293],[-55.8042,46.9666],[-55.4079,46.9479],[-54.9362,47.3394],[-54.5762,47.4965],[-54.2114,47.8036],[-53.8963,47.5565],[-54.1251,47.1131],[-53.6249,46.8863],[-53.0696,46.7313],[-52.7286,47.4545],[-53.0958,47.5515],[-53.1184,47.8775],[-53.3556,47.9488],[-53.7029,47.8438],[-53.8817,48.1893],[-53.4113,48.2947],[-53.115,48.5239],[-53.249,48.6478],[-53.7626,48.5226],[-54.1296,48.8357],[-53.5091,49.2819],[-54.1579,49.4771],[-54.6199,49.4763],[-54.7662,49.2926],[-55.1073,49.2788],[-55.9684,49.6571],[-55.5654,49.9661],[-56.0671,50.1033],[-56.4904,49.7676],[-56.7836,49.8194],[-56.6615,50.0561],[-55.7703,51.0541],[-55.9274,51.2522],[-55.5565,51.3257],[-55.5608,51.5574],[-56.1524,51.4701],[-56.7015,51.1845],[-57.3556,50.5952],[-57.8601,49.9879],[-58.1277,49.4956],[-57.8142,49.2015]]],[[[-87.0529,63.752],[-87.1012,63.5447],[-85.6007,63.7476],[-85.4321,63.5978],[-85.4628,63.2055],[-84.6547,63.3139],[-84.0871,63.6718],[-83.4958,63.7444],[-83.5174,64.0521],[-83.1885,64.1818],[-82.731,64.0751],[-82.1977,63.6896],[-80.696,63.4996],[-80.1794,63.722],[-80.953,63.9781],[-81.8721,63.9907],[-81.8314,64.4068],[-82.1096,64.6436],[-83.0854,64.865],[-83.7597,65.2113],[-84.424,65.3917],[-84.605,65.1807],[-85.1984,65.3758],[-85.0579,65.6091],[-85.5575,65.8636],[-86.016,65.1054],[-86.2428,64.5423],[-86.0611,64.1405],[-87.0529,63.752]]],[[[-76.7942,68.1472],[-77.2475,67.6548],[-77.0648,67.3287],[-76.2692,67.2488],[-75.7704,67.3015],[-75.1463,67.577],[-75.1195,68.113],[-75.8847,68.3431],[-76.7942,68.1472]]],[[[-71.2581,63.5673],[-71.6217,63.2101],[-71.3189,63.0613],[-70.0752,62.7723],[-69.5595,62.7094],[-69.1553,62.4196],[-68.014,62.259],[-66.765,61.9436],[-65.9403,61.79],[-66.3323,62.3188],[-67.2638,62.8557],[-68.4765,63.3371],[-68.836,63.6504],[-68.486,63.7368],[-67.6816,63.4527],[-67.1442,63.3753],[-66.496,63.0774],[-65.1561,62.9875],[-64.735,63.0665],[-65.2095,63.6429],[-64.4739,63.7443],[-65.3086,64.1794],[-65.3271,64.3587],[-66.1925,64.8894],[-66.5977,64.7662],[-67.3294,65.584],[-67.8652,65.6267],[-67.6142,65.9118],[-67.161,65.9858],[-67.7599,66.3729],[-67.2559,66.6163],[-66.9128,66.5949],[-65.7174,66.0543],[-65.0338,65.9532],[-65.1778,65.6536],[-64.8437,65.3776],[-64.4253,65.502],[-64.1836,65.1899],[-63.352,65.0247],[-63.5113,65.431],[-63.3809,65.927],[-62.8448,65.6143],[-62.094,66.0611],[-62.6551,66.3385],[-62.2977,66.4346],[-61.4948,66.3406],[-61.2106,66.635],[-62.0961,67.0166],[-62.5205,66.8461],[-63.1649,66.926],[-62.9914,67.1774],[-64.6138,67.1153],[-64.6014,67.315],[-63.933,67.4126],[-64.8289,67.9533],[-65.53,67.8701],[-66.4071,68.0248],[-66.7447,67.9273],[-67.0316,68.3073],[-68.6653,68.7161],[-68.7755,68.8436],[-67.9797,68.9879],[-68.5332,69.2505],[-66.6681,69.1861],[-67.4398,69.5017],[-68.0399,69.5308],[-68.043,69.7731],[-67.0443,69.7977],[-67.5755,70.1853],[-69.4627,69.9601],[-69.5911,70.1969],[-68.7496,70.3901],[-68.4694,70.5597],[-69.0916,70.782],[-70.2929,70.6179],[-70.6516,70.7636],[-70.6666,71.0805],[-71.8815,70.9312],[-71.2525,71.3508],[-71.664,71.5133],[-72.5346,71.6285],[-73.2752,71.1608],[-73.6718,71.5563],[-74.1119,71.688],[-74.8095,71.4219],[-75.2039,71.569],[-74.3127,72.0394],[-75.322,72.5484],[-76.15,72.5705],[-77.1187,72.7108],[-78.3634,72.5821],[-78.6664,72.3138],[-78.5744,71.9296],[-79.0563,71.96],[-79.1254,72.2894],[-79.9533,72.3429],[-80.0808,72.1384],[-81.0268,72.0503],[-81.0436,72.3801],[-80.4887,73.037],[-81.5318,73.6884],[-82.6968,73.7822],[-84.5055,73.4911],[-84.8623,73.3548],[-83.8848,73.0704],[-85.107,73.084],[-85.5057,72.9404],[-85.5044,72.6082],[-84.8311,72.4676],[-85.6025,72.0104],[-84.6889,71.6604],[-84.4884,71.3493],[-84.7826,71.0617],[-85.891,71.1217],[-85.2431,71.4645],[-86.3325,71.9934],[-86.2142,72.4492],[-86.7794,72.6927],[-86.662,73.0969],[-85.2542,73.7775],[-85.6398,73.8649],[-86.8924,73.8305],[-88.0992,73.6361],[-89.1002,73.1957],[-89.6386,72.7823],[-89.8209,72.348],[-89.3341,72.1681],[-89.814,71.979],[-89.9972,71.5413],[-87.9492,71.3506],[-87.1688,71.0186],[-87.7047,70.9248],[-89.1498,70.9685],[-89.0185,70.6753],[-87.948,70.3849],[-86.3733,70.4647],[-86.3719,70.1961],[-85.9839,70.1126],[-84.8737,70.1146],[-83.3129,69.9571],[-82.9262,70.0112],[-82.2692,69.8604],[-81.138,70.0145],[-80.7126,70.1531],[-79.8256,69.9181],[-79.2414,69.8812],[-78.7129,70.0114],[-78.941,70.2713],[-80.2184,70.5916],[-79.1011,70.6553],[-77.6986,70.1357],[-77.6223,69.8918],[-76.9715,69.802],[-75.5517,69.2223],[-75.6247,69.1016],[-76.6426,69.0319],[-76.5464,68.7314],[-75.1991,68.8616],[-74.7523,69.043],[-74.4053,68.6604],[-73.9371,68.444],[-73.1849,68.2958],[-72.354,67.5303],[-72.3049,67.2636],[-72.8735,66.8857],[-73.036,66.6423],[-73.9943,66.2659],[-74.2799,66.0602],[-73.4199,65.5289],[-74.6648,65.3228],[-75.789,65.1972],[-76.6551,65.3409],[-77.3584,65.3759],[-77.387,65.0636],[-77.8666,64.9902],[-78.1267,64.651],[-77.7375,64.3929],[-76.5261,64.2301],[-75.9355,64.2671],[-75.4518,64.5481],[-74.6851,64.3986],[-74.4312,64.435],[-74.5591,64.7801],[-73.6656,64.6018],[-73.1636,64.574],[-73.148,64.3441],[-72.3879,63.8582],[-71.8786,63.8019],[-71.2581,63.5673]]],[[[-89.8017,75.9182],[-91.1564,75.9743],[-90,76.1847],[-90,76.5908],[-92.2471,76.6219],[-93.0639,76.3748],[-92.2241,75.9472],[-92.1012,75.6381],[-92.3655,75.4213],[-91.8668,74.7889],[-91.054,74.9773],[-89.6981,74.6146],[-88.9471,74.9324],[-88.3902,74.9905],[-88.1436,74.569],[-86.3057,74.621],[-86.2116,74.8157],[-85.1182,74.6232],[-82.936,74.684],[-82.373,74.5555],[-80.3493,74.6159],[-80.4999,75.0301],[-79.4952,75.2798],[-79.7392,75.4701],[-80.7661,75.6096],[-81.7031,75.875],[-83.5587,75.9049],[-85.2033,75.7429],[-86.618,75.4322],[-87.2929,75.6555],[-88.6474,75.5946],[-89.0422,75.4608],[-89.8017,75.9182]]],[[[-88.6398,82.0738],[-91.2186,81.8373],[-91.0799,81.5385],[-89.5592,81.4177],[-89.1925,81.0964],[-86.4368,81.3932],[-85.1924,81.3245],[-85.3641,80.9907],[-84.793,80.7824],[-82.7907,80.6974],[-81.8759,80.7488],[-80.0879,81.0218],[-78.3209,80.9654],[-77.5209,80.7499],[-81.0637,80.5335],[-82.2626,80.051],[-81.3557,79.9081],[-81.7581,79.6819],[-83.6184,80.2067],[-86.1701,80.279],[-86.3224,80.1143],[-83.9109,79.2566],[-81.5972,78.7546],[-82.3256,78.6653],[-83.84,78.8568],[-85.8068,78.9062],[-86.8254,78.5861],[-86.5099,78.2969],[-84.8434,78.1596],[-84.8683,77.7077],[-83.0486,77.6312],[-83.6917,77.313],[-84.9299,77.3451],[-86.4357,77.8175],[-87.8125,77.8756],[-88.0512,77.7536],[-87.0992,77.2807],[-89.247,76.9768],[-89.4181,76.6103],[-88.5888,76.4678],[-88.1834,76.7401],[-87.2727,76.5042],[-85.0371,76.4069],[-84.5594,76.5432],[-82.4236,76.4711],[-81.3823,76.6511],[-80.8135,76.2377],[-78.2123,76.5468],[-77.8041,76.7258],[-78.1214,77.0407],[-79.0219,77.0561],[-82.1024,77.3161],[-81.5539,77.5411],[-78.8554,77.3738],[-78.2186,77.5733],[-78.3668,78.0329],[-77.0171,77.9745],[-76.1432,78.072],[-76.6185,78.2983],[-75.753,78.3612],[-75.5213,78.6783],[-74.9089,78.8208],[-74.9631,79.1223],[-76.2538,79.3248],[-77.2992,79.2856],[-77.2388,79.5827],[-75.1737,79.5149],[-73.376,79.5811],[-74.5423,79.8941],[-74.2455,80.0427],[-72.5138,79.8708],[-71.4545,79.8458],[-70.2185,80.1374],[-70.5111,80.5454],[-69.4975,80.5475],[-66.4817,81.3029],[-65.2998,81.4584],[-65.5879,81.705],[-67.5164,81.5873],[-67.5852,81.9613],[-66.3745,82.1007],[-63.9206,82.0112],[-61.9894,82.3119],[-62.4271,82.6336],[-65.4809,82.8997],[-67.6963,82.8728],[-70.5843,83.176],[-74.1611,82.9906],[-76.3821,83.1519],[-77.0741,82.863],[-78.6985,83.0025],[-81.5226,82.6893],[-81.3906,82.0788],[-84.9466,82.3795],[-86.3244,82.2058],[-88.6398,82.0738]]],[[[-100.6194,75.7889],[-99.8957,75.615],[-100.474,75.3147],[-99.9442,75.0841],[-98.0016,75.1621],[-98.1515,75.6016],[-97.6667,75.8614],[-97.8165,76.4757],[-98.6148,76.6778],[-99.0244,76.4226],[-100.0674,76.675],[-101.8849,76.3327],[-101.6755,76.0635],[-102.5336,75.7686],[-102.1496,75.644],[-100.6194,75.7889]]],[[[-96.7231,77.0224],[-96.8095,76.9197],[-95.8734,76.5133],[-93.9376,76.3985],[-93.7945,76.738],[-94.1951,76.8991],[-95.6285,77.0416],[-96.7231,77.0224]]],[[[-97.3098,78.8222],[-98.4372,78.6609],[-97.4598,78.1011],[-96.602,77.9981],[-95.2325,78.1315],[-95.097,78.4384],[-97.3098,78.8222]]],[[[-88.3729,80.226],[-89.4247,80.6145],[-91.0162,80.7496],[-92.0249,81.2592],[-95.0599,81.0307],[-94.2503,80.6736],[-95.5804,80.3862],[-94.675,80.1165],[-96.4334,79.9334],[-95.0394,79.3962],[-93.1776,79.5342],[-91.819,79.4382],[-90,79.1261],[-93.3026,79.2565],[-94.1034,79.0234],[-92.7015,78.4342],[-91.4238,78.305],[-90,78.2627],[-88.7594,78.4505],[-88.9559,78.7497],[-87.7873,78.7255],[-87.1654,79.1256],[-85.7585,79.3782],[-86.9967,79.4453],[-87.3406,79.6442],[-87.3357,80.093],[-88.3729,80.226]]]]},"properties":{"NAME":"Canada","ABBREVN":"Canada","SUBJECTO":"Canada","BORDERPRECISION":3,"PARTOF":"Canada"}},
{"type":"Feature","geometry":{"type":"MultiPolygon","coordinates":[[[[21.9708,79.7829],[20.9983,79.1911],[23.8205,79.1475],[25.3367,79.403],[27.1968,79.9444],[26.2544,80.1989],[25.034,80.1675],[24.7829,80.3797],[23.0768,80.2406],[20.5245,80.3224],[19.9154,80.6334],[18.3306,79.8824],[19.2181,79.7402],[21.9708,79.7829]]],[[[13.2522,79.8007],[11.2843,79.7071],[10.9194,79.5452],[11.3352,79.2071],[12.5248,79.0586],[11.7603,78.8802],[13.0621,78.3468],[14.3528,78.4279],[14.819,78.7185],[16.617,78.4673],[15.9209,78.2649],[13.9051,77.9999],[14.131,77.7664],[16.418,77.9006],[16.2868,77.6152],[14.7779,77.5348],[14.4846,77.3709],[15.0989,77.1153],[16.6629,76.7269],[17.267,76.8129],[17.8294,77.4889],[18.3886,77.5416],[19.1158,78.4545],[20.9081,78.8094],[19.1516,79.2309],[17.8341,79.8095],[16.3263,80.0251],[15.9166,79.8418],[16.3888,79.2346],[15.7741,79.2423],[14.8101,79.8037],[13.2522,79.8007]]],[[[11.1789,59.0703],[11.5633,58.8631],[11.7089,59.1949],[11.6103,59.5686],[12.4228,60.0388],[12.548,60.4339],[12.174,60.9564],[12.5974,61.0286],[12.7917,61.3299],[12.0746,61.6985],[12.2256,62.2257],[11.9327,62.554],[12.1242,63.3446],[12.5771,63.7816],[13.131,63.9487],[13.8802,63.9526],[14.155,64.1113],[14.0416,64.3757],[13.7179,64.5533],[14.1989,65.0232],[14.5153,65.5034],[14.5967,66.0502],[15.0384,66.0598],[16.2205,66.8281],[16.206,67.3073],[17.083,67.9119],[17.9136,67.8642],[18.1795,68.4688],[19.6972,68.1708],[19.9651,68.2765],[20.1656,68.9581],[20.7906,68.9323],[21.246,69.2275],[21.6251,69.237],[22.4598,68.6935],[23.3362,68.6158],[24.0818,68.7168],[24.8007,68.429],[25.6254,68.8071],[25.7456,69.258],[26.1177,69.6442],[26.5073,69.8125],[27.9087,69.8877],[29.1133,69.486],[28.6972,68.6955],[29.9236,69.3546],[30.6408,69.4185],[31.0538,69.6396],[30.7354,69.7524],[29.7286,69.6976],[28.7301,70.1359],[30.2519,70.1311],[30.7988,70.308],[30.462,70.5373],[29.7412,70.605],[28.7948,70.8648],[28.3889,70.5718],[27.9853,70.717],[28.3084,70.9486],[27.516,70.9703],[27.1311,70.5771],[26.6174,70.392],[26.2627,70.7907],[25.574,70.3671],[25.2307,70.5582],[25.389,70.9046],[24.5705,70.7414],[24.2077,70.4719],[23.8273,70.4788],[23.2036,69.9428],[22.3064,70.2156],[21.9081,69.804],[20.1577,69.7478],[19.58,69.1811],[18.9848,69.3154],[17.5659,68.9744],[17.4069,68.7715],[16.5219,68.3409],[16.6485,68.0457],[16.0711,68.0447],[15.5722,67.8207],[15.7618,67.6763],[15.3845,67.4644],[14.9762,67.5229],[14.7777,67.2165],[13.7472,66.9224],[13.9916,66.6875],[13.3832,66.679],[13.1686,66.4583],[13.581,66.1881],[13.1519,66.1361],[12.7091,65.9089],[12.1121,65.1299],[11.4065,64.617],[10.9966,64.4942],[10.0662,64.0555],[9.8321,63.6836],[9.4409,63.4975],[8.6059,63.3251],[7.9892,62.9403],[7.0882,62.9102],[7.2893,62.4856],[6.613,62.5833],[6.5325,62.3357],[6.0535,62.3348],[5.4257,62.0093],[5.8339,61.8194],[5.149,61.7409],[5.0755,60.5917],[5.5511,60.5089],[5.0962,60.2641],[5.2791,60.1253],[5.8941,60.1613],[5.8058,59.9493],[5.0866,59.5092],[5.1766,59.3074],[5.7171,59.3371],[5.7719,59.0762],[5.3997,58.7152],[5.6155,58.4552],[6.6517,58.172],[6.9586,57.9717],[8.1537,58.0895],[8.1752,58.172],[8.9217,58.5379],[9.6976,58.9992],[10.1723,58.9874],[10.5493,59.3786],[10.8292,59.1058],[11.1789,59.0703]]]]},"properties":{"NAME":"Norway","ABBREVN":"Norway","SUBJECTO":"Norway","BORDERPRECISION":3,"PARTOF":"Norway"}},
{"type":"Feature","geometry":{"type":"Polygon","coordinates":[[[28.6972,68.6955],[29.1133,69.486],[27.9087,69.8877],[26.5073,69.8125],[26.1177,69.6442],[25.7456,69.258],[25.6254,68.8071],[24.8007,68.429],[24.0818,68.7168],[23.3362,68.6158],[22.4598,68.6935],[21.6251,69.237],[21.246,69.2275],[20.7906,68.9323],[21.7125,68.4132],[22.9127,68.1882],[23.4877,67.8343],[23.4579,67.4119],[23.8682,66.8169],[23.6561,66.2804],[23.9477,65.7967],[25.2515,65.4169],[24.9319,64.816],[24.4701,64.6355],[22.8255,63.5809],[22.4758,63.6016],[22.2924,63.2027],[21.4947,63.123],[21.4813,62.8888],[21.1948,62.7607],[21.0337,62.4773],[21.3376,62.3436],[21.2112,61.8709],[21.561,61.4849],[21.4273,61.0151],[21.5602,60.5125],[22.2207,60.2588],[22.6246,60.2011],[23.2014,59.8185],[23.6647,59.8356],[24.9695,60.0868],[25.5805,60.2623],[26.9223,60.3161],[28.4318,60.6035],[28.51,60.7318],[30.9018,62.1255],[31.3609,62.6078],[31.4083,62.792],[31.14,63.1237],[30.2126,63.4671],[30.0149,63.6156],[30.4058,63.8885],[30.3635,64.1168],[29.6182,64.9734],[30.0017,65.7221],[29.6543,66.26],[29.0229,66.8874],[29.9461,67.5339],[29.2681,67.9382],[28.6222,68.1207],[28.6972,68.6955]]]},"properties":{"NAME":"Finland","ABBREVN":"Finland","SUBJECTO":"Finland","BORDERPRECISION":3,"PARTOF":"Finland"}},
{"type":"Feature","geometry":{"type":"MultiPolygon","coordinates":[[[[-73.1115,-72.7495],[-71.5661,-72.7495],[-70.0207,-72.6722],[-69.3253,-72.2858],[-68.6299,-72.054],[-68.3981,-71.1268],[-68.8617,-70.5086],[-69.4798,-69.9678],[-70.3298,-68.9632],[-70.7161,-68.8087],[-71.4116,-68.886],[-72.3944,-69.2615],[-71.7979,-69.7359],[-71.7979,-70.3541],[-72.1843,-70.5859],[-72.107,-71.0495],[-72.7252,-71.2813],[-74.6569,-71.4359],[-75.2751,-71.6677],[-75.0433,-72.054],[-74.3478,-72.2086],[-73.4206,-71.9768],[-72.0297,-71.8222],[-71.9525,-72.2086],[-72.8797,-72.4404],[-73.1115,-72.7495]]],[[[-102.5513,-72.1313],[-101.1604,-72.3631],[-98.834,-72.5207],[-97.1424,-72.6722],[-95.9061,-72.3631],[-97.2197,-71.8222],[-101.1604,-71.8222],[-102.5513,-72.1313]]],[[[-55.1849,-80.9401],[-50.1624,-80.7855],[-44.8308,-80.3219],[-43.9035,-79.781],[-43.9035,-79.2401],[-44.2126,-78.3902],[-45.758,-78.0811],[-48.8488,-78.0811],[-50.2397,-78.3902],[-50.8578,-78.6992],[-51.0124,-79.3947],[-51.7078,-79.781],[-53.8713,-79.9356],[-54.9531,-80.3992],[-55.1849,-80.9401]]],[[[-164.058,-79.356],[-162.3581,-79.7424],[-160.4263,-79.9742],[-159.2026,-79.8825],[-158.8037,-79.6651],[-160.7354,-79.0469],[-162.5899,-78.8151],[-163.5171,-78.9697],[-164.058,-79.356]]],[[[169.7694,-83.4179],[167.5688,-83.3167],[168.3865,-83.0925],[167.2747,-82.9877],[163.3086,-82.0868],[162.0152,-81.6599],[160.5774,-81.5343],[160.433,-80.9064],[159.5791,-80.4418],[158.135,-80.3162],[159.3154,-80.0274],[160.6856,-79.1138],[161.7732,-78.8658],[162.5937,-78.9039],[163.643,-78.6606],[166.7533,-78.5986],[164.4827,-78.0644],[163.5286,-77.74],[163.2997,-77.1867],[162.3265,-76.9577],[162.67,-76.7669],[162.3838,-76.2136],[162.7654,-75.9655],[162.8226,-75.6221],[162.3456,-75.1069],[163.4141,-75.0306],[163.4332,-74.7444],[165.1886,-74.668],[164.6162,-74.1719],[165.7992,-73.8285],[167.5754,-73.4757],[168.1782,-73.5834],[168.8993,-73.5403],[168.9747,-73.2389],[170.1048,-72.6362],[169.8896,-72.0765],[170.7291,-71.9043],[168.7428,-71.2427],[167.9629,-71.097],[167.6346,-70.8651],[164.9566,-70.6246],[164.3193,-70.5178],[162.8882,-70.5708],[162.4854,-70.3057],[161.5567,-70.3155],[160.5985,-70.2209],[159.8459,-69.8287],[159.1145,-69.6061],[157.3069,-69.1564],[156.1478,-69.311],[154.4346,-68.9497],[154.2856,-68.6305],[153.6046,-68.4815],[153.7525,-68.9246],[152.3065,-68.8433],[151.0935,-68.8858],[150.8935,-68.5383],[148.7299,-68.3065],[148.2631,-68.2048],[148.0931,-67.937],[146.8755,-67.9974],[146.3903,-67.7792],[145.322,-67.5751],[145.5857,-67.2235],[145.2624,-67.0982],[144.3802,-67.1733],[143.3881,-66.9723],[142.7603,-67.0477],[142.1826,-66.9849],[141.1575,-66.7224],[136.3174,-66.3986],[134.6908,-66.083],[134.9821,-65.5974],[134.5896,-65.0225],[134.0353,-65.1847],[134.011,-65.5488],[134.2052,-66.1801],[133.3069,-66.1315],[132.9669,-66.2588],[130.2721,-66.2529],[129.4224,-66.52],[129.0096,-67.0298],[126.8003,-66.8842],[126.4118,-66.3743],[125.4407,-66.4471],[125.1251,-66.787],[123.54,-66.6452],[122.4582,-66.6452],[121.4537,-66.7997],[119.5992,-66.9156],[118.2856,-67.0701],[116.9721,-66.8383],[115.6788,-66.4143],[114.4356,-66.4932],[113.9585,-65.9884],[113.0149,-65.7631],[112.0268,-65.9884],[111.673,-65.9604],[110.6074,-66.0591],[110.568,-66.3945],[109.4037,-66.7103],[108.1014,-66.7103],[107.6224,-66.452],[107.1588,-66.452],[105.4589,-66.2974],[103.8362,-65.9884],[103.3114,-66.0661],[102.6308,-65.9262],[100.8754,-66.0788],[99.6543,-66.5495],[99.12,-66.8929],[98.6621,-66.6258],[98.0642,-66.5876],[97.1137,-66.6838],[95.7229,-66.5293],[93.4821,-66.6065],[90,-66.6065],[88.6536,-66.7639],[88.305,-66.0656],[88.0841,-66.1109],[87.7651,-66.7487],[87.2232,-66.9929],[85.5233,-66.9156],[81.8143,-67.302],[78.2599,-68.3837],[77.7963,-68.8473],[76.8691,-69.311],[75.4009,-69.4655],[74.3964,-69.7746],[72.542,-70.2382],[71.9238,-70.5473],[70.3011,-72.0154],[69.5284,-72.4018],[68.2149,-72.4018],[67.3649,-72.0927],[67.3649,-71.7063],[68.1376,-71.0882],[68.6839,-71.0603],[69.0744,-70.5877],[68.1908,-70.6699],[67.5127,-70.4644],[67.8415,-70.0329],[68.2149,-69.8518],[68.9511,-69.8891],[69.1421,-69.3882],[69.4442,-69.1904],[69.773,-68.6356],[69.683,-68.1519],[69.3739,-67.8428],[66.9785,-67.8428],[63.5787,-67.5338],[62.806,-67.611],[62.1105,-67.5338],[59.603,-67.3298],[56.6269,-66.9423],[57.1005,-66.5226],[56.1749,-66.4472],[55.1416,-65.9629],[53.7654,-65.9111],[52.4518,-65.9884],[50.5201,-66.3747],[50.006,-66.5876],[50.006,-66.8399],[50.2732,-67.1367],[48.9672,-66.9735],[48.3142,-67.018],[48.2697,-67.1812],[48.8485,-67.4335],[47.3051,-67.7749],[46.9192,-67.4039],[46.0585,-67.4335],[46.0384,-67.6883],[44.797,-67.7452],[44.184,-68.036],[42.5613,-68.1133],[41.9431,-68.4224],[39.6471,-68.9336],[39.4593,-69.7007],[38.332,-70.0295],[37.2988,-69.6537],[37.6745,-69.5128],[37.5806,-69.278],[36.9856,-69.3563],[36.5316,-69.6537],[36.0776,-69.5911],[35.2979,-69.1178],[34.7155,-68.9336],[34.2934,-68.4996],[33.5413,-68.5422],[33.0247,-68.9179],[32.748,-69.3496],[31.7435,-69.5041],[30.6618,-69.736],[25.6392,-70.3541],[23.7075,-70.5859],[22.5484,-70.5859],[19.5349,-70.1609],[17.6032,-70.0837],[12.6579,-70.3155],[11.9625,-70.7018],[11.1125,-70.8564],[10.3398,-70.7018],[9.4126,-70.0837],[8.4853,-70.0837],[6.5536,-70.47],[3.3083,-70.9336],[0.6811,-71.32],[-0.787,-71.7063],[-1.2506,-71.32],[-2.7188,-71.3972],[-4.8823,-71.2813],[-6.3176,-71.425],[-6.255,-71.1536],[-5.7323,-70.895],[-6.3505,-70.6632],[-7.2004,-70.895],[-7.6327,-71.258],[-7.7413,-71.6677],[-8.8225,-71.8216],[-9.364,-71.1268],[-9.7503,-71.0495],[-11.1412,-71.5904],[-11.5989,-71.6337],[-11.8076,-71.2997],[-12.3712,-71.4041],[-12.3295,-71.6755],[-11.5571,-72.0721],[-11.8285,-72.3226],[-14.2708,-72.8444],[-14.5839,-73.1784],[-15.7001,-73.2904],[-16.3955,-73.4449],[-17.0909,-73.9085],[-16.1637,-74.0631],[-15.0047,-73.8312],[-14.4509,-74.0646],[-17.1682,-74.7585],[-18.4045,-75.6857],[-20.6454,-75.9175],[-23.5816,-75.9175],[-25.977,-76.3039],[-30.2268,-76.8448],[-32.0813,-77.3084],[-33.1631,-77.3856],[-34.9403,-77.9265],[-36.4084,-78.622],[-36.4084,-79.1629],[-35.0175,-79.1629],[-32.854,-79.3174],[-31.8495,-79.2401],[-29.5677,-79.2243],[-29.035,-79.3765],[-28.9132,-79.8583],[-28.3723,-80.0901],[-28.9132,-80.4764],[-32.9312,-80.8628],[-38.031,-80.9401],[-41.8173,-81.4037],[-42.9763,-81.9446],[-43.8263,-81.79],[-52.2487,-82.0218],[-55.1849,-82.3309],[-57.5803,-83.0263],[-58.9711,-83.1809],[-59.2802,-82.7173],[-60.2075,-82.3309],[-63.1437,-82.0991],[-67.9344,-81.4809],[-74.8887,-80.7082],[-76.6434,-80.2146],[-78.2886,-80.3219],[-78.8295,-80.0128],[-76.4341,-79.8583],[-76.5887,-79.3947],[-77.9795,-79.0856],[-80.2203,-79.3174],[-81.3021,-79.3174],[-82.9248,-79.1629],[-84.1037,-78.6485],[-84.1611,-78.2356],[-83.0793,-78.2356],[-82.0748,-78.7765],[-79.1385,-78.931],[-77.7824,-78.6485],[-78.2886,-78.3129],[-80.7612,-78.2356],[-81.6549,-77.6804],[-80.6868,-77.5665],[-77.0523,-77.9265],[-74.5024,-78.0811],[-73.0271,-77.8228],[-73.5681,-77.4811],[-75.816,-77.4629],[-78.5977,-76.6129],[-78.8295,-76.2266],[-78.4431,-75.9948],[-77.825,-75.9948],[-76.2796,-76.3039],[-75.9315,-76.4845],[-73.8813,-76.6268],[-70.5616,-76.6902],[-69.248,-76.3811],[-65.9254,-75.8403],[-64.4573,-75.6857],[-63.221,-74.8357],[-62.6801,-74.7585],[-61.3665,-73.9085],[-60.8256,-72.7495],[-60.9802,-72.054],[-61.6756,-70.8177],[-62.1392,-70.5086],[-63.1437,-69.4269],[-63.4528,-68.886],[-63.8391,-68.6542],[-64.5346,-68.6542],[-65.1527,-68.4996],[-65.6936,-67.8815],[-65.3845,-67.3406],[-64.38,-66.7224],[-63.8391,-66.4906],[-63.3755,-66.4906],[-62.7574,-66.6452],[-62.4483,-66.3361],[-62.371,-65.7952],[-61.1347,-64.868],[-59.8211,-64.3271],[-58.8939,-64.3271],[-57.2712,-63.7089],[-57.4258,-63.2453],[-58.1212,-63.3998],[-59.1257,-63.8634],[-60.2075,-63.9407],[-61.2892,-64.4816],[-62.9119,-64.7134],[-64.2255,-65.2543],[-64.6891,-65.5634],[-65.0755,-65.9497],[-65.7709,-66.1815],[-66.8527,-66.7997],[-67.7026,-66.877],[-67.8572,-67.5724],[-67.3163,-67.8042],[-67.0845,-68.6542],[-67.4708,-69.1951],[-68.2435,-69.3496],[-68.7844,-69.8132],[-68.6299,-70.2768],[-68.089,-70.5859],[-67.7026,-71.2813],[-67.0845,-71.8222],[-67.0845,-72.4404],[-67.6254,-72.7495],[-71.4888,-73.3676],[-75.5841,-73.754],[-77.1295,-73.6381],[-78.5204,-73.7153],[-79.7567,-73.1745],[-80.993,-73.2517],[-81.3021,-73.7926],[-81.7657,-74.0244],[-84.3929,-73.7926],[-85.9383,-73.4835],[-86.3246,-73.2517],[-87.4064,-73.4063],[-88.5655,-73.2517],[-88.72,-72.7881],[-89.2609,-72.7881],[-90,-73.329],[-93.9743,-73.1745],[-96.5242,-73.329],[-99.7882,-72.9978],[-102.1737,-73.0895],[-102.5513,-72.7881],[-103.5867,-72.7409],[-103.5867,-73.1079],[-102.9444,-73.3648],[-100.2286,-73.4382],[-99.6781,-73.6584],[-101.4214,-73.7685],[-103.2467,-73.5608],[-103.1646,-73.8602],[-101.8801,-74.0988],[-101.4948,-74.5392],[-100.5589,-74.4658],[-100.4121,-74.7594],[-99.7332,-75.0713],[-100.0451,-75.3099],[-101.7517,-75.2548],[-103.9421,-75.1062],[-105.6421,-75.0676],[-106.8011,-75.3766],[-108.3465,-75.2994],[-109.1965,-75.1448],[-110.557,-75.3029],[-110.7914,-74.9513],[-110.3373,-74.7609],[-110.4328,-74.2949],[-111.0991,-74.1749],[-111.7464,-74.2949],[-111.7437,-74.7169],[-112.3645,-74.8357],[-113.4283,-74.6876],[-113.2379,-74.3214],[-113.5016,-74.0723],[-114.1462,-73.9258],[-114.9372,-74.0577],[-114.9917,-74.4494],[-117.3871,-74.5267],[-118.0825,-74.2949],[-118.7779,-74.6039],[-120.1688,-74.5267],[-123.5687,-74.8357],[-127.1231,-74.6812],[-128.9775,-74.913],[-130.9865,-74.7971],[-133.5364,-74.7971],[-134.7728,-74.6426],[-136.7818,-74.8744],[-138.559,-75.1062],[-140.568,-75.2607],[-144.5087,-75.7243],[-146.6723,-76.1107],[-148.5268,-76.0334],[-149.6086,-76.3425],[-148.4495,-76.497],[-147.1308,-76.5312],[-146.116,-76.8596],[-146.1459,-77.4565],[-147.9859,-77.347],[-149.9949,-77.7334],[-152.0856,-77.3371],[-154.1675,-77.1152],[-156.4083,-77.1152],[-158.031,-77.2697],[-158.1855,-77.8106],[-157.3355,-78.197],[-156.0219,-78.3515],[-154.7084,-78.1197],[-154.1323,-78.3523],[-155.8674,-78.7379],[-154.5538,-79.1242],[-151.7721,-79.2015],[-150.5802,-79.4829],[-148.6041,-79.6651],[-146.9041,-80.0514],[-145.6678,-80.5151],[-148.8359,-81.365],[-149.9949,-81.2105],[-151.5403,-81.2105],[-154.4766,-81.056],[-155.7129,-81.056],[-156.9988,-81.1963],[-154.2675,-81.6769],[-154.9825,-81.9114],[-154.5538,-82.1377],[-152.0812,-82.6014],[-152.9312,-82.9104],[-153.3097,-83.9419],[-152.0039,-84.3786],[-149.6086,-84.4558],[-145.2815,-84.7649],[-138.8168,-85.013],[-139.3309,-85.2228],[-148.7586,-85.074],[-151.463,-85.3058],[-156.5628,-85.4603],[-160.5036,-85.3831],[-167.2261,-84.7649],[-170.3169,-84.6876],[-173.8713,-84.4558],[-178.4302,-84.4558],[-180,-84.3223],[-180,-85.3223],[-180,-86.3223],[-180,-87.3223],[-180,-88.3223],[-180,-89.3223],[-180,-90],[-179.2037,-90],[-178.2037,-90],[-177.2037,-90],[-176.2037,-90],[-175.2037,-90],[-174.2037,-90],[-173.2037,-90],[-172.2037,-90],[-171.2037,-90],[-170.2037,-90],[-169.2037,-90],[-168.2037,-90],[-167.2037,-90],[-166.2037,-90],[-165.2037,-90],[-164.2037,-90],[-163.2037,-90],[-162.2037,-90],[-161.2037,-90],[-160.2037,-90],[-159.2037,-90],[-158.2037,-90],[-157.2037,-90],[-156.2037,-90],[-155.2037,-90],[-154.2037,-90],[-153.2037,-90],[-152.2037,-90],[-151.2037,-90],[-150.2037,-90],[-149.2037,-90],[-148.2037,-90],[-147.2037,-90],[-146.2037,-90],[-145.2037,-90],[-144.2037,-90],[-143.2037,-90],[-142.2037,-90],[-141.2037,-90],[-140.2037,-90],[-139.2037,-90],[-138.2037,-90],[-137.2037,-90],[-136.2037,-90],[-135.2037,-90],[-134.2037,-90],[-133.2037,-90],[-132.2037,-90],[-131.2037,-90],[-130.2037,-90],[-129.2037,-90],[-128.2037,-90],[-127.2037,-90],[-126.2037,-90],[-125.2037,-90],[-124.2037,-90],[-123.2037,-90],[-122.2037,-90],[-121.2037,-90],[-120.2037,-90],[-119.2037,-90],[-118.2037,-90],[-117.2037,-90],[-116.2037,-90],[-115.2037,-90],[-114.2037,-90],[-113.2037,-90],[-112.2037,-90],[-111.2037,-90],[-110.2037,-90],[-109.2037,-90],[-108.2037,-90],[-107.2037,-90],[-106.2037,-90],[-105.2037,-90],[-104.2037,-90],[-103.2037,-90],[-102.2037,-90],[-101.2037,-90],[-100.2037,-90],[-99.2037,-90],[-98.2037,-90],[-97.2037,-90],[-96.2037,-90],[-95.2037,-90],[-94.2037,-90],[-93.2037,-90],[-92.2037,-90],[-91.2037,-90],[-90,-90],[-89.2037,-90],[-88.2037,-90],[-87.2037,-90],[-86.2037,-90],[-85.2037,-90],[-84.2037,-90],[-83.2037,-90],[-82.2037,-90],[-81.2037,-90],[-80.2037,-90],[-79.2037,-90],[-78.2037,-90],[-77.2037,-90],[-76.2037,-90],[-75.2037,-90],[-74.2037,-90],[-73.2037,-90],[-72.2037,-90],[-71.2037,-90],[-70.2037,-90],[-69.2037,-90],[-68.2037,-90],[-67.2037,-90],[-66.2037,-90],[-65.2037,-90],[-64.2037,-90],[-63.2037,-90],[-62.2037,-90],[-61.2037,-90],[-60.2037,-90],[-59.2037,-90],[-58.2037,-90],[-57.2037,-90],[-56.2037,-90],[-55.2037,-90],[-54.2037,-90],[-53.2037,-90],[-52.2037,-90],[-51.2037,-90],[-50.2037,-90],[-49.2037,-90],[-48.2037,-90],[-47.2037,-90],[-46.2037,-90],[-45.2037,-90],[-44.2037,-90],[-43.2037,-90],[-42.2037,-90],[-41.2037,-90],[-40.2037,-90],[-39.2037,-90],[-38.2037,-90],[-37.2037,-90],[-36.2037,-90],[-35.2037,-90],[-34.2037,-90],[-33.2037,-90],[-32.2037,-90],[-31.2037,-90],[-30.2037,-90],[-29.2037,-90],[-28.2037,-90],[-27.2037,-90],[-26.2037,-90],[-25.2037,-90],[-24.2037,-90],[-23.2037,-90],[-22.2037,-90],[-21.2037,-90],[-20.2037,-90],[-19.2037,-90],[-18.2037,-90],[-17.2037,-90],[-16.2037,-90],[-15.2037,-90],[-14.2037,-90],[-13.2037,-90],[-12.2037,-90],[-11.2037,-90],[-10.2037,-90],[-9.2037,-90],[-8.2037,-90],[-7.2037,-90],[-6.2037,-90],[-5.2037,-90],[-4.2037,-90],[-3.2037,-90],[-2.2037,-90],[-1.2037,-90],[-0.2037,-90],[0.7781,-90],[1.7781,-90],[2.7781,-90],[3.7781,-90],[4.7781,-90],[5.7781,-90],[6.7781,-90],[7.7781,-90],[8.7781,-90],[9.7781,-90],[10.7781,-90],[11.7781,-90],[12.7781,-90],[13.7781,-90],[14.7781,-90],[15.7781,-90],[16.7781,-90],[17.7781,-90],[18.7781,-90],[19.7781,-90],[20.7781,-90],[21.7781,-90],[22.7781,-90],[23.7781,-90],[24.7781,-90],[25.7781,-90],[26.7781,-90],[27.7781,-90],[28.7781,-90],[29.7781,-90],[30.7781,-90],[31.7781,-90],[32.7781,-90],[33.7781,-90],[34.7781,-90],[35.7781,-90],[36.7781,-90],[37.7781,-90],[38.7781,-90],[39.7781,-90],[40.7781,-90],[41.7781,-90],[42.7781,-90],[43.7781,-90],[44.7781,-90],[45.7781,-90],[46.7781,-90],[47.7781,-90],[48.7781,-90],[49.7781,-90],[50.7781,-90],[51.7781,-90],[52.7781,-90],[53.7781,-90],[54.7781,-90],[55.7781,-90],[56.7781,-90],[57.7781,-90],[58.7781,-90],[59.7781,-90],[60.7781,-90],[61.7781,-90],[62.7781,-90],[63.7781,-90],[64.7781,-90],[65.7781,-90],[66.7781,-90],[67.7781,-90],[68.7781,-90],[69.7781,-90],[70.7781,-90],[71.7781,-90],[72.7781,-90],[73.7781,-90],[74.7781,-90],[75.7781,-90],[76.7781,-90],[77.7781,-90],[78.7781,-90],[79.7781,-90],[80.7781,-90],[81.7781,-90],[82.7781,-90],[83.7781,-90],[84.7781,-90],[85.7781,-90],[86.7781,-90],[87.7781,-90],[88.7781,-90],[89.7781,-90],[89.7963,-90],[90,-90],[91.7781,-90],[92.7781,-90],[93.7781,-90],[94.7781,-90],[95.7781,-90],[96.7781,-90],[97.7781,-90],[98.7781,-90],[99.7781,-90],[100.7781,-90],[101.7781,-90],[102.7781,-90],[103.7781,-90],[104.7781,-90],[105.7781,-90],[106.7781,-90],[107.7781,-90],[108.7781,-90],[109.7781,-90],[110.7781,-90],[111.7781,-90],[112.7781,-90],[113.7781,-90],[114.7781,-90],[115.7781,-90],[116.7781,-90],[117.7781,-90],[118.7781,-90],[119.7781,-90],[120.7781,-90],[121.7781,-90],[122.7781,-90],[123.7781,-90],[124.7781,-90],[125.7781,-90],[126.7781,-90],[127.7781,-90],[128.7781,-90],[129.7781,-90],[130.7781,-90],[131.7781,-90],[132.7781,-90],[133.7781,-90],[134.7781,-90],[135.7781,-90],[136.7781,-90],[137.7781,-90],[138.7781,-90],[139.7781,-90],[140.7781,-90],[141.7781,-90],[142.7781,-90],[143.7781,-90],[144.7781,-90],[145.7781,-90],[146.7781,-90],[147.7781,-90],[148.7781,-90],[149.7781,-90],[150.7781,-90],[151.7781,-90],[152.7781,-90],[153.7781,-90],[154.7781,-90],[155.7781,-90],[156.7781,-90],[157.7781,-90],[158.7781,-90],[159.7781,-90],[160.7781,-90],[161.7781,-90],[162.7781,-90],[163.7781,-90],[164.7781,-90],[165.7781,-90],[166.7781,-90],[167.7781,-90],[168.7781,-90],[169.7781,-90],[170.7781,-90],[171.7781,-90],[172.7781,-90],[173.7781,-90],[174.7781,-90],[175.7781,-90],[176.7781,-90],[177.7781,-90],[178.7781,-90],[180,-90],[180,-89.3192],[180,-88.3192],[180,-87.3192],[180,-86.3192],[180,-85.3192],[180,-84.3404],[176.9334,-84.0309],[172.5803,-83.8442],[171.4897,-83.5937],[169.7694,-83.4179]]]]},"properties":{"NAME":null,"ABBREVN":null,"SUBJECTO":null,"BORDERPRECISION":3,"PARTOF":null}},
{"type":"Feature","geometry":{"type":"Polygon","coordinates":[[[21.0316,40.7268],[21.6684,40.8264],[22.0102,41.0911],[22.4526,41.0486],[22.9202,41.2307],[22.9485,41.6798],[22.6862,42.0635],[22.3264,42.2927],[22.3384,42.6654],[22.7923,42.9507],[22.9152,43.1764],[22.3181,43.6815],[22.3739,43.9393],[22.694,44.2631],[22.4406,44.4953],[22.4095,44.7503],[22.1329,44.5112],[21.8589,44.6812],[21.33,44.8204],[20.7692,44.6603],[20.643,44.8125],[20.5706,44.8474],[20.4053,44.8552],[20.2406,45.1548],[19.8534,45.236],[19.1021,45.1324],[19.3532,44.8913],[19.1272,44.5096],[19.524,44.0626],[19.519,43.7211],[19.2227,43.5102],[19.6646,43.1687],[19.966,43.1034],[20.3175,42.9025],[20.0471,42.4875],[20.575,41.9299],[20.5728,41.3011],[20.707,41.0006],[21.0316,40.7268]]]},"properties":{"NAME":"Serbia","ABBREVN":"Serbia","SUBJECTO":"Serbia","BORDERPRECISION":3,"PARTOF":"Serbia"}},
{"type":"Feature","geometry":{"type":"MultiPolygon","coordinates":[[[[9.4055,42.5806],[9.0184,42.691],[8.6093,42.4873],[8.5107,42.1341],[8.7424,41.8816],[8.7269,41.5606],[9.173,41.3499],[9.4525,42.0483],[9.4867,42.4064],[9.4055,42.5806]]],[[[7.5528,43.8675],[7.9795,43.9649],[8.6717,44.4174],[8.8966,44.4372],[9.6919,44.2196],[9.9093,44.1105],[10.2925,43.7054],[10.4877,43.2359],[10.7428,42.8505],[11.1048,42.5491],[11.4974,42.3764],[11.9634,42.0047],[12.6415,41.5311],[12.9768,41.3714],[13.4984,41.3019],[13.797,41.1934],[14.0509,40.7675],[14.3703,40.8515],[14.951,40.5515],[15.0273,40.2122],[15.432,39.989],[15.6662,40.0919],[15.8247,39.6606],[15.9896,39.4284],[16.0826,39.0125],[15.9898,38.7348],[15.6275,38.0042],[16.0529,37.9312],[16.3307,38.3207],[16.572,38.4571],[16.5222,38.725],[16.7977,38.9259],[17.0947,38.915],[17.1491,39.4218],[16.5321,39.6975],[16.7276,40.1836],[17.0841,40.5251],[17.4017,40.2919],[17.8496,40.2435],[18.0171,39.9479],[18.3649,39.7467],[18.5226,40.0941],[18.3836,40.3078],[18.0339,40.5967],[16.946,41.0938],[15.991,41.4061],[15.8733,41.5021],[16.1984,41.7457],[16.0128,41.9043],[15.4486,41.8567],[14.9224,41.9718],[14.5193,42.2297],[14.0928,42.6095],[13.6009,43.5348],[12.6972,43.9348],[12.3451,44.301],[12.2736,44.6726],[12.5231,44.8828],[12.1762,45.2143],[13.1562,45.7265],[13.6732,45.7145],[13.8,45.5664],[13.825,45.6627],[13.5351,45.8013],[13.6063,46.1321],[13.3445,46.2845],[13.5689,46.5104],[12.3619,46.7085],[12.0748,46.9275],[11.7397,46.7517],[11.9084,46.4141],[11.5709,46.2454],[11.5709,45.9754],[11.2334,46.0091],[10.9296,45.8403],[10.7946,45.6378],[10.5246,45.7391],[10.4571,46.2116],[10.5583,46.3129],[10.5583,46.7179],[10.3957,46.8874],[10.0237,46.6209],[9.885,46.4025],[9.2183,46.348],[8.8907,45.8662],[8.3816,46.2843],[8.0709,46.1934],[7.7899,45.927],[7.5068,46.0025],[6.9553,45.9389],[6.6745,45.8033],[7.1191,45.4305],[6.6653,44.9545],[6.9426,44.8687],[6.7829,44.5479],[6.8698,44.3492],[7.2092,44.1731],[7.5911,44.2047],[7.5528,43.8675]]],[[[14.622,36.7761],[15.0273,36.7451],[15.3013,37.0579],[15.1162,37.2869],[15.181,37.6823],[15.4729,38.1101],[15.3867,38.2055],[14.7659,38.0576],[13.8095,37.9664],[13.3225,38.2205],[13.066,38.0669],[12.7828,38.1174],[12.4541,37.766],[12.6369,37.5815],[13.0116,37.5249],[13.8684,37.157],[14.2159,37.0493],[14.622,36.7761]]],[[[8.6961,38.9958],[9.0625,39.2199],[9.4789,39.1442],[9.698,39.6935],[9.6308,40.0959],[9.7937,40.5637],[9.5909,40.9029],[9.3062,41.1844],[8.7661,40.8628],[8.2407,40.8553],[8.2016,40.663],[8.4282,40.4649],[8.5085,39.9465],[8.3742,39.3078],[8.6961,38.9958]]]]},"properties":{"NAME":"Kingfom of Italy","ABBREVN":"Italy","SUBJECTO":"Italy","BORDERPRECISION":3,"PARTOF":"Italy"}},
{"type":"Feature","geometry":{"type":"Polygon","coordinates":[[[30.4328,46.1757],[30.0661,46.2804],[29.4267,46.8161],[29.1156,47.2827],[28.9082,47.8184],[28.3473,48.1503],[27.7061,48.4397],[27.4858,48.6706],[27.1077,48.8326],[26.9894,48.6808],[26.4799,48.5858],[26.0899,48.6077],[26.2546,48.303],[26.0378,48.2164],[26.4409,47.5975],[25.5697,47.4219],[25.2273,47.2486],[25.6477,47.1425],[26.0248,46.8321],[25.6509,46.4036],[25.4484,46.3023],[25.5159,45.796],[24.9421,45.9648],[24.4021,45.8973],[24.0646,46.0998],[23.5583,45.8973],[23.2545,46.0661],[23.0182,45.8635],[22.4782,45.7285],[22.3432,44.986],[22.4095,44.7503],[22.4406,44.4953],[22.694,44.2631],[23.0283,44.1236],[23.0641,43.906],[23.6383,43.9901],[24.1564,43.8126],[24.6203,43.9439],[25.3781,43.7806],[25.5491,43.8073],[26.6844,44.2526],[26.9371,44.2346],[27.6027,43.9484],[28.5101,43.7431],[28.6862,44.4881],[29.0897,44.8757],[29.4575,44.9151],[29.7108,45.2583],[29.5004,45.5234],[29.6295,45.7504],[30.0688,45.8614],[30.4328,46.1757]]]},"properties":{"NAME":"Romania","ABBREVN":"Romania","SUBJECTO":"Romania","BORDERPRECISION":3,"PARTOF":"Romania"}},
{"type":"Feature","geometry":{"type":"Polygon","coordinates":[[[22.4095,44.7503],[22.3432,44.986],[22.4782,45.7285],[23.0182,45.8635],[23.2545,46.0661],[23.5583,45.8973],[24.0646,46.0998],[24.4021,45.8973],[24.9421,45.9648],[25.5159,45.796],[25.4484,46.3023],[25.6509,46.4036],[26.0248,46.8321],[25.6477,47.1425],[25.2273,47.2486],[25.5697,47.4219],[26.4409,47.5975],[26.0378,48.2164],[26.2546,48.303],[26.0899,48.6077],[26.4799,48.5858],[26.2194,49.1343],[26.2547,49.7504],[25.6711,49.7596],[25.2026,50.1552],[25.1516,50.3354],[24.4044,50.6343],[24.0628,50.6207],[23.1162,50.3854],[22.4828,50.3717],[22.3944,50.6803],[21.9078,50.8122],[21.1574,50.3765],[20.8112,50.3611],[20.2706,50.1042],[19.3112,50.2684],[18.6045,49.939],[18.048,50.1026],[17.7507,50.036],[17.6788,50.3383],[17.0115,50.2869],[16.728,50.1486],[16.2044,50.4632],[15.8183,50.7973],[15.4722,50.8326],[15.267,51.023],[14.9973,50.9169],[14.5964,51.023],[13.8548,50.7674],[13.233,50.6638],[12.9823,50.4741],[12.4616,50.3981],[12.2354,50.2408],[12.5542,50.0016],[12.5363,49.5626],[13.2031,49.1662],[13.7455,48.9399],[13.9467,48.6551],[12.6942,48.1294],[13.023,47.6624],[12.7001,47.6902],[11.5596,47.613],[11.1703,47.4245],[10.8348,47.545],[10.3883,47.579],[10.1995,47.301],[9.892,47.5635],[9.6655,47.5562],[9.5393,47.4872],[9.5208,47.0694],[10.0515,46.8677],[10.3957,46.8874],[10.5583,46.7179],[10.5583,46.3129],[10.4571,46.2116],[10.5246,45.7391],[10.7946,45.6378],[10.9296,45.8403],[11.2334,46.0091],[11.5709,45.9754],[11.5709,46.2454],[11.9084,46.4141],[11.7397,46.7517],[12.0748,46.9275],[12.3619,46.7085],[13.5689,46.5104],[13.3445,46.2845],[13.6063,46.1321],[13.5351,45.8013],[13.825,45.6627],[13.8,45.5664],[13.5269,45.4543],[13.6721,45.0504],[13.8951,44.7592],[14.1885,44.9425],[14.3545,45.3229],[14.8154,45.0779],[14.9455,44.9266],[14.9891,44.54],[15.4123,43.9348],[15.9128,43.6522],[16.0594,43.4335],[16.3667,43.513],[16.9923,43.3227],[17.5957,42.8889],[18.5136,42.3621],[18.5798,42.6463],[18.4844,42.9778],[19.0469,43.5303],[19.2227,43.5102],[19.519,43.7211],[19.524,44.0626],[19.1272,44.5096],[19.3532,44.8913],[19.1021,45.1324],[19.8534,45.236],[20.2406,45.1548],[20.4053,44.8552],[20.5706,44.8474],[20.643,44.8125],[20.7692,44.6603],[21.33,44.8204],[21.8589,44.6812],[22.1329,44.5112],[22.4095,44.7503]]]},"properties":{"NAME":"Austro-Hungarian Empire","ABBREVN":"Austria Hung","SUBJECTO":"Austro-Hungarian Empire","BORDERPRECISION":3,"PARTOF":"Austro-Hungarian Empire"}},
{"type":"Feature","geometry":{"type":"Polygon","coordinates":[[[107.8756,21.4621],[107.7866,21.5263],[107.0981,21.6493],[106.6734,21.9262],[106.5074,22.3252],[106.7198,22.6629],[106.588,22.9288],[105.9411,22.9314],[105.594,23.0373],[105.3134,23.296],[104.9446,23.1034],[104.4781,22.7832],[104.115,22.7303],[103.3973,22.7071],[102.9851,22.4698],[102.5704,22.6896],[102.1855,22.6366],[101.6624,22.3923],[101.535,22.1375],[101.7529,21.4721],[101.5842,21.2235],[101.2385,21.2596],[101.014,21.4424],[100.7878,21.2824],[100.3504,20.7464],[100.0012,20.4587],[100.4306,20.2262],[100.3871,19.6735],[100.5004,19.4393],[101.0971,19.5507],[101.2294,18.9101],[100.9536,18.0195],[100.8884,17.6],[101.1701,17.3921],[101.8646,18.1074],[102.02,18.121],[102.6615,17.8454],[103.0059,17.9934],[103.2245,18.4392],[103.8077,18.3474],[103.9276,18.2782],[104.0791,17.9108],[104.3887,17.6142],[104.5842,17.3296],[104.6104,16.6439],[104.7734,16.2702],[105.2143,15.6948],[105.4732,15.1502],[105.4197,14.5275],[105.0565,14.2395],[104.921,14.3149],[104.3927,14.3817],[103.7829,14.3781],[103.083,14.2914],[102.8484,14.0931],[102.4346,13.5381],[102.3345,13.2326],[102.4449,12.6552],[102.6641,12.3325],[102.6708,12.0377],[102.9626,11.3679],[103.0396,10.898],[103.5249,11.0578],[103.6703,10.7659],[103.5249,10.5242],[103.831,10.474],[104.1603,10.5192],[104.4278,10.2847],[104.7649,10.1774],[104.9785,9.9809],[104.9873,9.8221],[104.8224,9.4723],[104.7425,8.4937],[104.9071,8.475],[105.2084,8.6535],[105.5031,9.029],[105.9266,9.1888],[106.2293,9.5516],[106.482,9.5521],[106.6563,9.7431],[106.7486,10.0673],[106.7044,10.4484],[106.7732,10.6392],[107.0356,10.4364],[107.412,10.3674],[107.6729,10.5268],[108.1643,10.9662],[108.6959,11.1452],[109.0734,11.6352],[109.0684,12.4865],[109.3071,12.9063],[109.0711,14.17],[108.9178,14.7923],[108.7861,15.0906],[108.4989,15.3631],[108.3631,15.6233],[108.2361,16.0804],[108.0953,16.2516],[107.8092,16.2827],[107.115,16.9546],[106.6223,17.3284],[106.4331,17.5503],[106.3644,18.0075],[105.5326,18.8442],[105.8434,19.7024],[105.9649,19.8805],[106.3809,20.1101],[106.7716,20.6381],[106.807,20.905],[107.3743,20.8808],[107.4178,21.1858],[107.8756,21.4621]]]},"properties":{"NAME":"French Indochina","ABBREVN":"Fr IndoChina","SUBJECTO":"France","BORDERPRECISION":3,"PARTOF":"French Indochina"}},
{"type":"Feature","geometry":{"type":"MultiPolygon","coordinates":[[[[108.5605,19.0603],[108.6519,18.4824],[109.4297,18.0966],[109.6691,18.4147],[110.2625,18.6256],[110.427,19.2294],[110.8854,19.7068],[110.6174,20.0175],[110.0606,19.9401],[109.9159,19.8],[109.5503,19.9136],[109.4201,19.6592],[109.1982,19.6841],[108.5769,19.1874],[108.5605,19.0603]]],[[[130.2259,42.6513],[130.8397,42.8853],[131.1396,43.2266],[131.1184,44.163],[130.9692,44.5668],[130.9905,44.8174],[131.7395,45.2593],[132.7776,44.9877],[132.989,45.1436],[133.3848,45.6488],[133.909,46.6144],[134.1653,47.3346],[134.7174,47.6942],[134.6284,48.2131],[134.1117,48.2493],[132.9694,48.0159],[132.2687,47.7784],[130.9245,47.7323],[130.8074,47.9329],[130.4758,48.8996],[130.3836,48.9642],[129.1866,49.3421],[128.5012,49.4557],[127.712,49.6993],[127.5159,49.8744],[127.099,50.7306],[126.6756,51.4451],[126.1864,52.5181],[125.8527,52.9465],[125.5092,53.1568],[124.6432,53.1125],[123.8694,53.4134],[123.3526,53.5103],[121.1878,53.3197],[120.7022,53.1845],[119.9965,52.7038],[120.5636,52.6142],[120.8211,52.3642],[120.746,52.0071],[120.129,51.7334],[119.8598,51.4881],[119.1823,50.7017],[119.3217,50.3677],[119.2912,50.125],[118.9403,49.9725],[117.842,49.6338],[117.4905,49.5863],[116.7598,49.9299],[115.5964,48.1048],[115.717,47.7287],[116.3116,47.9137],[116.9101,47.9494],[117.3781,47.6922],[117.9145,48.0457],[118.7712,47.862],[119.1299,47.6366],[119.7948,46.9659],[119.7678,46.7455],[119.3727,46.7045],[118.3111,46.7377],[117.6471,46.5723],[117.1146,46.3623],[116.897,46.4194],[116.4767,46.3072],[116.3132,46.1575],[116.1729,45.7884],[115.6213,45.4948],[115.2177,45.4345],[114.6391,45.4701],[113.7687,44.8658],[112.9914,44.8423],[112.1017,45.1402],[111.7537,45.0029],[111.5112,44.7379],[111.4162,44.4032],[111.5909,44.1471],[111.9453,43.8601],[111.7431,43.6215],[111.1739,43.49],[110.8723,43.3152],[110.2532,42.7667],[109.3795,42.4351],[107.3588,42.4112],[106.8169,42.2545],[105.025,41.5852],[104.8084,41.5777],[104.4998,41.8],[103.5089,41.8586],[102.3369,42.2172],[101.736,42.5408],[100.0299,42.6148],[98.218,42.5985],[97.2985,42.7409],[96.3387,42.7888],[95.9666,42.5158],[96.094,41.9971],[95.3296,41.5458],[95.1067,41.8549],[94.1511,41.4026],[93.7371,40.6094],[93.0045,40.5853],[92.3993,38.9946],[90.1061,38.4728],[91.3483,37.0883],[90.8068,36.8083],[91.2527,36.1167],[89.5663,36.0575],[89.7969,35.834],[89.8152,35.4765],[89.5311,35.3757],[89.5953,34.9174],[89.8336,34.8991],[89.8244,34.1933],[89.7161,34.0416],[90.4195,33.2414],[92.952,32.6962],[95.2757,32.4248],[95.5263,31.7356],[97.7034,32.5501],[98.9251,31.0935],[98.9547,28.9605],[98.6262,28.9605],[98.7069,28.1882],[98.4072,28.1017],[98.2515,28.2343],[98.0087,28.0908],[98.216,27.5461],[98.6372,27.4787],[98.7254,26.7367],[98.7337,26.3432],[98.3823,25.6302],[97.888,25.2719],[97.5241,24.8],[97.6312,24.2736],[97.5306,23.8921],[97.7679,23.8998],[98.1368,24.0988],[98.6988,24.1465],[98.7692,24.0898],[98.894,23.2968],[98.985,23.1513],[99.4689,23.1414],[99.4836,23.0209],[99.1559,22.3078],[99.3109,22.1056],[99.7555,22.1272],[100.0402,21.6209],[100.3208,21.4638],[100.6122,21.5353],[100.8947,21.7211],[101.014,21.4424],[101.2385,21.2596],[101.5842,21.2235],[101.7529,21.4721],[101.535,22.1375],[101.6624,22.3923],[102.1855,22.6366],[102.5704,22.6896],[102.9851,22.4698],[103.3973,22.7071],[104.115,22.7303],[104.4781,22.7832],[104.9446,23.1034],[105.3134,23.296],[105.594,23.0373],[105.9411,22.9314],[106.588,22.9288],[106.7198,22.6629],[106.5074,22.3252],[106.6734,21.9262],[107.0981,21.6493],[107.7866,21.5263],[107.8756,21.4621],[108.3873,21.5309],[108.555,21.8234],[108.813,21.4936],[109.1174,21.399],[109.5161,21.5968],[109.7798,21.483],[109.6081,21.057],[109.7116,20.5682],[109.9283,20.2447],[110.2713,20.3153],[110.4337,20.4363],[110.0772,20.8675],[110.2388,21.2807],[110.5664,21.2306],[110.7496,21.3771],[111.0856,21.4794],[111.5361,21.4931],[111.8312,21.7541],[112.0395,21.6593],[112.7495,21.7561],[112.8713,22.0612],[113.0967,21.9791],[113.3777,22.1639],[113.4626,22.7739],[113.7168,22.4822],[114.5375,22.6745],[114.5587,22.4649],[114.8478,22.51],[115.3088,22.7714],[115.7067,22.6389],[115.86,22.8361],[116.3406,22.9133],[116.4039,23.1993],[116.9627,23.5562],[117.4059,23.6905],[117.8491,24.0471],[117.7961,24.4217],[117.9249,24.5617],[118.3456,24.4673],[118.5312,24.69],[118.8129,24.8494],[119.0959,25.4407],[119.3354,25.5301],[119.4703,25.7717],[119.436,26.0383],[119.5549,26.2672],[119.4289,26.5908],[119.857,26.706],[120.0841,26.9859],[120.3518,27.177],[120.5059,27.5901],[121.0086,28.277],[121.1659,28.1249],[121.3585,28.3857],[121.4325,28.8367],[121.6492,29.3197],[121.3619,29.4144],[121.6704,29.6245],[121.7703,29.8343],[121.3913,29.9224],[121.1552,30.1886],[120.8627,30.188],[120.4379,29.9966],[119.9437,30.1162],[120.6087,30.3462],[121.0355,30.5947],[121.5689,30.7101],[121.6402,30.9261],[121.4989,31.2814],[121.2683,31.4523],[121.6233,31.6182],[121.606,31.8276],[121.2305,32.0618],[121.0508,32.328],[120.6609,32.5431],[120.7194,32.848],[120.6406,33.0446],[120.3403,33.3361],[120.1494,33.8943],[119.9736,34.1352],[119.2999,34.5909],[119.0209,34.6919],[119.0602,35.0413],[119.6888,35.545],[120.1393,36.1948],[120.2697,35.9851],[120.5048,36.0556],[120.5373,36.3865],[120.8555,36.5844],[121.6099,36.8342],[121.8467,36.8602],[122.2556,36.7337],[122.3929,37.3006],[121.8948,37.376],[121.4343,37.3368],[120.6581,37.7365],[120.1694,37.5763],[119.5989,37.1166],[119.2844,37.046],[118.9546,37.0771],[118.8116,37.4461],[118.8752,37.9494],[118.7446,38.0638],[118.2003,38.0436],[117.5895,38.2845],[117.4395,38.6028],[117.7529,39.2025],[118.0699,39.2542],[118.2746,38.9996],[118.5593,39.1723],[118.9776,39.2241],[119.3855,39.8434],[119.8238,40.0422],[120.2727,40.1518],[121.0106,40.8507],[121.4267,40.8643],[121.7536,40.737],[122.0824,40.488],[122.1079,40.3537],[121.6681,39.9054],[121.2394,39.5538],[121.2822,39.3499],[121.6602,39.3315],[121.1237,38.8651],[121.4884,38.8786],[122.0275,39.2558],[123.0391,39.6722],[124.1339,39.8431],[124.4911,40.2796],[124.7251,40.4277],[125.415,40.6997],[125.8795,40.945],[126.1655,41.1894],[126.4742,41.6515],[126.8493,41.7175],[126.9724,41.5391],[127.4228,41.3562],[128.0985,41.4494],[127.8493,41.8445],[127.984,42.1076],[128.7555,42.0606],[129.4645,42.4166],[129.5682,42.7374],[129.9656,42.9574],[130.2259,42.6513]]]]},"properties":{"NAME":"Manchu Empire","ABBREVN":"ManchuEmpire","SUBJECTO":"Manchu Empire","BORDERPRECISION":3,"PARTOF":"Manchu Empire"}},
{"type":"Feature","geometry":{"type":"Polygon","coordinates":[[[14.9677,22.968],[14.9166,24.6148],[10.6692,24.4874],[10.3147,24.4663],[10.0615,24.8589],[9.9493,25.2714],[13.2485,27.4744],[9.5749,30.2074],[9.3209,30.8987],[9.0065,31.9073],[8.8607,32.1162],[8.5033,32.3112],[8.1843,32.8941],[7.8174,33.0636],[7.5306,33.8119],[7.5812,34.041],[8.2177,34.5848],[8.3126,35.0112],[8.272,36.3228],[8.3237,36.5206],[8.6367,36.8853],[7.9132,36.7752],[7.5449,37.0421],[7.307,37.0608],[6.923,36.8178],[6.3229,37.0906],[6.0474,36.8416],[5.3827,36.6745],[5.1445,36.6677],[4.3946,36.8382],[3.7412,36.8369],[3.3238,36.6512],[2.8099,36.7139],[2.5244,36.5732],[1.0576,36.4619],[0.7812,36.3849],[0.1987,36.0333],[-0.0917,35.7398],[-0.4288,35.8601],[-1.1467,35.6294],[-1.4951,35.2339],[-1.7383,35.1188],[-2.193,35.0542],[-2.0766,34.8257],[-1.7382,34.6051],[-1.664,34.2051],[-1.6811,33.2578],[-1.6102,33.0485],[-1.0813,32.4539],[-1.2343,31.989],[-2.8171,31.9928],[-3.1275,31.6604],[-3.7803,31.555],[-3.8047,31.2752],[-3.7294,30.8942],[-4.4133,30.5788],[-4.9123,30.4298],[-5.1302,30.1361],[-5.603,29.8728],[-6.3414,29.7795],[-6.4227,29.4676],[-7.1705,29.476],[-8.2845,28.783],[-8.5932,28.6414],[-8.6412,27.5668],[-8.6292,27.1727],[-7.356,26.4934],[-5.502,25.4044],[-4.4179,24.7178],[-3.1287,23.8544],[-1.6512,22.8459],[-0.0249,21.7939],[1.0874,21.133],[1.1257,20.8408],[1.8395,20.1648],[2.1537,20.2938],[2.5867,19.9658],[2.9233,19.9551],[3.1871,19.7469],[3.2314,19.5119],[3.1589,19.2064],[3.2252,18.9526],[4.2038,19.1363],[5.7755,19.4442],[7.1631,20.6218],[7.5384,20.9164],[9.3003,22.0008],[11.1057,23.0091],[11.959,23.4717],[12.3336,23.4103],[13.5274,23.0613],[14.1801,22.5694],[14.9677,22.968]]]},"properties":{"NAME":"Algeria","ABBREVN":"Algeria","SUBJECTO":"France","BORDERPRECISION":3,"PARTOF":"France"}},
{"type":"Feature","geometry":{"type":"Polygon","coordinates":[[[30.7372,3.5052],[30.9606,3.6082],[31.3923,3.6426],[31.8161,3.5371],[32.2261,3.5586],[32.6225,3.7071],[33.0185,3.7667],[33.291,3.6348],[33.7379,3.7836],[34.4276,4.5314],[35.1037,4.51],[35.8022,4.565],[35.7726,5.1495],[35.6516,5.2886],[35.2573,5.4579],[35.1007,5.6476],[34.6075,6.6362],[33.7688,7.5274],[33.0722,7.7075],[33.0298,7.7708],[33.139,8.3435],[33.8305,8.2967],[34.0418,8.4315],[34.1442,8.9532],[34.1267,9.1883],[34.3527,10.6768],[34.7366,10.7172],[34.9487,10.8201],[35.0979,11.7933],[35.4796,12.4565],[35.6658,12.6228],[36.134,12.7717],[36.2299,13.2489],[36.4093,13.8028],[36.4767,14.2665],[36.4409,14.9786],[36.4719,15.2012],[36.8244,16.112],[36.9322,16.7036],[37.0243,16.9519],[37.5094,17.0438],[37.6842,17.3307],[38.2723,17.5693],[38.6417,18.0607],[38.3067,18.2498],[37.3982,18.915],[37.2546,19.6517],[37.1278,21.2272],[36.8001,21.9149],[32.1281,21.9177],[29.918,21.9175],[28.7869,21.9109],[27.7668,21.9241],[26.4595,21.9164],[25.3216,21.9225],[24.9529,21.8822],[24.9469,21.611],[24.6868,21.6063],[19.6353,21.6021],[20.548,21.1639],[23.0579,19.9076],[23.9497,19.4743],[23.9173,18.2921],[23.9555,17.1675],[23.9509,15.6994],[23.0131,15.6812],[22.9098,15.617],[22.7221,15.0567],[22.4599,14.6929],[22.4048,14.4955],[22.4637,14.1908],[22.0736,13.9025],[22.2034,13.4966],[21.778,12.8013],[21.8767,12.643],[22.261,12.6771],[22.4237,12.0234],[22.5553,11.6556],[22.8747,11.2634],[22.819,10.9072],[23.4227,10.1544],[23.6336,9.6663],[23.4465,9.0042],[23.5222,8.6106],[24.0055,8.6198],[24.3121,8.2403],[24.6708,8.039],[25.0303,7.9331],[25.288,7.7249],[25.2213,7.5084],[25.2991,7.3309],[26.1663,6.7322],[26.2853,6.2435],[26.5787,5.9466],[26.9454,5.8725],[27.2671,5.4994],[27.2437,5.1624],[28.0582,4.271],[28.3815,4.1903],[28.7358,4.4658],[28.9084,4.4604],[29.2159,4.1762],[29.4842,4.4829],[29.6931,4.5159],[30.1578,4.0992],[30.7372,3.5052]]]},"properties":{"NAME":"Anglo-Egyption Sudan","ABBREVN":"Sudan","SUBJECTO":"United Kingdom of Great Britain and Ireland","BORDERPRECISION":3,"PARTOF":"Anglo-Egyption Sudan"}},
{"type":"Feature","geometry":{"type":"Polygon","coordinates":[[[34.1463,31.2086],[33.5576,30.9677],[33.0214,31.1321],[32.7687,30.9516],[32.3094,31.084],[32.0765,31.0137],[31.8081,31.1783],[31.7174,31.3878],[30.996,31.4689],[30.0991,31.2319],[29.6831,31.0532],[29.2488,30.7537],[28.9664,30.7848],[28.5172,30.9618],[27.9194,30.9987],[27.7633,31.1826],[26.1433,31.4906],[25.2582,31.4379],[24.9822,31.647],[24.6608,31.4882],[24.7129,27.1988],[25.2342,27.0871],[25.3087,26.2308],[24.6757,25.5233],[24.6868,21.6063],[24.9469,21.611],[24.9529,21.8822],[25.3216,21.9225],[26.4595,21.9164],[27.7668,21.9241],[28.7869,21.9109],[29.918,21.9175],[32.1281,21.9177],[36.8001,21.9149],[36.6604,22.1665],[36.2902,22.5724],[35.7463,22.9143],[35.5759,23.2317],[35.4685,23.7207],[35.7247,23.9118],[35.1899,24.3999],[34.5148,25.5739],[34.1042,26.3545],[33.9288,26.5638],[33.8041,26.9321],[33.5669,27.37],[33.3542,27.9095],[32.9347,28.3788],[32.6493,28.7658],[32.3185,29.5402],[32.4384,29.7755],[32.648,29.8522],[32.9438,29.1984],[33.1785,28.9956],[33.3307,28.5512],[33.5041,28.3292],[34.058,27.7903],[34.322,27.829],[34.5489,28.7316],[34.7643,29.2467],[34.9355,29.4181],[34.5603,30.2039],[34.1463,31.2086]]]},"properties":{"NAME":"Egypt","ABBREVN":"Egypt","SUBJECTO":"United Kingdom of Great Britain and Ireland","BORDERPRECISION":3,"PARTOF":"Egypt"}},
{"type":"Feature","geometry":{"type":"Polygon","coordinates":[[[24.6868,21.6063],[24.6757,25.5233],[25.3087,26.2308],[25.2342,27.0871],[24.7129,27.1988],[24.6608,31.4882],[24.9822,31.647],[24.8159,31.9072],[24.0344,31.9373],[23.714,32.0764],[23.1533,32.1388],[23.0073,32.4816],[22.5431,32.7221],[21.6734,32.8156],[21.0545,32.6301],[20.3657,32.2982],[20.0684,32.0371],[19.9416,31.6112],[20.1168,30.9571],[19.9815,30.7217],[19.6639,30.4415],[19.3228,30.2565],[18.915,30.2049],[17.9572,30.7684],[17.4216,30.996],[16.7825,31.1281],[16.3184,31.1653],[15.8433,31.285],[15.5334,31.5512],[15.3581,31.805],[15.2414,32.1733],[15.0098,32.3634],[14.4334,32.4639],[14.157,32.6794],[13.1871,32.7918],[12.5648,32.7396],[12.117,32.8785],[11.4707,33.1441],[11.4164,32.3277],[10.7949,31.9938],[10.1324,31.4816],[10.0755,31.3224],[10.1991,30.8846],[10.0626,30.5406],[9.5749,30.2074],[13.2485,27.4744],[9.9493,25.2714],[10.0615,24.8589],[10.3147,24.4663],[10.6692,24.4874],[14.9166,24.6148],[14.9677,22.968],[15.7858,23.3541],[15.9705,23.3806],[18.3247,22.2313],[19.6353,21.6021],[24.6868,21.6063]]]},"properties":{"NAME":"Libya","ABBREVN":"Libya","SUBJECTO":"Italy","BORDERPRECISION":3,"PARTOF":"Libya"}},
{"type":"Feature","geometry":{"type":"Polygon","coordinates":[[[-2.193,35.0542],[-2.3259,35.054],[-2.7385,34.2185],[-6.472,34.5309],[-6.753,34.1234],[-7.004,33.875],[-7.3326,33.6964],[-8.3144,33.3385],[-8.6403,33.1217],[-9.2187,32.5804],[-9.2223,32.2562],[-9.3176,31.9637],[-9.8133,31.2891],[-9.817,30.7552],[-9.625,30.4061],[-9.6626,29.9548],[-9.8696,29.643],[-10.3393,29.1463],[-11.5765,28.2286],[-12.0906,28.0242],[-12.8662,27.8573],[-13.1236,27.5463],[-11.258,27.5644],[-10.0537,27.565],[-8.6412,27.5668],[-8.5932,28.6414],[-8.2845,28.783],[-7.1705,29.476],[-6.4227,29.4676],[-6.3414,29.7795],[-5.603,29.8728],[-5.1302,30.1361],[-4.9123,30.4298],[-4.4133,30.5788],[-3.7294,30.8942],[-3.8047,31.2752],[-3.7803,31.555],[-3.1275,31.6604],[-2.8171,31.9928],[-1.2343,31.989],[-1.0813,32.4539],[-1.6102,33.0485],[-1.6811,33.2578],[-1.664,34.2051],[-1.7382,34.6051],[-2.0766,34.8257],[-2.193,35.0542]]]},"properties":{"NAME":"Morocco","ABBREVN":"Morocco","SUBJECTO":"Morocco","BORDERPRECISION":3,"PARTOF":"Morocco"}},
{"type":"Feature","geometry":{"type":"Polygon","coordinates":[[[-6.472,34.5309],[-2.7385,34.2185],[-2.3259,35.054],[-2.8299,35.1421],[-3.009,35.39],[-3.4408,35.1663],[-4.0279,35.1332],[-4.593,35.1512],[-5.1718,35.4238],[-5.565,35.8623],[-5.9288,35.7279],[-6.472,34.5309]]]},"properties":{"NAME":"Spanish Morocco","ABBREVN":"Sp Morocco","SUBJECTO":"Spanish Morocco","BORDERPRECISION":3,"PARTOF":"Spanish Morocco"}},
{"type":"Feature","geometry":{"type":"Polygon","coordinates":[[[-14.6712,25.596],[-11.917,25.5871],[-11.9145,25.6661],[-11.8932,25.8951],[-11.6427,25.9283],[-8.6884,25.9136],[-8.6417,26.0919],[-8.6292,27.1727],[-8.6412,27.5668],[-10.0537,27.565],[-11.258,27.5644],[-13.1236,27.5463],[-13.4663,26.8138],[-13.6287,26.5911],[-14.3673,26.1192],[-14.6712,25.596]]]},"properties":{"NAME":"Spanish Sahara","ABBREVN":"Sp Sahara","SUBJECTO":"Spain","BORDERPRECISION":3,"PARTOF":"Spain"}},
{"type":"Feature","geometry":{"type":"Polygon","coordinates":[[[-17.0161,21.3141],[-14.528,21.2834],[-13.0244,21.2795],[-13.1209,22.4677],[-13.1166,22.7856],[-12.7458,23.1501],[-11.9905,23.4787],[-11.9461,24.6487],[-11.917,25.5871],[-14.6712,25.596],[-14.7972,25.146],[-14.82,24.7329],[-14.9752,24.5101],[-15.714,23.8731],[-16.3525,22.4927],[-16.806,21.9897],[-16.9837,21.5953],[-17.0161,21.3141]]]},"properties":{"NAME":"Rio De Oro","ABBREVN":"Rio De Oro","SUBJECTO":"Rio De Oro","BORDERPRECISION":3,"PARTOF":"Rio De Oro"}},
{"type":"Feature","geometry":{"type":"Polygon","coordinates":[[[0.064,11.0648],[-0.2762,11.1327],[-0.7153,10.9267],[-1.7488,10.946],[-2.7025,10.9277],[-2.8808,10.7041],[-2.7636,9.834],[-2.7603,9.5035],[-2.6753,8.9255],[-2.5249,8.2781],[-2.6161,8.0106],[-2.8503,7.6278],[-3.1936,6.6023],[-3.029,5.9486],[-2.7794,5.4289],[-2.7497,5.0956],[-2.7165,5.0399],[-2.0312,4.6982],[-1.6002,4.9533],[-1.1761,5.1385],[-0.6078,5.3177],[0.0898,5.656],[0.8026,5.7147],[-0.0829,6.49],[-0.1402,7.8085],[-0.3695,8.5537],[-0.2548,10.6175],[0.064,11.0648]]]},"properties":{"NAME":"Gold Coast","ABBREVN":"Gold Coast","SUBJECTO":"United Kingdom of Great Britain and Ireland","BORDERPRECISION":3,"PARTOF":"Gold Coast"}},
{"type":"Feature","geometry":{"type":"Polygon","coordinates":[[[0.064,11.0648],[-0.2548,10.6175],[-0.3695,8.5537],[-0.1402,7.8085],[-0.0829,6.49],[0.8026,5.7147],[0.9394,5.7595],[1.1764,6.0841],[1.3418,6.1798],[1.761,6.2532],[1.5804,6.8278],[1.6647,7.1461],[1.6766,7.5212],[1.6,8.2008],[1.587,9.0843],[1.314,9.9853],[0.9222,10.2626],[0.8416,10.4401],[0.9251,10.8983],[0.064,11.0648]]]},"properties":{"NAME":"Togoland","ABBREVN":"Togoland","SUBJECTO":"Togoland","BORDERPRECISION":3,"PARTOF":"Togoland"}},
{"type":"Feature","geometry":{"type":"Polygon","coordinates":[[[14.0334,13.0606],[13.6169,13.4776],[13.5387,13.6551],[13.111,13.6399],[12.7107,13.4151],[12.368,13.1016],[12.252,13.0755],[11.2541,13.3556],[11.0151,13.3733],[10.4135,13.3062],[10.0652,13.177],[9.6005,12.8501],[9.0574,12.8215],[8.6233,12.946],[8.0953,13.2798],[7.7258,13.2649],[7.1244,13.0198],[6.8637,13.0628],[6.3712,13.6128],[6.0015,13.7378],[5.5014,13.792],[4.4941,13.659],[4.1902,13.4792],[3.8809,12.7528],[3.7224,12.5357],[3.6514,12.1539],[3.5822,11.3717],[3.6559,11.0289],[3.8306,10.7057],[3.6025,10.0179],[3.207,9.6977],[3.1812,9.1128],[2.8714,9.0411],[2.7642,8.8625],[2.7615,8.0806],[2.7209,7.6354],[2.8185,6.9876],[2.7668,6.3481],[3.4597,6.3813],[3.7189,6.5471],[3.9495,6.5794],[4.0721,6.4398],[4.6341,6.2123],[4.8863,6.0031],[5.1529,5.6415],[5.4482,5.4769],[5.333,5.2479],[5.4195,4.9558],[5.6066,4.6321],[6.0888,4.3281],[6.8445,4.2916],[7.0462,4.5081],[7.4491,4.4073],[8.1402,4.466],[8.5918,4.712],[8.8466,5.2691],[8.8379,5.7077],[9.4841,6.3217],[10.4078,7.2238],[11.1874,8.4161],[11.646,8.462],[11.967,9.1499],[12.77,9.2904],[12.8281,9.4497],[12.6435,9.6429],[14.0439,12.5777],[14.0334,13.0606]]]},"properties":{"NAME":"Nigeria","ABBREVN":"Nigeria","SUBJECTO":"United Kingdom of Great Britain and Ireland","BORDERPRECISION":3,"PARTOF":"Nigeria"}},
{"type":"Feature","geometry":{"type":"Polygon","coordinates":[[[13.0172,-4.7682],[13.2354,-4.9195],[13.5143,-4.8034],[13.6614,-4.5419],[14.3341,-4.3027],[14.3776,-4.7919],[14.4439,-4.8869],[14.9496,-4.5597],[15.5323,-4.0922],[15.9936,-3.6699],[16.0322,-3.3518],[15.9774,-3.028],[16.0979,-2.328],[16.4635,-1.6139],[17.012,-1.1403],[17.0117,0.1612],[16.4614,0.5281],[16.4155,0.9408],[15.8193,1.3536],[14.2836,1.0238],[9.8833,0.0788],[9.4734,0.116],[9.3025,-0.4563],[9.2025,-0.6344],[8.8152,-0.8958],[9.1119,-1.3527],[9.3207,-1.4158],[9.4653,-1.5934],[9.2432,-1.7718],[9.6564,-2.4191],[9.8939,-2.444],[9.9314,-2.7108],[10.5247,-3.237],[10.6412,-3.4464],[11.7726,-4.537],[11.9997,-5.0041],[12.5468,-4.5867],[12.7043,-4.5286],[13.0172,-4.7682]]]},"properties":{"NAME":"French Equatorial Africa","ABBREVN":"Fr Eq Africa","SUBJECTO":"France","BORDERPRECISION":3,"PARTOF":"French Equatorial Africa"}},
{"type":"Feature","geometry":{"type":"Polygon","coordinates":[[[-10.377,8.0756],[-10.1763,8.3534],[-9.7737,8.4385],[-9.6217,8.3949],[-9.4481,7.8492],[-9.464,7.4296],[-9.1574,7.139],[-9.0132,7.1272],[-8.6728,7.5424],[-8.4565,7.5373],[-8.3317,7.36],[-8.3044,6.9152],[-8.53,6.5261],[-8.4199,6.3615],[-7.9874,6.3323],[-7.4187,5.7318],[-7.3861,5.4015],[-7.5443,4.7649],[-7.5625,4.3512],[-7.4134,4.3307],[-7.0979,4.522],[-6.3155,4.8732],[-5.5754,5.129],[-5,5.2383],[-3.9416,5.266],[-3.1346,5.1406],[-2.9335,5.2745],[-2.7497,5.0956],[-2.7794,5.4289],[-3.029,5.9486],[-3.1936,6.6023],[-2.8503,7.6278],[-2.6161,8.0106],[-2.5249,8.2781],[-2.6753,8.9255],[-2.7603,9.5035],[-2.7636,9.834],[-2.8808,10.7041],[-2.7025,10.9277],[-1.7488,10.946],[-0.7153,10.9267],[-0.2762,11.1327],[0.064,11.0648],[0.9251,10.8983],[0.8416,10.4401],[0.9222,10.2626],[1.314,9.9853],[1.587,9.0843],[1.6,8.2008],[1.6766,7.5212],[1.6647,7.1461],[1.5804,6.8278],[1.761,6.2532],[2.7668,6.3481],[2.8185,6.9876],[2.7209,7.6354],[2.7615,8.0806],[2.7642,8.8625],[2.8714,9.0411],[3.1812,9.1128],[3.207,9.6977],[3.6025,10.0179],[3.8306,10.7057],[3.6559,11.0289],[3.5822,11.3717],[3.6514,12.1539],[3.7224,12.5357],[3.8809,12.7528],[4.1902,13.4792],[4.4941,13.659],[5.5014,13.792],[6.0015,13.7378],[6.3712,13.6128],[6.8637,13.0628],[7.1244,13.0198],[7.7258,13.2649],[8.0953,13.2798],[8.6233,12.946],[9.0574,12.8215],[9.6005,12.8501],[10.0652,13.177],[10.4135,13.3062],[11.0151,13.3733],[11.2541,13.3556],[12.252,13.0755],[12.368,13.1016],[12.7107,13.4151],[13.111,13.6399],[13.5387,13.6551],[13.6169,13.4776],[14.0334,13.0606],[14.4092,12.9739],[14.8242,12.417],[15.0018,12.0176],[15.0554,11.4777],[14.9954,11.185],[15.0712,10.6325],[15.1635,10.3724],[15.4498,9.9356],[16.2046,8.1281],[17.0117,6.9541],[17.4483,5.8314],[17.8005,5.3325],[17.9179,4.2465],[18.1527,4.0704],[18.1491,3.1018],[17.8189,2.9551],[17.6721,3.1385],[17.3419,2.845],[17.0117,0.1612],[17.012,-1.1403],[17.4547,-0.8453],[17.5935,-0.2914],[17.7594,0.5868],[17.8477,1.4962],[17.9603,2.088],[18.1173,2.4576],[18.3681,2.8341],[18.5472,3.3755],[18.6123,4.3229],[18.9658,4.7636],[19.3623,5.052],[19.5783,5.0787],[20.11,4.7704],[20.3322,4.4857],[20.5621,4.3409],[21.2021,4.2557],[22.072,4.0257],[22.4174,4.0659],[22.7217,4.6779],[22.8804,4.7614],[23.3039,4.5352],[23.4263,4.5422],[24.263,4.9286],[24.5296,4.9746],[24.9176,4.8816],[25.2128,4.8961],[25.308,5.2526],[25.4882,5.3108],[26.5876,4.9424],[27.2437,5.1624],[27.2671,5.4994],[26.9454,5.8725],[26.5787,5.9466],[26.2853,6.2435],[26.1663,6.7322],[25.2991,7.3309],[25.2213,7.5084],[25.288,7.7249],[25.0303,7.9331],[24.6708,8.039],[24.3121,8.2403],[24.0055,8.6198],[23.5222,8.6106],[23.4465,9.0042],[23.6336,9.6663],[23.4227,10.1544],[22.819,10.9072],[22.8747,11.2634],[22.5553,11.6556],[22.4237,12.0234],[22.261,12.6771],[21.8767,12.643],[21.778,12.8013],[22.2034,13.4966],[22.0736,13.9025],[22.4637,14.1908],[22.4048,14.4955],[22.4599,14.6929],[22.7221,15.0567],[22.9098,15.617],[23.0131,15.6812],[23.9509,15.6994],[23.9555,17.1675],[23.9173,18.2921],[23.9497,19.4743],[23.0579,19.9076],[20.548,21.1639],[19.6353,21.6021],[18.3247,22.2313],[15.9705,23.3806],[15.7858,23.3541],[14.9677,22.968],[14.1801,22.5694],[13.5274,23.0613],[12.3336,23.4103],[11.959,23.4717],[11.1057,23.0091],[9.3003,22.0008],[7.5384,20.9164],[7.1631,20.6218],[5.7755,19.4442],[4.2038,19.1363],[3.2252,18.9526],[3.1589,19.2064],[3.2314,19.5119],[3.1871,19.7469],[2.9233,19.9551],[2.5867,19.9658],[2.1537,20.2938],[1.8395,20.1648],[1.1257,20.8408],[1.0874,21.133],[-0.0249,21.7939],[-1.6512,22.8459],[-3.1287,23.8544],[-4.4179,24.7178],[-5.502,25.4044],[-7.356,26.4934],[-8.6292,27.1727],[-8.6417,26.0919],[-8.6884,25.9136],[-11.6427,25.9283],[-11.8932,25.8951],[-11.9145,25.6661],[-11.9461,24.6487],[-11.9905,23.4787],[-12.7458,23.1501],[-13.1166,22.7856],[-13.1209,22.4677],[-13.0244,21.2795],[-14.528,21.2834],[-17.0161,21.3141],[-17.0519,21.0041],[-16.7109,20.8904],[-16.3473,20.5226],[-16.2396,20.1225],[-16.2696,19.6839],[-16.4716,19.3657],[-16.1907,19.0295],[-16.0557,18.6739],[-15.9827,18.1784],[-16.1255,17.3011],[-16.3788,16.7159],[-16.4501,16.1184],[-16.6003,15.7495],[-16.8648,15.2977],[-17.1902,14.9602],[-17.4332,14.8072],[-17.0501,14.5856],[-16.6967,14.0779],[-16.6404,13.8429],[-16.4551,13.5711],[-15.7063,13.5711],[-15.6645,13.7035],[-15.1138,13.7941],[-14.9325,13.599],[-14.6885,13.599],[-14.5491,13.4317],[-14.1657,13.5571],[-14.0054,13.4247],[-14.3888,13.2156],[-14.584,13.2156],[-15.1277,13.4456],[-15.302,13.5711],[-15.5948,13.348],[-16.013,13.3341],[-16.013,13.1389],[-16.7756,13.1453],[-16.7721,12.5971],[-16.5666,12.3098],[-16.3584,12.3725],[-15.6567,12.383],[-15.1999,12.64],[-13.6939,12.6234],[-13.7437,12.2672],[-13.6918,11.8861],[-13.9255,11.6622],[-14.3372,11.6407],[-14.5089,11.557],[-15.0083,11.1017],[-15.018,10.9168],[-14.5749,10.7843],[-14.5914,10.4665],[-14.058,10.0801],[-13.6801,9.9156],[-13.6256,9.6234],[-13.2817,9.2747],[-13.1414,9.0271],[-13.1643,8.8508],[-12.6747,9.4065],[-12.3856,9.796],[-11.4997,9.9157],[-11.29,9.8979],[-10.8955,9.6078],[-10.6817,9.3294],[-10.5681,8.9868],[-10.4939,8.3706],[-10.377,8.0756]]]},"properties":{"NAME":"French West Africa","ABBREVN":"Fr W Africa","SUBJECTO":"France","BORDERPRECISION":3,"PARTOF":"France"}},
{"type":"Feature","geometry":{"type":"Polygon","coordinates":[[[9.8812,2.0583],[11.2177,2.0543],[11.2388,0.9102],[9.629,0.8895],[9.5656,0.6119],[9.3501,0.5352],[9.8542,0.174],[9.8833,0.0788],[14.2836,1.0238],[15.8193,1.3536],[16.4155,0.9408],[16.4614,0.5281],[17.0117,0.1612],[17.3419,2.845],[17.6721,3.1385],[17.8189,2.9551],[18.1491,3.1018],[18.1527,4.0704],[17.9179,4.2465],[17.8005,5.3325],[17.4483,5.8314],[17.0117,6.9541],[16.2046,8.1281],[15.4498,9.9356],[15.1635,10.3724],[15.0712,10.6325],[14.9954,11.185],[15.0554,11.4777],[15.0018,12.0176],[14.8242,12.417],[14.4092,12.9739],[14.0334,13.0606],[14.0439,12.5777],[12.6435,9.6429],[12.8281,9.4497],[12.77,9.2904],[11.967,9.1499],[11.646,8.462],[11.1874,8.4161],[10.4078,7.2238],[9.4841,6.3217],[8.8379,5.7077],[8.8466,5.2691],[8.5918,4.712],[8.8747,4.6201],[9.0322,4.1375],[9.2839,4.0173],[9.6509,4.0181],[9.7802,3.8532],[9.5857,3.6748],[9.7652,3.3829],[9.9231,2.824],[9.8008,2.379],[9.8812,2.0583]]]},"properties":{"NAME":"Kamerun","ABBREVN":"Kamerun","SUBJECTO":"Kamerun","BORDERPRECISION":3,"PARTOF":"Kamerun"}},
{"type":"Feature","geometry":{"type":"Polygon","coordinates":[[[33.2672,-1.1321],[31.1707,-1.1323],[30.4523,-1.162],[29.9969,-1.5334],[29.8031,-1.5536],[29.5285,-1.4345],[29.0806,-1.8122],[28.8052,-2.6147],[29.204,-3.2163],[29.2312,-3.8709],[29.338,-4.1563],[29.3165,-5.0972],[29.5078,-5.7446],[29.4621,-6.1262],[29.517,-6.4384],[29.7359,-6.7221],[30.1569,-7.1265],[30.3493,-7.4776],[30.6595,-8.289],[31.0942,-8.6721],[31.9934,-9.0609],[32.7015,-9.3173],[33.0314,-9.4743],[33.2046,-9.6578],[33.7608,-9.6989],[34.059,-9.9412],[34.2608,-10.3196],[34.406,-11.3528],[34.4944,-11.6042],[35.3569,-11.6793],[36.0412,-11.4591],[36.4166,-11.7684],[37.2839,-11.7569],[37.6508,-11.7166],[37.9897,-11.2251],[38.4049,-11.4515],[38.6066,-11.4376],[39.166,-11.1863],[39.7141,-11.005],[40.4662,-10.4753],[40.3869,-10.3725],[39.8382,-10.0051],[39.6576,-9.7957],[39.3918,-8.735],[39.4004,-8.3092],[39.4777,-7.9976],[39.2701,-7.8011],[39.5664,-7.0442],[39.2209,-6.7844],[38.9215,-6.3402],[38.8724,-6.0925],[38.9338,-5.6348],[39.1225,-5.037],[39.2291,-4.8449],[37.6568,-3.6936],[37.6162,-3.1662],[36.0173,-2.273],[33.9192,-1.1173],[33.2672,-1.1321]]]},"properties":{"NAME":"German E. Africa (Tanganyika)","ABBREVN":"Tanganyika","SUBJECTO":"German Empire","BORDERPRECISION":3,"PARTOF":"German Empire"}},
{"type":"Feature","geometry":{"type":"Polygon","coordinates":[[[41.6099,-1.8767],[41.6073,-1.5937],[42.4401,-0.5116],[42.9412,0.0106],[43.0993,0.17],[42.5483,2.2717],[42.9174,2.5669],[42.8435,3.8957],[42.6535,4.1354],[41.9692,4.0551],[41.7652,3.825],[41.2694,3.8729],[40.733,4.1494],[40.3499,3.9882],[39.9303,3.7442],[39.5387,3.3542],[38.8564,3.4836],[38.0875,3.5617],[37.0292,4.2481],[36.7572,4.38],[36.2013,4.4979],[36.0521,3.9695],[36.1997,3.0837],[34.9181,2.2589],[35.0402,1.6876],[34.9759,1.4329],[34.7827,1.1203],[34.1245,0.4617],[33.8293,0.0857],[33.2672,-1.1321],[33.9192,-1.1173],[36.0173,-2.273],[37.6162,-3.1662],[37.6568,-3.6936],[39.2291,-4.8449],[39.5298,-4.6167],[39.6814,-4.3241],[39.6401,-4.0827],[40.2344,-3.1917],[40.2713,-2.8167],[40.4485,-2.6447],[40.7498,-2.5932],[40.8769,-2.4277],[40.9154,-2.0781],[41.0886,-2.1286],[41.6099,-1.8767]]]},"properties":{"NAME":"British East Africa","ABBREVN":"E Africa","SUBJECTO":"United Kingdom of Great Britain and Ireland","BORDERPRECISION":3,"PARTOF":"British East Africa"}},
{"type":"Feature","geometry":{"type":"Polygon","coordinates":[[[29.5285,-1.4345],[29.8031,-1.5536],[29.9969,-1.5334],[30.4523,-1.162],[31.1707,-1.1323],[33.2672,-1.1321],[33.8293,0.0857],[34.1245,0.4617],[34.7827,1.1203],[34.9759,1.4329],[35.0402,1.6876],[34.9181,2.2589],[36.1997,3.0837],[36.0521,3.9695],[36.2013,4.4979],[35.8022,4.565],[35.1037,4.51],[34.4276,4.5314],[33.7379,3.7836],[33.291,3.6348],[33.0185,3.7667],[32.6225,3.7071],[32.2261,3.5586],[31.8161,3.5371],[31.3923,3.6426],[30.9606,3.6082],[30.7372,3.5052],[30.8374,3.4105],[30.7127,2.3737],[30.7701,2.2596],[31.0721,2.2296],[31.2446,2.0082],[31.1586,1.8043],[30.6206,1.3244],[30.0617,0.8761],[29.7695,0.4421],[29.6237,-0.2452],[29.6475,-1.1795],[29.5285,-1.4345]]]},"properties":{"NAME":"Uganda","ABBREVN":"Uganda","SUBJECTO":"Uganda","BORDERPRECISION":3,"PARTOF":"Uganda"}},
{"type":"Feature","geometry":{"type":"Polygon","coordinates":[[[41.6099,-1.8767],[41.6073,-1.5937],[42.4401,-0.5116],[42.9412,0.0106],[43.7243,0.8003],[44.3007,1.2908],[44.5675,1.463],[45.5413,1.9671],[46.3605,2.6678],[47.5564,3.9926],[48.4716,5.2014],[48.9495,5.9904],[49.0461,6.4163],[49.421,6.989],[49.8229,7.6952],[49.8319,7.9939],[50.2108,8.3505],[50.7794,9.3684],[50.8527,9.5973],[50.8868,10.2773],[51.1298,10.7099],[51.0605,11.2435],[51.247,11.6569],[51.1807,11.7774],[50.6973,11.948],[50.0809,11.4764],[49.3035,11.246],[48.9703,11.2326],[48.6634,11.3209],[48.4425,11.2965],[48.677,8.3905],[48.3545,8.0034],[47.9025,7.8782],[46.0633,5.9861],[44.9947,4.8166],[43.8724,4.8354],[43.5911,4.7956],[43.1635,4.6024],[42.8052,4.1871],[42.6535,4.1354],[41.9692,4.0551],[41.7652,3.825],[41.0231,2.7147],[41.0133,1.5579],[41.0339,-0.017],[41.0596,-1.0798],[41.6099,-1.8767]]]},"properties":{"NAME":"British Somaliland","ABBREVN":"Br Somalilan","SUBJECTO":"United Kingdom of Great Britain and Ireland","BORDERPRECISION":3,"PARTOF":"British Somaliland"}},
{"type":"Feature","geometry":{"type":"Polygon","coordinates":[[[47.9025,7.8782],[48.3545,8.0034],[48.677,8.3905],[48.4425,11.2965],[47.9962,11.1161],[47.3907,11.1593],[46.6773,10.7003],[46.4303,10.668],[45.9094,10.8321],[45.6463,10.7616],[45.0126,10.4489],[44.2808,10.3965],[43.2985,11.4756],[42.9276,10.8928],[42.7641,10.5296],[42.8017,10.3455],[43.2581,9.6364],[43.856,9.0299],[44.384,8.7915],[46.3011,8.1419],[46.9521,7.9297],[47.796,7.9474],[47.9025,7.8782]]]},"properties":{"NAME":"Italian Somaliland","ABBREVN":"It Somalilan","SUBJECTO":"Italy","BORDERPRECISION":3,"PARTOF":"Italy"}},
{"type":"Feature","geometry":{"type":"Polygon","coordinates":[[[23.2292,-17.6637],[24.0596,-17.4998],[24.1722,-17.5691],[24.7947,-17.6354],[25,-17.8122],[25.3453,-18.0136],[25.4189,-18.3184],[25.8235,-18.8056],[25.9341,-19.2373],[26.1037,-19.5351],[26.3573,-19.7562],[27.1021,-20.1206],[27.1271,-20.4383],[27.2668,-20.5774],[27.6179,-20.569],[27.7341,-21.1851],[27.97,-21.5779],[28.7971,-21.7829],[29.2334,-22.1873],[29.8564,-22.2791],[30.3018,-22.4609],[30.6792,-22.3887],[31.1246,-22.4561],[31.2784,-22.5569],[31.4799,-22.3841],[32.4141,-21.4312],[32.4592,-20.7887],[32.562,-20.5719],[32.8933,-20.2648],[33.0611,-19.9268],[32.794,-19.5468],[32.6899,-18.9624],[33.0396,-18.3818],[32.9804,-18.0197],[32.9275,-17.1489],[32.8478,-16.7806],[32.6487,-16.6101],[31.8923,-16.3538],[31.1271,-16.0531],[30.48,-16.0506],[30.2946,-15.2633],[30.3824,-14.983],[31.3568,-14.723],[31.7759,-14.5425],[32.5393,-14.2837],[33.1076,-14.0451],[32.9308,-13.9889],[32.7231,-13.5896],[32.8581,-13.2264],[32.9657,-12.7298],[33.5343,-12.4976],[33.5905,-12.3001],[33.2636,-12.105],[33.2278,-11.9463],[33.2555,-10.8653],[33.5746,-10.7108],[33.6508,-10.4433],[33.2046,-9.6578],[33.0314,-9.4743],[32.7015,-9.3173],[31.9934,-9.0609],[31.0942,-8.6721],[30.6595,-8.289],[29.0495,-8.5444],[28.824,-8.7301],[28.4655,-9.3043],[28.4522,-9.5841],[28.6196,-10.524],[28.3149,-11.5112],[28.5397,-11.9168],[28.9161,-12.296],[29.1165,-12.422],[29.3482,-12.427],[29.5499,-12.2223],[29.7741,-12.221],[29.7829,-13.467],[29.0057,-13.4208],[28.8495,-13.3263],[28.4258,-12.7058],[28.0242,-12.4348],[27.6217,-12.3164],[27.4505,-12.1902],[27.1234,-11.5501],[26.793,-12.0161],[26.6281,-12.0552],[25.6505,-11.8194],[25.4305,-11.7317],[25.1694,-11.2755],[24.5747,-11.438],[24.2453,-11.0839],[23.9405,-11.0412],[23.844,-11.6458],[23.9321,-12.122],[24.0928,-12.3817],[23.8377,-12.7456],[23.7819,-13.013],[21.9591,-13.0746],[21.9429,-14.0728],[21.9319,-15.5351],[21.9945,-16.3803],[23.2292,-17.6637]]]},"properties":{"NAME":"Rhodesia","ABBREVN":"Rhodesia","SUBJECTO":"United Kingdom of Great Britain and Ireland","BORDERPRECISION":3,"PARTOF":"Rhodesia"}},
{"type":"Feature","geometry":{"type":"Polygon","coordinates":[[[2.5221,51.0911],[2.0303,51.0067],[1.5889,50.8219],[1.552,50.2288],[1.2745,50.0043],[0.5286,49.8258],[0.1894,49.681],[0.0329,49.3337],[-0.2394,49.2855],[-1.0232,49.3985],[-1.5242,49.6528],[-1.8915,49.5264],[-1.5634,49.0362],[-1.5914,48.6375],[-2.2001,48.599],[-2.3429,48.6741],[-2.7905,48.5896],[-3.0912,48.8716],[-3.9989,48.7305],[-4.762,48.552],[-4.7796,48.3548],[-4.3502,48.3905],[-4.3644,47.8293],[-3.9548,47.9043],[-2.8425,47.4919],[-2.4655,47.4944],[-2.4937,47.2469],[-2.0046,47.0425],[-2.1297,46.8508],[-1.7107,46.4488],[-1.2561,46.3068],[-1.0752,46.0146],[-1.2474,45.6881],[-1.1234,45.4316],[-1.2755,45.1287],[-1.3144,44.559],[-1.5614,43.5244],[-1.9146,43.3054],[-1.4914,43.2096],[-1.3973,43.0318],[-0.612,42.7309],[-0.1656,42.6488],[0.5919,42.6283],[0.7442,42.7719],[1.3075,42.6352],[1.3644,42.4096],[1.7092,42.4233],[1.9937,42.3072],[2.3632,42.2935],[2.9365,42.4096],[3.0871,42.3686],[3.0019,42.7708],[3.0679,42.9446],[3.4787,43.3121],[4.0782,43.4871],[4.4168,43.3461],[5.0518,43.3281],[5.4345,43.1037],[5.8286,43.0208],[6.523,43.1509],[7.5528,43.8675],[7.5911,44.2047],[7.2092,44.1731],[6.8698,44.3492],[6.7829,44.5479],[6.9426,44.8687],[6.6653,44.9545],[7.1191,45.4305],[6.6745,45.8033],[6.9553,45.9389],[6.8074,46.394],[6.3837,46.3416],[6.1079,46.1255],[6.0584,46.6161],[6.3815,46.8041],[6.8663,47.3102],[6.9219,47.5141],[6.9669,47.9844],[6.8404,48.1362],[7.1188,48.5158],[6.4862,48.9459],[6.2585,49.2749],[6.2605,49.4757],[5.8235,49.5071],[5.4181,49.5826],[4.6681,49.9604],[4.1563,49.9658],[4.2196,50.2422],[3.675,50.3344],[3.2828,50.5243],[3.1228,50.8071],[2.8751,50.6818],[2.5221,51.0911]]]},"properties":{"NAME":"France","ABBREVN":"France","SUBJECTO":"France","BORDERPRECISION":3,"PARTOF":"France"}},
{"type":"Feature","geometry":{"type":"Polygon","coordinates":[[[56.1613,25.4733],[56.405,25.8614],[56.1567,25.9665],[56.1613,25.4733]]]},"properties":{"NAME":"Arabia (Nejd)","ABBREVN":"Arabia","SUBJECTO":"Arabia (Nejd)","BORDERPRECISION":3,"PARTOF":"Arabia (Nejd)"}},
{"type":"Feature","geometry":{"type":"Polygon","coordinates":[[[96.3387,42.7888],[97.2985,42.7409],[98.218,42.5985],[100.0299,42.6148],[101.736,42.5408],[102.3369,42.2172],[103.5089,41.8586],[104.4998,41.8],[104.8084,41.5777],[105.025,41.5852],[106.8169,42.2545],[107.3588,42.4112],[109.3795,42.4351],[110.2532,42.7667],[110.8723,43.3152],[111.1739,43.49],[111.7431,43.6215],[111.9453,43.8601],[111.5909,44.1471],[111.4162,44.4032],[111.5112,44.7379],[111.7537,45.0029],[112.1017,45.1402],[112.9914,44.8423],[113.7687,44.8658],[114.6391,45.4701],[115.2177,45.4345],[115.6213,45.4948],[116.1729,45.7884],[116.3132,46.1575],[116.4767,46.3072],[116.897,46.4194],[117.1146,46.3623],[117.6471,46.5723],[118.3111,46.7377],[119.3727,46.7045],[119.7678,46.7455],[119.7948,46.9659],[119.1299,47.6366],[118.7712,47.862],[117.9145,48.0457],[117.3781,47.6922],[116.9101,47.9494],[116.3116,47.9137],[115.717,47.7287],[115.5964,48.1048],[116.7598,49.9299],[116.2862,49.9976],[115.7337,49.864],[115.1937,49.9983],[114.8555,50.2259],[114.0983,50.2743],[113.5744,50.0552],[113.0331,49.6539],[112.5245,49.462],[111.3783,49.319],[110.1999,49.241],[109.424,49.2955],[108.4235,49.5185],[107.5491,49.8271],[106.6685,50.3135],[106.3229,50.4167],[105.1551,50.4433],[104.7969,50.4086],[103.6808,50.1664],[102.639,50.4562],[102.2657,50.809],[102.1174,51.3611],[101.0112,51.6717],[98.9176,52.037],[97.9396,51.2269],[98.0795,50.7079],[98.3099,50.4791],[98.2363,50.2424],[97.9016,49.9849],[97.4228,49.7863],[96.77,49.9135],[94.7,50.0268],[94.2105,50.5493],[93.008,50.6415],[92.1597,50.7553],[91.1017,50.4605],[90,50.3067],[89.7963,49.8164],[89.1909,49.5728],[88.5667,49.5368],[87.8684,49.2329],[88.063,48.7319],[88.2299,48.5374],[89.1909,48.0155],[90,47.8447],[90,46.8498],[91.1583,46.5527],[91.0615,46.3514],[90,46.0143],[90,45.3285],[91.6324,45.1069],[92.7575,45.0807],[93.5071,44.9429],[94.5316,44.4596],[95.244,44.277],[95.2911,44.0331],[95.9981,43.061],[96.3387,42.7888]]]},"properties":{"NAME":"Mongolia","ABBREVN":"Mongolia","SUBJECTO":"Mongolia","BORDERPRECISION":3,"PARTOF":"Mongolia"}},
{"type":"Feature","geometry":{"type":"Polygon","coordinates":[[[89.5663,36.0575],[91.2527,36.1167],[90.8068,36.8083],[91.3483,37.0883],[90.1061,38.4728],[92.3993,38.9946],[93.0045,40.5853],[93.7371,40.6094],[94.1511,41.4026],[95.1067,41.8549],[95.3296,41.5458],[96.094,41.9971],[95.9666,42.5158],[96.3387,42.7888],[95.9981,43.061],[95.2911,44.0331],[95.244,44.277],[94.5316,44.4596],[93.5071,44.9429],[92.7575,45.0807],[91.6324,45.1069],[90,45.3285],[90,46.0143],[91.0615,46.3514],[91.1583,46.5527],[90,46.8498],[90,47.8447],[89.1909,48.0155],[88.2299,48.5374],[88.063,48.7319],[87.8684,49.2329],[87.1522,49.1769],[86.7827,48.9923],[86.7621,48.6533],[86.4945,48.5281],[85.9544,48.4862],[85.6092,48.1003],[85.7486,47.4446],[85.4776,47.0927],[84.9671,47.0185],[84.3362,47.0541],[83.2517,47.2949],[83.0595,47.0667],[82.4399,45.7355],[82.7765,45.3754],[82.4251,45.1668],[81.6903,45.3566],[80.2366,45.1226],[79.9324,44.8052],[80.4195,44.6855],[80.4329,44.0746],[80.7721,43.3825],[80.2109,42.8081],[80.2788,42.1543],[80.1093,41.9996],[78.8706,41.6788],[78.4013,41.228],[78.1107,41.0728],[77.6892,41.0193],[77.1277,41.125],[76.8107,40.8993],[76.4816,40.437],[75.8556,40.3121],[75.43,40.6102],[74.0087,39.9632],[73.8271,39.7837],[73.7599,39.4201],[73.7702,38.9559],[73.677,38.8557],[73.8583,38.5415],[74.1692,38.6344],[74.5798,38.5901],[74.8355,38.2985],[74.8782,37.8074],[75.0102,37.4655],[74.7333,37.2094],[74.5205,37.0046],[75.218,36.9124],[75.3468,36.7651],[75.6278,36.769],[75.8915,36.5125],[75.8897,36.0232],[76.0923,35.7984],[76.4339,35.8865],[76.8154,35.5604],[77.4171,35.5134],[77.8462,35.243],[78.1443,34.5475],[78.5086,34.4978],[78.8067,34.1997],[79.8372,34.5065],[80.4471,35.4245],[81.6922,35.2572],[82.5869,35.7491],[83.1592,35.3808],[83.5527,35.3363],[84.0983,35.3556],[84.4555,35.5538],[85.0483,35.7548],[86.1406,35.856],[86.248,36.1586],[88.5221,36.5002],[89.5138,36.1784],[89.5663,36.0575]]]},"properties":{"NAME":"Xinjiang","ABBREVN":"Xinjiang","SUBJECTO":"Xinjiang","BORDERPRECISION":3,"PARTOF":"Xinjiang"}},
{"type":"Feature","geometry":{"type":"Polygon","coordinates":[[[91.6078,27.6415],[92.0461,27.7011],[92.5461,27.9198],[93.0514,28.4177],[93.2956,28.5841],[93.669,28.7005],[94.1662,29.027],[94.5717,29.2007],[95.1393,28.9818],[95.309,29.0018],[95.9286,29.3798],[96.4553,28.8815],[96.4758,28.7102],[96.2546,28.3853],[97.3404,28.1821],[97.4785,28.3923],[97.83,28.2865],[98.0087,28.0908],[98.2515,28.2343],[98.4072,28.1017],[98.7069,28.1882],[98.6262,28.9605],[98.9547,28.9605],[98.9251,31.0935],[97.7034,32.5501],[95.5263,31.7356],[95.2757,32.4248],[92.952,32.6962],[90.4195,33.2414],[89.7161,34.0416],[89.8244,34.1933],[89.8336,34.8991],[89.5953,34.9174],[89.5311,35.3757],[89.8152,35.4765],[89.7969,35.834],[89.5663,36.0575],[89.5138,36.1784],[88.5221,36.5002],[86.248,36.1586],[86.1406,35.856],[85.0483,35.7548],[84.4555,35.5538],[84.0983,35.3556],[83.5527,35.3363],[83.1592,35.3808],[82.5869,35.7491],[81.6922,35.2572],[80.4471,35.4245],[79.8372,34.5065],[78.8067,34.1997],[78.5749,34.0176],[78.6245,33.5042],[79.447,33.2003],[79.4004,33.0143],[79.5653,32.7018],[79.1362,32.4116],[78.8188,32.5084],[78.804,32.672],[78.4507,32.5828],[78.5211,32.2703],[78.7818,32.0024],[78.7607,31.5411],[78.8943,31.3179],[79.1088,31.4593],[79.6286,30.9682],[79.7921,31.0203],[80.2772,30.7599],[80.2252,30.5962],[80.6344,30.5144],[81.0213,30.2465],[81.1293,30.0531],[81.3883,30.1721],[81.4487,30.4028],[81.6557,30.4548],[82.1417,30.3656],[82.2009,30.0903],[82.5912,29.9712],[82.9176,29.7034],[83.402,29.5397],[83.6978,29.1825],[84.0884,29.309],[84.2185,29.2346],[84.267,28.937],[84.9203,28.5352],[85.2166,28.6394],[85.1442,28.3418],[85.7292,28.3418],[86.1422,27.9549],[86.4457,27.9475],[86.6039,28.1335],[87.0707,28.007],[87.2144,27.8433],[87.9023,27.9475],[88.1973,27.8758],[88.5641,27.9794],[88.7307,27.8661],[88.7072,27.4788],[88.8026,27.181],[89.3655,27.8761],[89.8634,28.2725],[90,28.0535],[91.1522,28.0324],[91.4596,27.9199],[91.6078,27.6415]]]},"properties":{"NAME":"Tibet","ABBREVN":"Tibet","SUBJECTO":"Tibet","BORDERPRECISION":3,"PARTOF":"Tibet"}},
{"type":"Feature","geometry":{"type":"Polygon","coordinates":[[[143.7513,50.0232],[143.3407,50.8858],[143.0742,51.2676],[142.9439,51.6173],[142.9449,51.9611],[143.1433,52.5112],[143.0569,53.062],[142.6749,53.5402],[142.2141,53.2997],[141.767,53.2723],[141.8115,52.628],[141.5982,52.2167],[141.6432,51.8131],[142.0166,51.4306],[142.1529,50.89],[142.084,50.0103],[143.7513,50.0232]]]},"properties":{"NAME":"Sakhalin (RU)","ABBREVN":"Sakhalin (RU)","SUBJECTO":"Russia","BORDERPRECISION":3,"PARTOF":"Sakhalin (RU)"}},
{"type":"Feature","geometry":{"type":"Polygon","coordinates":[[[-61.6867,17.0244],[-61.7944,17.1633],[-61.8872,17.0331],[-61.6867,17.0244]]]},"properties":{"NAME":"Antigua and Barbuda","ABBREVN":"Antigua and Barbuda","SUBJECTO":"Antigua and Barbuda","BORDERPRECISION":3,"PARTOF":"Antigua and Barbuda"}},
{"type":"Feature","geometry":{"type":"Polygon","coordinates":[[[-59.5331,13.0506],[-59.4292,13.165],[-59.6594,13.2878],[-59.6433,13.1492],[-59.5331,13.0506]]]},"properties":{"NAME":"Barbados","ABBREVN":"Barbados","SUBJECTO":"Barbados","BORDERPRECISION":3,"PARTOF":"Barbados"}},
{"type":"Feature","geometry":{"type":"Polygon","coordinates":[[[-61.3636,15.1981],[-61.2553,15.285],[-61.3042,15.5736],[-61.4747,15.4864],[-61.3636,15.1981]]]},"properties":{"NAME":"Dominica","ABBREVN":"Dominica","SUBJECTO":"Dominica","BORDERPRECISION":3,"PARTOF":"Dominica"}},
{"type":"Feature","geometry":{"type":"Polygon","coordinates":[[[-61.7469,11.9975],[-61.5964,12.1256],[-61.7247,12.1722],[-61.7469,11.9975]]]},"properties":{"NAME":"Grenada","ABBREVN":"Grenada","SUBJECTO":"Grenada","BORDERPRECISION":3,"PARTOF":"Grenada"}},
{"type":"Feature","geometry":{"type":"Polygon","coordinates":[[[-60.8608,14.4028],[-60.8297,14.57],[-61.0344,14.8292],[-61.2317,14.8094],[-61.0339,14.4658],[-60.8608,14.4028]]]},"properties":{"NAME":"Martinique","ABBREVN":"Martinique","SUBJECTO":"Martinique","BORDERPRECISION":3,"PARTOF":"Martinique"}},
{"type":"Feature","geometry":{"type":"Polygon","coordinates":[[[-62.1714,16.6714],[-62.1375,16.6928],[-62.1764,16.8086],[-62.2367,16.7119],[-62.1714,16.6714]]]},"properties":{"NAME":"Montserrat","ABBREVN":"Montserrat","SUBJECTO":"Montserrat","BORDERPRECISION":3,"PARTOF":"Montserrat"}},
{"type":"Feature","geometry":{"type":"Polygon","coordinates":[[[-63.1678,18.1644],[-62.9931,18.2272],[-63.0575,18.2564],[-63.1678,18.1644]]]},"properties":{"NAME":"Anguilla","ABBREVN":"Anguilla","SUBJECTO":"Anguilla","BORDERPRECISION":3,"PARTOF":"Anguilla"}},
{"type":"Feature","geometry":{"type":"Polygon","coordinates":[[[-62.7017,17.3369],[-62.8128,17.4094],[-62.8639,17.3708],[-62.7783,17.2922],[-62.7017,17.3369]]]},"properties":{"NAME":"Saint Kitts and Nevis","ABBREVN":"Saint Kitts and Nevis","SUBJECTO":"Saint Kitts and Nevis","BORDERPRECISION":3,"PARTOF":"Saint Kitts and Nevis"}},
{"type":"Feature","geometry":{"type":"Polygon","coordinates":[[[-60.9547,13.7094],[-60.8781,13.9567],[-61.075,13.8969],[-60.9547,13.7094]]]},"properties":{"NAME":"Saint Lucia","ABBREVN":"Saint Lucia","SUBJECTO":"Saint Lucia","BORDERPRECISION":3,"PARTOF":"Saint Lucia"}},
{"type":"Feature","geometry":{"type":"Polygon","coordinates":[[[-61.1731,13.1325],[-61.1233,13.2489],[-61.2089,13.3678],[-61.2781,13.2503],[-61.1731,13.1325]]]},"properties":{"NAME":"Saint Vincent and the Grenadines","ABBREVN":"Saint Vincent and the Grenadines","SUBJECTO":"Saint Vincent and the Grenadines","BORDERPRECISION":3,"PARTOF":"Saint Vincent and the Grenadines"}},
{"type":"Feature","geometry":{"type":"Polygon","coordinates":[[[-64.7619,17.7742],[-64.8708,17.7747],[-64.8889,17.6869],[-64.7389,17.7081],[-64.7619,17.7742]]]},"properties":{"NAME":"United States Virgin Islands","ABBREVN":"United States Virgin Islands","SUBJECTO":"United States Virgin Islands","BORDERPRECISION":3,"PARTOF":"United States Virgin Islands"}},
{"type":"Feature","geometry":{"type":"Polygon","coordinates":[[[-61.3461,16.3342],[-61.4989,16.3486],[-61.7939,16.2419],[-61.695,15.9492],[-61.5528,16.0544],[-61.5811,16.2047],[-61.3461,16.3342]]]},"properties":{"NAME":"Guadeloupe","ABBREVN":"Guadeloupe","SUBJECTO":"Guadeloupe","BORDERPRECISION":3,"PARTOF":"Guadeloupe"}},
{"type":"Feature","geometry":{"type":"Polygon","coordinates":[[[-68.9656,12.1989],[-69.0778,12.3486],[-69.1583,12.3114],[-69.0625,12.1883],[-68.8322,12.0494],[-68.8242,12.1603],[-68.9656,12.1989]]]},"properties":{"NAME":"Netherlands Antilles","ABBREVN":"Netherlands Antilles","SUBJECTO":"Netherlands Antilles","BORDERPRECISION":3,"PARTOF":"Netherlands Antilles"}},
{"type":"Feature","geometry":{"type":"Polygon","coordinates":[[[-63.0115,18.0673],[-63.045,18.1214],[-63.1398,18.0586],[-63.0115,18.0673]]]},"properties":{"NAME":"Saint Martin","ABBREVN":"Saint Martin","SUBJECTO":"Saint Martin","BORDERPRECISION":3,"PARTOF":"Saint Martin"}},
{"type":"Feature","geometry":{"type":"Polygon","coordinates":[[[-63.1398,18.0586],[-63.0333,18.0156],[-63.0115,18.0673],[-63.1398,18.0586]]]},"properties":{"NAME":"Saint Barthelemy","ABBREVN":"Saint Barthelemy","SUBJECTO":"Saint Barthelemy","BORDERPRECISION":3,"PARTOF":"Saint Barthelemy"}},
{"type":"Feature","geometry":{"type":"Polygon","coordinates":[[[34.9355,29.4181],[35.0955,29.3427],[34.8856,28.3575],[34.7639,28.0967],[35.1116,28.0721],[35.4365,27.7297],[35.8311,27.0952],[36.3122,26.4227],[36.6693,26.0168],[37.2183,25.1666],[37.2685,24.9698],[37.2015,24.6583],[37.5572,24.2715],[37.9884,24.1136],[38.3294,23.8347],[38.9151,22.8702],[39.1022,22.4004],[39.1667,21.2188],[39.7641,20.4068],[40.6938,19.8687],[41.033,19.2849],[41.3992,18.4406],[41.6286,18.0472],[42.0094,17.7367],[42.5353,17.0707],[42.7637,16.6455],[42.8839,15.9849],[42.7635,15.667],[42.7959,15.4701],[43.2069,14.0795],[43.3476,13.851],[43.384,13.5652],[43.3028,13.241],[43.6049,12.8289],[45.5558,15.0578],[45.5207,15.1306],[44.9701,16.2743],[44.4252,17.3767],[42.3654,21.3356],[40.8537,22.3663],[40.6475,24.1528],[37.7616,28.8253],[36.5935,29.7873],[36.5248,31.1615],[37.2119,33.5665],[38.0364,34.5972],[39.342,34.5972],[40.0291,34.391],[44.0832,30.337],[44.839,29.9934],[45.8697,29.856],[46.9051,29.4376],[47.1067,29.8118],[47.9114,29.8903],[48.5536,29.9946],[48.0813,30.3953],[48.0335,30.8777],[47.6887,30.8821],[47.6982,31.2886],[47.793,31.7972],[47.612,32.0311],[46.5085,32.8123],[46.0899,32.8417],[46.1051,33.2101],[45.5062,33.7973],[45.6709,34.6173],[46.1844,35.0584],[45.9949,35.4009],[46.211,35.7838],[45.3881,35.9256],[44.7946,37.1318],[44.4712,37.4546],[44.4918,37.7543],[44.2052,37.8674],[44.447,38.3849],[44.2291,38.4816],[44.0821,39.2945],[44.3449,39.4144],[44.3489,39.6095],[44.6696,39.757],[44.4481,39.9599],[43.8124,40.0139],[43.6697,40.2946],[43.8473,40.75],[43.4893,41.0747],[42.8784,41.5455],[42.6938,41.5637],[42.2501,41.369],[41.484,41.4365],[41.2931,41.2858],[40.361,40.9634],[40.0067,40.9563],[39.3702,41.064],[38.6512,40.9216],[37.2528,41.0277],[36.817,41.2897],[36.3829,41.2375],[36.1614,41.3525],[35.9578,41.6856],[35.4114,41.6268],[35.0988,41.8059],[35.0019,42.0432],[34.6629,41.8756],[33.5555,41.9825],[33.1555,41.9496],[32.419,41.7492],[31.3857,41.285],[31.2177,41.0541],[30.7448,41.0403],[30.2561,41.1847],[30.1376,41.1318],[29.1612,41.2164],[29.0145,40.9787],[29.5252,40.6883],[28.9016,40.6201],[28.8732,40.4719],[27.9082,40.3506],[27.7639,40.2873],[26.7653,40.3769],[26.1276,39.8786],[26.139,39.4397],[26.8043,39.5672],[26.7079,39.1821],[26.8708,39.056],[26.9664,38.7699],[26.6957,38.6408],[26.9974,38.4001],[26.7425,38.2784],[26.4687,38.4448],[26.3932,38.1044],[26.6793,38.1049],[27.1398,37.8891],[27.1604,37.3601],[27.5256,37.1314],[27.3081,36.9207],[27.9988,36.9094],[27.9119,36.6989],[28.0142,36.5272],[28.4698,36.7383],[28.8135,36.5352],[29.0023,36.6948],[29.2982,36.1731],[29.662,36.0783],[30.1661,36.1876],[30.4728,36.1883],[30.5936,36.7617],[30.9053,36.7942],[31.3707,36.7123],[31.902,36.4969],[32.335,36.1284],[32.6403,36.008],[33.1713,35.9709],[33.7532,36.1466],[34.4851,36.6268],[34.6624,36.6478],[35.2205,36.388],[35.4946,36.4431],[35.8909,36.7711],[36.0953,36.4825],[35.7086,36.2122],[35.8559,35.8345],[35.6073,35.4175],[35.7964,35.2707],[35.8414,35.0426],[35.7508,34.7468],[35.8731,34.4223],[35.5321,34.1187],[35.4919,33.8308],[34.8429,32.6707],[34.7585,32.3007],[34.5007,31.6211],[34.1463,31.2086],[34.5603,30.2039],[34.9355,29.4181]]]},"properties":{"NAME":"Ottoman Empire","ABBREVN":"Ottoman Empire","SUBJECTO":"Ottoman Empire","BORDERPRECISION":3,"PARTOF":"Ottoman Empire"}},
{"type":"Feature","geometry":{"type":"MultiPolygon","coordinates":[[[[12.606,56.0295],[12.9859,55.6666],[12.8024,55.3529],[13.3019,55.3007],[14.2864,55.5155],[14.126,55.6666],[14.2589,55.8993],[14.6529,56.1206],[15.7705,56.0332],[16.3762,56.8224],[16.3945,57.0743],[16.6587,57.443],[16.4765,57.7021],[16.7246,57.8893],[16.744,58.312],[16.4429,58.6344],[17.0807,58.6499],[17.5822,58.893],[17.9401,58.9085],[18.372,59.1571],[18.2734,59.2867],[17.3581,59.2452],[16.9998,59.3593],[17.0706,59.5461],[18.0301,59.3593],[18.6393,59.5669],[19.0373,59.8632],[18.8041,60.1084],[18.4169,60.1816],[17.9307,60.5903],[17.7065,60.5536],[17.1462,60.9528],[17.0652,61.5384],[17.387,61.6584],[17.4968,62.0881],[17.9363,62.548],[17.8682,62.7886],[18.3032,62.7894],[18.4866,62.9812],[19.0759,63.2025],[19.3182,63.4448],[19.6703,63.3885],[20.7007,63.8181],[21.0489,64.2192],[21.3858,64.3846],[20.9212,64.7138],[21.4894,65.0172],[21.2773,65.2123],[21.9575,65.4457],[22.2016,65.7153],[22.6456,65.9348],[23.204,65.6808],[23.9477,65.7967],[23.6561,66.2804],[23.8682,66.8169],[23.4579,67.4119],[23.4877,67.8343],[22.9127,68.1882],[21.7125,68.4132],[20.7906,68.9323],[20.1656,68.9581],[19.9651,68.2765],[19.6972,68.1708],[18.1795,68.4688],[17.9136,67.8642],[17.083,67.9119],[16.206,67.3073],[16.2205,66.8281],[15.0384,66.0598],[14.5967,66.0502],[14.5153,65.5034],[14.1989,65.0232],[13.7179,64.5533],[14.0416,64.3757],[14.155,64.1113],[13.8802,63.9526],[13.131,63.9487],[12.5771,63.7816],[12.1242,63.3446],[11.9327,62.554],[12.2256,62.2257],[12.0746,61.6985],[12.7917,61.3299],[12.5974,61.0286],[12.174,60.9564],[12.548,60.4339],[12.4228,60.0388],[11.6103,59.5686],[11.7089,59.1949],[11.5633,58.8631],[11.1789,59.0703],[11.2214,58.3083],[11.8019,58.1779],[11.6098,57.8069],[12.2886,56.8799],[12.8716,56.5115],[12.6524,56.2955],[12.606,56.0295]]],[[[18.1478,56.9119],[18.7119,57.2417],[18.8092,57.7036],[18.4672,57.8119],[18.1114,57.5194],[18.1478,56.9119]]]]},"properties":{"NAME":"Sweden","ABBREVN":"Sweden","SUBJECTO":"Sweden","BORDERPRECISION":3,"PARTOF":"Sweden"}},
{"type":"Feature","geometry":{"type":"MultiPolygon","coordinates":[[[[-25.6949,71.273],[-26.1202,71.6686],[-25.2913,71.5689],[-24.3864,71.1825],[-23.7537,70.5896],[-23.0842,70.4679],[-21.4708,70.5323],[-21.726,71.4046],[-22.4309,71.3412],[-22.8178,71.8697],[-23.9196,72.1885],[-25.073,72.6344],[-25.7782,72.6095],[-27.0377,72.7491],[-27.3572,72.8591],[-27.4406,73.287],[-26.8266,73.4075],[-25.7629,73.3538],[-25.0099,73.4746],[-24.0764,73.7557],[-22.8203,73.3275],[-21.7085,73.2739],[-21.4405,73.3937],[-20.3296,73.4196],[-20.3536,73.8106],[-22.0288,74.104],[-21.7623,74.3055],[-19.7162,74.2128],[-19.051,74.3347],[-19.0709,74.6089],[-20.6158,74.9543],[-20.6792,75.3082],[-19.5616,75.2277],[-19.1935,75.4435],[-19.5702,76.11],[-21.217,76.2666],[-22.3777,76.6359],[-21.1827,76.6975],[-19.9779,76.9463],[-18.057,76.8053],[-17.9201,77.0611],[-18.2534,77.3001],[-19.0644,77.2386],[-20.1049,77.3825],[-19.9437,77.6411],[-19.1773,77.8242],[-20.7767,77.9686],[-21.7676,77.7673],[-20.8788,78.8179],[-19.7632,78.8731],[-19.4813,79.4603],[-18.1023,79.6689],[-17.7692,79.9666],[-20.2674,79.9989],[-20.0447,80.2397],[-19.045,80.4262],[-16.4409,80.451],[-15.0126,80.8577],[-14.2019,81.2101],[-12.6445,81.3858],[-12.7051,81.6213],[-14.2525,81.8354],[-16.4654,81.9036],[-17.9635,81.5177],[-19.3174,81.597],[-21.1817,81.2866],[-23.3388,80.623],[-24.1096,80.7694],[-23.5329,81.0999],[-22.0529,81.5398],[-21.7979,81.757],[-22.9476,81.9002],[-24.8766,81.5954],[-25.9747,81.8311],[-30.6513,81.8107],[-32.4145,81.6516],[-32.5981,81.9736],[-31.1347,82.1981],[-28.3914,82.3104],[-25.4572,82.221],[-22.59,82.4191],[-22.4324,82.7433],[-25.3236,82.9999],[-26.4208,83.3423],[-32.5132,83.577],[-34.4269,83.403],[-36.4871,83.5113],[-38.5872,83.3824],[-38.5872,82.8277],[-40.1946,82.9668],[-41.8811,83.2628],[-45.2129,82.9667],[-43.9554,82.4905],[-44.3228,81.8231],[-45.5252,81.8205],[-49.6476,82.4781],[-50.9054,82.3681],[-49.846,81.8113],[-50.6261,81.7888],[-52.3643,82.1205],[-54.5752,82.3281],[-58.1333,82.0132],[-57.074,81.5477],[-57.4442,81.4239],[-60.0387,81.8833],[-61.1224,81.7976],[-61.1118,81.1824],[-63.7254,81.0862],[-67.1428,80.5621],[-67.4103,80.2107],[-64.6232,79.9492],[-64.8905,79.3824],[-65.4849,79.1582],[-67.9691,79.1268],[-69.2663,78.7962],[-72.3832,78.5257],[-72.5254,78.1661],[-71.8884,77.9494],[-71.0452,77.9163],[-69.6875,77.5551],[-67.8518,77.5931],[-66.8047,77.7768],[-66.1534,77.5532],[-66.7838,77.2593],[-67.7363,77.1889],[-71.1839,77.2595],[-71.4483,77.1219],[-70.5,76.8333],[-68.3763,76.7778],[-68.1444,76.5998],[-69.0448,76.2938],[-67.0367,75.9362],[-66.5404,75.9707],[-66.6839,76.3067],[-65.4745,76.0986],[-63.6508,76.3799],[-61.5075,76.2575],[-59.7835,75.9165],[-58.6357,75.7933],[-58.2285,75.6106],[-58.2053,75.2952],[-57.7743,75.0895],[-56.9394,74.919],[-55.7793,73.7045],[-55.3535,73.3463],[-54.7304,73.0376],[-54.6261,72.7213],[-55.3661,72.7278],[-55.2976,72.1612],[-55.6264,71.7304],[-55.4766,71.4891],[-55.0124,71.3346],[-53.9882,71.4141],[-53.3229,71.8908],[-52.8134,71.7434],[-51.7201,71.5896],[-52.198,71.3554],[-51.6754,71.2244],[-50.7995,70.3854],[-51.1528,70.3233],[-52.3675,70.6669],[-53.6281,70.8186],[-54.3735,70.7247],[-53.6663,70.357],[-52.9091,70.2894],[-51.6365,69.9402],[-50.5726,69.8663],[-50.4566,69.7376],[-50.7674,69.3364],[-50.3665,69.1939],[-50.2665,68.9532],[-50.8744,68.9446],[-50.9538,68.5393],[-51.6787,68.5005],[-52.3369,68.6641],[-52.8425,68.5058],[-50.491,67.9726],[-50.4771,67.4822],[-52.8079,67.7748],[-53.4941,67.4735],[-53.1703,67.2858],[-53.4496,67.0844],[-53.2673,66.9224],[-52.3032,66.9095],[-52.448,66.6073],[-53.2217,66.5309],[-53.3481,66.3243],[-52.7297,66.2764],[-53.1025,65.8732],[-52.536,65.4952],[-52.0777,65.3724],[-51.8048,64.2333],[-50.9937,64.6154],[-50.1445,64.7393],[-50.0426,64.4376],[-50.9879,64.0915],[-51.3658,63.726],[-51.1005,63.4695],[-50.6167,63.4348],[-50.4658,63.0507],[-49.8575,62.9665],[-50.1589,62.4624],[-50.0479,62.3141],[-49.1164,62.1038],[-49.1483,61.7723],[-48.9155,61.421],[-47.9692,61.0369],[-47.6305,60.5968],[-47.1594,60.8564],[-46.0719,60.9424],[-45.7709,61.1041],[-45.4603,60.8946],[-45.6217,60.6006],[-44.6822,60.2884],[-44.7531,60.0307],[-44.4674,59.7609],[-44.0523,60.1642],[-43.1436,59.8188],[-42.962,60.0341],[-43.1541,60.3053],[-42.7849,60.5292],[-42.8171,61.0256],[-43.0373,61.2917],[-42.4783,61.3068],[-42.3062,61.7289],[-42.2714,62.1944],[-42.9191,62.4619],[-43.226,62.6809],[-42.2988,62.7394],[-41.8344,62.6906],[-41.9156,63.1236],[-41.4345,63.0392],[-41.227,63.253],[-41.3782,63.5234],[-40.8939,63.5244],[-40.5162,63.7821],[-41.4841,64.2742],[-40.4724,64.3478],[-40.4836,64.6854],[-41.0603,65.0375],[-39.8978,64.9529],[-39.6863,65.1706],[-39.992,65.5333],[-38.4674,65.6454],[-37.9367,66.004],[-38.0418,66.3992],[-37.1548,66.3202],[-37.5789,65.5451],[-37.0479,65.7428],[-36.3244,65.7223],[-35.9719,65.8469],[-35.708,66.3522],[-35.2477,66.2285],[-34.4331,66.384],[-32.956,67.641],[-32.0372,67.9847],[-32.3555,68.4542],[-32.0188,68.4474],[-31.3547,68.0456],[-30.7365,67.9276],[-30.305,67.9805],[-29.9945,68.3914],[-29.3997,68.2281],[-27.9591,68.4774],[-26.9636,68.5017],[-26.3621,68.66],[-25.3244,69.0899],[-24.8966,69.3921],[-24.3333,69.3328],[-22.7323,69.7741],[-22.1575,70.0561],[-23.5874,70.084],[-24.5847,70.304],[-25.4533,70.2871],[-26.252,70.1784],[-27.4749,70.2068],[-28.3845,70.458],[-28.0835,70.8973],[-27.6061,71.0682],[-26.3294,71.1324],[-25.6949,71.273]]],[[[12.606,56.0295],[12.3726,56.1071],[11.6412,55.9715],[11.0353,55.6802],[11.2073,55.3155],[11.7476,55.1917],[12.35,55.2551],[12.2932,55.535],[12.5791,55.758],[12.606,56.0295]]],[[[8.5475,56.6841],[8.6071,56.8785],[9.0044,57.0259],[9.816,57.0664],[10.388,57.0512],[10.5148,57.3206],[10.4719,57.6981],[9.8098,57.4755],[9.1968,57.1437],[8.529,57.0494],[8.2582,56.8014],[8.5475,56.6841]]],[[[9.6708,54.8434],[9.5262,55.0903],[9.8821,55.7052],[10.2118,55.8758],[10.2622,56.1823],[10.7891,56.2088],[10.951,56.4197],[10.4282,56.5672],[10.3102,56.923],[10.0587,57.0491],[9.2766,56.9805],[8.749,56.6662],[8.1792,56.6674],[8.1297,55.5344],[8.6401,55.3547],[8.6836,54.9527],[8.8186,54.8908],[9.1786,54.8312],[9.5671,54.9021],[9.6184,54.8751],[9.6708,54.8434]]],[[[11.3391,54.6623],[11.5557,54.6354],[12.1195,54.8042],[11.791,54.9256],[11.0004,54.8218],[11.3391,54.6623]]],[[[10.7115,55.0991],[10.7676,55.4351],[10.3535,55.5958],[9.8341,55.5286],[10.0335,55.1881],[10.4115,55.0428],[10.7115,55.0991]]],[[[-54.1253,69.4812],[-53.5515,69.2784],[-51.8774,69.5307],[-52.084,69.7725],[-53.6167,70.1578],[-54.5937,70.2402],[-54.6869,69.707],[-54.1253,69.4812]]],[[[-22.8328,72.269],[-22.1457,72.0273],[-21.8821,72.365],[-23.131,72.6775],[-23.5854,72.4404],[-22.8328,72.269]]]]},"properties":{"NAME":"Denmark","ABBREVN":"Denmark","SUBJECTO":"Denmark","BORDERPRECISION":3,"PARTOF":"Denmark"}},
{"type":"Feature","geometry":{"type":"Polygon","coordinates":[[[51.1198,24.3987],[51.8355,22.8901],[51.9529,22.4842],[53.4661,22.3151],[55.3183,22.072],[55.1952,21.1185],[49.8192,17.6467],[45.5207,15.1306],[45.5558,15.0578],[43.6049,12.8289],[44.0627,12.6136],[44.4405,12.6398],[44.6811,12.8246],[44.9636,12.8252],[45.396,13.0739],[45.8259,13.4052],[46.6012,13.4005],[47.3696,13.6691],[48.0362,14.0454],[48.5367,14.0464],[48.9604,14.2189],[49.3338,14.6327],[50.2911,14.9588],[51.3126,15.2469],[51.9504,15.5405],[52.1352,15.6871],[52.2376,16.1003],[52.6522,16.4887],[52.8943,16.61],[54.0843,17.0191],[54.4069,17.0452],[54.9106,16.9701],[55.1948,17.1486],[55.2904,17.6761],[55.5611,17.9372],[56.2576,17.9768],[56.5494,18.2188],[56.7389,18.6894],[57.1862,18.9381],[57.8386,19.0348],[57.7784,19.3142],[57.8061,20.172],[57.9313,20.4009],[58.4031,20.3575],[58.512,20.4212],[58.8614,21.1145],[59.2588,21.4774],[59.5357,21.8021],[59.8373,22.2792],[59.2543,22.729],[58.6285,23.4583],[58.0807,23.5016],[57.1462,23.9825],[56.7942,24.2676],[56.4054,24.8195],[56.366,25.4547],[56.1613,25.4733],[56.1567,25.9665],[56.0155,25.7716],[55.5305,25.373],[55.4572,25.4202],[54.7708,24.7335],[54.5922,24.3773],[54.3471,24.1545],[53.6868,23.9875],[53.0757,24.0872],[52.9394,24.0244],[52.383,24.1082],[52.2546,23.9875],[51.9456,23.9455],[51.5859,24.0032],[51.2878,24.4108],[51.1198,24.3987]]]},"properties":{"NAME":"British Protectorate","ABBREVN":"British Protectorate","SUBJECTO":"United Kingdom of Great Britain and Ireland","BORDERPRECISION":3,"PARTOF":"British Protectorate"}},
{"type":"Feature","geometry":{"type":"Polygon","coordinates":[[[45.5207,15.1306],[49.8192,17.6467],[55.1952,21.1185],[55.3183,22.072],[53.4661,22.3151],[51.9529,22.4842],[51.8355,22.8901],[51.1198,24.3987],[50.9683,24.4362],[50.7783,24.4709],[50.6065,24.6802],[50.6189,24.8709],[50.4292,25.184],[50.3819,25.4612],[50.1469,25.5356],[49.9369,25.9558],[50.0762,26.3118],[49.9342,26.4831],[50.1218,26.7376],[49.9314,26.9341],[49.5325,27.0095],[49.1519,27.3725],[48.855,27.5227],[48.7517,27.8719],[48.4435,28.4402],[47.6721,28.4432],[47.4386,28.8293],[46.5092,28.9701],[46.9051,29.4376],[45.8697,29.856],[44.839,29.9934],[44.0832,30.337],[40.0291,34.391],[39.342,34.5972],[38.0364,34.5972],[37.2119,33.5665],[36.5248,31.1615],[36.5935,29.7873],[37.7616,28.8253],[40.6475,24.1528],[40.8537,22.3663],[42.3654,21.3356],[44.4252,17.3767],[44.9701,16.2743],[45.5207,15.1306]]]},"properties":{"NAME":"Arabia (Nejd)","ABBREVN":"Arabia","SUBJECTO":"Arabia (Nejd)","BORDERPRECISION":3,"PARTOF":"Arabia (Nejd)"}},
{"type":"Feature","geometry":{"type":"MultiPolygon","coordinates":[[[[21.0316,40.7268],[20.7889,40.3348],[20.3847,39.9486],[20.1224,39.551],[20.2118,39.4049],[20.6778,39.0804],[21.0072,39.113],[21.0065,38.8705],[20.7718,38.8509],[21.1724,38.3478],[21.8265,38.464],[22.3337,38.4267],[22.8756,38.2046],[22.7472,37.9526],[21.9058,38.2697],[21.7145,38.1354],[21.4405,38.1795],[21.2284,37.9049],[21.2963,37.7265],[21.6137,37.4148],[21.5314,37.1151],[21.7809,36.8225],[21.9842,37.0205],[22.1914,36.8552],[22.3903,36.5244],[22.6736,36.7543],[22.9826,36.6148],[22.8869,37.0467],[22.6387,37.4923],[22.9421,37.5184],[23.1096,37.3466],[23.3122,37.5481],[23.0489,37.6426],[22.9806,37.9578],[23.4957,38.0681],[23.8355,37.6846],[23.9873,37.7634],[23.8039,38.3465],[23.5558,38.3518],[23.1695,38.667],[22.6023,38.8562],[22.8711,39.0243],[22.7203,39.2873],[23.0742,39.4135],[22.8134,39.6027],[22.4674,40.1185],[22.6023,40.3972],[23.5958,40.1923],[23.886,40.7329],[24.5191,40.8731],[24.6987,41.38],[24.4181,41.4762],[23.7956,41.3317],[22.9202,41.2307],[22.4526,41.0486],[22.0102,41.0911],[21.6684,40.8264],[21.0316,40.7268]]],[[[23.2424,39.0441],[23.0143,38.9614],[23.6377,38.5226],[24.0254,38.3857],[24.1319,38.6534],[23.7898,38.7186],[23.2424,39.0441]]]]},"properties":{"NAME":"Greece","ABBREVN":"Greece","SUBJECTO":"Greece","BORDERPRECISION":3,"PARTOF":"Greece"}},
{"type":"Feature","geometry":{"type":"Polygon","coordinates":[[[27.7814,35.8903],[28.0636,36.1119],[27.9092,36.3397],[27.7197,36.1661],[27.7814,35.8903]]]},"properties":{"NAME":null,"ABBREVN":null,"SUBJECTO":null,"BORDERPRECISION":3,"PARTOF":null}},
{"type":"Feature","geometry":{"type":"Polygon","coordinates":[[[14.5622,35.8203],[14.5103,35.9253],[14.375,35.9908],[14.3331,35.895],[14.4239,35.8186],[14.5622,35.8203]]]},"properties":{"NAME":"Malta","ABBREVN":"Malta","SUBJECTO":"Malta","BORDERPRECISION":3,"PARTOF":"Malta"}},
{"type":"Feature","geometry":{"type":"Polygon","coordinates":[[[61.57,25.0396],[62.4496,25.1626],[63.4035,25.1646],[63.6503,25.3366],[64.0592,25.401],[64.425,25.1731],[65.7688,25.3093],[66.3001,25.4947],[66.6205,25.3175],[66.7005,25.1144],[66.7017,24.7523],[66.9995,24.7148],[67.2042,24.5882],[67.3159,24.0929],[67.6923,23.8142],[68.047,23.7641],[68.3729,23.3264],[68.7908,23.0287],[69.1072,22.8989],[69.6649,22.7892],[70.4106,22.7526],[69.9685,22.3515],[69.4922,22.2488],[68.8942,22.2857],[69.1261,21.9685],[70.2099,20.948],[70.4675,20.777],[71.0244,20.6575],[71.5289,20.8237],[72.1209,21.1553],[72.289,21.5496],[72.1271,21.8287],[72.319,22.115],[72.6956,22.1285],[72.6659,21.8489],[72.7657,21.1504],[73.1129,20.8271],[73.1097,20.6873],[72.7595,20.0576],[72.8534,19.2447],[73.0642,18.0317],[73.4093,16.5585],[73.5727,16.0379],[73.8414,15.3905],[74.4015,14.4196],[74.7336,13.6834],[74.9617,12.877],[75.2109,12.1024],[75.6518,11.4235],[76.0751,10.554],[76.3853,9.7477],[76.5379,9.119],[76.7035,8.7064],[77.3414,8.0533],[77.4844,8.0282],[77.8998,8.2578],[78.1358,8.4998],[78.1811,8.8112],[78.3138,8.9958],[79.1596,9.2772],[78.9266,9.4927],[79.2225,10.1922],[79.3063,10.2559],[79.7899,10.2506],[79.8263,10.3587],[79.7107,11.4449],[79.7694,11.731],[80.2238,12.8311],[80.3199,13.3332],[80.0759,13.6694],[80.1697,13.892],[80.0894,15.1752],[80.3002,15.6457],[80.736,15.8373],[80.9631,15.7234],[81.0879,15.8268],[81.3691,16.3469],[81.789,16.3287],[82.0814,16.4627],[82.2346,16.6473],[82.354,17.0859],[83.077,17.5004],[83.3814,17.7107],[83.6847,18.0834],[83.9877,18.2075],[84.2627,18.4558],[85.1132,19.4423],[85.3791,19.6054],[86.1192,19.8065],[86.6324,20.2036],[86.6379,20.3191],[86.9261,20.6913],[86.7962,21.1357],[86.9372,21.2884],[87.6407,21.5631],[87.8675,21.697],[88.053,21.9387],[88.2479,21.5961],[88.3771,21.5773],[88.5676,21.8954],[88.7235,21.54],[88.8809,21.5149],[89.0723,21.7743],[89.2339,21.6554],[89.4566,21.9417],[89.579,21.7006],[90,21.9303],[90,22.561],[91.0814,22.5613],[91.4102,22.7208],[91.5711,22.5433],[91.8459,21.9087],[91.946,21.3626],[92.1763,20.8866],[92.6628,20.4049],[92.9333,20.3102],[92.8944,20.1132],[93.0656,19.9928],[93.3343,20.0252],[93.7238,19.594],[93.815,19.2576],[93.4579,19.1742],[93.839,18.9527],[94.0537,19.0611],[94.4205,18.1408],[94.4649,17.2643],[94.392,16.9084],[94.1434,16.2154],[94.1444,16.0057],[94.8193,16.2105],[94.7534,15.9372],[94.9726,15.836],[95.1248,15.9951],[95.3298,15.6779],[95.5523,15.8753],[95.7138,16.1552],[96.4692,16.5126],[96.7341,16.888],[96.7704,17.3327],[96.8816,17.3457],[97.215,16.9398],[97.352,16.5272],[97.5732,16.4451],[97.7423,15.0097],[97.823,14.616],[98.1989,13.6448],[98.4859,13.1118],[98.5968,12.7372],[98.6765,12.0512],[98.5883,11.8223],[98.7384,11.4351],[98.6053,10.863],[98.3979,10.5639],[98.4317,10.2019],[98.5932,10.1205],[98.6372,10.2886],[99.0919,11.0536],[99.5466,11.7551],[99.5811,11.8887],[99.0976,12.9721],[99.1336,13.3725],[99.003,13.8862],[98.4869,14.3723],[98.137,15.1896],[98.5798,15.4716],[98.4756,16.0045],[98.8236,16.3177],[98.3931,17.0837],[97.7876,17.5755],[97.706,18.0513],[97.3735,18.4494],[97.7111,18.5085],[97.7888,19.398],[98.0157,19.7486],[98.5081,19.7197],[98.9933,19.8622],[99.1702,20.13],[99.604,20.3611],[100.0012,20.4587],[100.3504,20.7464],[100.7878,21.2824],[101.014,21.4424],[100.8947,21.7211],[100.6122,21.5353],[100.3208,21.4638],[100.0402,21.6209],[99.7555,22.1272],[99.3109,22.1056],[99.1559,22.3078],[99.4836,23.0209],[99.4689,23.1414],[98.985,23.1513],[98.894,23.2968],[98.7692,24.0898],[98.6988,24.1465],[98.1368,24.0988],[97.7679,23.8998],[97.5306,23.8921],[97.6312,24.2736],[97.5241,24.8],[97.888,25.2719],[98.3823,25.6302],[98.7337,26.3432],[98.7254,26.7367],[98.6372,27.4787],[98.216,27.5461],[98.0087,28.0908],[97.83,28.2865],[97.4785,28.3923],[97.3404,28.1821],[96.2546,28.3853],[96.4758,28.7102],[96.4553,28.8815],[95.9286,29.3798],[95.309,29.0018],[95.1393,28.9818],[94.5717,29.2007],[94.1662,29.027],[93.669,28.7005],[93.2956,28.5841],[93.0514,28.4177],[92.5461,27.9198],[92.0461,27.7011],[91.6078,27.6415],[91.5949,27.4637],[91.9989,27.193],[91.9089,26.8053],[91.1618,26.7502],[90,26.7787],[89.8344,26.6854],[88.8675,26.9084],[88.8026,27.181],[88.7072,27.4788],[88.7307,27.8661],[88.5641,27.9794],[88.1973,27.8758],[88.0706,27.5234],[88.0389,27.129],[88.2319,26.757],[88.0922,26.4445],[87.3493,26.385],[87.0494,26.6008],[86.7765,26.4668],[86.0712,26.6975],[85.9005,26.5933],[85.6342,26.8835],[85.3714,26.757],[84.9647,27.0025],[84.6664,27.0695],[84.6477,27.3746],[84.3584,27.4043],[84.1361,27.5382],[83.8743,27.382],[83.6573,27.501],[83.1872,27.4638],[82.8118,27.5382],[82.73,27.7168],[82.4879,27.6871],[82.0253,27.9549],[81.9212,27.8805],[81.3624,28.1856],[81.225,28.4236],[80.9086,28.4906],[80.6092,28.7064],[80.3995,28.6692],[80.0983,28.9519],[80.3355,29.3239],[80.4129,29.7852],[81.0213,30.2465],[80.6344,30.5144],[80.2252,30.5962],[80.2772,30.7599],[79.7921,31.0203],[79.6286,30.9682],[79.1088,31.4593],[78.8943,31.3179],[78.7607,31.5411],[78.7818,32.0024],[78.5211,32.2703],[78.4507,32.5828],[78.804,32.672],[78.8188,32.5084],[79.1362,32.4116],[79.5653,32.7018],[79.4004,33.0143],[79.447,33.2003],[78.6245,33.5042],[78.5749,34.0176],[78.8067,34.1997],[78.5086,34.4978],[78.1443,34.5475],[77.8462,35.243],[77.4171,35.5134],[76.8154,35.5604],[76.4339,35.8865],[76.0923,35.7984],[75.8897,36.0232],[75.8915,36.5125],[75.6278,36.769],[75.3468,36.7651],[75.218,36.9124],[74.5205,37.0046],[73.7863,36.7269],[73.4949,36.7914],[72.8899,36.7861],[72.3727,36.7177],[71.3248,36.0516],[71.6232,35.5572],[71.6589,35.1251],[71.5128,34.9337],[71.0967,34.6204],[71.0384,34.4931],[71.1535,34.1384],[70.7925,33.9269],[70.0297,33.9988],[69.87,33.9408],[70.1914,33.6062],[70.2892,33.2831],[70.0573,33.1167],[69.6396,33.0509],[69.5079,32.9486],[69.2777,32.3824],[69.2064,31.798],[68.9466,31.5871],[68.4962,31.7559],[68.2427,31.7672],[67.8287,31.5363],[67.5699,31.1857],[66.9208,31.2074],[66.4666,30.843],[66.2773,30.2959],[66.2328,29.8893],[66.0906,29.7361],[65.6105,29.6128],[64.6449,29.4485],[64.0893,29.3945],[63.48,29.4546],[62.9464,29.3563],[62.3686,29.3847],[61.5031,29.602],[60.8205,29.8333],[61.6593,28.6568],[61.9724,28.4808],[62.671,28.2054],[62.7466,28.0343],[62.7967,27.4314],[62.8798,27.2541],[63.1732,27.2303],[63.257,27.1038],[63.2405,26.6656],[63.0623,26.5185],[62.6123,26.4841],[61.9413,26.1564],[61.6735,25.6277],[61.57,25.0396]]]},"properties":{"NAME":"British Raj","ABBREVN":"British Raj","SUBJECTO":"United Kingdom","BORDERPRECISION":3,"PARTOF":"British Raj"}},
{"type":"Feature","geometry":{"type":"Polygon","coordinates":[[[-4.1533,53.2256],[-4.2769,53.3983],[-4.5675,53.2733],[-4.3514,53.1244],[-4.1533,53.2256]]]},"properties":{"NAME":null,"ABBREVN":null,"SUBJECTO":null,"BORDERPRECISION":3,"PARTOF":null}},
{"type":"Feature","geometry":{"type":"Polygon","coordinates":[[[-5.1036,55.4386],[-5.1547,55.6733],[-5.4003,55.6006],[-5.1036,55.4386]]]},"properties":{"NAME":null,"ABBREVN":null,"SUBJECTO":null,"BORDERPRECISION":3,"PARTOF":null}},
{"type":"Feature","geometry":{"type":"Polygon","coordinates":[[[-6.1217,55.8789],[-6.3275,55.5894],[-6.0247,55.6808],[-6.1217,55.8789]]]},"properties":{"NAME":null,"ABBREVN":null,"SUBJECTO":null,"BORDERPRECISION":3,"PARTOF":null}},
{"type":"Feature","geometry":{"type":"Polygon","coordinates":[[[-5.9469,55.83],[-5.7461,56.0636],[-5.9681,56.0236],[-6.0789,55.9055],[-5.9469,55.83]]]},"properties":{"NAME":null,"ABBREVN":null,"SUBJECTO":null,"BORDERPRECISION":3,"PARTOF":null}},
{"type":"Feature","geometry":{"type":"Polygon","coordinates":[[[-7.4669,56.9408],[-7.3761,56.9786],[-7.4456,57.0556],[-7.5536,56.9664],[-7.4669,56.9408]]]},"properties":{"NAME":null,"ABBREVN":null,"SUBJECTO":null,"BORDERPRECISION":3,"PARTOF":null}},
{"type":"Feature","geometry":{"type":"Polygon","coordinates":[[[-7.2231,57.3375],[-7.425,57.3822],[-7.3814,57.1086],[-7.2303,57.0947],[-7.2231,57.3375]]]},"properties":{"NAME":null,"ABBREVN":null,"SUBJECTO":null,"BORDERPRECISION":3,"PARTOF":null}},
{"type":"Feature","geometry":{"type":"Polygon","coordinates":[[[-7.2689,57.3989],[-7.2047,57.4608],[-7.3511,57.4894],[-7.3881,57.4239],[-7.2689,57.3989]]]},"properties":{"NAME":null,"ABBREVN":null,"SUBJECTO":null,"BORDERPRECISION":3,"PARTOF":null}},
{"type":"Feature","geometry":{"type":"Polygon","coordinates":[[[-7.1886,57.6872],[-7.4769,57.5625],[-7.1539,57.5094],[-7.1886,57.6872]]]},"properties":{"NAME":null,"ABBREVN":null,"SUBJECTO":null,"BORDERPRECISION":3,"PARTOF":null}},
{"type":"Feature","geometry":{"type":"Polygon","coordinates":[[[-7.0064,57.8814],[-6.9936,57.9186],[-7.0736,57.8961],[-7.0064,57.8814]]]},"properties":{"NAME":null,"ABBREVN":null,"SUBJECTO":null,"BORDERPRECISION":3,"PARTOF":null}},
{"type":"Feature","geometry":{"type":"Polygon","coordinates":[[[-6.8022,58.203],[-6.7944,58.218],[-6.8542,58.25],[-6.8731,58.2064],[-6.8022,58.203]]]},"properties":{"NAME":null,"ABBREVN":null,"SUBJECTO":null,"BORDERPRECISION":3,"PARTOF":null}},
{"type":"Feature","geometry":{"type":"Polygon","coordinates":[[[-6.2042,58.3561],[-7.0319,58.2381],[-6.9608,57.7275],[-6.4739,57.9403],[-6.2042,58.3561]]]},"properties":{"NAME":null,"ABBREVN":null,"SUBJECTO":null,"BORDERPRECISION":3,"PARTOF":null}},
{"type":"Feature","geometry":{"type":"Polygon","coordinates":[[[-2.9183,58.7319],[-2.8767,58.8203],[-3.0369,58.8181],[-2.9183,58.7319]]]},"properties":{"NAME":null,"ABBREVN":null,"SUBJECTO":null,"BORDERPRECISION":3,"PARTOF":null}},
{"type":"Feature","geometry":{"type":"Polygon","coordinates":[[[-3.2314,58.7756],[-3.1364,58.8042],[-3.3356,58.9275],[-3.4311,58.8714],[-3.2314,58.7756]]]},"properties":{"NAME":null,"ABBREVN":null,"SUBJECTO":null,"BORDERPRECISION":3,"PARTOF":null}},
{"type":"Feature","geometry":{"type":"Polygon","coordinates":[[[-2.7931,58.9514],[-3.0769,59.1217],[-3.195,58.9111],[-2.7931,58.9514]]]},"properties":{"NAME":null,"ABBREVN":null,"SUBJECTO":null,"BORDERPRECISION":3,"PARTOF":null}},
{"type":"Feature","geometry":{"type":"Polygon","coordinates":[[[-2.6814,59.1958],[-2.6206,59.2361],[-2.4956,59.245],[-2.4144,59.3136],[-2.5928,59.2906],[-2.6814,59.1958]]]},"properties":{"NAME":null,"ABBREVN":null,"SUBJECTO":null,"BORDERPRECISION":3,"PARTOF":null}},
{"type":"Feature","geometry":{"type":"Polygon","coordinates":[[[-2.89,59.2953],[-3.0489,59.3292],[-3.0033,59.2636],[-2.9719,59.2872],[-2.89,59.2953]]]},"properties":{"NAME":null,"ABBREVN":null,"SUBJECTO":null,"BORDERPRECISION":3,"PARTOF":null}},
{"type":"Feature","geometry":{"type":"Polygon","coordinates":[[[-1.2961,60.4911],[-1.3203,60.3564],[-1.655,60.2261],[-1.1261,60.1517],[-1.0414,60.4469],[-1.2961,60.4911]]]},"properties":{"NAME":null,"ABBREVN":null,"SUBJECTO":null,"BORDERPRECISION":3,"PARTOF":null}},
{"type":"Feature","geometry":{"type":"Polygon","coordinates":[[[-1.0294,60.4958],[-0.9911,60.72],[-1.1772,60.6367],[-1.0294,60.4958]]]},"properties":{"NAME":null,"ABBREVN":null,"SUBJECTO":null,"BORDERPRECISION":3,"PARTOF":null}},
{"type":"Feature","geometry":{"type":"Polygon","coordinates":[[[-0.8197,60.6889],[-0.7678,60.8289],[-0.9389,60.7944],[-0.9656,60.688],[-0.8197,60.6889]]]},"properties":{"NAME":null,"ABBREVN":null,"SUBJECTO":null,"BORDERPRECISION":3,"PARTOF":null}},
{"type":"Feature","geometry":{"type":"Polygon","coordinates":[[[-6.7069,61.9375],[-6.7189,62.0286],[-7.1922,62.3078],[-7.2322,62.1725],[-6.7069,61.9375]]]},"properties":{"NAME":null,"ABBREVN":null,"SUBJECTO":null,"BORDERPRECISION":3,"PARTOF":null}},
{"type":"Feature","geometry":{"type":"Polygon","coordinates":[[[-4.7778,54.0556],[-4.3944,54.1864],[-4.5275,54.3672],[-4.7778,54.0556]]]},"properties":{"NAME":null,"ABBREVN":null,"SUBJECTO":null,"BORDERPRECISION":3,"PARTOF":null}},
{"type":"Feature","geometry":{"type":"MultiPolygon","coordinates":[[[[142.084,50.0103],[142.0491,49.3547],[141.9214,48.9431],[141.7396,48.8073],[141.9775,48.2847],[142.0365,47.9593],[141.7318,47.4712],[141.9094,47.0734],[141.6228,46.558],[141.7084,46.1398],[141.8983,45.9148],[142.3273,46.5631],[142.6148,46.7128],[143.0043,46.5774],[143.3034,46.0112],[143.4448,46.5717],[143.2365,46.8633],[142.9933,46.9537],[142.6146,47.4596],[142.4899,47.9016],[142.6461,48.6575],[142.854,49.1277],[143.1528,49.2589],[143.5984,49.2336],[144.5399,48.7533],[144.0382,49.5088],[143.7513,50.0232],[142.084,50.0103]]],[[[129.6961,28.4914],[129.2567,28.3208],[129.3686,28.1161],[129.6961,28.4914]]],[[[121.8222,24.6225],[121.8169,24.8478],[121.9992,25.0108],[121.4806,25.2719],[121.385,25.1575],[121.0017,25.0017],[120.6977,24.6008],[120.1155,23.6314],[120.1483,23.3272],[120.0491,23.0608],[120.1639,22.9536],[120.3286,22.5194],[120.573,22.3661],[120.6983,21.9458],[120.8825,22.0394],[120.8786,22.3414],[121.1681,22.7625],[121.453,23.3272],[121.605,24.0806],[121.853,24.5336],[121.8222,24.6225]]],[[[126.1705,33.2625],[126.5994,33.2333],[126.843,33.3083],[126.7931,33.5508],[126.3175,33.4528],[126.1705,33.2625]]],[[[124.1339,39.8431],[124.4428,39.573],[124.9223,39.6186],[125.2961,39.3643],[125.0279,38.8156],[125.2686,38.5676],[124.9294,38.4649],[124.7362,38.2798],[124.7697,37.9359],[125.077,37.7709],[125.2694,37.4847],[125.5617,37.8355],[125.7412,37.785],[125.909,37.5115],[126.2097,37.7541],[126.6292,37.5914],[126.7661,37.2319],[126.1236,36.7092],[126.4972,36.7239],[126.5444,36.1364],[126.7519,35.7783],[126.4794,35.64],[126.3783,35.3122],[126.3714,34.7892],[126.6202,34.6242],[126.4633,34.4847],[126.6003,34.3003],[127.2167,34.7075],[127.3153,34.4436],[127.5542,34.6561],[127.5764,34.8869],[127.7674,34.9603],[128.4519,34.8455],[128.5728,35.17],[128.735,35.0928],[129.1369,35.1122],[129.4394,35.4758],[129.5839,35.9889],[129.3869,36.036],[129.475,36.7744],[129.3425,37.2572],[128.6411,38.1172],[127.4046,39.0753],[127.2769,39.2217],[127.4408,39.6237],[127.6715,39.8664],[128.4466,40.0659],[129.177,40.6302],[129.4778,40.682],[129.6311,41.2778],[129.6413,41.6558],[129.8247,41.8614],[130.4351,42.2768],[130.2259,42.6513],[129.9656,42.9574],[129.5682,42.7374],[129.4645,42.4166],[128.7555,42.0606],[127.984,42.1076],[127.8493,41.8445],[128.0985,41.4494],[127.4228,41.3562],[126.9724,41.5391],[126.8493,41.7175],[126.4742,41.6515],[126.1655,41.1894],[125.8795,40.945],[125.415,40.6997],[124.7251,40.4277],[124.4911,40.2796],[124.1339,39.8431]]],[[[127.7142,26.0817],[127.8358,26.4194],[128.2714,26.6583],[128.2472,26.84],[127.8005,26.4425],[127.64,26.2086],[127.7142,26.0817]]],[[[138.699,37.4482],[138.3172,37.2055],[137.464,36.8537],[137.1762,36.6431],[136.983,36.8336],[137.0138,37.0374],[137.3349,37.2735],[137.3096,37.4327],[136.8108,37.3107],[136.6404,37.1703],[136.6685,36.6675],[135.9779,35.9725],[135.928,35.6035],[135.3577,35.3225],[135.157,35.6465],[134.7558,35.5312],[133.8041,35.4275],[133.0062,35.2541],[132.9808,35.4449],[132.6629,35.3806],[131.6723,34.502],[131.3341,34.2918],[130.8923,34.2464],[130.899,33.9037],[131.3942,33.9364],[131.995,33.8043],[131.9973,34.09],[132.1835,34.2872],[132.4812,34.1291],[132.8477,34.2631],[133.5891,34.4424],[133.8253,34.3857],[134.4273,34.6282],[134.9357,34.5404],[135.2057,34.6171],[135.317,34.4713],[134.9692,34.1342],[135.0629,33.69],[135.7557,33.3423],[136.1992,34.0034],[136.8986,34.2587],[136.5071,34.5182],[136.7339,34.8741],[137.0418,34.7287],[137.2482,34.4816],[137.7592,34.5525],[138.1491,34.5279],[138.4502,34.903],[138.751,34.9226],[138.7498,34.6497],[139.0228,34.6883],[139.0529,35.0249],[139.4226,35.1655],[139.6827,35.4458],[140.0029,35.4974],[139.7881,34.9628],[139.8301,34.836],[140.3166,35.0338],[140.3949,35.4091],[140.8343,35.6771],[140.5554,35.9691],[140.5466,36.2872],[140.6556,36.6183],[140.9639,36.9563],[140.9822,37.2682],[140.8722,37.9174],[141.0967,38.2618],[141.4964,38.4219],[141.5686,38.7852],[141.8878,39.13],[141.9981,39.672],[141.6756,40.3162],[141.4671,40.5141],[141.4369,41.2694],[141.087,41.4416],[140.7745,41.2552],[141.0766,41.1021],[141.1526,40.8654],[140.657,40.7236],[140.3864,40.9855],[139.9152,40.575],[139.985,40.1146],[139.8046,39.8907],[140.0111,39.6935],[140.0301,39.4832],[139.7457,38.6796],[139.5039,38.4179],[139.4398,38.1884],[139.1979,37.9204],[138.8562,37.7351],[138.699,37.4482]]],[[[133.8056,34.1762],[133.4629,33.8835],[132.9687,33.7936],[132.7843,33.9075],[132.4499,33.5196],[132.1211,33.3475],[132.3426,33.1068],[132.4671,32.7579],[132.6988,32.5489],[132.9697,32.7653],[133.1542,33.2164],[133.5165,33.3949],[133.7269,33.3762],[133.9986,33.1483],[134.5191,33.6508],[134.5404,34.0127],[134.0102,34.1893],[133.8056,34.1762]]],[[[130.2193,31.5597],[130.0601,31.2166],[130.2329,31.0265],[130.4744,31.4396],[130.7325,31.4783],[130.5541,30.97],[130.744,30.8878],[130.9597,31.193],[131.3193,31.5112],[131.4069,32.0828],[131.563,32.4322],[131.831,32.6931],[131.7953,32.8073],[131.4136,33.1112],[131.6698,33.3085],[131.5688,33.4861],[131.286,33.3903],[130.9711,33.5039],[130.8595,33.6751],[130.4266,33.6742],[130.1762,33.3372],[129.8583,33.2604],[129.528,33.2978],[129.3434,33.1514],[129.8459,32.5874],[130.1075,32.9308],[130.2574,32.912],[130.4965,32.557],[130.444,32.2839],[130.0589,31.9721],[130.2193,31.5597]]],[[[140.5168,43.057],[140.4998,42.8964],[139.7117,42.4776],[139.7772,42.1121],[140.0997,41.946],[139.9777,41.5035],[140.2686,41.3247],[140.5889,41.6777],[140.9793,41.6529],[141.155,41.7493],[140.7677,42.005],[140.2455,42.2284],[140.2234,42.3631],[140.6935,42.5501],[140.9296,42.2555],[141.3969,42.5194],[141.9281,42.5013],[142.8423,42.0669],[143.2138,41.9265],[143.3304,42.1961],[143.8479,42.7746],[144.1664,42.9422],[144.5902,42.8596],[144.9947,42.9374],[145.4481,43.1696],[145.0594,43.7858],[145.14,44.1783],[144.6138,43.8428],[144.0281,43.9509],[143.5082,44.1558],[143.0205,44.4637],[142.539,44.8427],[141.8753,45.4354],[141.5228,45.1826],[141.7457,44.6286],[141.7094,43.9142],[141.3019,43.7205],[141.3036,43.187],[141.0642,43.0966],[140.5989,43.327],[140.5168,43.057]]],[[[148.3327,45.2297],[148.84,45.3467],[148.7008,45.5208],[148.3122,45.2672],[147.895,45.23],[147.1119,44.7939],[147.2911,44.6669],[147.6227,44.8972],[148.3327,45.2297]]],[[[155.3575,50.053],[155.7953,50.1889],[156.153,50.525],[155.8969,50.6986],[155.638,50.378],[155.2477,50.3014],[155.3575,50.053]]]]},"properties":{"NAME":"Empire of Japan","ABBREVN":"Empire of Japan","SUBJECTO":"Empire of Japan","BORDERPRECISION":3,"PARTOF":"Empire of Japan"}},
{"type":"Feature","geometry":{"type":"Polygon","coordinates":[[[26.2547,49.7504],[26.2194,49.1343],[26.4799,48.5858],[26.9894,48.6808],[27.1077,48.8326],[27.4858,48.6706],[27.7061,48.4397],[28.3473,48.1503],[28.9082,47.8184],[29.1156,47.2827],[29.4267,46.8161],[30.0661,46.2804],[30.4328,46.1757],[30.8329,46.5766],[31.781,46.7019],[32.1888,46.5922],[31.9259,46.4099],[32.2022,46.1704],[32.5164,46.1256],[33.3325,46.1661],[33.6388,45.9268],[32.9023,45.6726],[32.5032,45.4451],[33.0135,45.3814],[33.3979,45.2527],[33.5594,44.9361],[33.3955,44.6005],[34.0137,44.4921],[34.3722,44.7572],[35.0673,44.8617],[35.3867,45.0819],[35.8655,45.0311],[36.2648,45.0966],[36.521,45.3883],[35.8498,45.4452],[35.3167,45.3212],[35.0634,45.3401],[35.0081,45.6119],[33.8391,46.1931],[34.0642,46.2649],[34.9068,46.273],[35.2124,46.6371],[35.4161,46.4947],[35.8506,46.6644],[37.1926,46.8944],[37.4221,47.0769],[37.8593,47.1037],[39.1599,47.2689],[39.2824,47.074],[38.4011,46.7214],[37.8666,46.6554],[37.9702,46.4413],[38.2649,46.3186],[38.459,46.0789],[37.9899,46.0067],[37.7061,45.5784],[37.6613,45.3452],[36.9599,45.2274],[37.4739,44.6924],[37.8804,44.7189],[38.1092,44.4938],[38.5561,44.3851],[38.9237,44.2119],[40.0981,43.3776],[40.2656,43.5911],[40.8081,43.5272],[41.1485,43.3783],[41.4783,43.357],[41.8293,43.2081],[42.5633,43.2294],[42.9569,43.1762],[43.2866,42.9422],[43.9249,42.7507],[44.0525,42.5592],[44.4142,42.7294],[44.978,42.772],[45.4779,42.5486],[45.8077,42.538],[45.7545,42.2508],[46.0417,42.0487],[46.5558,41.8785],[46.8501,41.8359],[47.3501,41.4423],[47.3501,41.304],[47.9883,41.2189],[48.2011,41.4636],[48.5521,41.6338],[48.6832,41.8359],[47.5653,43.0077],[47.5653,43.844],[47.3315,44.1856],[46.8459,44.4464],[46.8729,44.6802],[47.1697,44.86],[47.5563,45.4535],[47.871,45.6783],[48.3026,45.7682],[48.8331,46.0829],[49.0579,46.1369],[49.5345,46.5415],[49.9481,46.5595],[50.6315,46.9102],[51.3689,47.09],[51.7915,47.0091],[52.1422,46.8382],[52.5558,46.9821],[53.1852,46.8652],[53.2841,46.6764],[53.1223,46.4966],[53.2572,46.3167],[53.1492,45.957],[52.6097,45.3996],[51.5127,45.3726],[51.3419,45.0579],[51.0991,44.878],[51.5757,44.5543],[51.3329,44.4824],[50.8743,44.6262],[50.3348,44.5633],[50.3887,44.2935],[50.9552,44.2036],[51.171,43.7181],[51.4588,43.3854],[51.4228,43.1696],[51.7375,43.1786],[52.0702,42.8279],[52.295,42.8728],[52.7626,42.7559],[52.6727,42.2794],[52.5198,42.0726],[52.6922,41.5309],[52.9412,41.7703],[53.0657,42.0289],[53.7362,42.1343],[53.9852,42.1055],[54.1672,41.483],[54.7514,41.1382],[54.8185,40.8796],[54.4545,40.7167],[53.8416,40.6401],[53.2573,40.7646],[53.0562,41.052],[52.8455,40.1804],[53.0466,39.9984],[53.6883,39.9792],[53.5159,39.7781],[53.5829,39.3184],[54.0714,38.8969],[53.9373,38.5713],[53.8799,38.0254],[54.0151,37.3483],[54.4666,37.3958],[54.9558,37.8252],[55.3557,38.0377],[56.1309,38.0483],[56.5173,38.2607],[57.2255,38.1882],[57.4065,37.9917],[58.095,37.728],[58.6749,37.6739],[59.2405,37.4478],[60.3463,36.6074],[61.014,36.6366],[61.0969,36.5416],[61.1187,35.9054],[61.2213,35.5816],[62.1795,35.2881],[62.6776,35.2655],[63.0627,35.4902],[63.1166,35.7894],[64.2658,36.1711],[64.5407,36.3381],[64.6321,36.784],[64.826,37.1479],[65.3369,37.2398],[65.7247,37.4903],[65.9791,37.358],[66.6766,37.2409],[67.5153,37.2138],[67.8555,36.8529],[68.1842,36.8993],[68.7065,37.1822],[69.3078,37.0837],[69.5373,37.2823],[69.567,37.5053],[70.0222,37.4569],[70.315,37.6304],[70.3341,37.9361],[70.7188,38.3649],[70.9606,38.3471],[71.2198,38.1448],[71.1494,37.8759],[71.4441,37.834],[71.3032,37.1704],[71.467,36.7521],[71.8476,36.7161],[72.1829,36.9388],[72.4482,36.9676],[72.7142,37.1861],[73.0472,37.3283],[73.352,37.3417],[73.4447,37.2019],[74.1371,37.3704],[74.7333,37.2094],[75.0102,37.4655],[74.8782,37.8074],[74.8355,38.2985],[74.5798,38.5901],[74.1692,38.6344],[73.8583,38.5415],[73.677,38.8557],[73.7702,38.9559],[73.7599,39.4201],[73.8271,39.7837],[74.0087,39.9632],[75.43,40.6102],[75.8556,40.3121],[76.4816,40.437],[76.8107,40.8993],[77.1277,41.125],[77.6892,41.0193],[78.1107,41.0728],[78.4013,41.228],[78.8706,41.6788],[80.1093,41.9996],[80.2788,42.1543],[80.2109,42.8081],[80.7721,43.3825],[80.4329,44.0746],[80.4195,44.6855],[79.9324,44.8052],[80.2366,45.1226],[81.6903,45.3566],[82.4251,45.1668],[82.7765,45.3754],[82.4399,45.7355],[83.0595,47.0667],[83.2517,47.2949],[84.3362,47.0541],[84.9671,47.0185],[85.4776,47.0927],[85.7486,47.4446],[85.6092,48.1003],[85.9544,48.4862],[86.4945,48.5281],[86.7621,48.6533],[86.7827,48.9923],[87.1522,49.1769],[87.8684,49.2329],[88.5667,49.5368],[89.1909,49.5728],[89.7963,49.8164],[90,50.3067],[91.1017,50.4605],[92.1597,50.7553],[93.008,50.6415],[94.2105,50.5493],[94.7,50.0268],[96.77,49.9135],[97.4228,49.7863],[97.9016,49.9849],[98.2363,50.2424],[98.3099,50.4791],[98.0795,50.7079],[97.9396,51.2269],[98.9176,52.037],[101.0112,51.6717],[102.1174,51.3611],[102.2657,50.809],[102.639,50.4562],[103.6808,50.1664],[104.7969,50.4086],[105.1551,50.4433],[106.3229,50.4167],[106.6685,50.3135],[107.5491,49.8271],[108.4235,49.5185],[109.424,49.2955],[110.1999,49.241],[111.3783,49.319],[112.5245,49.462],[113.0331,49.6539],[113.5744,50.0552],[114.0983,50.2743],[114.8555,50.2259],[115.1937,49.9983],[115.7337,49.864],[116.2862,49.9976],[116.7598,49.9299],[117.4905,49.5863],[117.842,49.6338],[118.9403,49.9725],[119.2912,50.125],[119.3217,50.3677],[119.1823,50.7017],[119.8598,51.4881],[120.129,51.7334],[120.746,52.0071],[120.8211,52.3642],[120.5636,52.6142],[119.9965,52.7038],[120.7022,53.1845],[121.1878,53.3197],[123.3526,53.5103],[123.8694,53.4134],[124.6432,53.1125],[125.5092,53.1568],[125.8527,52.9465],[126.1864,52.5181],[126.6756,51.4451],[127.099,50.7306],[127.5159,49.8744],[127.712,49.6993],[128.5012,49.4557],[129.1866,49.3421],[130.3836,48.9642],[130.4758,48.8996],[130.8074,47.9329],[130.9245,47.7323],[132.2687,47.7784],[132.9694,48.0159],[134.1117,48.2493],[134.6284,48.2131],[134.7174,47.6942],[134.1653,47.3346],[133.909,46.6144],[133.3848,45.6488],[132.989,45.1436],[132.7776,44.9877],[131.7395,45.2593],[130.9905,44.8174],[130.9692,44.5668],[131.1184,44.163],[131.1396,43.2266],[130.8397,42.8853],[130.2259,42.6513],[130.4351,42.2768],[131.0646,42.7492],[131.5842,43.2127],[131.6746,43.0266],[132.1818,43.1946],[132.4847,42.8805],[132.8274,42.8619],[132.9528,42.6695],[134.1389,42.993],[134.5686,43.2122],[134.9624,43.515],[135.4148,44.0368],[136.034,44.3984],[136.4941,44.966],[137.7205,45.9967],[137.9846,46.2693],[138.3516,46.8732],[138.9493,47.3224],[139.2137,47.8106],[140.081,48.5026],[140.3282,49.3579],[140.457,50.104],[140.3235,50.5178],[140.4045,50.8274],[140.7303,51.4413],[141.2571,52.1035],[140.9395,52.2618],[141.0905,52.5869],[140.8282,52.8252],[141.1212,53.0516],[140.3213,53.5356],[140.1025,53.8017],[139.378,54.0804],[138.4168,54.0919],[138.4095,53.8051],[137.9794,53.4646],[137.2392,53.4565],[137.0407,53.8625],[136.7702,53.6954],[136.3507,53.7012],[136.4916,54.4555],[135.7258,54.4073],[135.0945,54.4328],[134.902,54.5594],[134.9852,54.8539],[135.2695,55.0287],[136.5213,55.5899],[137.2291,55.9827],[138.3459,56.8042],[138.8668,57.1245],[140.0287,57.6441],[140.5874,58.2393],[141.3496,58.5009],[141.9238,58.9409],[142.8459,59.2725],[145.4041,59.3255],[145.5128,59.0369],[145.957,58.9829],[146.054,59.2511],[146.9996,59.191],[147.9192,59.2615],[148.4161,59.0974],[149.0453,59.5872],[149.7296,59.5953],[150.1201,59.3895],[151.1402,59.4396],[151.5236,59.3439],[151.8573,59.0558],[151.0562,58.9238],[151.3545,58.6911],[152.1912,58.9259],[152.5042,58.7687],[153.1399,59.0101],[153.9244,58.9223],[154.9059,59.1028],[154.7528,59.2812],[154.1818,59.3008],[153.943,59.5688],[154.3157,59.9833],[155.1518,60.3944],[155.7339,60.5554],[155.6667,60.778],[156.4184,61.1213],[156.4232,61.401],[157.098,61.6334],[158.8413,61.784],[159.4546,61.5608],[159.9658,61.765],[160.1493,61.6602],[159.7435,61.0996],[160.2356,60.947],[160.0071,60.5913],[160.645,60.7178],[162.2352,61.5099],[162.7488,61.609],[162.7106,61.7632],[162.9902,62.3261],[164.1377,62.5327],[165.0672,62.4357],[165.2857,62.2881],[164.2772,62.2229],[164.0083,62.1309],[163.9423,61.7374],[163.5757,61.3305],[163.7927,61.1282],[163.3293,60.6949],[161.8179,60.268],[161.5352,59.9417],[160.8442,59.5542],[159.6491,58.9537],[159.3927,58.6104],[158.3263,58.0268],[157.5112,57.7455],[156.7769,57.5805],[156.8777,57.3627],[156.5579,56.9475],[155.6276,56.2679],[155.4535,55.2758],[155.4652,54.9198],[155.7075,54.065],[155.7108,53.8049],[156.0381,52.7815],[156.3332,52.2716],[156.3619,51.9142],[156.6964,50.9577],[157.2095,51.229],[157.8978,51.666],[158.3895,52.2027],[158.4614,52.826],[159.3198,53.1265],[159.8969,53.2406],[159.6835,53.5794],[159.6951,53.8592],[159.9311,54.0864],[160.6829,54.4483],[161.5666,54.4232],[162.0082,54.7382],[161.6474,54.9851],[161.5027,55.2874],[161.8613,55.8609],[162.3176,56.2401],[162.7713,55.9166],[163.166,56.1065],[163.098,56.5597],[162.7443,56.5997],[162.5124,57.0335],[163.1278,57.5516],[162.8257,57.701],[162.2037,57.6794],[161.7999,57.8627],[161.8044,58.1017],[162.22,58.4855],[162.9074,58.8913],[162.8352,59.0559],[163.2545,59.2904],[163.0429,59.462],[163.3887,59.8141],[164.1105,60.0782],[164.5846,59.6647],[164.8816,59.7341],[164.933,59.9619],[165.4154,60.1152],[165.78,60.3541],[166.2034,60.3526],[165.945,59.7706],[166.0272,59.7087],[167.104,60.271],[168.2109,60.4329],[169.1541,60.4346],[169.4557,60.2963],[169.6136,60.0122],[169.8775,59.8746],[170.2731,60.0134],[170.3368,60.2771],[171.0724,60.4521],[171.2484,60.6542],[172.0001,60.8576],[172.4924,61.2633],[172.9183,61.2781],[173.4809,61.6011],[173.9268,61.616],[174.5423,61.8907],[175.1726,61.9691],[176.5491,62.3797],[176.832,62.6764],[177.2908,62.4868],[178.7377,62.2993],[179.2422,62.5257],[179.2877,62.8151],[178.3444,63.458],[178.4026,63.6641],[178.1473,64.1566],[177.5347,64.0897],[177.0816,64.303],[175.8998,64.5474],[176.3317,64.7729],[177.2515,64.8561],[177.4267,64.6067],[178.0044,64.5477],[178.726,64.6063],[180,64.9535],[180,65.0519],[180,65.311],[180,65.3816],[180,65.9631],[180,66.9631],[180,67.9631],[180,68.9199],[178.965,69.2291],[177.705,69.4896],[177.0792,69.5336],[175.611,69.7794],[173.6367,69.7607],[172.3592,69.9092],[170.4517,70.0192],[170.0563,69.6109],[170.4313,69.5589],[170.9049,69.0343],[170.8328,68.9219],[169.3886,68.7175],[168.9861,68.9634],[168.1,69.2315],[167.3201,69.6586],[166.3092,69.3783],[164.6365,69.4128],[164.0537,69.66],[163.0382,69.5452],[161.961,69.5282],[161.1708,69.1586],[160.674,69.2703],[160.6816,69.5785],[159.673,69.6519],[159.4438,69.7646],[159.6279,70.2198],[159.2292,70.5475],[158.4087,70.8142],[157.3964,70.9275],[156.0432,70.9866],[155.0492,70.9385],[153.4044,70.7282],[152.134,70.6644],[151.48,71.0858],[150.6937,71.3467],[149.7154,71.4376],[148.7109,71.6294],[149.722,71.8952],[148.698,72.1662],[146.9151,72.2019],[146.1861,71.8421],[145.1004,71.5762],[144.8808,71.7231],[145.6782,71.9267],[145.6,72.4262],[144.5618,72.4556],[141.294,72.7871],[140.5891,72.4952],[139.3118,72.3832],[139.8479,72.2356],[139.7445,71.4036],[139.1588,71.418],[138.6749,71.6184],[138.1194,71.4702],[138.0758,71.246],[137.6297,71.0754],[136.765,71.4058],[135.5106,71.5118],[134.2414,71.2619],[132.2836,71.6609],[131.4127,70.8638],[130.7793,70.6783],[130.1717,70.8153],[129.3552,71.1757],[128.4325,71.7546],[127.1209,72.2119],[126.2164,72.3823],[127.3135,72.7139],[128.5249,72.9523],[128.4989,73.1259],[127.7196,73.4015],[125.7173,73.3978],[124.8177,73.6582],[124.2222,73.6969],[123.4099,73.4808],[123.5148,73.172],[122.8824,72.7528],[122.2433,72.9091],[120.5785,72.8351],[118.4978,73.0362],[118.4604,73.5192],[116.6711,73.6192],[114.1867,73.551],[113.3117,73.3827],[113.2216,73.7481],[111.7617,73.6578],[110.5513,74.0384],[110.1784,73.7982],[110.4423,73.5679],[109.9906,73.44],[107.8043,73.1428],[106.5015,73.0613],[106.2083,73.2585],[107.2655,73.5222],[108.3399,73.6912],[111.5866,74.731],[112.5771,74.8862],[113.625,75.2727],[113.1134,75.4944],[113.723,75.8688],[113.533,76.0937],[112.5885,76.2592],[111.4273,76.5681],[109.6564,76.6913],[108.2445,76.6464],[107.666,76.4431],[106.404,76.4323],[107.0714,76.771],[105.5281,76.98],[104.7823,77.1488],[105.4697,77.3293],[105.0625,77.5685],[103.3933,77.5578],[101.6905,77.2026],[101.1665,77.0058],[101.3895,76.625],[100.8303,76.4554],[99.9832,76.437],[99.4672,75.9669],[98.2887,76.0565],[97.1164,75.8708],[95.9818,75.902],[95.9673,76.1692],[94.6943,76.1836],[93.5921,75.8808],[91.6347,75.6527],[90,75.6015],[89.2847,75.4661],[86.9583,74.7821],[86.8135,74.4353],[87.6908,73.9],[87.1397,73.6041],[86.4921,73.8738],[85.8562,73.8248],[85.0015,73.5762],[84.6161,73.7427],[83.0204,73.6123],[80.8382,73.5526],[80.464,73.3136],[80.8289,73.0135],[80.9823,72.447],[82.3206,72.2223],[82.4363,72.0506],[83.5611,71.6244],[83.168,71.1822],[83.677,70.4603],[83.0759,70.5818],[82.8037,70.8193],[82.0456,70.4189],[82.2153,71.2036],[82.8801,71.4913],[81.6714,71.5743],[80.8283,71.767],[80.3387,72.0076],[79.2226,72.2713],[78.0857,72.1753],[78.1264,71.8476],[77.0749,71.8924],[76.3329,71.7197],[76.8661,71.449],[78.1369,71.3739],[78.6085,70.8499],[78.1047,70.8413],[77.7362,71.0255],[75.6706,71.1991],[75.2843,71.4461],[75.2966,71.8969],[75.5825,72.1706],[75.6173,72.6255],[75.1199,72.6875],[74.9987,72.1304],[74.5866,71.8722],[73.5914,71.7069],[73.2169,71.4577],[73.698,71.1414],[74.2496,70.5729],[73.6541,69.7565],[73.9145,69.1543],[74.9017,69.081],[75.598,69.21],[77.406,68.9356],[77.6358,68.8162],[77.9775,68.1451],[77.5142,67.9733],[78.5357,67.6118],[78.089,67.4113],[77.5048,67.4324],[76.9549,67.6533],[77.1079,68.1138],[77.0398,68.4638],[76.3278,68.7763],[75.5372,68.7749],[74.505,68.5935],[74.3951,68.347],[74.6694,68.1017],[74.7417,67.6862],[73.9845,67.2634],[73.6902,66.8651],[72.5574,66.496],[72.2088,66.1735],[70.4736,66.236],[69.7673,66.3297],[69.0848,66.6875],[69.7915,66.7549],[70.8399,66.5514],[71.5441,66.7141],[71.3995,66.9491],[71.9305,67.1563],[72.8377,67.6456],[73.3936,68.3824],[72.8462,68.6352],[72.5255,69.0691],[72.5515,69.6563],[72.4369,70.187],[72.7742,70.4552],[72.6797,70.8235],[71.7976,71.4318],[72.4983,71.9618],[72.8448,72.4946],[72.714,72.7696],[71.6629,72.8307],[70.2144,72.7335],[69.3431,72.8343],[69.0567,72.6447],[68.8121,72.0955],[68.3162,71.6349],[66.818,71.1054],[66.7748,70.7356],[67.2853,70.7058],[67.4218,70.2234],[66.9649,69.9558],[66.8844,69.6231],[67.7787,69.5569],[68.1059,69.4293],[68.0935,69.1359],[68.5118,68.8367],[69.109,68.8303],[68.4879,68.2242],[68.2154,68.2014],[66.5843,68.8855],[63.9232,69.4592],[62.2813,69.7051],[61.03,69.7406],[60.3692,69.4677],[60.986,69.0026],[60.5121,68.5899],[59.9254,68.5813],[59.7623,68.2974],[59.1198,68.3931],[59.3459,68.6999],[58.7704,68.856],[57.9592,68.7048],[57.5259,68.4946],[57.0242,68.4489],[56.1951,68.5669],[55.3354,68.4831],[54.7523,68.0498],[54.3797,68.1607],[53.6257,68.0477],[53.8891,68.787],[53.0058,68.6806],[52.7197,68.3514],[51.8308,68.4094],[50.4959,68.1535],[48.0807,67.5625],[47.5712,66.8163],[46.4021,66.7186],[45.7154,66.8496],[44.8712,67.3124],[45.4626,67.6391],[46.6341,67.7005],[45.8634,68.3833],[44.6678,68.3886],[44.012,68.4919],[43.8222,68.3273],[44.1687,68.097],[44.2158,67.7183],[43.7036,67.2659],[44.2192,67.0898],[44.3836,66.612],[43.8762,66.011],[43.2414,66.2509],[42.2108,66.41],[41.3542,65.9552],[39.9513,65.5812],[39.9794,65.1531],[40.4621,64.7503],[39.9971,64.5412],[39.1934,64.511],[37.6041,64.8528],[36.8839,65.0677],[36.5685,64.7646],[36.9967,64.4066],[37.8799,64.3079],[38.0539,64.1293],[37.9449,63.8504],[37.4105,63.7495],[36.24,63.9186],[36.0155,64.197],[35.0818,64.2883],[34.2934,65.3962],[34.6012,65.4839],[34.7262,65.797],[34.5437,66.0008],[33.4697,66.3131],[32.7535,66.649],[32.2194,66.9937],[32.991,66.9878],[33.4375,66.7017],[34.153,66.6296],[35.7717,66.2589],[38.0479,66.0074],[39.19,66.0387],[39.9775,66.2009],[40.8364,66.5614],[41.2553,66.937],[40.8261,67.66],[39.9181,67.9404],[38.6685,68.1463],[37.2459,68.7935],[35.4366,69.1504],[33.6284,69.2147],[32.3517,69.5137],[32.076,69.8154],[31.0538,69.6396],[30.6408,69.4185],[29.9236,69.3546],[28.6972,68.6955],[28.6222,68.1207],[29.2681,67.9382],[29.9461,67.5339],[29.0229,66.8874],[29.6543,66.26],[30.0017,65.7221],[29.6182,64.9734],[30.3635,64.1168],[30.4058,63.8885],[30.0149,63.6156],[30.2126,63.4671],[31.14,63.1237],[31.4083,62.792],[31.3609,62.6078],[30.9018,62.1255],[28.51,60.7318],[28.4318,60.6035],[28.5694,60.1984],[28.969,60.1088],[29.6873,60.131],[30.1266,59.806],[29.7655,59.7362],[29.0761,59.9078],[28.7959,59.6722],[28.4444,59.7337],[27.702,59.2975],[26.3433,59.4466],[25.7211,59.4598],[24.7138,59.3518],[23.4158,59.119],[23.3608,58.7674],[23.6905,58.6655],[23.6709,58.2414],[24.0584,58.1115],[24.4968,58.2132],[24.2362,57.7282],[24.3465,57.1597],[24.1584,56.9755],[23.7678,56.8659],[23.2154,56.9807],[23.0709,57.2613],[22.5636,57.6156],[21.6773,57.4637],[21.3397,57.1771],[21.3244,56.8544],[20.9648,56.609],[20.9454,56.07],[21.2755,55.8611],[21.684,55.3535],[22.7935,54.9024],[22.6625,54.5709],[22.8066,53.8076],[21.1168,53.2688],[20.702,53.3206],[20.4774,53.1305],[20.0108,53.0441],[19.2849,53.1651],[18.8421,53.0668],[18.5721,52.8238],[18.5991,52.4998],[18.0861,52.3918],[17.897,52.1757],[18.1131,51.7707],[18.1401,50.9877],[18.646,50.6445],[18.7691,50.177],[19.3112,50.2684],[20.2706,50.1042],[20.8112,50.3611],[21.1574,50.3765],[21.9078,50.8122],[22.3944,50.6803],[22.4828,50.3717],[23.1162,50.3854],[24.0628,50.6207],[24.4044,50.6343],[25.1516,50.3354],[25.2026,50.1552],[25.6711,49.7596],[26.2547,49.7504]]]},"properties":{"NAME":"Russian Empire","ABBREVN":"Russian Empire","SUBJECTO":"Russia","BORDERPRECISION":3,"PARTOF":"Russian Empire"}},
{"type":"Feature","geometry":{"type":"MultiPolygon","coordinates":[[[[-180,65.9631],[-180,65.3816],[-180,65.311],[-180,65.2592],[-179.3786,65.996],[-178.9751,66.0514],[-178.6969,65.8321],[-178.6535,65.5399],[-178.1163,65.4825],[-177.1256,65.6231],[-176.5285,65.6096],[-176.1372,65.457],[-175.9517,65.0062],[-174.3794,64.6192],[-174.2607,64.4609],[-173.077,64.384],[-173.2504,64.8955],[-172.4366,65.02],[-172.5623,65.5148],[-172.1836,65.5885],[-171.2003,65.5612],[-170.6127,66.0378],[-169.8727,66.0832],[-171.2272,66.6027],[-171.958,66.9557],[-172.8292,66.9614],[-173.8749,67.1593],[-174.3366,67.077],[-174.3783,66.7],[-174.0912,66.5236],[-174.6352,66.4048],[-175.1005,66.765],[-175.0062,66.9573],[-175.514,67.6688],[-175.9906,67.8467],[-178.1292,68.3736],[-178.8912,68.6425],[-180,68.9169],[-180,67.9631],[-180,66.9631],[-180,65.9631]]],[[[53.5023,73.1366],[52.6111,72.74],[53.0885,72.4735],[52.3511,72.0413],[51.7605,72.0793],[51.4821,71.8447],[51.8149,71.4798],[52.5505,71.5899],[53.2338,71.5135],[54.3079,71.2057],[53.7147,70.9267],[53.7286,70.7651],[54.6941,70.7438],[54.9983,70.5217],[55.6788,70.7072],[57.2378,70.691],[57.2507,70.8178],[56.3788,71.1323],[55.7207,71.6424],[55.5176,72.478],[55.8221,72.7539],[56.2716,72.8572],[56.5085,73.1739],[55.8162,73.3073],[53.5023,73.1366]]],[[[55.7574,73.5774],[56.9604,73.3571],[57.8228,73.7806],[57.4047,74.0516],[58.1905,74.0851],[58.8819,74.3914],[58.8506,74.6894],[60.0088,74.6754],[60.6234,74.9353],[60.887,75.2475],[66.5482,75.9799],[67.7225,76.1745],[68.9368,76.6058],[68.4567,76.9268],[66.4423,76.8296],[65.9261,76.5074],[63.6733,76.3263],[62.5933,76.1648],[61.3026,76.2379],[60.949,75.961],[59.0176,75.7989],[57.7287,75.291],[56.995,75.2731],[56.3026,74.8706],[56.652,74.6934],[55.6185,74.4175],[55.8852,74.1048],[54.8936,74.0629],[54.0176,73.7336],[54.6636,73.472],[55.7574,73.5774]]]]},"properties":{"NAME":"Russian Empire","ABBREVN":"Russian Empire","SUBJECTO":"Russia","BORDERPRECISION":3,"PARTOF":"Russian Empire"}},
{"type":"Feature","geometry":{"type":"Polygon","coordinates":[[[22.694,44.2631],[22.3739,43.9393],[22.3181,43.6815],[22.9152,43.1764],[22.7923,42.9507],[22.3384,42.6654],[22.3264,42.2927],[22.6862,42.0635],[22.9485,41.6798],[22.9202,41.2307],[23.7956,41.3317],[24.4181,41.4762],[24.6987,41.38],[24.5191,40.8731],[25.0463,40.9523],[25.9956,40.8344],[26.087,40.604],[26.598,40.506],[26.214,40.326],[26.322,40.109],[26.731,40.481],[27.177,40.632],[27.514,40.984],[27.958,40.972],[28.149,41.077],[28.816,40.955],[29.107,41.21],[28.202,41.534],[27.968,41.825],[28.004,42.033],[27.502,42.5163],[27.8362,42.7355],[28.0346,43.3919],[28.4457,43.4764],[28.5101,43.7431],[27.6027,43.9484],[26.9371,44.2346],[26.6844,44.2526],[25.5491,43.8073],[25.3781,43.7806],[24.6203,43.9439],[24.1564,43.8126],[23.6383,43.9901],[23.0641,43.906],[23.0283,44.1236],[22.694,44.2631]]]},"properties":{"NAME":"Bulgaria","ABBREVN":"Bulgaria","SUBJECTO":"Bulgaria","BORDERPRECISION":3,"PARTOF":"Bulgaria"}},
{"type":"Feature","geometry":{"type":"Polygon","coordinates":[[[24.079,35.584],[23.569,35.527],[23.521,35.288],[24.038,35.191],[24.386,35.191],[24.723,35.091],[24.753,34.942],[26.237,35.034],[26.301,35.283],[25.788,35.112],[25.658,35.342],[25.064,35.345],[24.963,35.404],[24.32,35.352],[24.079,35.584]]]},"properties":{"NAME":null,"ABBREVN":null,"SUBJECTO":null,"BORDERPRECISION":3,"PARTOF":null}},
{"type":"Feature","geometry":{"type":"Polygon","coordinates":[[[22.926,36.377],[22.912,36.199],[23.107,36.244],[22.926,36.377]]]},"properties":{"NAME":null,"ABBREVN":null,"SUBJECTO":null,"BORDERPRECISION":3,"PARTOF":null}},
{"type":"Feature","geometry":{"type":"Polygon","coordinates":[[[26.081,37.636],[25.984,37.507],[26.215,37.559],[26.081,37.636]]]},"properties":{"NAME":null,"ABBREVN":null,"SUBJECTO":null,"BORDERPRECISION":3,"PARTOF":null}},
{"type":"Feature","geometry":{"type":"Polygon","coordinates":[[[20.84,37.683],[20.992,37.725],[20.703,37.928],[20.63,37.809],[20.84,37.683]]]},"properties":{"NAME":null,"ABBREVN":null,"SUBJECTO":null,"BORDERPRECISION":3,"PARTOF":null}},
{"type":"Feature","geometry":{"type":"Polygon","coordinates":[[[20.513,38.104],[20.812,38.121],[20.571,38.468],[20.342,38.201],[20.513,38.104]]]},"properties":{"NAME":null,"ABBREVN":null,"SUBJECTO":null,"BORDERPRECISION":3,"PARTOF":null}},
{"type":"Feature","geometry":{"type":"Polygon","coordinates":[[[26.641,37.696],[26.818,37.637],[27.029,37.772],[26.749,37.811],[26.641,37.696]]]},"properties":{"NAME":null,"ABBREVN":null,"SUBJECTO":null,"BORDERPRECISION":3,"PARTOF":null}},
{"type":"Feature","geometry":{"type":"Polygon","coordinates":[[[25.906,38.29],[26.16,38.301],[26.161,38.538],[25.825,38.544],[25.906,38.29]]]},"properties":{"NAME":null,"ABBREVN":null,"SUBJECTO":null,"BORDERPRECISION":3,"PARTOF":null}},
{"type":"Feature","geometry":{"type":"Polygon","coordinates":[[[20.716,38.828],[20.559,38.688],[20.721,38.624],[20.716,38.828]]]},"properties":{"NAME":null,"ABBREVN":null,"SUBJECTO":null,"BORDERPRECISION":3,"PARTOF":null}},
{"type":"Feature","geometry":{"type":"Polygon","coordinates":[[[19.84,39.7],[19.855,39.818],[19.673,39.793],[19.673,39.677],[19.84,39.7]]]},"properties":{"NAME":null,"ABBREVN":null,"SUBJECTO":null,"BORDERPRECISION":3,"PARTOF":null}},
{"type":"Feature","geometry":{"type":"Polygon","coordinates":[[[26.614,39.012],[26.42,39.326],[25.856,39.253],[25.864,39.154],[26.324,38.978],[26.614,39.012]]]},"properties":{"NAME":null,"ABBREVN":null,"SUBJECTO":null,"BORDERPRECISION":3,"PARTOF":null}},
{"type":"Feature","geometry":{"type":"Polygon","coordinates":[[[9.6655,47.5562],[9.892,47.5635],[10.1995,47.301],[10.3883,47.579],[10.8348,47.545],[11.1703,47.4245],[11.5596,47.613],[12.7001,47.6902],[13.023,47.6624],[12.6942,48.1294],[13.9467,48.6551],[13.7455,48.9399],[13.2031,49.1662],[12.5363,49.5626],[12.5542,50.0016],[12.2354,50.2408],[12.4616,50.3981],[12.9823,50.4741],[13.233,50.6638],[13.8548,50.7674],[14.5964,51.023],[14.9973,50.9169],[15.267,51.023],[15.4722,50.8326],[15.8183,50.7973],[16.2044,50.4632],[16.728,50.1486],[17.0115,50.2869],[17.6788,50.3383],[17.7507,50.036],[18.048,50.1026],[18.6045,49.939],[19.3112,50.2684],[18.7691,50.177],[18.646,50.6445],[18.1401,50.9877],[18.1131,51.7707],[17.897,52.1757],[18.0861,52.3918],[18.5991,52.4998],[18.5721,52.8238],[18.8421,53.0668],[19.2849,53.1651],[20.0108,53.0441],[20.4774,53.1305],[20.702,53.3206],[21.1168,53.2688],[22.8066,53.8076],[22.6625,54.5709],[22.7935,54.9024],[21.684,55.3535],[21.2755,55.8611],[20.9454,56.07],[21.0185,55.634],[21.2163,55.3437],[21.1373,54.8455],[19.9426,54.8499],[20.0057,54.5475],[19.7331,54.3103],[19.3281,54.1615],[18.5132,54.3158],[18.2794,54.7241],[17.6576,54.6855],[16.4732,54.415],[15.8984,54.1284],[15.3117,54.071],[14.4729,53.8768],[14.4332,53.5942],[13.7805,53.7752],[13.7378,54.0303],[13.431,54.0302],[12.6525,54.3214],[12.0411,54.0967],[11.565,54.0354],[11.4078,53.8593],[10.6486,54.259],[10.1417,54.3368],[9.6708,54.8434],[9.6184,54.8751],[9.5671,54.9021],[9.1786,54.8312],[8.8186,54.8908],[8.596,54.7614],[8.9506,54.4186],[8.5539,54.2754],[8.7788,54.1324],[8.8485,53.7497],[8.4287,53.612],[7.1656,53.5917],[6.9807,53.3167],[7.1599,53.164],[7.228,52.9667],[7.0348,52.6235],[7.069,52.3663],[6.8246,51.9564],[6.3814,51.8199],[5.9794,51.8035],[6.2223,51.3891],[5.9642,51.0243],[5.9996,50.7416],[6.2814,50.4976],[6.2984,50.2869],[6.1085,50.1175],[6.1366,49.982],[6.5114,49.6689],[6.2605,49.4757],[6.2585,49.2749],[6.4862,48.9459],[7.1188,48.5158],[6.8404,48.1362],[6.9669,47.9844],[6.9219,47.5141],[7.3334,47.4647],[7.5066,47.6037],[7.8727,47.5728],[8.6508,47.783],[8.9835,47.6796],[9.1181,47.6785],[9.2161,47.671],[9.6655,47.5562]]]},"properties":{"NAME":"German Empire","ABBREVN":"Germany","SUBJECTO":"German Empire","BORDERPRECISION":3,"PARTOF":"German Empire"}},
{"type":"Feature","geometry":{"type":"Polygon","coordinates":[[[-170.7494,-14.3739],[-170.6373,-14.2894],[-170.6817,-14.2581],[-170.795,-14.2981],[-170.7494,-14.3739]]]},"properties":{"NAME":"American Samoa","ABBREVN":"American Samoa","SUBJECTO":"American Samoa","BORDERPRECISION":3,"PARTOF":"American Samoa"}},
{"type":"Feature","geometry":{"type":"MultiPolygon","coordinates":[[[[178.6933,-18.025],[178.5911,-17.6358],[178.1705,-17.3425],[177.8203,-17.3647],[177.5103,-17.5094],[177.4297,-17.7617],[177.2567,-17.8742],[177.3333,-18.1194],[177.8641,-18.2639],[178.155,-18.2567],[178.2733,-18.1475],[178.6933,-18.025]]],[[[179.8983,-16.2372],[180,-16.1727],[180,-16.1547],[179.5033,-16.2739],[179.4005,-16.4131],[178.9819,-16.4697],[178.7077,-16.6753],[178.6902,-16.9925],[179.2064,-16.7053],[179.3319,-16.8022],[179.7569,-16.4422],[179.8983,-16.2372]]]]},"properties":{"NAME":"Fiji","ABBREVN":"Fiji","SUBJECTO":"Fiji","BORDERPRECISION":3,"PARTOF":"Fiji"}},
{"type":"Feature","geometry":{"type":"Polygon","coordinates":[[[-169.8939,-19.1456],[-169.7817,-19.0628],[-169.8848,-18.9633],[-169.9531,-19.0703],[-169.8939,-19.1456]]]},"properties":{"NAME":"Niue","ABBREVN":"Niue","SUBJECTO":"Niue","BORDERPRECISION":3,"PARTOF":"Niue"}},
{"type":"Feature","geometry":{"type":"Polygon","coordinates":[[[-175.1233,-21.135],[-175.1864,-21.2528],[-175.118,-21.2603],[-175.0517,-21.1617],[-175.1233,-21.135]]]},"properties":{"NAME":"Tonga","ABBREVN":"Tonga","SUBJECTO":"Tonga","BORDERPRECISION":3,"PARTOF":"Tonga"}},
{"type":"Feature","geometry":{"type":"Polygon","coordinates":[[[-178.0425,-14.3194],[-178.13,-14.2469],[-178.1342,-14.3178],[-178.0425,-14.3194]]]},"properties":{"NAME":"Wallis and Futuna Islands","ABBREVN":"Wallis and Futuna Islands","SUBJECTO":"Wallis and Futuna Islands","BORDERPRECISION":3,"PARTOF":"Wallis and Futuna Islands"}},
{"type":"Feature","geometry":{"type":"MultiPolygon","coordinates":[[[[-171.4297,-14.0197],[-171.8223,-13.8075],[-171.9111,-14.0125],[-171.4297,-14.0197]]],[[[-172.2859,-13.4864],[-172.7797,-13.5397],[-172.5325,-13.8008],[-172.2105,-13.8053],[-172.2859,-13.4864]]]]},"properties":{"NAME":"Samoa","ABBREVN":"Samoa","SUBJECTO":"Samoa","BORDERPRECISION":3,"PARTOF":"Samoa"}},
{"type":"Feature","geometry":{"type":"Polygon","coordinates":[[[-109.2414,-27.1331],[-109.3658,-27.0633],[-109.4278,-27.2019],[-109.2414,-27.1331]]]},"properties":{"NAME":"Rapa Nui","ABBREVN":"Rapa Nui","SUBJECTO":"Chile","BORDERPRECISION":3,"PARTOF":"Rapa Nui"}},
{"type":"Feature","geometry":{"type":"Polygon","coordinates":[[[114.0292,22.5085],[114.3291,22.2723],[114.309,22.5535],[114.0292,22.5085]]]},"properties":{"NAME":"Hong Kong","ABBREVN":"Hong Kong","SUBJECTO":"United Kingdom","BORDERPRECISION":3,"PARTOF":"British Empire"}}
]}