{"type":"FeatureCollection", "features": [
{"type":"Feature","geometry":{"type":"Polygon","coordinates":[[[120.6864,22.0536],[120.7246,21.9889],[120.7758,22.1859],[120.782,22.3447],[120.9697,22.7199],[121.1824,23.0379],[121.3253,23.4002],[121.3701,23.6226],[121.3994,23.9339],[121.4815,24.0929],[121.5726,24.2264],[121.6031,24.506],[121.5927,24.6457],[121.6304,24.7093],[121.7805,24.9001],[121.5314,25.0774],[121.4289,25.1344],[121.2676,25.0324],[121.1646,24.9496],[120.9732,24.8921],[120.9071,24.845],[120.8716,24.74],[120.7277,24.6269],[120.6428,24.4792],[120.5589,24.3853],[120.4719,24.193],[120.4272,24.15],[120.2787,23.8891],[120.1933,23.7811],[120.1155,23.6314],[120.1483,23.3272],[120.1097,23.2869],[120.0555,23.153],[120.1,23.0939],[120.0491,23.0608],[120.1639,22.9536],[120.1997,22.7869],[120.2517,22.69],[120.2386,22.6608],[120.2961,22.5969],[120.3286,22.5194],[120.4169,22.4825],[120.573,22.3661],[120.675,22.1819],[120.6864,22.0536]]]},"properties":{"NAME":"Dapenkeng culture","ABBREVN":"Dapenkeng","type":"culture","weblnks":"https://en.wikipedia.org/wiki/Dapenkeng_culture","SUBJECTO":"Dakapeng culture","BORDERPRECISION":1,"PARTOF":"Dakapeng culture"}},
{"type":"Feature","geometry":{"type":"MultiPolygon","coordinates":[[[[118.6517,-8.5392],[118.69,-8.3858],[118.6177,-8.3924],[118.5442,-8.5293],[118.462,-8.5961],[118.4673,-8.3928],[118.3935,-8.3165],[118.3119,-8.3747],[118.2198,-8.2999],[118.1301,-8.3426],[118.0483,-8.2984],[118.0247,-8.203],[117.9479,-8.1619],[117.8062,-8.178],[117.7127,-8.2504],[117.8322,-8.3733],[117.9828,-8.475],[118.0842,-8.4653],[118.2755,-8.5825],[118.2536,-8.6625],[118.1514,-8.6469],[118.0644,-8.6625],[117.9766,-8.7453],[117.899,-8.7019],[117.8172,-8.8136],[117.6851,-8.7884],[117.5542,-8.7392],[117.5138,-8.6133],[117.334,-8.5667],[117.0593,-8.561],[116.9584,-8.5293],[116.7913,-8.6301],[116.7794,-8.6733],[116.7947,-8.8278],[116.7542,-8.8833],[116.7433,-8.9794],[116.8069,-9.0444],[117.0405,-9.11],[117.1483,-9.0931],[117.203,-9.0317],[117.2797,-9.0214],[117.4058,-9.05],[117.5455,-9.0119],[117.6561,-8.9383],[117.7216,-8.9153],[117.7944,-8.9356],[117.8842,-8.9347],[118.0289,-8.8542],[118.0936,-8.8456],[118.216,-8.7392],[118.254,-8.7655],[118.3953,-8.6417],[118.4414,-8.6639],[118.4297,-8.7256],[118.3817,-8.7772],[118.4055,-8.8414],[118.47,-8.8725],[118.641,-8.8197],[118.6255,-8.7864],[118.7455,-8.7167],[118.8726,-8.6715],[118.8633,-8.4808],[118.7608,-8.3793],[118.6769,-8.5428],[118.6517,-8.5392]]],[[[115.1619,-8.6782],[115.2437,-8.5903],[115.5005,-8.469],[115.0844,-8.2347],[114.8763,-8.2479],[114.645,-8.331],[114.5476,-8.3312],[114.6161,-8.4011],[114.6991,-8.395],[114.7922,-8.4111],[114.8917,-8.4497],[114.9664,-8.4967],[115.1619,-8.6782]]],[[[106.953,-6.0872],[106.864,-6.2696],[106.628,-6.3094],[106.5213,-6.11],[106.3081,-6.1309],[106.0242,-6.0807],[105.9332,-6.026],[105.8915,-6.1509],[105.8365,-6.2092],[105.8222,-6.4133],[105.7689,-6.4964],[105.6933,-6.5114],[105.6716,-6.4606],[105.6335,-6.7552],[105.4521,-6.8097],[105.4858,-6.8703],[105.5522,-6.8736],[105.6844,-6.8431],[105.923,-6.8253],[106.0333,-6.8356],[106.1025,-6.8694],[106.2861,-6.9872],[106.3575,-7.0061],[106.4472,-6.9661],[106.5369,-6.9994],[106.5444,-7.0708],[106.4847,-7.1189],[106.5466,-7.16],[106.3924,-7.3205],[106.4233,-7.3714],[106.5672,-7.4169],[106.7097,-7.4194],[107.0825,-7.4481],[107.2017,-7.4753],[107.4716,-7.5053],[107.6202,-7.5778],[107.6889,-7.6328],[107.9211,-7.7183],[108.163,-7.7831],[108.4165,-7.8062],[108.5058,-7.7583],[108.5167,-7.7042],[108.5811,-7.6864],[108.7797,-7.6817],[108.88,-7.6411],[108.8969,-7.6953],[108.9917,-7.7172],[109.1575,-7.6906],[109.2897,-7.6994],[109.3953,-7.7206],[109.5097,-7.7672],[109.7028,-7.7978],[109.9194,-7.8503],[110.0564,-7.8975],[110.38,-8.0742],[110.715,-8.1969],[110.8336,-8.2017],[111.0178,-8.2567],[111.1125,-8.2417],[111.3853,-8.2775],[111.4469,-8.3142],[111.6511,-8.3625],[111.7133,-8.2967],[111.7825,-8.2614],[112.3639,-8.3428],[112.6407,-8.4323],[112.8358,-8.3476],[112.9617,-8.3474],[113.0236,-8.3047],[113.2017,-8.2775],[113.3164,-8.3075],[113.5561,-8.4356],[113.6369,-8.4586],[113.7214,-8.5311],[113.8719,-8.5617],[114.0617,-8.6361],[114.2246,-8.6425],[114.0692,-8.434],[114.1376,-8.2114],[114.2522,-8.0204],[114.2308,-7.9315],[113.9484,-7.8241],[113.7614,-7.8308],[113.5587,-7.9139],[113.2626,-7.9082],[113.0727,-7.8768],[112.6784,-7.7188],[112.6246,-7.6744],[112.5009,-7.4649],[112.5366,-7.2645],[112.4049,-7.1346],[112.2748,-7.0269],[111.9168,-6.9577],[111.5683,-6.9204],[111.3297,-6.9082],[111.0447,-6.8516],[110.9145,-6.6294],[110.8146,-6.5343],[110.6728,-6.5391],[110.628,-6.7314],[110.5636,-6.8511],[110.4758,-6.9478],[110.3526,-6.9763],[110.2426,-7.0313],[110.0273,-7.0445],[109.382,-6.9886],[109.1611,-7.0231],[108.9534,-6.9387],[108.5558,-6.9205],[108.4754,-6.6855],[108.309,-6.4508],[108.1733,-6.3557],[107.9696,-6.4388],[107.7687,-6.4519],[107.677,-6.3304],[107.5246,-6.3508],[107.3396,-6.1541],[107.0614,-6.0785],[106.953,-6.0872]]],[[[106.53,-3.1081],[106.4707,-2.9212],[106.5234,-2.7939],[106.6427,-2.7111],[106.3286,-2.572],[106.0365,-2.204],[105.8963,-1.8039],[105.8634,-1.6261],[105.7751,-1.7018],[105.8119,-1.79],[105.7122,-1.7792],[105.6557,-1.957],[105.4267,-1.7096],[105.3926,-1.7446],[105.3803,-1.8208],[105.2962,-1.8786],[105.2061,-2.095],[105.3425,-2.1269],[105.4803,-2.1011],[105.7386,-2.1278],[105.7997,-2.1708],[105.8208,-2.3908],[105.9333,-2.4708],[105.9367,-2.5331],[105.9025,-2.6014],[105.9292,-2.7486],[105.9783,-2.8228],[106.0847,-2.8403],[106.2889,-2.9103],[106.4444,-2.9814],[106.53,-3.1081]]],[[[103.4636,-0.3672],[103.5821,-0.2294],[103.5333,-0.2342],[103.4806,-0.2981],[103.4636,-0.3672]]],[[[109.4494,-1.0406],[109.5998,-1.1223],[109.6794,-1.2023],[109.7728,-1.1461],[109.7564,-1.0325],[109.7116,-0.9878],[109.6738,-1.0082],[109.5831,-0.9756],[109.4925,-0.9797],[109.4494,-1.0406]]],[[[97.1714,5.16],[96.9995,5.1094],[96.7527,5.0644],[96.1873,5.1458],[96.0247,5.2153],[95.7405,5.4689],[95.4641,5.5699],[95.2832,5.5505],[95.226,5.507],[95.2555,5.4058],[95.2322,5.2831],[95.3,5.1744],[95.2836,5.1183],[95.5311,4.6828],[95.6639,4.5736],[96.0208,4.2142],[96.1875,4.1233],[96.2683,4.0386],[96.4141,3.8333],[96.4889,3.7636],[96.5583,3.7383],[96.7227,3.7514],[96.7961,3.7369],[96.8733,3.6844],[97.0055,3.5361],[97.1714,3.2508],[97.2497,3.2308],[97.283,3.1822],[97.3025,3.0853],[97.4277,2.9246],[97.5416,2.8786],[97.5833,2.8806],[97.6305,2.7636],[97.6491,2.6375],[97.6547,2.4047],[97.7486,2.2725],[97.8705,2.2397],[97.9369,2.2692],[98.1097,2.1817],[98.2411,2.0869],[98.4391,1.9878],[98.7142,1.7831],[98.7647,1.7564],[98.8236,1.6728],[98.8223,1.6219],[98.7717,1.5425],[98.7045,1.5564],[98.8386,1.3111],[98.8806,1.1828],[99.0211,0.7958],[99.0356,0.7758],[99.1225,0.5081],[99.1369,0.4128],[99.1108,0.3456],[99.1581,0.3175],[99.1342,0.2661],[99.2369,0.2139],[99.3505,0.2306],[99.6083,0.0975],[99.7466,-0.0383],[99.7682,-0.0856],[99.7522,-0.1656],[99.835,-0.3278],[99.9928,-0.4508],[100.0886,-0.5611],[100.1161,-0.6228],[100.3314,-0.8647],[100.3819,-1.0456],[100.3819,-1.1147],[100.5553,-1.3203],[100.6478,-1.6169],[100.7411,-1.7361],[100.8561,-1.9025],[100.8822,-2.0653],[100.8336,-2.14],[100.8383,-2.1872],[100.9055,-2.3194],[101.0855,-2.5708],[101.1811,-2.6475],[101.3139,-2.72],[101.4914,-3.0594],[101.6269,-3.2461],[101.9958,-3.5083],[102.2103,-3.6394],[102.2411,-3.6839],[102.2692,-3.8106],[102.2775,-3.9239],[102.3261,-4.0061],[102.6714,-4.2508],[102.8736,-4.42],[103.1292,-4.5958],[103.2333,-4.6769],[103.4047,-4.8333],[103.5528,-4.91],[103.7178,-4.9589],[103.905,-5.125],[104.0008,-5.2642],[104.0097,-5.3303],[104.0953,-5.4292],[104.2661,-5.55],[104.3428,-5.6658],[104.5272,-5.8294],[104.5792,-5.9317],[104.6199,-5.9334],[104.4647,-5.6392],[104.5491,-5.6006],[104.545,-5.5064],[104.6216,-5.4928],[104.6908,-5.5125],[104.7586,-5.5875],[104.8936,-5.67],[105.0702,-5.7568],[105.1867,-5.5423],[105.2555,-5.4517],[105.2939,-5.4531],[105.3411,-5.5139],[105.6236,-5.8192],[105.7285,-5.8271],[105.7956,-5.3503],[105.7967,-4.7339],[105.6932,-4.3083],[105.7111,-4.1049],[105.8141,-3.6936],[105.9428,-3.2147],[105.6287,-2.9103],[105.4449,-2.5993],[105.3652,-2.5804],[104.9946,-2.4668],[104.6515,-2.6341],[104.6098,-2.5757],[104.8126,-2.1558],[104.4725,-2.0803],[104.3524,-1.8899],[104.3552,-1.7056],[104.2299,-1.1911],[104.1212,-1.1405],[103.7469,-1.1159],[103.3842,-0.8943],[103.2376,-0.6595],[103.4087,-0.5002],[103.4697,-0.3779],[103.4389,-0.3336],[103.4986,-0.2422],[103.4225,-0.2122],[103.5786,-0.1048],[103.585,-0.0464],[103.7136,-0.017],[103.4631,0.2879],[103.2405,0.459],[103.2051,0.4716],[103.1628,0.4092],[102.9044,0.2628],[102.6591,0.2175],[102.775,0.2867],[103.0819,0.4456],[103.0805,0.5156],[103.0466,0.5284],[102.7016,0.5658],[102.4718,0.6225],[102.1359,0.9395],[102.0098,1.2697],[101.8681,1.4346],[101.4743,1.5481],[101.2758,1.7192],[101.0598,2.081],[100.8147,2.1167],[100.8827,2.0439],[100.95,1.8714],[100.9041,1.8569],[100.8561,1.9661],[100.7319,1.8706],[100.4565,2.1178],[100.1344,2.5263],[100.1098,2.5439],[99.8722,2.6376],[99.8584,2.9044],[99.7959,2.9805],[98.9624,3.4362],[98.6253,3.6579],[98.1455,4.0699],[98.1738,4.3813],[97.9428,4.5205],[97.5293,5.0407],[97.3007,5.177],[97.1714,5.16]],[[98.9184,2.6646],[99.0415,2.4825],[99.143,2.412],[99.0931,2.3703],[98.999,2.3488],[98.8463,2.3525],[98.6889,2.5551],[98.7109,2.577],[98.7843,2.5146],[98.8847,2.4758],[98.9488,2.5044],[98.8262,2.6711],[98.76,2.7294],[98.7228,2.7237],[98.6405,2.6503],[98.5262,2.8241],[98.5719,2.8764],[98.7074,2.8538],[98.8701,2.7307],[98.9184,2.6646]]],[[[117.5203,3.9311],[117.5587,3.9807],[117.5455,4.02],[117.3978,4.0986],[117.3928,4.1397],[117.4928,4.1247],[117.5921,4.1698],[117.6519,4.2669],[117.693,4.3747],[117.863,4.2872],[117.9033,4.2469],[118,4.2244],[118.0739,4.2669],[118.3912,4.3742],[117.9484,4.7989],[118.1788,4.9305],[118.2092,4.9636],[118.3508,5.0358],[118.5497,4.9586],[118.7105,4.9478],[118.9627,5.0422],[119.0426,5.1698],[118.843,5.3409],[118.256,5.6637],[117.7616,5.58],[117.9069,5.7903],[117.8665,5.9043],[117.3701,5.7889],[117.3536,5.8778],[117.5409,6.2404],[117.0423,6.8184],[116.8625,6.5964],[116.8,6.5767],[116.7891,6.6622],[116.6433,6.7733],[116.6303,6.6808],[116.5042,6.5406],[116.498,6.4894],[116.3483,6.3802],[116.1072,6.1068],[116.0347,5.8231],[115.9319,5.7617],[115.8964,5.6472],[115.8175,5.5339],[115.7497,5.5197],[115.7173,5.4676],[115.3817,5.4031],[115.3583,5.3117],[115.483,5.2222],[115.5742,5.1792],[115.5647,5.0892],[115.4619,4.9997],[115.3614,4.8759],[115.1211,4.8309],[115.0472,4.7983],[115.0225,4.8794],[114.8227,4.8952],[114.7366,4.8858],[114.5787,4.7463],[114.1666,4.5112],[114.0233,4.4245],[113.9344,4.2567],[113.7767,4.0447],[113.6697,3.9325],[113.5464,3.83],[113.415,3.6919],[113.275,3.4861],[113.0292,3.1761],[112.8914,3.1093],[112.3013,2.8742],[111.4272,2.6245],[111.4031,2.4808],[111.4503,2.3686],[111.3681,2.3391],[111.2897,2.4037],[111.1919,2.1411],[111.355,2.1631],[111.3214,2.1056],[111.2392,2.1153],[111.2056,2.0664],[111.1733,1.9481],[111.0644,1.6822],[111.0275,1.6644],[111.0014,1.5878],[111.0097,1.5372],[111.0617,1.4589],[111.1694,1.3953],[111.2872,1.4131],[111.3331,1.3331],[111.1555,1.3639],[111.0528,1.415],[110.9728,1.4994],[110.9007,1.5351],[111.1199,1.2703],[110.8176,1.2443],[110.2895,1.5164],[109.7231,1.6168],[109.5175,1.8205],[109.3372,1.878],[109.3314,1.7911],[109.2369,1.6508],[109.1826,1.6171],[109.0628,1.406],[109.0614,1.3692],[108.9586,1.1767],[108.9847,0.9636],[108.9217,0.8692],[108.8539,0.8356],[108.8889,0.7581],[108.9319,0.6086],[108.9477,0.4133],[108.9258,0.3053],[109.0305,0.295],[109.1216,0.2072],[109.178,0.0311],[109.1944,-0.1992],[109.1243,-0.2059],[109.0997,-0.3992],[109.1895,-0.5385],[109.2664,-0.5933],[109.3608,-0.5822],[109.415,-0.6111],[109.5144,-0.7269],[109.4775,-0.7433],[109.4098,-0.7216],[109.2678,-0.8392],[109.2903,-0.8783],[109.3883,-0.9181],[109.4122,-0.8578],[109.47,-0.8517],[109.5719,-0.8864],[109.6144,-0.9564],[109.6741,-0.9844],[109.7297,-0.9536],[109.9181,-1.1825],[110.0511,-1.3203],[110.0694,-1.4656],[110.0319,-1.6594],[109.9817,-1.7394],[109.9439,-1.7625],[109.9488,-1.8722],[110.0717,-1.9283],[110.1258,-2.0469],[110.0947,-2.2394],[110.14,-2.2969],[110.2464,-2.8186],[110.2092,-2.8911],[110.2319,-2.9711],[110.2772,-3.015],[110.3608,-2.9492],[110.508,-2.8739],[110.5861,-2.8753],[110.6361,-2.9888],[110.7082,-3.0593],[110.7547,-3.0328],[110.9069,-3.0944],[111.0391,-3.0772],[111.1681,-3],[111.3358,-2.9211],[111.4511,-2.9322],[111.6427,-2.9777],[111.7567,-2.9094],[111.8306,-3.0417],[111.8161,-3.1464],[111.8403,-3.4303],[111.808,-3.5403],[111.8894,-3.5739],[111.9486,-3.5506],[112.1739,-3.3378],[112.3055,-3.3147],[112.4336,-3.3644],[112.5131,-3.4324],[112.6384,-3.3336],[112.9493,-3.0406],[112.9755,-3.0539],[113.0647,-2.9939],[113.245,-3.1833],[113.3586,-3.2592],[113.4417,-3.2428],[113.4656,-3.1847],[113.6089,-3.1731],[113.6392,-3.2386],[113.6417,-3.3181],[113.613,-3.4453],[113.6711,-3.4761],[113.7775,-3.47],[114.0995,-3.3495],[114.2097,-3.3858],[114.4414,-3.5042],[114.5222,-3.5369],[114.6072,-3.6778],[114.6086,-4.1292],[114.6408,-4.1864],[114.7067,-4.1769],[114.9094,-4.0525],[115.2864,-3.8931],[115.548,-3.7983],[115.8063,-3.5365],[115.9559,-3.1993],[116.1211,-2.9753],[116.11,-2.9233],[116.1375,-2.815],[116.202,-2.9001],[116.2445,-2.703],[116.3491,-2.4168],[116.2455,-2.1056],[116.2225,-1.7792],[116.2914,-1.7357],[116.5789,-1.3677],[116.755,-1.1769],[116.7762,-1.1846],[117.1679,-0.9751],[117.2578,-0.8681],[117.29,-0.8064],[117.393,-0.8585],[117.3777,-0.4318],[117.3389,-0.017],[117.5343,0.6107],[117.8597,0.8655],[118.0364,0.8225],[117.9855,0.9364],[117.9005,1.0775],[117.9514,1.1014],[117.9994,1.0533],[118.063,0.9253],[118.1878,0.8719],[118.505,0.8286],[118.6736,0.845],[118.7652,0.823],[118.2473,1.3874],[117.7301,1.7994],[117.8483,2.2253],[117.5877,2.6505],[117.236,3.0755],[117.2151,3.2724],[117.074,3.5072],[117.205,3.54],[117.1769,3.6481],[117.5155,3.6139],[117.6839,3.6292],[117.5203,3.9311]]],[[[111.3769,2.5361],[111.3056,2.4415],[111.3653,2.3589],[111.4091,2.3739],[111.3769,2.5361]]],[[[117.5964,4.0644],[117.74,4.0816],[117.6417,4.1383],[117.5964,4.0644]]],[[[117.9136,4.1411],[117.9036,4.174],[117.7492,4.2581],[117.6833,4.2592],[117.6389,4.2286],[117.6869,4.1683],[117.7798,4.0904],[117.9189,4.1148],[117.9136,4.1411]]],[[[126.2161,6.9469],[126.3217,7.1488],[126.372,7.3396],[126.3727,7.5365],[126.2799,7.7333],[126.2545,8.0445],[126.3063,8.2353],[126.2719,8.4258],[126.03,8.3808],[125.9232,8.4822],[126.0746,8.8129],[126.0371,8.959],[125.9339,9.1748],[125.6138,9.5362],[125.4281,9.7836],[125.3911,9.6497],[125.5125,9.2786],[125.5322,9.1933],[125.5378,9.0647],[125.5147,9.0067],[125.4013,8.9512],[125.2739,8.9831],[125.1617,8.8511],[125.0679,8.8329],[124.9909,8.7153],[124.8721,8.9247],[124.7788,8.9199],[124.77,8.7875],[124.738,8.6953],[124.7697,8.5925],[124.7486,8.5092],[124.6706,8.4287],[124.3716,8.5615],[124.3105,8.5179],[124.2808,8.4625],[124.2808,8.3939],[124.2454,8.3231],[124.2608,8.2736],[124.22,8.2081],[124.1102,8.1862],[124.0239,8.1096],[123.8251,8.0861],[123.7511,8.0058],[123.6633,7.955],[123.6612,8.0249],[123.6169,8.3375],[123.4859,8.496],[123.1358,8.4508],[122.9836,8.3839],[122.9969,8.2228],[122.923,8.1508],[122.7489,8.1063],[122.7363,8.0624],[122.638,8.005],[122.384,7.9854],[122.2117,7.9024],[122.1353,7.82],[122.1033,7.7278],[122.1264,7.6867],[122.1258,7.5633],[122.0769,7.5047],[122.0289,7.3525],[122.0347,7.3267],[121.9255,7.1919],[121.8969,7.0772],[121.9211,6.9942],[122.022,6.922],[122.2283,7.2607],[122.4552,7.6932],[122.6351,7.7826],[122.7194,7.7803],[122.8086,7.7483],[122.7819,7.6786],[122.7803,7.4714],[122.7922,7.4582],[123.0031,7.4767],[123.0378,7.5794],[123.0305,7.6228],[123.1164,7.7294],[123.1908,7.6081],[123.2479,7.5933],[123.3337,7.7714],[123.4552,7.7893],[123.4589,7.8106],[123.5725,7.8483],[123.6767,7.8125],[123.7378,7.7611],[123.7744,7.6992],[123.8805,7.6964],[124.0119,7.6486],[124.1119,7.5256],[124.1383,7.4361],[124.1739,7.4031],[124.2369,7.4192],[124.2661,7.3631],[124.155,7.1719],[124.0689,7.1461],[123.993,7.0239],[123.9486,6.8233],[123.9605,6.785],[124.0355,6.7408],[124.0597,6.5442],[124.0361,6.5314],[124.0422,6.4317],[124.0675,6.3792],[124.1858,6.2106],[124.328,6.1128],[124.395,6.0939],[124.5264,6.0192],[124.8541,5.8796],[124.9658,6.0848],[125.1295,6.0534],[125.1794,6.1072],[125.2705,6.0844],[125.2894,6.0056],[125.2564,5.9178],[125.1769,5.8358],[125.1917,5.7672],[125.2789,5.6981],[125.3042,5.6411],[125.2872,5.5844],[125.3436,5.5606],[125.4615,5.7174],[125.5329,5.9399],[125.466,6.2448],[125.3913,6.4225],[125.2804,6.5938],[125.4432,6.9627],[125.6146,7.2363],[125.8086,7.3614],[125.8478,7.3561],[125.8411,7.2514],[125.888,7.1156],[125.9597,7.0611],[125.9878,6.9978],[125.97,6.9472],[126.0233,6.8686],[126.0767,6.8436],[126.0955,6.7344],[126.1781,6.857],[126.2161,6.9469]]],[[[122.9419,9.0722],[123.0371,9.0669],[123.133,9.2513],[123.0366,9.4608],[122.9622,9.594],[123.1044,10.2296],[123.3121,10.7383],[123.2903,10.8654],[123.2391,10.9224],[123.1176,10.9349],[122.9469,10.8631],[122.9672,10.8017],[122.9522,10.6872],[122.9194,10.6131],[122.8378,10.5439],[122.8294,10.4272],[122.855,10.3189],[122.8556,10.0928],[122.8217,10.0531],[122.6522,9.9724],[122.6021,9.9109],[122.418,9.8416],[122.3964,9.7286],[122.4139,9.6583],[122.5405,9.485],[122.6744,9.3797],[122.8064,9.355],[122.8725,9.3122],[122.8786,9.2325],[122.9419,9.0722]]],[[[117.2205,8.515],[117.2044,8.4595],[117.2706,8.4508],[117.4441,8.6355],[117.7101,8.7123],[117.8571,8.8333],[117.9672,9.1131],[118.0442,9.1704],[118.2763,9.2662],[118.3845,9.3491],[118.5046,9.4828],[118.5577,9.6735],[118.5346,9.7887],[118.4233,9.7061],[118.3408,9.6189],[118.3317,9.5842],[118.1255,9.3544],[118.0272,9.2592],[117.9025,9.2631],[117.6622,9.0769],[117.5169,8.9172],[117.4441,8.8089],[117.3444,8.7261],[117.2592,8.6094],[117.2205,8.515]]],[[[118.7528,10.1261],[118.6997,10.0359],[118.7606,10.0313],[118.7528,10.1261]]],[[[118.8011,10.0347],[118.8646,10.0236],[119.0338,10.1256],[119.217,10.2911],[119.5155,10.4506],[119.5643,10.5016],[119.4689,10.7555],[119.4172,10.7603],[119.2642,10.9497],[119.2122,10.9453],[119.2708,10.7667],[119.3103,10.7697],[119.3422,10.7106],[119.3125,10.5825],[119.1397,10.3842],[119.0897,10.4211],[119.0128,10.439],[118.9617,10.3577],[119.0153,10.3483],[118.9347,10.2092],[118.7996,10.1905],[118.8011,10.0347]]],[[[119.3864,10.8708],[119.3445,11.003],[119.3695,11.047],[119.3242,11.0981],[119.303,11.0094],[119.3094,10.9419],[119.3864,10.8708]]],[[[122.2639,10.6517],[122.3129,10.6584],[122.7062,10.9403],[122.8968,11.1504],[122.9324,11.3284],[122.9252,11.4419],[122.8664,11.4553],[122.8954,11.5181],[122.635,11.4421],[122.4702,11.4544],[122.2106,11.5809],[122.1003,11.6711],[122.093,11.5969],[122.0389,11.3267],[122.0494,11.2336],[122.0361,11.1714],[122.0514,11.0325],[121.9783,10.9239],[121.9333,10.7817],[121.9764,10.6711],[121.9619,10.5608],[121.9146,10.486],[122.0937,10.5614],[122.208,10.6347],[122.2639,10.6517]]],[[[121.0989,12.2794],[121.2736,12.5255],[121.3168,12.7416],[121.3045,13.129],[121.1807,13.3321],[121.0392,13.408],[120.6486,13.4135],[120.3897,13.3733],[120.5411,13.2306],[120.6525,13.1867],[120.7619,13.0089],[120.785,12.9147],[120.8003,12.7236],[120.8628,12.7114],[120.9303,12.6125],[120.9219,12.5269],[120.9833,12.4225],[121.1036,12.3133],[121.0989,12.2794]]],[[[122.1397,13.915],[121.9735,13.95],[121.7704,14.0956],[121.7288,14.1083],[121.6116,14.3875],[121.4568,14.8827],[121.2993,15.2127],[121.2422,15.3078],[121.3682,15.4987],[121.4036,15.7528],[121.4023,15.8735],[121.439,15.9181],[121.6886,16.0584],[122.064,16.3323],[122.2033,16.5422],[122.3956,17.1143],[122.3136,17.2602],[122.0703,17.4376],[122.0074,17.7932],[122.0278,18.0092],[122.1472,18.2063],[122.139,18.3842],[122.025,18.2964],[121.9497,18.2689],[121.5808,18.2941],[121.0364,18.5279],[120.8004,18.5528],[120.6489,18.489],[120.5855,18.4459],[120.5953,18.315],[120.5264,18.2019],[120.48,18.0786],[120.4503,17.9292],[120.4583,17.8206],[120.44,17.7325],[120.3725,17.6803],[120.3416,17.5658],[120.4269,17.5097],[120.4605,17.3897],[120.4269,17.188],[120.4525,17.0547],[120.4491,16.9686],[120.3711,16.8514],[120.3172,16.6311],[120.3397,16.43],[120.3672,16.2847],[120.4064,16.2428],[120.4266,16.1732],[120.3686,16.0936],[120.2811,16.0461],[120.1566,16.0361],[120.1028,16.0717],[120.0522,16.1504],[119.7938,16.3363],[119.7578,16.1742],[119.755,16.0703],[119.813,15.9781],[119.863,15.9586],[119.9133,15.8381],[119.8926,15.8011],[119.92,15.7053],[119.9083,15.6228],[119.9556,15.5225],[119.905,15.4906],[119.9069,15.4039],[119.965,15.3458],[120.0125,15.2639],[120.0644,15.0514],[120.0558,14.8869],[120.0834,14.7945],[120.1586,14.7397],[120.2452,14.8478],[120.2933,14.8083],[120.2597,14.7661],[120.2539,14.6856],[120.3178,14.6244],[120.3683,14.5428],[120.4714,14.8043],[120.5461,14.7803],[120.5628,14.8261],[120.6811,14.7697],[120.7547,14.7536],[120.8378,14.7611],[120.9322,14.6731],[120.9911,14.5492],[120.9931,14.5112],[121.2172,14.4184],[121.2854,14.3424],[121.105,14.253],[120.9438,14.2908],[120.8165,14.3741],[120.6938,14.2861],[120.5846,14.1823],[120.61,14.1183],[120.6184,13.9093],[120.672,13.8761],[120.7428,13.9331],[120.8794,13.9025],[120.9117,13.8789],[120.9289,13.775],[120.9983,13.7822],[121.0622,13.7175],[121.0556,13.6624],[121.1871,13.6815],[121.2497,13.7134],[121.3317,13.8279],[121.4862,13.8918],[121.5874,13.8966],[121.7167,13.9656],[121.8117,13.9431],[121.8303,13.8972],[122.0558,13.7761],[122.1086,13.7639],[122.1761,13.6722],[122.2083,13.6019],[122.3336,13.5811],[122.492,13.4302],[122.3253,13.7792],[122.3693,13.881],[122.4854,13.8812],[122.561,13.9366],[122.7758,13.7869],[122.865,13.6861],[122.83,13.6506],[122.8944,13.5731],[122.985,13.5175],[123.053,13.5047],[123.1675,13.4511],[123.2019,13.4186],[123.2466,13.2914],[123.3108,13.1786],[123.298,13.0533],[123.3222,13.0086],[123.4078,13.0439],[123.4575,13.0225],[123.5472,12.9376],[123.677,12.8927],[123.8189,12.9756],[123.3976,13.5274],[123.4914,13.6229],[123.5414,13.6436],[123.58,13.7183],[123.6819,13.7123],[123.7369,13.7632],[123.7019,13.8203],[123.6385,13.8329],[123.3592,13.953],[123.3057,13.8915],[123.3272,13.8136],[123.2697,13.7411],[123.1318,13.692],[122.9851,13.7298],[122.8563,13.8883],[122.7762,14.174],[122.6746,14.2691],[122.4865,14.3195],[122.4409,14.3129],[122.3355,14.1997],[122.3466,14.1147],[122.2692,14.1256],[122.2266,14.0758],[122.3094,14.0153],[122.3025,13.9586],[122.2333,13.8972],[122.1397,13.915]]],[[[125.17,11.2492],[125.1934,11.1854],[125.3231,11.1239],[125.3984,11.1494],[125.4487,11.2067],[125.3331,11.5622],[125.2777,11.9242],[125.2464,12.2926],[125.1191,12.4766],[124.9521,12.527],[124.4945,12.4625],[124.2964,12.4239],[124.3869,12.1903],[124.443,12.155],[124.4992,12.0875],[124.645,12.0428],[124.6939,12.0106],[124.7696,11.9021],[124.8755,11.8344],[124.8824,11.8022],[125.0089,11.7756],[125.0425,11.7289],[124.9917,11.6139],[124.9491,11.5683],[124.8858,11.5686],[124.8542,11.4913],[124.97,11.4475],[124.9997,11.3528],[125.0739,11.2814],[125.17,11.2492]]]]},"properties":{"NAME":"Austronesians","ABBREVN":"Austronesians","type":null,"weblnks":null,"SUBJECTO":"Austronesians","BORDERPRECISION":1,"PARTOF":"Austronesians"}},
{"type":"Feature","geometry":{"type":"MultiPolygon","coordinates":[[[[173.0758,-41.2911],[173.0193,-41.075],[172.9353,-40.9917],[172.7837,-40.9649],[172.769,-40.8484],[172.6047,-40.774],[172.4374,-40.7531],[172.2071,-41.0445],[172.1479,-41.5781],[172.0868,-41.7068],[171.8866,-41.8294],[171.6255,-41.9457],[171.5955,-42.0141],[171.4584,-41.9929],[171.3491,-42.2873],[171.3984,-42.5125],[171.1968,-42.6482],[171.0771,-42.7128],[171.0806,-42.7901],[171.0241,-42.8869],[170.7249,-43.0679],[170.3709,-43.2169],[170.203,-43.2237],[169.9859,-43.3641],[169.9569,-43.4821],[169.6488,-43.7408],[169.4791,-43.7863],[169.2346,-43.9481],[168.9138,-44.0972],[168.4157,-44.2209],[167.9667,-44.4802],[167.9208,-44.616],[167.6686,-44.7845],[167.521,-44.9529],[167.2648,-45.0634],[167.1375,-45.1998],[167.1643,-45.3295],[167.3181,-45.5044],[167.2812,-45.5629],[167.0344,-45.522],[167.0058,-45.5717],[166.8349,-45.5998],[167.0095,-45.8167],[166.8899,-45.778],[166.7325,-45.7955],[166.8439,-45.9145],[166.699,-45.9148],[166.6158,-46.0908],[166.741,-46.0661],[166.7389,-46.1192],[166.6703,-46.1536],[166.7263,-46.2142],[166.8364,-46.2325],[166.95,-46.2239],[167.2187,-46.2608],[167.3376,-46.1684],[167.4275,-46.1871],[167.4602,-46.1514],[167.5969,-46.1664],[167.7019,-46.2094],[167.778,-46.2842],[167.7539,-46.3339],[167.8644,-46.3955],[168.1164,-46.3436],[168.2111,-46.3553],[168.2503,-46.4008],[168.3738,-46.4219],[168.3914,-46.54],[168.4927,-46.6133],[168.6147,-46.6111],[168.845,-46.5636],[168.8664,-46.6375],[169.0513,-46.6787],[169.2664,-46.6564],[169.5612,-46.5987],[169.6663,-46.5268],[169.8533,-46.4518],[169.8636,-46.3714],[170.2377,-46.1542],[170.2564,-46.0656],[170.3152,-45.9914],[170.5589,-45.8817],[170.6169,-45.8394],[170.7244,-45.6627],[170.9619,-45.1692],[171.0245,-45.0754],[170.6341,-44.8627],[171.0733,-44.9071],[171.1712,-44.9392],[171.2003,-44.7452],[171.1912,-44.6289],[171.2236,-44.5212],[171.0615,-44.3642],[170.9942,-44.2675],[171.0662,-44.2286],[171.3192,-44.3172],[171.3556,-44.2855],[171.5836,-44.1539],[171.724,-44.0978],[171.7723,-44.0528],[171.9454,-44.0124],[172.036,-43.9716],[172.0627,-43.9231],[172.2212,-43.8518],[172.3831,-43.8086],[172.425,-43.7336],[172.4952,-43.7239],[172.6428,-43.7722],[172.855,-43.8988],[172.9176,-43.8692],[172.9216,-43.7833],[172.82,-43.7136],[172.6276,-43.6923],[172.4405,-43.5094],[172.5624,-43.3931],[172.7374,-43.3218],[172.758,-43.2467],[172.838,-43.1481],[172.9355,-43.0983],[173.1069,-43.0578],[173.2371,-42.9851],[173.3278,-42.9071],[173.5686,-42.4769],[173.795,-42.2975],[173.8842,-42.2436],[173.9564,-42.1664],[173.9797,-42.0611],[174.0886,-41.9578],[174.1969,-41.8794],[174.0692,-41.6959],[174.1444,-41.5441],[174.0841,-41.5261],[174.05,-41.4664],[174.0914,-41.3656],[174.0585,-41.2914],[173.9295,-41.2515],[173.8064,-41.2894],[173.7015,-41.2536],[173.264,-41.5437],[173.1232,-41.4347],[173.0758,-41.2911]],[[170.2103,-43.7142],[170.1842,-43.8309],[170.2477,-44.1174],[170.1781,-44.0646],[170.1308,-43.8093],[170.136,-43.7656],[170.2103,-43.7142]],[[170.5587,-43.707],[170.6176,-43.7365],[170.5759,-43.8506],[170.575,-43.9351],[170.5104,-44.0026],[170.5116,-43.8532],[170.5587,-43.707]]],[[[166.9897,-45.5192],[166.8553,-45.4924],[166.808,-45.5665],[166.9897,-45.5192]]],[[[174.4736,-35.6464],[174.3919,-35.5786],[174.2902,-35.4209],[174.3002,-35.3473],[174.2169,-35.3368],[174.1513,-35.4209],[174.0679,-35.4104],[174.0152,-35.2316],[173.703,-35.1475],[173.4696,-35.0319],[173.3488,-35.0213],[173.3303,-35.0844],[173.1636,-34.9659],[173.1986,-35.0511],[173.1875,-35.1433],[173.0875,-35.2114],[173.1541,-35.2767],[173.3738,-35.5242],[173.3914,-35.4231],[173.4397,-35.3761],[173.5591,-35.3728],[173.5641,-35.2781],[173.6555,-35.3133],[173.5403,-35.4308],[173.4466,-35.4403],[173.3989,-35.5739],[173.7375,-35.9336],[173.8554,-36.0689],[174.0658,-36.1683],[174.2514,-36.2725],[174.3147,-36.2439],[174.2441,-36.1831],[174.2827,-36.1211],[174.3769,-36.3308],[174.3,-36.3142],[174.2969,-36.3917],[174.4425,-36.4147],[174.4655,-36.5322],[174.4564,-36.6447],[174.3707,-36.6325],[174.3003,-36.5158],[174.2232,-36.552],[174.3905,-36.7403],[174.5965,-37.0235],[174.6597,-36.9475],[174.8188,-36.9414],[174.7955,-37.0231],[174.8791,-37.0889],[174.7166,-37.1542],[174.7144,-37.1972],[174.7647,-37.2965],[174.8408,-37.297],[174.7523,-37.3831],[174.7389,-37.4761],[174.8407,-37.7473],[174.8708,-37.7831],[174.975,-37.75],[174.9675,-37.8092],[174.8745,-37.8059],[174.9451,-37.9284],[174.9311,-38.0954],[174.7526,-38.2993],[174.7135,-38.4399],[174.7486,-38.753],[174.6547,-38.9833],[174.0299,-39.2914],[173.8048,-39.4197],[173.8519,-39.4706],[173.963,-39.5417],[174.2089,-39.5772],[174.3488,-39.6344],[174.4214,-39.7269],[174.5494,-39.8222],[174.7405,-39.8667],[174.8366,-39.865],[174.9741,-39.9208],[175.1555,-40.0958],[175.2163,-40.2307],[175.3536,-40.3],[175.3674,-40.4539],[175.1884,-40.679],[175.0502,-40.981],[174.9015,-41.2617],[174.8954,-41.2961],[174.9741,-41.4049],[175.0803,-41.3856],[175.1861,-41.425],[175.2019,-41.5769],[175.323,-41.6144],[175.5577,-41.485],[175.7364,-41.3961],[175.9552,-41.2553],[176.0875,-41.1161],[176.1528,-40.9647],[176.2391,-40.9089],[176.3494,-40.6936],[176.3861,-40.675],[176.54,-40.495],[176.6283,-40.4219],[176.6872,-40.3214],[176.8083,-40.2167],[176.895,-40.0828],[176.8947,-40.0347],[177.0236,-39.7681],[177.0908,-39.7184],[177.0616,-39.6581],[176.9466,-39.6644],[176.8978,-39.438],[176.9358,-39.35],[177.055,-39.2044],[177.4261,-39.0642],[177.6288,-39.0711],[177.8167,-39.0993],[177.8667,-39.2069],[177.9224,-39.1365],[177.8939,-39.0648],[177.9411,-38.7936],[177.9289,-38.7222],[178.075,-38.7139],[178.2964,-38.5419],[178.3208,-38.3986],[178.3175,-38.2639],[178.3777,-38.0986],[178.3505,-38.0047],[178.4537,-37.8614],[178.2413,-37.8323],[177.8429,-37.9864],[177.5284,-38.2042],[177.3618,-38.2365],[177.1342,-38.1859],[176.3455,-37.8744],[176.1292,-37.7982],[176.0895,-37.6601],[175.9944,-37.6389],[175.9408,-37.5278],[176.0408,-37.4906],[175.9761,-37.4531],[175.9308,-37.2625],[175.8872,-37.2442],[175.8842,-37.1689],[175.8377,-37.0262],[175.6627,-36.95],[175.5579,-36.9438],[175.5465,-37.0064],[175.64,-37.4097],[175.3077,-37.321],[175.2466,-37.2938],[175.2493,-37.1675],[175.3009,-37.1359],[175.2008,-37.0727],[174.9801,-37.0833],[174.8874,-37.0622],[174.9283,-36.9675],[174.6448,-36.8306],[174.6471,-36.7675],[174.8008,-36.7885],[174.7172,-36.6031],[174.7298,-36.4665],[174.8025,-36.3408],[174.7869,-36.2834],[174.6289,-36.1572],[174.4267,-35.9363],[174.4872,-35.915],[174.5099,-35.8388],[174.3989,-35.8214],[174.3469,-35.8331],[174.3619,-35.7233],[174.4911,-35.7694],[174.5183,-35.7242],[174.4736,-35.6464]],[[175.8092,-38.677],[175.9436,-38.677],[176.0574,-38.7213],[176.0655,-38.812],[176.0026,-38.8652],[175.7952,-38.9479],[175.7996,-38.8454],[175.7491,-38.7726],[175.8092,-38.677]]],[[[172.9472,-34.7169],[172.9896,-34.7274],[173.0455,-34.6574],[172.9305,-34.5634],[172.8212,-34.5776],[172.9472,-34.7169]]]]},"properties":{"NAME":"Kelteminar","ABBREVN":"Kelteminar","type":"culture","weblnks":null,"SUBJECTO":"Kelteminar","BORDERPRECISION":1,"PARTOF":"Kelteminar"}},
{"type":"Feature","geometry":{"type":"Polygon","coordinates":[[[-14.7269,65.8492],[-14.7633,66.0547],[-14.9339,66.0422],[-15.0708,66.0614],[-15.574,66.2068],[-15.6978,66.2308],[-15.7206,66.3078],[-15.8599,66.4187],[-16.3852,66.4544],[-16.568,66.0293],[-17.4041,66.0038],[-17.4194,65.9844],[-18.0225,66.0778],[-17.8838,65.7568],[-18.0694,65.6433],[-18.1806,65.7361],[-18.2067,65.8211],[-18.54,65.9847],[-18.6763,66.0912],[-19.1654,66.0026],[-19.2745,65.9293],[-19.2392,65.6668],[-19.4567,65.7257],[-19.6475,65.7561],[-19.7003,65.8619],[-19.8744,65.9106],[-19.9931,66.0242],[-20.2174,66.0006],[-20.1413,65.6506],[-20.3889,65.4755],[-20.8306,65.3656],[-21.0678,65.1906],[-21.1217,65.2239],[-21.4947,65.568],[-21.4064,65.6322],[-21.6528,65.6542],[-21.5942,65.6906],[-21.4378,65.688],[-21.3378,65.7333],[-21.2783,65.8561],[-21.2972,65.9314],[-21.5172,65.9708],[-21.3994,66.0272],[-21.6442,66.0667],[-21.7553,66.1789],[-21.9605,66.2688],[-22.0864,66.2681],[-22.6764,66.3913],[-22.7078,66.2939],[-22.8079,66.2612],[-22.4128,65.99],[-22.6093,65.9231],[-22.9109,65.9444],[-23.4656,66.1334],[-23.5304,66.0297],[-23.6083,65.9796],[-23.4771,65.8694],[-23.267,65.7249],[-23.5272,65.6278],[-23.5735,65.6738],[-23.9726,65.6871],[-23.9608,65.6422],[-24.0508,65.5647],[-24.1579,65.6082],[-24.1905,65.4966],[-24.0158,65.47],[-23.9764,65.4131],[-23.7228,65.4172],[-23.6233,65.4644],[-23.2222,65.4847],[-23.0856,65.5405],[-22.9125,65.5647],[-22.7828,65.5039],[-22.5739,65.5311],[-22.3354,65.4809],[-22.2228,65.4244],[-22.1147,65.4833],[-21.9931,65.5011],[-21.8147,65.4336],[-21.9822,65.3944],[-21.7339,65.1961],[-21.8092,65.0374],[-22.4503,64.9062],[-22.7784,64.8552],[-23.2821,64.8261],[-23.0433,64.7947],[-22.4072,64.8125],[-22.3231,64.7561],[-22.3139,64.6936],[-22.3892,64.6605],[-22.112,64.4637],[-22.0247,64.4243],[-21.749,64.3807],[-21.6281,64.4025],[-21.5046,64.3626],[-21.7359,64.1678],[-22.3113,63.952],[-22.5066,63.8658],[-22.42,63.8472],[-22.0467,63.8347],[-21.8542,63.8528],[-21.6394,63.8228],[-21.4314,63.8494],[-21.3194,63.8875],[-21.1747,63.8753],[-20.8464,63.7906],[-20.6739,63.8472],[-20.5413,63.7104],[-19.9891,63.5402],[-19.8417,63.5444],[-19.3942,63.4614],[-19.0861,63.4128],[-18.7294,63.39],[-18.1481,63.4731],[-17.9508,63.5222],[-17.8639,63.5967],[-17.9733,63.6686],[-17.8744,63.7294],[-17.3206,63.7805],[-17.2438,63.799],[-17.0233,63.7939],[-16.9667,63.9172],[-16.885,63.865],[-16.6142,63.8622],[-16.4531,63.9081],[-16.3392,63.9861],[-16.1778,64.0381],[-16.0256,64.1286],[-15.6786,64.2203],[-15.4469,64.2519],[-15.2914,64.3319],[-14.9606,64.2536],[-14.8775,64.2808],[-14.8717,64.34],[-14.5392,64.4061],[-14.4266,64.6089],[-14.2856,64.7004],[-14.0418,64.7175],[-14.0447,64.7825],[-13.9086,64.7975],[-13.7664,64.8572],[-13.8469,64.8997],[-13.7078,64.9328],[-13.585,65.0069],[-13.538,65.1151],[-13.6369,65.1578],[-13.6392,65.2194],[-13.5672,65.2625],[-13.7394,65.3144],[-13.6369,65.4247],[-13.6469,65.4953],[-14.4357,65.5798],[-14.5083,65.5544],[-14.8656,65.7558],[-14.7269,65.8492]]]},"properties":{"NAME":null,"ABBREVN":null,"type":null,"weblnks":null,"SUBJECTO":null,"BORDERPRECISION":1,"PARTOF":null}},
{"type":"Feature","geometry":{"type":"MultiPolygon","coordinates":[[[[148.2658,-41.1583],[148.2695,-41.0926],[148.0559,-40.9197],[147.7338,-41.0294],[147.5964,-41.1646],[147.2886,-41.1523],[147.1206,-41.1784],[146.7407,-41.2948],[146.3822,-41.3083],[145.8919,-41.1423],[145.228,-40.9831],[144.7761,-40.8428],[144.6971,-40.8838],[144.7001,-41.164],[144.816,-41.4593],[144.955,-41.7133],[145.055,-41.8467],[145.1825,-41.9361],[145.2625,-42.0787],[145.5095,-42.3244],[145.6243,-42.5189],[145.5663,-42.5834],[145.377,-42.5065],[145.301,-42.4616],[145.2339,-42.4727],[145.2547,-42.6061],[145.3561,-42.6622],[145.416,-42.8274],[145.5276,-42.9659],[145.5952,-42.9792],[145.7269,-43.1333],[145.8333,-43.2931],[145.8664,-43.3103],[146.1141,-43.3372],[146.1697,-43.2803],[146.2364,-43.3272],[146.2238,-43.3956],[146.1,-43.3561],[145.9919,-43.3458],[145.9669,-43.4073],[146.2961,-43.5347],[146.5955,-43.5522],[146.6864,-43.6033],[146.8759,-43.632],[146.9585,-43.5144],[147.0003,-43.4247],[147.1005,-43.2975],[146.9705,-43.2067],[146.9691,-43.1394],[147.0983,-43.2444],[147.1417,-43.2567],[147.2507,-43.1803],[147.2682,-43.0604],[147.3261,-43.0086],[147.3486,-42.9047],[147.408,-42.8897],[147.4369,-43.045],[147.5344,-43.0142],[147.5522,-42.9747],[147.4983,-42.8703],[147.6069,-42.8306],[147.8258,-42.9319],[147.8802,-42.7767],[147.941,-42.7293],[147.9438,-42.6139],[147.9812,-42.482],[148.0309,-42.3826],[148.0827,-42.1061],[148.18,-41.9469],[148.2297,-41.9849],[148.2763,-41.8917],[148.2639,-41.8083],[148.3139,-41.5967],[148.2714,-41.4661],[148.3036,-41.3751],[148.2658,-41.1583]]],[[[147.6188,-43.0158],[147.7288,-42.9891],[147.6794,-42.9406],[147.6188,-43.0158]]]]},"properties":{"NAME":"Aboriginal Tasmanians","ABBREVN":"From Indus Valley","type":"culture","weblnks":"http://www.nationalgeographic.com.au/australia/four-thousand-years-ago-indians-landed-in-australia.aspx","SUBJECTO":"Aboriginal Tasmanians","BORDERPRECISION":1,"PARTOF":"Aboriginal Tasmanians"}},
{"type":"Feature","geometry":{"type":"MultiPolygon","coordinates":[[[[-48.7814,61.3556],[-48.7038,61.3145],[-48.6536,61.3097],[-48.5833,61.3128],[-48.5433,61.3167],[-48.5353,61.3639],[-48.6931,61.3681],[-48.7136,61.3675],[-48.7431,61.3639],[-48.7814,61.3556]]],[[[-51.4214,64.4133],[-51.2797,64.4281],[-51.0931,64.5614],[-51.2267,64.5561],[-51.4214,64.4133]]],[[[-43.3397,60.0056],[-43.4708,60.0233],[-43.5079,59.9166],[-43.3917,59.9306],[-43.3397,60.0056]]],[[[-43.4781,60.0433],[-43.1981,59.988],[-43.1617,60.0694],[-43.6306,60.1175],[-43.7292,60.1394],[-44.0523,60.1642],[-43.5788,59.9357],[-43.5167,59.9622],[-43.4781,60.0433]]],[[[-44.4264,59.9511],[-44.3159,59.9753],[-44.2185,60.0657],[-44.2792,60.1219],[-44.3747,60.1411],[-44.4344,60.1414],[-44.465,60.0994],[-44.4947,60.0242],[-44.4975,60.0086],[-44.4264,59.9511]]],[[[-42.0639,62.7247],[-41.9961,62.775],[-42.1431,62.7981],[-42.3744,62.7939],[-42.2988,62.7394],[-42.0639,62.7247]]],[[[-41.3781,63.1286],[-41.2846,63.1936],[-41.4464,63.2075],[-41.3781,63.1286]]],[[[-41.8683,63.4528],[-41.7986,63.4042],[-41.7511,63.3961],[-41.7275,63.3905],[-41.7064,63.3828],[-41.4308,63.2314],[-41.2644,63.2144],[-41.2424,63.3366],[-41.5569,63.4194],[-41.6117,63.4603],[-41.6633,63.4856],[-41.6736,63.4897],[-41.6972,63.495],[-41.7842,63.4922],[-41.8256,63.4856],[-41.845,63.4808],[-41.8683,63.4528]]],[[[-40.865,64.8983],[-40.7628,64.7919],[-40.5739,64.6869],[-40.5292,64.5564],[-40.4728,64.4825],[-40.3507,64.5275],[-40.4836,64.6854],[-40.8277,64.8935],[-40.865,64.8983]]],[[[-37.3117,65.688],[-37.44,65.7114],[-37.5485,65.6006],[-37.3939,65.6261],[-37.3117,65.688]]],[[[-36.7658,65.8544],[-36.9428,65.8197],[-36.8838,65.756],[-36.7848,65.764],[-36.7658,65.8544]]],[[[-36.7397,65.8064],[-36.62,65.7953],[-36.5119,65.9133],[-36.5433,65.96],[-36.7497,65.9047],[-36.7397,65.8064]]],[[[-23.2867,69.6411],[-23.2217,69.6694],[-23.2569,69.7261],[-23.2894,69.7383],[-23.3075,69.7414],[-23.3161,69.7419],[-23.5931,69.713],[-23.5494,69.6767],[-23.5194,69.6611],[-23.5069,69.6578],[-23.4906,69.655],[-23.2867,69.6411]]],[[[-28.7192,83.4317],[-36.3997,83.3658],[-37.2517,83.4542],[-38.0681,83.3875],[-36.8783,83.15],[-38.1097,83.035],[-38.7625,82.8394],[-38.67,82.7822],[-40.7531,83.0031],[-41.7508,83.1225],[-42.2556,83.2344],[-43.8125,83.0803],[-43.3767,82.9228],[-45.0314,82.9292],[-45,82.8897],[-44.1392,82.8436],[-40.6575,82.728],[-39.9561,82.5917],[-40.0783,82.4216],[-41.2422,82.7005],[-41.5561,82.54],[-41.9525,82.6725],[-42.6886,82.7817],[-43.9835,82.4394],[-43.3019,82.2803],[-42.6786,82.2305],[-44.3016,81.8617],[-50.8444,82.3628],[-49.4322,81.9278],[-49.8803,81.6625],[-50.2214,81.69],[-51.3231,81.8861],[-53.6635,81.4626],[-54.5752,82.3281],[-55.225,82.2325],[-58.0578,82.0344],[-56.4536,81.3355],[-57.2639,81.4619],[-60.8097,81.5192],[-60.9089,81.1711],[-61.9345,81.1377],[-62.9475,80.7958],[-63.9747,81.048],[-64.9869,80.8369],[-65.4989,80.6661],[-66.2381,80.5992],[-67.0408,80.4083],[-66.4547,80.1055],[-65.1775,80.0786],[-64.2328,80.2483],[-63.805,80.1386],[-64.6755,79.9039],[-65.9767,79.1017],[-66.9903,79.1287],[-67.9917,79.0692],[-68.8733,78.8308],[-71.2698,78.6421],[-72.5254,78.1661],[-69.975,77.8286],[-70.0114,77.6869],[-69.8272,77.6361],[-68.6725,77.6619],[-66.1703,77.425],[-66.2083,77.2519],[-66.907,77.1455],[-66.9042,77.1216],[-68.8633,77.1889],[-70.8497,77.1453],[-69.7657,76.9947],[-69.8392,76.9197],[-68.0925,76.705],[-67.2278,75.995],[-67.0289,76.1244],[-66.9119,76.2589],[-65.5605,76.2394],[-65.3636,76.1294],[-64.2206,76.2933],[-60.1078,76.0222],[-59.3348,75.8701],[-58.1919,75.5297],[-56.9394,74.919],[-56.2122,74.4142],[-56.2144,74.2614],[-55.985,74.0064],[-55.6439,73.8433],[-55.6078,73.7203],[-55.1597,73.4066],[-55.15,73.283],[-54.6764,72.6311],[-54.8031,72.52],[-54.3114,72.4716],[-54.9708,72.4039],[-54.9442,72.3622],[-54.8864,71.9369],[-55.5908,71.6275],[-55.1764,71.4592],[-54.1739,71.3953],[-54.0328,71.7117],[-53.72,71.6725],[-53.6358,71.7372],[-53.8017,72.1314],[-53.6106,72.3625],[-53.6767,72.1142],[-53.0953,71.825],[-52.7903,71.9661],[-52.0368,71.698],[-51.6583,71.6878],[-51.3439,71.4822],[-51.8067,71.3369],[-51.8458,71.2525],[-51.3786,71.1158],[-51.1017,70.8441],[-51.2683,70.8069],[-50.6289,70.6155],[-50.9604,70.6037],[-50.6481,70.4683],[-50.6681,70.4091],[-50.55,70.3375],[-51.7553,70.4805],[-54.3032,70.7402],[-52.1668,70.0688],[-51.2706,70.0628],[-51.0592,70.0361],[-50.2142,70.0217],[-50.38,69.898],[-50.5873,69.6251],[-50.4053,69.5089],[-50.4553,69.3044],[-50.1294,69.2042],[-50.1783,69.0164],[-50.6066,68.9601],[-50.9269,68.6722],[-51.7994,68.5305],[-52.4617,68.545],[-51.4328,68.2767],[-51.4664,68.3525],[-50.82,68.5036],[-51.1253,68.3503],[-51.2033,68.2],[-50.1531,67.9333],[-49.9422,67.6889],[-50.4727,67.6791],[-50.4771,67.4822],[-51.88,67.6608],[-52.7461,67.7236],[-52.9111,67.6817],[-53.1281,67.278],[-51.1172,67.4161],[-51.1478,67.1364],[-51.0186,67.1361],[-51.5247,67.323],[-52.8769,67.2755],[-53.2239,66.9875],[-52.2358,66.8422],[-52.4164,66.5464],[-52.9825,66.5308],[-52.1981,66.4994],[-51.7269,66.7144],[-50.9661,66.9733],[-50.6322,67.0158],[-50.0803,66.9944],[-50.9981,66.9133],[-50.3544,66.8275],[-51.5156,66.7439],[-52.6025,66.3517],[-52.8797,66.0253],[-52.4803,65.8805],[-52.9767,65.7814],[-52.7572,65.7086],[-52.7447,65.6708],[-52.4692,65.6408],[-51.9867,65.5244],[-50.5497,65.7108],[-50.9222,65.75],[-51.8758,65.6],[-51.9737,64.8869],[-51.7103,65.0153],[-51.6386,64.8933],[-51.4875,64.9],[-51.6192,64.3883],[-51.1667,64.78],[-51.0333,64.6216],[-50.7431,65.0028],[-50.8469,65.1583],[-50.1756,64.8292],[-50.1445,64.7393],[-49.6964,64.4286],[-50.5436,64.208],[-50.1117,64.1886],[-50.9879,64.0915],[-51.0286,63.8983],[-51.1869,63.6217],[-50.5325,63.6225],[-51.1417,63.5742],[-51.1197,63.4881],[-50.5975,63.2226],[-50.0819,63.2167],[-50.5314,63.1133],[-49.7014,63.0575],[-49.8706,62.285],[-49.1039,62.1667],[-49.075,62.0753],[-48.8894,61.9839],[-49.1167,61.8169],[-48.7044,61.6325],[-48.4694,61.5614],[-48.8583,61.4553],[-48.5675,61.2853],[-48.2617,61.1957],[-48.0814,61.295],[-47.84,61.0383],[-47.4478,60.8203],[-47.4942,60.8986],[-46.9147,60.9294],[-46.4422,60.9992],[-45.8772,61.1839],[-45.8314,61.2644],[-45.2169,61.2047],[-45.5498,60.9716],[-45.4092,60.883],[-45.2217,60.5753],[-45.1756,60.4408],[-44.6261,60.7333],[-44.4886,60.5481],[-44.5706,59.9953],[-44.3089,60.1503],[-44.0789,60.378],[-43.1297,60.2056],[-43.4339,60.3558],[-44.1933,60.5853],[-44.0056,60.5825],[-43.7117,60.7047],[-43.5253,60.5292],[-42.8408,60.5789],[-42.8923,60.6361],[-42.7706,60.7197],[-43.4786,60.9422],[-43.3533,61.0975],[-43.0373,61.2917],[-43.1683,61.3455],[-42.4728,61.4272],[-43.0792,61.5936],[-42.6892,61.7411],[-42.7828,61.8161],[-42.4072,61.9064],[-42.5378,61.9561],[-42.9744,62.4689],[-43.0575,62.7303],[-42.4333,62.9083],[-42.3325,62.8122],[-41.9101,62.8428],[-42.0853,63.1767],[-41.6464,63.1117],[-41.438,63.1164],[-41.8511,63.4864],[-41.5717,63.49],[-40.9236,63.6642],[-41.6319,63.7789],[-40.7597,63.9347],[-41.5695,64.2655],[-40.5417,64.3569],[-40.5633,64.5083],[-41.0733,64.8817],[-40.4322,65.0369],[-39.9417,65.365],[-40.2089,65.4833],[-39.8286,65.5878],[-39.2156,65.5764],[-38.8515,65.6118],[-38.7564,65.6897],[-38.5297,65.7078],[-38.4836,66.0103],[-38.1703,65.9003],[-38.0742,65.9592],[-37.9274,66.213],[-38.1414,66.3658],[-37.2206,66.345],[-37.1681,65.773],[-37.0375,66.0267],[-36.4761,66.0419],[-36.3911,66.0308],[-35.7745,66.1031],[-35.0439,66.2461],[-35.1075,66.4158],[-34.6189,66.4075],[-34.3889,66.6739],[-34.0456,66.7419],[-33.4225,67.3322],[-33.3353,67.3601],[-33.1919,67.6505],[-32.5397,67.8441],[-32.2947,68.1972],[-32.5575,68.4878],[-32.4289,68.6219],[-31.5941,68.2237],[-31.4481,68.1247],[-30.4219,68.0658],[-30.3922,68.2072],[-29.8987,68.4042],[-29.2125,68.2825],[-29.1872,68.3905],[-28.4192,68.4441],[-27.9261,68.5161],[-27.5097,68.5594],[-26.7217,68.67],[-25.8016,68.8636],[-25.5886,69.1],[-25.1306,69.2947],[-24.1683,69.4228],[-24.3519,69.598],[-23.5792,69.6236],[-23.2892,69.7519],[-23.365,69.8555],[-23.1067,69.868],[-22.9728,69.9249],[-22.8564,69.903],[-22.4989,69.9708],[-23.9247,70.1519],[-27.1825,70.1608],[-27.5061,69.9628],[-27.9772,70.0083],[-28.5911,70.0875],[-27.8767,70.0883],[-28.325,70.4036],[-28.6897,70.475],[-29.2278,70.4556],[-28.0511,70.9168],[-27.9162,70.998],[-27.6611,71.0557],[-27.0008,71.5294],[-27.1244,71.5605],[-28.4669,71.5525],[-27.9725,71.5867],[-27.3286,71.7155],[-28.0953,71.9158],[-28.3619,72.0178],[-28.2828,72.0355],[-27.61,71.9],[-27.1928,71.6894],[-24.3864,71.1825],[-22.6481,70.6558],[-22.4578,70.7497],[-22.1628,70.4761],[-21.6683,70.4305],[-21.755,70.6961],[-21.7253,70.8025],[-22.1039,71.0736],[-21.8675,71.235],[-21.9044,71.4975],[-22.5392,71.488],[-23.0111,71.6344],[-22.7397,71.8123],[-24.9236,72.3983],[-25.4267,72.1317],[-25.3511,72.3969],[-25.5092,72.4361],[-26.4533,72.5728],[-26.7767,72.7133],[-27.4808,72.9244],[-27.7286,73.1297],[-27.2617,73.4939],[-25.1053,73.4719],[-25.3086,73.7361],[-25.1644,73.7419],[-24.4683,73.6532],[-23.8033,73.733],[-22.4539,73.6086],[-22.8478,73.5558],[-22.1036,73.2775],[-21.1314,73.453],[-20.37,73.5272],[-20.5069,73.6903],[-21.2708,73.98],[-21.7031,73.7011],[-21.9806,73.998],[-22.3908,74.0953],[-21.9992,74.3208],[-21.8975,74.5522],[-20.7519,74.4558],[-19.1717,74.3497],[-19.3161,74.6011],[-21.1231,74.6714],[-20.6647,74.775],[-20.9931,75.0747],[-21.7425,74.9536],[-21.7586,74.98],[-20.7742,75.1269],[-21.3511,75.373],[-22.0886,75.4753],[-22.2558,75.6394],[-21.4625,75.5389],[-20.1808,75.3361],[-19.3839,75.5428],[-20.1372,75.9303],[-21.2997,75.9625],[-21.8478,75.9983],[-20.2831,75.9903],[-19.6711,76.115],[-21.0125,76.2458],[-22.1422,76.4133],[-22.2794,76.4653],[-22.3383,76.5814],[-22.7392,76.6889],[-22.1664,76.8464],[-21.0503,76.7886],[-21.4361,76.8922],[-20.9492,76.948],[-20.0044,76.9586],[-19.0364,77.2253],[-19.3981,77.2975],[-20.7228,77.4222],[-21.0456,77.5458],[-20.4386,77.5525],[-20.3319,77.7094],[-19.24,77.763],[-20.5972,77.9636],[-21.8106,77.6878],[-21.7539,77.9233],[-21.5728,78.1369],[-21.4208,78.6522],[-20.9786,78.8405],[-20.1583,78.8633],[-19.7269,79.1255],[-19.6489,79.2797],[-19.7361,79.4292],[-19.6314,79.6614],[-18.3658,79.7403],[-20.2069,79.8169],[-20.57,79.9458],[-20.555,80.1005],[-19.045,80.4262],[-17.5589,80.6228],[-19.4717,80.6003],[-20.2981,80.5789],[-19.5911,80.6675],[-18.2228,80.6966],[-17.64,80.7419],[-16.0531,80.7258],[-14.9533,81.0047],[-13.4092,81.3069],[-12.6039,81.4755],[-17.7842,81.5522],[-19.9411,81.4908],[-24.0416,80.6248],[-24.0994,80.6911],[-22.9528,81.2955],[-26.3058,81.5128],[-27.5536,81.3869],[-27.4806,81.4517],[-26.4725,81.6108],[-32.5378,81.6864],[-32.5981,81.9736],[-30.9495,82.2023],[-22.8825,82.7725],[-23.8483,82.7672],[-24.3461,82.885],[-25.4878,82.7792],[-25.1336,82.8922],[-27.1739,83.0572],[-28.2675,83.0742],[-30.5047,83.0783],[-31.5811,82.9483],[-32.2019,82.9894],[-33.7144,82.8722],[-35.3075,82.8447],[-35.5953,82.8989],[-33.9303,82.948],[-32.8828,83.1108],[-32.0219,83.0525],[-30.5439,83.1505],[-27.3758,83.1397],[-28.7192,83.4317]]],[[[-21.9611,72.3894],[-22.2505,72.498],[-22.7294,72.6152],[-23.131,72.6775],[-23.7984,72.6605],[-23.657,72.4717],[-23.5854,72.4404],[-22.8328,72.269],[-22.4092,72.12],[-22.2772,72.1139],[-22.1239,72.165],[-22.1342,72.2717],[-22.7275,72.3764],[-22.765,72.4339],[-22.6633,72.4664],[-22.3636,72.4272],[-22.2581,72.4386],[-21.9611,72.3894]]],[[[-52.1017,68.6053],[-52.2354,68.6389],[-52.4181,68.6003],[-52.4042,68.5636],[-52.1017,68.6053]]],[[[-52.2889,68.6428],[-52.3369,68.6641],[-52.6912,68.6634],[-52.735,68.6178],[-52.2889,68.6428]]],[[[-51.975,69.6566],[-51.9476,69.6965],[-52.084,69.7725],[-52.3737,69.8536],[-52.7012,69.9154],[-53.0375,70.0366],[-53.6167,70.1578],[-54.1375,70.1875],[-54.4283,70.2482],[-54.5937,70.2402],[-54.7227,70.0869],[-54.6869,69.707],[-54.5744,69.6089],[-54.4606,69.558],[-54.1128,69.5455],[-53.7919,69.4511],[-54.0409,69.4433],[-53.8071,69.3383],[-53.5515,69.2784],[-52.8674,69.3928],[-52.5211,69.4766],[-52.0673,69.5023],[-51.8333,69.6261],[-51.975,69.6566]]],[[[-55.2161,72.2453],[-55.0297,72.2944],[-55.0989,72.3797],[-55.3169,72.3209],[-55.2161,72.2453]]],[[[-55.0344,72.6897],[-55.2167,72.6686],[-55.1081,72.6028],[-54.9525,72.6572],[-55.0344,72.6897]]],[[[-51.4689,81.9683],[-52.3643,82.1205],[-52.816,82.1301],[-52.8406,82.0731],[-51.9344,81.9803],[-51.4689,81.9683]]],[[[-21.9681,74.2108],[-21.7623,74.3055],[-21.0315,74.2666],[-20.5022,74.2274],[-20.4628,74.3055],[-20.5375,74.4028],[-21.0578,74.4528],[-21.2624,74.4525],[-21.5575,74.413],[-21.8414,74.3505],[-21.9547,74.2811],[-21.9681,74.2108]]],[[[-20.0844,74.7028],[-19.9032,74.7695],[-20.146,74.8416],[-20.424,74.8816],[-20.5742,74.8691],[-20.6844,74.8064],[-20.4508,74.7311],[-20.0844,74.7028]]],[[[-19.2292,77.8297],[-19.3358,77.8672],[-19.7569,77.8925],[-20.3066,77.9771],[-20.4908,77.9547],[-20.4794,77.9491],[-20.4658,77.9441],[-20.3575,77.9167],[-19.7758,77.8306],[-19.4622,77.8072],[-19.2811,77.8019],[-19.2292,77.8297]]]]},"properties":{"NAME":null,"ABBREVN":null,"type":null,"weblnks":null,"SUBJECTO":null,"BORDERPRECISION":1,"PARTOF":null}},
{"type":"Feature","geometry":{"type":"MultiPolygon","coordinates":[[[[120.4944,-10.2644],[120.525,-10.2441],[120.5813,-10.0978],[120.4624,-9.9265],[119.9458,-9.5907],[119.7887,-9.4576],[119.5626,-9.5089],[119.1163,-9.5226],[118.9512,-9.5857],[119.053,-9.6983],[119.1827,-9.745],[119.4739,-9.7497],[119.6275,-9.7711],[119.6883,-9.815],[119.7064,-9.8611],[119.9181,-9.9758],[119.9597,-9.9764],[120.0119,-10.0406],[120.0428,-10.1181],[120.16,-10.2294],[120.2203,-10.2483],[120.3914,-10.2658],[120.4944,-10.2644]]],[[[124.1233,-10.1794],[124.1945,-10.1749],[124.4481,-9.9878],[124.9385,-9.5545],[125.1294,-9.4353],[125.2546,-9.3796],[125.3303,-9.3103],[125.4044,-9.2683],[125.7831,-9.1472],[125.9436,-9.1269],[126.1641,-8.9875],[126.3244,-8.9756],[126.4766,-8.9497],[126.5403,-8.8517],[126.6533,-8.7764],[126.7897,-8.7561],[127.0194,-8.6803],[127.1298,-8.573],[127.0972,-8.5075],[127.0438,-8.4758],[126.6529,-8.5403],[126.4094,-8.5598],[125.9998,-8.6561],[125.2898,-8.7021],[125.0852,-8.7707],[124.9179,-9.0461],[124.6199,-9.2501],[123.9688,-9.5312],[123.6712,-9.7438],[123.658,-9.8806],[123.6134,-9.9144],[123.6361,-10.0303],[123.7575,-10.0542],[123.7342,-10.1122],[123.5842,-10.169],[123.5054,-10.3254],[123.5588,-10.3501],[123.7079,-10.3453],[123.9563,-10.2431],[124.0883,-10.2174],[124.1233,-10.1794]]],[[[122.2594,-8.7506],[122.3126,-8.7445],[122.7112,-8.5975],[122.6962,-8.4926],[122.9481,-8.3646],[122.9431,-8.2407],[122.89,-8.2872],[122.7733,-8.355],[122.6939,-8.3847],[122.6022,-8.3942],[122.4897,-8.4817],[122.4883,-8.5211],[122.4322,-8.6036],[122.2883,-8.6444],[122.2212,-8.6204],[122.1659,-8.6343],[121.9798,-8.5503],[121.7868,-8.5825],[121.5782,-8.5893],[121.4314,-8.7231],[121.2794,-8.7171],[121.0788,-8.5714],[120.565,-8.3881],[120.3275,-8.395],[120.0251,-8.4847],[119.8525,-8.574],[119.8404,-8.6821],[119.9032,-8.8503],[119.9391,-8.8503],[120.0892,-8.7967],[120.1975,-8.8],[120.3147,-8.8361],[120.4353,-8.7939],[120.5772,-8.7939],[120.6533,-8.8475],[120.7444,-8.8758],[120.8561,-8.8672],[120.9205,-8.9261],[121.0419,-8.9478],[121.1986,-8.8928],[121.3167,-8.9249],[121.3686,-8.8928],[121.39,-8.7981],[121.5586,-8.8142],[121.7531,-8.8908],[121.9058,-8.8264],[122.1786,-8.7358],[122.2594,-8.7506]]],[[[122.8919,-8.1833],[122.8632,-8.1409],[122.7987,-8.1135],[122.7455,-8.2072],[122.7858,-8.2342],[122.8919,-8.1833]]],[[[143.6975,-8.0369],[143.6511,-8.0083],[143.5741,-8.0139],[143.5886,-8.0717],[143.6614,-8.0728],[143.6975,-8.0369]]],[[[138.3097,-8.4261],[138.4391,-8.386],[138.5838,-8.2285],[138.699,-8.152],[138.8448,-7.8656],[138.8948,-7.7829],[138.8054,-7.675],[138.568,-7.523],[138.3763,-7.5552],[138.1927,-7.6764],[137.9411,-7.9947],[137.7045,-8.4091],[137.8683,-8.3711],[138.1822,-8.3908],[138.3097,-8.4261]]],[[[127.1078,-3.6628],[127.1425,-3.62],[127.0938,-3.5184],[126.9524,-3.4297],[126.8373,-3.2902],[126.7266,-3.2332],[126.3823,-3.253],[126.1111,-3.2981],[126.0457,-3.4253],[126.2422,-3.6156],[126.3819,-3.71],[126.508,-3.7689],[126.6822,-3.835],[126.8667,-3.7811],[127.1078,-3.6628]]],[[[130.6622,-3.4022],[130.5935,-3.3074],[130.3687,-3.13],[129.7428,-2.9788],[129.5561,-2.9856],[129.3114,-3.1323],[129.1678,-3.1389],[128.9094,-2.9997],[128.4122,-2.9817],[128.2888,-2.9565],[128.1527,-2.9695],[128.0418,-3.0588],[128.086,-3.14],[128.1364,-3.0781],[128.1905,-3.0806],[128.2177,-3.2114],[128.3028,-3.2689],[128.4016,-3.4167],[128.4783,-3.4631],[128.5343,-3.4536],[128.6529,-3.3434],[128.7316,-3.3165],[128.8783,-3.2078],[128.9772,-3.2517],[128.9862,-3.3518],[129.1114,-3.3517],[129.2011,-3.3989],[129.5289,-3.47],[129.5528,-3.4036],[129.5008,-3.3392],[129.5205,-3.2975],[129.6522,-3.3167],[129.8797,-3.3331],[129.9591,-3.3756],[129.9559,-3.417],[130.0997,-3.5265],[130.3141,-3.6006],[130.443,-3.6553],[130.5497,-3.7194],[130.6305,-3.7961],[130.7881,-3.8571],[130.8058,-3.7646],[130.7252,-3.4851],[130.6622,-3.4022]]],[[[124.3228,0.3942],[124.6405,0.7641],[124.8574,1.0459],[124.9308,1.1605],[124.9832,1.3004],[124.9825,1.6499],[124.8887,1.6313],[124.8211,1.5775],[124.8472,1.4858],[124.8258,1.4589],[124.7086,1.3967],[124.6669,1.4],[124.5451,1.3312],[124.5353,1.2878],[124.6147,1.2603],[124.5736,1.1836],[124.4969,1.1911],[124.5271,1.0833],[124.4322,0.956],[123.8262,0.7387],[122.9925,0.775],[122.3959,0.7928],[122.1809,0.8686],[121.5912,0.8609],[120.9907,1.1646],[120.8158,1.1443],[120.7547,1.0178],[120.68,0.9911],[120.5609,0.7745],[120.2389,0.7881],[120.109,0.7243],[120.0228,0.6375],[120.04,0.5353],[119.9914,0.495],[119.9091,0.4675],[119.8203,0.3086],[119.7791,0.2068],[119.8722,0.1017],[119.8825,0.0597],[119.8331,-0.0897],[119.7822,-0.0897],[119.7147,0],[119.6836,-0.1089],[119.7886,-0.1128],[119.8103,-0.1772],[119.7714,-0.2686],[119.7555,-0.4939],[119.8028,-0.6453],[119.85,-0.7078],[119.8672,-0.8139],[119.8358,-0.8747],[119.7803,-0.7453],[119.7186,-0.6536],[119.6767,-0.7433],[119.5115,-0.8892],[119.4453,-1.11],[119.3519,-1.1783],[119.3089,-1.2653],[119.2917,-1.3956],[119.315,-1.6175],[119.2978,-1.6894],[119.3253,-1.7928],[119.3697,-1.8372],[119.3389,-1.9708],[119.2464,-1.9786],[119.1746,-2.1755],[119.1332,-2.2443],[119.123,-2.3331],[119.1417,-2.4597],[118.9072,-2.6556],[118.8498,-2.6469],[118.7683,-2.7338],[118.7667,-2.8625],[118.8642,-2.8528],[118.8886,-2.8967],[118.8511,-3.0586],[118.8344,-3.0764],[118.8422,-3.3761],[118.9222,-3.5697],[119.0161,-3.5169],[119.1347,-3.4878],[119.2314,-3.4856],[119.2903,-3.4283],[119.3514,-3.4358],[119.4864,-3.4869],[119.5158,-3.5733],[119.4486,-3.71],[119.598,-3.9753],[119.6116,-4.045],[119.6233,-4.3281],[119.5906,-4.5753],[119.4917,-4.7372],[119.5247,-4.8736],[119.4697,-5.0444],[119.4392,-5.0848],[119.3602,-5.2864],[119.3547,-5.4019],[119.3772,-5.4408],[119.5453,-5.5942],[119.6266,-5.6208],[119.6753,-5.7019],[119.7747,-5.7081],[119.8344,-5.6719],[119.8508,-5.6269],[119.9358,-5.5617],[120.1086,-5.5942],[120.2261,-5.5409],[120.1327,-5.2304],[120.3022,-4.944],[120.1434,-4.3978],[120.2496,-3.8827],[120.2162,-3.2346],[120.22,-3.0151],[120.2003,-2.965],[120.373,-2.8561],[120.5711,-2.7117],[120.6869,-2.6439],[120.7719,-2.6125],[121.0294,-2.6756],[121.0761,-2.7589],[121.0831,-2.9056],[121.0714,-3.2017],[120.9761,-3.2708],[120.8953,-3.3822],[120.865,-3.485],[120.8814,-3.5369],[120.9417,-3.5931],[121.2139,-3.8036],[121.2536,-3.8186],[121.3619,-3.9781],[121.5736,-4.0333],[121.6147,-4.0647],[121.6133,-4.1836],[121.5661,-4.2594],[121.483,-4.565],[121.4811,-4.6628],[121.5572,-4.7494],[121.7025,-4.8356],[121.9067,-4.8549],[121.9735,-4.648],[122.0806,-4.5636],[122.1047,-4.5261],[122.365,-4.4489],[122.5308,-4.4292],[122.5911,-4.3936],[122.6689,-4.3859],[122.6409,-4.2843],[122.1903,-3.8468],[122.1443,-3.6626],[122.2582,-3.2111],[121.8743,-2.6527],[121.3602,-2.1581],[121.2535,-1.9613],[121.2994,-1.7978],[121.34,-1.775],[121.51,-1.8872],[121.5447,-1.9353],[121.6667,-1.9244],[121.7372,-1.8663],[121.8053,-1.7133],[121.9525,-1.6689],[122.0108,-1.6306],[122.1622,-1.6106],[122.3753,-1.4914],[122.4417,-1.4072],[122.6564,-1.1766],[122.7653,-1.0367],[122.8064,-0.9269],[122.8406,-0.9064],[123.1531,-0.8967],[123.1722,-0.9489],[123.25,-0.9021],[123.1911,-0.8069],[122.9503,-0.7256],[122.92,-0.7639],[122.833,-0.7735],[122.4598,-0.9419],[122.1589,-1.0125],[121.7721,-1.0959],[121.6341,-1.0136],[121.1676,-1.4277],[121.0554,-1.5487],[120.5873,-1.5179],[120.5066,-1.4482],[120.2908,-1.0864],[120.1093,-0.9851],[119.9038,-0.6805],[119.8727,-0.4646],[120.0262,-0.017],[120.1242,0.175],[120.2422,0.345],[120.3764,0.4758],[120.5211,0.53],[120.6458,0.5367],[120.8486,0.4553],[121.0767,0.41],[121.2414,0.48],[121.3372,0.4581],[121.4928,0.4764],[121.5408,0.5381],[121.6964,0.5225],[121.7894,0.4231],[121.8936,0.4258],[121.9908,0.445],[122.0547,0.4825],[122.4714,0.4978],[122.7672,0.4825],[122.9583,0.4792],[123.075,0.5081],[123.2483,0.3194],[123.3347,0.2961],[123.6458,0.2811],[123.7753,0.2961],[123.9458,0.3367],[124.2336,0.3736],[124.3228,0.3942]]],[[[123.1811,-1.1461],[123.0819,-1.1579],[123.2127,-1.2326],[123.1811,-1.1461]]],[[[127.6264,0.965],[127.6539,1.02],[127.7715,1.0992],[127.8517,1.2684],[127.9626,1.4466],[127.9866,1.5738],[127.9181,1.7325],[127.7998,1.8974],[127.5686,1.5284],[127.4397,1.1278],[127.4301,1.0414],[127.4908,1.0494],[127.5108,0.9692],[127.4989,0.8903],[127.6197,0.8478],[127.5847,0.7539],[127.5441,0.7114],[127.5222,0.5983],[127.5683,0.4156],[127.6608,0.3367],[127.688,0.1961],[127.7011,0.0625],[127.6661,-0.2258],[127.7169,-0.2986],[127.8642,-0.3842],[127.9477,-0.5267],[128.0183,-0.6892],[128.1383,-0.7542],[128.248,-0.8289],[128.2815,-0.8022],[128.0992,-0.6056],[127.9456,-0.3263],[127.8647,0.0992],[127.8984,0.2836],[127.8766,0.3106],[127.9033,0.4278],[127.9575,0.4764],[128.1602,0.4525],[128.1855,0.4161],[128.2678,0.3875],[128.4475,0.3983],[128.5414,0.3208],[128.6668,0.2956],[128.6342,0.3678],[128.6416,0.4314],[128.4623,0.5263],[128.2612,0.5831],[128.1896,0.6274],[128.2408,0.7256],[128.2139,0.8075],[128.2939,0.8889],[128.4522,0.9375],[128.6282,1.0419],[128.5851,1.27],[128.6086,1.3845],[128.545,1.4479],[128.1823,1.2628],[128.1958,1.1986],[128.1561,1.1219],[128.0832,1.1253],[128.0417,0.9638],[127.8457,0.7792],[127.802,0.7155],[127.7162,0.7789],[127.7034,0.8476],[127.6553,0.8828],[127.6264,0.965]]],[[[147.568,-6.7519],[147.0529,-6.0428],[145.7454,-5.6262],[145.7282,-4.997],[145.0684,-4.4963],[144.5427,-3.9954],[143.827,-3.8381],[142.4133,-3.3073],[140.8698,-2.7948],[138.6343,-1.9554],[137.2088,-1.9077],[137.2325,-2.0764],[137.1071,-2.1164],[137.0842,-2.2511],[136.3236,-2.4159],[136.2655,-2.5597],[136.1827,-2.635],[136.1108,-2.6668],[135.9039,-2.9939],[135.5076,-3.4493],[135.0867,-3.5138],[134.7731,-3.3047],[134.557,-2.7078],[134.525,-2.8378],[134.4554,-3.0004],[134.2831,-2.8546],[134.0828,-2.1814],[134.141,-1.5013],[133.4963,-0.9371],[132.5924,-0.5704],[132.0542,-0.6542],[131.2659,-1.0212],[131.2104,-1.1647],[131.1349,-1.4605],[131.2077,-1.5272],[131.3152,-1.4778],[131.333,-1.44],[131.2741,-1.3811],[131.5908,-1.4908],[131.7141,-1.5772],[131.8824,-1.6422],[131.9697,-1.7642],[131.9319,-1.8786],[131.9716,-1.9675],[132.1033,-2.1306],[132.1561,-2.1517],[132.2966,-2.2675],[132.3766,-2.2642],[132.4561,-2.2203],[132.57,-2.19],[132.6158,-2.225],[132.6392,-2.2839],[132.8147,-2.2483],[132.918,-2.2872],[133.2978,-2.2011],[133.4361,-2.2381],[133.5394,-2.2461],[133.6478,-2.2358],[133.9308,-2.1031],[133.9472,-2.1689],[133.9102,-2.2003],[133.7887,-2.2534],[133.9241,-2.2717],[133.7808,-2.7222],[133.1208,-2.5965],[132.6474,-2.9471],[132.2019,-2.8019],[132.078,-2.9664],[132.2733,-2.9389],[132.4658,-3.045],[132.5925,-3.1853],[132.598,-3.2414],[132.6658,-3.3269],[132.7297,-3.3372],[132.7336,-3.2811],[132.8003,-3.2797],[132.8222,-3.3194],[132.8008,-3.3736],[132.8228,-3.4528],[132.8867,-3.4753],[132.9278,-3.5575],[132.8956,-3.6965],[132.8147,-3.8817],[132.8097,-3.9328],[132.9016,-4.0914],[132.9839,-4.1175],[133.0455,-4.0628],[133.2263,-4.0792],[133.3161,-4.0114],[133.4491,-3.8447],[133.4072,-3.8044],[133.3991,-3.7325],[133.5262,-3.6165],[133.557,-3.4494],[133.6408,-3.2845],[133.6669,-3.1244],[133.8289,-2.9617],[133.863,-3.0819],[133.7048,-3.2153],[133.7627,-3.5103],[133.8019,-3.6033],[133.8341,-3.5875],[134.0261,-3.805],[134.1283,-3.7511],[134.1938,-3.8358],[134.1658,-3.8625],[134.1858,-3.9383],[134.303,-4.0108],[134.3488,-3.9486],[134.4139,-3.9069],[134.4675,-3.9478],[134.5955,-4.0114],[134.6147,-3.9622],[134.6703,-3.9158],[134.7052,-3.9364],[134.6786,-4.0231],[134.79,-4.2478],[134.9627,-4.3244],[135.1766,-4.4469],[135.2322,-4.4667],[135.3761,-4.4406],[135.6155,-4.4757],[135.6503,-4.4892],[135.9283,-4.4986],[136.0375,-4.595],[136.2614,-4.6844],[136.5,-4.755],[136.8,-4.9086],[136.82,-4.9297],[137.2077,-5.0122],[137.2278,-4.9992],[137.575,-5.1883],[137.6628,-5.2239],[137.9486,-5.4272],[138.0583,-5.4067],[138.0733,-5.4381],[138.0528,-5.5997],[138.0774,-5.7389],[138.2241,-5.6842],[138.3521,-5.6742],[138.1938,-5.7571],[138.1985,-5.8242],[138.2802,-5.8519],[138.3255,-6.025],[138.3925,-6.1819],[138.398,-6.2731],[138.4633,-6.3992],[138.5611,-6.4925],[138.6922,-6.6464],[138.6886,-6.7272],[138.8824,-6.8258],[138.8366,-6.8523],[138.9678,-7.0709],[138.7488,-7.1089],[139.0422,-7.2136],[139.158,-7.2061],[139.1758,-7.2389],[139.0189,-7.2489],[138.9025,-7.2006],[138.7639,-7.2714],[138.8524,-7.3264],[139.0031,-7.5133],[139.0936,-7.5594],[139.0554,-7.6314],[138.958,-8.145],[138.9736,-8.2206],[139.2383,-8.1114],[139.3258,-8.2017],[139.3869,-8.2064],[139.5294,-8.1772],[139.6013,-8.1331],[139.7522,-8.1128],[139.9158,-8.1147],[140.0115,-8.071],[140.0414,-8.0314],[140.0583,-7.9214],[140.1497,-7.8869],[140.0544,-8.0842],[139.9824,-8.1419],[139.9852,-8.1936],[140.0516,-8.2689],[140.3366,-8.4886],[140.5025,-8.63],[140.6216,-8.8169],[140.7436,-8.9267],[140.8289,-9.0322],[140.9438,-9.0892],[141.1225,-9.2319],[141.2136,-9.2247],[141.3122,-9.1528],[141.3752,-9.1433],[141.4486,-9.1658],[141.5225,-9.2211],[141.6158,-9.2361],[142.0544,-9.1872],[142.4258,-9.2281],[142.5716,-9.3281],[142.6389,-9.3347],[142.8075,-9.2522],[143.0239,-9.1142],[143.0425,-9.0919],[143.3311,-9],[142.7528,-8.5118],[142.2489,-8.3095],[142.3771,-8.2864],[142.5495,-8.3101],[142.6964,-8.2675],[142.8458,-8.2867],[142.9733,-8.3442],[143.0808,-8.3083],[143.3386,-8.2539],[143.4442,-8.2466],[143.5797,-8.1122],[143.5415,-8.0533],[143.3569,-7.9081],[143.4441,-7.9133],[143.4816,-7.9889],[143.5461,-8.0064],[143.6319,-7.9867],[143.7881,-8.0431],[143.8529,-7.7794],[143.8455,-7.7361],[143.6913,-7.5122],[143.7683,-7.5067],[143.848,-7.6353],[144.1216,-7.7717],[144.2191,-7.7947],[144.2719,-7.7736],[144.2505,-7.6547],[144.3158,-7.6175],[144.3958,-7.7558],[144.4186,-7.5258],[144.5083,-7.6214],[144.5472,-7.5964],[144.5844,-7.6547],[144.7836,-7.6914],[144.8741,-7.69],[144.8386,-7.7497],[144.9955,-7.8156],[145.1557,-7.846],[145.1981,-7.8296],[145.4327,-7.9481],[145.528,-7.9378],[145.65,-7.9597],[145.8986,-8.0389],[146.0897,-8.0911],[146.2433,-8.2947],[146.268,-8.4236],[146.3791,-8.5847],[146.4319,-8.6139],[146.5175,-8.725],[146.5591,-8.8564],[146.5455,-8.9025],[146.5866,-8.9992],[146.8376,-9.0954],[146.9533,-9.0736],[146.8889,-9.1833],[146.8936,-9.2772],[147.0019,-9.3842],[147.08,-9.4342],[147.2966,-9.5341],[147.4883,-9.7667],[147.5042,-9.8714],[147.62,-9.9908],[147.7811,-10.0508],[147.8722,-10.0475],[147.9525,-10.1458],[148.0552,-10.1433],[148.1505,-10.0953],[148.3047,-10.1303],[148.3327,-10.1769],[148.7233,-10.1869],[148.8499,-10.2403],[148.9938,-10.2606],[149.0933,-10.2342],[149.3358,-10.3072],[149.5669,-10.3414],[149.7477,-10.3428],[149.9902,-10.4372],[150.0169,-10.5114],[149.8833,-10.5044],[149.9155,-10.5578],[150.013,-10.5706],[150.0594,-10.6258],[150.2097,-10.7006],[150.4241,-10.6906],[150.4816,-10.6219],[150.4592,-10.4291],[150.3466,-10.3875],[150.3583,-10.3314],[150.4176,-10.2941],[149.5674,-9.9273],[149.7211,-9.8475],[149.7697,-9.7903],[149.8729,-9.7677],[149.3565,-9.6163],[149.2368,-9.2097],[148.7251,-9.1536],[148.1327,-8.6274],[147.376,-7.7963],[146.865,-6.9648],[146.943,-6.8403],[146.9614,-6.7472],[147.0889,-6.7144],[147.1889,-6.7431],[147.568,-6.7519]]],[[[152.1611,-5.0069],[152.1797,-5.0021],[152.2682,-4.7795],[152.2332,-4.6207],[152.0899,-4.3604],[151.9442,-4.5196],[151.7623,-4.4946],[151.5869,-4.425],[151.6308,-4.5064],[151.6583,-4.6164],[151.6877,-4.865],[151.6486,-4.9489],[151.5795,-4.9598],[151.5699,-5.0289],[151.4516,-5.0863],[151.1574,-5.0997],[151.0727,-5.1745],[151.0244,-5.2881],[151.0031,-5.4211],[150.8865,-5.5197],[150.7216,-5.6218],[150.2893,-5.7117],[150.1808,-5.7056],[150.0519,-5.6232],[149.9377,-5.4946],[149.8875,-5.5317],[149.802,-5.548],[149.7644,-5.6302],[149.6485,-5.7131],[149.4128,-5.739],[149.0786,-5.7016],[148.8365,-5.6449],[148.5072,-5.6711],[148.3766,-5.6586],[148.3408,-5.717],[148.4017,-5.7834],[148.528,-5.8284],[148.5897,-5.8284],[148.7644,-5.865],[148.8761,-5.9437],[148.883,-5.9817],[149.0555,-6.0444],[149.0797,-6.1364],[149.1311,-6.1547],[149.1639,-6.1125],[149.29,-6.0628],[149.3413,-6.0608],[149.4894,-6.1261],[149.5716,-6.2617],[149.6347,-6.3081],[149.895,-6.2925],[149.9725,-6.2739],[150.0144,-6.2992],[150.1705,-6.2569],[150.2227,-6.2883],[150.4003,-6.2936],[150.4686,-6.2761],[150.6353,-6.1486],[150.6689,-6.1683],[150.7716,-6.1417],[150.8558,-6.0408],[151.0031,-6.0225],[151.0722,-5.9951],[151.2393,-5.7923],[151.2801,-5.6714],[151.4237,-5.6711],[151.4541,-5.5411],[151.4916,-5.5283],[151.6994,-5.5303],[151.7714,-5.58],[151.8419,-5.5972],[152.0478,-5.4862],[151.8622,-5.2825],[151.8349,-5.2063],[151.9066,-5.1044],[151.9648,-5.0994],[151.968,-5.0042],[151.9966,-4.9728],[152.1611,-5.0069]]]]},"properties":{"NAME":null,"ABBREVN":null,"type":null,"weblnks":null,"SUBJECTO":null,"BORDERPRECISION":1,"PARTOF":null}},
{"type":"Feature","geometry":{"type":"MultiPolygon","coordinates":[[[[19.9333,80.4775],[19.6562,80.5006],[19.467,80.4036],[19.9106,80.378],[19.8086,80.2125],[19.6008,80.2247],[19.3286,80.3255],[19.1627,80.2234],[19.5803,80.1447],[19.2411,80.0875],[19.0282,80.1567],[18.6958,80.0874],[18.6024,80.035],[18.8094,79.9947],[18.4522,79.9506],[18.3306,79.8824],[19.2181,79.7402],[19.5617,79.7678],[20.8133,79.8017],[21.4133,79.828],[21.9358,79.7491],[21.6549,79.4781],[21.375,79.395],[21.6944,79.3633],[22.0947,79.4025],[22.6758,79.3989],[22.6614,79.2919],[22.9267,79.2191],[23.5117,79.1789],[23.9306,79.1779],[24.4163,79.3122],[24.8793,79.3767],[25.3367,79.403],[25.9387,79.5441],[25.8161,79.6183],[26.4497,79.71],[26.7604,79.7892],[27.1765,79.9363],[26.9486,80.1137],[26.3608,80.1858],[25.3513,80.1489],[25.034,80.1675],[24.9329,80.2529],[23.9061,80.3007],[23.4983,80.0971],[23.1154,80.0963],[23.0011,80.1625],[23.1593,80.4594],[22.8339,80.4369],[22.7492,80.3242],[22.4334,80.2112],[22.3617,80.0375],[21.8561,80.1436],[21.8686,80.2628],[21.4833,80.2664],[21.1253,80.2167],[20.8533,80.2111],[20.5245,80.3224],[20.3314,80.421],[20.1006,80.4058],[19.9333,80.4775]]],[[[17.7378,79.5611],[17.7982,79.6209],[17.6276,79.8725],[16.8895,79.9369],[16.8192,79.8722],[16.3263,80.0251],[15.9166,79.8418],[15.935,79.7429],[16.082,79.5282],[16.3888,79.2346],[16.1769,79.1531],[16.3742,78.9841],[16.1481,78.9866],[16.0925,79.0742],[15.7675,79.2403],[15.5108,79.3239],[15.2372,79.5892],[14.8603,79.7639],[14.5747,79.7853],[14.3058,79.6872],[14.2581,79.5336],[14.0847,79.2692],[13.9081,79.2786],[13.8763,79.3897],[13.3967,79.4337],[13.2572,79.4714],[13.2721,79.5974],[12.7014,79.5978],[13.0464,79.6903],[13.2627,79.6933],[13.2522,79.8007],[12.5511,79.7641],[12.0508,79.6858],[11.9442,79.765],[11.2843,79.7071],[11.3661,79.635],[10.9194,79.5452],[11.3352,79.2071],[11.699,79.2081],[12.0974,79.3015],[12.5248,79.0586],[12.4442,78.9922],[12.4956,78.9033],[12.2511,78.8931],[11.985,78.9264],[11.7603,78.8802],[12.0746,78.6957],[12.6639,78.5333],[12.9101,78.4252],[13.6184,78.2692],[13.8718,78.2959],[14.3528,78.4279],[14.5408,78.5783],[14.5317,78.6828],[15.3178,78.8292],[15.4819,78.8114],[15.4803,78.6494],[16.2622,78.5517],[16.4761,78.6964],[16.8289,78.648],[16.4161,78.4995],[16.5906,78.4089],[16.8244,78.3861],[16.8189,78.3339],[16.2032,78.3469],[15.9209,78.2649],[15.0336,78.1144],[14.3311,78.0261],[13.9051,77.9999],[14.1253,77.7723],[14.8934,77.7852],[15.1595,77.8053],[15.3489,77.8625],[15.6977,77.846],[16.418,77.9006],[16.6953,77.863],[16.6894,77.7971],[16.2868,77.6152],[15.9139,77.565],[16.054,77.5122],[15.1515,77.5446],[14.8434,77.5365],[14.4846,77.3709],[15.0989,77.1153],[15.5975,77.0017],[15.8278,77.0103],[16.0519,76.9764],[15.7755,76.9328],[16.6629,76.7269],[16.913,76.7189],[16.9192,76.7997],[17.2768,76.9424],[17.2819,76.9908],[17.5608,77.3464],[17.7383,77.4711],[18.3081,77.534],[18.4492,77.7628],[18.3628,77.8778],[18.4108,78.0217],[18.5525,78.0553],[18.8444,78.0299],[19.0572,78.3892],[18.9672,78.4436],[19.4291,78.5866],[20.3212,78.685],[20.9081,78.8094],[20.6465,78.9246],[20.3022,78.9833],[19.9067,79.0139],[19.7997,79.1214],[19.2919,79.1822],[18.9206,79.1642],[18.8465,79.3817],[18.3505,79.5146],[18.016,79.3623],[17.769,79.4153],[17.7378,79.5611]]]]},"properties":{"NAME":null,"ABBREVN":null,"type":null,"weblnks":null,"SUBJECTO":null,"BORDERPRECISION":1,"PARTOF":null}},
{"type":"Feature","geometry":{"type":"MultiPolygon","coordinates":[[[[-61.0803,45.9517],[-60.9626,46.1893],[-60.7016,46.3327],[-60.5839,46.3849],[-60.4788,46.5346],[-60.4285,46.7428],[-60.3225,46.8656],[-60.4522,46.8644],[-60.4981,46.8967],[-60.4275,46.9658],[-60.4608,46.9992],[-60.5919,47.0333],[-60.6403,47],[-60.7044,46.8914],[-60.8922,46.7739],[-60.9969,46.6347],[-61.0972,46.4461],[-61.2833,46.2389],[-61.3946,46.1891],[-61.4088,46.0456],[-61.2485,45.7928],[-61.1278,45.7553],[-61.0194,45.81],[-60.9406,45.8217],[-60.8984,45.9066],[-60.9967,45.9526],[-61.0803,45.9517]]],[[[-61.0419,45.7042],[-61.025,45.67],[-60.8141,45.6444],[-60.5074,45.6645],[-60.1694,45.7898],[-60.1303,45.8678],[-59.8866,45.9252],[-59.822,46.095],[-59.9284,46.1941],[-60.0917,46.2447],[-60.2056,46.2403],[-60.31,46.2069],[-60.5967,46.0417],[-60.7456,45.9057],[-60.6553,45.8983],[-60.555,45.9469],[-60.5169,45.9208],[-60.7197,45.7883],[-60.8008,45.7117],[-60.9222,45.7536],[-61.0419,45.7042]]],[[[-53.7564,48.5033],[-53.9283,48.5758],[-53.9768,48.6856],[-54.1296,48.8357],[-53.8108,49.0457],[-53.5131,49.278],[-53.6779,49.3454],[-54.0999,49.4629],[-54.1867,49.3711],[-54.3581,49.4269],[-54.4811,49.5027],[-54.6481,49.4094],[-54.8178,49.2717],[-54.9906,49.2817],[-55.1481,49.26],[-55.1964,49.3142],[-55.5264,49.4286],[-55.5822,49.4673],[-55.6783,49.3869],[-55.725,49.4794],[-55.8278,49.5242],[-55.9997,49.4853],[-55.8803,49.585],[-55.9684,49.6571],[-55.9861,49.7469],[-55.8431,49.7883],[-55.5654,49.9661],[-55.7461,49.9231],[-55.8811,50.025],[-56.0716,50.1014],[-56.4904,49.7676],[-56.6831,49.6885],[-56.7828,49.6908],[-56.821,49.7421],[-56.7335,49.9165],[-56.7431,50.0228],[-56.587,50.1435],[-56.0885,50.7255],[-55.7703,51.0541],[-55.9594,51.1975],[-56.0123,51.2123],[-56.0964,51.3183],[-56.0306,51.3786],[-55.7028,51.328],[-55.5653,51.3252],[-55.5081,51.3633],[-55.446,51.4732],[-55.4716,51.5245],[-55.7198,51.534],[-55.6944,51.4811],[-55.8872,51.5093],[-56.1524,51.4701],[-56.7015,51.1845],[-56.9026,51.0033],[-56.9831,50.8683],[-57.0894,50.7805],[-57.1937,50.7411],[-57.3423,50.6072],[-57.4569,50.4733],[-57.5433,50.2983],[-57.6711,50.0842],[-57.8292,49.8455],[-57.9353,49.7086],[-57.9422,49.6031],[-57.9711,49.555],[-58.1213,49.4896],[-57.8142,49.2015],[-58.1056,49.0831],[-58.1081,49.0378],[-58.2929,49.0728],[-58.392,49.0368],[-58.6743,48.7014],[-58.4257,48.4482],[-58.6518,48.3759],[-58.7014,48.3197],[-58.9581,48.15],[-59.2186,48.0292],[-59.2678,47.9822],[-59.2217,47.7547],[-59.1566,47.6701],[-58.7004,47.7362],[-57.6354,47.7252],[-57.123,47.6414],[-56.3301,47.6365],[-56.1456,47.7346],[-56.0789,47.8652],[-55.8175,47.8869],[-55.7385,47.8724],[-55.7561,47.6506],[-55.7408,47.6319],[-55.5127,47.5859],[-55.3675,47.7949],[-54.9813,47.7479],[-54.7826,47.7112],[-54.8456,47.6339],[-54.8681,47.5439],[-55.0403,47.485],[-55.1303,47.4767],[-55.2858,47.3097],[-55.3294,47.2425],[-55.4878,47.1372],[-55.6744,47.0903],[-55.7686,47.1033],[-55.8915,47.0519],[-55.8042,46.9666],[-55.4079,46.9479],[-54.9362,47.3394],[-54.8564,47.3905],[-54.5762,47.4965],[-54.3858,47.6272],[-54.2058,47.8022],[-54.195,47.843],[-54.0333,47.7967],[-53.9839,47.7578],[-53.8856,47.5769],[-53.8988,47.4821],[-53.8756,47.3542],[-53.9939,47.2653],[-54.1055,47.0565],[-54.0824,46.9895],[-53.6437,47.1792],[-53.6394,47.1117],[-53.5778,47.0853],[-53.6306,46.9746],[-53.4893,46.8215],[-53.1696,46.7636],[-53.0696,46.7313],[-52.8042,47.3176],[-52.7286,47.4545],[-52.7352,47.5457],[-52.914,47.5445],[-53.0658,47.47],[-53.1219,47.4133],[-53.1756,47.4314],[-53.2617,47.5464],[-53.2672,47.6061],[-53.1783,47.6514],[-53.1184,47.8775],[-53.3411,47.9445],[-53.435,47.8378],[-53.4958,47.7403],[-53.5506,47.5292],[-53.7603,47.61],[-53.8375,47.6994],[-53.7093,47.8649],[-53.7595,48.0273],[-53.7944,48.0736],[-53.9178,48.088],[-53.9406,48.2308],[-53.8511,48.2153],[-53.4113,48.2947],[-53.345,48.3603],[-53.2293,48.4061],[-53.1239,48.5958],[-53.2164,48.5669],[-53.357,48.6172],[-53.459,48.5881],[-53.4886,48.5072],[-53.5581,48.4747],[-53.6045,48.5321],[-53.7564,48.5033]],[[-56.6036,48.3],[-56.5237,48.3632],[-56.4828,48.2997],[-56.5856,48.2321],[-56.6036,48.3]],[[-57.2621,49.1472],[-57.2209,49.1893],[-57.0349,49.2649],[-56.9284,49.2636],[-57.13,49.1656],[-57.2401,49.0564],[-57.5132,48.8582],[-57.5778,48.7862],[-57.7596,48.6723],[-57.8589,48.6432],[-58.0133,48.6631],[-57.7804,48.7741],[-57.665,48.8589],[-57.5625,48.8942],[-57.3713,49.0109],[-57.27,49.0986],[-57.2621,49.1472]]]]},"properties":{"NAME":null,"ABBREVN":null,"type":null,"weblnks":null,"SUBJECTO":null,"BORDERPRECISION":1,"PARTOF":null}},
{"type":"Feature","geometry":{"type":"MultiPolygon","coordinates":[[[[-70.6747,-54.9053],[-70.4108,-54.8808],[-70.515,-54.8297],[-70.69,-54.8509],[-70.6747,-54.9053]]],[[[-70.4465,-54.4753],[-70.6207,-54.5015],[-70.5752,-54.638],[-70.5203,-54.6917],[-70.6361,-54.738],[-70.6281,-54.8069],[-70.3632,-54.8013],[-70.2288,-54.8582],[-69.861,-54.7745],[-69.6505,-54.7832],[-69.424,-54.8808],[-69.1897,-54.9316],[-68.3328,-54.845],[-68.2456,-54.8169],[-68.0289,-54.8572],[-67.4916,-54.8704],[-67.0217,-54.9075],[-66.8217,-54.9397],[-66.6494,-55.0258],[-66.4461,-55.0517],[-66.352,-54.9825],[-66.1864,-54.9886],[-66.0133,-54.9561],[-65.9361,-54.8986],[-65.7728,-54.8953],[-65.6072,-54.9328],[-65.4858,-54.9025],[-65.3477,-54.9132],[-65.2622,-54.8193],[-65.2592,-54.7188],[-65.3231,-54.7256],[-65.9004,-54.7133],[-66.118,-54.6401],[-66.307,-54.6404],[-66.4175,-54.6072],[-66.7463,-54.4405],[-66.9828,-54.3407],[-67.4297,-54.0007],[-67.9703,-53.6086],[-68.0431,-53.5228],[-68.0724,-53.4393],[-68.1297,-53.3752],[-68.2844,-53.3156],[-68.5575,-53.3494],[-68.7053,-53.2346],[-68.5436,-53.1264],[-68.3054,-52.9431],[-68.3322,-52.8931],[-68.4584,-52.8056],[-68.7013,-52.7201],[-69.2205,-52.6923],[-69.4067,-52.5665],[-69.7973,-52.8529],[-70.2805,-53.0865],[-70.3464,-53.1598],[-70.4542,-53.3542],[-70.2599,-53.4613],[-70.0529,-53.4289],[-69.8922,-53.352],[-69.6033,-53.3256],[-69.3847,-53.3336],[-69.3356,-53.4614],[-69.4206,-53.5443],[-70.1455,-53.8057],[-70.0425,-53.9857],[-69.8902,-54.139],[-69.8056,-54.1255],[-69.7257,-54.1655],[-69.4735,-54.2184],[-69.2731,-54.3278],[-69.0081,-54.4208],[-68.9961,-54.4697],[-69.1433,-54.45],[-69.1711,-54.4738],[-69.0555,-54.602],[-69.3328,-54.6044],[-69.3912,-54.5912],[-69.5678,-54.4593],[-70.213,-54.4338],[-70.3613,-54.4584],[-70.1375,-54.5406],[-70.2408,-54.5711],[-70.4465,-54.4753]]],[[[-73.4906,-42.102],[-73.6372,-41.9668],[-74.0048,-42.0188],[-74.1686,-42.3465],[-74.1732,-42.5211],[-74.1481,-42.5861],[-74.1341,-42.7639],[-74.2016,-43.0596],[-74.296,-43.2655],[-74.266,-43.3171],[-74.1528,-43.3403],[-73.9314,-43.3586],[-73.8592,-43.4],[-73.7147,-43.3703],[-73.7028,-43.2553],[-73.7664,-43.2119],[-73.7839,-43.1372],[-73.6487,-43.1293],[-73.6186,-42.9654],[-73.6242,-42.8863],[-73.8305,-42.5641],[-73.7975,-42.475],[-73.6884,-42.4119],[-73.6622,-42.3556],[-73.5463,-42.3203],[-73.4552,-42.2616],[-73.4906,-42.102]]],[[[-72.8989,-52.6256],[-72.8491,-52.5827],[-72.869,-52.2813],[-72.9613,-52.235],[-73.19,-52.3283],[-73.5605,-52.2826],[-73.5861,-52.3778],[-73.6571,-52.4398],[-73.5867,-52.5503],[-73.6256,-52.6078],[-73.2433,-52.5739],[-73.162,-52.5569],[-73.2564,-52.7186],[-73.2806,-52.9526],[-73.0804,-53.032],[-73.0058,-52.8542],[-72.8449,-52.6461],[-72.8989,-52.6256]]]]},"properties":{"NAME":null,"ABBREVN":null,"type":null,"weblnks":null,"SUBJECTO":null,"BORDERPRECISION":1,"PARTOF":null}},
{"type":"Feature","geometry":{"type":"Polygon","coordinates":[[[8.5222,3.4625],[8.4781,3.4613],[8.4672,3.3611],[8.4242,3.3438],[8.4544,3.2619],[8.6509,3.2049],[8.7835,3.4483],[8.8708,3.5247],[8.8272,3.6119],[8.6308,3.6556],[8.6194,3.5508],[8.5867,3.4761],[8.5222,3.4625]]]},"properties":{"NAME":null,"ABBREVN":null,"type":null,"weblnks":null,"SUBJECTO":null,"BORDERPRECISION":1,"PARTOF":null}},
{"type":"Feature","geometry":{"type":"MultiPolygon","coordinates":[[[[131.5889,33.3453],[131.6338,33.3719],[131.5688,33.4861],[131.286,33.3903],[131.0925,33.428],[130.9711,33.5039],[130.8595,33.6751],[130.6444,33.7],[130.4384,33.6756],[130.3936,33.5978],[130.3177,33.547],[130.1762,33.3372],[129.8583,33.2604],[129.5722,33.2928],[129.595,33.2078],[129.8827,33.0425],[129.9441,32.9925],[129.97,32.8631],[129.8547,32.8222],[129.7939,32.885],[129.8325,32.9105],[129.8147,32.9878],[129.7672,33.0411],[129.6755,33.07],[129.6355,32.9453],[129.6855,32.838],[129.7753,32.8025],[129.8566,32.7211],[129.7904,32.6124],[129.8335,32.593],[129.917,32.6713],[129.9444,32.7261],[130.0346,32.81],[130.1075,32.9308],[130.1952,32.9198],[130.2211,32.9547],[130.1378,33.1058],[130.2111,33.1708],[130.3611,33.1383],[130.4158,33.0875],[130.4228,32.99],[130.4516,32.9144],[130.5889,32.8117],[130.6024,32.7155],[130.4491,32.6274],[130.5875,32.6319],[130.6091,32.5889],[130.5697,32.4425],[130.4806,32.3465],[130.2919,32.0967],[130.2563,32.1255],[130.1706,32.0531],[130.1625,32.0069],[130.1994,31.8994],[130.1775,31.7658],[130.2619,31.7119],[130.3339,31.6333],[130.333,31.5478],[130.3066,31.4556],[130.2339,31.3958],[130.2033,31.3392],[130.228,31.2489],[130.4076,31.2395],[130.4744,31.4396],[130.5195,31.477],[130.5611,31.5939],[130.645,31.7142],[130.7741,31.7069],[130.8102,31.6736],[130.7936,31.5981],[130.6478,31.6164],[130.6775,31.5425],[130.7691,31.4064],[130.7983,31.3183],[130.7961,31.2489],[130.7394,31.1189],[130.6805,31.0781],[130.6667,31.0025],[130.8981,31.1059],[130.9597,31.193],[131.0977,31.3283],[131.0003,31.3564],[131.0394,31.4225],[131.1294,31.4669],[131.2077,31.46],[131.2416,31.4197],[131.3193,31.5112],[131.3687,31.8034],[131.4069,32.0828],[131.4536,32.2479],[131.563,32.4322],[131.831,32.6931],[131.7953,32.8073],[131.5956,33.0037],[131.4136,33.1112],[131.5872,33.2449],[131.5193,33.2613],[131.523,33.3553],[131.5889,33.3453]]],[[[134.3961,33.6342],[134.535,33.7169],[134.5648,33.8413],[134.6098,33.8986],[134.5404,34.0127],[134.1527,34.1135],[134.0102,34.1893],[133.8056,34.1762],[133.5974,34.0301],[133.4629,33.8835],[133.2455,33.8006],[132.9687,33.7936],[132.7843,33.9075],[132.6994,33.7969],[132.69,33.7405],[132.6355,33.67],[132.5794,33.6405],[132.4499,33.5196],[132.393,33.4478],[132.3736,33.3175],[132.4611,33.2942],[132.5347,33.2447],[132.4877,33.1703],[132.4641,33.025],[132.4805,32.8972],[132.645,32.9083],[132.7116,32.88],[132.6614,32.8339],[132.6417,32.75],[132.803,32.7356],[132.8658,32.7725],[132.9697,32.7653],[132.9969,32.8492],[133.0139,32.9933],[133.0588,33.0242],[133.1542,33.2164],[133.241,33.2991],[133.2869,33.3675],[133.3944,33.3886],[133.6097,33.5053],[133.7514,33.5158],[133.93,33.4708],[134.0314,33.3933],[134.0433,33.3539],[134.1246,33.276],[134.2135,33.3661],[134.2928,33.515],[134.3961,33.6342]]],[[[132.4005,34.2594],[132.4855,34.1325],[132.4987,34.2586],[132.4005,34.2594]]],[[[137.8875,37.0248],[137.5718,36.8921],[137.464,36.8537],[137.2759,36.6942],[137.0453,36.6683],[136.983,36.8336],[137.0138,37.0374],[136.8726,37.0657],[136.8758,37.1314],[136.9214,37.1972],[137.0261,37.1783],[137.1455,37.2864],[137.3142,37.4042],[137.3096,37.4327],[136.8108,37.3107],[136.7219,37.2659],[136.68,37.1472],[136.73,37.0925],[136.7661,36.9811],[136.7689,36.8828],[136.7125,36.7514],[136.5015,36.4635],[136.1873,36.202],[135.9779,35.9725],[136.0044,35.8736],[136.0919,35.7822],[136.0822,35.6636],[136.0119,35.7397],[135.9644,35.7061],[135.9688,35.6464],[135.928,35.6035],[135.7271,35.4505],[135.4325,35.3608],[135.3577,35.3225],[135.188,35.443],[135.157,35.6465],[134.7558,35.5312],[133.8041,35.4275],[133.2286,35.3118],[133.0062,35.2541],[132.9808,35.4449],[132.7887,35.3872],[132.6784,35.3814],[132.6389,35.2864],[132.4517,35.1933],[132.3,35.0361],[132.2617,35.0248],[131.6723,34.502],[131.3341,34.2918],[131.1098,34.2405],[130.9061,34.2339],[130.9278,34.1814],[130.895,34.1336],[130.8844,33.9344],[130.9191,33.9183],[131.0275,34.0389],[131.1086,34.0114],[131.1747,33.9303],[131.2867,33.9293],[131.3961,33.9764],[131.6047,34.0297],[131.7458,34.0536],[131.9959,33.9207],[131.9973,34.09],[132.1835,34.2872],[132.4125,34.3642],[132.5039,34.3225],[132.5469,34.1942],[132.6514,34.1975],[132.7681,34.234],[132.8119,34.3047],[133.0464,34.3242],[133.2173,34.3525],[133.2389,34.4139],[133.4559,34.4102],[133.668,34.5128],[133.8991,34.4483],[133.943,34.4544],[134.0447,34.5817],[134.1372,34.5903],[134.2494,34.6892],[134.3458,34.7005],[134.4997,34.7547],[134.6511,34.7775],[134.7625,34.7567],[134.9727,34.6328],[135.0636,34.6169],[135.1533,34.6358],[135.2261,34.6853],[135.3336,34.7183],[135.4179,34.6933],[135.4552,34.6264],[135.4511,34.5453],[135.2958,34.3908],[135.1056,34.2643],[135.1972,34.1436],[135.1291,34.0567],[135.0855,33.9683],[135.0661,33.8733],[135.3997,33.7005],[135.3366,33.6542],[135.4577,33.54],[135.5938,33.4955],[135.8548,33.503],[135.991,33.7237],[136.0836,33.85],[136.2681,34.0418],[136.2908,34.138],[136.3438,34.1897],[136.4805,34.2214],[136.6689,34.2983],[136.765,34.2944],[136.8272,34.2422],[136.894,34.2623],[136.7113,34.4043],[136.5237,34.4928],[136.5466,34.5972],[136.5211,34.6767],[136.5372,34.7464],[136.6397,34.8542],[136.6667,34.9869],[136.8469,35.0783],[136.9014,35.0311],[136.8383,34.9564],[136.8247,34.8867],[136.9172,34.7875],[136.9805,34.8314],[137.0297,34.7578],[137.1539,34.7681],[137.2769,34.8019],[137.3278,34.7622],[137.3394,34.7069],[137.1836,34.6539],[137.1761,34.5883],[137.328,34.6372],[137.5913,34.6689],[137.7994,34.6339],[137.9614,34.6536],[138.1658,34.5975],[138.3325,34.858],[138.5647,35.0878],[138.7105,35.1244],[138.8461,35.0806],[138.8939,35.0089],[138.7847,35.0005],[138.7667,34.9472],[138.7658,34.7619],[138.7501,34.717],[138.8075,34.6042],[138.8533,34.5939],[138.9816,34.6664],[139.0256,34.719],[139.0529,35.0249],[139.1594,35.2219],[139.2839,35.2894],[139.4494,35.3042],[139.5384,35.2903],[137.8875,37.0248]],[[135.8893,34.9998],[135.8916,35.0929],[136.0322,35.304],[136.0828,35.443],[136.1822,35.4533],[136.2681,35.3472],[136.2143,35.264],[135.9806,35.0979],[135.8893,34.9998]]],[[[136.9541,37.0894],[137.0447,37.108],[137.053,37.1522],[136.9411,37.1383],[136.9541,37.0894]]]]},"properties":{"NAME":"Jōmon","ABBREVN":"Jōmon","type":"culture","weblnks":null,"SUBJECTO":"Jōmon","BORDERPRECISION":1,"PARTOF":"Jōmon"}},
{"type":"Feature","geometry":{"type":"Polygon","coordinates":[[[-73.3097,-16.3525],[-73.1174,-16.4573],[-72.2204,-15.4258],[-72.0025,-14.309],[-72.1659,-12.9471],[-73.3644,-10.9314],[-74.6174,-9.9781],[-76.3879,-9.7057],[-78.2618,-9.7424],[-77.9917,-10.2345],[-77.7587,-10.6589],[-77.6916,-10.8367],[-77.6795,-10.9342],[-77.6131,-11.1689],[-77.6664,-11.2592],[-77.6198,-11.3186],[-77.4639,-11.389],[-77.3031,-11.5128],[-77.2031,-11.6583],[-77.1742,-11.7444],[-77.1767,-11.827],[-76.9985,-12.1836],[-76.8544,-12.3228],[-76.8008,-12.3878],[-76.7506,-12.5353],[-76.64,-12.7453],[-76.52,-12.9036],[-76.4922,-13.0461],[-76.4019,-13.1364],[-76.2417,-13.3383],[-76.1806,-13.4639],[-76.2019,-13.6381],[-76.2381,-13.7621],[-76.2418,-14.1056],[-76.1937,-14.1829],[-76.1406,-14.2303],[-76.1143,-14.3109],[-76.0593,-14.3994],[-75.7853,-14.7272],[-75.6878,-14.8142],[-75.5522,-14.8867],[-75.5008,-14.9347],[-75.4195,-15.0534],[-75.2309,-15.2216],[-74.6241,-15.6631],[-74.4836,-15.7208],[-74.4467,-15.7811],[-74.3343,-15.8558],[-74.1692,-15.9011],[-74.0575,-15.9531],[-73.9995,-16.0281],[-73.9089,-16.1016],[-73.5388,-16.2553],[-73.3297,-16.33],[-73.3097,-16.3525]]]},"properties":{"NAME":"Norte Chico","ABBREVN":"Norte Chico","type":"state society","weblnks":null,"SUBJECTO":"Norte Chico","BORDERPRECISION":1,"PARTOF":"Norte Chico"}},
{"type":"Feature","geometry":{"type":"MultiPolygon","coordinates":[[[[34.6842,-12.1187],[34.746,-12.0884],[34.756,-12.0308],[34.6799,-12.0089],[34.6621,-12.1008],[34.6842,-12.1187]]],[[[34.6218,-12.0666],[34.6416,-12.0137],[34.5914,-11.9711],[34.5416,-12.0187],[34.6218,-12.0666]]],[[[39.4455,-8],[32.5213,-8.0904],[30.9572,-8.1205],[30.9482,-8.1615],[31.0146,-8.303],[31.1428,-8.4508],[31.1838,-8.6023],[31.1891,-8.7299],[31.0221,-8.7865],[30.8061,-8.5783],[30.6543,-8.5068],[30.5691,-8.5372],[30.4477,-8.4491],[30.4781,-8.355],[30.5734,-8.2623],[30.567,-8.1159],[13.4314,-8.8228],[13.1459,-9.0649],[13.1424,-9.3377],[13.2228,-9.6106],[13.2214,-9.6511],[13.418,-9.9858],[13.7299,-10.5443],[13.7742,-10.6908],[13.7628,-10.7088],[13.8536,-11.0064],[13.8371,-11.3575],[13.7892,-11.7354],[13.7925,-11.7917],[13.7656,-11.9306],[13.6517,-12.188],[13.4544,-12.5147],[13.0507,-12.7509],[12.9511,-12.9267],[12.9383,-12.9942],[12.5854,-13.4637],[12.5058,-13.8383],[12.4694,-13.8769],[12.3489,-14.2706],[12.3417,-14.3908],[12.3009,-14.5602],[12.1772,-15.2757],[11.782,-15.8675],[11.8097,-16.0075],[11.7952,-16.1598],[11.8208,-16.5031],[11.8125,-16.7914],[11.7813,-17.336],[11.7947,-17.8439],[12.1737,-18.6123],[12.3067,-18.7172],[12.4417,-18.8992],[12.5422,-19.0678],[12.9294,-19.7416],[13.1989,-20.2383],[13.2239,-20.3078],[13.7781,-21.3929],[13.8536,-21.4914],[13.8644,-21.5406],[13.9576,-21.6903],[14.5768,-22.7313],[14.5244,-22.9411],[14.4406,-23.1242],[14.4839,-23.2453],[14.4983,-23.3306],[14.444,-23.4117],[14.4961,-23.5883],[14.6676,-24.4215],[14.9098,-25.2344],[14.8822,-25.5675],[14.8517,-25.625],[14.9346,-25.9619],[14.98,-26.0575],[15.1532,-26.3333],[15.1711,-26.5964],[15.0958,-26.6322],[15.1369,-26.8291],[15.2347,-26.9667],[15.2919,-27.1529],[15.3992,-27.455],[15.5281,-27.6458],[15.5206,-27.6842],[15.5703,-27.7672],[15.6839,-27.9058],[16.2432,-28.463],[16.3933,-28.5911],[16.4917,-28.6458],[16.6061,-28.8719],[16.6708,-28.9058],[16.8203,-29.1011],[16.9108,-29.3333],[16.9994,-29.515],[17.0533,-29.6767],[17.0754,-29.7922],[17.3543,-30.4215],[17.9039,-31.2911],[18.0414,-31.5133],[18.1814,-31.6747],[18.2211,-31.7419],[18.28,-31.9042],[18.2744,-31.9275],[18.3119,-32.1472],[18.35,-32.295],[18.3087,-32.7075],[17.874,-32.9882],[18.0239,-33.0217],[18.1278,-33.1772],[18.1078,-33.2506],[18.3075,-33.4828],[18.4411,-33.7067],[18.4456,-33.9117],[18.3457,-34.1476],[18.4047,-34.3028],[18.49,-34.3439],[18.4442,-34.1358],[18.5467,-34.0792],[18.7058,-34.0744],[18.7933,-34.0867],[18.8539,-34.1506],[18.845,-34.2519],[18.8086,-34.3086],[18.8217,-34.38],[18.9136,-34.3569],[19.1003,-34.3742],[19.1161,-34.4067],[19.3139,-34.435],[19.4236,-34.6219],[19.6353,-34.7686],[19.8578,-34.7525],[19.9847,-34.8197],[20.1194,-34.71],[20.2109,-34.6678],[20.3875,-34.5594],[20.4653,-34.4794],[20.5958,-34.4461],[20.7222,-34.4453],[20.8464,-34.4089],[20.8894,-34.3703],[20.9656,-34.3608],[21.1367,-34.3864],[21.2742,-34.4303],[21.4133,-34.4039],[21.5283,-34.3525],[21.6417,-34.3883],[21.7289,-34.3964],[21.8258,-34.3753],[21.9035,-34.3326],[21.9497,-34.225],[22.1203,-34.1281],[22.1539,-34.0925],[22.3025,-34.0545],[22.4389,-34.0642],[22.545,-34.005],[22.8044,-34.0411],[22.9594,-34.0914],[23.3683,-34.0975],[23.3967,-34.0233],[23.5853,-33.9864],[23.6944,-33.9894],[24.3856,-34.1072],[24.4722,-34.1589],[24.6081,-34.1781],[24.8161,-34.1686],[24.9161,-34.0778],[24.9286,-33.9961],[25.0606,-33.9625],[25.1642,-33.9589],[25.3556,-34.0175],[25.5705,-34.0476],[25.6286,-33.8514],[25.7575,-33.7533],[25.9561,-33.7119],[26.1056,-33.7197],[26.2844,-33.7664],[26.4686,-33.7706],[26.6142,-33.7239],[26.7317,-33.6544],[26.9853,-33.5736],[27.0961,-33.5286],[27.7972,-33.0908],[28.0744,-32.9061],[28.2281,-32.7675],[28.3503,-32.7061],[28.5469,-32.5617],[28.5683,-32.5261],[28.8264,-32.3131],[29.0917,-32.0644],[29.3206,-31.8025],[29.6864,-31.5272],[29.7808,-31.4364],[29.8281,-31.4306],[30.2948,-30.9202],[30.541,-30.6155],[30.7314,-30.3356],[30.8525,-30.1025],[30.9122,-30.0256],[31.0621,-29.8837],[31.0097,-29.8725],[31.1425,-29.6397],[31.3606,-29.3525],[31.5517,-29.1725],[31.7233,-28.9983],[31.8206,-28.9403],[31.8689,-28.9353],[32.0186,-28.8625],[32.2767,-28.6461],[32.3034,-28.1341],[32.5274,-27.9811],[32.5878,-27.8908],[32.6522,-27.5964],[32.6817,-27.4967],[32.7475,-27.3533],[32.849,-26.9789],[32.916,-26.5185],[32.4997,-26.0681],[32.7515,-25.7366],[32.8083,-25.6164],[32.8781,-25.5417],[33.1319,-25.3812],[33.3658,-25.265],[33.9947,-25.02],[34.2458,-24.9464],[34.4431,-24.8683],[34.8128,-24.7433],[35.198,-24.4798],[35.4047,-24.2447],[35.465,-24.156],[35.5017,-23.9667],[35.444,-23.9137],[35.3397,-23.9694],[35.3408,-23.8512],[35.4982,-22.7669],[35.4858,-22.6261],[35.5305,-22.4612],[35.4483,-22.2231],[35.3944,-22.2644],[35.3717,-22.4661],[35.3067,-22.4097],[35.3187,-22.2775],[35.2338,-22.2045],[34.9942,-21.2707],[35.0503,-21.0978],[35.1072,-20.9845],[35.0094,-20.8033],[34.6733,-20.5151],[34.6658,-20.3919],[34.6925,-20.3828],[34.7262,-19.8604],[34.7769,-19.8256],[34.7389,-19.7656],[34.6769,-19.7333],[34.633,-19.6525],[34.8468,-19.8029],[35.5531,-19.2979],[35.6719,-19.1203],[35.8789,-18.975],[36.1239,-18.8313],[36.8923,-18],[36.8919,-17.9689],[36.8239,-17.8886],[36.8967,-17.8861],[36.9359,-17.9673],[37.2753,-17.7132],[37.8531,-17.3858],[38.1867,-17.2794],[38.2497,-17.2294],[38.3919,-17.1764],[38.8797,-17.0437],[39.1275,-16.8704],[39.2839,-16.7683],[39.5067,-16.6533],[39.7951,-16.424],[39.7822,-16.3117],[39.8886,-16.2369],[39.9438,-16.2429],[40.1322,-16.0028],[40.2447,-15.8339],[40.3603,-15.7233],[40.4461,-15.5964],[40.5741,-15.4817],[40.5289,-15.1328],[40.5894,-15.1193],[40.7472,-14.9283],[40.7342,-14.8853],[40.8461,-14.6978],[40.7013,-14.5408],[40.5999,-14.2452],[40.5594,-14.2081],[40.6004,-14.1429],[40.6,-13.89],[40.5375,-13.6453],[40.5822,-13.5858],[40.5258,-13.5153],[40.5339,-13.3083],[40.4818,-12.8444],[40.5083,-12.5242],[40.5042,-12.4435],[40.4504,-11.8722],[40.4004,-11.2304],[40.5169,-11.0361],[40.5078,-10.9314],[40.5847,-10.8752],[40.5514,-10.7997],[40.5858,-10.6898],[40.4648,-10.4734],[40.4368,-10.4782],[40.3869,-10.3725],[40.2328,-10.2981],[40.1284,-10.1985],[39.9706,-10.1208],[39.8243,-9.9889],[39.5768,-9.5417],[39.3925,-8.9114],[39.4053,-8.8669],[39.3558,-8.7169],[39.34,-8.5483],[39.2953,-8.2679],[39.3297,-8.2969],[39.4455,-8]],[[27.6882,-17.0662],[27.7182,-16.9281],[27.8313,-16.9015],[27.7936,-16.819],[27.8989,-16.7694],[27.9748,-16.8188],[28.042,-16.8176],[28.168,-16.7073],[28.1745,-16.6552],[28.2457,-16.6299],[28.298,-16.5677],[28.393,-16.5855],[28.497,-16.5401],[28.5516,-16.5364],[28.6232,-16.4949],[28.7605,-16.5321],[28.8541,-16.5716],[28.9428,-16.5761],[28.9876,-16.6109],[28.9314,-16.6887],[28.8666,-16.6758],[28.8291,-16.7701],[28.7615,-16.8084],[28.6973,-16.7742],[28.6549,-16.7],[28.5087,-16.7586],[28.4544,-16.8646],[28.382,-16.7953],[28.3411,-16.7884],[28.1504,-16.8389],[28.1166,-16.861],[28.0841,-16.9468],[28.1024,-16.9928],[28.0471,-17.0647],[27.9586,-17.0399],[27.8407,-17.1458],[27.7049,-17.2071],[27.5762,-17.4514],[27.4547,-17.5331],[27.4533,-17.568],[27.3529,-17.6023],[27.2865,-17.6729],[27.0771,-17.9562],[27.0184,-17.9271],[27.0944,-17.8478],[27.1066,-17.7712],[27.1717,-17.6893],[27.3379,-17.5505],[27.371,-17.5041],[27.3439,-17.46],[27.4309,-17.2998],[27.609,-17.0729],[27.6882,-17.0662]],[[29.9174,-11.3007],[29.8372,-11.3801],[29.7524,-11.4161],[29.5881,-11.3936],[29.5501,-11.248],[29.496,-11.1947],[29.5648,-11.1569],[29.7412,-10.9306],[29.8467,-10.8865],[29.9273,-10.8782],[29.9995,-10.9376],[30.0191,-11.0143],[29.9366,-11.216],[29.9174,-11.3007]],[[28.3242,-9.364],[28.326,-9.2369],[28.3674,-9.1008],[28.6435,-8.7676],[28.8671,-8.5129],[28.9537,-8.5206],[29.0777,-8.6003],[29.1284,-8.6617],[29.1072,-8.7402],[29.0205,-8.9223],[28.8914,-9.0915],[28.7691,-9.2725],[28.6959,-9.3964],[28.5208,-9.4044],[28.5098,-9.4848],[28.4742,-9.5053],[28.3774,-9.5027],[28.3335,-9.4497],[28.3242,-9.364]],[[35.1979,-14.5796],[35.208,-14.5313],[35.2676,-14.5173],[35.3237,-14.619],[35.27,-14.7331],[35.1973,-14.6818],[35.1979,-14.5796]],[[34.7109,-12.3645],[34.6938,-12.4224],[34.7912,-12.643],[34.8076,-12.7666],[34.7725,-12.8701],[34.77,-12.9626],[34.8005,-13.044],[34.8104,-13.1424],[34.7998,-13.2578],[34.8116,-13.3323],[34.8458,-13.366],[34.8615,-13.4604],[34.8587,-13.6156],[34.8883,-13.717],[35.0301,-13.73],[35.0971,-13.825],[35.1804,-14.0641],[35.1779,-14.0885],[35.2602,-14.2774],[35.2837,-14.3651],[35.2362,-14.4013],[35.1297,-14.2888],[35.0479,-14.1767],[34.9584,-14.1483],[34.9419,-14.0708],[34.9057,-14.0211],[34.8565,-14.0144],[34.85,-14.1124],[34.8193,-14.2166],[34.7295,-14.268],[34.6003,-14.1588],[34.5674,-14.1057],[34.5383,-13.9846],[34.5957,-13.8457],[34.6216,-13.7509],[34.6053,-13.6689],[34.5467,-13.5998],[34.4579,-13.572],[34.4098,-13.5296],[34.3209,-13.3794],[34.3438,-13.1581],[34.33,-12.9445],[34.2755,-12.8245],[34.2627,-12.7298],[34.1956,-12.6425],[34.1969,-12.4808],[34.1497,-12.3929],[34.0739,-12.3529],[34.0325,-12.2086],[34.0592,-12.0485],[34.1005,-11.9765],[34.1637,-11.9254],[34.2219,-11.7884],[34.318,-11.6792],[34.3227,-11.653],[34.2893,-11.4252],[34.2305,-11.2277],[34.2344,-11.0733],[34.2025,-10.6137],[34.1947,-10.5665],[34.26,-10.4476],[34.2484,-10.4002],[34.1553,-10.256],[34.0572,-10.1573],[33.9846,-10.0241],[33.9412,-9.874],[33.9066,-9.8018],[33.9159,-9.7125],[33.9537,-9.6582],[33.9496,-9.5653],[33.9956,-9.4954],[34.0886,-9.5378],[34.3209,-9.7315],[34.3278,-9.7565],[34.476,-9.9488],[34.5242,-10.0302],[34.5242,-10.0731],[34.5699,-10.2411],[34.5716,-10.4276],[34.5836,-10.5251],[34.6365,-10.6256],[34.6618,-10.7101],[34.6523,-10.8729],[34.5977,-11.0375],[34.6381,-11.1271],[34.6885,-11.1774],[34.7738,-11.3417],[34.8506,-11.352],[34.937,-11.4635],[34.9592,-11.5772],[34.9569,-11.7348],[34.9343,-11.8709],[34.8568,-12.0477],[34.7261,-12.1566],[34.7106,-12.2244],[34.7109,-12.3645]]]]},"properties":{"NAME":"Khoiasan","ABBREVN":"Khoiasan","type":null,"weblnks":"https://en.wikipedia.org/wiki/Khoisan","SUBJECTO":"Khoiasan","BORDERPRECISION":1,"PARTOF":"Khoiasan"}},
{"type":"Feature","geometry":{"type":"Polygon","coordinates":[[[41.9761,37.6841],[42.0054,37.6808],[42.9419,36.4889],[43.2945,35.6686],[45.2406,35.4673],[45.6154,35.1628],[45.9263,35.3383],[46.5364,35.8478],[46.1967,36.3887],[45.5992,36.6655],[44.272,37.848],[43.2405,38.2883],[42.9134,38.3009],[42.8191,38.4204],[42.5989,38.4204],[42.2404,38.4518],[41.9761,37.6841]]]},"properties":{"NAME":"Hurrian Kingdoms","ABBREVN":"Hurrian Kingdoms","type":"kingdoms","weblnks":null,"SUBJECTO":"Hurrian Kingdoms","BORDERPRECISION":1,"PARTOF":"Hurrian Kingdoms"}},
{"type":"Feature","geometry":{"type":"MultiPolygon","coordinates":[[[[-78.9904,1.2921],[-78.9972,1.27],[-78.9706,1.2425],[-78.957,1.2353],[-78.8947,1.2683],[-78.8989,1.3589],[-78.9075,1.3667],[-78.9647,1.3225],[-78.9904,1.2921]]],[[[-79.74,-2.6181],[-79.7602,-2.7857],[-77.1745,-1.2813],[-77.1213,-0.4835],[-75.8981,0.8461],[-78.6141,2.1192],[-78.4918,1.9208],[-78.5753,1.7745],[-78.6211,1.7647],[-78.7256,1.8025],[-78.7573,1.8183],[-78.7848,1.8249],[-78.9215,1.7942],[-78.9692,1.7564],[-79.0431,1.6479],[-79.0056,1.5894],[-78.9256,1.5797],[-78.8614,1.555],[-78.8097,1.4378],[-78.8745,1.3383],[-78.8893,1.2384],[-78.9995,1.1722],[-79.0797,1.1875],[-79.1783,1.0886],[-79.2709,1.0804],[-79.376,1.0165],[-79.7769,0.8631],[-80.0653,0.821],[-80.1044,0.7636],[-80.11,0.6817],[-80.0461,0.6356],[-80.015,0.5464],[-80.0475,0.4967],[-80.0408,0.4467],[-79.9922,0.3664],[-80.0417,0.3519],[-80.0395,0.1733],[-80.0706,0.0581],[-80.2322,-0.1292],[-80.3403,-0.1869],[-80.4339,-0.2867],[-80.4822,-0.3839],[-80.4822,-0.4299],[-80.3388,-0.6632],[-80.5306,-0.7838],[-80.5795,-0.9014],[-80.6217,-0.9278],[-80.7998,-0.9237],[-80.8486,-0.9439],[-80.9111,-1.0311],[-80.8942,-1.1278],[-80.7594,-1.3194],[-80.7715,-1.4067],[-80.7539,-1.452],[-80.8138,-1.6619],[-80.7739,-1.7617],[-80.7308,-1.9194],[-80.7538,-2.0757],[-80.7412,-2.1192],[-80.7862,-2.2273],[-80.899,-2.3096],[-80.7992,-2.3778],[-80.687,-2.3942],[-80.6175,-2.4514],[-80.5689,-2.5125],[-80.4636,-2.6272],[-80.3332,-2.7079],[-80.1075,-2.5158],[-80.0345,-2.3539],[-80.0279,-2.4481],[-79.8733,-2.2484],[-79.9028,-2.2114],[-79.88,-2.085],[-79.8195,-2.0342],[-79.813,-2.1705],[-79.839,-2.346],[-79.8081,-2.4543],[-79.7489,-2.4847],[-79.7247,-2.5403],[-79.74,-2.6181]]]]},"properties":{"NAME":"Valdivia","ABBREVN":"Valdivia","type":"complex farming society / chiefdom","weblnks":null,"SUBJECTO":"Valdivia","BORDERPRECISION":1,"PARTOF":"Valdivia"}},
{"type":"Feature","geometry":{"type":"MultiPolygon","coordinates":[[[[-6.3556,54.0122],[-6.155,53.9722],[-5.8964,54.0994],[-5.8731,54.2133],[-5.7306,54.2475],[-5.6615,54.3222],[-5.7999,54.5229],[-5.7637,54.657],[-5.925,54.6297],[-5.7849,54.7374],[-6.0413,55.1088],[-6.2793,55.1397],[-6.4543,55.1865],[-6.6256,55.2044],[-6.9669,55.1561],[-7.0736,55.0378],[-7.2511,55.0461],[-7.2255,55.1042],[-7.4464,55.06],[-7.5688,55.0796],[-7.7122,55.1587],[-8.0222,55.1817],[-8.286,55.1165],[-8.3553,55.0789],[-8.4029,54.9529],[-8.456,54.9133],[-8.3686,54.8319],[-8.4908,54.7936],[-8.5037,54.7496],[-8.76,54.7014],[-8.7028,54.6422],[-8.2115,54.6339],[-8.17,54.5914],[-8.3648,54.4685],[-8.6511,54.3622],[-8.5111,54.3225],[-8.4717,54.2739],[-8.62,54.2572],[-8.5901,54.2028],[-9.1314,54.2008],[-9.2081,54.2669],[-9.8483,54.3168],[-9.9489,54.2833],[-10.0131,54.2194],[-9.9507,54.1817],[-9.9358,54.0608],[-9.7256,53.8958],[-9.5678,53.8947],[-9.6842,53.7842],[-9.8718,53.7664],[-9.8096,53.6324],[-10.0702,53.5891],[-10.0211,53.5119],[-10.0131,53.3786],[-9.8831,53.3538],[-9.7058,53.3456],[-9.6481,53.3861],[-9.4407,53.2662],[-9.2974,53.2798],[-9.2176,53.2459],[-8.9411,53.2642],[-8.9236,53.1606],[-9.0694,53.1172],[-9.3044,53.1154],[-9.4733,52.9406],[-9.4056,52.8864],[-9.6157,52.6366],[-9.1343,52.6809],[-8.9469,52.7236],[-8.8183,52.6656],[-9.1743,52.5942],[-9.504,52.5405],[-9.711,52.4867],[-9.7428,52.4597],[-9.8088,52.2373],[-9.8906,52.1944],[-10.4114,52.2054],[-10.4647,52.1797],[-10.4638,52.1011],[-10.1847,52.1072],[-9.8867,52.1506],[-9.7578,52.1486],[-9.9867,52.05],[-10.2636,51.9881],[-10.2459,51.8407],[-10.1388,51.7675],[-9.7767,51.8008],[-9.8052,51.654],[-9.5514,51.7172],[-9.4517,51.688],[-9.7453,51.5994],[-9.7853,51.5486],[-9.7169,51.4619],[-9.6383,51.5094],[-9.3783,51.4708],[-9.2261,51.4842],[-9.1122,51.5481],[-8.9691,51.5608],[-8.8478,51.5998],[-8.6042,51.6133],[-8.5242,51.6653],[-8.297,51.7634],[-8.3347,51.8669],[-8.2106,51.8844],[-8.1756,51.8544],[-7.8616,51.9681],[-7.7506,52.0327],[-7.6203,52.0647],[-7.5789,52.1003],[-7.435,52.1261],[-7.1603,52.1503],[-6.9983,52.1408],[-6.9164,52.2092],[-6.6168,52.2207],[-6.4892,52.1944],[-6.406,52.2144],[-6.4083,52.2842],[-6.4975,52.3519],[-6.3471,52.4067],[-6.2228,52.63],[-6.1478,52.7383],[-6.1175,52.8322],[-6.0694,52.8658],[-6.1321,53.2695],[-6.2208,53.3422],[-6.1589,53.3829],[-6.335,53.786],[-6.4434,53.8994],[-6.3811,53.9244],[-6.3556,54.0122]],[[-6.5624,54.5146],[-6.5847,54.56],[-6.5114,54.6984],[-6.3179,54.7088],[-6.2823,54.6038],[-6.3543,54.5022],[-6.5624,54.5146]]],[[[-10.1195,54],[-10.0789,53.9335],[-9.9286,53.9661],[-9.9742,54.0219],[-10.1195,54]]],[[[-5.5552,55.4144],[-5.5045,55.583],[-5.5178,55.668],[-5.6836,55.6293],[-5.7362,55.4276],[-5.6982,55.3307],[-5.6203,55.3295],[-5.5552,55.4144]]]]},"properties":{"NAME":null,"ABBREVN":null,"type":null,"weblnks":null,"SUBJECTO":null,"BORDERPRECISION":1,"PARTOF":null}},
{"type":"Feature","geometry":{"type":"Polygon","coordinates":[[[81.4086,6.2525],[81.5999,6.4486],[81.779,6.754],[81.8662,7.0846],[81.8049,7.3132],[81.446,7.9287],[81.3261,8.2589],[81.0601,8.4108],[81.0491,8.4743],[81.0934,8.6269],[81.0149,8.7728],[80.7676,9.1218],[80.6624,9.2995],[80.238,9.5308],[80.1431,9.5685],[80.195,9.4703],[80.0979,9.3141],[80.1233,9.2481],[80.0503,9.0264],[79.9172,8.9378],[79.9497,8.7369],[79.9419,8.6308],[79.9147,8.5622],[79.8644,8.5294],[79.813,8.2458],[79.8322,8.1031],[79.8407,7.6965],[79.8387,7.3534],[79.8577,7.0486],[80.0168,6.496],[80.1277,6.2167],[80.2222,6.058],[80.3263,5.9804],[80.5629,5.9317],[80.6413,5.937],[80.7453,5.9772],[80.8292,6.0408],[80.9914,6.0967],[81.0555,6.1078],[81.3242,6.1983],[81.4086,6.2525]]]},"properties":{"NAME":null,"ABBREVN":null,"type":null,"weblnks":null,"SUBJECTO":null,"BORDERPRECISION":1,"PARTOF":null}},
{"type":"Feature","geometry":{"type":"Polygon","coordinates":[[[110.2814,18.6675],[110.3615,18.7656],[110.2987,18.8988],[110.427,19.2294],[110.6125,19.4712],[110.8118,19.6304],[110.8854,19.7068],[110.6174,20.0175],[110.2583,19.9405],[110.0606,19.9401],[109.9159,19.8],[109.6577,19.9011],[109.5503,19.9136],[109.4423,19.7355],[109.4201,19.6592],[109.202,19.6837],[108.8737,19.404],[108.685,19.2956],[108.6256,19.2361],[108.6183,19.0808],[108.6544,18.9375],[108.6991,18.6656],[108.6711,18.5633],[108.6922,18.4994],[108.7831,18.4864],[108.9578,18.3947],[109.0558,18.37],[109.2228,18.3031],[109.3347,18.3025],[109.4691,18.2744],[109.5312,18.2316],[109.6691,18.4147],[110.1313,18.5872],[110.2814,18.6675]]]},"properties":{"NAME":null,"ABBREVN":null,"type":null,"weblnks":null,"SUBJECTO":null,"BORDERPRECISION":1,"PARTOF":null}},
{"type":"Feature","geometry":{"type":"Polygon","coordinates":[[[33.9031,34.9642],[33.7727,35.1293],[33.7805,35.2081],[34.0484,35.4079],[34.2447,35.5118],[34.3142,35.5756],[33.9697,35.4361],[33.7841,35.4017],[33.6526,35.3541],[33.3737,35.3065],[33.0775,35.3186],[32.9325,35.3402],[32.9321,35.2636],[32.8958,35.1697],[32.7814,35.1592],[32.745,35.1143],[32.597,35.1556],[32.5311,35.1541],[32.4917,35.0942],[32.42,35.0431],[32.3471,35.0509],[32.2842,35.0156],[32.3428,34.86],[32.4042,34.7508],[32.4919,34.7022],[32.7139,34.6403],[32.8311,34.6675],[32.8991,34.6514],[33.1932,34.7006],[33.4839,34.7958],[33.5385,34.9442],[33.6471,34.9373],[33.71,34.9742],[33.9031,34.9642]]]},"properties":{"NAME":null,"ABBREVN":null,"type":null,"weblnks":null,"SUBJECTO":null,"BORDERPRECISION":1,"PARTOF":null}},
{"type":"Feature","geometry":{"type":"Polygon","coordinates":[[[24.1026,35.4884],[24.1527,35.5644],[24.1058,35.5957],[24.0429,35.5305],[23.9714,35.5147],[23.8436,35.5239],[23.7429,35.5618],[23.7275,35.5144],[23.6667,35.4961],[23.5692,35.5267],[23.52,35.3019],[23.5677,35.255],[23.7856,35.2629],[24.0132,35.2104],[24.3244,35.2078],[24.7442,35.0711],[24.7541,34.9456],[25.5907,35.0164],[25.797,35.0217],[25.8987,35.0453],[26.1605,35.0243],[26.2427,35.1449],[26.2178,35.2406],[26.1119,35.2053],[26.0267,35.2244],[25.8961,35.1769],[25.7881,35.1122],[25.6685,35.1868],[25.7135,35.327],[25.642,35.3388],[25.5116,35.2948],[25.3985,35.3138],[25.0639,35.3447],[24.9633,35.4044],[24.7889,35.4089],[24.6294,35.4006],[24.5886,35.3811],[24.3197,35.3517],[24.2719,35.3625],[24.1839,35.4511],[24.1026,35.4884]]]},"properties":{"NAME":null,"ABBREVN":null,"type":null,"weblnks":null,"SUBJECTO":null,"BORDERPRECISION":1,"PARTOF":null}},
{"type":"Feature","geometry":{"type":"MultiPolygon","coordinates":[[[[139.9131,34.8966],[139.9672,34.9278],[140.0022,35.0153],[140.1219,35.0864],[140.223,35.0972],[140.3374,35.1334],[140.3949,35.4091],[140.4791,35.5364],[140.6261,35.6544],[140.8145,35.6936],[140.6448,35.8358],[140.5554,35.9691],[140.5466,36.2872],[140.6556,36.6183],[140.6936,36.66],[140.7461,36.7792],[140.8269,36.9033],[140.9645,36.9655],[140.9822,37.2682],[140.9232,37.6246],[140.8809,37.7392],[140.8722,37.9174],[140.9536,38.148],[141.0558,38.338],[141.0958,38.3644],[141.3075,38.4022],[141.4142,38.3843],[141.4964,38.4219],[141.4671,38.5875],[141.5153,38.6813],[141.5331,38.7805],[141.5805,38.8736],[141.6394,38.8867],[141.6389,38.9964],[141.785,39.0189],[141.8863,39.1283],[141.9064,39.33],[141.9985,39.4489],[141.9982,39.6357],[141.9825,39.7033],[141.6756,40.3162],[141.5662,40.4567],[141.4671,40.5141],[141.4211,40.715],[141.4019,40.8797],[141.3955,41.1447],[141.4362,41.2698],[141.3302,41.3415],[141.2086,41.3622],[141.1616,41.4153],[141.087,41.4416],[140.794,41.2669],[140.7867,41.2447],[140.887,41.1578],[140.9969,41.1869],[141.0627,41.1772],[141.1797,41.2617],[141.2614,41.1928],[141.2783,41.1442],[141.228,40.9786],[141.1816,40.8917],[141.1278,40.8574],[140.7933,40.7495],[140.657,40.7236],[140.5672,40.8258],[140.4728,40.9857],[140.3864,40.9855],[140.3048,40.9038],[140.2603,40.7972],[139.9152,40.575],[139.945,40.5072],[139.9385,40.4286],[140.0119,40.3469],[140.0266,40.2764],[139.985,40.1146],[139.9103,39.9866],[139.8046,39.8907],[139.9086,39.8933],[140.0247,39.8253],[140.0627,39.7089],[140.0708,39.5855],[140.0522,39.465],[139.993,39.3197],[139.9679,39.209],[139.8961,38.9985],[139.7414,38.7433],[139.7457,38.6796],[139.5039,38.4179],[139.4244,38.1517],[139.3539,38.0672],[139.1979,37.9204],[138.8562,37.7351],[138.699,37.4482],[138.492,37.3013],[138.3172,37.2055],[137.8875,37.0248],[139.5384,35.2903],[139.6361,35.3956],[139.6455,35.4589],[139.7845,35.5116],[139.7772,35.6333],[139.9686,35.6608],[140.0453,35.6419],[140.1064,35.5383],[139.983,35.4406],[139.9205,35.2619],[139.8411,35.0827],[139.8647,35.0094],[139.8376,34.976],[139.9131,34.8966]]],[[[144.8833,43.9744],[144.7504,43.8816],[144.6138,43.8428],[144.4866,43.8618],[144.0281,43.9509],[143.7902,44.0276],[143.5082,44.1558],[143.0205,44.4637],[142.539,44.8427],[141.8753,45.4354],[141.6148,45.2894],[141.5758,45.1842],[141.6003,45.1275],[141.7213,44.9483],[141.7705,44.8306],[141.7972,44.625],[141.744,44.4154],[141.7427,44.2488],[141.7094,43.9142],[141.5067,43.8045],[141.3538,43.7417],[141.3355,43.6961],[141.4322,43.4147],[141.4253,43.3217],[141.3672,43.2492],[141.2058,43.1405],[141.0642,43.0966],[140.8966,43.1348],[140.5657,43.3248],[140.4982,43.3204],[140.3736,43.1852],[140.5168,43.057],[140.4998,42.8964],[140.209,42.7289],[139.974,42.6514],[139.8358,42.5599],[139.8278,42.4025],[139.773,42.3275],[139.7822,42.2464],[139.9322,42.1314],[140.0389,42.098],[140.1389,41.9814],[140.1464,41.8975],[140.1245,41.7922],[139.9919,41.5313],[140.0294,41.4536],[140.0783,41.4167],[140.1897,41.395],[140.2844,41.4864],[140.4405,41.5335],[140.4503,41.6797],[140.6064,41.7397],[140.6266,41.8005],[140.6919,41.8239],[140.9769,41.7056],[141.1386,41.7641],[141.0195,41.8709],[140.7677,42.005],[140.2455,42.2284],[140.2234,42.3631],[140.3258,42.4264],[140.4616,42.5678],[140.6797,42.5761],[140.7619,42.5447],[140.8844,42.4411],[140.9294,42.3211],[141.0036,42.3019],[141.1114,42.3983],[141.4455,42.5725],[141.6166,42.6139],[141.7905,42.6064],[141.9197,42.558],[142.0108,42.4861],[142.1036,42.4544],[142.4852,42.258],[142.7933,42.1417],[142.943,42.1067],[143.1244,42.0203],[143.2179,41.936],[143.3304,42.1961],[143.3297,42.2817],[143.3738,42.3617],[143.54,42.5647],[143.6497,42.663],[143.7814,42.7492],[143.8928,42.8492],[143.9897,42.9067],[144.1417,42.958],[144.3552,42.9958],[144.3791,42.955],[144.4636,42.9308],[144.6617,42.9372],[144.7989,43.0447],[144.9133,42.9717],[145.0125,42.9875],[145.1072,43.0458],[145.1536,43.135],[145.2825,43.1625],[145.4446,43.1759],[145.4012,43.2546],[145.2561,43.315],[145.3036,43.3686],[145.2724,43.4414],[145.1486,43.5995],[145.0594,43.7858],[145.1633,43.9786],[145.3194,44.1641],[145.3476,44.243],[145.1806,44.191],[145.0975,44.1459],[144.8833,43.9744]]]]},"properties":{"NAME":"Ainu","ABBREVN":"Ainu","type":"culture","weblnks":null,"SUBJECTO":"Ainu","BORDERPRECISION":1,"PARTOF":"Ainu"}},
{"type":"Feature","geometry":{"type":"Polygon","coordinates":[[[139.8376,34.976],[139.8347,34.8964],[139.9131,34.8966],[139.8376,34.976]]]},"properties":{"NAME":null,"ABBREVN":null,"type":null,"weblnks":null,"SUBJECTO":null,"BORDERPRECISION":1,"PARTOF":null}},
{"type":"Feature","geometry":{"type":"Polygon","coordinates":[[[143.6619,49.3122],[143.9455,49.2764],[144.0611,49.2442],[144.2458,49.1292],[144.2864,49.0678],[144.3652,49.0164],[144.0382,49.5088],[143.6331,50.235],[143.3407,50.8858],[143.0742,51.2676],[142.9439,51.6173],[142.9449,51.9611],[143.0334,52.3122],[143.1433,52.5112],[143.1389,52.8562],[143.0569,53.062],[142.8639,53.3409],[142.6803,53.51],[142.5577,53.4689],[142.4955,53.3983],[142.3296,53.36],[142.2141,53.2997],[141.81,53.2757],[141.8319,53.1528],[141.9253,53.02],[141.8586,52.8514],[141.8377,52.578],[141.7908,52.4817],[141.7008,52.4056],[141.647,52.2984],[141.693,52.148],[141.64,52.0797],[141.648,51.8867],[141.8175,51.7897],[141.7972,51.6775],[141.9233,51.5705],[142.0688,51.4772],[142.0852,51.3983],[142.2672,51.1203],[142.2191,50.9742],[142.1529,50.89],[142.0996,50.4295],[142.1508,50.3317],[142.1739,50.0942],[142.1272,49.8811],[142.1605,49.7864],[142.1511,49.6333],[142.1236,49.4644],[142.0791,49.3747],[142.07,49.2422],[142.0278,49.0417],[141.9625,48.858],[141.8524,48.7503],[141.9358,48.5817],[142.0755,48.4186],[142.1566,48.2433],[142.1886,47.9542],[142.0816,47.8367],[141.9647,47.6086],[141.9511,47.4886],[141.9702,47.288],[142.0297,47.2322],[142.0586,47.0872],[142.0225,46.9764],[141.8158,46.5978],[141.8308,46.4208],[141.9,46.2697],[141.9613,46.0036],[142.1877,46.3229],[142.3273,46.5631],[142.5138,46.6996],[142.7097,46.7442],[142.7387,46.6697],[142.9625,46.5919],[143.1361,46.5939],[143.3522,46.5617],[143.3883,46.5303],[143.3452,46.4622],[143.3455,46.3783],[143.3796,46.3133],[143.4448,46.5717],[143.3655,46.6827],[143.1669,46.7092],[143.0883,46.8017],[143.1076,46.9112],[142.9933,46.9537],[142.697,47.3623],[142.6146,47.4596],[142.4899,47.9016],[142.5266,48.1621],[142.6461,48.6575],[142.854,49.1277],[143.0326,49.2195],[143.1528,49.2589],[143.2191,49.2551],[143.485,49.3067],[143.6619,49.3122]],[[143.6619,49.3122],[143.3122,49.3164],[143.248,49.3694],[143.2969,49.3986],[143.41,49.3958],[143.4655,49.3597],[143.6619,49.3122]]]},"properties":{"NAME":null,"ABBREVN":null,"type":null,"weblnks":null,"SUBJECTO":null,"BORDERPRECISION":1,"PARTOF":null}},
{"type":"Feature","geometry":{"type":"MultiPolygon","coordinates":[[[[24.3406,36.7331],[24.4465,36.6616],[24.5482,36.6914],[24.5133,36.7675],[24.3406,36.7331]]],[[[25.2792,36.7833],[25.2586,36.7289],[25.3166,36.6754],[25.3894,36.6528],[25.4072,36.7178],[25.2792,36.7833]]],[[[24.6603,36.9797],[24.6981,36.9126],[24.7653,36.9583],[24.7067,37.0278],[24.6603,36.9797]]],[[[25.1203,36.9967],[25.1914,36.9739],[25.2503,37.0083],[25.2844,37.1283],[25.1633,37.1217],[25.0989,37.0314],[25.1203,36.9967]]],[[[25.5803,37.0155],[25.6006,37.1189],[25.5394,37.1986],[25.4961,37.1864],[25.3497,37.0886],[25.4044,36.9701],[25.4547,36.9232],[25.5459,36.9597],[25.5803,37.0155]]],[[[24.3667,37.313],[24.4834,37.4004],[24.404,37.4634],[24.3674,37.41],[24.3667,37.313]]],[[[24.8869,37.51],[24.8848,37.3679],[24.9717,37.4061],[24.9333,37.5014],[24.8869,37.51]]],[[[25.3317,37.4955],[25.3497,37.4094],[25.4589,37.4451],[25.378,37.4969],[25.3317,37.4955]]],[[[25.2317,37.5364],[25.2548,37.5797],[25.1824,37.6421],[24.995,37.64],[25.1139,37.5511],[25.2317,37.5364]]],[[[24.3714,37.5855],[24.398,37.6671],[24.3057,37.6615],[24.271,37.5718],[24.3714,37.5855]]],[[[24.7717,37.9957],[24.6924,37.9359],[24.7133,37.8728],[24.7686,37.8711],[24.9167,37.7156],[24.9989,37.7639],[24.9828,37.8139],[24.7717,37.9957]]]]},"properties":{"NAME":null,"ABBREVN":null,"type":null,"weblnks":null,"SUBJECTO":null,"BORDERPRECISION":1,"PARTOF":null}},
{"type":"Feature","geometry":{"type":"Polygon","coordinates":[[[-75.6992,19.9439],[-75.5191,19.9074],[-75.2372,19.9334],[-75.1593,19.9603],[-75.1725,20.0086],[-75.0928,20.0564],[-75.0775,20.0106],[-74.7196,20.1125],[-74.2782,20.1515],[-74.1734,20.1899],[-74.3071,20.2937],[-74.3842,20.2903],[-74.5011,20.3517],[-74.6108,20.4496],[-74.8391,20.6207],[-75.0619,20.6965],[-75.4019,20.664],[-75.7142,20.6897],[-75.78,20.7431],[-75.7672,20.8264],[-75.7094,20.8352],[-75.6039,21.0132],[-75.7509,21.1209],[-75.8187,21.1321],[-75.8867,21.105],[-76.0217,21.0842],[-76.0917,21.1114],[-76.132,21.1592],[-76.2089,21.1962],[-76.4914,21.2823],[-76.4583,21.2172],[-76.5356,21.1825],[-76.6008,21.2047],[-76.5758,21.2867],[-76.6185,21.321],[-76.806,21.3781],[-76.8728,21.3025],[-76.8834,21.4017],[-76.9758,21.4298],[-77.1913,21.4484],[-77.3398,21.5117],[-77.5078,21.7592],[-77.5373,21.7793],[-77.6675,21.7806],[-77.7561,21.8044],[-77.8642,21.8989],[-77.9003,21.8889],[-78.0378,22.056],[-78.2553,22.1443],[-78.7233,22.2779],[-79.069,22.328],[-79.3258,22.4024],[-79.5022,22.5178],[-79.76,22.7588],[-79.9854,22.8791],[-80.199,22.885],[-80.4497,22.9353],[-80.7212,23.0237],[-81.0666,23.0575],[-81.1347,23.0231],[-81.2565,23.0965],[-81.3617,23.1207],[-81.5008,23.0556],[-81.5413,23.1282],[-81.6857,23.117],[-82.0568,23.1353],[-82.4356,23.0646],[-82.7483,23.0281],[-82.9003,23.0294],[-82.9448,22.9787],[-83.0004,23.0135],[-83.5824,22.8452],[-83.7637,22.7785],[-84.1654,22.5836],[-84.2995,22.4592],[-84.3908,22.3514],[-84.4218,22.2632],[-84.3958,22.1423],[-84.3208,22.0792],[-84.3381,22.0122],[-84.3956,22.044],[-84.502,21.935],[-84.4753,21.8606],[-84.5226,21.7897],[-84.4081,21.8022],[-84.2717,21.8936],[-84.1283,21.9383],[-84.0305,21.9551],[-84.005,22.0603],[-83.9453,22.1587],[-83.8506,22.2098],[-83.5567,22.2104],[-83.3897,22.2235],[-82.8527,22.6378],[-82.7863,22.654],[-82.7753,22.6972],[-82.6544,22.686],[-82.5624,22.7084],[-82.3387,22.6898],[-82.0456,22.6967],[-81.885,22.6808],[-81.7897,22.6569],[-81.6433,22.5706],[-81.6489,22.4914],[-81.6983,22.4558],[-81.904,22.4292],[-82.0406,22.3853],[-82.143,22.3708],[-81.9763,22.2834],[-81.7923,22.2078],[-81.6912,22.1876],[-81.6475,22.2103],[-81.4064,22.1783],[-81.382,22.1525],[-81.0532,22.1331],[-80.7765,22.1019],[-80.6289,22.0542],[-80.5559,22.0628],[-80.532,22.1797],[-80.4506,22.1625],[-80.3967,22.1044],[-80.4272,22.0392],[-80.3239,21.9326],[-80.014,21.773],[-79.89,21.7469],[-79.7778,21.7056],[-79.6683,21.6936],[-79.5597,21.6427],[-79.3581,21.6091],[-78.9059,21.6291],[-78.7631,21.6406],[-78.6296,21.5471],[-78.5136,21.3058],[-78.4584,21.0118],[-78.3364,20.9489],[-78.2214,20.8503],[-78.1574,20.8171],[-77.8863,20.7668],[-77.5712,20.7675],[-77.2912,20.7045],[-77.2099,20.6475],[-77.0987,20.5333],[-77.0783,20.47],[-77.1158,20.365],[-77.1717,20.2994],[-77.3265,20.2268],[-77.5041,20.0748],[-77.663,19.9028],[-77.4608,19.8714],[-77.3375,19.8792],[-77.2933,19.9053],[-77.155,19.8954],[-76.8187,19.9364],[-76.3985,20.0199],[-75.9934,20.0017],[-75.6992,19.9439]]]},"properties":{"NAME":null,"ABBREVN":null,"type":null,"weblnks":null,"SUBJECTO":null,"BORDERPRECISION":1,"PARTOF":null}},
{"type":"Feature","geometry":{"type":"Polygon","coordinates":[[[-70.125,19.6208],[-70.2753,19.6456],[-70.7389,19.7904],[-70.8187,19.8411],[-70.866,19.9079],[-70.9465,19.9223],[-71.0474,19.9105],[-71.1503,19.8494],[-71.2608,19.8231],[-71.3739,19.8335],[-71.5506,19.8967],[-71.7764,19.7714],[-71.7542,19.7058],[-71.9808,19.7236],[-72.0975,19.7225],[-72.3175,19.7628],[-72.4931,19.8206],[-72.5918,19.8887],[-72.8573,19.9313],[-73.0336,19.9125],[-73.1547,19.9222],[-73.2739,19.8589],[-73.4181,19.8197],[-73.4603,19.7304],[-73.3554,19.6577],[-72.9446,19.595],[-72.7672,19.5255],[-72.6765,19.3922],[-72.7594,19.0742],[-72.7015,18.9477],[-72.3869,18.7317],[-72.3234,18.6517],[-72.345,18.5397],[-72.5687,18.5622],[-72.6437,18.5395],[-72.6906,18.4528],[-72.7397,18.4242],[-72.9928,18.4658],[-73.0695,18.4536],[-73.4042,18.5133],[-73.507,18.5256],[-73.6583,18.4978],[-73.7147,18.5658],[-73.7872,18.5322],[-74.0222,18.5953],[-74.1778,18.6672],[-74.2739,18.6647],[-74.4211,18.6125],[-74.4418,18.524],[-74.3648,18.3779],[-74.2354,18.3065],[-74.0981,18.245],[-73.9178,18.131],[-73.857,18.112],[-73.6871,18.2713],[-73.4738,18.3163],[-73.2152,18.2914],[-72.9155,18.2285],[-72.5207,18.223],[-72.1783,18.2873],[-71.9782,18.2622],[-71.677,18.0025],[-71.5307,17.7547],[-71.4008,17.7041],[-71.2165,17.9969],[-71.0615,18.3468],[-70.7654,18.4937],[-70.6955,18.5192],[-70.621,18.5067],[-70.4774,18.2845],[-70.2992,18.2595],[-69.956,18.5017],[-69.808,18.5465],[-69.6401,18.5469],[-69.5107,18.5027],[-69.156,18.5289],[-68.9859,18.5102],[-68.8943,18.3961],[-68.8206,18.3417],[-68.7629,18.2399],[-68.6751,18.2037],[-68.6341,18.2353],[-68.6064,18.3683],[-68.5234,18.365],[-68.4588,18.4986],[-68.3729,18.575],[-68.4771,18.7147],[-68.6568,18.8732],[-68.9709,19.0276],[-69.1922,19.0119],[-69.3753,19.0625],[-69.3911,19.0992],[-69.4689,19.1061],[-69.6233,19.0892],[-69.6372,19.1161],[-69.6095,19.2267],[-69.6644,19.3035],[-69.7583,19.2922],[-69.8178,19.3467],[-69.9914,19.6803],[-70.0484,19.6779],[-70.125,19.6208]],[[-71.6068,18.421],[-71.7935,18.4944],[-71.777,18.5312],[-71.6833,18.5511],[-71.5089,18.47],[-71.5365,18.434],[-71.6068,18.421]]]},"properties":{"NAME":null,"ABBREVN":null,"type":null,"weblnks":null,"SUBJECTO":null,"BORDERPRECISION":1,"PARTOF":null}},
{"type":"Feature","geometry":{"type":"Polygon","coordinates":[[[-67.1753,18.1061],[-67.152,17.9865],[-66.9056,17.9362],[-66.7464,18.0128],[-66.4509,18.0452],[-66.1184,18.0078],[-65.9674,18.0272],[-65.84,18.1292],[-65.7241,18.3328],[-65.775,18.3963],[-65.9114,18.4549],[-66.0311,18.4453],[-66.1111,18.475],[-66.195,18.4639],[-66.7688,18.4877],[-67.14,18.5116],[-67.2104,18.4374],[-67.1617,18.3297],[-67.1564,18.1883],[-67.1753,18.1061]]]},"properties":{"NAME":null,"ABBREVN":null,"type":null,"weblnks":null,"SUBJECTO":null,"BORDERPRECISION":1,"PARTOF":null}},
{"type":"Feature","geometry":{"type":"Polygon","coordinates":[[[-78.0239,18.4525],[-78.1347,18.4522],[-78.3249,18.3504],[-78.2611,18.2552],[-78.0518,18.2175],[-77.8405,18.0527],[-77.7373,17.9321],[-77.4715,17.846],[-77.4122,17.8597],[-77.2908,17.806],[-77.1523,17.8635],[-77.0503,17.9781],[-76.8055,18.0041],[-76.4677,17.8713],[-76.3186,17.9034],[-76.3007,17.9924],[-76.4264,18.1193],[-76.7192,18.2394],[-77.1559,18.3974],[-77.7718,18.5103],[-77.9397,18.4931],[-78.0239,18.4525]]]},"properties":{"NAME":null,"ABBREVN":null,"type":null,"weblnks":null,"SUBJECTO":null,"BORDERPRECISION":1,"PARTOF":null}},
{"type":"Feature","geometry":{"type":"MultiPolygon","coordinates":[[[[-74.1061,68.6905],[-73.8911,68.4319],[-72.9928,68.1986],[-72.354,67.5303],[-72.3686,67.1125],[-74.2581,66.2361],[-73.4199,65.5289],[-74.6142,65.3355],[-75.3686,65.2608],[-75.2656,65.0917],[-75.1892,65.0797],[-75.5675,64.8836],[-75.3739,64.8331],[-75.2982,64.7258],[-75.6019,64.8678],[-75.4336,64.9661],[-77.2875,65.3678],[-77.3135,65.195],[-77.6644,64.3836],[-76.7058,64.3008],[-76.4936,64.2686],[-76.2644,64.3192],[-75.9106,64.4783],[-75.7083,64.4378],[-75.8472,64.6044],[-75.6933,64.57],[-74.475,64.5534],[-74.9633,64.7736],[-74.7067,64.8005],[-74.6486,64.9014],[-74.5011,64.8336],[-74.5591,64.7801],[-74.0512,64.7093],[-73.308,64.5933],[-73.1694,64.61],[-72.9117,64.1689],[-72.7025,64.0056],[-72.5928,64.0181],[-72.215,63.8678],[-71.6381,63.7211],[-71.3069,63.6114],[-71.6913,63.3311],[-70.99,63.1025],[-71.1181,63.0322],[-69.9064,62.7686],[-69.5595,62.7094],[-67.4631,62.1394],[-66.6622,61.9467],[-66.0484,61.9637],[-66.3639,62.3231],[-66.4758,62.3486],[-67.0044,62.7268],[-67.6727,62.938],[-67.7697,62.9583],[-68.1561,63.1583],[-68.9969,63.7536],[-68.486,63.7368],[-67.8975,63.7531],[-67.0111,63.4],[-66.847,63.2575],[-66.6467,63.3264],[-66.207,63.0408],[-66.1556,63.0814],[-65.8347,63.0264],[-65.298,62.6961],[-65.0628,62.5875],[-65.2253,62.955],[-64.7839,63.1222],[-65.055,63.1722],[-65.2095,63.6429],[-65.2507,63.8716],[-64.5219,63.6119],[-64.6836,63.7464],[-64.8175,63.9236],[-65.2167,64.0386],[-65.4232,64.2652],[-65.3864,64.3066],[-65.5247,64.4997],[-65.7308,64.5178],[-66.1364,64.7542],[-66.1772,64.7964],[-66.6411,64.7758],[-66.9301,65.0936],[-67.0442,65.1075],[-67.12,65.31],[-67.4136,65.3458],[-67.4514,65.4936],[-67.9225,65.538],[-68.0589,65.5681],[-68.1329,65.8349],[-68.3047,65.9087],[-68.1969,65.9739],[-68.4147,66.1594],[-68.3403,66.1969],[-67.3489,66.1077],[-67.7111,66.2969],[-67.9858,66.5097],[-67.4592,66.513],[-67.7408,66.5711],[-67.3458,66.5972],[-67.0589,66.6428],[-66.4736,66.4144],[-65.8442,66.1358],[-65.5617,66.3144],[-65.7174,66.0543],[-64.8567,66.14],[-64.4806,66.2964],[-64.7433,65.9675],[-64.9461,66.0014],[-65.1445,65.6675],[-65.1058,65.6394],[-64.7094,65.6505],[-64.8697,65.4239],[-64.6269,65.4421],[-64.2556,65.3864],[-63.6647,65.0436],[-63.4722,65.1964],[-63.5689,65.4716],[-63.6183,65.5419],[-63.5414,65.5742],[-63.6836,65.6508],[-63.4457,65.6806],[-62.8597,65.6347],[-62.7043,65.7458],[-62.6844,65.8164],[-62.5231,66.0022],[-62.1725,66.0105],[-62.4881,66.2003],[-62.7822,66.2889],[-62.4561,66.4239],[-61.9769,66.4175],[-61.5764,66.4772],[-62.0186,66.6408],[-61.6439,66.6],[-61.425,66.5597],[-61.2814,66.6611],[-62.0722,66.9075],[-62.4194,66.8433],[-62.3986,66.7803],[-62.7511,66.8181],[-62.8275,66.788],[-63.4083,66.7044],[-63.4103,66.8],[-63.6389,66.8244],[-63.5656,66.8925],[-63.2778,66.9497],[-63.2325,67.1322],[-63.4213,67.1918],[-63.5656,67.0625],[-64.555,67.1154],[-64.7011,67.0122],[-64.7167,67.2003],[-64.7903,67.2167],[-64.7344,67.3336],[-64.2409,67.3675],[-64.145,67.4617],[-64.2386,67.4675],[-64.5681,67.82],[-64.7794,67.6978],[-64.8089,67.7719],[-65.1533,67.6922],[-65.1361,67.7436],[-64.9425,67.9125],[-65.5444,67.7742],[-65.6158,67.7861],[-65.7636,67.9189],[-65.9672,67.8533],[-66.252,67.9625],[-66.2642,67.9997],[-66.9536,68.0172],[-66.8967,68.0894],[-67.2894,68.2364],[-67.2325,68.3575],[-67.5833,68.2655],[-67.8181,68.2742],[-67.8497,68.31],[-67.5945,68.3814],[-68.1367,68.5722],[-68.4353,68.5675],[-68.4695,68.6064],[-68.7112,68.6211],[-68.9592,68.7897],[-68.7953,68.7994],[-68.4858,68.8903],[-68.077,68.8975],[-68.2111,68.9919],[-68.8583,69.0883],[-68.8728,69.1205],[-68.7378,69.2036],[-68.8397,69.2147],[-68.6583,69.3003],[-69.2033,69.27],[-69.2031,69.303],[-68.6753,69.3222],[-66.9533,69.1722],[-67.4328,69.4633],[-67.8619,69.4603],[-68.5281,69.5772],[-68.3528,69.6269],[-67.5028,69.7968],[-67.5283,70.1339],[-67.7742,70.2505],[-68.2686,70.1375],[-68.4717,70.0466],[-69.188,69.8878],[-69.4092,69.7764],[-69.7308,69.8061],[-69.6839,69.84],[-69.3705,69.84],[-68.8006,70.0375],[-69.6533,70.145],[-69.8375,69.9783],[-69.8922,70.0458],[-69.8569,70.1108],[-69.64,70.2047],[-68.4694,70.5597],[-69.6447,70.7411],[-70.4017,70.5192],[-70.4731,70.6172],[-70.9131,70.6378],[-71.2769,70.2683],[-71.1678,70.5319],[-71.5117,70.5733],[-71.6747,70.3697],[-71.8031,70.4283],[-71.5956,70.6039],[-71.2247,70.5822],[-71.1181,70.6389],[-70.7733,70.7344],[-71.2894,70.9136],[-72.1558,70.7736],[-72.3064,70.6775],[-72.6092,70.6367],[-72.1636,70.8364],[-72.6542,70.8208],[-72.1656,70.968],[-72.0695,71.0753],[-71.2525,71.3508],[-72.7692,71.4592],[-72.9636,71.3625],[-73.0678,71.2303],[-73.2418,71.1844],[-73.6625,71.135],[-73.7189,71.1594],[-73.4974,71.3386],[-73.6718,71.5563],[-74.0639,71.3369],[-74.3158,71.4144],[-73.886,71.665],[-74.2189,71.5566],[-74.2203,71.6417],[-74.7197,71.4625],[-74.6375,71.3805],[-74.8883,71.2872],[-75.1942,71.5955],[-75.39,71.6811],[-74.5515,71.9137],[-74.9517,72.1233],[-75.1192,72.0964],[-75.5703,71.9414],[-75.847,71.7086],[-76.0403,71.7094],[-75.688,71.8428],[-75.515,72.0183],[-75.2189,72.0703],[-75.7106,72.1133],[-76.0497,72.0178],[-76.0547,72.073],[-75.4778,72.1447],[-75.045,72.1883],[-75.1603,72.4211],[-75.5378,72.5397],[-75.9886,72.5808],[-78.5229,72.4162],[-78.1214,72.3197],[-78.0125,72.275],[-78.4147,72.2205],[-78.5314,72.2403],[-78.2622,71.9728],[-78.4328,72.038],[-78.5036,71.8689],[-79.0563,71.96],[-79.1903,71.9583],[-79.1254,72.2894],[-79.7753,72.2333],[-79.7192,72.1483],[-79.9628,72.1689],[-80.5704,71.9964],[-80.7672,71.9294],[-80.9333,71.9089],[-81.2858,72.2472],[-80.9883,72.4297],[-80.6522,72.9747],[-81.1775,73.2564],[-81.2024,73.4871],[-82.8208,73.7336],[-83.0183,73.6661],[-83.9936,73.5003],[-83.6333,73.4289],[-83.7178,73.4058],[-84.625,73.4014],[-84.4608,73.2919],[-84.655,73.3055],[-83.8797,73.0519],[-83.8497,73.0275],[-85.1759,73.0587],[-84.7436,72.9108],[-84.2186,72.795],[-85.2575,72.9608],[-84.7919,72.455],[-84.4422,72.383],[-84.7219,72.213],[-84.8392,72.1941],[-85.3293,72.1913],[-84.806,71.677],[-84.6105,71.6417],[-84.748,70.988],[-84.9761,70.9333],[-85.0131,71.0772],[-86.2922,71.0003],[-86.7856,71.0003],[-86.2128,71.0728],[-85.2862,71.41],[-86.0517,71.7717],[-86.4451,72.1304],[-86.255,72.4436],[-86.6383,72.6205],[-85.668,73.6006],[-86.2394,73.8492],[-87.6171,73.733],[-88.8457,73.3235],[-89.4794,72.7797],[-89.4736,72.6725],[-89.7,72.6253],[-89.8244,72.4554],[-89.8361,71.7617],[-89.9972,71.5413],[-87.1664,71.0144],[-87.1161,70.9947],[-88,70.9292],[-89.1498,70.9685],[-87.1328,70.4391],[-86.3394,70.4864],[-85.9839,70.1126],[-83.415,69.9699],[-82.614,69.9584],[-82.6836,70.19],[-82.7392,70.2378],[-81.9586,70.0528],[-81.4331,69.913],[-80.94,69.8628],[-81.1533,69.97],[-81.6258,70.0628],[-81.7283,70.1322],[-81.1578,70.1063],[-79.8007,69.9164],[-78.941,70.2713],[-79.2661,70.3411],[-79.4236,70.3558],[-80.4223,70.6143],[-79.0411,70.6786],[-78.8603,70.5966],[-77.8842,70.2586],[-77.6672,70.0622],[-77.1411,69.9225],[-77.2431,69.8814],[-76.6342,69.6836],[-76.4892,69.6483],[-75.577,69.1805],[-75.8139,69.0678],[-76.2081,69.0441],[-76.5933,68.8833],[-76.5614,68.8181],[-75.5342,68.9039],[-75.5283,69.0058],[-75.0714,68.9211],[-74.6525,69.0403],[-74.0283,68.5136],[-74.1061,68.6905]],[[-70.4671,64.6214],[-70.729,64.6392],[-70.6369,64.7107],[-70.9171,64.7924],[-71.0524,64.7678],[-71.0967,64.7067],[-71.2245,64.6431],[-71.499,64.6092],[-71.657,64.6323],[-71.8989,64.7282],[-72.0395,64.9249],[-71.8508,64.9181],[-71.8731,64.8438],[-71.5117,64.9056],[-71.6385,64.9849],[-71.5546,65.0511],[-71.5703,65.129],[-71.6907,65.242],[-71.6653,65.3081],[-71.2997,65.2663],[-71.2315,65.2109],[-70.7711,65.0702],[-70.6945,65.024],[-70.6334,64.9076],[-70.3778,64.7075],[-70.4803,64.6641],[-70.4671,64.6214]],[[-71.1793,66.0827],[-71.1266,66.3306],[-71.3057,66.5153],[-71.4385,66.5964],[-71.2092,66.862],[-71.1739,67.028],[-70.8257,66.9944],[-70.63,66.8676],[-70.569,66.7944],[-70.4628,66.7533],[-70.2881,66.748],[-69.9455,66.6883],[-69.7362,66.6278],[-69.4898,66.5808],[-69.5271,66.5028],[-69.6458,66.4417],[-69.423,66.4295],[-69.2533,66.4508],[-69.2207,66.4059],[-69.5114,66.2676],[-69.5851,66.2032],[-69.7696,66.2031],[-69.9755,66.2583],[-70.3765,66.1948],[-70.5815,66.2892],[-70.7104,66.204],[-70.8507,66.1559],[-71.1037,65.9908],[-71.1793,66.0827]],[[-78.6987,71.1003],[-79.211,71.0968],[-79.3394,71.1218],[-79.2771,71.1746],[-78.8796,71.173],[-78.6987,71.1003]]],[[[-64.9164,63.8064],[-64.8022,63.7644],[-64.6617,63.755],[-64.4482,63.6719],[-64.4739,63.7443],[-64.5761,63.7808],[-64.5825,63.8239],[-64.7309,63.9025],[-64.8117,63.8772],[-64.8964,63.8453],[-64.9164,63.8064]]],[[[-65.4536,64.5244],[-65.6461,64.5832],[-65.6869,64.5389],[-65.6897,64.52],[-65.6861,64.5153],[-65.6797,64.5122],[-65.6583,64.5097],[-65.4928,64.5178],[-65.4689,64.5192],[-65.4536,64.5244]]],[[[-72.082,70.8097],[-71.6544,70.8908],[-71.4156,70.9078],[-71.364,70.955],[-71.8815,70.9312],[-71.7258,71.0449],[-71.8317,71.0711],[-72.0086,71.0497],[-72.0394,70.9503],[-72.1986,70.8828],[-72.082,70.8097]]]]},"properties":{"NAME":null,"ABBREVN":null,"type":null,"weblnks":null,"SUBJECTO":null,"BORDERPRECISION":1,"PARTOF":null}},
{"type":"Feature","geometry":{"type":"MultiPolygon","coordinates":[[[[-69.5597,82.9941],[-69.9445,83.1091],[-70.47,83.1075],[-70.9159,82.9102],[-71.7783,83.0017],[-71.9259,83.0841],[-72.6506,83.0964],[-73.2259,82.8605],[-72.7167,82.7556],[-72.9497,82.7389],[-73.4236,82.7835],[-73.8794,82.8972],[-75.3133,83.0275],[-76.1133,83.0505],[-76.0047,82.7874],[-75.8203,82.6561],[-75.5008,82.6003],[-76.1947,82.5111],[-76.5981,82.6889],[-76.9667,82.8047],[-77.813,82.9244],[-78.2389,82.8653],[-78.7561,82.9425],[-79.0733,82.9019],[-80.2197,82.8417],[-79.623,82.7278],[-80.1583,82.7278],[-80.6833,82.8066],[-81.3008,82.6111],[-81.287,82.3875],[-79.8533,82.0189],[-79.8831,81.9247],[-80.6403,82.0183],[-83.0283,82.249],[-83.0228,82.1594],[-83.7227,82.286],[-85.4817,82.3136],[-85.6039,82.2491],[-86.2387,82.2247],[-86.0622,82.1039],[-84.8153,82.0008],[-85.7269,81.9903],[-86.2781,82.0508],[-86.9872,82.04],[-88.095,82.0964],[-88.9639,82.008],[-88.9928,81.9514],[-89.6494,81.8633],[-89.7833,81.9172],[-90.5653,81.878],[-91.1375,81.8086],[-90.9911,81.6161],[-90.3608,81.6853],[-89.6019,81.6278],[-90.7303,81.4757],[-89.5856,81.473],[-88.9003,81.5483],[-88.4469,81.5722],[-88.1614,81.5303],[-88.847,81.4997],[-89.2573,81.2455],[-89.3417,81.0203],[-88.7408,81.0497],[-85.1308,81.2994],[-84.9764,81.2486],[-84.7975,81.0783],[-82.665,81.1744],[-82.8264,81.123],[-85.3301,81.0009],[-83.4803,80.8946],[-83.1203,80.8233],[-82.5433,80.7444],[-81.9436,80.8331],[-82.025,80.7466],[-79.3045,81.0304],[-78.2922,81.2783],[-76.9511,81.4405],[-78.0092,81.2386],[-78.7578,81.0355],[-77.7661,80.9069],[-77.1689,80.8869],[-76.6211,80.9008],[-76.5567,80.8464],[-76.9264,80.8419],[-78.1572,80.7268],[-79.5653,80.5961],[-78.9253,80.6167],[-78.3453,80.5644],[-79.2328,80.5533],[-80.1164,80.5278],[-80.3361,80.4658],[-80.9861,80.4436],[-82.2626,80.051],[-81.5575,79.9608],[-81.3557,79.9081],[-80.9708,79.6714],[-80.7953,79.648],[-80.3897,79.6833],[-80.1003,79.6444],[-80.642,79.588],[-81.4247,79.6367],[-81.6164,79.6233],[-81.8531,79.6936],[-82.8139,80.0085],[-83.4247,80.1483],[-84.5268,80.2339],[-85.6408,79.9628],[-86.0709,79.9564],[-82.1103,78.9136],[-81.9283,79],[-81.6908,78.9803],[-81.7406,78.8553],[-81.5972,78.7546],[-82.5353,78.6728],[-82.2355,78.5958],[-82.3739,78.5686],[-82.6964,78.6578],[-82.9947,78.6997],[-83.6744,78.8255],[-84.4122,78.8555],[-84.8458,78.8889],[-85.3503,78.8875],[-86.1381,78.8167],[-86.0659,78.2625],[-85.9165,78.251],[-84.9619,78.3436],[-84.8344,78.315],[-84.9686,78.2025],[-84.7611,78.1744],[-84.9385,78.0901],[-84.7881,78.0242],[-84.8372,77.8875],[-84.5208,77.6891],[-84.4283,77.7228],[-83.3565,77.6311],[-82.9492,77.8747],[-82.6744,77.8369],[-83.3188,77.374],[-83.6917,77.313],[-84.5292,77.2958],[-85.3767,77.3925],[-85.7769,77.4214],[-85.7272,77.4519],[-86.0361,77.7228],[-87.8358,77.8403],[-87.6944,77.5372],[-87.0911,77.3664],[-87.1481,77.198],[-87.4567,77.1319],[-88.2783,77.1297],[-88.7195,77.0075],[-89.1481,76.9255],[-88.7926,76.5028],[-88.5844,76.6358],[-87.8947,76.6811],[-87.5203,76.6125],[-86.6055,76.4678],[-86.6258,76.6294],[-86.2078,76.5244],[-86.3608,76.4878],[-85.8109,76.4562],[-85.0514,76.5142],[-84.7928,76.475],[-84.6219,76.8917],[-83.2542,76.5794],[-83.4992,76.6767],[-83.3586,76.7461],[-83.11,76.58],[-83.0926,76.4787],[-82.6986,76.7886],[-81.8195,76.6828],[-80.7717,76.4191],[-80.9039,76.3122],[-79.4203,76.426],[-78.7733,76.5728],[-78.2123,76.5468],[-78.0335,76.6252],[-78.0872,77.0178],[-78.3844,76.9997],[-78.5636,76.9066],[-78.91,76.8867],[-79.0058,76.9361],[-79.3869,76.9275],[-79.3289,76.9786],[-80.135,77.1394],[-80.3945,77.0728],[-80.5034,77.1903],[-81.7158,77.1769],[-81.9022,77.1872],[-82.1661,77.2925],[-81.5539,77.5411],[-78.2186,77.5733],[-78.4106,77.8922],[-78.3291,77.9601],[-76.2894,78.0112],[-76.8553,78.2275],[-76.0575,78.4619],[-75.99,78.5139],[-75.0574,78.7321],[-75.3161,78.8922],[-75.8256,78.9261],[-75.9897,78.9955],[-76.9603,79.0128],[-77.3703,78.9844],[-77.9022,78.9128],[-77.7994,79.0453],[-77.4494,79.0328],[-77.0733,79.0708],[-76.515,79.0858],[-76.6108,79.1492],[-78.0264,79.1747],[-77.7775,79.2089],[-77.045,79.1833],[-76.0981,79.1991],[-75.6556,79.0683],[-74.9631,79.1223],[-75.7344,79.2294],[-76.2378,79.2711],[-77.3414,79.2594],[-77.9225,79.3664],[-77.3672,79.3361],[-77.3975,79.4472],[-76.3347,79.6113],[-74.0003,79.5417],[-73.8767,79.5447],[-74.1905,79.7997],[-74.4889,79.7917],[-74.8464,79.8472],[-74.5423,79.8941],[-71.1052,79.9149],[-70.4883,80.0572],[-70.7625,80.1333],[-71.3761,80.0769],[-72.3406,80.0591],[-71.8117,80.1236],[-71.5011,80.1155],[-71.1806,80.1667],[-70.2535,80.1862],[-70.4714,80.3625],[-70.4859,80.5103],[-67.0099,81.17],[-65.2528,81.5172],[-65.9855,81.468],[-67.6908,81.3294],[-68.2469,81.2728],[-69.4633,81.183],[-70.0506,81.1617],[-69.3628,81.2689],[-68.6181,81.2905],[-66.8878,81.4805],[-66.7914,81.5408],[-67.3837,81.5609],[-68.0919,81.5292],[-68.1114,81.563],[-67.5852,81.9613],[-63.0887,82.0973],[-62.2125,82.4958],[-62.5067,82.5267],[-63.0894,82.4664],[-62.9642,82.5855],[-64.0098,82.7824],[-64.4453,82.7619],[-64.7467,82.8312],[-65.2728,82.8611],[-66.6383,82.7489],[-67.5181,82.6511],[-68.6336,82.6486],[-66.8767,82.8072],[-66.8249,82.9077],[-68.9758,83.0077],[-69.5597,82.9941]],[[-68.9683,81.9403],[-70.0161,81.8402],[-72.2204,81.6977],[-72.3466,81.7278],[-69.5824,81.9181],[-68.9683,81.9403]]],[[[-65.6314,81.7025],[-65.9434,81.7146],[-66.4706,81.6283],[-65.8717,81.6272],[-65.5072,81.6617],[-65.6314,81.7025]]]]},"properties":{"NAME":null,"ABBREVN":null,"type":null,"weblnks":null,"SUBJECTO":null,"BORDERPRECISION":1,"PARTOF":null}},
{"type":"Feature","geometry":{"type":"Polygon","coordinates":[[[-114.3258,72.5719],[-114.4445,72.6264],[-114.4629,72.9893],[-114.1851,73.2442],[-114.814,73.3413],[-115.1492,73.2883],[-115.4632,73.1941],[-116.6429,73.0011],[-117.2197,72.8573],[-118.5373,72.3714],[-118.1308,72.3181],[-118.1283,72.2222],[-118.5619,72.1814],[-118.6919,72.1305],[-118.7647,72.0464],[-118.9458,71.9914],[-118.9684,71.9088],[-118.3376,71.8239],[-117.6514,71.5669],[-117.3139,71.4746],[-116.604,71.546],[-115.6189,71.5553],[-115.5959,71.493],[-115.7423,71.2986],[-116.9621,71.1876],[-117.3872,71.1925],[-118.0022,71.108],[-118.4086,71.0033],[-118.3164,70.9017],[-117.7607,70.7217],[-117.059,70.7462],[-115.5905,70.7644],[-112.8902,70.646],[-111.8499,70.4247],[-111.4872,70.3369],[-111.4428,70.2903],[-111.694,70.2695],[-112.5433,70.2375],[-112.548,70.1986],[-113.9538,70.2594],[-114.3744,70.2586],[-115.5535,70.2334],[-116.0717,70.2136],[-116.3953,70.1756],[-117.0817,70.1089],[-117.3564,70.0397],[-117.435,69.9814],[-117.3672,69.92],[-116.9949,69.7426],[-116.7448,69.5752],[-116.5814,69.5605],[-116.5586,69.4953],[-116.2955,69.4258],[-115.3407,69.2991],[-114.4472,69.278],[-114.2756,69.2819],[-113.9246,69.2489],[-113.6808,69.1919],[-113.5391,69.1138],[-113.5676,68.9641],[-113.6239,68.9333],[-113.6082,68.7705],[-113.475,68.6866],[-112.7399,68.5888],[-111.6294,68.6059],[-110.4482,68.6531],[-108.6456,69.0023],[-108.0107,69.0487],[-107.0347,69.2844],[-106.9855,69.3461],[-106.6022,69.4989],[-106.3753,69.4821],[-105.9304,69.2336],[-105.2237,69.079],[-105.065,69.1042],[-104.923,69.0747],[-104.9599,69.0213],[-104.4039,68.9314],[-103.6503,68.8612],[-102.5404,68.9084],[-102.0451,69.0674],[-101.8053,69.2058],[-101.9386,69.2619],[-102.1197,69.183],[-102.1489,69.2703],[-101.9811,69.3497],[-102.198,69.4823],[-102.7784,69.3603],[-103.0078,69.3269],[-103.2675,69.3291],[-103.5072,69.6178],[-103.4769,69.6936],[-103.2792,69.6771],[-102.7867,69.7084],[-102.3218,69.851],[-102.2067,69.913],[-102.0324,69.825],[-101.6029,69.7098],[-101.4733,69.8328],[-101.3403,69.6789],[-100.9692,69.6597],[-100.9176,69.7313],[-101.3873,70.1586],[-101.5267,70.1086],[-101.6142,70.153],[-101.6245,70.238],[-101.8175,70.2861],[-101.8933,70.2544],[-102.2814,70.3842],[-102.615,70.4605],[-103.1497,70.5139],[-103.5564,70.6008],[-103.8636,70.7015],[-104.4938,70.9939],[-104.6391,71.1247],[-104.4671,71.6545],[-104.7711,71.8336],[-105.2405,72.3349],[-105.311,72.6431],[-105.4572,72.7028],[-105.4475,72.7922],[-106.3986,73.1492],[-107.1181,73.2471],[-107.1722,73.1911],[-107.4033,73.2705],[-107.9472,73.3483],[-108.0844,73.35],[-108.1164,73.2644],[-107.9047,73.2042],[-108.2303,73.1875],[-108.2315,73.0654],[-108.1519,72.9711],[-108.0267,72.72],[-108.0119,72.62],[-107.8805,72.5775],[-107.853,72.3732],[-107.5273,72.0164],[-107.257,71.9003],[-107.4517,71.8575],[-107.6303,71.7322],[-107.8383,71.6869],[-107.7261,71.6292],[-107.8453,71.6039],[-108.0364,71.7058],[-108.2381,71.7139],[-108.2864,71.8608],[-108.3479,71.913],[-108.8499,72.5681],[-109.0433,72.5675],[-109.0511,72.6803],[-109.7467,72.8744],[-109.6183,72.9069],[-110.4546,73.0127],[-110.3506,72.8269],[-110.1714,72.775],[-109.7703,72.7222],[-109.8172,72.665],[-110.0781,72.7271],[-110.1133,72.6572],[-109.9589,72.6128],[-109.7828,72.5031],[-109.8886,72.4847],[-110.0906,72.5544],[-110.2203,72.5139],[-110.5709,72.5376],[-111.0915,72.4014],[-111.272,72.3688],[-111.8514,72.3269],[-111.711,72.3981],[-112.0635,72.8432],[-113.2413,72.944],[-113.6064,72.7583],[-113.4133,72.7347],[-113.4428,72.6722],[-113.6575,72.6114],[-114.0628,72.6403],[-114.3258,72.5719]],[[-104.5114,69.7184],[-104.6457,69.7327],[-104.8621,69.8555],[-104.4825,69.8396],[-104.3583,69.8154],[-104.3882,69.7557],[-104.5114,69.7184]]]},"properties":{"NAME":null,"ABBREVN":null,"type":null,"weblnks":null,"SUBJECTO":null,"BORDERPRECISION":1,"PARTOF":null}},
{"type":"Feature","geometry":{"type":"Polygon","coordinates":[[[-178.7584,68.5744],[-178.8912,68.6425],[-180,68.9169],[-180,68.0689],[-180,67.9631],[-180,67.0689],[-180,66.9631],[-180,66.0689],[-180,65.9631],[-180,65.3816],[-180,65.311],[-180,65.2592],[-179.6323,65.7444],[-179.7455,65.795],[-179.8231,65.9358],[-179.762,66.1169],[-179.5978,66.1172],[-179.3328,66.1453],[-179.2422,66.1975],[-179.3142,66.2608],[-179.1814,66.285],[-179.0625,66.1947],[-178.9611,66.1666],[-178.7775,66.208],[-178.6053,66.3653],[-178.5025,66.3883],[-178.5186,66.2278],[-178.5814,66.1278],[-178.6625,66.1219],[-178.7075,66.0197],[-178.9059,65.9968],[-178.6969,65.8321],[-178.6666,65.7684],[-178.4605,65.7364],[-178.4539,65.6964],[-178.5702,65.531],[-178.1163,65.4825],[-177.5119,65.5201],[-177.1256,65.6231],[-176.7828,65.6383],[-176.5285,65.6096],[-176.1914,65.4782],[-176.0781,65.4703],[-175.9258,65.3936],[-175.8622,65.235],[-175.7806,65.1608],[-175.8086,65.0661],[-175.9139,65.0083],[-175.8161,64.9583],[-175.6337,64.9233],[-175.4719,64.8564],[-175.4489,64.7844],[-175.2511,64.7794],[-175.1872,64.8485],[-174.7561,64.7533],[-174.4442,64.6641],[-174.1317,64.5597],[-174.0623,64.4321],[-173.7238,64.3828],[-173.5449,64.4191],[-173.077,64.384],[-173.0252,64.5065],[-173.2504,64.8955],[-173.1651,64.9679],[-172.4366,65.02],[-172.4247,65.2194],[-172.6136,65.213],[-172.6736,65.27],[-172.4393,65.2697],[-172.4702,65.3765],[-172.5623,65.5148],[-172.8527,65.6311],[-173.0431,65.8062],[-172.4761,65.6828],[-172.1836,65.5885],[-171.73,65.6113],[-171.2003,65.5612],[-171.4096,65.7069],[-171.6065,65.8089],[-171.6686,65.8892],[-170.9762,65.6784],[-170.6127,66.0378],[-170.4487,66.0527],[-170.1272,66.0227],[-169.8324,66.0246],[-169.8727,66.0832],[-170.0034,66.1473],[-170.1415,66.157],[-170.1766,66.2119],[-170.5082,66.3093],[-171.3433,66.6508],[-171.5397,66.7644],[-171.958,66.9557],[-172.3281,66.9625],[-172.572,66.9133],[-172.8195,66.9089],[-173.0225,66.9308],[-173.103,66.9844],[-173.2195,66.9817],[-173.1914,66.84],[-173.362,66.8403],[-173.3528,66.9722],[-173.4322,67.0343],[-173.7199,67.1155],[-173.8716,67.0855],[-174.2032,67.1008],[-174.3366,67.077],[-174.1253,66.9891],[-173.9978,66.7683],[-174.0087,66.6752],[-174.2314,66.6097],[-174.1234,66.5434],[-173.9111,66.5144],[-173.7656,66.455],[-173.7795,66.3761],[-174.0275,66.3397],[-173.9917,66.4708],[-174.202,66.3688],[-174.1933,66.288],[-174.3475,66.3222],[-174.4328,66.2955],[-174.6352,66.4048],[-175.1005,66.765],[-175.0062,66.9573],[-175.1889,67.3126],[-175.389,67.5053],[-175.4222,67.602],[-175.514,67.6688],[-175.9906,67.8467],[-177.4908,68.2354],[-177.6164,68.2139],[-177.7608,68.2564],[-177.813,68.3122],[-178.1292,68.3736],[-178.5021,68.5052],[-178.7383,68.5394],[-178.7584,68.5744]]]},"properties":{"NAME":null,"ABBREVN":null,"type":null,"weblnks":null,"SUBJECTO":null,"BORDERPRECISION":1,"PARTOF":null}},
{"type":"Feature","geometry":{"type":"Polygon","coordinates":[[[-91.5256,80.975],[-91.7222,81.0422],[-91.858,81.1678],[-92.1481,81.2364],[-93.3633,81.3739],[-93.0958,81.1653],[-93.1522,81.0947],[-94.1547,81.0939],[-93.9081,81.0394],[-94.4086,80.9655],[-94.4939,81.0175],[-94.8601,81.0523],[-94.3887,80.7347],[-94.2317,80.6922],[-94.2308,80.5564],[-94.7528,80.56],[-95.0813,80.5832],[-95.4091,80.5235],[-95.5791,80.3873],[-95.2401,80.2284],[-94.8653,80.1542],[-94.5106,80.1544],[-94.8258,80.0405],[-95.6199,80.0437],[-96.5869,80.0934],[-96.333,79.8997],[-95.6312,79.6399],[-95.1908,79.6442],[-94.7483,79.6783],[-94.5775,79.7358],[-94.3295,79.6883],[-94.6994,79.6122],[-95.3097,79.5692],[-95.3124,79.4853],[-95.0394,79.3962],[-94.5859,79.406],[-93.674,79.4794],[-93.1776,79.5342],[-91.819,79.4382],[-91.2678,79.3458],[-91.1249,79.2444],[-90.701,79.1261],[-91.4087,79.171],[-92.2431,79.1469],[-93.2278,79.1669],[-93.7842,79.038],[-94.09,79.0178],[-93.6563,78.8355],[-93.4164,78.825],[-93.4292,78.7672],[-93.0802,78.5933],[-92.8061,78.6336],[-92.5856,78.5961],[-91.6575,78.5639],[-91.9186,78.5344],[-92.5633,78.5205],[-92.6464,78.4875],[-92.0797,78.3739],[-90.6408,78.2627],[-90.6678,78.3275],[-90.1511,78.3337],[-90.0925,78.59],[-89.9458,78.5994],[-89.6096,78.484],[-89.1208,78.3445],[-88.9447,78.3624],[-88.7485,78.5389],[-88.9559,78.7497],[-88.2199,78.7797],[-88.2153,78.9608],[-87.9817,78.9605],[-88.0033,78.8072],[-87.9101,78.7198],[-87.5391,78.9561],[-87.1654,79.1256],[-85.7585,79.3782],[-85.9399,79.4695],[-86.5681,79.4529],[-87.1811,79.552],[-87.2768,79.6073],[-87.3537,79.8393],[-87.344,80.0717],[-87.86,80.0536],[-88.0656,80.1208],[-87.5619,80.1836],[-87.5769,80.2604],[-87.8273,80.3728],[-88.1105,80.4328],[-88.3477,80.4108],[-88.3364,80.1198],[-88.5347,80.0989],[-89.042,80.1666],[-89.2514,80.2783],[-89.1939,80.3137],[-89.3717,80.5364],[-89.9386,80.5083],[-90.1772,80.5489],[-90.7664,80.5655],[-90.6158,80.6303],[-91.0994,80.748],[-91.5256,80.975]]]},"properties":{"NAME":null,"ABBREVN":null,"type":null,"weblnks":null,"SUBJECTO":null,"BORDERPRECISION":1,"PARTOF":null}},
{"type":"Feature","geometry":{"type":"Polygon","coordinates":[[[-119.7264,74.0419],[-119.8361,74.0758],[-119.6476,74.1854],[-119.8557,74.2369],[-120.2172,74.2825],[-120.9756,74.4297],[-121.0111,74.4722],[-121.2536,74.5258],[-121.5186,74.5489],[-121.7667,74.5397],[-122.3375,74.4711],[-123.057,74.4391],[-123.2235,74.4418],[-124.1086,74.3928],[-124.7556,74.3428],[-124.6003,74.2683],[-124.4342,74.1344],[-124.4132,74.0619],[-124.0648,73.8652],[-123.8478,73.8253],[-123.7747,73.7644],[-123.8339,73.7003],[-124.0678,73.6547],[-124.0389,73.5869],[-124.1606,73.4869],[-124.5033,73.3328],[-124.5992,73.2278],[-124.8642,73.071],[-124.7125,73.0039],[-124.4972,72.9772],[-124.4972,72.9197],[-124.9592,72.8564],[-125.0261,72.8211],[-124.9406,72.7025],[-125.0281,72.5661],[-125.163,72.5165],[-125.1807,72.4314],[-125.5774,72.2452],[-125.7144,72.1575],[-125.7322,72.0373],[-125.4905,71.9721],[-125.0228,71.9725],[-125.1734,71.9277],[-124.5773,71.8983],[-124.0721,71.735],[-123.8275,71.5755],[-123.6342,71.4725],[-123.3709,71.1894],[-122.9911,71.153],[-122.6703,71.1476],[-122.327,71.232],[-122.1704,71.2865],[-121.9362,71.5048],[-121.3904,71.4747],[-120.8435,71.5303],[-120.5456,71.6556],[-120.424,71.8826],[-120.4536,72.2985],[-119.7684,72.3943],[-119.307,72.6476],[-118.585,72.9737],[-118.1041,73.1176],[-117.2813,73.3101],[-116.7982,73.3748],[-116.0741,73.5198],[-115.7627,73.5683],[-115.6537,73.6325],[-116.7286,73.9994],[-117.3362,74.1673],[-117.6831,74.1989],[-118.2334,74.2059],[-118.8258,74.1484],[-118.8078,74.0905],[-118.9636,74.005],[-119.1872,73.9941],[-119.1441,74.1236],[-119.5747,74.1674],[-119.7264,74.0419]]]},"properties":{"NAME":null,"ABBREVN":null,"type":null,"weblnks":null,"SUBJECTO":null,"BORDERPRECISION":1,"PARTOF":null}},
{"type":"Feature","geometry":{"type":"Polygon","coordinates":[[[-92.6836,76.5925],[-93.0849,76.527],[-93.0639,76.3748],[-92.2241,75.9472],[-92.1086,75.8589],[-92.0979,75.7037],[-92.005,75.595],[-92.2056,75.5524],[-92.3655,75.4213],[-92.152,75.0839],[-91.8668,74.7889],[-91.3577,74.7574],[-90.8478,74.8773],[-90.5203,74.7184],[-90.1531,74.63],[-89.6981,74.6146],[-89.2686,74.7046],[-89.122,74.8509],[-88.9471,74.9324],[-88.3902,74.9905],[-88.3257,74.682],[-88.1436,74.569],[-87.4898,74.5378],[-86.3057,74.621],[-86.2116,74.8157],[-85.9891,74.808],[-85.7224,74.7193],[-85.1182,74.6232],[-84.5679,74.6161],[-84.1585,74.6655],[-83.8224,74.6418],[-83.581,74.699],[-83.4487,75.0823],[-83.0738,74.9841],[-82.936,74.684],[-82.7536,74.6276],[-82.373,74.5555],[-82.0274,74.5319],[-81.7345,74.5728],[-80.3493,74.6159],[-80.4999,75.0301],[-79.6751,75.2133],[-79.4952,75.2798],[-79.5766,75.3957],[-79.7546,75.4728],[-80.0104,75.5211],[-80.7661,75.6096],[-81.2853,75.6575],[-81.2172,75.7336],[-81.3574,75.7893],[-82.3272,75.8369],[-82.6647,75.8114],[-83.1236,75.7344],[-83.4336,75.7503],[-83.5153,75.7897],[-83.9294,75.8108],[-84.2992,75.7028],[-84.6636,75.6861],[-84.6572,75.6475],[-85.0742,75.6519],[-85.3292,75.5611],[-85.9641,75.5366],[-86.0629,75.4775],[-85.6744,75.4183],[-86.3688,75.4185],[-86.618,75.4322],[-87.0553,75.5469],[-87.2342,75.6183],[-87.4628,75.563],[-87.7514,75.5767],[-88.0681,75.5219],[-88.2036,75.5311],[-88.5188,75.6199],[-88.6474,75.5946],[-88.6666,75.4532],[-88.9506,75.4297],[-89.0997,75.4841],[-89.3367,75.6278],[-89.5922,75.8588],[-89.8017,75.9182],[-90.1058,75.9577],[-90.3383,75.9619],[-90.5261,75.9305],[-91.1564,75.9743],[-91.0188,76.1484],[-91.3367,76.1786],[-91.257,76.2272],[-90.9901,76.1847],[-90.6062,76.2613],[-90.0871,76.2875],[-89.8966,76.3463],[-90.4144,76.403],[-90.9911,76.4478],[-91.4025,76.4575],[-91.3497,76.5094],[-91.0906,76.478],[-90.6383,76.4558],[-90.4965,76.5217],[-90.8201,76.5943],[-91.1346,76.6325],[-92.1448,76.6229],[-92.3686,76.5944],[-92.6836,76.5925]]]},"properties":{"NAME":null,"ABBREVN":null,"type":null,"weblnks":null,"SUBJECTO":null,"BORDERPRECISION":1,"PARTOF":null}},
{"type":"Feature","geometry":{"type":"Polygon","coordinates":[[[-108.5867,76.6417],[-108.7368,76.7947],[-109.1278,76.8194],[-109.3028,76.7969],[-109.6467,76.5933],[-109.8375,76.5389],[-109.7464,76.5056],[-110.3597,76.4289],[-109.7764,76.2755],[-109.3366,76.0829],[-109.1026,75.8481],[-109.1327,75.7504],[-108.8269,75.6866],[-108.9364,75.4767],[-109.3044,75.515],[-110.0678,75.5405],[-110.3339,75.5392],[-110.4955,75.5692],[-110.7717,75.5667],[-111.2217,75.5169],[-111.4072,75.615],[-111.3904,75.6615],[-111.8617,75.8267],[-112.2926,76.0288],[-112.4133,76.0425],[-112.5736,76.1606],[-112.8512,76.2275],[-113.5486,76.1335],[-113.7818,76.1993],[-113.9967,76.1927],[-114.1294,76.3119],[-114.1019,76.3649],[-114.3724,76.4696],[-114.948,76.4431],[-115.8021,76.34],[-115.9198,76.3064],[-115.7567,76.2341],[-115.2722,76.2303],[-115.3275,76.1847],[-116.2735,76.1903],[-116.15,75.9345],[-115.8685,75.8845],[-115.2217,75.8803],[-115.5821,75.8336],[-115.1503,75.7568],[-115.5822,75.6853],[-116.5036,75.6752],[-116.9978,75.6492],[-117.1526,75.5726],[-116.4603,75.5575],[-116.1192,75.5728],[-115.6675,75.6472],[-115.3247,75.66],[-115.2883,75.6205],[-115.6197,75.5789],[-115.9733,75.4928],[-116.1347,75.4764],[-117.0414,75.4836],[-117.2189,75.4764],[-117.3966,75.4071],[-116.5721,75.2014],[-116.158,75.2353],[-115.9421,75.3103],[-115.1859,75.1543],[-114.828,75.1964],[-114.35,75.2109],[-114.6097,75.28],[-114.5128,75.3147],[-114.1375,75.245],[-114.0406,75.3678],[-113.4711,75.4278],[-113.7828,75.3378],[-113.8752,75.2526],[-112.3954,75.3916],[-111.1497,75.3525],[-111.2268,75.2644],[-110.9175,75.2397],[-111.0292,75.1711],[-111.5353,75.015],[-111.7533,74.9817],[-111.9622,75.0014],[-112.5242,74.9955],[-112.8675,74.9755],[-113.1519,74.925],[-113.2828,74.8486],[-113.71,74.8297],[-114.1599,74.7658],[-114.0933,74.6744],[-113.1061,74.5143],[-112.2028,74.4998],[-111.6006,74.5899],[-110.8692,74.721],[-110.0877,74.9173],[-109.5782,75.0081],[-108.7905,75.1251],[-107.9998,75.0441],[-107.4796,75.0121],[-106.371,75.0554],[-106.0778,75.0987],[-105.8797,75.1788],[-105.8753,75.2711],[-105.6957,75.3302],[-105.6122,75.4377],[-105.6295,75.6625],[-105.498,75.8466],[-105.8676,76.0011],[-106.3367,76.0547],[-106.6389,76.053],[-106.8419,75.9697],[-106.6915,75.7607],[-106.9636,75.7386],[-107.0973,75.8519],[-107.3626,75.9116],[-107.7597,75.8744],[-107.8736,75.798],[-108.0311,75.8225],[-107.9087,75.9593],[-108.3961,76.0461],[-108.3922,76.1594],[-108.3042,76.1871],[-108.3963,76.3034],[-108.3923,76.4018],[-108.5811,76.4391],[-108.5867,76.6417]]]},"properties":{"NAME":null,"ABBREVN":null,"type":null,"weblnks":null,"SUBJECTO":null,"BORDERPRECISION":1,"PARTOF":null}},
{"type":"Feature","geometry":{"type":"Polygon","coordinates":[[[-85.0675,65.5964],[-85.0579,65.6091],[-85.5575,65.8636],[-85.7066,65.6516],[-85.8208,65.36],[-86.016,65.1054],[-86.1951,64.7295],[-86.2428,64.5423],[-86.1971,64.3555],[-86.0611,64.1405],[-86.8008,63.8884],[-87.0529,63.752],[-87.0995,63.5522],[-86.7697,63.5852],[-86.5961,63.6686],[-86.3115,63.6411],[-85.6007,63.7476],[-85.4321,63.5978],[-85.4628,63.2055],[-85.1568,63.1847],[-84.6547,63.3139],[-84.4642,63.4118],[-84.3881,63.5592],[-84.2861,63.6155],[-84.1599,63.6185],[-84.0871,63.6718],[-83.9637,63.6869],[-83.7406,63.78],[-83.6372,63.7664],[-83.5958,63.8258],[-83.6042,63.928],[-83.6833,64.0022],[-83.4259,64.1741],[-83.0083,64.1875],[-82.9669,64.1301],[-82.731,64.0751],[-82.5445,63.9686],[-82.3783,63.9144],[-82.3666,63.8323],[-82.1977,63.6896],[-82.0411,63.6858],[-81.9097,63.6319],[-81.7572,63.6347],[-81.6741,63.6022],[-81.4032,63.5768],[-81.1231,63.5202],[-80.9363,63.5112],[-80.5878,63.6358],[-80.4542,63.7278],[-80.2313,63.7438],[-80.6377,63.9143],[-80.953,63.9781],[-81.3731,63.9988],[-81.6296,63.9697],[-81.9992,64.0033],[-81.9558,64.0619],[-81.8631,64.0825],[-81.8314,64.4068],[-81.9107,64.5217],[-82.1096,64.6436],[-83.0854,64.865],[-83.3471,64.9799],[-83.6697,65.1608],[-83.9,65.1655],[-84.0883,65.2039],[-84.2297,65.2647],[-84.1475,65.3339],[-84.424,65.3917],[-84.605,65.1807],[-84.9306,65.2142],[-84.956,65.2575],[-85.1984,65.3758],[-85.142,65.4694],[-85.2958,65.5239],[-85.0675,65.5964]]]},"properties":{"NAME":null,"ABBREVN":null,"type":null,"weblnks":null,"SUBJECTO":null,"BORDERPRECISION":1,"PARTOF":null}},
{"type":"Feature","geometry":{"type":"MultiPolygon","coordinates":[[[[-97.9603,73.8469],[-98.18,73.8042],[-98.6684,73.7742],[-98.9675,73.7278],[-99.235,73.7378],[-99.4803,73.8219],[-99.8658,73.8378],[-100.063,73.765],[-100.3771,73.8319],[-100.6581,73.8463],[-100.7342,73.8153],[-100.9879,73.8046],[-100.9138,73.7081],[-100.4334,73.5171],[-99.8411,73.1914],[-100.1495,73.1511],[-100.207,73.1119],[-100.0314,72.935],[-100.0964,72.8864],[-100.2853,72.8736],[-100.3156,72.8014],[-100.448,72.7355],[-100.7072,72.7558],[-100.8822,72.6897],[-101.2975,72.71],[-101.5048,72.8675],[-101.7411,72.9241],[-101.9708,73.0705],[-102.1372,73.0869],[-102.3926,73.0615],[-102.6667,72.8519],[-101.6537,72.3731],[-101.4063,72.2948],[-101.2389,72.3339],[-101.0979,72.2692],[-100.7592,72.241],[-100.3189,72.1397],[-99.8626,71.9289],[-99.4343,71.6406],[-98.939,71.3922],[-98.7181,71.3538],[-98.3719,71.37],[-98.0421,71.531],[-98.18,71.5719],[-98.4939,71.7139],[-98.484,71.8924],[-98.19,71.846],[-97.8419,71.6904],[-97.58,71.644],[-97.284,71.6524],[-97.0671,71.712],[-96.8496,71.8798],[-96.6575,72.3431],[-96.3509,72.5012],[-96.6119,72.7469],[-96.9156,72.6786],[-97.081,72.6059],[-97.1794,72.6675],[-97.0297,72.7167],[-97.0817,72.78],[-97.2653,72.8489],[-97.2321,72.9279],[-97.7405,73.0127],[-98.0519,72.9724],[-98.1776,72.9985],[-98.3978,72.9028],[-98.4503,73.0203],[-98.3134,73.0524],[-98.3937,73.1306],[-98.3628,73.2181],[-98.1863,73.2901],[-97.4889,73.4588],[-97.6683,73.4833],[-97.6381,73.5386],[-97.4233,73.5273],[-97.3435,73.6108],[-97.0824,73.6673],[-96.9835,73.749],[-97.2236,73.8564],[-97.5003,73.8619],[-97.7619,73.9119],[-97.9603,73.8469]]],[[[-96.7703,72.7197],[-96.6414,72.7822],[-96.9158,72.8387],[-97.0111,72.7758],[-96.9553,72.7341],[-96.7703,72.7197]]]]},"properties":{"NAME":null,"ABBREVN":null,"type":null,"weblnks":null,"SUBJECTO":null,"BORDERPRECISION":1,"PARTOF":null}},
{"type":"Feature","geometry":{"type":"MultiPolygon","coordinates":[[[[-125.9336,49.2111],[-125.9064,49.1608],[-125.8203,49.1247],[-125.7992,49.2083],[-125.8789,49.2358],[-125.9336,49.2111]]],[[[-125.9286,50.3822],[-126.1524,50.4589],[-126.3655,50.4832],[-126.5639,50.4836],[-126.7764,50.5461],[-126.9753,50.5769],[-127.2269,50.6361],[-127.4592,50.7183],[-127.4828,50.7507],[-127.796,50.8454],[-127.9339,50.8722],[-128.0531,50.8719],[-128.3492,50.8017],[-128.4167,50.7692],[-128.3431,50.6685],[-127.7687,50.2801],[-127.3855,50.05],[-127.3277,50.0348],[-127.2706,50.0992],[-127.1583,50.0964],[-127.1948,50.0078],[-126.9612,50.0574],[-126.5222,49.8217],[-126.6074,49.7431],[-126.585,49.7011],[-126.4703,49.6356],[-126.5631,49.5722],[-126.2325,49.5335],[-126.1115,49.5272],[-125.8922,49.3768],[-125.9445,49.2345],[-125.7967,49.3103],[-125.7561,49.1517],[-125.7626,49.0845],[-125.6454,49.0562],[-125.4596,49.1679],[-124.999,49.1689],[-125.1269,48.9911],[-124.9031,48.9714],[-125.0172,48.9205],[-125.1426,48.8311],[-125.0978,48.7954],[-124.4926,48.6003],[-123.902,48.4706],[-123.7191,48.4775],[-123.5934,48.6347],[-123.6454,48.8179],[-123.8564,49.1492],[-123.945,49.2118],[-124.2608,49.3153],[-124.5192,49.3703],[-124.7894,49.4642],[-124.8824,49.5771],[-125.0757,49.7654],[-125.2675,50.0541],[-125.5454,50.291],[-125.661,50.37],[-125.9286,50.3822]]]]},"properties":{"NAME":null,"ABBREVN":null,"type":null,"weblnks":null,"SUBJECTO":null,"BORDERPRECISION":1,"PARTOF":null}},
{"type":"Feature","geometry":{"type":"Polygon","coordinates":[[[-117.9733,76.5964],[-117.8633,76.4376],[-117.413,76.43],[-116.9999,76.7279],[-116.5894,76.7797],[-116.2396,76.7804],[-116.4507,76.9934],[-116.5047,77.1132],[-116.4059,77.2335],[-116.0226,77.3375],[-115.6824,77.3812],[-116.2033,77.52],[-116.4878,77.5503],[-116.7694,77.5164],[-117.1311,77.4435],[-117.0111,77.3989],[-116.6628,77.3917],[-116.7789,77.3192],[-117.2764,77.2892],[-117.7244,77.338],[-117.8672,77.3886],[-118.1658,77.3553],[-118.6511,77.3605],[-118.9414,77.3197],[-119.1533,77.3258],[-119.2958,77.2767],[-119.3892,77.1844],[-119.8356,77.0853],[-120.0914,77.0031],[-120.3653,76.8361],[-120.5811,76.7494],[-120.8122,76.7372],[-120.9003,76.6933],[-121.2125,76.6497],[-121.4219,76.4936],[-121.55,76.4347],[-122.0147,76.4325],[-122.3989,76.3969],[-122.6178,76.3422],[-122.6333,76.2755],[-122.2821,76.1506],[-121.7113,76.1769],[-121.3108,76.2958],[-120.9691,76.1715],[-120.7275,76.1586],[-120.736,76.0572],[-120.4061,75.9558],[-120.0999,75.9781],[-119.7826,76.1385],[-119.6548,76.3073],[-119.3868,76.3755],[-119.1033,76.6558],[-118.8389,76.8095],[-118.736,76.9377],[-118.5655,76.9466],[-118.2532,76.8789],[-118.1498,76.7618],[-117.7386,76.7841],[-117.9067,76.6941],[-117.9733,76.5964]]]},"properties":{"NAME":null,"ABBREVN":null,"type":null,"weblnks":null,"SUBJECTO":null,"BORDERPRECISION":1,"PARTOF":null}},
{"type":"Feature","geometry":{"type":"Polygon","coordinates":[[[-102.6758,78.9775],[-102.623,79.0407],[-103.1615,79.2899],[-103.3984,79.3],[-103.7225,79.3569],[-103.9778,79.3689],[-105.1972,79.2997],[-105.4652,79.3199],[-105.481,79.2242],[-104.8546,79.1363],[-104.3708,79.1016],[-104.1102,79.0576],[-103.5053,78.8369],[-103.3189,78.7403],[-103.3916,78.7133],[-103.3781,78.5861],[-103.5333,78.4964],[-104.1428,78.5294],[-104.6667,78.5797],[-104.9661,78.5339],[-104.5076,78.3677],[-104.1625,78.2982],[-103.8282,78.2853],[-103.1339,78.3691],[-102.8061,78.3778],[-102.808,78.3169],[-101.1679,78.2689],[-100.8882,78.1819],[-100.4715,77.8949],[-100.1998,77.8172],[-99.8074,77.7983],[-99.2658,77.8538],[-99.0807,77.9285],[-99.1167,78.1114],[-99.3986,78.2],[-99.5144,78.2772],[-99.7978,78.3086],[-99.7492,78.3725],[-99.8314,78.4508],[-99.6426,78.4982],[-99.8524,78.633],[-100.1044,78.7477],[-100.423,78.8241],[-100.8639,78.7814],[-101.2006,78.8208],[-101.0476,78.8962],[-101.6785,78.929],[-102.3844,78.9981],[-102.6758,78.9775]]]},"properties":{"NAME":null,"ABBREVN":null,"type":null,"weblnks":null,"SUBJECTO":null,"BORDERPRECISION":1,"PARTOF":null}},
{"type":"Feature","geometry":{"type":"Polygon","coordinates":[[[-92.1144,73.9767],[-92.6933,74.0122],[-93.3523,74.1236],[-93.7382,74.1512],[-94.3922,74.1219],[-94.7322,74.0953],[-95.0439,74.026],[-94.9855,73.9356],[-94.7985,73.8157],[-94.758,73.7437],[-95.0218,73.7506],[-95.1383,73.7008],[-95.3234,73.7586],[-95.4931,73.6143],[-95.6145,73.3188],[-95.575,73.165],[-95.627,73.1049],[-95.5476,72.882],[-95.1239,72.5192],[-95.0584,72.2831],[-94.5424,72.1898],[-94.1086,72.222],[-93.7238,72.3879],[-93.6393,72.5299],[-94.2658,72.8527],[-93.6949,72.8776],[-92.6243,72.8083],[-92.0006,72.8411],[-91.3196,73.2552],[-90.9264,73.5908],[-90.5553,73.7835],[-90.4517,73.904],[-90.7355,73.9683],[-91.0975,74.0083],[-91.5708,74.0258],[-91.8553,74.018],[-92.1144,73.9767]]]},"properties":{"NAME":null,"ABBREVN":null,"type":null,"weblnks":null,"SUBJECTO":null,"BORDERPRECISION":1,"PARTOF":null}},
{"type":"Feature","geometry":{"type":"MultiPolygon","coordinates":[[[[-102.0206,75.9255],[-102.516,75.9193],[-102.3942,75.8808],[-102.0206,75.9255]]],[[[-98.3578,76.5655],[-98.4292,76.6269],[-98.8312,76.6144],[-98.9029,76.4144],[-99.1844,76.4158],[-99.3417,76.5136],[-99.7466,76.6162],[-100.2167,76.6431],[-100.6584,76.5749],[-100.5105,76.4452],[-99.87,76.2758],[-100.1071,76.2665],[-99.9019,76.1432],[-99.8665,76.0585],[-100.0439,76.0223],[-99.8594,75.9353],[-99.9825,75.8905],[-100.44,76.1053],[-100.6303,76.1333],[-101.0045,76.2378],[-101.0583,76.3269],[-101.4347,76.4344],[-101.7989,76.4543],[-101.8849,76.3327],[-101.6755,76.0635],[-101.8735,76.0442],[-101.6783,75.9797],[-101.5792,75.9086],[-101.3639,75.8478],[-101.3281,75.7744],[-101.8644,75.9022],[-102.2903,75.8572],[-102.3733,75.8017],[-102.1122,75.7936],[-102.1496,75.644],[-101.5779,75.6869],[-100.6194,75.7889],[-100.097,75.7648],[-99.9683,75.669],[-99.8175,75.6553],[-99.9593,75.5338],[-100.1303,75.4896],[-100.474,75.3147],[-100.3594,75.2997],[-100.3871,75.1824],[-99.9442,75.0841],[-99.2935,75.0853],[-98.9058,75.1356],[-98.1638,75.0957],[-98.0715,75.2869],[-98.1647,75.3292],[-98.1515,75.6016],[-97.8388,75.7279],[-97.6667,75.8614],[-97.6513,76.1384],[-97.8165,76.4757],[-97.8941,76.5158],[-98.3578,76.5655]]]]},"properties":{"NAME":null,"ABBREVN":null,"type":null,"weblnks":null,"SUBJECTO":null,"BORDERPRECISION":1,"PARTOF":null}},
{"type":"Feature","geometry":{"type":"Polygon","coordinates":[[[-97.1036,69.6142],[-97.2842,69.6969],[-97.3983,69.5975],[-97.4903,69.6686],[-97.3411,69.7064],[-97.4444,69.7579],[-97.7416,69.8316],[-98.1154,69.8005],[-98.2526,69.6941],[-98.272,69.5806],[-98.1669,69.5033],[-98.2486,69.485],[-98.4033,69.3036],[-98.6671,69.258],[-98.798,69.1705],[-99.1715,69.1255],[-99.365,68.9745],[-99.0711,68.9206],[-98.9658,68.9494],[-98.8598,68.8837],[-98.3833,68.86],[-98.1682,68.7812],[-97.6056,68.6396],[-97.2087,68.6103],[-96.7936,68.5286],[-96.4728,68.5143],[-96.2127,68.5372],[-95.8408,68.6803],[-95.8017,68.7339],[-95.662,68.7491],[-95.5146,68.8087],[-95.8439,68.923],[-95.9485,69.0133],[-96.1522,69.103],[-96.2038,69.3038],[-96.6229,69.4342],[-96.8669,69.4878],[-97.0906,69.585],[-97.1036,69.6142]]]},"properties":{"NAME":null,"ABBREVN":null,"type":null,"weblnks":null,"SUBJECTO":null,"BORDERPRECISION":1,"PARTOF":null}},
{"type":"Feature","geometry":{"type":"Polygon","coordinates":[[[-96.0094,78.4925],[-96.1781,78.5189],[-96.2939,78.6153],[-96.5336,78.6769],[-97.4886,78.7966],[-97.739,78.814],[-98.2061,78.8051],[-98.3647,78.7681],[-98.3269,78.6505],[-98.0281,78.5633],[-98.2431,78.5319],[-97.9227,78.3189],[-97.6919,78.2103],[-97.3492,78.2086],[-96.8705,78.1333],[-96.8875,78.0831],[-97.3611,78.0782],[-97.0868,78.0145],[-96.602,77.9981],[-96.1324,78.0338],[-95.2325,78.1315],[-95.1763,78.2047],[-95.3636,78.2414],[-95.1173,78.2864],[-95.097,78.4384],[-95.5282,78.5138],[-96.0094,78.4925]]]},"properties":{"NAME":null,"ABBREVN":null,"type":null,"weblnks":null,"SUBJECTO":null,"BORDERPRECISION":1,"PARTOF":null}},
{"type":"Feature","geometry":{"type":"Polygon","coordinates":[[[-75.1628,67.9439],[-75.1195,68.113],[-75.4748,68.2542],[-75.8644,68.3387],[-76.0833,68.2953],[-76.2211,68.3014],[-76.4963,68.2672],[-76.7942,68.1472],[-77.1125,67.8484],[-77.2475,67.6548],[-77.1695,67.4397],[-77.0648,67.3287],[-76.8628,67.2625],[-76.3419,67.2505],[-75.7704,67.3015],[-75.3092,67.458],[-75.1463,67.577],[-75.1297,67.8884],[-75.1628,67.9439]]]},"properties":{"NAME":null,"ABBREVN":null,"type":null,"weblnks":null,"SUBJECTO":null,"BORDERPRECISION":1,"PARTOF":null}},
{"type":"Feature","geometry":{"type":"MultiPolygon","coordinates":[[[[-152.8625,57.7308],[-152.9194,57.7938],[-153.1778,57.8253],[-153.399,57.7867],[-153.3219,57.7158],[-153.4202,57.6661],[-153.5218,57.5436],[-153.7313,57.4269],[-153.9218,57.4958],[-154.1886,57.6314],[-154.342,57.4873],[-154.5852,57.3637],[-154.6396,57.2708],[-154.5392,57.1844],[-154.5224,57.1184],[-154.345,57.1478],[-154.1244,57.1431],[-154.0126,57.1154],[-154.0075,57.0353],[-153.8044,57.1514],[-153.7397,57.1267],[-153.8931,57.0711],[-153.9703,56.96],[-153.67,56.969],[-153.5,57.0639],[-153.2712,57.2636],[-153.1771,57.4074],[-153.0347,57.4517],[-152.9269,57.5169],[-152.7048,57.4915],[-152.3783,57.5184],[-152.4322,57.6044],[-152.6795,57.7645],[-152.8605,57.7866],[-152.8625,57.7308]]],[[[-154.3528,57.055],[-154.15,56.9803],[-154.1158,57.1219],[-154.2667,57.1169],[-154.3528,57.055]]]]},"properties":{"NAME":null,"ABBREVN":null,"type":null,"weblnks":null,"SUBJECTO":null,"BORDERPRECISION":1,"PARTOF":null}},
{"type":"Feature","geometry":{"type":"Polygon","coordinates":[[[-170.737,63.6328],[-170.9034,63.573],[-171.0633,63.5853],[-171.2723,63.6289],[-171.3747,63.6047],[-171.5445,63.6147],[-171.64,63.6989],[-171.8084,63.6358],[-171.8457,63.4956],[-171.7277,63.4571],[-171.3226,63.4865],[-170.9664,63.4586],[-170.8567,63.4619],[-170.7809,63.4208],[-170.5,63.3725],[-170.2455,63.2856],[-170.1782,63.1855],[-170.0822,63.1928],[-169.8231,63.1307],[-169.6659,63.2397],[-169.3753,63.2545],[-169.1192,63.2407],[-169.1399,63.2906],[-169.2536,63.3375],[-169.5448,63.3592],[-169.6539,63.4366],[-169.8445,63.4514],[-170.1089,63.5603],[-170.4815,63.6884],[-170.737,63.6328]]]},"properties":{"NAME":null,"ABBREVN":null,"type":null,"weblnks":null,"SUBJECTO":null,"BORDERPRECISION":1,"PARTOF":null}},
{"type":"Feature","geometry":{"type":"Polygon","coordinates":[[[-94.2578,76.8964],[-94.9345,76.9233],[-95.6285,77.0416],[-96.3899,77.0282],[-96.6733,76.9822],[-96.8095,76.9197],[-96.5263,76.8206],[-96.3156,76.8025],[-96.2765,76.7332],[-95.9375,76.5483],[-95.7806,76.5489],[-95.5326,76.497],[-94.5072,76.4228],[-93.9376,76.3985],[-93.8196,76.4833],[-93.8748,76.6273],[-93.7945,76.738],[-94.1665,76.8876],[-94.2578,76.8964]]]},"properties":{"NAME":null,"ABBREVN":null,"type":null,"weblnks":null,"SUBJECTO":null,"BORDERPRECISION":1,"PARTOF":null}},
{"type":"Feature","geometry":{"type":"MultiPolygon","coordinates":[[[[-133.0603,56.0469],[-133.2807,56.2316],[-133.4856,56.2583],[-133.4921,56.1719],[-133.2553,56.1478],[-133.257,55.9442],[-133.1442,55.8119],[-133.2683,55.7423],[-133.271,55.621],[-133.2246,55.5755],[-132.9764,55.6383],[-133.1155,55.5181],[-133.1222,55.4751],[-132.9857,55.3522],[-132.6456,55.1403],[-132.512,55.1064],[-132.5096,55.0555],[-132.1738,54.8463],[-132.1765,55.1915],[-132.25,55.2117],[-132.1772,55.2848],[-132.5547,55.4531],[-132.6881,55.6492],[-132.5944,55.812],[-132.6333,55.9001],[-133.0016,56.0521],[-133.0603,56.0469]]],[[[-133.4006,56.1544],[-133.4729,56.1429],[-133.363,56.0103],[-133.2811,56.1444],[-133.4006,56.1544]]]]},"properties":{"NAME":null,"ABBREVN":null,"type":null,"weblnks":null,"SUBJECTO":null,"BORDERPRECISION":1,"PARTOF":null}},
{"type":"Feature","geometry":{"type":"Polygon","coordinates":[[[-110.8958,77.8561],[-110.2489,77.8939],[-109.7357,77.9551],[-110.7101,78.0234],[-110.9331,78.023],[-111.9912,77.9774],[-112.379,78.0017],[-113.0334,77.9026],[-113.1602,77.7925],[-113.0243,77.6021],[-112.7644,77.5507],[-111.9104,77.4832],[-111.4521,77.5186],[-110.6197,77.5375],[-110.0957,77.7713],[-110.6311,77.758],[-110.8958,77.8561]]]},"properties":{"NAME":null,"ABBREVN":null,"type":null,"weblnks":null,"SUBJECTO":null,"BORDERPRECISION":1,"PARTOF":null}},
{"type":"Feature","geometry":{"type":"Polygon","coordinates":[[[-160.4206,55.63],[-160.3557,55.6571],[-160.676,55.7649],[-160.6895,55.695],[-160.8069,55.7272],[-160.9277,55.8097],[-161.3181,55.8791],[-161.6089,55.8446],[-161.8105,55.7831],[-162.2238,55.4977],[-162.4948,55.4158],[-162.488,55.3744],[-162.5864,55.3419],[-162.481,55.1427],[-162.2183,55.1324],[-161.7661,55.344],[-161.7061,55.3967],[-161.7169,55.5047],[-161.6155,55.6086],[-161.397,55.628],[-161.1646,55.5483],[-160.8671,55.5748],[-160.5278,55.5416],[-160.4461,55.5539],[-160.4206,55.63]]]},"properties":{"NAME":null,"ABBREVN":null,"type":null,"weblnks":null,"SUBJECTO":null,"BORDERPRECISION":1,"PARTOF":null}},
{"type":"Feature","geometry":{"type":"Polygon","coordinates":[[[-155.7914,19.0292],[-155.7443,19.001],[-155.6501,19.1367],[-155.482,19.24],[-155.1372,19.3279],[-155.0599,19.4196],[-154.9477,19.4829],[-154.92,19.5552],[-155.0576,19.6224],[-155.1115,19.7515],[-155.2185,19.7722],[-155.2117,19.8962],[-155.4788,20.0874],[-155.8729,20.2577],[-155.895,20.185],[-155.8797,20.1247],[-155.8186,20.0472],[-155.8197,19.9903],[-155.9189,19.865],[-156.0264,19.7997],[-156.05,19.7358],[-156.0095,19.6636],[-155.8806,19.3722],[-155.9075,19.1755],[-155.9009,19.0883],[-155.8595,19.0328],[-155.7914,19.0292]]]},"properties":{"NAME":null,"ABBREVN":null,"type":null,"weblnks":null,"SUBJECTO":null,"BORDERPRECISION":1,"PARTOF":null}},
{"type":"Feature","geometry":{"type":"Polygon","coordinates":[[[-163.3289,54.7011],[-163.2064,54.7372],[-163.37,54.785],[-163.4615,54.9703],[-163.5674,55.0218],[-163.758,55.0558],[-164.1312,54.9061],[-164.5609,54.8313],[-164.7042,54.6683],[-164.8949,54.611],[-164.9503,54.571],[-164.863,54.4344],[-164.7683,54.395],[-164.4731,54.4119],[-164.3877,54.4422],[-164.246,54.5966],[-164.0719,54.6575],[-163.5727,54.6315],[-163.3289,54.7011]]]},"properties":{"NAME":null,"ABBREVN":null,"type":null,"weblnks":null,"SUBJECTO":null,"BORDERPRECISION":1,"PARTOF":null}},
{"type":"Feature","geometry":{"type":"MultiPolygon","coordinates":[[[[-135.4889,58.0683],[-135.6183,57.9617],[-135.7078,57.9783],[-135.7061,58.0564],[-136.0035,58.2047],[-136.3001,58.1801],[-136.4182,58.1112],[-136.2975,57.9836],[-136.4111,57.8394],[-136.3531,57.8331],[-136.1255,57.6989],[-136.0544,57.6087],[-135.8125,57.4705],[-135.7914,57.5569],[-135.8217,57.7555],[-135.5425,57.7218],[-135.147,57.5992],[-135.115,57.6746],[-135.1441,57.7327],[-135.297,57.7317],[-135.36,57.7972],[-135.1655,57.7752],[-135.3249,58.0927],[-135.4889,58.0683]]],[[[-136.5467,57.9608],[-136.4467,57.8453],[-136.3803,57.9147],[-136.3405,58.0183],[-136.4438,58.0816],[-136.5467,57.9608]]]]},"properties":{"NAME":null,"ABBREVN":null,"type":null,"weblnks":null,"SUBJECTO":null,"BORDERPRECISION":1,"PARTOF":null}},
{"type":"Feature","geometry":{"type":"Polygon","coordinates":[[[-132.5722,53.9767],[-132.5664,54.0296],[-132.7299,54.0667],[-132.8701,54.0463],[-133.0532,54.066],[-133.0933,53.9515],[-133.086,53.8048],[-132.9844,53.7428],[-132.9389,53.6007],[-132.7717,53.4556],[-132.5208,53.4122],[-132.4098,53.3419],[-132.3514,53.3649],[-132.0898,53.3988],[-132.0772,53.5392],[-131.9995,53.7935],[-131.8942,53.8942],[-131.9564,53.9677],[-132.0773,54.0189],[-132.1264,53.9794],[-132.0845,53.8727],[-132.1525,53.8125],[-132.1564,53.7164],[-132.2455,53.6625],[-132.3214,53.6636],[-132.4181,53.6061],[-132.665,53.6733],[-132.5208,53.6972],[-132.225,53.7803],[-132.1111,53.8783],[-132.1698,54.011],[-132.3785,53.987],[-132.5487,54.0256],[-132.5722,53.9767]]]},"properties":{"NAME":null,"ABBREVN":null,"type":null,"weblnks":null,"SUBJECTO":null,"BORDERPRECISION":1,"PARTOF":null}},
{"type":"Feature","geometry":{"type":"Polygon","coordinates":[[[-135.03,56.5775],[-134.9457,56.4535],[-134.8028,56.671],[-134.7638,56.7937],[-135.0023,57.3258],[-135.2581,57.4142],[-135.4412,57.4275],[-135.4839,57.3317],[-135.469,57.2463],[-135.3478,57.2497],[-135.4092,57.1542],[-135.3526,57.0565],[-135.03,56.5775]]]},"properties":{"NAME":null,"ABBREVN":null,"type":null,"weblnks":null,"SUBJECTO":null,"BORDERPRECISION":1,"PARTOF":null}},
{"type":"Feature","geometry":{"type":"Polygon","coordinates":[[[-166.9195,53.7117],[-166.9971,53.7066],[-166.9272,53.4589],[-166.6428,53.5729],[-166.6101,53.7068],[-166.5331,53.7805],[-166.435,53.7979],[-166.3835,53.8546],[-166.4689,53.8905],[-166.5997,53.8283],[-166.6364,53.875],[-166.5906,53.9637],[-166.7706,54.0012],[-167.0242,53.9555],[-167.1172,53.8944],[-167.0208,53.7528],[-166.9536,53.7705],[-166.7689,53.7297],[-166.8039,53.6489],[-166.9195,53.7117]]]},"properties":{"NAME":null,"ABBREVN":null,"type":null,"weblnks":null,"SUBJECTO":null,"BORDERPRECISION":1,"PARTOF":null}},
{"type":"Feature","geometry":{"type":"Polygon","coordinates":[[[-156.4431,20.6094],[-156.253,20.6299],[-156.1209,20.7126],[-156.1185,20.7901],[-156.3659,20.9329],[-156.4675,20.8967],[-156.509,20.9681],[-156.6411,21.0264],[-156.6973,20.9475],[-156.6873,20.8839],[-156.6406,20.8297],[-156.5372,20.7864],[-156.4706,20.7858],[-156.4475,20.7189],[-156.4431,20.6094]]]},"properties":{"NAME":null,"ABBREVN":null,"type":null,"weblnks":null,"SUBJECTO":null,"BORDERPRECISION":1,"PARTOF":null}},
{"type":"Feature","geometry":{"type":"Polygon","coordinates":[[[-158.2314,21.4733],[-158.1364,21.3814],[-158.1064,21.298],[-157.9853,21.3025],[-157.9025,21.3369],[-157.9465,21.4156],[-158.0468,21.4589],[-158.1103,21.6092],[-158.2648,21.5867],[-158.2314,21.4733]]]},"properties":{"NAME":null,"ABBREVN":null,"type":null,"weblnks":null,"SUBJECTO":null,"BORDERPRECISION":1,"PARTOF":null}},
{"type":"Feature","geometry":{"type":"Polygon","coordinates":[[[-168.3705,53.2531],[-168.0407,53.3094],[-167.8884,53.3636],[-167.9608,53.4901],[-168.1199,53.5506],[-168.24,53.5286],[-168.352,53.4755],[-168.4073,53.415],[-168.4045,53.3458],[-168.3453,53.2947],[-168.3705,53.2531]]]},"properties":{"NAME":null,"ABBREVN":null,"type":null,"weblnks":null,"SUBJECTO":null,"BORDERPRECISION":1,"PARTOF":null}},
{"type":"Feature","geometry":{"type":"Polygon","coordinates":[[[-162.9603,54.9811],[-162.8006,54.9962],[-162.7459,55.0639],[-162.7876,55.1516],[-162.9142,55.2022],[-162.9661,55.1642],[-163.0767,55.1878],[-163.1203,55.1269],[-163.0225,55.0844],[-162.9603,54.9811]]]},"properties":{"NAME":null,"ABBREVN":null,"type":null,"weblnks":null,"SUBJECTO":null,"BORDERPRECISION":1,"PARTOF":null}},
{"type":"Feature","geometry":{"type":"Polygon","coordinates":[[[-48.6203,-0.9422],[-48.5528,-0.6324],[-48.4019,-0.3907],[-48.5458,-0.3211],[-48.7615,-0.2834],[-48.9773,-0.2076],[-49.1427,-0.1953],[-49.3582,-0.2847],[-50.2068,-0.1912],[-50.4224,-0.2171],[-50.5014,-0.2617],[-50.5948,-0.7195],[-50.6167,-0.8911],[-50.5743,-1.177],[-50.6466,-1.2661],[-50.6115,-1.4376],[-50.4763,-1.6788],[-50.225,-1.7354],[-49.9368,-1.6585],[-49.5252,-1.6497],[-49.5111,-1.6225],[-49.3946,-1.6459],[-49.3362,-1.6405],[-49.1381,-1.5678],[-48.8857,-1.4211],[-48.7896,-1.3176],[-48.7561,-1.2322],[-48.6755,-1.127],[-48.6398,-1.0584],[-48.6439,-0.9889],[-48.6203,-0.9422]]]},"properties":{"NAME":null,"ABBREVN":null,"type":null,"weblnks":null,"SUBJECTO":null,"BORDERPRECISION":1,"PARTOF":null}},
{"type":"Feature","geometry":{"type":"Polygon","coordinates":[[[-61.6744,10.0753],[-61.3559,10.0674],[-61.2067,10.1182],[-61.1893,10.3089],[-61.2457,10.4779],[-61.2197,10.5169],[-61.237,10.6296],[-61.224,10.6903],[-61.172,10.7206],[-61.1964,10.7894],[-61.3783,10.7839],[-61.4267,10.7539],[-61.6058,10.7417],[-61.6622,10.7092],[-61.4897,10.6308],[-61.4606,10.5636],[-61.4525,10.2992],[-61.5111,10.2344],[-61.6478,10.1972],[-61.8178,10.1278],[-61.8033,10.0817],[-61.6744,10.0753]]]},"properties":{"NAME":null,"ABBREVN":null,"type":null,"weblnks":null,"SUBJECTO":null,"BORDERPRECISION":1,"PARTOF":null}},
{"type":"Feature","geometry":{"type":"Polygon","coordinates":[[[80.1422,14.2644],[80.1567,14.3003],[80.1364,14.4889],[74.2091,14.7526],[74.2508,14.7189],[74.2786,14.6324],[74.4119,14.4833],[74.4015,14.4196],[74.7336,13.6834],[74.9617,12.877],[75.2109,12.1024],[75.3775,11.8606],[75.5286,11.7003],[75.5963,11.5089],[75.6247,11.4652],[75.6889,11.4353],[75.8426,11.0314],[76.0751,10.554],[76.2636,10.064],[76.3203,9.9439],[76.3564,9.9144],[76.3958,9.825],[76.4244,9.5944],[76.4986,9.5322],[76.4459,9.4979],[76.5379,9.119],[76.6624,8.8842],[76.6938,8.7484],[76.8033,8.6042],[77.1839,8.2145],[77.2991,8.1331],[77.4455,8.0869],[77.5361,8.0719],[77.5744,8.1267],[77.7473,8.1838],[77.8278,8.2229],[78.0649,8.3853],[78.1327,8.4948],[78.14,8.6172],[78.1744,8.8611],[78.2339,8.9678],[78.4292,9.1058],[78.6622,9.1767],[78.8775,9.2511],[78.9647,9.2731],[79.1311,9.2656],[79.1401,9.2911],[79.0092,9.3317],[78.9167,9.4472],[78.908,9.4797],[78.9408,9.5939],[79.0944,9.8236],[79.2225,10.1922],[79.3289,10.2839],[79.3992,10.3197],[79.7113,10.2662],[79.7808,10.2894],[79.8263,10.3587],[79.7318,11.1527],[79.7107,11.4449],[79.7694,11.731],[79.858,11.9736],[79.8672,12.0328],[79.9409,12.1496],[80.2238,12.8311],[80.2631,12.9509],[80.315,13.1587],[80.3199,13.3332],[80.207,13.4847],[80.1189,13.4997],[80.0586,13.5875],[80.0759,13.6694],[80.1697,13.892],[80.1261,14.2003],[80.1422,14.2644]]]},"properties":{"NAME":"Dravidians","ABBREVN":"Dravidians","type":null,"weblnks":null,"SUBJECTO":"Dravidians","BORDERPRECISION":1,"PARTOF":"Dravidians"}},
{"type":"Feature","geometry":{"type":"MultiPolygon","coordinates":[[[[-15.4353,28.1333],[-15.6066,28.1514],[-15.8191,27.9772],[-15.8222,27.9133],[-15.782,27.8345],[-15.5786,27.7317],[-15.4283,27.7992],[-15.3942,27.845],[-15.3656,28.0103],[-15.4353,28.1333]]],[[[-17.0939,28.0811],[-17.1136,28.1453],[-17.2514,28.2064],[-17.3118,28.1764],[-17.3287,28.087],[-17.2754,28.0307],[-17.143,28.0347],[-17.0939,28.0811]]],[[[-16.6939,28.3694],[-16.9036,28.3248],[-16.8317,28.1953],[-16.7096,28.0479],[-16.6383,28.05],[-16.3866,28.2457],[-16.3508,28.3581],[-16.1565,28.52],[-16.4703,28.4364],[-16.5636,28.3917],[-16.6939,28.3694]]],[[[-13.9511,28.7386],[-13.9734,28.7283],[-14.0508,28.5647],[-14.2053,28.2831],[-14.2094,28.2281],[-14.3089,28.1428],[-14.2487,28.1121],[-14.2006,28.1692],[-14.05,28.2119],[-13.95,28.2247],[-13.9042,28.2814],[-13.8608,28.3822],[-13.8212,28.6195],[-13.8442,28.7269],[-13.8881,28.7561],[-13.9511,28.7386]]],[[[-13.4524,29.0728],[-13.4346,29.1368],[-13.4761,29.2419],[-13.5875,29.1392],[-13.7489,29.0803],[-13.8322,28.9939],[-13.8522,28.9064],[-13.8194,28.8561],[-13.4524,29.0728]]]]},"properties":{"NAME":null,"ABBREVN":null,"type":null,"weblnks":null,"SUBJECTO":null,"BORDERPRECISION":1,"PARTOF":null}},
{"type":"Feature","geometry":{"type":"MultiPolygon","coordinates":[[[[12.9728,-5.8625],[12.8392,-5.8525],[12.7483,-5.9061],[12.7689,-5.9483],[12.865,-5.8861],[12.9728,-5.8625]]],[[[32.0445,-2.2426],[31.8999,-2.2842],[31.8183,-2.1916],[31.7908,-2.2341],[31.7827,-2.3208],[31.8426,-2.3812],[31.8483,-2.4545],[31.8999,-2.443],[31.9175,-2.3724],[32.0375,-2.3511],[32.0445,-2.2426]]],[[[41.1694,-2.1011],[41.1025,-2.0389],[40.9826,-2.0977],[41.0886,-2.1286],[41.1694,-2.1011]]],[[[33.1404,-2.0691],[33.0972,-1.9654],[32.9716,-1.9732],[32.9486,-1.9017],[32.8843,-1.9045],[32.8299,-1.9375],[32.8514,-2.0605],[33.1247,-2.1578],[33.1829,-2.116],[33.1404,-2.0691]]],[[[32.1793,-0.3105],[32.1822,-0.2354],[32.086,-0.2314],[32.1042,-0.3222],[32.2082,-0.3627],[32.1323,-0.5254],[32.2719,-0.4725],[32.3191,-0.3375],[32.2689,-0.2903],[32.1793,-0.3105]]],[[[33.3251,0.1416],[33.317,0.1842],[33.3723,0.216],[33.3885,0.2723],[33.3177,0.2979],[33.2238,0.2768],[33.218,0.1899],[33.1843,0.15],[33.3251,0.1416]]],[[[39.1644,-4.9403],[39.1287,-5.0258],[38.8594,-5.77],[38.7758,-6.0339],[38.8433,-6.2678],[38.8678,-6.3814],[38.9658,-6.4733],[39.5403,-7.0828],[39.375,-7.2911],[39.2756,-7.6061],[39.4243,-7.8961],[39.1644,-4.9403]]],[[[3.5667,6.4139],[3.613,6.416],[3.6949,6.5173],[3.5356,6.4486],[3.3953,6.4506],[3.4103,6.4106],[3.5667,6.4139]]],[[[0.1147,6.7956],[0.0619,6.8076],[0.0175,6.7788],[0.0115,6.7175],[0.0896,6.6586],[0.1808,6.7259],[0.1147,6.7956]]]]},"properties":{"NAME":"Bantu","ABBREVN":"Bantu","type":null,"weblnks":null,"SUBJECTO":"Bantu","BORDERPRECISION":1,"PARTOF":"Bantu"}},
{"type":"Feature","geometry":{"type":"Polygon","coordinates":[[[-59.5331,13.0506],[-59.4503,13.0994],[-59.4292,13.165],[-59.5517,13.2469],[-59.5911,13.3297],[-59.6594,13.2878],[-59.6433,13.1492],[-59.6033,13.08],[-59.5331,13.0506]]]},"properties":{"NAME":null,"ABBREVN":null,"type":null,"weblnks":null,"SUBJECTO":null,"BORDERPRECISION":1,"PARTOF":null}},
{"type":"Feature","geometry":{"type":"Polygon","coordinates":[[[-68.1953,12.2211],[-68.3639,12.3053],[-68.4169,12.2506],[-68.3281,12.2153],[-68.2814,12.1578],[-68.2853,12.1022],[-68.2289,12.0397],[-68.2056,12.1131],[-68.1953,12.2211]]]},"properties":{"NAME":null,"ABBREVN":null,"type":null,"weblnks":null,"SUBJECTO":null,"BORDERPRECISION":1,"PARTOF":null}},
{"type":"Feature","geometry":{"type":"Polygon","coordinates":[[[-61.6689,17.085],[-61.7944,17.1633],[-61.8328,17.1639],[-61.8911,17.0942],[-61.8872,17.0331],[-61.8292,16.9969],[-61.7381,16.9897],[-61.6675,17.0406],[-61.6689,17.085]]]},"properties":{"NAME":null,"ABBREVN":null,"type":null,"weblnks":null,"SUBJECTO":null,"BORDERPRECISION":1,"PARTOF":null}},
{"type":"Feature","geometry":{"type":"Polygon","coordinates":[[[-68.9656,12.1989],[-69.0281,12.2411],[-69.0778,12.3486],[-69.1464,12.3839],[-69.1583,12.3114],[-69.0625,12.1883],[-68.9617,12.1125],[-68.8322,12.0494],[-68.7531,12.065],[-68.8242,12.1603],[-68.9656,12.1989]]]},"properties":{"NAME":null,"ABBREVN":null,"type":null,"weblnks":null,"SUBJECTO":null,"BORDERPRECISION":1,"PARTOF":null}},
{"type":"Feature","geometry":{"type":"Polygon","coordinates":[[[-61.4747,15.6186],[-61.4914,15.5406],[-61.4747,15.4864],[-61.3928,15.3547],[-61.3636,15.1981],[-61.2803,15.2375],[-61.2553,15.285],[-61.2533,15.4614],[-61.3042,15.5736],[-61.4272,15.6303],[-61.4747,15.6186]]]},"properties":{"NAME":null,"ABBREVN":null,"type":null,"weblnks":null,"SUBJECTO":null,"BORDERPRECISION":1,"PARTOF":null}},
{"type":"Feature","geometry":{"type":"Polygon","coordinates":[[[-61.5997,12.1867],[-61.6119,12.2311],[-61.6758,12.2278],[-61.7247,12.1722],[-61.7897,12.0092],[-61.7525,11.9964],[-61.6425,12.0342],[-61.5964,12.1256],[-61.5997,12.1867]]]},"properties":{"NAME":null,"ABBREVN":null,"type":null,"weblnks":null,"SUBJECTO":null,"BORDERPRECISION":1,"PARTOF":null}},
{"type":"Feature","geometry":{"type":"Polygon","coordinates":[[[-61.0344,14.8292],[-61.1747,14.8769],[-61.2317,14.8094],[-61.1725,14.6931],[-61.0339,14.4658],[-60.8167,14.4706],[-60.8297,14.57],[-60.9067,14.6525],[-60.9408,14.7408],[-61.0344,14.8292]]]},"properties":{"NAME":null,"ABBREVN":null,"type":null,"weblnks":null,"SUBJECTO":null,"BORDERPRECISION":1,"PARTOF":null}},
{"type":"Feature","geometry":{"type":"Polygon","coordinates":[[[-62.1714,16.6714],[-62.1375,16.6928],[-62.1764,16.8086],[-62.2072,16.8111],[-62.2367,16.7119],[-62.1714,16.6714]]]},"properties":{"NAME":null,"ABBREVN":null,"type":null,"weblnks":null,"SUBJECTO":null,"BORDERPRECISION":1,"PARTOF":null}},
{"type":"Feature","geometry":{"type":"Polygon","coordinates":[[[-63.1508,18.1656],[-62.9931,18.2272],[-63.0575,18.2564],[-63.1508,18.1656]]]},"properties":{"NAME":null,"ABBREVN":null,"type":null,"weblnks":null,"SUBJECTO":null,"BORDERPRECISION":1,"PARTOF":null}},
{"type":"Feature","geometry":{"type":"Polygon","coordinates":[[[-62.5414,17.1769],[-62.61,17.1911],[-62.6106,17.0953],[-62.5386,17.1086],[-62.5414,17.1769]]]},"properties":{"NAME":null,"ABBREVN":null,"type":null,"weblnks":null,"SUBJECTO":null,"BORDERPRECISION":1,"PARTOF":null}},
{"type":"Feature","geometry":{"type":"Polygon","coordinates":[[[-61.035,13.9697],[-61.0797,13.8733],[-61.0675,13.7886],[-60.9514,13.71],[-60.9003,13.7783],[-60.8781,13.9567],[-60.9145,14.0997],[-60.9458,14.1047],[-61.035,13.9697]]]},"properties":{"NAME":null,"ABBREVN":null,"type":null,"weblnks":null,"SUBJECTO":null,"BORDERPRECISION":1,"PARTOF":null}},
{"type":"Feature","geometry":{"type":"Polygon","coordinates":[[[-64.6381,17.7653],[-64.6967,17.7456],[-64.7733,17.79],[-64.8708,17.7747],[-64.8889,17.6869],[-64.8336,17.6833],[-64.6683,17.7108],[-64.6381,17.7653]]]},"properties":{"NAME":null,"ABBREVN":null,"type":null,"weblnks":null,"SUBJECTO":null,"BORDERPRECISION":1,"PARTOF":null}},
{"type":"Feature","geometry":{"type":"Polygon","coordinates":[[[-61.1961,15.9447],[-61.2753,16.0092],[-61.3297,15.9344],[-61.3169,15.89],[-61.2308,15.8772],[-61.1961,15.9447]]]},"properties":{"NAME":null,"ABBREVN":null,"type":null,"weblnks":null,"SUBJECTO":null,"BORDERPRECISION":1,"PARTOF":null}},
{"type":"Feature","geometry":{"type":"Polygon","coordinates":[[[-63.0122,18.0356],[-63.0064,18.0869],[-63.045,18.1214],[-63.1467,18.0719],[-63.0333,18.0156],[-63.0122,18.0356]]]},"properties":{"NAME":null,"ABBREVN":null,"type":null,"weblnks":null,"SUBJECTO":null,"BORDERPRECISION":1,"PARTOF":null}},
{"type":"Feature","geometry":{"type":"Polygon","coordinates":[[[-61.8739,17.6889],[-61.8567,17.5925],[-61.7311,17.5472],[-61.7433,17.6531],[-61.8392,17.7247],[-61.8739,17.6889]]]},"properties":{"NAME":null,"ABBREVN":null,"type":null,"weblnks":null,"SUBJECTO":null,"BORDERPRECISION":1,"PARTOF":null}},
{"type":"Feature","geometry":{"type":"Polygon","coordinates":[[[-61.4206,12.5128],[-61.4908,12.4789],[-61.4917,12.435],[-61.4283,12.4536],[-61.4206,12.5128]]]},"properties":{"NAME":null,"ABBREVN":null,"type":null,"weblnks":null,"SUBJECTO":null,"BORDERPRECISION":1,"PARTOF":null}},
{"type":"Feature","geometry":{"type":"Polygon","coordinates":[[[-62.6925,17.2783],[-62.73,17.3653],[-62.8128,17.4094],[-62.8639,17.3708],[-62.7783,17.2922],[-62.6925,17.2783]]]},"properties":{"NAME":null,"ABBREVN":null,"type":null,"weblnks":null,"SUBJECTO":null,"BORDERPRECISION":1,"PARTOF":null}},
{"type":"Feature","geometry":{"type":"Polygon","coordinates":[[[-61.2781,13.2503],[-61.2436,13.1561],[-61.1844,13.1303],[-61.1481,13.1678],[-61.1233,13.2489],[-61.1439,13.3783],[-61.2089,13.3678],[-61.2781,13.2503]]]},"properties":{"NAME":null,"ABBREVN":null,"type":null,"weblnks":null,"SUBJECTO":null,"BORDERPRECISION":1,"PARTOF":null}},
{"type":"Feature","geometry":{"type":"Polygon","coordinates":[[[-64.7903,18.3308],[-64.7045,18.3075],[-64.7086,18.3706],[-64.7903,18.3308]]]},"properties":{"NAME":null,"ABBREVN":null,"type":null,"weblnks":null,"SUBJECTO":null,"BORDERPRECISION":1,"PARTOF":null}},
{"type":"Feature","geometry":{"type":"Polygon","coordinates":[[[-64.9794,18.3469],[-64.8781,18.3106],[-64.9039,18.3647],[-64.9794,18.3469]]]},"properties":{"NAME":null,"ABBREVN":null,"type":null,"weblnks":null,"SUBJECTO":null,"BORDERPRECISION":1,"PARTOF":null}},
{"type":"Feature","geometry":{"type":"Polygon","coordinates":[[[-61.0858,16.3047],[-61.0372,16.3111],[-60.9908,16.3408],[-61.0153,16.3503],[-61.0858,16.3047]]]},"properties":{"NAME":null,"ABBREVN":null,"type":null,"weblnks":null,"SUBJECTO":null,"BORDERPRECISION":1,"PARTOF":null}},
{"type":"Feature","geometry":{"type":"Polygon","coordinates":[[[-61.2917,16.3267],[-61.3578,16.3381],[-61.3947,16.3789],[-61.4078,16.4767],[-61.4567,16.5131],[-61.5317,16.4519],[-61.4989,16.3486],[-61.5419,16.2902],[-61.6097,16.2839],[-61.7308,16.3622],[-61.7836,16.3331],[-61.7939,16.2419],[-61.7614,16.0567],[-61.695,15.9492],[-61.6069,15.9897],[-61.5528,16.0544],[-61.5811,16.2047],[-61.5333,16.2317],[-61.4547,16.2006],[-61.2258,16.2531],[-61.2917,16.3267]]]},"properties":{"NAME":null,"ABBREVN":null,"type":null,"weblnks":null,"SUBJECTO":null,"BORDERPRECISION":1,"PARTOF":null}},
{"type":"Feature","geometry":{"type":"Polygon","coordinates":[[[-62.8411,17.8792],[-62.7908,17.9125],[-62.8633,17.9303],[-62.8411,17.8792]]]},"properties":{"NAME":null,"ABBREVN":null,"type":null,"weblnks":null,"SUBJECTO":null,"BORDERPRECISION":1,"PARTOF":null}},
{"type":"Feature","geometry":{"type":"Polygon","coordinates":[[[-62.9719,17.4581],[-62.9425,17.4936],[-62.9858,17.5197],[-62.9975,17.4942],[-62.9719,17.4581]]]},"properties":{"NAME":null,"ABBREVN":null,"type":null,"weblnks":null,"SUBJECTO":null,"BORDERPRECISION":1,"PARTOF":null}},
{"type":"Feature","geometry":{"type":"MultiPolygon","coordinates":[[[[151.7633,46.7747],[151.8319,46.7828],[152.013,46.8889],[152.1741,47.063],[152.2772,47.13],[152.2169,47.1717],[152.0205,46.9887],[151.8688,46.8664],[151.7044,46.8411],[151.7633,46.7747]]],[[[152.4025,47.3164],[152.5083,47.3033],[152.5039,47.3772],[152.4372,47.3825],[152.4025,47.3164]]],[[[152.9908,47.7],[153.0803,47.7142],[153.0983,47.7592],[153.0461,47.813],[152.9908,47.7]]],[[[153.215,48.0511],[153.2875,48.0936],[153.2233,48.133],[153.1464,48.0883],[153.215,48.0511]]],[[[154.0194,48.7233],[154.1889,48.835],[154.2289,48.9025],[154.1122,48.895],[153.988,48.78],[154.0194,48.7233]]],[[[154.4686,49.1686],[154.5005,49.0744],[154.5833,49.1005],[154.583,49.1458],[154.4686,49.1686]]],[[[154.83,49.5175],[154.8822,49.5475],[154.9044,49.6242],[154.8144,49.6364],[154.7491,49.5919],[154.703,49.4808],[154.6005,49.3672],[154.5939,49.291],[154.7158,49.2639],[154.8111,49.3028],[154.835,49.3458],[154.7903,49.43],[154.83,49.5175]]],[[[146.2141,43.5317],[146.1461,43.5439],[146.0761,43.5133],[146.1244,43.4592],[146.2055,43.4811],[146.2141,43.5317]]],[[[146.5961,43.7367],[146.6827,43.7078],[146.8616,43.7967],[146.905,43.84],[146.8427,43.875],[146.6105,43.8067],[146.5961,43.7367]]],[[[146.2044,44.27],[146.3297,44.2917],[146.5083,44.358],[146.568,44.4383],[146.36,44.4208],[146.273,44.4464],[146.2014,44.4994],[146.1274,44.5072],[146.078,44.4636],[145.9738,44.2878],[145.8925,44.25],[145.7594,44.1114],[145.7447,44.0517],[145.4075,43.8294],[145.4375,43.7169],[145.5619,43.6614],[145.5753,43.8175],[145.6575,43.8997],[145.7794,43.9286],[145.808,43.9925],[145.9402,44.128],[146.0919,44.2361],[146.2044,44.27]]],[[[148.2155,45.1889],[148.2852,45.2208],[148.4472,45.248],[148.5919,45.3189],[148.7188,45.3078],[148.84,45.3467],[148.8589,45.4675],[148.773,45.5211],[148.7008,45.5208],[148.5589,45.4592],[148.3122,45.2672],[148.0516,45.2494],[147.96,45.4192],[147.8794,45.3867],[147.8577,45.343],[147.895,45.23],[147.7833,45.1975],[147.6564,45.0753],[147.505,45.0439],[147.48,44.9747],[147.2272,44.8361],[147.1119,44.7939],[147.163,44.6922],[147.0983,44.6194],[146.9408,44.5544],[146.8469,44.4769],[146.8405,44.4155],[146.9489,44.4086],[147.0211,44.5075],[147.2253,44.5619],[147.2911,44.6669],[147.548,44.8125],[147.6227,44.8972],[147.6044,44.9556],[147.7125,44.9694],[147.7625,44.9383],[147.9641,45.0117],[148.048,45.0964],[148.2155,45.1889]]],[[[149.6678,45.8508],[149.4811,45.6083],[149.5339,45.5828],[149.6925,45.6386],[149.8108,45.7344],[149.9816,45.8336],[150.0269,45.8267],[150.1989,45.9325],[150.2219,46.0019],[150.4255,46.1189],[150.4986,46.1925],[150.3427,46.2117],[149.9291,46.0075],[149.8569,45.9231],[149.6678,45.8508]]],[[[154.355,49.7667],[154.4325,49.738],[154.4619,49.8069],[154.3672,49.8192],[154.355,49.7667]]],[[[155.2216,50.2344],[155.2086,50.0808],[155.2262,50.0526],[155.3575,50.053],[155.6186,50.1831],[155.7953,50.1889],[155.8928,50.2636],[156.153,50.525],[156.1164,50.7475],[156.0222,50.7675],[155.8969,50.6986],[155.8516,50.5917],[155.7655,50.4639],[155.638,50.378],[155.4491,50.368],[155.2477,50.3014],[155.2216,50.2344]]],[[[156.4941,50.8425],[156.4427,50.87],[156.3411,50.8511],[156.1922,50.7714],[156.1644,50.7286],[156.1983,50.6703],[156.4008,50.6256],[156.4902,50.7561],[156.4941,50.8425]]],[[[155.6697,50.8567],[155.6392,50.9208],[155.4827,50.9261],[155.4478,50.8978],[155.4808,50.828],[155.6208,50.8061],[155.6697,50.8567]]]]},"properties":{"NAME":null,"ABBREVN":null,"type":null,"weblnks":null,"SUBJECTO":null,"BORDERPRECISION":1,"PARTOF":null}},
{"type":"Feature","geometry":{"type":"MultiPolygon","coordinates":[[[[143.1472,-12.0672],[142.1589,-11.1239],[142.1004,-11.4463],[141.9512,-11.9695],[142.0308,-12.0339],[142.0228,-12.07],[141.6816,-12.4492],[141.7177,-12.4933],[141.9397,-12.8575],[141.8894,-12.8408],[141.8908,-12.7719],[141.6299,-13.1569],[141.6783,-13.2111],[141.6858,-13.2728],[141.5544,-13.5033],[141.523,-14.4961],[141.6097,-14.9014],[141.6653,-15.0169],[141.4107,-15.8312],[141.4133,-16.1072],[140.8009,-17.5618],[139.4763,-17.571],[138.6101,-16.9117],[137.0737,-16.0313],[136.0944,-15.4485],[135.3727,-14.7289],[135.5316,-14.6017],[135.7528,-14.2711],[135.8736,-14.1922],[135.9645,-13.8913],[135.8944,-13.3678],[135.9344,-13.2711],[136.145,-13.2008],[136.2044,-13.2364],[136.3383,-13.0536],[136.3741,-13.0703],[136.4508,-13.2206],[136.4843,-12.8459],[136.7452,-12.5442],[136.6396,-12.3261],[136.3664,-12.2442],[136.0912,-12.5752],[135.6772,-12.2219],[135.1918,-12.3737],[134.1427,-12.0836],[132.776,-11.578],[132.2077,-11.4075],[132.1647,-11.4078],[132.1072,-11.5255],[132.3697,-11.4378],[132.49,-11.4769],[132.6919,-11.6614],[132.7511,-12.1692],[132.4133,-12.3536],[132.3883,-12.3447],[131.5399,-12.4006],[130.9794,-12.3553],[130.9513,-12.6308],[130.2329,-13.1472],[130.206,-13.4842],[129.4916,-14.2612],[129.5428,-14.5514],[129.7125,-14.5589],[129.6476,-14.6091],[129.9444,-14.7678],[129.6846,-15.1168],[129.7366,-15.1875],[129.6705,-15.2017],[129.4829,-15.2148],[128.9809,-14.9234],[128.43,-14.9594],[128.4525,-15.0464],[128.3508,-15.0447],[128.2247,-15.1931],[128.2546,-15.2294],[128.2911,-15.3867],[128.188,-15.2396],[128.1003,-15.4267],[128.0722,-15.4033],[128.0176,-15.0209],[126.8534,-13.7838],[126.607,-14.2231],[126.2944,-14.1436],[126.2736,-14.2075],[126.1853,-14.1614],[126.0664,-14.3442],[125.9239,-14.6175],[125.4972,-14.6766],[125.218,-14.9094],[125.3619,-15.1056],[125.3094,-15.1528],[125.2797,-15.1],[125.1619,-15.0698],[125.1472,-15.1514],[125.0866,-15.3569],[125.0769,-15.4331],[125.1836,-15.5128],[124.6886,-15.4666],[124.3972,-15.8558],[124.5508,-15.8994],[124.6672,-15.7872],[124.7247,-15.8142],[124.5244,-16.1633],[124.3931,-16.1697],[124.5558,-16.3239],[124.6922,-16.3431],[124.7697,-16.3919],[123.9795,-16.409],[123.6105,-16.5303],[123.7178,-16.7881],[123.8762,-16.9076],[123.8878,-17.1953],[123.8432,-17.1959],[123.5636,-17.3672],[123.5947,-17.5122],[123.5525,-17.5128],[123.3012,-17.4657],[122.7355,-16.6997],[122.6397,-16.7997],[122.5786,-16.9592],[122.1386,-17.5086],[122.1786,-17.6675],[122.2114,-17.8864],[122.3597,-18.0008],[122.3572,-18.0956],[122.1965,-18.2437],[122.0083,-18.3972],[121.78,-18.5241],[121.7719,-18.6572],[121.3339,-19.3322],[121.1367,-19.5136],[120.9866,-19.6147],[119.8125,-20.1179],[118.9797,-20.0394],[118.9472,-20.1211],[118.7343,-20.3172],[117.9325,-20.5356],[117.8267,-20.6203],[116.7744,-20.7855],[115.3492,-21.6023],[114.4,-22.3356],[114.346,-22.4526],[113.9019,-22.0409],[113.8203,-22.2806],[113.6564,-22.6047],[113.8008,-22.9133],[113.7991,-23.085],[113.7683,-23.4417],[113.522,-24.0157],[113.4269,-24.5275],[113.5517,-24.66],[113.6125,-24.8219],[113.6542,-25.0225],[113.7841,-25.1628],[113.8689,-25.3256],[114.053,-25.6522],[114.2569,-25.9706],[114.1827,-26.2303],[114.2194,-26.2786],[114.1908,-26.3781],[113.8639,-26.4847],[113.7741,-26.6022],[113.5798,-26.656],[113.7991,-26.9675],[114.1214,-27.6033],[114.1228,-27.7406],[114.0955,-27.8575],[114.2067,-28.1625],[114.2741,-28.215],[114.5028,-28.4881],[114.5919,-28.6811],[114.5917,-28.7975],[114.6525,-28.9167],[114.8306,-29.0903],[114.9047,-29.2683],[114.978,-29.4878],[114.9389,-29.7461],[114.9669,-30.0861],[115.0811,-30.5889],[115.2469,-30.8919],[115.4355,-31.275],[115.6817,-31.6606],[115.7428,-31.8875],[115.7553,-32.1886],[115.7669,-32.7545],[115.7111,-33.27],[115.6608,-33.3108],[115.2058,-33.8052],[115.0108,-34.1839],[115.1264,-34.3631],[115.1717,-34.31],[115.2428,-34.2978],[115.4903,-34.3811],[115.8141,-34.6078],[116.0925,-34.8381],[116.3247,-34.9183],[116.8889,-35.0569],[116.9405,-35.0175],[117.3461,-35.0217],[117.6225,-35.0825],[117.6664,-35.0497],[117.8094,-35.0792],[117.8297,-35.0408],[118.0817,-34.9939],[118.4181,-34.7742],[118.4797,-34.7225],[118.7305,-34.5852],[118.7722,-34.5286],[119.1114,-34.4747],[119.468,-34.3253],[119.6161,-34.1],[119.7389,-34.0458],[119.8069,-33.9803],[120.0325,-33.9253],[120.4136,-33.9758],[120.5403,-33.9172],[120.8922,-33.8578],[121.3708,-33.8153],[121.7758,-33.8975],[121.9903,-33.825],[122.0692,-33.8883],[122.1039,-33.9872],[122.0917,-34.0231],[122.2583,-34.0142],[122.2941,-33.9333],[122.3733,-33.9119],[122.5836,-33.9028],[122.8228,-33.9089],[123.0197,-33.8572],[123.1394,-33.9492],[123.2869,-33.9678],[123.3653,-33.8953],[123.458,-33.9019],[123.7045,-33.8079],[123.7389,-33.7374],[123.992,-33.4334],[124.1394,-33.0983],[124.3017,-32.975],[124.4975,-32.9369],[124.8733,-32.835],[124.9239,-32.7878],[125.2994,-32.5997],[125.4386,-32.5753],[125.5661,-32.5117],[125.6178,-32.4678],[125.9847,-32.2664],[126.0842,-32.2819],[126.1733,-32.2389],[126.6386,-32.3142],[127.165,-32.2939],[127.8283,-32.1194],[128.5544,-31.8883],[128.9875,-31.6942],[129.4755,-31.6386],[129.8925,-31.5992],[130.2633,-31.5761],[130.7936,-31.6103],[131.0369,-31.5364],[131.125,-31.4747],[131.2769,-31.5117],[131.8158,-31.7478],[132.1761,-32.0122],[132.4142,-32.0117],[132.4889,-31.9525],[132.7791,-31.9539],[132.9736,-32.0917],[133.2261,-32.1975],[133.5686,-32.1658],[133.5803,-32.1153],[133.6636,-32.1453],[133.7567,-32.2139],[133.9522,-32.3947],[133.9278,-32.4245],[134.1841,-32.4867],[134.2972,-32.6747],[134.2581,-32.8754],[134.2708,-33.1247],[134.3216,-33.1994],[134.4086,-33.1644],[134.6955,-33.1689],[134.8633,-33.4961],[134.8608,-33.5706],[134.9377,-33.7072],[135.258,-33.9994],[135.3491,-34.2892],[135.3763,-34.5231],[135.4447,-34.6053],[135.4994,-34.6267],[135.5825,-34.8658],[135.6778,-34.9556],[135.7066,-34.8856],[135.7619,-34.8578],[135.8906,-34.9277],[135.9069,-34.8042],[135.8139,-34.8222],[135.9391,-34.5333],[136.043,-34.4825],[136.185,-34.3378],[136.2413,-34.2972],[136.3503,-34.1283],[136.3569,-34.0864],[136.8639,-33.8069],[136.9475,-33.6803],[137.0176,-33.7178],[137.1511,-33.7117],[137.2839,-33.5547],[137.3802,-33.3803],[137.3816,-33.3081],[137.7227,-32.9953],[137.8083,-32.8414],[137.7544,-32.5761],[137.7733,-32.5236],[137.8964,-32.7872],[138.0908,-33.4528],[137.9453,-33.57],[137.8637,-33.8795],[137.1084,-35.0708],[137.0841,-35.2336],[137.1875,-35.2392],[137.22,-35.1867],[137.5322,-35.1289],[137.6327,-35.175],[137.7425,-35.1401],[137.8097,-34.8736],[137.8867,-34.6575],[137.8905,-34.5189],[138.0358,-34.2947],[138.0105,-34.275],[138.0677,-34.1394],[138.1519,-34.2069],[138.2425,-34.3831],[138.5056,-34.7703],[138.5346,-35.2973],[138.5508,-35.6478],[138.6327,-35.5758],[138.7772,-35.5358],[138.9875,-35.5592],[139.0383,-35.5075],[138.9505,-35.4425],[138.9955,-35.3956],[139.073,-35.3939],[139.1775,-35.3261],[139.3552,-35.3725],[139.3614,-35.6039],[139.4886,-35.9194],[139.6041,-36.0414],[139.5808,-36.0844],[139.4295,-35.9659],[139.7197,-36.3462],[139.8269,-36.5778],[139.8655,-36.7561],[139.9938,-37.4925],[140.0408,-37.4872],[140.3325,-37.815],[140.5861,-38.0322],[140.8161,-38.0589],[140.9478,-38.06],[141.1464,-38.135],[141.3869,-38.3075],[141.6497,-38.4058],[141.615,-38.3264],[141.7216,-38.2706],[141.983,-38.3075],[142.1564,-38.4],[142.2705,-38.3775],[142.5352,-38.4128],[142.8061,-38.5775],[143.0253,-38.6303],[143.138,-38.6814],[143.4347,-38.7864],[143.5016,-38.8492],[143.6686,-38.7906],[143.69,-38.7447],[143.8397,-38.6978],[143.9952,-38.5447],[144.3633,-38.3244],[144.5004,-38.1812],[144.3627,-38.1431],[144.3908,-38.1103],[144.7469,-37.9628],[144.9069,-37.8694],[144.9736,-37.89],[145.1319,-38.1281],[145.263,-38.235],[145.5555,-38.365],[145.5103,-38.4286],[145.5364,-38.6418],[145.653,-38.6797],[145.7247,-38.6422],[145.818,-38.6525],[145.8344,-38.7047],[146.0136,-38.8356],[146.0608,-38.8197],[146.1469,-38.8489],[146.2425,-38.9422],[146.2886,-38.9189],[146.2155,-38.7194],[146.3413,-38.6947],[146.8425,-38.6644],[147.1819,-38.3919],[147.5411,-38.1133],[147.7644,-37.98],[148.2814,-37.8261],[148.7653,-37.8081],[149.3094,-37.7953],[149.5786,-37.7356],[149.7936,-37.5603],[149.9486,-37.3892],[149.9781,-37.1376],[149.9025,-36.9233],[150.0107,-36.6257],[150.4805,-35.3558],[150.5514,-35.2153],[150.7033,-35.1269],[150.6917,-35.0319],[150.7672,-35.0083],[150.8477,-35.0136],[150.7561,-34.8378],[150.8501,-34.7361],[150.8405,-34.5583],[151.0241,-34.2211],[151.1183,-34.1631],[151.2369,-33.9957],[151.3368,-33.6498],[151.4491,-33.3703],[151.4564,-33.3144],[151.6661,-33.0742],[151.8294,-32.8756],[152.1194,-32.7253],[152.3558,-32.5283],[152.51,-32.1347],[152.6247,-31.9489],[152.8488,-31.6567],[152.9894,-31.2004],[153.4778,-28.5038],[153.0867,-27.01],[152.9387,-25.7552],[152.8314,-25.4715],[152.318,-24.8176],[151.4582,-24.0881],[150.7536,-23.1267],[150.6109,-22.6211],[150.0414,-22.6392],[150.0081,-22.6732],[149.2002,-21.3142],[148.7564,-20.2915],[148.4239,-20.2086],[148.1904,-20.1719],[146.3218,-19.0823],[145.9942,-17.5126],[145.1849,-15.232],[144.5292,-14.6676],[143.5381,-13.945],[143.3605,-12.8406],[143.0739,-12.3241],[143.1472,-12.0672]],[[136.1451,-31.5045],[136.2034,-31.5775],[136.2746,-31.845],[136.3122,-31.9264],[136.2532,-32.1484],[136.2564,-32.2115],[136.1847,-32.2535],[136.0557,-32.2095],[135.8903,-32.2412],[135.9205,-32.1501],[136.0452,-31.966],[136.0516,-31.9016],[135.9916,-31.835],[135.8522,-31.7429],[135.7879,-31.6172],[135.7494,-31.5929],[135.6372,-31.5902],[135.6106,-31.5143],[135.6338,-31.4447],[135.6236,-31.3819],[135.5621,-31.3542],[135.4393,-31.232],[135.4182,-31.0962],[135.493,-31.0841],[135.6053,-31.1892],[135.7765,-31.2379],[135.9554,-31.2248],[136.08,-31.2541],[136.1063,-31.3048],[136.1098,-31.4153],[136.1451,-31.5045]],[[137.4822,-30.3835],[137.7461,-30.4939],[137.8396,-30.5966],[137.928,-30.7168],[138.0298,-30.9513],[138.0257,-31.0604],[138.1326,-31.2588],[138.1112,-31.3925],[137.8298,-31.7171],[137.7752,-31.8644],[137.7479,-31.897],[137.6135,-31.8084],[137.7034,-31.6638],[137.7326,-31.326],[137.7029,-31.2732],[137.5566,-31.1558],[137.5311,-31.1062],[137.6318,-31.0634],[137.6619,-30.9991],[137.6423,-30.8315],[137.6215,-30.7651],[137.6257,-30.6725],[137.5952,-30.6329],[137.4265,-30.6293],[137.3946,-30.5729],[137.3834,-30.4713],[137.3282,-30.3651],[137.2117,-30.223],[137.2268,-30.1788],[137.3231,-30.2173],[137.4213,-30.307],[137.4822,-30.3835]],[[139.5193,-30.9253],[139.4884,-30.8768],[139.5496,-30.7736],[139.7187,-30.5658],[139.9514,-30.3212],[140.0111,-30.3406],[140.044,-30.4226],[139.9819,-30.8537],[139.9205,-31.0267],[139.835,-31.1264],[139.6132,-31.0111],[139.5193,-30.9253]],[[137.2805,-29.4494],[137.1892,-29.4678],[137.1106,-29.4495],[137.1195,-29.3465],[137.1997,-29.2452],[137.3312,-29.2217],[137.698,-29.1306],[137.7201,-29.1967],[137.6606,-29.3482],[137.3742,-29.4538],[137.2805,-29.4494]],[[119.993,-28.9807],[119.9464,-28.9854],[119.8766,-28.9433],[119.718,-29.0671],[119.6833,-29.1204],[119.7509,-29.2972],[119.8229,-29.4133],[119.7857,-29.5804],[119.6358,-29.5495],[119.6931,-29.4525],[119.6358,-29.3378],[119.6677,-29.2101],[119.5804,-29.188],[119.5477,-29.2164],[119.542,-29.3795],[119.5168,-29.5054],[119.4417,-29.5539],[119.3815,-29.5421],[119.4374,-29.2364],[119.38,-29.2143],[119.3304,-29.2353],[119.2036,-29.3511],[119.1419,-29.2805],[119.1293,-29.1144],[119.2264,-29.0909],[119.3138,-29.0115],[119.3977,-28.9939],[119.5485,-29.0566],[119.6502,-29.0269],[119.7636,-28.8881],[119.8566,-28.8989],[119.9383,-28.882],[120.0062,-28.9277],[119.993,-28.9807]],[[137.7123,-28.5372],[137.6804,-28.5617],[137.676,-28.6455],[137.7862,-28.8395],[137.9053,-28.9851],[138.0142,-29.0508],[138.01,-29.0909],[137.9141,-29.0997],[137.7774,-29.038],[137.6186,-29.0512],[137.4775,-29.0115],[137.3439,-29.025],[137.2394,-28.8924],[137.1457,-28.887],[137.1199,-28.9775],[137.0184,-29.0148],[136.9487,-28.953],[136.8944,-28.8321],[136.9223,-28.6889],[136.8826,-28.4498],[136.966,-28.3941],[136.99,-28.3141],[136.9688,-28.1989],[136.8888,-28.0637],[136.7846,-28.0185],[136.7998,-27.9672],[136.8914,-27.9109],[137.0334,-27.8585],[137.328,-27.9744],[137.4526,-28.0868],[137.5657,-28.1163],[137.6723,-28.1195],[137.7019,-28.1427],[137.7201,-28.2795],[137.7735,-28.3504],[137.7333,-28.3897],[137.7123,-28.5372]],[[122.7582,-23.2637],[122.879,-23.2545],[122.9319,-23.2775],[122.9467,-23.4338],[122.9264,-23.5909],[122.8757,-23.6624],[122.8231,-23.6847],[122.7676,-23.6613],[122.6414,-23.5378],[122.6075,-23.4692],[122.6968,-23.322],[122.7582,-23.2637]],[[129.1583,-22.4477],[129.026,-22.5629],[128.8985,-22.654],[128.8198,-22.6776],[128.6012,-22.6476],[128.3848,-22.5979],[128.317,-22.4912],[128.3409,-22.4045],[128.4777,-22.3448],[128.599,-22.3095],[128.7943,-22.2204],[128.9085,-22.12],[128.9336,-22.0638],[129.0003,-22.0088],[129.1354,-22.0024],[129.2155,-22.0352],[129.201,-22.0847],[129.0715,-22.1736],[129.0605,-22.2708],[129.1423,-22.335],[129.2188,-22.3664],[129.2152,-22.4171],[129.1583,-22.4477]],[[128.8906,-16.1393],[128.9907,-16.1173],[129.0316,-16.1432],[128.9439,-16.2715],[128.9575,-16.3018],[128.8776,-16.4364],[128.8023,-16.4504],[128.784,-16.6938],[128.7572,-16.7778],[128.5835,-16.6148],[128.5837,-16.5425],[128.5302,-16.5078],[128.5679,-16.4444],[128.6354,-16.2503],[128.6779,-16.2233],[128.6449,-16.1595],[128.737,-16.1336],[128.7911,-16.1711],[128.8906,-16.1393]]],[[[139.0999,-35.6216],[139.2348,-35.611],[139.2366,-35.5547],[139.1633,-35.505],[139.0913,-35.5292],[139.0999,-35.6216]]],[[[113.6522,-26.1694],[113.6577,-26.0682],[113.5053,-25.8971],[113.5525,-26.0803],[113.6522,-26.1694]]],[[[132.5331,-11.6356],[132.5991,-11.7191],[132.6386,-11.6456],[132.5331,-11.6356]]]]},"properties":{"NAME":"Aboriginal tribes","ABBREVN":"From Indus Valley","type":"culture","weblnks":"http://www.nationalgeographic.com.au/australia/four-thousand-years-ago-indians-landed-in-australia.aspx","SUBJECTO":"Aboriginal tribes","BORDERPRECISION":1,"PARTOF":"Aboriginal tribes"}},
{"type":"Feature","geometry":{"type":"MultiPolygon","coordinates":[[[[-39.0154,-13.4848],[-38.9594,-13.3844],[-39.0328,-13.3897],[-39.0431,-13.4572],[-39.0154,-13.4848]]],[[[-42.7833,-10.8313],[-42.8474,-10.8458],[-42.8905,-10.9019],[-42.8794,-10.9754],[-42.9306,-11.0794],[-42.8794,-11.1482],[-42.8074,-11.0826],[-42.8025,-10.9609],[-42.8489,-10.9354],[-42.7833,-10.8313]]],[[[-61.2636,8.4999],[-61.2729,8.5105],[-61.5385,8.5539],[-61.4164,8.4892],[-61.2636,8.4999]]],[[[-50.8875,-1.9969],[-50.8639,-1.9108],[-50.9811,-1.8497],[-51.0586,-1.8244],[-51.1408,-1.8225],[-51.1439,-1.8636],[-51.0361,-1.9758],[-50.9881,-1.9936],[-50.9437,-1.9636],[-50.8875,-1.9969]]],[[[-51.9719,-1.5625],[-52.0216,-1.5677],[-52.1435,-1.5172],[-52.0982,-1.4662],[-52.1722,-1.4972],[-52.2106,-1.5611],[-52.2028,-1.5686],[-52.1986,-1.5767],[-52.1975,-1.5842],[-52.2008,-1.6467],[-52.1747,-1.6089],[-51.9719,-1.5625]]],[[[-52.2069,-1.3617],[-52.4311,-1.4664],[-52.4183,-1.5275],[-52.2592,-1.4686],[-52.1733,-1.4239],[-52.2069,-1.3617]]],[[[-58.0878,-33.055],[-57.4333,-34.4497],[-55.1782,-34.8947],[-54.242,-34.6694],[-53.3153,-33.7094],[-52.2019,-31.7292],[-51.3257,-30.6524],[-50.9264,-30.3481],[-50.6154,-30.4809],[-51.3599,-31.5276],[-49.3953,-28.9739],[-48.6097,-27.6083],[-48.6936,-26.2422],[-48.395,-25.2961],[-46.9889,-24.3236],[-45.4108,-23.6289],[-44.3253,-22.9192],[-43.0253,-22.7408],[-41.6989,-22.3011],[-40.8208,-20.9603],[-39.8231,-19.6517],[-38.9832,-15.5569],[-38.8706,-12.6931],[-37.4184,-11.4866],[-35.4644,-5.2683],[-42.4603,-2.75],[-44.6447,-3.028],[-45.7072,-1.3361],[-48.3325,-1.45],[-49.4797,-2.215],[-50.9997,-2.2006],[-51.1883,-1.8244],[-51.2767,-1.695],[-52.2275,-1.6164],[-51.9308,-1.1828],[-50.5742,0.4219],[-49.8889,1.5806],[-51.6067,4.1161],[-51.955,4.4867],[-54.1272,5.4214],[-54.99,5.8672],[-55.8911,5.7758],[-57.1355,5.9596],[-58.5728,6.5194],[-59.9017,8.4433],[-61.2303,8.4519],[-61.7988,9.8161],[-62.157,9.7039],[-62.6239,10.1881],[-62.9522,10.3994],[-62.2792,10.5964],[-64.1398,10.5714],[-65.4267,10.14],[-67.3922,10.5388],[-69.3367,11.5061],[-70.0045,12.1975],[-70.1425,11.4183],[-71.5332,10.6736],[-71.7631,9.1258],[-71.9664,11.5064],[-71.96,12.2483],[-73.632,11.2717],[-74.6025,10.78],[-75.4955,10.5227],[-76.1733,9.2331],[-76.9275,7.9856],[-77.883,9.0963],[-79.8061,9.4003],[-81.5547,8.8253],[-83.4617,10.4789],[-83.6242,15.1953],[-84.4797,15.85],[-86.3578,15.7694],[-88.1903,15.7006],[-88.9408,15.9046],[-88.0419,18.8669],[-87.719,21.503],[-90.3397,21.0219],[-90.4536,19.9814],[-91.3948,18.8553],[-91.7297,18.4157],[-93.45,18.4406],[-95.0356,18.5822],[-97.6703,21.6711],[-97.4249,25.4423],[-97.2178,28.0703],[-96.6486,28.7014],[-94.8869,29.395],[-94.4744,29.5586],[-93.8659,29.7208],[-91.5567,29.6306],[-90.1867,29.5672],[-89.3154,29.0653],[-89.8439,30.0089],[-90.07,30.3608],[-87.9083,30.5464],[-86.9933,30.4133],[-85.9025,30.2322],[-85.4122,29.9383],[-83.6361,29.88],[-82.665,28.4339],[-82.5369,27.2914],[-81.9521,26.4978],[-81.1062,25.3641],[-80.519,25.2171],[-80.3472,27.5294],[-80.6364,28.6127],[-81.4072,31.2019],[-80.8972,32.0428],[-80.4824,32.5074],[-79.608,32.9792],[-77.9486,34.0089],[-77.3956,34.7356],[-76.4611,34.9661],[-76.8462,35.038],[-75.7203,35.8144],[-76.0236,35.9583],[-76.7603,36.1536],[-75.953,36.2987],[-76.0419,36.9103],[-76.3772,37.2142],[-76.5131,37.6192],[-76.9144,38.0722],[-77.0537,38.7349],[-76.324,38.1088],[-76.6633,38.634],[-76.3567,39.3904],[-76.0797,39.1405],[-76.1825,38.7733],[-75.9847,38.5867],[-76.2208,38.3908],[-75.652,37.5511],[-75.5711,39.4505],[-75.3344,39.3999],[-74.2702,39.5988],[-73.9522,41.3092],[-71.1111,41.795],[-70.5886,41.9469],[-70.7292,43.1228],[-69.8539,43.9686],[-69.6214,44.0228],[-68.55,44.3222],[-67.1316,44.9317],[-65.8876,45.2583],[-64.3322,45.7689],[-64.1219,45.058],[-64.4547,45.3236],[-65.7969,44.6176],[-65.4283,43.6498],[-64.0268,44.5493],[-63.3033,44.6632],[-61.4572,45.3436],[-62.5572,45.6747],[-63.4053,45.8568],[-64.6136,46.4144],[-64.9801,47.3301],[-66.0422,47.9358],[-64.2825,48.5692],[-69.2753,48.0678],[-70.7722,46.9158],[-67.235,49.5356],[-58.9525,50.9915],[-56.6662,51.6149],[-56.112,52.641],[-56.0208,53.3642],[-57.5278,53.5914],[-60.4167,53.2683],[-60.7051,53.7449],[-59.5886,54.0406],[-57.5878,54.4672],[-59.2984,55.0667],[-59.9681,55.1192],[-60.4783,55.3475],[-60.8728,55.8545],[-61.3103,56.0186],[-62.1431,56.4492],[-62.0425,56.8269],[-61.5164,56.9703],[-62.4214,57.4822],[-62.6481,57.9583],[-63.2056,58.0658],[-63.5553,58.3053],[-63.8017,59.014],[-63.8247,59.2461],[-64.0578,59.6253],[-64.7967,59.9803],[-65.0758,59.408],[-65.4925,59.0614],[-65.8842,58.5808],[-67.6594,58.1103],[-68.2953,58.21],[-68.4772,58.04],[-69.9728,58.8086],[-69.4208,59.223],[-69.7483,59.51],[-70.3361,60.0044],[-69.7161,60.6828],[-71.2802,61.1509],[-72.0958,61.5961],[-73.2105,62.2795],[-77.6182,62.432],[-77.2325,60.0539],[-77.4269,59.5714],[-77.2467,58.0739],[-78.3079,55.0438],[-78.5453,52.5147],[-79.2853,51.5625],[-80.3922,51.3386],[-81.7241,52.2777],[-82.4317,54.3703],[-85.3356,55.1017],[-90.4446,57.1443],[-92.5764,57.0569],[-94.3603,58.2205],[-94.7283,60.0714],[-93.9325,61.3872],[-93.0692,62.1036],[-92.7247,62.3586],[-92.4022,62.8375],[-93.4497,63.9308],[-92.9653,63.9367],[-89.9725,63.7767],[-89.7381,64.1403],[-87.9918,64.2517],[-91.123,65.9047],[-86.6383,66.3153],[-84.4042,66.7056],[-83.9078,66.8766],[-81.3478,67.2928],[-81.4383,68.875],[-82.2914,69.2466],[-85.4042,69.4614],[-85.3794,68.7472],[-88.0661,67.6347],[-88.2708,68.935],[-90.6014,68.4364],[-91.3558,69.3322],[-91.1028,69.5089],[-92.2436,69.6303],[-92.4503,70.0711],[-92.6411,70.7153],[-93.8111,71.6575],[-94.5386,71.7583],[-94.6539,71.8453],[-96.4503,71.045],[-96.4226,70.093],[-94.2242,69.0278],[-94.637,68.069],[-95.2592,66.9203],[-95.8297,67.1683],[-96.4508,68.053],[-98.2814,68.3278],[-98.1692,67.8386],[-101.1058,67.7419],[-104.2,68.0214],[-107.1506,66.8375],[-107.8883,66.7556],[-108.495,67.1022],[-108.7378,67.5639],[-109.7358,67.7428],[-112.1119,67.7234],[-114.8867,67.8028],[-116.3647,68.8808],[-120.2753,69.4042],[-123.2629,69.5003],[-124.6,69.4632],[-125.2656,69.5269],[-127.1663,70.2347],[-128.963,69.6753],[-132.789,68.7091],[-130.5242,70.1039],[-131.3489,69.9525],[-132.4411,69.7025],[-133.8697,69.3342],[-134.2625,68.7364],[-135.6044,68.873],[-136.9661,68.9233],[-142.2364,69.8464],[-144.6119,69.9778],[-147.715,70.2144],[-149.7107,70.5134],[-151.9716,70.4603],[-152.7402,70.8507],[-154.4211,70.8328],[-155.9153,70.8208],[-156.2836,71.2683],[-158.9911,70.7872],[-160.0286,70.6609],[-160.7736,70.3705],[-162.0142,70.2708],[-163.063,69.5144],[-164.5611,68.9211],[-166.1306,68.2397],[-161.9357,67.0884],[-159.8011,66.4302],[-161.1861,66.2236],[-162.3553,66.0333],[-163.8691,66.3086],[-165.735,66.1044],[-167.5658,65.8008],[-166.6432,64.9758],[-163.1139,64.5139],[-160.9439,64.5248],[-160.8181,63.7164],[-164.4498,63.0782],[-164.8528,62.5703],[-166.0072,61.7305],[-165.8105,61.308],[-165.1051,61.4136],[-163.4655,60.6717],[-164.9963,60.6194],[-164.1742,59.9658],[-162.0472,60.645],[-161.8228,59.4486],[-161.7928,59.0172],[-160.4042,59.0575],[-158.4948,59.0461],[-158.1711,59.0072],[-156.897,58.9717],[-157.4023,58.2004],[-158.6155,57.0844],[-160.2348,55.8298],[-156.0212,57.8374],[-153.7098,59.6444],[-152.9294,60.2389],[-151.7408,60.9047],[-149.7767,61.4355],[-149.0916,60.8692],[-150.9941,59.7833],[-150.2451,59.6681],[-149.0775,60.0564],[-148.6842,60.4483],[-147.5089,61.1461],[-146.2436,61.0855],[-146.2547,60.8103],[-145.8442,60.4995],[-144.5742,60.1858],[-141.2797,60.0717],[-138.9375,59.805],[-139.3233,59.3903],[-138.4457,59.1619],[-136.9081,58.8889],[-136.1636,59.0239],[-135.2791,58.4433],[-134.0975,58.2417],[-133.6947,58.1058],[-133.1144,57.538],[-133.063,57.3489],[-132.495,56.7508],[-131.9519,56.1669],[-130.7299,55.2867],[-130.1105,55.8183],[-129.7722,55.4794],[-130.0281,54.6419],[-130.1133,54.1539],[-129.118,53.7142],[-128.6036,53.8422],[-127.8753,53.2244],[-128.0606,52.5248],[-127.0474,52.6435],[-126.9261,52.3708],[-126.9355,52.2353],[-127.4661,52.1078],[-127.2742,51.6833],[-127.5517,51.4683],[-127.5561,51.1],[-127.2361,51.0411],[-125.5833,50.9747],[-125.5072,50.6611],[-124.5838,50.4141],[-124.7672,50.0364],[-123.8529,50.023],[-123.5322,49.7005],[-122.9014,49.3606],[-122.7364,48.9556],[-122.5914,47.1939],[-123.1484,47.3747],[-124.2322,48.2758],[-124.0239,47.0487],[-123.8264,46.7142],[-123.8001,46.2783],[-123.4311,46.2144],[-123.9489,45.1939],[-124.2593,43.4006],[-124.2897,42.0731],[-124.3758,40.4519],[-123.6714,39.0089],[-122.7341,37.9655],[-121.4233,38.0169],[-122.1283,37.6111],[-122.3845,37.2897],[-121.9467,36.58],[-120.8669,35.2861],[-119.3125,34.2835],[-117.252,32.86],[-117.0103,32.2794],[-116.2746,30.9964],[-115.7933,30.2258],[-114.0589,28.5114],[-114.423,27.8069],[-114.0806,27.0894],[-113.182,26.8936],[-112.4633,26.2667],[-112.1128,25.2025],[-111.4578,24.3256],[-110.2694,24.1892],[-111.552,26.5558],[-112.8608,28.2586],[-115.0353,31.9572],[-113.3278,31.2606],[-111.4633,28.375],[-109.8803,26.8708],[-109.0826,25.5995],[-108.0625,25.09],[-107.6265,24.5222],[-105.9197,22.7583],[-105.4397,20.8354],[-104.1973,19.058],[-98.7647,16.5457],[-94.5781,16.3183],[-93.15,15.4275],[-90,13.698],[-87.614,13.431],[-87.2908,12.9214],[-85.8195,11.1864],[-85.7116,10.0305],[-84.1467,9.4265],[-82.8403,8.2772],[-80.885,7.335],[-80.4233,8.2658],[-79.0397,9.1258],[-78.2439,8.1875],[-77.4903,6.1908],[-77.2666,4.7388],[-77.0322,3.9214],[-78.5118,2.4359],[-81.3031,-4.5522],[-81.1964,-5.9622],[-79.5933,-7.4347],[-78.5013,-9.2774],[-72.3647,-16.7583],[-70.3595,-18.3797],[-70.0533,-21.4257],[-70.4628,-23.9341],[-71.2167,-28.4683],[-71.5272,-31.7411],[-71.9864,-34.3642],[-73.0006,-36.7161],[-73.4343,-39.9104],[-73.426,-41.7867],[-72.3922,-41.6814],[-72.4556,-42.4508],[-72.8586,-43.7058],[-73.0997,-45.3347],[-73.4033,-45.6483],[-73.9882,-46.5485],[-74.0768,-46.1018],[-74.265,-46.7856],[-74.0656,-47.5406],[-74.4936,-47.7703],[-73.7422,-47.7325],[-73.4203,-48.1844],[-74.1161,-48.7142],[-73.9347,-49.0239],[-73.8186,-49.6592],[-74.2064,-49.7536],[-73.5521,-50.5382],[-73.7117,-51.1597],[-73.3767,-51.687],[-73.1844,-51.8928],[-72.8114,-51.7761],[-73.2708,-51.4858],[-72.55,-52.1311],[-71.6389,-52.5625],[-71.8922,-52.9944],[-70.9792,-53.4722],[-69.6284,-52.4995],[-69.1792,-51.6342],[-69.4056,-51.0728],[-68.47,-50.0931],[-68.5972,-49.9394],[-67.8136,-49.3969],[-65.9739,-47.9786],[-65.8689,-47.7531],[-67.6203,-46.1714],[-65.5406,-44.8883],[-65.3303,-43.6678],[-64.737,-42.5608],[-64.0558,-42.3914],[-64.9925,-41.5047],[-64.0636,-41.0358],[-62.3403,-40.6678],[-62.3889,-38.8067],[-59.1717,-38.7094],[-56.8208,-37.0828],[-58.4431,-33.9947],[-58.1472,-33.0517],[-58.0878,-33.055]],[[-95.9281,66.9525],[-96.0878,66.9075],[-95.7847,66.7372],[-95.6275,66.6861],[-95.7808,66.6292],[-95.8419,66.7483],[-96.1006,66.8286],[-96.1464,66.8947],[-96.4039,67.0083],[-96.4606,67.0622],[-96.2881,67.0683],[-96.2853,67.0036],[-96.1386,66.9536],[-95.9281,66.9525]],[[-70.3322,48.3167],[-70.548,48.3564],[-70.7681,48.3505],[-70.78,48.4355],[-70.635,48.3905],[-70.4203,48.3614],[-70.3322,48.3167]],[[-73.2742,-50.3455],[-73.2144,-50.2695],[-73.028,-50.2893],[-72.9827,-50.2259],[-73.1634,-50.1476],[-73.3004,-50.1848],[-73.2864,-50.0696],[-73.1877,-49.9824],[-73.0625,-50.1331],[-72.9472,-50.1796],[-72.7998,-50.1964],[-72.4403,-50.1732],[-72.1162,-50.1323],[-72.0393,-50.1616],[-71.999,-50.2439],[-72.2739,-50.3023],[-72.4411,-50.3072],[-72.6719,-50.2777],[-72.7939,-50.2908],[-72.9727,-50.3566],[-73.0045,-50.4194],[-72.9621,-50.4705],[-72.7945,-50.4604],[-72.7819,-50.4834],[-72.9215,-50.6118],[-72.955,-50.62],[-73.1086,-50.3651],[-73.168,-50.3322],[-73.2742,-50.3455]],[[-73.0181,-49.5084],[-72.9303,-49.4397],[-72.8139,-49.4783],[-72.2613,-49.6106],[-72.1324,-49.6681],[-72.1014,-49.7358],[-72.1836,-49.7841],[-72.3062,-49.7607],[-72.6206,-49.641],[-73.0294,-49.6729],[-72.9692,-49.5881],[-73.0181,-49.5084]],[[-72.7889,-46.7854],[-72.6605,-46.664],[-72.7238,-46.5121],[-72.5848,-46.6052],[-72.4783,-46.5959],[-72.2375,-46.5132],[-71.9882,-46.4371],[-71.8724,-46.3824],[-71.8469,-46.3156],[-71.7553,-46.3299],[-71.626,-46.2969],[-71.5781,-46.3605],[-71.3131,-46.4363],[-71.166,-46.5269],[-71.2068,-46.5627],[-71.376,-46.5755],[-71.628,-46.5385],[-71.7817,-46.4994],[-71.9981,-46.5206],[-72.258,-46.5857],[-72.5538,-46.7442],[-72.7742,-46.8734],[-72.7889,-46.7854]],[[-72.7032,-41.0258],[-72.6394,-41.0996],[-72.599,-41.1836],[-72.6294,-41.2145],[-72.727,-41.1996],[-72.8762,-41.2938],[-72.9674,-41.2854],[-72.9938,-41.1501],[-72.9738,-41.0875],[-72.8487,-40.9744],[-72.7032,-41.0258]],[[-68.6763,-45.4225],[-68.6408,-45.5116],[-68.5736,-45.5678],[-68.5992,-45.6448],[-68.7079,-45.6571],[-68.8482,-45.6439],[-68.966,-45.4469],[-68.9698,-45.2821],[-68.8754,-45.2939],[-68.8587,-45.3883],[-68.7015,-45.3694],[-68.6763,-45.4225]],[[-52.7726,-32.8758],[-52.8079,-32.9069],[-52.8472,-32.9171],[-52.8949,-32.9098],[-53.0152,-32.7987],[-53.131,-32.8456],[-53.2276,-33.0555],[-53.3518,-33.0951],[-53.4086,-33.1587],[-53.4527,-33.3506],[-53.4374,-33.4728],[-53.454,-33.5317],[-53.5085,-33.5572],[-53.5673,-33.4825],[-53.5864,-33.2987],[-53.6242,-33.1357],[-53.5995,-33.0787],[-53.4728,-32.9588],[-53.4062,-32.9541],[-53.3231,-32.8827],[-53.3016,-32.7607],[-53.0916,-32.6199],[-53.0295,-32.598],[-52.9588,-32.4684],[-52.8103,-32.3906],[-52.7796,-32.2633],[-52.7447,-32.2174],[-52.69,-32.2374],[-52.69,-32.3481],[-52.6533,-32.394],[-52.6255,-32.4536],[-52.5933,-32.4991],[-52.617,-32.6382],[-52.7726,-32.8758]],[[-62.2298,-30.7762],[-62.408,-30.8406],[-62.5711,-30.8635],[-62.7269,-30.9172],[-62.9314,-30.7508],[-62.9793,-30.6917],[-62.931,-30.6486],[-62.7218,-30.5837],[-62.6438,-30.5206],[-62.4261,-30.5587],[-62.3737,-30.5481],[-62.2879,-30.5889],[-62.233,-30.6715],[-62.2298,-30.7762]],[[-54.6116,-24.8844],[-54.4738,-24.8482],[-54.4657,-24.804],[-54.5243,-24.7505],[-54.4902,-24.7118],[-54.3997,-24.6904],[-54.3867,-24.62],[-54.4193,-24.579],[-54.3881,-24.5092],[-54.3819,-24.4164],[-54.3323,-24.4038],[-54.3132,-24.3222],[-54.368,-24.2114],[-54.3501,-24.1224],[-54.2834,-24.1437],[-54.2518,-24.2861],[-54.259,-24.6423],[-54.1828,-24.7084],[-54.2922,-24.7514],[-54.3081,-24.8194],[-54.2205,-24.9201],[-54.3573,-24.8917],[-54.387,-24.9816],[-54.3182,-25.0787],[-54.3773,-25.1801],[-54.2006,-25.2399],[-54.3404,-25.2905],[-54.4326,-25.3094],[-54.4239,-25.3886],[-54.5268,-25.3965],[-54.5823,-25.4403],[-54.6338,-25.4168],[-54.6344,-25.302],[-54.5472,-25.2349],[-54.5273,-25.1547],[-54.5757,-25.1125],[-54.7215,-25.0877],[-54.712,-25.0428],[-54.5276,-25.0525],[-54.5062,-24.9653],[-54.6116,-24.8844]],[[-51.1967,-20.4989],[-51.3045,-20.4409],[-51.3627,-20.4519],[-51.4161,-20.4258],[-51.3958,-20.3548],[-51.4381,-20.2836],[-51.3143,-20.2809],[-51.2715,-20.2555],[-51.1814,-20.2567],[-51.1498,-20.1469],[-51.0779,-20.1747],[-51.05,-20.0999],[-51.0511,-19.7807],[-50.9975,-19.6676],[-50.9702,-19.7268],[-50.9488,-19.9811],[-50.8075,-19.9316],[-50.6676,-19.8406],[-50.5821,-19.8201],[-50.6686,-19.9474],[-50.7919,-19.9953],[-50.9355,-20.0896],[-50.9852,-20.1699],[-50.9825,-20.3067],[-51.1124,-20.3373],[-51.245,-20.3919],[-51.1773,-20.4582],[-51.1967,-20.4989]],[[-45.2363,-18.7581],[-45.2474,-18.8382],[-45.3399,-18.8289],[-45.2897,-18.7644],[-45.2554,-18.623],[-45.3593,-18.66],[-45.2976,-18.5408],[-45.3671,-18.4881],[-45.4286,-18.5564],[-45.5067,-18.5454],[-45.4788,-18.4737],[-45.355,-18.3947],[-45.3292,-18.2729],[-45.3597,-18.2395],[-45.287,-18.2012],[-45.23,-18.2308],[-45.2849,-18.4143],[-45.2588,-18.4735],[-45.1916,-18.5141],[-45.1809,-18.6068],[-45.133,-18.6083],[-45.152,-18.735],[-45.0972,-18.775],[-45.0362,-18.759],[-44.9417,-18.7943],[-44.9199,-18.8572],[-45.0444,-18.8277],[-45.1179,-18.8296],[-45.1208,-18.8866],[-45.0773,-19.0049],[-45.1118,-19.0292],[-45.1562,-18.9479],[-45.3098,-18.9736],[-45.3967,-19.007],[-45.386,-18.9234],[-45.2507,-18.9093],[-45.1949,-18.831],[-45.2363,-18.7581]],[[-69.1895,-15.6785],[-69.1026,-15.7647],[-69.0387,-15.7956],[-68.9945,-15.9257],[-68.8313,-15.9477],[-68.7961,-15.972],[-68.8887,-16.0844],[-68.8292,-16.1902],[-68.5933,-16.2388],[-68.5883,-16.3018],[-68.6933,-16.3263],[-68.7875,-16.4069],[-68.9063,-16.4239],[-68.8562,-16.5475],[-68.871,-16.5894],[-68.9422,-16.5823],[-69.0982,-16.4835],[-69.0519,-16.4174],[-69.0437,-16.2811],[-68.946,-16.2233],[-68.9468,-16.1759],[-69.0147,-16.1108],[-69.0774,-16.0813],[-69.1356,-16.2321],[-69.2216,-16.2541],[-69.3241,-16.2431],[-69.4004,-16.2004],[-69.4831,-16.1819],[-69.4493,-16.1117],[-69.4472,-16.0295],[-69.6273,-15.9667],[-69.7479,-15.8865],[-69.8125,-15.8282],[-69.8539,-15.8407],[-69.8586,-15.9204],[-70.011,-15.8281],[-70.0169,-15.7335],[-69.9563,-15.6462],[-69.9207,-15.6339],[-69.8181,-15.6916],[-69.8184,-15.6385],[-69.9382,-15.3987],[-69.833,-15.3098],[-69.6869,-15.2642],[-69.6251,-15.3436],[-69.5414,-15.3723],[-69.4487,-15.4736],[-69.3605,-15.5111],[-69.2988,-15.6214],[-69.1895,-15.6785]],[[-41.9786,-9.5729],[-41.9236,-9.618],[-41.7403,-9.5647],[-41.5919,-9.591],[-41.4461,-9.5906],[-41.3654,-9.622],[-41.2639,-9.5938],[-41.2237,-9.511],[-41.2243,-9.4324],[-41.264,-9.3618],[-41.1856,-9.366],[-41.1844,-9.2834],[-41.0643,-9.2823],[-41.0293,-9.1939],[-41.0474,-9.1487],[-41.0273,-9.0044],[-40.9347,-9.0568],[-40.9525,-9.1736],[-40.9201,-9.2572],[-40.8179,-9.4062],[-40.8404,-9.4552],[-41.097,-9.5004],[-41.1376,-9.5769],[-41.1468,-9.6638],[-41.1875,-9.7024],[-41.3496,-9.7358],[-41.4637,-9.7936],[-41.5615,-9.7893],[-41.6492,-9.8189],[-41.8183,-9.8201],[-41.8665,-9.7698],[-41.9352,-9.7869],[-42.075,-9.8878],[-42.1711,-10.0243],[-42.1666,-10.0811],[-41.986,-10.1523],[-41.9949,-10.1957],[-42.1189,-10.151],[-42.201,-10.1445],[-42.243,-10.1137],[-42.3353,-10.0982],[-42.3632,-10.1922],[-42.2517,-10.4624],[-42.1569,-10.6685],[-42.1955,-10.746],[-42.24,-10.8958],[-42.3514,-10.9985],[-42.2368,-10.6604],[-42.2592,-10.5484],[-42.3695,-10.4266],[-42.4149,-10.4146],[-42.4816,-10.4666],[-42.6112,-10.6753],[-42.7253,-10.8422],[-42.7403,-11.0436],[-42.7636,-11.1423],[-42.8118,-11.1871],[-42.8254,-11.251],[-42.9337,-11.2437],[-42.9779,-11.1738],[-43.0723,-11.1087],[-43.1603,-11.1149],[-43.087,-10.9403],[-42.8931,-10.7735],[-42.9243,-10.7131],[-42.9936,-10.6641],[-42.9546,-10.5943],[-42.8389,-10.7411],[-42.7799,-10.7439],[-42.7454,-10.7062],[-42.7481,-10.6148],[-42.8515,-10.4979],[-42.816,-10.4625],[-42.7331,-10.517],[-42.6678,-10.5378],[-42.6139,-10.4796],[-42.679,-10.398],[-42.6726,-10.2882],[-42.5582,-10.3517],[-42.4969,-10.3312],[-42.4936,-10.2668],[-42.5959,-10.0928],[-42.7905,-9.9983],[-42.8156,-9.9617],[-42.6753,-9.9549],[-42.606,-9.999],[-42.5671,-10.0709],[-42.4815,-10.0442],[-42.5098,-9.9483],[-42.4191,-9.995],[-42.3605,-9.9847],[-42.2875,-9.8345],[-42.305,-9.7719],[-42.3543,-9.708],[-42.221,-9.6963],[-42.1952,-9.6135],[-42.0902,-9.5918],[-42.0482,-9.5114],[-41.9984,-9.5166],[-41.9786,-9.5729]],[[-72.3696,-40.6632],[-72.464,-40.7043],[-72.5704,-40.6897],[-72.5414,-40.6172],[-72.3914,-40.6221],[-72.3696,-40.6632]],[[-72.4573,-40.2929],[-72.5474,-40.2721],[-72.5286,-40.1717],[-72.4254,-40.1354],[-72.3301,-40.1276],[-72.2733,-40.1663],[-72.2729,-40.3021],[-72.4573,-40.2929]],[[-77.191,42.4254],[-77.1481,42.5684],[-77.1074,42.521],[-77.191,42.4254]],[[-49.675,-4.4374],[-49.8101,-4.4094],[-49.865,-4.3213],[-49.8148,-4.2603],[-49.8091,-4.1747],[-49.7533,-4.1151],[-49.7192,-4.0284],[-49.7149,-3.8555],[-49.6257,-3.8479],[-49.5432,-4.1246],[-49.5241,-4.2566],[-49.4478,-4.3601],[-49.4347,-4.4896],[-49.2977,-4.6785],[-49.316,-4.7251],[-49.2826,-4.8002],[-49.3472,-4.8812],[-49.2812,-5.1648],[-49.1761,-5.2753],[-48.9622,-5.2757],[-48.9711,-5.3331],[-49.1702,-5.3879],[-49.2812,-5.3012],[-49.3506,-5.1831],[-49.415,-5.0438],[-49.5318,-4.8461],[-49.5492,-4.7397],[-49.5924,-4.6522],[-49.7135,-4.5926],[-49.6526,-4.484],[-49.675,-4.4374]],[[-54.9376,4.9038],[-54.8402,4.9124],[-54.7963,4.8807],[-54.8385,4.7887],[-54.8936,4.7826],[-54.941,4.7254],[-54.9241,4.6728],[-54.8647,4.6551],[-54.8738,4.6007],[-54.9318,4.5813],[-54.9833,4.6089],[-55.0478,4.57],[-55.1225,4.4624],[-55.2198,4.4923],[-55.2597,4.525],[-55.3349,4.5279],[-55.3294,4.5739],[-55.2794,4.6212],[-55.2845,4.6991],[-55.1727,4.8788],[-55.1265,4.999],[-55.0199,4.9706],[-54.9376,4.9038]],[[-65.1762,44.1551],[-65.1669,44.2565],[-65.0795,44.2276],[-64.9643,44.2385],[-65.0246,44.1638],[-65.1762,44.1551]],[[-67.6004,45.6373],[-67.6255,45.6022],[-67.779,45.6701],[-67.863,45.7396],[-67.7871,45.759],[-67.7078,45.6921],[-67.6004,45.6373]],[[-65.9298,46.0342],[-65.9886,45.9422],[-66.1502,45.8561],[-66.1896,45.8808],[-66.0773,45.9529],[-66.0269,46.0497],[-65.9298,46.0342]],[[-87.3231,34.7667],[-87.5125,34.792],[-87.6368,34.765],[-87.6611,34.8136],[-87.5421,34.8506],[-87.3828,34.8515],[-87.2676,34.8076],[-87.0061,34.6825],[-86.8985,34.5748],[-86.9587,34.5651],[-87.3231,34.7667]],[[-87.9754,35.9453],[-88.0413,35.9485],[-87.9827,36.0989],[-87.9912,36.2341],[-88.0388,36.3068],[-88.1161,36.2928],[-88.1191,36.3546],[-88.0859,36.4469],[-88.0839,36.5548],[-88.2718,36.9506],[-88.2066,36.9706],[-88.0569,36.6693],[-88.0069,36.4271],[-87.9103,36.187],[-87.9754,35.9453]],[[-82.4619,42.3391],[-82.5895,42.3146],[-82.8673,42.3353],[-82.9706,42.3268],[-83.0765,42.2755],[-83.1045,42.2152],[-83.1079,42.071],[-82.9366,42.0064],[-82.8338,41.9972],[-82.69,42.0359],[-82.6042,42.0252],[-82.5222,41.9452],[-82.4618,42.0577],[-82.3114,42.1583],[-82.0444,42.2572],[-81.8867,42.2736],[-81.8408,42.2955],[-81.809,42.3684],[-81.7299,42.4466],[-81.4949,42.5912],[-81.4044,42.63],[-81.2525,42.6538],[-81.0392,42.6625],[-80.8272,42.6432],[-80.6166,42.5958],[-80.4667,42.5742],[-80.4512,42.6135],[-80.2205,42.7744],[-80.0995,42.8023],[-79.9229,42.8224],[-79.7466,42.8584],[-79.6615,42.8506],[-79.3859,42.8807],[-79.0569,42.8623],[-78.9364,42.9072],[-78.9471,42.9516],[-79.0397,43.0213],[-79.0661,43.1061],[-78.9082,43.0703],[-78.9197,42.9482],[-78.8778,42.7991],[-78.9768,42.7044],[-79.2092,42.5552],[-79.4164,42.4569],[-79.5123,42.391],[-79.7041,42.3001],[-80.3345,42.0408],[-80.5664,41.9698],[-81.0068,41.8463],[-81.3245,41.727],[-81.427,41.6806],[-81.6372,41.5484],[-81.8108,41.4948],[-81.956,41.5072],[-82.1308,41.482],[-82.3677,41.4145],[-82.5676,41.4045],[-82.7303,41.4521],[-82.8354,41.4611],[-82.972,41.4279],[-82.9707,41.4757],[-82.7973,41.5153],[-83.0337,41.5626],[-83.2351,41.6579],[-83.4562,41.7425],[-83.3928,41.8595],[-83.2838,41.9846],[-83.1824,42.0444],[-83.1752,42.1463],[-83.1048,42.2864],[-83.0165,42.3471],[-82.926,42.3755],[-82.8834,42.4418],[-82.8701,42.519],[-82.796,42.5891],[-82.7874,42.6646],[-82.6868,42.6969],[-82.6328,42.661],[-82.6451,42.5581],[-82.613,42.5246],[-82.453,42.4955],[-82.4135,42.4111],[-82.4619,42.3391]],[[-76.5197,42.5011],[-76.6671,42.6027],[-76.7728,42.778],[-76.7508,42.9254],[-76.6651,42.6684],[-76.5197,42.5011]],[[-79.8079,9.1724],[-79.6905,9.1036],[-79.7997,9.0731],[-79.8108,9.1051],[-79.9004,9.1541],[-79.9601,9.0226],[-80.0135,9.0974],[-79.9233,9.2674],[-79.8092,9.3159],[-79.7989,9.2539],[-79.8436,9.2225],[-79.8079,9.1724]],[[-85.0054,11.0572],[-85.2603,11.1234],[-85.5172,11.2155],[-85.6404,11.2833],[-85.719,11.3526],[-85.7976,11.4826],[-85.8645,11.664],[-85.899,11.7024],[-85.912,12.0029],[-85.8714,12.0978],[-85.7977,12.107],[-85.6758,12.0641],[-85.5885,12.0163],[-85.4414,11.9018],[-85.2593,11.7829],[-85.132,11.6631],[-84.9162,11.4139],[-84.8143,11.2604],[-84.7691,11.1177],[-84.8031,11.065],[-84.8966,11.0354],[-85.0054,11.0572]],[[-86.4682,12.4281],[-86.3387,12.48],[-86.2942,12.4738],[-86.2355,12.3828],[-86.1612,12.3154],[-86.1035,12.3123],[-86.1047,12.2076],[-86.261,12.172],[-86.3146,12.1775],[-86.2969,12.242],[-86.3227,12.2798],[-86.4696,12.2737],[-86.5716,12.3432],[-86.589,12.4053],[-86.4682,12.4281]],[[-88.9704,15.6364],[-89.0224,15.4893],[-89.0786,15.4436],[-89.238,15.4102],[-89.3013,15.3817],[-89.3881,15.488],[-89.1054,15.6021],[-88.8618,15.7644],[-88.8777,15.7119],[-88.9704,15.6364]],[[-102.7696,20.1984],[-102.7126,20.1618],[-102.7857,20.1239],[-103.0078,20.1835],[-103.1704,20.1789],[-103.3404,20.2313],[-103.3721,20.2602],[-103.0021,20.3286],[-102.8938,20.3186],[-102.7696,20.1984]],[[-99.218,26.9102],[-99.2177,26.8049],[-99.1836,26.7595],[-99.113,26.7271],[-99.1494,26.6521],[-99.1495,26.5917],[-99.2433,26.5836],[-99.2832,26.7595],[-99.3638,26.8213],[-99.4008,26.9543],[-99.4636,27.0254],[-99.4146,27.0441],[-99.2774,26.9212],[-99.218,26.9102]],[[-80.8585,26.7229],[-80.9792,26.8555],[-81.0712,26.9174],[-81.0553,26.9908],[-80.8703,27.1471],[-80.7586,27.1822],[-80.6544,27.0537],[-80.6214,26.9493],[-80.6288,26.8871],[-80.7426,26.6973],[-80.8585,26.7229]],[[-81.6839,29.3677],[-81.64,29.4145],[-81.5403,29.2874],[-81.5292,29.2241],[-81.5955,29.1979],[-81.6396,29.2578],[-81.6839,29.3677]],[[-90.4666,30.1979],[-90.5375,30.1794],[-90.58,30.2348],[-90.4931,30.3482],[-90.4327,30.3261],[-90.425,30.274],[-90.4666,30.1979]],[[-82.3271,33.847],[-82.1876,33.6938],[-82.2083,33.6636],[-82.4392,33.6712],[-82.2752,33.7254],[-82.3081,33.7759],[-82.4907,33.8979],[-82.5791,33.8654],[-82.546,34.0085],[-82.4412,33.9384],[-82.381,33.9269],[-82.3271,33.847]],[[-101.0998,29.4583],[-101.2866,29.506],[-101.2607,29.5625],[-101.3116,29.6026],[-101.2751,29.6476],[-101.0721,29.5101],[-100.9559,29.5649],[-100.9201,29.4951],[-101.0998,29.4583]],[[-98.9299,43.2264],[-99.178,43.3735],[-99.3152,43.4678],[-99.3826,43.6061],[-99.4708,43.6685],[-99.4407,43.7525],[-99.3653,43.8429],[-99.3152,43.8407],[-99.4105,43.7029],[-99.35,43.6431],[-99.2443,43.4765],[-99.1466,43.4331],[-99.0402,43.3584],[-98.9046,43.2853],[-98.8314,43.2056],[-98.7065,43.1345],[-98.5708,43.1022],[-98.6656,43.0592],[-98.9002,43.1585],[-98.9299,43.2264]],[[-100.7671,46.6726],[-100.7143,46.7053],[-100.5851,46.6172],[-100.5274,46.3865],[-100.5741,46.1874],[-100.5588,46.0962],[-100.4926,45.9879],[-100.3504,45.854],[-100.3538,45.6448],[-100.4083,45.5638],[-100.2811,45.4269],[-100.2553,45.2418],[-100.286,45.0877],[-100.2622,45.0443],[-100.3703,44.9883],[-100.3918,44.8957],[-100.4761,44.794],[-100.5325,44.7625],[-100.6358,44.7501],[-100.5954,44.601],[-100.4876,44.5735],[-100.504,44.5222],[-100.4184,44.4922],[-100.3876,44.4509],[-100.567,44.446],[-100.6714,44.6271],[-100.6818,44.7142],[-100.8032,44.7615],[-101.1627,44.7251],[-101.1582,44.7466],[-100.9952,44.777],[-100.9595,44.8176],[-100.8055,44.8343],[-100.7372,44.8834],[-100.5588,44.8105],[-100.4414,44.8974],[-100.4468,44.9993],[-100.3469,45.1015],[-100.3167,45.2597],[-100.407,45.3482],[-100.3438,45.3901],[-100.434,45.5038],[-100.627,45.6475],[-100.4479,45.6445],[-100.3901,45.7101],[-100.4141,45.8077],[-100.5794,46.0078],[-100.6679,46.1617],[-100.5935,46.3137],[-100.6056,46.4885],[-100.634,46.5799],[-100.7671,46.6726]],[[-103.5825,48.0967],[-103.7499,48.0173],[-103.7587,48.074],[-103.6664,48.1419],[-103.575,48.1531],[-103.4504,48.0669],[-103.3527,48.0756],[-103.2112,48.1449],[-103.0296,48.1802],[-102.7902,48.1448],[-102.6747,48.1053],[-102.5984,48.053],[-102.5574,47.9677],[-102.5751,47.8437],[-102.4084,47.8056],[-102.3845,47.8196],[-102.4153,47.9383],[-102.3114,47.9644],[-102.2398,47.7661],[-102.1695,47.7293],[-102.212,47.6772],[-102.1605,47.624],[-101.8836,47.5613],[-101.7176,47.5673],[-101.5886,47.5985],[-101.2763,47.6278],[-101.2029,47.6448],[-101.1405,47.6064],[-101.3997,47.5062],[-101.5896,47.5146],[-101.9173,47.4639],[-102.0322,47.5293],[-102.2369,47.589],[-102.4198,47.5899],[-102.2992,47.6569],[-102.3359,47.7569],[-102.5609,47.7852],[-102.6159,47.8189],[-102.6531,47.9163],[-102.6139,47.992],[-102.7613,48.0841],[-102.9013,48.12],[-103.0588,48.1254],[-103.1864,48.0971],[-103.3388,48.0297],[-103.5202,48.0275],[-103.5825,48.0967]],[[-115.9113,33.3025],[-116.0617,33.4326],[-116.0535,33.5021],[-115.9484,33.5194],[-115.8839,33.4517],[-115.66,33.3208],[-115.6116,33.2745],[-115.6161,33.2226],[-115.6979,33.1383],[-115.7889,33.1466],[-115.9113,33.3025]],[[-114.3589,34.4381],[-114.3271,34.4777],[-114.2214,34.4207],[-114.0817,34.318],[-114.1341,34.2417],[-114.1886,34.318],[-114.3589,34.4381]],[[-114.4063,36.0907],[-114.6404,36.106],[-114.7142,36.0237],[-114.7686,36.0199],[-114.8162,36.1215],[-114.512,36.1939],[-114.4315,36.2372],[-114.3868,36.4827],[-114.3346,36.4438],[-114.3703,36.2092],[-114.2951,36.1104],[-114.2259,36.0497],[-114.1593,36.0768],[-114.0299,36.2447],[-113.9963,36.2437],[-113.7775,36.0481],[-113.6329,35.8595],[-113.6704,35.8427],[-113.7945,36.0095],[-113.9886,36.1647],[-114.039,36.1635],[-114.1104,36.032],[-114.2084,36.0057],[-114.294,36.0299],[-114.3211,36.0765],[-114.4063,36.0907]],[[-111.4555,36.9185],[-111.5301,37.0292],[-111.4386,37.059],[-111.3392,37.0622],[-111.2559,37.1463],[-111.1633,37.1649],[-111.0726,37.1385],[-110.9626,37.1508],[-110.8584,37.3347],[-110.7989,37.352],[-110.7362,37.4307],[-110.7554,37.5257],[-110.6814,37.5309],[-110.5962,37.5923],[-110.5609,37.5824],[-110.6735,37.4502],[-110.6966,37.393],[-110.8356,37.2246],[-110.7918,37.17],[-111.1121,37.0763],[-111.1885,37.0229],[-111.307,37.0157],[-111.4555,36.9185]],[[-119.9427,39.0251],[-119.9657,38.9574],[-120.0808,38.9709],[-120.1392,39.0908],[-120.1322,39.1429],[-120.0591,39.2214],[-119.9359,39.254],[-119.9184,39.2065],[-119.9427,39.0251]],[[-122.3013,40.8038],[-122.1156,40.7998],[-122.1512,40.7458],[-122.2407,40.7543],[-122.3013,40.8038]],[[-120.3242,41.9869],[-120.3956,41.7924],[-120.4658,41.8031],[-120.4895,41.9881],[-120.4751,42.0648],[-120.4107,42.1073],[-120.3233,42.0404],[-120.3242,41.9869]],[[-119.433,39.8859],[-119.4865,39.8781],[-119.6358,40.0283],[-119.6961,40.1235],[-119.6412,40.1908],[-119.5336,40.1807],[-119.483,39.9738],[-119.433,39.8859]],[[-111.8602,40.3226],[-111.7928,40.3688],[-111.6895,40.206],[-111.8268,40.158],[-111.9144,40.1762],[-111.8523,40.2523],[-111.8602,40.3226]],[[-112.7507,41.0586],[-112.8138,41.2237],[-112.9613,41.3774],[-113.0144,41.5972],[-112.8,41.667],[-112.742,41.6591],[-112.7073,41.6029],[-112.7376,41.5366],[-112.604,41.4315],[-112.5272,41.4209],[-112.489,41.3086],[-112.4371,41.2188],[-112.3662,41.2485],[-112.4022,41.4323],[-112.3735,41.4572],[-112.243,41.3925],[-112.0917,41.4081],[-112.1141,41.3356],[-112.2411,41.3452],[-112.3036,41.2826],[-112.0829,41.065],[-111.9739,41.0021],[-111.9606,40.9415],[-112.0971,40.8809],[-112.1899,40.769],[-112.3321,40.6989],[-112.37,40.7008],[-112.4357,40.8156],[-112.4458,40.8751],[-112.5083,40.9188],[-112.5803,40.8486],[-112.632,40.9273],[-112.7507,41.0586]],[[-111.4074,41.9876],[-111.3934,42.1308],[-111.3127,42.1481],[-111.2825,42.0587],[-111.3266,41.8892],[-111.3729,41.8832],[-111.4074,41.9876]],[[-119.0193,43.2586],[-119.0234,43.1974],[-119.0813,43.1602],[-119.1631,43.1842],[-119.2054,43.2556],[-119.1325,43.3082],[-119.0193,43.2586]],[[-118.6125,43.2981],[-118.7206,43.2907],[-118.8209,43.2402],[-118.9033,43.3032],[-118.9287,43.4141],[-118.7911,43.4255],[-118.664,43.4051],[-118.6125,43.2981]],[[-110.199,44.3354],[-110.2729,44.3188],[-110.4261,44.4467],[-110.5308,44.4137],[-110.5286,44.471],[-110.4503,44.4798],[-110.3809,44.5559],[-110.2718,44.5438],[-110.2641,44.4467],[-110.2023,44.3905],[-110.199,44.3354]],[[-108.1727,47.6131],[-108.0452,47.614],[-107.931,47.5876],[-107.8412,47.5261],[-107.7121,47.6132],[-107.7138,47.6876],[-107.4551,47.6624],[-107.3802,47.7158],[-107.1207,47.725],[-106.9898,47.7164],[-106.9331,47.7639],[-106.7692,47.7883],[-106.5962,47.8595],[-106.5899,47.9582],[-106.4328,48.0271],[-106.3252,47.9851],[-106.3447,47.8788],[-106.2533,47.8147],[-106.2167,47.6284],[-106.3844,47.8479],[-106.454,47.8792],[-106.5205,47.8278],[-106.5558,47.7495],[-106.8133,47.7155],[-106.9927,47.6439],[-107.1826,47.6845],[-107.3327,47.6846],[-107.4289,47.6346],[-107.6122,47.6234],[-107.7189,47.5631],[-107.9238,47.407],[-107.9299,47.5425],[-108.1727,47.6131]],[[-81.006,44.9069],[-81.1174,44.9086],[-81.2524,45.0053],[-81.3248,45.1681],[-81.3023,45.2195],[-81.5892,45.2538],[-81.7061,45.2235],[-81.5428,45.1366],[-81.4155,44.9874],[-81.3848,44.9934],[-81.3,44.832],[-81.2807,44.7163],[-81.2975,44.5967],[-81.4313,44.4365],[-81.5188,44.3989],[-81.5836,44.3293],[-81.6089,44.2525],[-81.7274,44.0738],[-81.7184,43.9816],[-81.7052,43.5576],[-81.7394,43.3916],[-81.8482,43.2801],[-81.9741,43.2234],[-82.138,43.1004],[-82.3637,43.0306],[-82.4319,43.0386],[-82.5162,43.2796],[-82.6595,43.8415],[-82.8134,44.016],[-82.9207,44.0573],[-83.0695,44.025],[-83.3486,43.9278],[-83.353,43.8793],[-83.4689,43.7309],[-83.6216,43.6365],[-83.726,43.6259],[-83.848,43.6636],[-83.9383,43.7375],[-83.8788,43.9625],[-83.6872,44.0246],[-83.6099,44.0645],[-83.5125,44.2708],[-83.3815,44.3197],[-83.3284,44.4214],[-83.2996,44.7852],[-83.4362,44.9614],[-83.4481,45.0246],[-83.3161,45.0932],[-83.3973,45.2261],[-83.6356,45.3912],[-83.9331,45.4586],[-84.1277,45.5325],[-84.1823,45.5995],[-84.4414,45.6763],[-84.6909,45.7738],[-84.9586,45.7605],[-84.9872,45.678],[-85.0962,45.5653],[-85.0547,45.4667],[-84.9429,45.4286],[-84.9671,45.3927],[-85.3692,45.2026],[-85.4916,44.7982],[-85.5638,44.7578],[-85.6088,44.7886],[-85.6453,44.8816],[-85.5957,45.0419],[-85.611,45.1466],[-85.8735,44.9385],[-86.072,44.8652],[-86.1317,44.7288],[-86.2427,44.6297],[-86.2591,44.4336],[-86.326,44.284],[-86.4534,44.1299],[-86.4699,43.9798],[-86.438,43.8127],[-86.5138,43.6808],[-86.3009,43.1581],[-86.2215,42.9004],[-86.2301,42.6166],[-86.3718,42.2482],[-86.6325,41.9113],[-86.7982,41.7885],[-87.0478,41.6802],[-87.2245,41.6346],[-87.4771,41.6854],[-87.5566,41.766],[-87.6143,41.8942],[-87.7308,42.1103],[-87.7668,42.1539],[-87.8125,42.3411],[-87.812,42.543],[-87.7839,42.7443],[-87.8877,43.0125],[-87.9084,43.1918],[-87.8807,43.347],[-87.8056,43.4901],[-87.7271,43.6777],[-87.709,43.777],[-87.7294,43.8512],[-87.7001,43.9766],[-87.6034,44.125],[-87.5203,44.2257],[-87.5361,44.2934],[-87.4865,44.5086],[-87.3656,44.7042],[-87.3831,44.8271],[-87.4802,44.8741],[-87.5608,44.8495],[-87.7182,44.6951],[-87.9692,44.552],[-88.0283,44.6179],[-87.9496,44.7699],[-87.8303,44.9425],[-87.627,45.0323],[-87.6022,45.157],[-87.3988,45.3646],[-87.1538,45.6768],[-87.0849,45.7298],[-87.005,45.8972],[-86.9721,45.8532],[-86.9569,45.7122],[-86.8839,45.7209],[-86.7985,45.8318],[-86.7201,45.8672],[-86.5925,45.8779],[-86.5542,45.8002],[-86.6787,45.7016],[-86.6224,45.652],[-86.5275,45.7532],[-86.3513,45.831],[-86.2718,45.9367],[-86.1229,45.9689],[-85.9947,45.9504],[-85.7078,45.9876],[-85.5551,46.0782],[-85.2599,46.0882],[-84.9718,45.989],[-84.7569,45.8628],[-84.7249,45.9575],[-84.6315,46.0526],[-84.5213,45.9946],[-84.3409,45.9998],[-83.9292,45.9676],[-83.9147,45.9909],[-84.012,46.0614],[-84.0549,46.1589],[-84.2271,46.1836],[-84.2037,46.247],[-84.2548,46.4076],[-84.3274,46.4915],[-84.387,46.5022],[-84.4672,46.4642],[-84.5915,46.4431],[-85.0343,46.5058],[-85.0069,46.7113],[-85.3702,46.7002],[-85.9931,46.6722],[-86.63,46.458],[-86.7345,46.4411],[-86.9456,46.507],[-87.0857,46.5227],[-87.2932,46.5206],[-87.3844,46.5594],[-87.5453,46.7235],[-87.7605,46.8639],[-88.0156,46.9132],[-88.1771,46.901],[-88.2327,46.9141],[-88.4363,46.8088],[-88.4758,46.8421],[-88.4559,46.9628],[-88.5154,47.0955],[-88.6044,47.1413],[-88.6341,47.2203],[-88.8396,47.0927],[-89.3114,46.8814],[-89.6984,46.8244],[-89.9933,46.7179],[-90.3414,46.6025],[-90.5361,46.5994],[-90.716,46.678],[-90.8844,46.604],[-90.8399,46.81],[-90.7866,46.8707],[-90.8318,46.944],[-91.3226,46.8292],[-91.4991,46.7661],[-91.9208,46.6944],[-92.0681,46.7341],[-92.1042,46.7894],[-91.6626,47.0404],[-90.9571,47.5237],[-90.1973,47.7864],[-89.8659,47.8879],[-89.6338,47.9937],[-89.5536,48.0107],[-89.4385,48.0988],[-89.3441,48.1482],[-89.2522,48.2797],[-89.2007,48.4508],[-88.7746,48.5831],[-88.8937,48.3786],[-88.765,48.3741],[-88.7057,48.4761],[-88.6565,48.516],[-88.5919,48.6327],[-88.5026,48.8331],[-88.3524,48.8208],[-88.3229,48.7385],[-88.3938,48.6558],[-88.4435,48.5603],[-88.2177,48.611],[-88.1176,48.7296],[-88.1941,48.825],[-88.2636,48.9737],[-88.095,49.0046],[-87.5916,48.8782],[-87.5077,48.8392],[-87.4071,48.8348],[-87.2709,48.7885],[-87.1759,48.7769],[-86.9342,48.8003],[-86.8876,48.7724],[-86.7516,48.8006],[-86.6429,48.7946],[-86.4324,48.7582],[-86.2955,48.6275],[-86.1974,48.4099],[-86.0778,48.1808],[-85.9254,48.0392],[-85.7777,47.9702],[-85.4695,47.9341],[-85.1738,47.959],[-84.8547,47.95],[-84.8674,47.8964],[-84.9748,47.698],[-84.9285,47.5356],[-84.7713,47.4617],[-84.5943,47.3202],[-84.7692,47.0161],[-84.7504,46.9813],[-84.6249,46.9224],[-84.488,46.944],[-84.385,46.9058],[-84.382,46.8533],[-84.5549,46.7911],[-84.4424,46.7156],[-84.4657,46.6548],[-84.562,46.5376],[-84.4589,46.5039],[-84.1654,46.5626],[-84.0871,46.507],[-84.0918,46.3608],[-83.9342,46.342],[-83.8427,46.302],[-83.5928,46.2778],[-83.4591,46.2376],[-82.8947,46.1884],[-82.7041,46.1987],[-82.6381,46.1724],[-82.35,46.1933],[-82.0973,46.1311],[-81.8166,46.1147],[-81.7652,46.0579],[-81.6617,46.0929],[-81.6339,46.0314],[-81.5544,45.9926],[-81.3938,45.9913],[-81.3035,45.9741],[-81.1575,45.9917],[-81.097,45.9416],[-80.7969,45.9475],[-80.6525,45.7838],[-80.6289,45.7271],[-80.5334,45.6502],[-80.4897,45.5791],[-80.414,45.6199],[-80.3549,45.5361],[-80.369,45.4517],[-80.2885,45.4068],[-80.2707,45.3602],[-80.1519,45.4077],[-80.0571,45.3746],[-80.0802,45.2804],[-80.0494,45.2041],[-79.978,45.129],[-80.0534,45.0905],[-79.8941,45.0087],[-79.9173,44.9666],[-79.8284,44.9363],[-79.7846,44.8542],[-79.6753,44.8321],[-79.7133,44.7393],[-79.8893,44.7671],[-79.9507,44.8417],[-80.0808,44.8237],[-80.0148,44.6943],[-80.0078,44.5717],[-80.0848,44.4894],[-80.2243,44.5046],[-80.605,44.635],[-80.7457,44.7102],[-80.9343,44.6235],[-80.9627,44.7808],[-81.0852,44.8105],[-81.006,44.9069]],[[-88.3211,44.1802],[-88.3338,43.9381],[-88.4311,43.8081],[-88.4648,43.8134],[-88.5187,44.0291],[-88.4845,44.1104],[-88.4179,44.1945],[-88.3211,44.1802]],[[-79.479,44.2698],[-79.5842,44.4051],[-79.4453,44.51],[-79.3926,44.6026],[-79.3409,44.6364],[-79.211,44.5353],[-79.1627,44.4495],[-79.2016,44.3844],[-79.4482,44.3096],[-79.479,44.2698]],[[-93.5136,46.1766],[-93.5396,46.1501],[-93.6679,46.1368],[-93.775,46.2004],[-93.7955,46.2554],[-93.7583,46.308],[-93.6072,46.3602],[-93.5518,46.3412],[-93.5136,46.1766]],[[-80.0533,46.3458],[-79.8559,46.3396],[-79.6534,46.3583],[-79.494,46.3106],[-79.4355,46.2354],[-79.4865,46.1842],[-79.5726,46.1659],[-79.7718,46.2129],[-79.9865,46.1608],[-80.015,46.2321],[-80.1467,46.2575],[-80.1255,46.3236],[-80.0533,46.3458]],[[-94.3946,47.067],[-94.5891,47.2018],[-94.2815,47.2702],[-94.3081,47.1828],[-94.3015,47.0967],[-94.3946,47.067]],[[-78.8128,47.6564],[-78.7919,47.691],[-78.6119,47.6806],[-78.6279,47.5969],[-78.7628,47.5703],[-78.8128,47.6564]],[[-83.7211,48.4208],[-83.468,48.4337],[-83.7812,48.3045],[-83.8541,48.3368],[-83.7211,48.4208]],[[-93.2269,48.8052],[-93.1998,48.7457],[-93.2648,48.6864],[-93.1185,48.668],[-92.7934,48.6953],[-92.8663,48.6152],[-92.7318,48.5884],[-92.6546,48.5997],[-92.6032,48.565],[-92.5675,48.468],[-92.4906,48.4563],[-92.4346,48.3907],[-92.7876,48.4549],[-92.6976,48.517],[-93.0795,48.5906],[-93.117,48.5532],[-93.2792,48.6068],[-93.3816,48.6162],[-93.4033,48.7053],[-93.3645,48.748],[-93.4961,48.813],[-93.4339,48.8463],[-93.4628,48.9028],[-93.3225,48.9344],[-93.2269,48.8052]],[[-79.3132,48.4525],[-79.295,48.5776],[-79.3193,48.6311],[-79.4777,48.6417],[-79.5105,48.6129],[-79.7006,48.641],[-79.8673,48.6334],[-79.972,48.6986],[-80.0604,48.7831],[-80.1802,48.8121],[-80.1055,48.9127],[-79.9521,48.9347],[-79.8363,48.8747],[-79.8573,48.8067],[-79.8324,48.7298],[-79.7696,48.7169],[-79.6539,48.7386],[-79.5764,48.7972],[-79.4126,48.7146],[-79.2592,48.6896],[-79.2263,48.4722],[-79.3132,48.4525]],[[-95.2709,47.9424],[-95.1871,48.0334],[-95.0864,48.0651],[-94.7832,47.9696],[-94.7918,47.9097],[-94.8969,47.8921],[-95.1108,47.8893],[-95.2482,47.9073],[-95.2709,47.9424]],[[-94.7497,48.0664],[-95.0081,48.0725],[-95.0204,48.1248],[-94.8399,48.1841],[-94.6902,48.2033],[-94.561,48.1782],[-94.6002,48.1064],[-94.7497,48.0664]],[[-94.9734,49.5842],[-94.8401,49.6126],[-94.823,49.6904],[-94.5882,49.7238],[-94.5758,49.8073],[-94.6782,49.9527],[-94.588,49.988],[-94.5385,49.9313],[-94.53,49.8527],[-94.451,49.7375],[-94.3462,49.7245],[-94.3122,49.6852],[-94.3144,49.5998],[-94.3684,49.5631],[-94.3017,49.5149],[-94.1733,49.4966],[-94.1444,49.4274],[-94.0411,49.3583],[-94.0473,49.268],[-94.1095,49.2634],[-94.2211,49.3936],[-94.2542,49.4709],[-94.3646,49.4834],[-94.6464,49.4449],[-94.7452,49.409],[-94.7781,49.3397],[-94.6402,49.3536],[-94.4641,49.232],[-94.3541,49.266],[-94.24,49.1812],[-94.0988,49.1671],[-94.1969,49.0958],[-94.265,49.1141],[-94.5368,48.9451],[-94.7128,48.8634],[-94.8178,48.8678],[-95.0026,48.9643],[-95.1792,48.8967],[-95.2735,48.8862],[-95.3155,48.97],[-95.2673,49.029],[-95.2766,49.1053],[-95.1985,49.1665],[-94.9828,49.1953],[-94.9356,49.2398],[-94.9409,49.321],[-95.0142,49.3682],[-94.9407,49.4001],[-94.8223,49.5116],[-94.6909,49.561],[-94.6882,49.6256],[-94.7956,49.5991],[-94.9108,49.5264],[-95.1074,49.4634],[-95.1525,49.6224],[-95.0992,49.6393],[-94.9615,49.6207],[-94.9734,49.5842]],[[-99.1663,51.7767],[-99.064,51.6864],[-98.999,51.5106],[-98.9105,51.5127],[-98.9717,51.6755],[-98.8648,51.7075],[-98.7896,51.6387],[-98.7522,51.5521],[-98.7794,51.4657],[-98.7539,51.3628],[-98.5718,51.2433],[-98.6691,51.1037],[-98.7182,51.0878],[-98.7605,50.995],[-98.7202,50.9117],[-98.5002,50.86],[-98.4101,50.8233],[-98.2438,50.719],[-98.0714,50.5516],[-97.9712,50.4701],[-97.9592,50.3572],[-98.0158,50.3042],[-98.1506,50.2403],[-98.3301,50.2018],[-98.4546,50.211],[-98.5515,50.2871],[-98.5486,50.4213],[-98.608,50.5676],[-98.716,50.7374],[-98.8147,50.864],[-98.8532,50.9455],[-98.9409,51.0076],[-98.8294,51.0719],[-98.8969,51.1881],[-98.9529,51.2021],[-99.0772,51.3394],[-99.1625,51.5435],[-99.2576,51.5626],[-99.3195,51.617],[-99.4255,51.6271],[-99.5416,51.5781],[-99.5454,51.7137],[-99.491,51.7576],[-99.39,51.7812],[-99.3377,51.7588],[-99.2389,51.6463],[-99.1659,51.6754],[-99.1663,51.7767]],[[-121.9568,42.3959],[-122.0421,42.4283],[-122.0595,42.4747],[-121.9655,42.5898],[-121.9478,42.4994],[-121.8277,42.409],[-121.8064,42.2888],[-121.8415,42.2563],[-121.922,42.3324],[-121.9568,42.3959]],[[-120.0106,47.8516],[-120.1184,47.8805],[-120.2048,47.9618],[-120.5304,48.1624],[-120.5347,48.2037],[-120.0106,47.8516]],[[-124.7591,56.7416],[-124.459,56.4714],[-124.359,56.3454],[-124.2489,56.2632],[-124.0528,56.2226],[-124.0727,56.1536],[-123.9695,56.0606],[-123.7882,56.0722],[-123.2376,56.0287],[-123.1178,56.0476],[-122.971,56.1156],[-122.566,56.158],[-122.2639,56.0838],[-122.345,56.0287],[-122.5015,56.0837],[-122.6029,56.0896],[-123.0116,56.0403],[-123.1391,55.9736],[-123.4289,55.9852],[-123.7156,56.0149],[-123.7817,55.9952],[-123.7597,55.8627],[-123.715,55.8479],[-123.6572,55.7517],[-123.4487,55.6229],[-123.2324,55.4253],[-123.1691,55.3926],[-123.1594,55.2345],[-123.3253,55.434],[-123.506,55.6131],[-123.8092,55.7937],[-123.9212,55.8285],[-124.0488,55.9223],[-124.0329,56.0005],[-124.2097,56.0137],[-124.1575,56.0871],[-124.3454,56.2096],[-124.4809,56.3615],[-124.8344,56.7126],[-124.7591,56.7416]],[[-156.6834,57.7552],[-156.5483,57.7661],[-156.6044,57.6958],[-156.7775,57.566],[-156.768,57.5066],[-156.796,57.4638],[-156.8343,57.4434],[-156.9267,57.473],[-157.0193,57.5124],[-157.0064,57.5657],[-156.8926,57.5796],[-156.8367,57.6533],[-156.6834,57.7552]],[[-114.0244,47.9342],[-114.0046,47.7849],[-114.0564,47.711],[-114.1501,47.7144],[-114.1479,47.8125],[-114.2496,47.8366],[-114.1556,47.9326],[-114.1931,48.0693],[-114.1336,48.0914],[-114.0465,48.0153],[-114.0244,47.9342]],[[-116.5409,47.9945],[-116.4575,48.1682],[-116.3741,48.2083],[-116.3619,48.2837],[-116.2146,48.1599],[-116.4098,48.107],[-116.456,47.9841],[-116.5409,47.9945]],[[-118.1087,49.5832],[-118.0478,49.4567],[-117.9113,49.3746],[-117.9568,49.3357],[-118.0626,49.4118],[-118.1395,49.5213],[-118.1087,49.5832]],[[-118.5266,52.1021],[-118.5513,52.2413],[-118.6417,52.3319],[-118.7505,52.4041],[-119.0581,52.7274],[-118.6774,52.4113],[-118.5651,52.3028],[-118.4024,52.1724],[-118.218,52.1294],[-118.4483,52.0602],[-118.5266,52.1021]],[[-108.5708,56.6963],[-108.4945,56.6926],[-108.4247,56.6291],[-108.4115,56.4644],[-108.324,56.4406],[-108.134,56.4262],[-108.0744,56.3823],[-108.1106,56.3079],[-108.1894,56.271],[-108.1793,56.143],[-108.1222,56.0628],[-108.2997,55.8579],[-108.4864,55.7645],[-108.6048,55.6484],[-108.5975,55.5849],[-108.6647,55.5685],[-108.7163,55.8416],[-108.7591,55.9032],[-108.918,55.9331],[-109.0336,55.9301],[-109.1579,56.068],[-109.0864,56.1221],[-108.8748,56.0795],[-108.6715,55.9788],[-108.5995,55.8482],[-108.467,55.9358],[-108.4668,56.0329],[-108.4327,56.1042],[-108.2728,56.1906],[-108.2685,56.2444],[-108.5394,56.3662],[-108.5303,56.4788],[-108.5612,56.5097],[-108.692,56.4897],[-108.7356,56.6677],[-108.859,56.7088],[-108.8374,56.784],[-108.7028,56.7915],[-108.6345,56.7149],[-108.5708,56.6963]],[[-107.0603,57.386],[-107.0282,57.4262],[-106.8313,57.4898],[-106.6549,57.5975],[-106.4221,57.6487],[-106.3163,57.7052],[-106.1104,57.6546],[-106.0954,57.4646],[-106.14,57.4139],[-106.2544,57.3742],[-106.3738,57.3689],[-106.5415,57.3263],[-106.6983,57.3271],[-106.8036,57.3556],[-106.9698,57.2536],[-107.0906,57.2357],[-107.0603,57.386]],[[-111.8089,58.3026],[-112.0804,58.3469],[-112.2368,58.4598],[-112.2111,58.5499],[-112.3932,58.5779],[-112.4473,58.6178],[-112.4313,58.6826],[-112.3373,58.7776],[-112.1535,58.8246],[-112.119,58.7363],[-111.9847,58.7135],[-111.8438,58.7211],[-111.7167,58.6595],[-111.8167,58.5601],[-111.8434,58.4251],[-111.8089,58.3026]],[[-108.7954,59.5037],[-108.8627,59.4064],[-108.7484,59.3867],[-108.5378,59.4352],[-108.2192,59.4733],[-107.9527,59.4344],[-107.558,59.3958],[-107.2389,59.3482],[-106.0213,59.2901],[-106.0423,59.2519],[-106.7097,59.2629],[-107.2048,59.2843],[-107.4525,59.304],[-107.5888,59.2924],[-107.7337,59.3364],[-107.8367,59.2158],[-108.2112,59.1611],[-109.1033,59.0978],[-109.2786,59.1271],[-109.453,59.0833],[-109.8859,59.0063],[-110.0738,58.9487],[-110.2756,58.8602],[-110.4032,58.7682],[-110.4351,58.6993],[-110.4115,58.6307],[-110.6727,58.6304],[-110.7472,58.6137],[-110.812,58.5125],[-110.8767,58.6286],[-111.1068,58.5468],[-111.0976,58.6155],[-111.2621,58.7029],[-111.2804,58.7885],[-111.0186,58.7641],[-110.8719,58.8373],[-110.612,59.0412],[-109.777,59.4132],[-109.8007,59.445],[-109.5469,59.5701],[-109.398,59.5972],[-109.1725,59.5867],[-109.0359,59.4978],[-108.7954,59.5037]],[[-155.6533,58.5196],[-155.8408,58.5974],[-156.1618,58.6046],[-156.323,58.6293],[-156.4087,58.6907],[-156.1528,58.7293],[-156.0063,58.688],[-155.5599,58.6629],[-155.6465,58.5765],[-155.6533,58.5196]],[[-158.6626,59.4651],[-158.8054,59.4447],[-159.0463,59.5471],[-158.9446,59.5858],[-158.794,59.603],[-158.8036,59.491],[-158.6626,59.4651]],[[-90.2918,48.935],[-90.3751,48.7859],[-90.6009,48.8114],[-90.6501,48.9167],[-90.5465,48.8952],[-90.3608,48.8925],[-90.2918,48.935]],[[-88.2876,50.15],[-88.3839,50.2908],[-88.2318,50.2128],[-88.1705,50.1348],[-88.2224,50.0592],[-88.1326,50.0352],[-88.0305,49.9612],[-88.1445,49.9122],[-88.1081,49.8678],[-88.1295,49.7849],[-88.1124,49.7114],[-88.1657,49.5804],[-88.1803,49.4662],[-88.3049,49.4592],[-88.4387,49.3937],[-88.4936,49.4625],[-88.6218,49.4279],[-88.7729,49.4581],[-88.7859,49.4883],[-88.7104,49.587],[-88.5902,49.6078],[-88.6075,49.6466],[-88.7442,49.6308],[-88.7856,49.5671],[-88.8689,49.5205],[-88.9202,49.5597],[-88.9065,49.6176],[-88.9303,49.7547],[-89.0075,49.7143],[-89.0921,49.7755],[-88.9406,49.8199],[-88.9451,49.8797],[-88.8885,49.9325],[-88.8932,50.0568],[-88.7694,50.2133],[-88.6391,50.277],[-88.5511,50.2391],[-88.4648,50.2376],[-88.3559,50.162],[-88.2876,50.15]],[[-91.2744,51.069],[-90.9762,51.0111],[-90.7453,51.1204],[-90.6041,51.2145],[-90.5202,51.1915],[-90.4269,51.1192],[-90.5278,51.0681],[-90.747,51.0141],[-90.9365,50.9544],[-91.1198,50.9456],[-91.318,50.9185],[-91.3671,50.9305],[-91.2744,51.069]],[[-91.5043,51.1622],[-91.4415,51.1629],[-91.3899,51.071],[-91.5416,51.0855],[-91.6468,51.1536],[-91.5043,51.1622]],[[-93.1232,51.2408],[-93.0716,51.1733],[-93.1645,51.0712],[-93.2354,51.0335],[-93.3196,51.0746],[-93.4813,51.2082],[-93.4553,51.264],[-93.37,51.3015],[-93.2833,51.2795],[-93.1746,51.2947],[-93.1232,51.2408]],[[-89.2832,53.0057],[-89.1229,52.9659],[-88.952,52.9877],[-89.0438,52.8702],[-89.151,52.8539],[-89.4778,52.8684],[-89.4221,52.9482],[-89.2832,53.0057]],[[-99.746,51.7521],[-99.6469,51.8425],[-99.6241,51.6285],[-99.7748,51.5896],[-99.9351,51.7175],[-99.9504,51.7629],[-99.8988,51.8409],[-99.9534,51.9993],[-100.0054,52.0157],[-99.9844,51.8123],[-100.0492,51.7555],[-100.1134,51.8907],[-100.1592,52.1159],[-100.165,52.2542],[-100.1363,52.3513],[-100.0268,52.4639],[-99.9923,52.5665],[-100.0453,52.6485],[-100.0624,52.7628],[-100.0957,52.7955],[-100.2683,52.8717],[-100.3429,52.807],[-100.2787,52.7818],[-100.2422,52.6398],[-100.3392,52.6716],[-100.4175,52.7729],[-100.4532,52.953],[-100.5639,52.9962],[-100.6654,52.9802],[-100.6211,52.886],[-100.678,52.7784],[-100.8234,52.753],[-100.8331,52.8125],[-100.9146,52.8144],[-100.9925,52.8804],[-101.0068,53.0083],[-101.1018,53.0808],[-100.9637,53.1473],[-100.8199,53.0906],[-100.644,53.1151],[-100.515,53.1711],[-100.3346,53.1071],[-100.1052,53.0542],[-99.8435,52.9746],[-99.7568,52.9134],[-99.6781,52.8998],[-99.7049,52.8119],[-99.6619,52.6098],[-99.6755,52.4729],[-99.8389,52.243],[-99.8089,52.0946],[-99.7493,52.0277],[-99.7444,51.9729],[-99.7976,51.8758],[-99.7812,51.7611],[-99.746,51.7521]],[[-98.7726,52.9647],[-98.5014,53.0179],[-98.5247,53.0651],[-98.696,53.0824],[-98.9902,53.0478],[-99.0501,53.0729],[-99.24,53.2098],[-99.2016,53.3527],[-99.0851,53.4801],[-98.9827,53.7183],[-99.001,53.7536],[-98.9293,53.8674],[-98.8109,53.897],[-98.6135,53.8427],[-98.4558,53.8524],[-98.2994,53.8343],[-98.0088,53.71],[-97.8997,53.7384],[-98.2038,53.8739],[-98.2992,53.9655],[-98.174,54.2182],[-98.021,54.4099],[-97.932,54.375],[-97.9827,54.3159],[-97.8436,54.3167],[-97.8642,54.2655],[-98.0835,54.202],[-98.213,54.0253],[-98.061,53.9309],[-97.9717,53.9796],[-97.9375,53.8902],[-97.8319,53.7355],[-97.8283,53.6413],[-97.707,53.5148],[-97.5817,53.2911],[-97.475,53.2012],[-97.4369,53.1187],[-97.3519,53.0263],[-97.424,52.9648],[-97.398,52.8789],[-97.3328,52.784],[-97.1978,52.6729],[-97.1121,52.4775],[-97.0025,52.2694],[-97.0186,52.2044],[-96.9577,52.0769],[-96.8589,51.9928],[-96.8442,51.8664],[-96.7067,51.8147],[-96.7573,51.7628],[-96.7224,51.7038],[-96.6015,51.5963],[-96.4952,51.4131],[-96.3443,51.3089],[-96.2903,51.2512],[-96.3941,51.0876],[-96.4025,51.0199],[-96.3675,50.8574],[-96.3585,50.6912],[-96.3917,50.6285],[-96.5418,50.7279],[-96.5875,50.6636],[-96.6076,50.5522],[-96.5764,50.468],[-96.6832,50.3979],[-96.8656,50.4185],[-96.9307,50.4612],[-96.9833,50.683],[-96.956,50.7974],[-96.9666,50.9274],[-96.9265,51.0825],[-96.8406,51.1282],[-96.7744,51.2208],[-96.6926,51.2553],[-96.6268,51.3244],[-96.7254,51.366],[-96.9082,51.2056],[-96.9815,51.2509],[-96.7421,51.5545],[-96.8262,51.7104],[-96.8805,51.7242],[-97.0647,51.6651],[-97.1271,51.6075],[-97.141,51.5021],[-97.22,51.4501],[-97.2759,51.4914],[-97.2895,51.5935],[-97.24,51.7664],[-97.2498,51.8651],[-97.3567,52.0397],[-97.6,51.9876],[-97.4949,52.1078],[-97.5312,52.1365],[-97.7428,52.1354],[-97.7355,52.0451],[-97.8234,51.8892],[-97.9626,51.9271],[-98.0363,51.9813],[-98.0708,52.0997],[-98.1393,52.1624],[-98.188,52.2802],[-98.4288,52.3818],[-98.4691,52.4861],[-98.5531,52.5564],[-98.809,52.725],[-98.82,52.783],[-98.8958,52.8563],[-98.895,52.9158],[-98.7726,52.9647]],[[-100.3524,53.7121],[-100.4317,53.79],[-100.33,53.8645],[-100.3472,53.898],[-100.4739,53.8956],[-100.4833,53.9496],[-100.3027,53.9733],[-100.306,54.0983],[-100.3585,54.202],[-100.2439,54.2105],[-100.1631,54.2524],[-99.9277,54.1542],[-100.1798,54.0421],[-100.0942,53.9414],[-100.1507,53.8607],[-100.1185,53.8374],[-99.963,53.8757],[-99.8452,53.9268],[-99.6601,54.034],[-99.6019,54.0107],[-99.7756,53.8351],[-99.9084,53.8267],[-99.9262,53.7605],[-100.0756,53.6944],[-100.1702,53.6794],[-100.2194,53.6319],[-100.0187,53.5328],[-99.929,53.4073],[-99.9479,53.3547],[-99.8936,53.2548],[-99.7992,53.2527],[-99.6927,53.2987],[-99.4375,53.3369],[-99.3303,53.1594],[-99.4587,53.0527],[-99.5388,53.0674],[-99.6046,53.1628],[-99.7976,53.137],[-99.9717,53.0977],[-100.2004,53.1518],[-100.4122,53.2699],[-100.5425,53.3075],[-100.8424,53.4263],[-100.8546,53.5012],[-100.6408,53.4954],[-100.6336,53.5686],[-100.3225,53.5925],[-100.3524,53.7121]],[[-94.6542,53.876],[-94.5901,53.8584],[-94.1308,53.8921],[-94.0021,53.8466],[-94.014,53.7985],[-94.1027,53.7588],[-94.2363,53.7344],[-94.5176,53.7096],[-94.6819,53.7334],[-94.8552,53.7857],[-94.9333,53.8267],[-94.9333,53.9331],[-94.7538,53.989],[-94.6341,53.9862],[-94.6856,53.9153],[-94.6542,53.876]],[[-105.7141,54.4925],[-105.5676,54.4595],[-105.5697,54.3274],[-105.6726,54.2223],[-105.7141,54.086],[-105.8048,54.0778],[-105.8125,54.2341],[-105.7278,54.4142],[-105.7141,54.4925]],[[-107.8058,55.5525],[-107.8574,55.6606],[-107.7689,55.6975],[-107.7665,55.8941],[-107.6657,55.7442],[-107.7399,55.4795],[-107.7404,55.4083],[-107.8431,55.3035],[-108.0442,55.5083],[-107.9852,55.5747],[-107.85,55.5279],[-107.8058,55.5525]],[[-106.3413,55.6619],[-106.4722,55.6309],[-106.5392,55.6888],[-106.3436,55.7599],[-106.3413,55.6619]],[[-107.0094,55.8056],[-107.0589,55.8551],[-106.9472,55.9208],[-106.8804,55.9083],[-107.0094,55.8056]],[[-102.3633,54.5775],[-102.2872,54.7154],[-102.1972,54.738],[-102.1161,54.7076],[-102.1058,54.5984],[-102.1278,54.4937],[-102.256,54.4487],[-102.3783,54.5164],[-102.3633,54.5775]],[[-105.2052,55.2484],[-105.0814,55.302],[-104.9548,55.2795],[-104.8332,55.3063],[-104.6742,55.2912],[-104.6209,55.3068],[-104.5191,55.2566],[-104.4002,55.2474],[-104.3689,55.1824],[-104.4547,55.1383],[-104.591,55.1537],[-104.6898,55.1259],[-104.8222,54.9939],[-105.128,54.925],[-105.2368,54.9566],[-105.2577,55.074],[-105.2052,55.2484]],[[-96.0547,55.2871],[-95.8532,55.3606],[-95.7888,55.4002],[-95.6757,55.3641],[-95.7334,55.3075],[-96.1065,55.2172],[-96.2292,55.2125],[-96.2052,55.2714],[-96.0547,55.2871]],[[-95.9058,55.461],[-95.7952,55.5686],[-95.5995,55.6145],[-95.714,55.4768],[-95.7691,55.4418],[-95.9058,55.461]],[[-96.0807,56.1181],[-96.0863,56.0791],[-96.2446,56.0922],[-96.5719,56.0862],[-96.5041,56.1503],[-96.2785,56.177],[-96.0539,56.2729],[-95.906,56.3023],[-95.8652,56.2648],[-96.1055,56.203],[-96.0435,56.1563],[-96.0807,56.1181]],[[-98.9046,56.9248],[-98.8574,57.0597],[-98.6953,57.1172],[-98.651,57.2189],[-98.6681,57.2618],[-98.5083,57.2993],[-98.5366,57.4564],[-98.5932,57.5288],[-98.4717,57.5488],[-98.2935,57.6378],[-98.224,57.5802],[-98.2946,57.4932],[-98.2011,57.4055],[-97.9949,57.3872],[-98.1087,57.3171],[-98.2502,57.1119],[-98.5612,57.0608],[-98.8546,56.8408],[-99.0021,56.8625],[-99.068,56.8461],[-99.2182,56.7357],[-99.4704,56.733],[-99.6427,56.681],[-99.6633,56.7534],[-99.546,56.7759],[-99.3285,56.9876],[-99.2258,56.9514],[-99.1245,57.0046],[-99.0064,56.9269],[-98.9046,56.9248]],[[-101.9611,57.5166],[-102.1062,57.4272],[-102.0938,57.3676],[-101.8877,57.3052],[-102.0324,57.1912],[-102.0481,57.1143],[-101.9621,57.0247],[-102.1768,56.864],[-102.3126,56.8384],[-102.4654,56.6079],[-102.8854,56.4735],[-102.9773,56.3692],[-103.1367,56.4142],[-103.2876,56.3041],[-103.257,56.4753],[-103.2934,56.5434],[-103.1919,56.5553],[-103.1529,56.6198],[-103.1056,56.853],[-103.069,56.8491],[-103.08,56.6766],[-103.0511,56.5687],[-102.9777,56.5616],[-102.8615,56.6833],[-102.7325,56.7163],[-102.5698,56.8304],[-102.5437,56.9297],[-102.5838,57.0462],[-102.7418,57.1009],[-102.6934,57.2099],[-102.7889,57.2827],[-102.9193,57.2952],[-102.933,57.3644],[-102.8901,57.4507],[-102.6944,57.5643],[-102.6918,57.6882],[-102.5226,57.7305],[-102.4395,57.7987],[-102.205,57.931],[-102.1509,58.0379],[-102.0524,58.1074],[-101.991,58.0883],[-102.0133,58.0029],[-101.9125,57.9908],[-101.8033,58.0204],[-101.8467,57.8977],[-101.5443,57.9202],[-101.5434,57.816],[-101.6301,57.7575],[-101.7347,57.6466],[-101.8284,57.5786],[-101.9611,57.5166]],[[-103.6819,58.0779],[-103.7059,58.1274],[-103.6194,58.2339],[-103.6619,58.2836],[-103.6104,58.4085],[-103.4946,58.4623],[-103.3841,58.4316],[-103.2391,58.4716],[-103.2214,58.5246],[-102.9525,58.5325],[-102.9212,58.4772],[-102.8034,58.4116],[-102.8372,58.3299],[-102.9484,58.3055],[-103.0009,58.243],[-102.9405,58.1734],[-103.1016,58.1338],[-103.2311,58.0808],[-103.2814,57.9841],[-103.2687,57.8696],[-103.5593,57.8687],[-103.7279,57.7965],[-103.8323,57.7937],[-103.6563,57.9193],[-103.7927,57.9636],[-103.6734,58.0374],[-103.6819,58.0779]],[[-103.8194,58.5829],[-103.7858,58.691],[-103.6627,58.7017],[-103.5999,58.6611],[-103.6684,58.545],[-103.8194,58.5829]],[[-105.3942,59.1276],[-105.5538,59.0986],[-105.6604,59.0547],[-105.7848,58.922],[-105.868,58.9393],[-105.8061,59.0311],[-105.2151,59.2961],[-104.9481,59.2368],[-105.0124,59.1732],[-105.3942,59.1276]],[[-101.9878,59.9653],[-102.0854,60.0187],[-102.2746,60.2109],[-102.3817,60.2502],[-102.5875,60.2457],[-102.6004,60.3088],[-102.4848,60.3145],[-102.3153,60.424],[-102.4371,60.5004],[-102.4343,60.5847],[-102.3518,60.6335],[-102.2152,60.6154],[-102.108,60.4568],[-101.9981,60.3751],[-101.8864,60.2383],[-101.8487,60.1116],[-101.8847,59.9828],[-101.9878,59.9653]],[[-104.1407,60.8258],[-104.1241,60.7517],[-103.8505,60.8238],[-103.6468,60.9022],[-103.667,60.8349],[-103.9698,60.7072],[-104.1366,60.6675],[-104.0421,60.6018],[-103.8786,60.6412],[-103.7357,60.6418],[-103.9351,60.4769],[-103.949,60.4215],[-104.1166,60.3554],[-104.1516,60.4253],[-104.1345,60.5333],[-104.4939,60.7261],[-104.3426,60.8705],[-104.5296,60.8603],[-104.4193,61.022],[-104.3349,61.0263],[-104.2131,60.9379],[-104.2299,60.8463],[-104.1407,60.8258]],[[-90.1007,53.8708],[-90.0019,53.8863],[-89.8467,53.8149],[-89.6086,53.7715],[-89.8139,53.6899],[-90.0338,53.6852],[-90.1669,53.7466],[-90.3572,53.7661],[-90.2899,53.868],[-90.1713,53.8379],[-90.1007,53.8708]],[[-94.7634,54.4117],[-94.7355,54.4997],[-94.6501,54.5408],[-94.5081,54.6689],[-94.477,54.8008],[-94.2719,54.8424],[-94.1099,54.8499],[-93.9227,54.8347],[-93.6903,54.7924],[-93.7024,54.7583],[-93.912,54.7438],[-93.989,54.6708],[-94.2913,54.6178],[-94.4144,54.5858],[-94.4653,54.5213],[-94.5514,54.4796],[-94.7634,54.4117]],[[-88.2025,66.6327],[-88.3962,66.6568],[-88.7106,66.6323],[-88.615,66.7108],[-88.3411,66.7053],[-88.2025,66.6327]],[[-154.1087,59.7176],[-154.5338,59.6279],[-154.583,59.4737],[-154.6135,59.4515],[-154.9074,59.4319],[-155.7434,59.3345],[-155.8813,59.3769],[-155.9137,59.4565],[-155.8457,59.5376],[-155.2598,59.6619],[-154.9927,59.7054],[-154.3282,59.7914],[-153.9713,59.7693],[-154.1087,59.7176]],[[-158.3067,59.98],[-158.2565,59.9345],[-158.535,59.961],[-158.8263,59.911],[-159,59.9477],[-158.5418,60.0156],[-158.3067,59.98]],[[-132.2135,59.6883],[-132.3992,59.9218],[-132.6101,60.05],[-132.8342,60.135],[-132.9579,60.2007],[-133.1873,60.3818],[-133.1378,60.4274],[-132.9798,60.2974],[-132.7978,60.1923],[-132.5217,60.0982],[-132.3636,59.9859],[-132.23,59.8487],[-132.2135,59.6883]],[[-151.0215,60.2056],[-151.1658,60.2266],[-151.0646,60.3048],[-150.8943,60.2721],[-150.6537,60.1214],[-150.716,60.0518],[-150.831,60.1278],[-151.0215,60.2056]],[[-158.8742,60.2639],[-158.7808,60.1897],[-159.0832,60.2116],[-159.0575,60.2418],[-158.8742,60.2639]],[[-154.0558,60.3012],[-154.2599,60.2295],[-154.7202,60.0401],[-154.7521,60.0696],[-154.5729,60.1826],[-154.3118,60.2787],[-154.0888,60.3399],[-153.6887,60.4306],[-153.6593,60.4036],[-154.0558,60.3012]],[[-163.7745,60.2861],[-164.0536,60.2946],[-163.8496,60.3513],[-163.9385,60.389],[-163.8522,60.4333],[-163.499,60.4249],[-163.5766,60.3419],[-163.5566,60.27],[-163.6292,60.2141],[-163.7704,60.1668],[-163.7745,60.2861]],[[-121.2558,60.4476],[-121.4078,60.3997],[-121.5664,60.4635],[-121.3155,60.5883],[-121.3361,60.7706],[-121.1763,60.7224],[-121.1083,60.6646],[-121.0913,60.5916],[-121.1487,60.5134],[-121.2558,60.4476]],[[-162.5274,60.7627],[-162.7498,60.8015],[-162.6552,60.8426],[-162.5081,60.7946],[-162.5274,60.7627]],[[-162.3703,60.83],[-162.3967,60.95],[-162.2041,60.8528],[-162.3703,60.83]],[[-163.0022,61.1095],[-162.8012,61.0809],[-162.8382,61.0406],[-163.0306,61.0832],[-163.0022,61.1095]],[[-163.7979,61.144],[-163.8262,61.2173],[-163.547,61.2313],[-163.7979,61.144]],[[-106.2367,59.8623],[-106.375,59.8307],[-106.3258,59.9345],[-106.3076,60.1008],[-106.1802,60.0349],[-106.1223,60.1437],[-105.8726,60.2283],[-105.7044,60.1837],[-105.7701,60.1306],[-106.0278,60.1111],[-105.8754,60.0063],[-106.0187,59.9936],[-106.0734,59.959],[-106.0553,59.8449],[-106.1669,59.8083],[-106.2367,59.8623]],[[-115.1573,60.1947],[-115.2862,60.1598],[-115.2943,60.109],[-115.6053,60.1729],[-115.8793,60.163],[-115.8961,60.2014],[-115.8043,60.2542],[-115.5314,60.2621],[-115.3491,60.2949],[-115.2215,60.337],[-115.0622,60.3294],[-115.1573,60.1947]],[[-115.8666,62.6334],[-116.0375,62.7257],[-115.9127,62.7639],[-115.7629,62.7201],[-115.6719,62.6637],[-115.2886,62.6074],[-115.1651,62.5188],[-114.9021,62.466],[-114.7137,62.3762],[-114.6252,62.3587],[-114.4369,62.3729],[-114.3514,62.4079],[-114.2271,62.3854],[-114.2468,62.3262],[-114.155,62.2786],[-114.0228,62.2681],[-113.8922,62.2059],[-113.7558,62.103],[-113.5743,62.0188],[-113.3088,62.0049],[-113.0375,62.0186],[-112.5293,62.074],[-112.3019,62.1345],[-111.7796,62.3682],[-111.5125,62.5953],[-111.3934,62.7219],[-111.081,62.8354],[-110.6727,62.9269],[-110.5246,62.9449],[-110.0559,62.952],[-109.8895,62.9242],[-109.0462,62.8289],[-108.9191,62.7879],[-109.0065,62.6899],[-109.2519,62.5971],[-109.3007,62.7171],[-109.9442,62.8143],[-110.2841,62.8268],[-110.6617,62.8286],[-110.7562,62.7632],[-111.269,62.6612],[-111.2723,62.6167],[-110.8362,62.6656],[-110.5359,62.6596],[-110.4105,62.6851],[-109.8637,62.6733],[-109.7348,62.6495],[-109.9583,62.5761],[-110.1866,62.5538],[-110.3296,62.5693],[-110.6834,62.5155],[-110.6468,62.4822],[-110.7048,62.3955],[-110.9503,62.4025],[-111.0604,62.3805],[-111.2944,62.2811],[-111.3073,62.2331],[-111.587,62.1294],[-111.6377,62.0595],[-111.5021,62.0491],[-111.6203,61.95],[-111.8432,61.8574],[-112.0896,61.7363],[-112.208,61.6244],[-112.6759,61.4631],[-112.9694,61.3904],[-113.0074,61.449],[-113.1482,61.4663],[-113.3587,61.4449],[-113.6766,61.3012],[-113.6819,61.2139],[-113.6303,61.1057],[-113.7294,61.0277],[-113.9728,60.9789],[-114.1725,61.006],[-114.3376,60.9884],[-114.7265,60.9074],[-114.9127,60.9098],[-115.333,60.8446],[-115.4732,60.8381],[-115.7436,60.8571],[-115.8766,60.8481],[-116.057,60.8683],[-116.4248,60.9531],[-116.5277,61.0293],[-117.089,61.0511],[-117.2782,61.0973],[-117.5054,61.2403],[-117.4727,61.2682],[-117.0668,61.1499],[-116.7945,61.2063],[-116.7256,61.2413],[-116.7634,61.3294],[-116.5939,61.324],[-116.4503,61.285],[-116.1985,61.2664],[-116.1213,61.2285],[-115.9804,61.2449],[-115.8697,61.2837],[-115.9049,61.3269],[-116.0388,61.3813],[-115.9184,61.4226],[-115.7172,61.4398],[-115.7454,61.5113],[-115.6577,61.6413],[-115.5706,61.6871],[-115.5569,61.7404],[-115.3374,61.7785],[-115.1623,61.7361],[-114.8454,61.7681],[-114.6356,61.8689],[-114.651,61.9229],[-114.7618,61.9562],[-114.848,62.0318],[-115.0534,62.1193],[-115.0448,62.1745],[-115.1666,62.2439],[-115.3072,62.2543],[-115.2542,62.3292],[-115.309,62.3708],[-115.2712,62.4666],[-115.701,62.4853],[-115.8666,62.6334]],[[-118.3148,63.2907],[-118.6274,63.337],[-118.564,63.4279],[-118.3443,63.5129],[-118.1002,63.5702],[-118.0005,63.5441],[-117.915,63.4664],[-117.764,63.4042],[-117.5752,63.3716],[-117.3187,63.2087],[-117.3596,63.1462],[-117.5542,63.1135],[-117.7385,63.1131],[-118.1073,63.2234],[-118.201,63.2827],[-118.3148,63.2907]],[[-160.1027,61.4063],[-160.038,61.4217],[-159.9339,61.3669],[-160.0887,61.34],[-160.1027,61.4063]],[[-137.3308,61.6116],[-137.0958,61.4569],[-137.168,61.4499],[-137.5218,61.6358],[-137.4417,61.652],[-137.3308,61.6116]],[[-146.7032,62.4446],[-146.473,62.3321],[-146.5643,62.293],[-146.7039,62.4108],[-146.7032,62.4446]],[[-107.7519,64.0705],[-107.5892,64.1123],[-107.3226,64.1307],[-107.2379,64.0998],[-107.2687,63.9829],[-107.2224,63.9256],[-107.1059,63.8938],[-107.2736,63.7757],[-107.5016,63.7893],[-107.6322,63.8768],[-107.6215,63.9697],[-107.8361,63.983],[-107.9316,64.0364],[-108.0838,64.0449],[-108.2524,64.022],[-108.4594,63.9454],[-108.6612,63.9885],[-108.858,64.0651],[-109.0288,64.1034],[-108.6336,64.1701],[-108.6234,64.2764],[-108.5412,64.3875],[-108.4323,64.3977],[-108.4192,64.2667],[-108.2608,64.2767],[-108.3579,64.1813],[-108.1859,64.177],[-107.9449,64.0938],[-107.7519,64.0705]],[[-108.2089,64.6344],[-108.4808,64.5586],[-108.4943,64.5975],[-108.2402,64.684],[-108.2089,64.6344]],[[-108.9303,64.7059],[-108.8209,64.5518],[-109.0979,64.6556],[-109.0618,64.7268],[-108.9303,64.7059]],[[-122.4114,66.5986],[-122.3443,66.5835],[-121.9804,66.6362],[-121.4548,66.7398],[-121.2334,66.8325],[-120.6921,66.9069],[-120.5926,66.9297],[-119.8775,67.0294],[-119.6706,66.9922],[-119.097,66.9091],[-119.2524,66.8291],[-119.7621,66.6965],[-120.0845,66.6541],[-120.1295,66.6004],[-120.3303,66.5373],[-120.3251,66.4702],[-120.4454,66.3951],[-120.0165,66.3801],[-119.962,66.3555],[-119.5925,66.3074],[-119.4895,66.3381],[-119.1048,66.3262],[-118.7558,66.3313],[-118.3373,66.3986],[-118.1917,66.5154],[-118.0041,66.6013],[-117.7262,66.6595],[-117.7338,66.551],[-117.8645,66.4608],[-117.8425,66.4237],[-117.5421,66.4828],[-117.5144,66.4603],[-117.6744,66.3361],[-117.6799,66.2532],[-117.9866,66.1054],[-117.924,66.0436],[-118.0726,66.0359],[-118.1991,65.9052],[-118.157,65.8314],[-117.8743,65.847],[-117.9433,65.7227],[-118.0336,65.6932],[-118.5689,65.6439],[-118.8344,65.7549],[-118.9437,65.784],[-119.2762,65.796],[-119.6191,65.7823],[-119.6979,65.7136],[-119.9738,65.6172],[-119.9878,65.5862],[-119.5405,65.4079],[-119.5564,65.3443],[-119.885,65.3249],[-120.0951,65.2032],[-120.4661,65.0727],[-121.0727,64.8996],[-121.2301,64.8265],[-121.3668,64.8336],[-121.4715,64.8795],[-121.48,64.9334],[-121.3974,64.9686],[-121.0889,65.004],[-120.9911,65.0821],[-120.5504,65.2894],[-120.4058,65.4114],[-120.3677,65.5088],[-120.4656,65.5848],[-120.6635,65.6052],[-120.9778,65.5528],[-121.3675,65.4347],[-121.5479,65.3638],[-121.6057,65.2287],[-121.6152,65.0932],[-122.0399,64.9613],[-122.8913,65.0682],[-123.4459,65.1161],[-123.4439,65.1846],[-123.188,65.2163],[-122.8526,65.2781],[-122.7666,65.3425],[-122.7692,65.4085],[-122.8873,65.487],[-122.7857,65.5314],[-122.3741,65.6566],[-122.2058,65.7526],[-122.1636,65.8175],[-122.5308,65.9437],[-122.5488,65.9862],[-122.3875,66.007],[-121.772,65.9481],[-121.475,65.9569],[-121.2934,66.0014],[-121.2782,66.092],[-121.5327,66.1223],[-121.6953,66.1782],[-122.1104,66.2343],[-122.4362,66.2513],[-123.0157,66.2552],[-122.9926,66.1729],[-123.1978,66.1037],[-123.3962,66.1354],[-123.7695,66.1255],[-124.0507,66.1302],[-124.2608,66.1573],[-124.4994,66.1531],[-124.5902,66.1096],[-124.5901,66.0157],[-124.7321,66.0398],[-124.8167,65.9413],[-124.898,65.9662],[-125.0204,66.0572],[-125.0905,66.1573],[-125.0628,66.2478],[-124.8062,66.2795],[-124.5252,66.2762],[-124.4044,66.309],[-123.5596,66.4275],[-123.1768,66.5169],[-123.0882,66.4734],[-122.8444,66.5329],[-122.5288,66.5601],[-122.4114,66.5986]],[[-111.9956,64.6598],[-111.988,64.6902],[-112.3256,64.86],[-112.1144,64.848],[-111.8872,64.7006],[-111.9956,64.6598]],[[-118.2479,65.0141],[-118.2479,64.9558],[-118.325,64.9032],[-118.1457,64.7946],[-118.3329,64.7805],[-118.5783,64.8843],[-118.6362,64.9284],[-118.6978,65.109],[-118.8316,65.1917],[-118.6593,65.2622],[-118.4445,65.2907],[-118.2646,65.1991],[-118.2792,65.0903],[-118.2479,65.0141]],[[-103.4687,61.3853],[-103.4563,61.5131],[-103.2962,61.5206],[-103.3921,61.3949],[-103.4687,61.3853]],[[-102.6604,62.7596],[-102.5967,62.6575],[-102.5514,62.4987],[-102.5763,62.45],[-102.7366,62.4103],[-102.6771,62.5602],[-102.7736,62.7042],[-102.6604,62.7596]],[[-98.4583,62.8285],[-98.2075,62.8098],[-97.9829,62.8644],[-97.6623,62.864],[-97.6127,62.6626],[-97.5181,62.6033],[-97.475,62.5336],[-97.3183,62.4612],[-97.4449,62.4215],[-97.6258,62.4917],[-97.7796,62.5087],[-97.9648,62.4742],[-97.9687,62.5485],[-98.1316,62.6638],[-98.2058,62.6897],[-98.3147,62.6182],[-98.3564,62.7076],[-98.4583,62.8285]],[[-99.7295,62.8195],[-99.7643,62.8728],[-99.6062,62.9588],[-99.3479,63.1727],[-99.3036,63.0476],[-99.1594,62.9905],[-99.142,62.9288],[-99.3859,62.8169],[-99.7295,62.8195]],[[-100.7703,63.319],[-100.8636,63.2935],[-101.0405,63.2918],[-101.1135,63.1714],[-101.0605,63.0602],[-100.8841,63.0072],[-100.8837,62.9563],[-101.059,62.858],[-101.0279,62.7611],[-101.2904,62.6661],[-101.3925,62.721],[-101.3217,62.8281],[-101.33,62.8913],[-101.4144,62.9106],[-101.499,62.7397],[-101.7547,62.8005],[-101.8231,62.8806],[-101.9892,62.8866],[-102.0347,62.9246],[-102.0971,63.0764],[-102.1602,63.1648],[-101.8071,63.2671],[-101.7491,63.3372],[-101.5835,63.3973],[-101.5475,63.4559],[-101.3653,63.3967],[-101.2928,63.4149],[-101.2758,63.4906],[-101.1372,63.4304],[-101.008,63.463],[-100.9024,63.5303],[-100.7058,63.5465],[-100.6444,63.4685],[-100.6728,63.3729],[-100.7703,63.319]],[[-94.4563,64.1396],[-94.247,64.1237],[-94.2245,64.0761],[-94.3116,64.0125],[-94.4547,63.9964],[-94.8604,64.0655],[-95.2994,64.0792],[-95.5018,64.0583],[-95.7842,64.0563],[-95.9456,64.1268],[-96.2274,64.193],[-96.2734,64.3014],[-96.2026,64.3246],[-95.2506,64.2739],[-95.0372,64.2388],[-94.6501,64.1968],[-94.6256,64.1588],[-94.4563,64.1396]],[[-95.4594,64.7889],[-95.5495,64.7624],[-95.6365,64.8458],[-95.7988,64.9228],[-95.8809,64.8509],[-96.0321,64.9231],[-95.9313,65.0031],[-95.6321,65.0394],[-95.25,65.0342],[-95.4631,64.9211],[-95.4594,64.7889]],[[-98.4859,67.4209],[-98.2287,67.3321],[-98.4211,67.192],[-98.5515,67.2718],[-98.4859,67.4209]],[[-114.1689,65.4957],[-114.0007,65.4479],[-113.8396,65.3678],[-113.621,65.4164],[-113.517,65.3851],[-113.2705,65.4007],[-113.316,65.3323],[-112.6781,65.2034],[-112.2174,65.2255],[-112.3456,65.1284],[-112.2419,64.9656],[-112.3178,64.9602],[-112.4568,65.1526],[-112.6499,65.1603],[-112.9394,65.2127],[-113.063,65.2162],[-113.3236,65.2598],[-113.5075,65.2723],[-113.7871,65.244],[-113.9499,65.3353],[-114.0981,65.3782],[-114.1849,65.4458],[-114.4417,65.4771],[-114.3809,65.6159],[-114.3966,65.6571],[-114.2287,65.677],[-114.1829,65.6112],[-114.2872,65.5551],[-114.1689,65.4957]],[[-126.1491,66.9087],[-126.1894,66.7956],[-126.369,66.7843],[-126.4144,66.9381],[-126.3562,67.0112],[-126.2178,67.0096],[-126.1491,66.9087]],[[-126.1844,67.1375],[-126.2352,67.2152],[-125.7513,67.3131],[-125.7295,67.2972],[-125.8284,67.1238],[-126.0614,67.0593],[-126.2216,67.0852],[-126.1844,67.1375]],[[-126.536,67.3975],[-126.6126,67.5221],[-126.4937,67.5522],[-126.3984,67.4876],[-126.1981,67.4028],[-126.2064,67.3037],[-126.4191,67.2561],[-126.4947,67.2633],[-126.536,67.3975]],[[-119.7338,68.2554],[-119.8478,68.2537],[-119.8355,68.4843],[-119.8747,68.5585],[-119.8255,68.661],[-119.6629,68.7442],[-119.4698,68.6083],[-119.5945,68.5745],[-119.6496,68.471],[-119.5255,68.3317],[-119.7338,68.2554]],[[-154.0354,70.6844],[-153.8115,70.7248],[-153.6114,70.7368],[-153.0145,70.6035],[-152.9398,70.5686],[-153.2748,70.5183],[-153.6555,70.4798],[-153.7935,70.4871],[-154.0194,70.5431],[-154.2572,70.6605],[-154.0354,70.6844]],[[-76.0956,43.2379],[-76.0601,43.2627],[-75.8607,43.2479],[-75.75,43.2255],[-75.7996,43.1809],[-75.9592,43.1768],[-76.0956,43.2379]],[[-71.3738,43.7223],[-71.2926,43.6347],[-71.2164,43.5865],[-71.2773,43.532],[-71.4435,43.6277],[-71.3738,43.7223]],[[-77.4267,44.1352],[-77.3257,44.1781],[-77.2033,44.1754],[-77.0587,44.2051],[-76.9131,44.1978],[-76.8848,44.1588],[-77.0292,44.1008],[-76.9915,44.0741],[-76.787,44.1822],[-76.0572,44.3666],[-75.9416,44.4108],[-75.8314,44.49],[-75.7909,44.4299],[-76.0159,44.3003],[-76.1035,44.2218],[-76.2811,44.1435],[-76.3324,44.0858],[-76.2806,44.0465],[-76.1976,44.0835],[-76.1336,44.0267],[-76.051,44.008],[-76.1655,43.8882],[-76.2189,43.8574],[-76.2349,43.7988],[-76.1739,43.6252],[-76.2092,43.5647],[-76.2743,43.5312],[-76.3693,43.5247],[-76.519,43.4593],[-76.7236,43.3348],[-76.9375,43.237],[-77.0297,43.238],[-77.2374,43.2664],[-77.3893,43.2696],[-77.5795,43.2164],[-77.6998,43.2996],[-77.8458,43.3498],[-78.0175,43.3669],[-78.2367,43.371],[-78.5034,43.362],[-78.8208,43.308],[-79.1891,43.2089],[-79.4775,43.1948],[-79.7866,43.2644],[-79.7937,43.3006],[-79.569,43.5783],[-79.446,43.6471],[-79.3028,43.6897],[-79.0606,43.8352],[-78.9887,43.8555],[-78.7931,43.8763],[-78.6693,43.9024],[-78.5431,43.9069],[-78.335,43.9444],[-78.0231,43.9847],[-77.7265,44.0093],[-77.6818,44.0448],[-77.5834,44.0384],[-77.5029,43.9625],[-77.3245,43.9716],[-77.208,43.876],[-77.0545,43.883],[-77.0138,43.9353],[-77.024,43.9872],[-76.9557,44.0571],[-77.1162,44.0343],[-77.0898,44.1346],[-77.1274,44.1488],[-77.2484,44.0989],[-77.3235,44.1297],[-77.4267,44.1352]],[[-73.3541,44.2812],[-73.4003,44.4309],[-73.4438,44.6375],[-73.3999,44.7749],[-73.3829,44.9361],[-73.2964,44.914],[-73.1468,45.073],[-73.0878,45.0461],[-73.1927,44.9566],[-73.1725,44.9191],[-73.2137,44.5864],[-73.2625,44.5418],[-73.2276,44.445],[-73.3732,44.1477],[-73.4049,44.0539],[-73.3693,43.8757],[-73.4032,43.8655],[-73.4512,44.0834],[-73.4439,44.193],[-73.3541,44.2812]],[[-75.8644,46.7549],[-76.0335,46.7595],[-75.955,46.8749],[-75.8306,46.9016],[-75.7365,46.9971],[-75.6878,46.8721],[-75.7514,46.7176],[-75.8644,46.7549]],[[-76.7414,47.3546],[-76.7887,47.3851],[-76.7674,47.4494],[-76.8193,47.5174],[-76.5223,47.6908],[-76.6334,47.5102],[-76.459,47.4755],[-76.4078,47.446],[-76.475,47.3314],[-76.5115,47.1705],[-76.4352,47.1222],[-76.4427,47.0639],[-76.5526,47.121],[-76.6247,47.2689],[-76.7072,47.2421],[-76.7414,47.3546]],[[-77.165,47.3894],[-77.2594,47.3467],[-77.2885,47.386],[-77.2703,47.4629],[-77.322,47.5735],[-77.2354,47.5495],[-77.1288,47.5608],[-77.0653,47.5085],[-76.9629,47.5023],[-76.9656,47.4423],[-77.1194,47.4773],[-77.1847,47.4562],[-77.165,47.3894]],[[-74.8121,48.7572],[-74.7227,48.7848],[-74.5579,48.8024],[-74.5224,48.7561],[-74.58,48.6396],[-74.4852,48.58],[-74.4117,48.5885],[-74.3697,48.4857],[-74.1002,48.3722],[-74.2375,48.3468],[-74.3954,48.4402],[-74.5103,48.4797],[-74.5453,48.4386],[-74.6385,48.4138],[-74.7555,48.4487],[-74.8666,48.56],[-74.9455,48.5756],[-74.9603,48.3643],[-75.0817,48.3407],[-75.0992,48.4782],[-75.008,48.5642],[-75.07,48.5965],[-75.1648,48.526],[-75.1739,48.4144],[-75.2687,48.4082],[-75.3871,48.4437],[-75.3894,48.4834],[-75.2818,48.5973],[-75.1808,48.6018],[-75.0422,48.7117],[-74.9695,48.6936],[-74.8121,48.7572]],[[-72.3062,48.6193],[-72.3305,48.6686],[-72.2905,48.7332],[-72.1581,48.7553],[-71.9996,48.7236],[-71.8457,48.6594],[-71.7756,48.6099],[-71.7806,48.5182],[-71.8225,48.4751],[-71.9244,48.4438],[-72.1654,48.481],[-72.3062,48.6193]],[[-70.3172,49.8636],[-70.2357,49.6985],[-70.0998,49.6898],[-70.0729,49.6427],[-69.9507,49.5549],[-69.8985,49.5451],[-69.7868,49.3704],[-69.8558,49.3425],[-69.9022,49.4809],[-69.9824,49.5169],[-70.0637,49.4748],[-70.1375,49.4908],[-70.1374,49.5652],[-70.1951,49.6174],[-70.283,49.641],[-70.3509,49.5903],[-70.3539,49.5039],[-70.4675,49.5315],[-70.5046,49.461],[-70.6387,49.4662],[-70.7361,49.4417],[-70.7885,49.5359],[-70.9208,49.4972],[-70.8343,49.6254],[-70.7156,49.5248],[-70.5853,49.5723],[-70.4711,49.6721],[-70.3402,49.6702],[-70.3074,49.7481],[-70.3583,49.8319],[-70.3172,49.8636]],[[-73.9114,50.8975],[-73.8919,50.981],[-73.6415,51.0776],[-73.3783,51.2403],[-73.0669,51.3904],[-72.89,51.354],[-72.8511,51.3048],[-73.0674,51.206],[-73.0409,51.1545],[-72.8113,51.2441],[-72.7186,51.2173],[-72.9878,51.1036],[-73.1138,50.9968],[-73.4593,50.7933],[-73.3943,50.8927],[-73.2615,50.9773],[-73.1887,51.0692],[-73.1292,51.1055],[-73.1729,51.1578],[-73.2928,51.0769],[-73.5729,50.8353],[-73.6308,50.824],[-73.8001,50.5952],[-73.8174,50.499],[-73.7879,50.3899],[-73.8371,50.3408],[-73.7995,50.2362],[-73.9037,50.1618],[-74.0079,50.1204],[-74.0757,50.0427],[-74.1517,50.0377],[-74.0128,50.1783],[-73.8276,50.2494],[-73.8796,50.297],[-73.9316,50.4577],[-74.0024,50.4781],[-74.1038,50.4478],[-73.9541,50.7219],[-73.8453,50.8882],[-73.9114,50.8975]],[[-68.9787,51.6307],[-68.856,51.7206],[-68.8075,51.683],[-68.636,51.7098],[-68.535,51.7552],[-68.4611,51.6724],[-68.3187,51.6417],[-68.2513,51.4655],[-68.2551,51.3985],[-68.2044,51.3058],[-68.2228,51.265],[-68.3523,51.149],[-68.4472,51.1202],[-68.6422,50.9907],[-68.7398,50.716],[-68.7428,50.9216],[-68.7822,51.0039],[-68.8681,51.0939],[-69.1484,51.2743],[-69.1756,51.3237],[-69.1336,51.5183],[-69.1548,51.5801],[-69.099,51.7088],[-68.9787,51.6307]],[[-60.6038,52.3285],[-60.6479,52.3154],[-60.7895,52.4242],[-60.9675,52.5162],[-61.1501,52.5894],[-61.1386,52.6192],[-60.9044,52.5496],[-60.7238,52.4439],[-60.6038,52.3285]],[[-76.7622,51.3908],[-76.5632,51.3445],[-76.7512,51.2882],[-77.0259,51.3287],[-76.9032,51.3546],[-76.8195,51.4158],[-76.7622,51.3908]],[[-70.9646,52.819],[-70.9824,52.8724],[-70.9236,52.9377],[-70.75,52.9627],[-70.7715,53.0084],[-70.5987,52.9878],[-70.5268,53.0066],[-70.397,52.9739],[-70.4762,52.9007],[-70.4677,52.7458],[-70.5772,52.803],[-70.6402,52.7358],[-70.7799,52.8089],[-70.7831,52.8993],[-70.9646,52.819]],[[-76.8807,53.2159],[-76.8918,53.3449],[-76.7199,53.4688],[-76.6612,53.4168],[-76.5639,53.4849],[-76.5146,53.4675],[-76.5226,53.3795],[-76.6372,53.3608],[-76.6879,53.1697],[-76.7843,53.1468],[-76.8433,53.095],[-76.8386,53.034],[-76.8995,52.9948],[-76.9375,53.1188],[-76.8807,53.2159]],[[-70.8433,53.427],[-70.9805,53.4309],[-71.1254,53.5653],[-71.0188,53.5957],[-70.9498,53.565],[-70.9355,53.483],[-70.8433,53.427]],[[-69.225,53.9489],[-69.1156,54.0227],[-68.9026,53.9853],[-68.8464,53.9105],[-68.6848,53.8121],[-68.7261,53.689],[-68.7155,53.5826],[-68.8532,53.5938],[-68.9004,53.4833],[-69.0552,53.4277],[-69.085,53.4442],[-68.9467,53.6091],[-68.827,53.6757],[-68.8504,53.7549],[-68.7666,53.7963],[-68.8137,53.8459],[-68.9072,53.8763],[-69.0608,53.9576],[-69.225,53.9489]],[[-70.0707,54.3367],[-70.0408,54.3719],[-69.8582,54.3685],[-69.7927,54.2826],[-69.6825,54.2679],[-69.6973,54.1527],[-69.5878,54.1066],[-69.4769,54.0925],[-69.4063,54.1214],[-69.2689,54.0473],[-69.4124,54.0362],[-69.782,53.9469],[-69.8273,53.9991],[-69.7034,54.0379],[-69.758,54.0776],[-69.9834,54.139],[-70.1409,54.129],[-69.9804,54.2366],[-69.8789,54.2606],[-69.8804,54.3107],[-70.0707,54.3367]],[[-64.4163,54.7374],[-64.296,54.6585],[-64.3202,54.5174],[-64.1379,54.3504],[-63.9466,54.2431],[-63.8704,54.1688],[-63.7476,54.0963],[-63.5836,54.0777],[-63.4654,54.0979],[-63.373,54.1402],[-63.1756,54.1295],[-63.2033,54.0738],[-63.1036,54.0036],[-63.2,53.9557],[-63.3048,53.9902],[-63.4894,54.0121],[-63.5684,53.9817],[-63.5292,53.9294],[-63.7696,53.9016],[-63.8267,53.858],[-64.0095,53.8616],[-64.1239,53.8965],[-64.1761,54.0122],[-64.4949,54.0793],[-64.5642,54.1245],[-64.6885,54.0809],[-64.6417,54.0311],[-64.7513,53.9342],[-64.922,53.9162],[-65.2634,53.7961],[-65.2951,53.7241],[-65.191,53.6742],[-65.1278,53.5004],[-64.9731,53.4551],[-65.0203,53.4211],[-65.5291,53.4897],[-65.5825,53.5425],[-65.3881,53.5592],[-65.3168,53.6049],[-65.3811,53.715],[-65.3279,53.8212],[-65.3378,53.8792],[-65.4534,53.9141],[-65.5826,54.0608],[-65.7281,54.0866],[-65.8255,54.1353],[-66.1124,54.3467],[-66.2542,54.4255],[-66.2764,54.4783],[-66.3638,54.5412],[-66.4288,54.5084],[-66.3493,54.4235],[-66.4062,54.3383],[-66.3313,54.1788],[-66.3818,54.1637],[-66.4915,54.2733],[-66.6077,54.4877],[-66.6211,54.6231],[-66.5079,54.6535],[-66.5088,54.8024],[-66.6003,54.9225],[-66.5675,54.9584],[-66.5979,55.0286],[-66.5324,55.1001],[-66.3449,54.9788],[-66.3515,54.9138],[-66.4203,54.9013],[-66.4292,54.8135],[-66.3542,54.6872],[-66.2001,54.5766],[-66.191,54.4764],[-65.9376,54.2707],[-65.8716,54.2805],[-65.7915,54.2021],[-65.6822,54.1755],[-65.5034,54.0554],[-65.4003,54.0066],[-65.3454,54.0433],[-65.1921,53.993],[-65.1034,54.0119],[-65.1305,54.0833],[-64.8641,54.0529],[-64.8163,54.0765],[-64.9411,54.1524],[-65.0111,54.2243],[-65.0723,54.3403],[-65.1649,54.4352],[-65.3049,54.4596],[-65.2712,54.6077],[-65.2235,54.6502],[-65.1354,54.6377],[-65.2178,54.5566],[-65.1396,54.5113],[-65.0591,54.3962],[-64.9602,54.3026],[-64.9702,54.236],[-64.9198,54.1708],[-64.6796,54.1426],[-64.5834,54.1856],[-64.4314,54.1866],[-64.3332,54.166],[-64.2191,54.1781],[-64.3247,54.2727],[-64.4636,54.2529],[-64.4247,54.3317],[-64.4,54.5108],[-64.3663,54.6153],[-64.4163,54.7374]],[[-76.1503,54.1426],[-76.2554,54.0735],[-76.304,53.9627],[-76.4333,53.8976],[-76.5955,53.7883],[-76.7497,53.7229],[-76.6961,53.6994],[-76.1427,53.7369],[-76.0364,53.737],[-75.9303,53.7658],[-75.85,53.8551],[-75.5521,53.8919],[-75.2923,53.8965],[-75.1838,53.8205],[-74.7993,53.8934],[-74.8894,53.7941],[-75.2699,53.7091],[-75.2652,53.684],[-74.9429,53.6718],[-74.7708,53.6539],[-74.8072,53.6049],[-75.0268,53.5763],[-75.0339,53.6393],[-75.2376,53.6187],[-75.6334,53.6377],[-75.6011,53.582],[-75.7161,53.4974],[-75.9345,53.4653],[-76.1017,53.4753],[-76.1245,53.5226],[-75.9068,53.6531],[-75.945,53.6857],[-76.3602,53.6301],[-76.3849,53.5958],[-76.5146,53.5575],[-76.8385,53.4992],[-77.1868,53.4928],[-77.223,53.5146],[-77.3966,53.5208],[-77.4877,53.5605],[-77.4648,53.6381],[-77.685,53.6792],[-77.4197,53.7978],[-77.2878,53.7911],[-77.0157,53.821],[-76.9019,53.8472],[-76.766,53.9097],[-76.731,53.9765],[-76.888,54.0566],[-76.8402,54.088],[-76.6596,54.0263],[-76.5093,54.0479],[-76.472,54.0824],[-76.5574,54.1572],[-76.3684,54.188],[-76.264,54.1358],[-76.1503,54.1426]],[[-70.0292,54.6762],[-69.9834,54.7416],[-69.9002,54.7043],[-69.8395,54.5246],[-69.7656,54.4661],[-70.0153,54.4385],[-70.2327,54.4441],[-70.4194,54.3587],[-70.4244,54.41],[-70.2144,54.4794],[-69.9695,54.49],[-69.9119,54.5521],[-69.9201,54.6544],[-70.0292,54.6762]],[[-73.5554,54.9028],[-73.4277,54.9695],[-73.491,55.0556],[-73.3648,55.0479],[-73.2058,55.0891],[-73.1541,55.125],[-72.9232,55.1795],[-72.5169,55.221],[-72.3048,55.2717],[-72.2898,55.1664],[-72.473,55.0832],[-72.6286,55.0491],[-72.7057,55.0102],[-73.0451,54.9464],[-73.2135,54.9679],[-73.4128,54.9212],[-73.5554,54.9028]],[[-69.1364,56.6064],[-69.1535,56.5069],[-69.1225,56.3322],[-69.1889,56.3259],[-69.1953,56.4275],[-69.2736,56.5037],[-69.1364,56.6064]],[[-74.2764,55.9515],[-74.3362,56.0241],[-74.7324,56.0914],[-74.8004,56.1373],[-74.8191,56.2734],[-74.6638,56.3362],[-74.4774,56.3176],[-74.3122,56.2623],[-74.2484,56.161],[-74.0542,56.1371],[-73.9854,56.0965],[-73.9897,56.0256],[-74.0703,55.9748],[-74.2764,55.9515]],[[-76.3658,56.5502],[-76.2451,56.4229],[-76.2754,56.3787],[-76.2047,56.322],[-75.9391,56.1908],[-75.9534,56.1454],[-76.1468,56.1268],[-76.4461,56.1393],[-76.5468,56.1639],[-76.4172,56.3062],[-76.4251,56.3887],[-76.3658,56.5502]]],[[[-73.2879,-52.0553],[-73.3188,-51.8617],[-73.4081,-52.0238],[-73.2879,-52.0553]]],[[[-122.9547,47.41],[-123.0719,47.4578],[-123.1025,47.3997],[-123.03,47.38],[-122.9547,47.41]]],[[[-122.5086,47.5005],[-122.5241,47.5767],[-122.6628,47.469],[-122.7353,47.3645],[-122.6633,47.3047],[-122.5792,47.28],[-122.5414,47.2978],[-122.5086,47.5005]]],[[[-139.6172,59.8914],[-139.5726,59.9],[-139.3998,59.8309],[-139.3125,59.7142],[-139.3124,59.7154],[-139.317,59.87],[-139.4358,59.9736],[-139.4939,59.9822],[-139.6172,59.8914]]],[[[-64.4914,60.0747],[-64.6706,60.1809],[-64.804,60.0074],[-64.655,60.0536],[-64.4914,60.0747]]],[[[-73.9043,40.9896],[-74.0072,40.7986],[-73.9842,40.7911],[-73.9042,40.9594],[-73.9043,40.9896]]],[[[-87.24,21.5322],[-87.3511,21.5658],[-87.3961,21.5042],[-87.24,21.5322]]],[[[-77.3814,4.3125],[-77.4259,4.2229],[-77.3331,4.2394],[-77.3814,4.3125]]],[[[-72.0533,41.0161],[-72.135,41.0353],[-72.3458,40.9997],[-72.4422,40.9175],[-72.498,40.9042],[-72.6178,40.9231],[-72.3883,41.085],[-72.3508,41.1408],[-72.6472,40.9797],[-72.7511,40.9639],[-73.0372,40.9686],[-73.1461,40.9592],[-73.2267,40.9105],[-73.4906,40.9342],[-73.5894,40.9205],[-73.8356,40.805],[-73.9114,40.795],[-74.0331,40.6475],[-74.0078,40.5803],[-73.8803,40.6],[-73.8506,40.6592],[-73.7675,40.6417],[-73.7972,40.5922],[-73.6181,40.5944],[-73.5611,40.6453],[-73.1403,40.7189],[-72.8942,40.7739],[-72.8678,40.7561],[-72.5428,40.8256],[-72.3528,40.8872],[-71.8603,41.0644],[-71.9239,41.0819],[-72.0533,41.0161]]],[[[-71.0408,46.8606],[-70.9551,46.893],[-70.8889,47.0168],[-71.0783,46.9136],[-71.0408,46.8606]]],[[[-64.1242,59.6953],[-64.044,59.7102],[-64.159,59.8054],[-64.2045,59.7344],[-64.1242,59.6953]]],[[[-61.5647,56.7517],[-61.5633,56.7847],[-61.3758,56.8405],[-61.3553,56.9108],[-61.524,56.9402],[-61.6321,56.8595],[-61.6402,56.7333],[-61.5647,56.7517]]],[[[-62.0125,57.5083],[-61.8284,57.5541],[-61.9444,57.5908],[-62.0125,57.5083]]],[[[-68.4865,51.5911],[-68.6055,51.6306],[-68.7215,51.6322],[-68.8441,51.6],[-69.0545,51.4721],[-69.1015,51.4103],[-69.0463,51.3023],[-68.8647,51.1981],[-68.6831,51.1563],[-68.4679,51.2137],[-68.4034,51.285],[-68.5383,51.3929],[-68.3914,51.3676],[-68.4045,51.5319],[-68.4865,51.5911]]],[[[-80.6692,28.3711],[-80.6461,28.4733],[-80.6156,28.5339],[-80.6105,28.5483],[-80.6139,28.575],[-80.6305,28.595],[-80.642,28.5978],[-80.6442,28.5975],[-80.73,28.5428],[-80.7403,28.4783],[-80.7236,28.3792],[-80.6692,28.3711]]],[[[-79.0194,43.0242],[-78.9605,42.9882],[-78.9139,43.0423],[-78.988,43.0635],[-79.0194,43.0242]]],[[[-83.8565,46.1575],[-83.8065,46.173],[-83.8221,46.2535],[-83.9707,46.303],[-84.097,46.2876],[-84.0388,46.1771],[-83.9786,46.1094],[-83.9228,46.0935],[-83.8565,46.1575]]],[[[-84.1634,46.3456],[-84.1424,46.5309],[-84.2155,46.5361],[-84.2742,46.4875],[-84.1634,46.3456]]],[[[-88.4685,47.0772],[-88.4391,47.0107],[-88.2402,47.1786],[-88.2219,47.2106],[-88.025,47.3402],[-88.0207,47.3924],[-87.7905,47.4114],[-87.8812,47.4617],[-88.0586,47.4532],[-88.2993,47.3991],[-88.5374,47.2892],[-88.6089,47.2172],[-88.5737,47.1433],[-88.4341,47.1223],[-88.4685,47.0772]]],[[[-94.4481,49.2018],[-94.5152,49.2148],[-94.6215,49.1906],[-94.7874,49.1925],[-94.7315,49.0918],[-94.6569,49.0899],[-94.5935,49.0359],[-94.5283,49.0415],[-94.4481,49.2018]]],[[[-96.7086,51.1994],[-96.737,51.1371],[-96.8418,51.0663],[-96.7625,51.0097],[-96.6803,51.0408],[-96.5982,51.1881],[-96.7086,51.1994]]],[[[-122.4961,47.4611],[-122.5197,47.3697],[-122.3811,47.3947],[-122.4961,47.4611]]],[[[-124.7247,50.2992],[-124.795,50.2289],[-124.7081,50.1614],[-124.6611,50.2631],[-124.7247,50.2992]]],[[[-74.2339,40.5356],[-74.145,40.5389],[-74.1086,40.5597],[-74.0575,40.5997],[-74.0628,40.6394],[-74.0739,40.6492],[-74.0828,40.6514],[-74.1769,40.6419],[-74.2339,40.5356]]],[[[-88.6882,49.9266],[-88.6251,49.9512],[-88.5543,50.0358],[-88.6297,50.0435],[-88.6882,49.9266]]],[[[-97.887,52.3579],[-97.9436,52.5307],[-97.9946,52.542],[-98.0456,52.4599],[-98.0427,52.3976],[-97.9776,52.3154],[-97.887,52.3579]]],[[[-92.1419,62.4],[-92.3195,62.4153],[-92.3031,62.3518],[-92.1419,62.4]]],[[[-112.1557,40.9556],[-112.1981,41.0561],[-112.2629,41.0583],[-112.2495,40.9645],[-112.1557,40.9556]]],[[[-112.0712,61.974],[-112.5245,61.8747],[-112.6965,61.8681],[-112.9711,61.8317],[-112.9198,61.7622],[-112.7544,61.7639],[-112.7296,61.6497],[-112.5956,61.5836],[-112.3309,61.6497],[-112.2482,61.7556],[-112.1374,61.8367],[-111.9272,61.9161],[-111.7866,62.0021],[-111.7056,62.1312],[-111.828,62.1129],[-112.0712,61.974]]],[[[-132.2117,56.178],[-132.2792,56.1316],[-132.2621,55.9174],[-132.1142,55.9503],[-132.1378,56.0675],[-132.0972,56.108],[-132.2117,56.178]]],[[[-132.229,56.196],[-132.0078,56.1367],[-131.9472,56.2322],[-132.0095,56.3405],[-132.1048,56.3449],[-132.1838,56.2541],[-132.229,56.196]]],[[[-134.9172,68.9441],[-134.7831,68.9654],[-134.6695,68.8944],[-134.5364,68.7869],[-134.4955,68.7522],[-134.4619,68.7239],[-134.4575,68.7191],[-134.2678,68.6958],[-134.2278,68.7014],[-134.2606,68.7335],[-134.2806,68.7466],[-134.2875,68.7508],[-134.2967,68.7544],[-134.4172,68.7844],[-134.4886,68.8703],[-134.6667,68.9561],[-134.6736,69.0178],[-134.5853,69.098],[-134.3836,69.1183],[-134.2744,69.1861],[-134.2111,69.2761],[-133.8181,69.4642],[-133.9948,69.5063],[-134.4662,69.5465],[-134.4078,69.4742],[-135.1378,69.4786],[-135.2781,69.4305],[-135.1855,69.2589],[-135.4486,69.3322],[-135.7925,69.3194],[-135.9594,69.2283],[-135.9417,69.1154],[-135.7208,69.0461],[-135.6432,68.9153],[-135.4608,68.9427],[-135.2017,68.9328],[-134.9611,68.8925],[-134.9172,68.9441]]],[[[-135.2889,69.3094],[-135.3658,69.3936],[-135.56,69.3803],[-135.2889,69.3094]]],[[[-95.4831,71.7369],[-95.3105,71.7372],[-95.2597,71.8275],[-95.4503,71.8189],[-95.4831,71.7369]]]]},"properties":{"NAME":null,"ABBREVN":null,"type":null,"weblnks":null,"SUBJECTO":null,"BORDERPRECISION":1,"PARTOF":null}},
{"type":"Feature","geometry":{"type":"Polygon","coordinates":[[[-4.1533,53.2256],[-4.0464,53.2997],[-4.2222,53.3217],[-4.2769,53.3983],[-4.4161,53.425],[-4.5692,53.3881],[-4.5675,53.2733],[-4.4944,53.1894],[-4.3514,53.1244],[-4.1533,53.2256]]]},"properties":{"NAME":null,"ABBREVN":null,"type":null,"weblnks":null,"SUBJECTO":null,"BORDERPRECISION":1,"PARTOF":null}},
{"type":"Feature","geometry":{"type":"Polygon","coordinates":[[[-5.1036,55.4386],[-5.0839,55.5531],[-5.1547,55.6733],[-5.2953,55.7167],[-5.3811,55.6686],[-5.4003,55.6006],[-5.3403,55.475],[-5.2317,55.4303],[-5.1036,55.4386]]]},"properties":{"NAME":null,"ABBREVN":null,"type":null,"weblnks":null,"SUBJECTO":null,"BORDERPRECISION":1,"PARTOF":null}},
{"type":"Feature","geometry":{"type":"Polygon","coordinates":[[[-6.1217,55.8789],[-6.1419,55.9336],[-6.3097,55.8636],[-6.4497,55.8486],[-6.51,55.6906],[-6.4733,55.67],[-6.3253,55.7814],[-6.2511,55.7672],[-6.3275,55.5894],[-6.2744,55.5728],[-6.0247,55.6808],[-6.1217,55.8789]]]},"properties":{"NAME":null,"ABBREVN":null,"type":null,"weblnks":null,"SUBJECTO":null,"BORDERPRECISION":1,"PARTOF":null}},
{"type":"Feature","geometry":{"type":"Polygon","coordinates":[[[-5.9469,55.83],[-5.7461,56.0636],[-5.7114,56.1503],[-5.9681,56.0236],[-6.0789,55.9055],[-6.0706,55.8083],[-5.9469,55.83]]]},"properties":{"NAME":null,"ABBREVN":null,"type":null,"weblnks":null,"SUBJECTO":null,"BORDERPRECISION":1,"PARTOF":null}},
{"type":"Feature","geometry":{"type":"Polygon","coordinates":[[[-7.4669,56.9408],[-7.3761,56.9786],[-7.4456,57.0556],[-7.5536,56.9664],[-7.4669,56.9408]]]},"properties":{"NAME":null,"ABBREVN":null,"type":null,"weblnks":null,"SUBJECTO":null,"BORDERPRECISION":1,"PARTOF":null}},
{"type":"Feature","geometry":{"type":"Polygon","coordinates":[[[-7.2231,57.3375],[-7.3681,57.4014],[-7.425,57.3822],[-7.4189,57.1867],[-7.3814,57.1086],[-7.2303,57.0947],[-7.2592,57.1525],[-7.2881,57.3225],[-7.2231,57.3375]]]},"properties":{"NAME":null,"ABBREVN":null,"type":null,"weblnks":null,"SUBJECTO":null,"BORDERPRECISION":1,"PARTOF":null}},
{"type":"Feature","geometry":{"type":"Polygon","coordinates":[[[-7.2689,57.3989],[-7.2047,57.4608],[-7.3511,57.4894],[-7.3881,57.4239],[-7.2689,57.3989]]]},"properties":{"NAME":null,"ABBREVN":null,"type":null,"weblnks":null,"SUBJECTO":null,"BORDERPRECISION":1,"PARTOF":null}},
{"type":"Feature","geometry":{"type":"Polygon","coordinates":[[[-7.1886,57.6872],[-7.275,57.6564],[-7.4914,57.6464],[-7.5433,57.5956],[-7.4769,57.5625],[-7.3253,57.5442],[-7.3261,57.5078],[-7.1539,57.5094],[-7.0658,57.6333],[-7.1886,57.6872]]]},"properties":{"NAME":null,"ABBREVN":null,"type":null,"weblnks":null,"SUBJECTO":null,"BORDERPRECISION":1,"PARTOF":null}},
{"type":"Feature","geometry":{"type":"Polygon","coordinates":[[[-7.0064,57.8814],[-6.9936,57.9186],[-7.0736,57.8961],[-7.0064,57.8814]]]},"properties":{"NAME":null,"ABBREVN":null,"type":null,"weblnks":null,"SUBJECTO":null,"BORDERPRECISION":1,"PARTOF":null}},
{"type":"Feature","geometry":{"type":"Polygon","coordinates":[[[-6.8022,58.203],[-6.7944,58.218],[-6.8542,58.25],[-6.8731,58.2064],[-6.8022,58.203]]]},"properties":{"NAME":null,"ABBREVN":null,"type":null,"weblnks":null,"SUBJECTO":null,"BORDERPRECISION":1,"PARTOF":null}},
{"type":"Feature","geometry":{"type":"Polygon","coordinates":[[[-6.2042,58.3561],[-6.1661,58.4253],[-6.2233,58.4964],[-6.2928,58.4883],[-6.5503,58.3633],[-6.6731,58.3492],[-6.7978,58.3022],[-6.7866,58.2294],[-6.8052,58.1959],[-6.8733,58.1786],[-6.9081,58.2128],[-7.0319,58.2381],[-7.1281,58.1347],[-7.0556,58.0203],[-6.985,57.9594],[-6.8303,57.9008],[-7.0658,57.8208],[-6.9608,57.7275],[-6.7353,57.8258],[-6.6622,57.8806],[-6.4739,57.9403],[-6.3539,58.0331],[-6.3906,58.0986],[-6.3291,58.1828],[-6.2208,58.2336],[-6.3239,58.2636],[-6.2042,58.3561]]]},"properties":{"NAME":null,"ABBREVN":null,"type":null,"weblnks":null,"SUBJECTO":null,"BORDERPRECISION":1,"PARTOF":null}},
{"type":"Feature","geometry":{"type":"Polygon","coordinates":[[[-2.9183,58.7319],[-2.8767,58.8203],[-3.0369,58.8181],[-2.9183,58.7319]]]},"properties":{"NAME":null,"ABBREVN":null,"type":null,"weblnks":null,"SUBJECTO":null,"BORDERPRECISION":1,"PARTOF":null}},
{"type":"Feature","geometry":{"type":"Polygon","coordinates":[[[-3.2314,58.7756],[-3.1364,58.8042],[-3.2331,58.8872],[-3.3356,58.9275],[-3.4311,58.8714],[-3.3008,58.7781],[-3.2314,58.7756]]]},"properties":{"NAME":null,"ABBREVN":null,"type":null,"weblnks":null,"SUBJECTO":null,"BORDERPRECISION":1,"PARTOF":null}},
{"type":"Feature","geometry":{"type":"Polygon","coordinates":[[[-2.7931,58.9514],[-2.9472,58.9983],[-3.0769,59.1217],[-3.2025,59.1486],[-3.3503,59.11],[-3.3456,58.9658],[-3.195,58.9111],[-2.97,58.9394],[-2.8244,58.8789],[-2.7931,58.9514]]]},"properties":{"NAME":null,"ABBREVN":null,"type":null,"weblnks":null,"SUBJECTO":null,"BORDERPRECISION":1,"PARTOF":null}},
{"type":"Feature","geometry":{"type":"Polygon","coordinates":[[[-2.6814,59.1958],[-2.6206,59.2361],[-2.4956,59.245],[-2.4144,59.3136],[-2.5928,59.2906],[-2.6814,59.1958]]]},"properties":{"NAME":null,"ABBREVN":null,"type":null,"weblnks":null,"SUBJECTO":null,"BORDERPRECISION":1,"PARTOF":null}},
{"type":"Feature","geometry":{"type":"Polygon","coordinates":[[[-2.89,59.2953],[-3.0489,59.3292],[-3.0033,59.2636],[-2.9719,59.2872],[-2.89,59.2953]]]},"properties":{"NAME":null,"ABBREVN":null,"type":null,"weblnks":null,"SUBJECTO":null,"BORDERPRECISION":1,"PARTOF":null}},
{"type":"Feature","geometry":{"type":"Polygon","coordinates":[[[-1.2961,60.4911],[-1.2875,60.6133],[-1.4161,60.605],[-1.5931,60.5078],[-1.4458,60.4605],[-1.3203,60.3564],[-1.4747,60.315],[-1.6669,60.2997],[-1.655,60.2261],[-1.5197,60.2011],[-1.4486,60.1511],[-1.2914,60.2414],[-1.2603,60.1242],[-1.3778,59.9064],[-1.2603,59.8622],[-1.2122,60.1028],[-1.1261,60.1517],[-1.1856,60.2306],[-1.1011,60.2758],[-1.0414,60.4469],[-1.2867,60.4711],[-1.2961,60.4911]]]},"properties":{"NAME":null,"ABBREVN":null,"type":null,"weblnks":null,"SUBJECTO":null,"BORDERPRECISION":1,"PARTOF":null}},
{"type":"Feature","geometry":{"type":"Polygon","coordinates":[[[-1.0294,60.4958],[-0.9828,60.6514],[-0.9911,60.72],[-1.11,60.7258],[-1.1772,60.6367],[-1.14,60.4894],[-1.0294,60.4958]]]},"properties":{"NAME":null,"ABBREVN":null,"type":null,"weblnks":null,"SUBJECTO":null,"BORDERPRECISION":1,"PARTOF":null}},
{"type":"Feature","geometry":{"type":"Polygon","coordinates":[[[-0.8197,60.6889],[-0.7678,60.8289],[-0.8783,60.8444],[-0.9389,60.7944],[-0.9656,60.688],[-0.8197,60.6889]]]},"properties":{"NAME":null,"ABBREVN":null,"type":null,"weblnks":null,"SUBJECTO":null,"BORDERPRECISION":1,"PARTOF":null}},
{"type":"Feature","geometry":{"type":"MultiPolygon","coordinates":[[[[-6.6553,61.3894],[-6.7094,61.5583],[-6.8894,61.645],[-6.9583,61.5986],[-6.8458,61.468],[-6.6553,61.3894]]],[[[-6.6042,61.8217],[-6.7833,61.8969],[-6.9089,61.9011],[-6.8361,61.8178],[-6.63,61.7611],[-6.6042,61.8217]]],[[[-7.0497,62.0678],[-7.0414,62.0914],[-7.2311,62.16],[-7.4264,62.1447],[-7.3781,62.065],[-7.1653,62.0236],[-7.0497,62.0678]]],[[[-6.7069,61.9375],[-6.7189,62.0286],[-6.8414,62.1244],[-6.9908,62.1931],[-7.0706,62.2847],[-7.1922,62.3078],[-7.2322,62.1725],[-7.0346,62.1121],[-6.9611,62.0467],[-6.7731,61.95],[-6.7069,61.9375]]],[[[-6.6575,62.0925],[-6.5881,62.1342],[-6.5978,62.1942],[-6.8072,62.2903],[-6.9581,62.3392],[-7.0603,62.3136],[-7.025,62.2378],[-6.9219,62.1672],[-6.6575,62.0925]]],[[[-6.4186,62.1839],[-6.3978,62.26],[-6.549,62.3009],[-6.5881,62.2397],[-6.5181,62.1689],[-6.4186,62.1839]]]]},"properties":{"NAME":null,"ABBREVN":null,"type":null,"weblnks":null,"SUBJECTO":null,"BORDERPRECISION":1,"PARTOF":null}},
{"type":"Feature","geometry":{"type":"Polygon","coordinates":[[[-4.7778,54.0556],[-4.6239,54.0686],[-4.3944,54.1864],[-4.3083,54.3006],[-4.3528,54.4092],[-4.5275,54.3672],[-4.5958,54.2739],[-4.7139,54.2144],[-4.7778,54.0556]]]},"properties":{"NAME":null,"ABBREVN":null,"type":null,"weblnks":null,"SUBJECTO":null,"BORDERPRECISION":1,"PARTOF":null}},
{"type":"Feature","geometry":{"type":"Polygon","coordinates":[[[59.092,38.4646],[58.4162,37.764],[58.8436,36.7772],[60.3945,36.3376],[61.6069,36.8237],[62.0974,37.0204],[62.5839,38.2843],[61.738,38.693],[60.8396,38.4886],[59.092,38.4646]]]},"properties":{"NAME":"Namazga","ABBREVN":"Namazga","type":null,"weblnks":null,"SUBJECTO":"Namazga","BORDERPRECISION":1,"PARTOF":"Namazga"}},
{"type":"Feature","geometry":{"type":"MultiPolygon","coordinates":[[[[-2.9283,53.3022],[-3.1022,53.2478],[-3.9567,53.2052],[-4.341,53.0777],[-4.3575,53.0314],[-4.5267,52.9358],[-4.6214,52.831],[-4.5003,52.8294],[-4.4406,52.8725],[-4.3094,52.9055],[-4.1336,52.9144],[-4.0976,52.7515],[-4.0533,52.7167],[-4.0806,52.5533],[-4.0597,52.4858],[-4.1431,52.3203],[-4.2947,52.2003],[-4.8283,52.0172],[-5.077,51.9943],[-5.2133,51.8706],[-5.1361,51.8583],[-5.1242,51.7653],[-4.8942,51.6994],[-4.6866,51.6924],[-4.5744,51.7342],[-4.2165,51.6785],[-3.9497,51.6128],[-3.8356,51.6192],[-3.4991,51.4597],[-2.7502,51.644],[-2.7147,51.5808],[-2.6533,51.5639],[-2.8528,51.4447],[-3.0133,51.2728],[-3.0283,51.2061],[-3.2232,51.179],[-3.8222,51.2343],[-4.2264,51.1892],[-4.2117,51.0705],[-4.3247,50.9953],[-4.5433,50.9269],[-4.5647,50.7736],[-4.732,50.6731],[-4.7717,50.6019],[-5.0139,50.545],[-5.0442,50.4314],[-5.1503,50.345],[-5.4328,50.1928],[-5.5464,50.2053],[-5.6958,50.1531],[-5.7111,50.1214],[-5.5414,50.1061],[-5.4706,50.125],[-5.2897,50.0694],[-5.2558,50.0008],[-4.967,50.2122],[-4.7625,50.3114],[-4.442,50.3437],[-4.38,50.3639],[-4.1961,50.3763],[-4.0042,50.3141],[-3.9408,50.3125],[-3.7831,50.2116],[-3.6063,50.3211],[-3.5514,50.4383],[-3.3647,50.6327],[-3.2442,50.6744],[-2.8828,50.7311],[-2.7211,50.6933],[-2.5631,50.6322],[-2.432,50.6459],[-2.1447,50.6169],[-2.0514,50.5858],[-2.0767,50.7036],[-2.0094,50.715],[-1.4552,50.7589],[-1.3314,50.7914],[-0.9392,50.8408],[-0.9103,50.7722],[-0.805,50.7282],[-0.7114,50.7739],[-0.5772,50.7953],[-0.2061,50.8267],[0.0569,50.7808],[0.2164,50.7415],[0.3494,50.8086],[0.7814,50.9356],[0.8874,50.9272],[1.0869,51.0686],[1.3351,51.1216],[1.2671,51.3822],[1.065,51.3691],[0.905,51.3408],[0.5822,51.3878],[0.5581,51.4111],[0.2542,51.4536],[0.8631,51.7117],[0.7586,51.6914],[0.6997,51.7194],[0.9867,51.8261],[1.0313,51.8127],[1.2647,51.9925],[1.3199,51.9406],[1.6226,52.1678],[1.6858,52.3263],[1.3759,52.8092],[0.7418,52.9012],[0.3268,52.7075],[0.0864,52.8897],[0.0018,52.8828],[0.2537,53.0547],[0.081,53.3862],[-0.3192,53.5789],[-0.2605,53.7325],[-0.2955,54.0332],[-1.1921,54.5954],[-1.5556,54.9216],[-1.666,55.3796],[-2.245,55.811],[-2.7421,55.9572],[-3.1615,55.8457],[-3.713,55.8847],[-3.2935,55.9739],[-3.6664,56.0072],[-3.5714,56.0536],[-3.3992,56.0106],[-3.1528,56.0897],[-2.9569,56.2022],[-2.7659,56.1929],[-2.9805,56.3536],[-2.8042,56.4328],[-2.8953,56.4639],[-2.6408,56.5225],[-2.4497,56.6993],[-2.39,56.7717],[-2.2032,57.0648],[-1.9446,57.4017],[-2.854,57.5433],[-3.7958,57.5415],[-4.0482,57.5508],[-4.1792,57.4894],[-4.2494,57.6594],[-4.4164,57.6017],[-3.9969,57.9506],[-3.5153,58.1625],[-3.3597,58.2758],[-3.2025,58.3081],[-3.0668,58.4385],[-3.4405,58.5285],[-4.1389,58.4448],[-4.7611,58.4514],[-5.1127,58.3949],[-5.2758,58.1049],[-5.3194,58.0644],[-5.1275,57.8694],[-5.23,57.7096],[-5.763,57.6198],[-5.62,57.5247],[-5.4606,57.3881],[-5.6127,57.2398],[-5.67,57.1137],[-5.6341,56.9858],[-5.6647,56.8647],[-5.7823,56.8399],[-5.8458,56.7469],[-5.6992,56.6828],[-5.9784,56.6],[-5.8842,56.5533],[-5.6975,56.5136],[-5.5466,56.6524],[-5.3633,56.6619],[-5.3741,56.5927],[-5.271,56.5428],[-5.2289,56.4508],[-5.3001,56.4287],[-5.5735,56.0438],[-5.6331,55.9399],[-5.4189,55.9067],[-5.4289,56.005],[-5.3561,56.0249],[-5.3403,55.9008],[-5.2273,55.887],[-5.117,55.906],[-4.8286,56.1132],[-4.7107,56.1313],[-4.6233,55.908],[-4.9047,55.6902],[-4.6858,55.5958],[-4.6139,55.4864],[-4.91,55.1103],[-5.1033,54.8222],[-5.0353,54.7822],[-4.96,54.7936],[-4.8522,54.8686],[-4.5986,54.7803],[-4.5492,54.7322],[-4.4607,54.8624],[-4.3483,54.8578],[-4.0956,54.7678],[-3.9077,54.7897],[-3.8122,54.8489],[-3.601,54.9146],[-3.5711,54.9908],[-3.3606,54.9714],[-3.0311,54.9753],[-3.1294,54.9314],[-3.2867,54.9389],[-3.4304,54.6431],[-3.5247,54.4261],[-3.4339,54.3481],[-3.3806,54.2444],[-2.9068,54.1671],[-2.8175,54.1428],[-3.0013,53.7342],[-2.9822,53.6906],[-3.0567,53.5136],[-2.9283,53.3022]]],[[[-6.0128,56.4675],[-5.8217,56.4005],[-5.7069,56.4755],[-5.7939,56.5128],[-5.9711,56.5444],[-6.0128,56.4675]]]]},"properties":{"NAME":null,"ABBREVN":null,"type":null,"weblnks":null,"SUBJECTO":null,"BORDERPRECISION":1,"PARTOF":null}},
{"type":"Feature","geometry":{"type":"Polygon","coordinates":[[[52.5843,46.9779],[52.8041,46.9456],[52.8658,46.9519],[53.1267,46.8847],[53.2302,46.7303],[53.2841,46.6764],[53.1672,46.5865],[53.1223,46.4966],[53.2572,46.3167],[53.2032,46.1908],[53.1492,45.957],[53.0503,45.8312],[52.8345,45.6423],[52.8435,45.5075],[53.0593,45.4535],[53.2122,45.3636],[53.2066,45.3307],[53.1008,45.2983],[52.7658,45.3389],[52.556,45.3976],[52.1087,45.3817],[51.928,45.3644],[51.7953,45.4],[51.5897,45.3353],[51.4797,45.3341],[51.3778,45.1748],[51.3419,45.0579],[51.216,45.0399],[51.0991,44.878],[51.189,44.7701],[51.4858,44.6262],[51.5757,44.5543],[51.5497,44.5097],[51.4049,44.5144],[51.3329,44.4824],[51.2756,44.5015],[51.1486,44.4789],[50.9903,44.5339],[50.8723,44.6264],[50.6936,44.6155],[50.4803,44.632],[50.4067,44.6173],[50.3348,44.5633],[50.3258,44.3655],[50.3804,44.3031],[50.6622,44.2678],[50.9552,44.2036],[50.9912,44.0777],[51.171,43.7181],[51.261,43.6102],[51.3689,43.5562],[51.4588,43.3854],[51.4228,43.2595],[51.4228,43.1696],[51.6475,43.1853],[51.7375,43.1786],[51.8814,43.0527],[51.9803,42.9088],[52.0282,42.8657],[52.1775,42.8833],[52.295,42.8728],[52.3472,42.8265],[52.5828,42.8279],[52.7626,42.7559],[52.8345,42.648],[52.7536,42.5581],[52.7356,42.4232],[52.6727,42.2794],[52.5828,42.1894],[52.5198,42.0726],[52.5738,42.0186],[52.6007,41.9377],[52.5593,41.7578],[52.6826,41.6937],[52.7114,41.6075],[52.6922,41.5309],[52.8258,41.413],[52.9019,41.5744],[52.9172,41.6719],[52.8158,41.6958],[52.8389,41.7786],[52.9467,41.973],[53.0883,42.0705],[53.1567,42.0961],[53.2362,42.0776],[53.3897,42.0925],[53.6678,42.1428],[53.9852,42.1055],[54.0235,42.0481],[54.0235,41.8565],[54.1193,41.7799],[54.1672,41.483],[54.3588,41.3872],[54.5982,41.2435],[54.7514,41.1382],[54.8281,40.9849],[54.8185,40.8796],[54.6078,40.8125],[54.4797,40.7992],[54.4692,40.8653],[54.3683,40.8987],[54.3875,40.8029],[54.4545,40.7167],[54.4162,40.6593],[54.2705,40.6697],[54.2247,40.7263],[54.0311,40.6539],[53.7464,40.6153],[53.705,40.6392],[53.6522,40.7775],[53.5521,40.7653],[53.4583,40.7294],[53.3875,40.7686],[53.248,40.7597],[53.1072,40.7711],[53.0614,40.8339],[53.0178,40.9464],[52.97,40.8221],[52.9508,40.7072],[52.9029,40.5635],[52.8263,40.4677],[52.8455,40.3336],[52.8455,40.1804],[52.9538,39.9843],[53.0466,39.9984],[53.1903,39.9601],[53.3308,39.9601],[53.4236,40.005],[53.6883,39.9792],[53.5925,39.893],[53.5159,39.7781],[53.5542,39.6536],[53.6691,39.644],[53.8128,39.5482],[53.7937,39.4908],[53.7167,39.5042],[53.5642,39.4619],[53.4753,39.4839],[53.444,39.5275],[53.289,39.5232],[53.2094,39.4046],[53.2256,39.3601],[53.2946,39.3461],[53.3339,39.3854],[53.5829,39.3184],[53.6596,39.3184],[53.6787,39.2513],[53.7745,39.1364],[54.0331,38.9927],[54.0714,38.8969],[53.9852,38.6575],[53.9373,38.5713],[53.9373,38.3851],[55.2655,38.3647],[58.5862,38.4576],[59.092,38.4646],[60.8396,38.4886],[61.738,38.693],[62.7372,38.9205],[63.8441,40.291],[64.7533,42.281],[65.0301,44.1818],[64.1999,46.0781],[61.0768,48.7002],[56.6886,50.3425],[53.7237,49.6564],[52.6958,48.281],[52.5843,46.9779]],[[57.4296,41.5786],[57.3456,41.5732],[57.2472,41.6525],[57.1744,41.7346],[57.0618,41.7249],[57.0534,41.7734],[57.0938,41.9684],[57.1827,42.1854],[57.2727,42.3033],[57.3923,42.3349],[57.5498,42.2607],[57.6272,42.1496],[57.6131,42.105],[57.6824,42.0104],[57.7003,41.9126],[57.8448,41.8378],[57.865,41.7731],[57.8178,41.6999],[57.6849,41.6362],[57.4296,41.5786]],[[58.6279,45.6002],[58.6553,45.7157],[58.7207,45.8477],[58.8339,45.9258],[58.9263,45.9323],[58.9816,45.9746],[59.0759,45.9557],[59.2018,45.9725],[59.259,46.0015],[59.3346,45.9743],[59.241,45.8292],[59.2588,45.7298],[59.3514,45.6959],[59.45,45.7108],[59.4991,45.7524],[59.6247,45.795],[59.6284,45.8384],[59.7058,46.0221],[59.6777,46.1369],[59.5227,46.3272],[59.6988,46.3313],[59.7789,46.3015],[59.8154,46.1814],[59.7874,46.0885],[59.8635,46.0745],[60.0287,46.123],[60.1043,46.1286],[60.2379,46.0998],[60.3235,46.1028],[60.6512,46.071],[60.7283,46.1013],[60.8119,46.1687],[60.8226,46.2432],[60.7283,46.4023],[60.5478,46.3226],[60.3953,46.4056],[60.3029,46.4139],[60.1729,46.3899],[60.0787,46.4018],[60.0207,46.4494],[60.0092,46.5606],[60.073,46.6188],[60.2705,46.6997],[60.3594,46.6353],[60.3963,46.5431],[60.5012,46.6118],[60.6512,46.5891],[60.7257,46.6258],[60.728,46.676],[60.5852,46.7548],[60.623,46.7813],[60.7439,46.765],[60.7973,46.7155],[60.7831,46.6327],[60.8462,46.5244],[60.9381,46.4898],[61.2645,46.4465],[61.2678,46.3485],[61.2232,46.27],[60.7795,46.1021],[60.7295,46.0508],[60.5702,45.972],[60.4169,45.8483],[59.9354,45.92],[59.8293,45.9023],[59.842,45.8579],[59.7357,45.6629],[59.7689,45.5794],[59.9605,45.5864],[60.0362,45.5212],[60.0686,45.4169],[60.0776,45.3105],[60.0633,45.2019],[60.0552,44.8413],[60.0359,44.7162],[59.9981,44.6703],[59.9957,44.593],[60.0344,44.4074],[59.9752,44.336],[59.8901,44.3162],[59.9208,44.2345],[59.8109,44.1824],[59.541,44.1482],[59.567,44.2426],[59.6486,44.3403],[59.3102,44.5852],[59.2405,44.6547],[59.2021,44.7454],[59.261,44.8564],[59.3814,45.0414],[59.446,45.1649],[59.441,45.3034],[59.405,45.394],[59.3789,45.5703],[59.2207,45.7043],[59.1604,45.7862],[59.101,45.7832],[59.0748,45.7211],[58.9904,45.777],[58.9605,45.6683],[58.9109,45.605],[58.8229,45.5492],[58.7229,45.4263],[58.7285,45.2754],[58.7905,45.2003],[58.6503,45.0222],[58.6621,44.9862],[58.8018,45.0495],[58.7924,44.9712],[58.7484,44.9421],[58.7422,44.836],[58.7738,44.764],[58.7315,44.7385],[58.6484,44.7727],[58.6124,44.7211],[58.6943,44.6774],[58.5776,44.5467],[58.4653,44.461],[58.3157,44.4263],[58.2537,44.4813],[58.2571,44.5766],[58.2967,44.6384],[58.2946,44.7083],[58.2321,44.8513],[58.2722,44.9817],[58.3783,45.1775],[58.4041,45.253],[58.5601,45.4572],[58.6279,45.6002]]]},"properties":{"NAME":"Kelteminar culture","ABBREVN":"Kelteminar","type":"culture","weblnks":null,"SUBJECTO":" Kelteminar culture","BORDERPRECISION":1,"PARTOF":" Kelteminar culture"}},
{"type":"Feature","geometry":{"type":"MultiPolygon","coordinates":[[[[32.8629,22.9765],[32.785,23.039],[32.7436,23.0325],[32.7048,22.947],[32.6184,22.8961],[32.5863,22.783],[32.4295,22.651],[32.3319,22.5809],[32.297,22.5313],[32.2484,22.547],[32.2957,22.6116],[32.2343,22.6739],[32.1273,22.6884],[32.0556,22.6646],[31.9619,22.5729],[31.9357,22.4811],[31.8554,22.4147],[31.8257,22.3513],[31.7461,22.3627],[31.6452,22.3117],[31.6249,22.2423],[31.5411,22.2005],[31.9735,22.2339],[32.8629,22.9765]]],[[[31.4371,22.1925],[31.7043,22.4529],[31.7846,22.4835],[31.6791,22.6042],[31.8242,22.5652],[31.8844,22.6392],[32.0611,22.7524],[32.1672,22.7883],[32.2225,22.7693],[32.3374,22.691],[32.4129,22.6945],[32.5006,22.7581],[32.5617,22.8992],[32.6355,23.0042],[32.7391,23.229],[32.8193,23.2776],[32.8559,23.3424],[32.841,23.4829],[32.7434,23.5161],[32.6611,23.4723],[32.599,23.4958],[32.7067,23.5704],[32.7389,23.6241],[32.7978,23.5837],[32.8344,23.6186],[32.8701,23.7596],[32.8633,23.8287],[32.8229,23.9098],[32.8795,23.9877],[32.933,23.9406],[32.945,23.7912],[32.9859,23.6955],[32.9207,23.6341],[32.9109,23.584],[32.9879,23.5297],[32.9219,23.4845],[32.979,23.3965],[33.0074,23.237],[32.9213,23.2494],[32.9107,23.1606],[32.8526,23.1422],[32.869,23.0882],[32.9246,23.028],[32.9865,23.0797],[33.276,24.1185],[32.9142,25.1052],[32.7936,26.1707],[31.7806,26.9259],[30.9846,26.8613],[31.0329,26.0841],[31.8047,25.7587],[31.9976,23.832],[31.467,23.1684],[31.3947,22.1892],[31.4371,22.1925]]]]},"properties":{"NAME":"Naquada I","ABBREVN":"Naquada I","type":null,"weblnks":null,"SUBJECTO":"Naquada I","BORDERPRECISION":1,"PARTOF":"Naquada I"}},
{"type":"Feature","geometry":{"type":"Polygon","coordinates":[[[47.4913,30.6631],[47.1037,30.7402],[46.8222,30.7253],[46.7916,30.8025],[46.7187,30.8368],[46.7484,30.9025],[46.8607,30.9167],[46.983,30.8567],[47.2897,30.7715],[47.472,30.814],[47.0214,31.6322],[45.296,32.5967],[44.6403,33.1474],[45.1407,34.5375],[44.4333,33.3927],[43.4843,33.6947],[43.4196,33.7063],[43.2612,33.7277],[43.172,33.8253],[41.7071,34.4379],[41.7416,33.8238],[43.9501,32.9449],[44.0537,32.0573],[44.8991,31.5146],[45.9171,30.2113],[47.6081,30.5834],[47.5632,30.6636],[47.4913,30.6631]],[[43.4341,33.1995],[43.4024,33.2567],[43.3043,33.3094],[43.3086,33.3487],[43.382,33.4351],[43.4771,33.3384],[43.5539,33.3483],[43.5953,33.3062],[43.5664,33.2185],[43.4341,33.1995]]]},"properties":{"NAME":"Ubaid","ABBREVN":"Ubaid","type":null,"weblnks":null,"SUBJECTO":"Ubaid","BORDERPRECISION":1,"PARTOF":"Ubaid"}},
{"type":"Feature","geometry":{"type":"Polygon","coordinates":[[[35.9782,34.6349],[35.9828,34.5258],[35.8637,34.4536],[35.8731,34.4223],[35.821,34.3438],[35.7162,34.3124],[35.647,34.2396],[35.625,34.1475],[35.6478,34.0986],[35.6344,34.0128],[35.5825,33.9214],[35.5092,33.9076],[35.4919,33.8308],[35.4417,33.7417],[35.3572,33.5283],[35.2733,33.4542],[35.1883,33.1828],[35.1008,33.0936],[35.0717,32.9619],[35.0669,32.855],[35.0172,32.8153],[34.9624,32.8334],[34.9566,32.7048],[34.934,32.6895],[34.8711,32.4144],[34.8028,32.1924],[34.7119,31.955],[34.6717,31.8781],[35.1463,31.4886],[35.7222,31.9339],[36.1933,32.7962],[37.0833,33.2133],[36.6121,34.3229],[36.3424,34.4557],[35.9782,34.6349]],[[35.6316,32.7816],[35.5769,32.7203],[35.5339,32.8034],[35.565,32.8916],[35.6229,32.8784],[35.6316,32.7816]]]},"properties":{"NAME":"Ghassul","ABBREVN":"Ghassul","type":null,"weblnks":null,"SUBJECTO":"Ghassul","BORDERPRECISION":1,"PARTOF":"Ghassul"}},
{"type":"Feature","geometry":{"type":"Polygon","coordinates":[[[36.3424,34.4557],[36.5232,34.9293],[37.4767,35.2219],[39.0023,35.8813],[38.5971,36.7457],[37.7253,37.2797],[37.0476,37.6948],[35.4028,37.2597],[35.3721,36.5599],[35.5036,36.6114],[35.5529,36.5805],[35.6367,36.618],[35.6467,36.7536],[35.8269,36.7794],[35.9619,36.898],[36.0619,36.9144],[36.1664,36.8286],[36.2058,36.7708],[36.2178,36.6589],[36.1936,36.6],[36.1034,36.5641],[36.0953,36.4825],[35.793,36.2812],[35.9419,36.0953],[35.9802,35.9955],[35.8792,35.8639],[35.8456,35.7417],[35.7339,35.5817],[35.92,35.4211],[35.9291,35.2621],[35.9578,35.1947],[35.8867,35.1056],[35.8753,34.9022],[35.9782,34.6349],[36.3424,34.4557]]]},"properties":{"NAME":"Amuq D","ABBREVN":"Amuq D","type":null,"weblnks":null,"SUBJECTO":"Amuq D","BORDERPRECISION":1,"PARTOF":"Amuq D"}},
{"type":"Feature","geometry":{"type":"Polygon","coordinates":[[[-2.2172,36.7456],[-1.9405,36.9516],[-1.8169,37.2925],[-1.6311,37.4353],[-2.307,37.8091],[-3.8389,38.2021],[-6.2616,37.9497],[-6.893,37.1607],[-6.5789,37.0194],[-6.3556,36.8608],[-6.4436,36.7189],[-6.4008,36.6342],[-6.2975,36.6139],[-6.1728,36.5122],[-6.2397,36.4619],[-6.2269,36.4047],[-6.1583,36.3053],[-6.0508,36.1919],[-5.9183,36.1811],[-5.7972,36.0739],[-5.6384,36.0153],[-5.4855,36.0654],[-5.4879,36.1737],[-5.3801,36.1776],[-5.3742,36.2375],[-5.2167,36.4096],[-5.1509,36.4206],[-4.9139,36.4989],[-4.7573,36.4861],[-4.4466,36.722],[-4.1279,36.7261],[-3.8489,36.7525],[-3.7368,36.7312],[-3.5953,36.7469],[-3.5667,36.7334],[-3.3402,36.7364],[-3.2592,36.7469],[-2.9289,36.7497],[-2.832,36.6901],[-2.7615,36.6901],[-2.6243,36.8113],[-2.3503,36.8408],[-2.2814,36.82],[-2.2172,36.7456]]]},"properties":{"NAME":"La Almagra culture","ABBREVN":"La Almagra culture","type":"La Almagra","weblnks":null,"SUBJECTO":"La Almagra culture","BORDERPRECISION":1,"PARTOF":"La Almagra culture"}},
{"type":"Feature","geometry":{"type":"MultiPolygon","coordinates":[[[[22.6169,38.9092],[22.7842,38.9403],[22.8669,39.0405],[21.695,39.1263],[21.1186,39.0367],[21.1664,38.9753],[21.0869,38.8639],[20.8926,38.8958],[20.7718,38.8509],[20.8557,38.7456],[20.9894,38.67],[21.1724,38.3478],[21.393,38.4145],[21.6613,38.4381],[21.8265,38.464],[22.3337,38.4267],[22.4608,38.4272],[22.5339,38.345],[22.6897,38.3236],[22.7572,38.2531],[22.9253,38.1942],[22.9669,38.2136],[23.1206,38.2097],[23.2231,38.1555],[23.2183,38.1031],[23.1025,38.0589],[22.9989,38.0711],[22.9224,38.015],[22.9789,37.9822],[22.9081,37.938],[22.8034,37.9693],[22.7472,37.9526],[21.9967,38.2508],[21.9058,38.2697],[21.7145,38.1354],[21.4405,38.1795],[21.2284,37.9049],[21.2211,37.8284],[21.2936,37.7786],[21.4011,37.6517],[21.5806,37.5308],[21.6497,37.4419],[21.6964,37.3258],[21.675,37.2736],[21.5772,37.1939],[21.5819,37.0611],[21.7078,36.9503],[21.6904,36.8971],[21.7809,36.8225],[21.9263,36.9641],[22.0292,37.0247],[22.1564,37.0197],[22.1464,36.9508],[22.1856,36.8928],[22.2436,36.8733],[22.2969,36.815],[22.3561,36.6994],[22.3903,36.5244],[22.5244,36.7221],[22.5889,36.7892],[22.6436,36.805],[22.7881,36.7958],[22.8782,36.6619],[22.9826,36.6148],[22.8869,37.0467],[22.7931,37.1386],[22.8133,37.2121],[22.7262,37.2885],[22.6387,37.4923],[22.6423,37.5849],[22.7133,37.5434],[22.78,37.59],[22.9792,37.5158],[23.1289,37.4481],[23.1096,37.3466],[23.1858,37.3748],[23.185,37.4273],[23.4181,37.4693],[23.3329,37.5327],[23.1929,37.5971],[23.1514,37.5901],[23.0489,37.6426],[23.0411,37.8407],[22.8981,37.9],[22.9806,37.9578],[23.1958,38.005],[23.4193,38.0681],[23.5722,38.0433],[23.5737,37.9599],[23.7744,37.8344],[23.8617,37.8042],[23.9327,37.7012],[23.9873,37.7634],[23.88,38.1154],[23.967,38.1521],[23.9607,38.2099],[23.8396,38.3154],[23.686,38.3465],[23.5558,38.3518],[23.4938,38.4831],[23.3562,38.4895],[23.191,38.6103],[23.1175,38.6281],[23.0768,38.6712],[22.9842,38.667],[22.906,38.7591],[22.7233,38.7932],[22.6535,38.8296],[22.5536,38.8342],[22.5506,38.8898],[22.6169,38.9092]]],[[[24.5686,38.1475],[24.4606,38.1389],[24.3389,38.1586],[24.2472,38.2319],[24.1872,38.3925],[24.1342,38.6502],[24.0075,38.6731],[23.8467,38.6822],[23.5919,38.7647],[23.4714,38.8425],[23.3886,38.9563],[23.2615,39.0327],[23.1303,39.0034],[22.9391,38.8967],[22.8699,38.8372],[23.1208,38.8668],[23.2,38.8308],[23.4922,38.6322],[23.5956,38.5725],[23.6369,38.5031],[23.6436,38.4185],[23.7281,38.4003],[23.9628,38.3888],[24.05,38.3658],[24.1486,38.2153],[24.3261,38.0447],[24.4324,37.9754],[24.5272,37.9674],[24.5765,38.1177],[24.5686,38.1475]]]]},"properties":{"NAME":"Dimini","ABBREVN":"Dimini","type":null,"weblnks":null,"SUBJECTO":"Dimini","BORDERPRECISION":1,"PARTOF":"Dimini"}},
{"type":"Feature","geometry":{"type":"MultiPolygon","coordinates":[[[[49.8846,-12.936],[49.8043,-12.8248],[49.5418,-12.7042],[49.3366,-12.4123],[49.1763,-12.2665],[48.9559,-12.4584],[48.9334,-12.5784],[48.9933,-12.7372],[48.9175,-13.0487],[48.8572,-13.2522],[48.7513,-13.4177],[48.4397,-13.6535],[48.3496,-13.838],[48.2419,-13.8044],[48.18,-13.7542],[48.1734,-13.707],[48.11,-13.597],[48.0573,-13.5654],[47.9412,-13.5918],[47.9155,-13.7373],[48.0256,-14.062],[48.0483,-14.1556],[48.0031,-14.3228],[47.9717,-14.2837],[47.8504,-14.3158],[47.7443,-14.3098],[47.7027,-14.4493],[47.7938,-14.5969],[47.9192,-14.5692],[47.9686,-14.6217],[47.8113,-14.6039],[47.8837,-14.7161],[47.6329,-14.9836],[47.558,-14.9653],[47.4919,-15.0767],[47.4092,-15.0869],[47.4125,-14.9714],[47.4731,-14.8856],[47.4263,-14.8251],[47.2111,-15.0064],[47.1061,-15.1436],[47.2446,-15.3657],[47.2378,-15.4217],[47.1808,-15.4588],[47.129,-15.4452],[47.0422,-15.4936],[46.9622,-15.5022],[47.003,-15.4149],[46.9246,-15.36],[46.7344,-15.4494],[46.3875,-15.6917],[46.4644,-15.8568],[46.4478,-15.8871],[46.4772,-15.9661],[46.3311,-15.9772],[46.2819,-15.9525],[46.1423,-15.8257],[46.0636,-15.8719],[45.9656,-15.8534],[45.7323,-15.8901],[45.5794,-16.0422],[45.4335,-16.0941],[45.3777,-16.0783],[45.3269,-16.1103],[45.2934,-16.0544],[45.1969,-16.0374],[44.9174,-16.2033],[44.6722,-16.2356],[44.4544,-16.2424],[44.4531,-16.4572],[44.4658,-16.5067],[44.4514,-16.7254],[44.378,-16.9226],[44.215,-17.1899],[43.9825,-17.5018],[43.9716,-17.5527],[44.0758,-17.8766],[44.107,-18.099],[44.1595,-18.4039],[44.3942,-18.7911],[44.2809,-19.0202],[44.251,-19.1028],[44.4105,-19.2678],[44.5357,-19.3692],[44.5854,-19.528],[44.5171,-20.0239],[44.4703,-20.1701],[44.1617,-20.6983],[43.8165,-21.3156],[43.6032,-21.3986],[43.501,-21.4942],[43.3248,-22.1111],[43.2913,-22.4098],[43.3764,-22.6321],[43.6554,-23.051],[43.7847,-23.2668],[43.8271,-23.4129],[43.6717,-23.9026],[43.6714,-24.2268],[43.7272,-24.3538],[43.9342,-24.5186],[43.981,-24.6266],[43.9889,-24.8549],[44.0368,-24.9887],[44.1235,-25.0609],[44.1844,-25.0692],[44.4019,-25.1933],[44.3579,-25.256],[44.5222,-25.2864],[44.7114,-25.3039],[44.9585,-25.3872],[45.0468,-25.4506],[45.1294,-25.5531],[45.2147,-25.5883],[45.4625,-25.5783],[45.5503,-25.5622],[45.6533,-25.5092],[45.7392,-25.4361],[45.9231,-25.3289],[46.1719,-25.2269],[46.3367,-25.1736],[46.5031,-25.1617],[46.6467,-25.1917],[46.7303,-25.1675],[46.9064,-25.0686],[47.0944,-24.9739],[47.1378,-24.9172],[47.1353,-24.8317],[47.1986,-24.7414],[47.2817,-24.5575],[47.3156,-24.4589],[47.3394,-24.3061],[47.4262,-24.1241],[47.5172,-23.9732],[47.6161,-23.6386],[47.6289,-23.5617],[47.6749,-23.4394],[47.8372,-22.8672],[47.8647,-22.6694],[47.9081,-22.4619],[48.0031,-22.2206],[48.1056,-21.9888],[48.4865,-20.8381],[48.5211,-20.6975],[48.6167,-20.3881],[48.6854,-20.2342],[48.8615,-19.6851],[49.0231,-19.1817],[49.3419,-18.2276],[49.4228,-17.8016],[49.4046,-17.4012],[49.4247,-17.1978],[49.5249,-17.0629],[49.5903,-16.9194],[49.6619,-16.8784],[49.734,-16.7814],[49.7169,-16.7328],[49.7994,-16.6417],[49.8458,-16.5658],[49.8628,-16.4739],[49.8258,-16.3389],[49.8473,-16.2613],[49.7654,-16.1532],[49.7,-16.1097],[49.5977,-15.653],[49.6203,-15.4623],[49.7538,-15.3985],[49.7803,-15.4342],[49.8661,-15.4325],[49.9022,-15.4683],[49.9039,-15.5611],[49.9579,-15.6733],[50.0036,-15.7348],[50.0885,-15.8998],[50.1873,-15.9568],[50.4232,-15.6033],[50.4828,-15.4058],[50.5014,-15.3086],[50.4519,-15.167],[50.3375,-14.9986],[50.2544,-14.7745],[50.1502,-14.4189],[50.1085,-14.1202],[49.986,-13.3616],[49.9333,-13.1811],[49.9375,-13.1466],[49.8846,-12.936]]],[[[13.7642,41.8493],[14.2,42.4825],[14.075,42.6003],[13.9892,42.7081],[13.9139,42.8752],[13.7606,43.2529],[13.6222,43.5085],[12.6972,43.9348],[12.5571,44.0805],[12.4292,44.1828],[12.3569,44.2697],[12.2889,44.4517],[12.2464,44.6858],[12.2897,44.8425],[12.3561,44.8039],[12.4119,44.8994],[12.409,44.989],[12.2333,45.1975],[12.1762,45.2143],[12.1583,45.3139],[12.2928,45.4786],[12.48,45.5658],[12.5814,45.5467],[12.6172,45.4944],[12.9225,45.6183],[13.0861,45.6356],[13.0694,45.71],[13.1117,45.7631],[13.1933,45.7781],[13.4142,45.7222],[13.5292,45.7247],[13.55,45.7872],[13.6322,45.7692],[13.7342,45.6955],[13.8047,45.6136],[13.8,45.5664],[13.5563,45.4596],[13.6436,45.1791],[13.6678,45.0695],[13.8433,44.88],[13.8992,44.7744],[13.9956,44.8081],[13.9975,44.8964],[14.1669,44.9814],[14.1539,45.0722],[14.2167,45.1233],[14.2881,45.3189],[14.325,45.3533],[14.4828,45.3111],[14.7175,45.1528],[14.8394,45.1142],[14.9455,44.9266],[14.9505,44.6262],[15.2767,44.3644],[15.4511,44.2825],[15.2744,44.2366],[15.3277,44.033],[15.4631,43.9197],[15.5994,43.8453],[15.9408,43.6836],[15.9284,43.6291],[16.0229,43.488],[16.1058,43.4756],[16.3103,43.5431],[16.4653,43.5389],[16.4992,43.5031],[16.64,43.4403],[16.7642,43.4114],[16.8844,43.4031],[17.0633,43.2481],[17.1831,43.1717],[17.3303,43.1144],[17.4706,43.0178],[17.5192,42.9519],[17.5785,42.9438],[17.5957,42.8889],[17.8178,42.7824],[17.8772,42.7678],[18.2147,42.5794],[18.5044,42.4061],[18.5136,42.4553],[18.6819,42.4583],[18.7025,42.3933],[18.6525,42.3781],[18.8878,42.273],[19.005,42.1575],[19.0517,42.1372],[19.1386,42.0433],[19.1706,41.9344],[19.2789,41.9033],[19.3678,41.849],[19.47,41.855],[19.5967,41.8106],[19.6194,41.5593],[19.443,41.4019],[19.4522,41.3097],[19.5139,41.2561],[19.4597,41.0077],[19.5064,40.9756],[19.5214,40.9081],[19.7818,42.0946],[17.181,45.3128],[14.509,46.3061],[6.5998,46.3061],[4.6403,48.1922],[2.0395,47.2575],[2.7164,45.4129],[0.3294,43.8153],[-1.4876,42.3847],[0.2348,40.2374],[0.5878,40.6115],[0.7052,40.6382],[0.8271,40.7274],[0.6989,40.7983],[0.7338,40.875],[0.8792,41.0217],[1.4421,41.18],[2.0807,41.2985],[2.6283,41.6195],[3.1566,42.0757],[3.0863,42.1207],[3.0871,42.3686],[3.0459,42.5395],[3.0122,42.798],[2.9614,42.845],[3.0453,42.9542],[3.0814,43.0694],[3.2581,43.2275],[3.4787,43.3121],[3.9186,43.5239],[4.0503,43.5622],[4.1081,43.555],[4.1311,43.4917],[4.205,43.4603],[4.3094,43.5122],[4.3211,43.4583],[4.5356,43.4583],[4.6011,43.4286],[4.5839,43.37],[4.7674,43.3689],[4.8761,43.4239],[5.0357,43.4348],[5.0097,43.5122],[5.0314,43.5567],[5.2308,43.4903],[5.1886,43.4339],[5.0456,43.394],[5.0578,43.3414],[5.2131,43.3386],[5.3064,43.3656],[5.3617,43.3353],[5.3636,43.2219],[5.6892,43.1885],[5.8156,43.1203],[5.8714,43.0597],[5.9367,43.0908],[6.0622,43.1014],[6.1598,43.0867],[6.1789,43.1255],[6.5778,43.1915],[6.6975,43.2803],[6.6364,43.3111],[6.8464,43.4242],[6.8922,43.4358],[7.1586,43.6631],[7.2547,43.7044],[7.3488,43.7171],[7.5528,43.8675],[7.9795,43.9649],[8.0896,44.0508],[8.4917,44.3205],[8.7277,44.4223],[8.7873,44.4276],[9.157,44.3732],[9.6919,44.2196],[9.9093,44.1105],[9.9836,44.0539],[10.0686,44.03],[10.2333,43.8836],[10.2758,43.7268],[10.4228,43.398],[10.5222,43.2492],[10.5425,43.1544],[10.6789,42.947],[10.7678,42.9106],[10.7962,42.806],[10.9575,42.73],[11.0803,42.6322],[11.1883,42.5142],[11.4974,42.3764],[11.6231,42.3017],[11.9377,42.0252],[12.1169,41.9275],[12.1778,41.868],[12.6415,41.5311],[13.2714,41.3142],[13.6203,41.2576],[13.6958,41.2541],[13.7642,41.8493]],[[19.2164,42.1585],[19.0988,42.2776],[19.2933,42.2646],[19.3636,42.2896],[19.4806,42.1082],[19.3944,42.0881],[19.2164,42.1585]]],[[[9.7275,40.3694],[9.7878,40.442],[9.7931,40.5507],[9.5909,40.9029],[9.3062,41.1844],[8.9184,40.94],[8.7661,40.8628],[8.6182,40.8625],[8.5053,40.8236],[8.2407,40.8553],[8.1595,40.7847],[8.2016,40.663],[8.4282,40.4649],[8.488,40.2088],[8.5085,39.9465],[8.5567,39.8661],[8.5419,39.7794],[8.4788,39.7373],[8.465,39.6399],[8.3862,39.3516],[8.4336,39.2892],[8.4172,39.2122],[8.5824,39.0658],[8.6961,38.9958],[8.8196,38.9769],[8.9314,39.0537],[8.9985,39.1751],[9.0183,39.2664],[9.2174,39.2287],[9.2963,39.2331],[9.4789,39.1442],[9.6268,39.4174],[9.6756,39.7128],[9.6767,39.8211],[9.6308,40.0959],[9.6479,40.1531],[9.6231,40.2556],[9.7275,40.3694]]],[[[9.2717,41.5206],[9.3046,41.5758],[9.3575,41.9012],[9.4525,42.0483],[9.4867,42.4064],[9.4586,42.5561],[9.4055,42.5806],[9.4322,42.7941],[9.4142,42.9095],[9.3391,42.986],[9.3081,42.8361],[9.3411,42.7342],[9.2908,42.6733],[9.2377,42.664],[9.1495,42.7107],[9.069,42.6986],[9.0004,42.6346],[8.879,42.6248],[8.673,42.5198],[8.5758,42.3836],[8.6858,42.2775],[8.5706,42.2217],[8.6083,42.1328],[8.6811,42.1064],[8.7406,42.0408],[8.5913,41.9591],[8.6272,41.9067],[8.8031,41.8975],[8.7889,41.8533],[8.705,41.7594],[8.7258,41.7294],[8.9214,41.6844],[8.7861,41.6037],[8.7919,41.5555],[8.9411,41.4894],[9.1158,41.4319],[9.1816,41.3646],[9.2717,41.5206]]]]},"properties":{"NAME":"      ","ABBREVN":"Cardial Ware culture","type":"culture","weblnks":null,"SUBJECTO":"Cardial Ware culture","BORDERPRECISION":1,"PARTOF":"Cardial Ware culture"}},
{"type":"Feature","geometry":{"type":"Polygon","coordinates":[[[64.0361,25.415],[64.0216,25.3951],[64.0592,25.401],[64.0361,25.415]]]},"properties":{"NAME":null,"ABBREVN":null,"type":null,"weblnks":null,"SUBJECTO":null,"BORDERPRECISION":1,"PARTOF":null}},
{"type":"Feature","geometry":{"type":"Polygon","coordinates":[[[67.4786,24.0469],[67.3794,24.0517],[67.4247,24.0019],[67.4786,24.0469]]]},"properties":{"NAME":null,"ABBREVN":null,"type":null,"weblnks":null,"SUBJECTO":null,"BORDERPRECISION":1,"PARTOF":null}},
{"type":"Feature","geometry":{"type":"Polygon","coordinates":[[[100.3036,5.4536],[100.3192,5.3441],[100.3247,5.3808],[100.3203,5.4278],[100.3036,5.4536]]]},"properties":{"NAME":null,"ABBREVN":null,"type":null,"weblnks":null,"SUBJECTO":null,"BORDERPRECISION":1,"PARTOF":null}},
{"type":"Feature","geometry":{"type":"Polygon","coordinates":[[[99.1219,7.6653],[99.1078,7.669],[99.1186,7.6428],[99.1272,7.6433],[99.1219,7.6653]]]},"properties":{"NAME":null,"ABBREVN":null,"type":null,"weblnks":null,"SUBJECTO":null,"BORDERPRECISION":1,"PARTOF":null}},
{"type":"Feature","geometry":{"type":"Polygon","coordinates":[[[98.2964,8.1869],[98.2815,8.175],[98.2924,8.1557],[98.3207,8.1742],[98.2964,8.1869]]]},"properties":{"NAME":null,"ABBREVN":null,"type":null,"weblnks":null,"SUBJECTO":null,"BORDERPRECISION":1,"PARTOF":null}},
{"type":"Feature","geometry":{"type":"Polygon","coordinates":[[[98.3096,9.121],[98.2821,9.0353],[98.3236,9.0778],[98.3096,9.121]]]},"properties":{"NAME":null,"ABBREVN":null,"type":null,"weblnks":null,"SUBJECTO":null,"BORDERPRECISION":1,"PARTOF":null}},
{"type":"Feature","geometry":{"type":"Polygon","coordinates":[[[106.2255,9.5442],[106.2779,9.5371],[106.293,9.5747],[106.2319,9.6028],[106.2255,9.5442]]]},"properties":{"NAME":null,"ABBREVN":null,"type":null,"weblnks":null,"SUBJECTO":null,"BORDERPRECISION":1,"PARTOF":null}},
{"type":"Feature","geometry":{"type":"Polygon","coordinates":[[[106.5436,9.8258],[106.4858,9.9022],[106.4225,9.9281],[106.528,9.8275],[106.5436,9.8258]]]},"properties":{"NAME":null,"ABBREVN":null,"type":null,"weblnks":null,"SUBJECTO":null,"BORDERPRECISION":1,"PARTOF":null}},
{"type":"Feature","geometry":{"type":"Polygon","coordinates":[[[106.5144,10.295],[106.5372,10.2794],[106.6149,10.262],[106.6433,10.2603],[106.6763,10.249],[106.7261,10.2214],[106.7227,10.2683],[106.6447,10.2694],[106.5822,10.2756],[106.5686,10.2781],[106.5555,10.2814],[106.5144,10.295]]]},"properties":{"NAME":null,"ABBREVN":null,"type":null,"weblnks":null,"SUBJECTO":null,"BORDERPRECISION":1,"PARTOF":null}},
{"type":"Feature","geometry":{"type":"Polygon","coordinates":[[[107.1628,10.4631],[107.1653,10.3866],[107.2055,10.4222],[107.1628,10.4631]]]},"properties":{"NAME":null,"ABBREVN":null,"type":null,"weblnks":null,"SUBJECTO":null,"BORDERPRECISION":1,"PARTOF":null}},
{"type":"Feature","geometry":{"type":"Polygon","coordinates":[[[106.9294,10.5179],[106.9486,10.5032],[106.9405,10.5147],[106.9294,10.5179]]]},"properties":{"NAME":null,"ABBREVN":null,"type":null,"weblnks":null,"SUBJECTO":null,"BORDERPRECISION":1,"PARTOF":null}},
{"type":"Feature","geometry":{"type":"Polygon","coordinates":[[[106.8272,10.6206],[106.7817,10.6632],[106.7514,10.657],[106.7732,10.6392],[106.85,10.5788],[106.8612,10.5879],[106.8565,10.6039],[106.8272,10.6206]]]},"properties":{"NAME":null,"ABBREVN":null,"type":null,"weblnks":null,"SUBJECTO":null,"BORDERPRECISION":1,"PARTOF":null}},
{"type":"Feature","geometry":{"type":"Polygon","coordinates":[[[103.7608,10.515],[103.7514,10.4903],[103.8012,10.4801],[103.782,10.5147],[103.7608,10.515]]]},"properties":{"NAME":null,"ABBREVN":null,"type":null,"weblnks":null,"SUBJECTO":null,"BORDERPRECISION":1,"PARTOF":null}},
{"type":"Feature","geometry":{"type":"Polygon","coordinates":[[[103.0305,11.2481],[103.0336,11.2528],[103.0444,11.2861],[103.0472,11.2953],[103.0483,11.3061],[103.0419,11.3756],[103.0344,11.3964],[103.0236,11.4128],[103.0153,11.4206],[103.0125,11.4217],[102.978,11.3867],[102.9869,11.2744],[103.0305,11.2481]]]},"properties":{"NAME":null,"ABBREVN":null,"type":null,"weblnks":null,"SUBJECTO":null,"BORDERPRECISION":1,"PARTOF":null}},
{"type":"Feature","geometry":{"type":"Polygon","coordinates":[[[103.0136,11.525],[103.0094,11.525],[102.9997,11.5214],[102.9955,11.5061],[103.0239,11.4247],[103.045,11.4481],[103.0355,11.5069],[103.0136,11.525]]]},"properties":{"NAME":null,"ABBREVN":null,"type":null,"weblnks":null,"SUBJECTO":null,"BORDERPRECISION":1,"PARTOF":null}},
{"type":"Feature","geometry":{"type":"Polygon","coordinates":[[[98.6272,11.9231],[98.66,11.9331],[98.6406,11.9578],[98.6272,11.9231]]]},"properties":{"NAME":null,"ABBREVN":null,"type":null,"weblnks":null,"SUBJECTO":null,"BORDERPRECISION":1,"PARTOF":null}},
{"type":"Feature","geometry":{"type":"Polygon","coordinates":[[[98.6415,12.3529],[98.6455,12.3185],[98.6825,12.3406],[98.6415,12.3529]]]},"properties":{"NAME":null,"ABBREVN":null,"type":null,"weblnks":null,"SUBJECTO":null,"BORDERPRECISION":1,"PARTOF":null}},
{"type":"Feature","geometry":{"type":"Polygon","coordinates":[[[97.5186,16.5053],[97.5732,16.4451],[97.6008,16.4836],[97.5186,16.5053]]]},"properties":{"NAME":null,"ABBREVN":null,"type":null,"weblnks":null,"SUBJECTO":null,"BORDERPRECISION":1,"PARTOF":null}},
{"type":"Feature","geometry":{"type":"Polygon","coordinates":[[[106.9244,10.5386],[106.9311,10.5481],[106.9291,10.5869],[106.9275,10.5928],[106.8794,10.6372],[106.8522,10.6256],[106.8699,10.6072],[106.8714,10.5955],[106.8688,10.5832],[106.8562,10.574],[106.9244,10.5386]]]},"properties":{"NAME":null,"ABBREVN":null,"type":null,"weblnks":null,"SUBJECTO":null,"BORDERPRECISION":1,"PARTOF":null}},
{"type":"Feature","geometry":{"type":"Polygon","coordinates":[[[80.9333,15.7389],[80.9644,15.7944],[80.8894,15.8456],[80.8714,15.8033],[80.9333,15.7389]]]},"properties":{"NAME":null,"ABBREVN":null,"type":null,"weblnks":null,"SUBJECTO":null,"BORDERPRECISION":1,"PARTOF":null}},
{"type":"Feature","geometry":{"type":"Polygon","coordinates":[[[94.8386,15.8689],[94.815,15.9464],[94.7811,15.9018],[94.8386,15.8689]]]},"properties":{"NAME":null,"ABBREVN":null,"type":null,"weblnks":null,"SUBJECTO":null,"BORDERPRECISION":1,"PARTOF":null}},
{"type":"Feature","geometry":{"type":"Polygon","coordinates":[[[94.5397,16.1336],[94.6675,16.1688],[94.6708,16.1844],[94.668,16.2064],[94.6494,16.2453],[94.5975,16.2131],[94.5711,16.1792],[94.5347,16.1313],[94.5397,16.1336]]]},"properties":{"NAME":null,"ABBREVN":null,"type":null,"weblnks":null,"SUBJECTO":null,"BORDERPRECISION":1,"PARTOF":null}},
{"type":"Feature","geometry":{"type":"Polygon","coordinates":[[[93.8967,19.205],[93.8704,19.2547],[93.8153,19.2303],[93.675,19.2509],[93.5734,19.215],[93.6419,19.1275],[93.6683,19.0606],[93.7266,18.997],[93.839,18.9527],[93.9286,19.1237],[93.8967,19.205]]]},"properties":{"NAME":null,"ABBREVN":null,"type":null,"weblnks":null,"SUBJECTO":null,"BORDERPRECISION":1,"PARTOF":null}},
{"type":"Feature","geometry":{"type":"Polygon","coordinates":[[[93.9673,19.3694],[93.9617,19.4286],[93.7375,19.5492],[93.7478,19.4734],[93.8113,19.2695],[93.9164,19.3097],[93.9673,19.3694]]]},"properties":{"NAME":null,"ABBREVN":null,"type":null,"weblnks":null,"SUBJECTO":null,"BORDERPRECISION":1,"PARTOF":null}},
{"type":"Feature","geometry":{"type":"Polygon","coordinates":[[[93.5028,19.87],[93.4866,19.8969],[93.4347,19.9436],[93.416,19.9428],[93.5083,19.8382],[93.5028,19.87]]]},"properties":{"NAME":null,"ABBREVN":null,"type":null,"weblnks":null,"SUBJECTO":null,"BORDERPRECISION":1,"PARTOF":null}},
{"type":"Feature","geometry":{"type":"Polygon","coordinates":[[[26.4836,60.46],[26.4956,60.4485],[26.543,60.5519],[26.4742,60.4792],[26.4836,60.46]]]},"properties":{"NAME":null,"ABBREVN":null,"type":null,"weblnks":null,"SUBJECTO":null,"BORDERPRECISION":1,"PARTOF":null}},
{"type":"Feature","geometry":{"type":"Polygon","coordinates":[[[6.0425,58.9055],[6.0955,58.9618],[6.0412,58.9518],[6.0112,58.9179],[6.0425,58.9055]]]},"properties":{"NAME":null,"ABBREVN":null,"type":null,"weblnks":null,"SUBJECTO":null,"BORDERPRECISION":1,"PARTOF":null}},
{"type":"Feature","geometry":{"type":"Polygon","coordinates":[[[5.9167,59.4431],[5.8769,59.4089],[5.9039,59.3766],[6.0043,59.4487],[5.9167,59.4431]]]},"properties":{"NAME":null,"ABBREVN":null,"type":null,"weblnks":null,"SUBJECTO":null,"BORDERPRECISION":1,"PARTOF":null}},
{"type":"Feature","geometry":{"type":"Polygon","coordinates":[[[5.8533,59.3861],[5.8007,59.4236],[5.8129,59.3352],[5.8567,59.3456],[5.8533,59.3861]]]},"properties":{"NAME":null,"ABBREVN":null,"type":null,"weblnks":null,"SUBJECTO":null,"BORDERPRECISION":1,"PARTOF":null}},
{"type":"Feature","geometry":{"type":"Polygon","coordinates":[[[13.58,66.2203],[13.5647,66.2339],[13.5295,66.2346],[13.5654,66.2022],[13.58,66.2203]]]},"properties":{"NAME":null,"ABBREVN":null,"type":null,"weblnks":null,"SUBJECTO":null,"BORDERPRECISION":1,"PARTOF":null}},
{"type":"Feature","geometry":{"type":"Polygon","coordinates":[[[32.0048,69.8589],[32.0757,69.8207],[32.0716,69.8835],[32.0048,69.8589]]]},"properties":{"NAME":null,"ABBREVN":null,"type":null,"weblnks":null,"SUBJECTO":null,"BORDERPRECISION":1,"PARTOF":null}},
{"type":"Feature","geometry":{"type":"Polygon","coordinates":[[[66.7739,71.0175],[66.767,71.0228],[66.7563,71.0055],[66.7664,71.0105],[66.7739,71.0175]]]},"properties":{"NAME":null,"ABBREVN":null,"type":null,"weblnks":null,"SUBJECTO":null,"BORDERPRECISION":1,"PARTOF":null}},
{"type":"Feature","geometry":{"type":"Polygon","coordinates":[[[78.4955,71.0472],[78.4958,71.0405],[78.5,71.0411],[78.4955,71.0472]]]},"properties":{"NAME":null,"ABBREVN":null,"type":null,"weblnks":null,"SUBJECTO":null,"BORDERPRECISION":1,"PARTOF":null}},
{"type":"Feature","geometry":{"type":"Polygon","coordinates":[[[82.9517,70.3205],[83.038,70.2589],[83.0463,70.3301],[82.9517,70.3205]]]},"properties":{"NAME":null,"ABBREVN":null,"type":null,"weblnks":null,"SUBJECTO":null,"BORDERPRECISION":1,"PARTOF":null}},
{"type":"Feature","geometry":{"type":"Polygon","coordinates":[[[86.867,74.3909],[86.8981,74.3651],[86.9036,74.3737],[86.8923,74.3759],[86.8775,74.3911],[86.867,74.3909]]]},"properties":{"NAME":null,"ABBREVN":null,"type":null,"weblnks":null,"SUBJECTO":null,"BORDERPRECISION":1,"PARTOF":null}},
{"type":"Feature","geometry":{"type":"Polygon","coordinates":[[[176.2127,64.8694],[176.1541,64.8905],[176.0341,64.9042],[176.0027,64.8974],[176.1802,64.868],[176.2127,64.8694]]]},"properties":{"NAME":null,"ABBREVN":null,"type":null,"weblnks":null,"SUBJECTO":null,"BORDERPRECISION":1,"PARTOF":null}},
{"type":"Feature","geometry":{"type":"Polygon","coordinates":[[[177.3539,64.7766],[177.4522,64.6467],[177.4891,64.7561],[177.3539,64.7766]]]},"properties":{"NAME":null,"ABBREVN":null,"type":null,"weblnks":null,"SUBJECTO":null,"BORDERPRECISION":1,"PARTOF":null}},
{"type":"Feature","geometry":{"type":"Polygon","coordinates":[[[177.2511,62.5708],[177.1521,62.5872],[177.1386,62.5581],[177.2511,62.5708]]]},"properties":{"NAME":null,"ABBREVN":null,"type":null,"weblnks":null,"SUBJECTO":null,"BORDERPRECISION":1,"PARTOF":null}},
{"type":"Feature","geometry":{"type":"Polygon","coordinates":[[[120.8555,36.5844],[120.835,36.6014],[120.8097,36.578],[120.7957,36.5473],[120.8555,36.5844]]]},"properties":{"NAME":null,"ABBREVN":null,"type":null,"weblnks":null,"SUBJECTO":null,"BORDERPRECISION":1,"PARTOF":null}},
{"type":"Feature","geometry":{"type":"Polygon","coordinates":[[[114.5997,22.5383],[114.548,22.5704],[114.5568,22.4841],[114.61,22.4975],[114.5997,22.5383]]]},"properties":{"NAME":null,"ABBREVN":null,"type":null,"weblnks":null,"SUBJECTO":null,"BORDERPRECISION":1,"PARTOF":null}},
{"type":"Feature","geometry":{"type":"Polygon","coordinates":[[[111.0175,21.4681],[111.0664,21.4736],[111.053,21.4842],[111.0175,21.4681]]]},"properties":{"NAME":null,"ABBREVN":null,"type":null,"weblnks":null,"SUBJECTO":null,"BORDERPRECISION":1,"PARTOF":null}},
{"type":"Feature","geometry":{"type":"Polygon","coordinates":[[[108.385,21.5922],[108.3853,21.5886],[108.39,21.5614],[108.3963,21.5533],[108.4325,21.6431],[108.385,21.5922]]]},"properties":{"NAME":null,"ABBREVN":null,"type":null,"weblnks":null,"SUBJECTO":null,"BORDERPRECISION":1,"PARTOF":null}},
{"type":"Feature","geometry":{"type":"Polygon","coordinates":[[[100.1351,8.5223],[100.1294,8.5153],[100.1314,8.5106],[100.1399,8.5094],[100.1351,8.5223]]]},"properties":{"NAME":null,"ABBREVN":null,"type":null,"weblnks":null,"SUBJECTO":null,"BORDERPRECISION":1,"PARTOF":null}},
{"type":"Feature","geometry":{"type":"Polygon","coordinates":[[[95.2252,15.8021],[95.228,15.8136],[95.2225,15.8364],[95.223,15.8048],[95.2252,15.8021]]]},"properties":{"NAME":null,"ABBREVN":null,"type":null,"weblnks":null,"SUBJECTO":null,"BORDERPRECISION":1,"PARTOF":null}},
{"type":"Feature","geometry":{"type":"Polygon","coordinates":[[[48.9239,30.3808],[48.9363,30.368],[48.9457,30.3879],[48.9367,30.3961],[48.9239,30.3808]]]},"properties":{"NAME":null,"ABBREVN":null,"type":null,"weblnks":null,"SUBJECTO":null,"BORDERPRECISION":1,"PARTOF":null}},
{"type":"Feature","geometry":{"type":"Polygon","coordinates":[[[42.5597,11.5661],[42.5614,11.5639],[42.5678,11.562],[42.5597,11.5661]]]},"properties":{"NAME":null,"ABBREVN":null,"type":null,"weblnks":null,"SUBJECTO":null,"BORDERPRECISION":1,"PARTOF":null}},
{"type":"Feature","geometry":{"type":"Polygon","coordinates":[[[38.3853,46.7053],[38.387,46.7193],[38.3728,46.7173],[38.3853,46.7053]]]},"properties":{"NAME":null,"ABBREVN":null,"type":null,"weblnks":null,"SUBJECTO":null,"BORDERPRECISION":1,"PARTOF":null}},
{"type":"Feature","geometry":{"type":"Polygon","coordinates":[[[24.2728,40.1669],[24.2954,40.1765],[24.1878,40.2559],[24.2728,40.1669]]]},"properties":{"NAME":null,"ABBREVN":null,"type":null,"weblnks":null,"SUBJECTO":null,"BORDERPRECISION":1,"PARTOF":null}},
{"type":"Feature","geometry":{"type":"Polygon","coordinates":[[[23.7917,40.0889],[23.8269,40.0256],[23.9066,39.9972],[23.9201,40.0552],[23.8687,40.1607],[23.7256,40.1681],[23.7917,40.0889]]]},"properties":{"NAME":null,"ABBREVN":null,"type":null,"weblnks":null,"SUBJECTO":null,"BORDERPRECISION":1,"PARTOF":null}},
{"type":"Feature","geometry":{"type":"Polygon","coordinates":[[[23.3243,40.152],[23.3208,40.1192],[23.3794,39.9928],[23.539,39.9395],[23.5949,40],[23.4365,40.0447],[23.3243,40.152]]]},"properties":{"NAME":null,"ABBREVN":null,"type":null,"weblnks":null,"SUBJECTO":null,"BORDERPRECISION":1,"PARTOF":null}},
{"type":"Feature","geometry":{"type":"Polygon","coordinates":[[[23.1086,39.1229],[23.0789,39.1464],[23.0548,39.1043],[23.1086,39.1229]]]},"properties":{"NAME":null,"ABBREVN":null,"type":null,"weblnks":null,"SUBJECTO":null,"BORDERPRECISION":1,"PARTOF":null}},
{"type":"Feature","geometry":{"type":"Polygon","coordinates":[[[88.8597,21.6044],[88.8255,21.5594],[88.8589,21.52],[88.898,21.5794],[88.8597,21.6044]]]},"properties":{"NAME":null,"ABBREVN":null,"type":null,"weblnks":null,"SUBJECTO":null,"BORDERPRECISION":1,"PARTOF":null}},
{"type":"Feature","geometry":{"type":"Polygon","coordinates":[[[91.9472,21.683],[91.9364,21.7342],[91.8744,21.7534],[91.923,21.488],[91.9658,21.5189],[91.9822,21.6117],[91.9472,21.683]]]},"properties":{"NAME":null,"ABBREVN":null,"type":null,"weblnks":null,"SUBJECTO":null,"BORDERPRECISION":1,"PARTOF":null}},
{"type":"Feature","geometry":{"type":"Polygon","coordinates":[[[88.1463,21.8656],[88.1216,21.8627],[88.1666,21.7677],[88.1647,21.8117],[88.1463,21.8656]]]},"properties":{"NAME":null,"ABBREVN":null,"type":null,"weblnks":null,"SUBJECTO":null,"BORDERPRECISION":1,"PARTOF":null}},
{"type":"Feature","geometry":{"type":"Polygon","coordinates":[[[89.0828,21.8191],[89.0633,21.9064],[89.0417,21.8969],[89.0828,21.8191]]]},"properties":{"NAME":null,"ABBREVN":null,"type":null,"weblnks":null,"SUBJECTO":null,"BORDERPRECISION":1,"PARTOF":null}},
{"type":"Feature","geometry":{"type":"Polygon","coordinates":[[[91.8864,21.8428],[91.8792,21.8969],[91.8459,21.9087],[91.867,21.7934],[91.8864,21.8428]]]},"properties":{"NAME":null,"ABBREVN":null,"type":null,"weblnks":null,"SUBJECTO":null,"BORDERPRECISION":1,"PARTOF":null}},
{"type":"Feature","geometry":{"type":"Polygon","coordinates":[[[88.6658,21.89],[88.6317,21.9167],[88.6039,21.88],[88.6536,21.8589],[88.6658,21.89]]]},"properties":{"NAME":null,"ABBREVN":null,"type":null,"weblnks":null,"SUBJECTO":null,"BORDERPRECISION":1,"PARTOF":null}},
{"type":"Feature","geometry":{"type":"Polygon","coordinates":[[[88.0972,21.9447],[88.0786,21.9104],[88.1119,21.8734],[88.1353,21.9075],[88.0972,21.9447]]]},"properties":{"NAME":null,"ABBREVN":null,"type":null,"weblnks":null,"SUBJECTO":null,"BORDERPRECISION":1,"PARTOF":null}},
{"type":"Feature","geometry":{"type":"Polygon","coordinates":[[[90.3189,21.9058],[90.312,21.8636],[90.355,21.9781],[90.323,21.9203],[90.3189,21.9058]]]},"properties":{"NAME":null,"ABBREVN":null,"type":null,"weblnks":null,"SUBJECTO":null,"BORDERPRECISION":1,"PARTOF":null}},
{"type":"Feature","geometry":{"type":"Polygon","coordinates":[[[-1.2119,45.8069],[-1.1869,45.8317],[-1.1706,45.8875],[-1.22,45.822],[-1.2119,45.8069]]]},"properties":{"NAME":null,"ABBREVN":null,"type":null,"weblnks":null,"SUBJECTO":null,"BORDERPRECISION":1,"PARTOF":null}},
{"type":"Feature","geometry":{"type":"Polygon","coordinates":[[[106.7711,20.8523],[106.8167,20.9161],[106.7872,20.9247],[106.7814,20.9225],[106.7794,20.92],[106.7625,20.8806],[106.7603,20.8744],[106.7711,20.8523]]]},"properties":{"NAME":null,"ABBREVN":null,"type":null,"weblnks":null,"SUBJECTO":null,"BORDERPRECISION":1,"PARTOF":null}},
{"type":"Feature","geometry":{"type":"Polygon","coordinates":[[[107.4719,21.2714],[107.4239,21.1893],[107.5082,21.2385],[107.4719,21.2714]]]},"properties":{"NAME":null,"ABBREVN":null,"type":null,"weblnks":null,"SUBJECTO":null,"BORDERPRECISION":1,"PARTOF":null}},
{"type":"Feature","geometry":{"type":"Polygon","coordinates":[[[107.4428,21.0767],[107.4193,21.1792],[107.3758,21.0831],[107.4428,21.0767]]]},"properties":{"NAME":null,"ABBREVN":null,"type":null,"weblnks":null,"SUBJECTO":null,"BORDERPRECISION":1,"PARTOF":null}},
{"type":"Feature","geometry":{"type":"Polygon","coordinates":[[[119.3294,25.5708],[119.3083,25.5556],[119.2805,25.5096],[119.3304,25.5282],[119.3294,25.5708]]]},"properties":{"NAME":null,"ABBREVN":null,"type":null,"weblnks":null,"SUBJECTO":null,"BORDERPRECISION":1,"PARTOF":null}},
{"type":"Feature","geometry":{"type":"Polygon","coordinates":[[[119.213,26.0625],[119.2764,25.9892],[119.3722,25.9619],[119.4019,25.9964],[119.3294,26.0333],[119.213,26.0625]]]},"properties":{"NAME":null,"ABBREVN":null,"type":null,"weblnks":null,"SUBJECTO":null,"BORDERPRECISION":1,"PARTOF":null}},
{"type":"Feature","geometry":{"type":"Polygon","coordinates":[[[121.2342,28.2017],[121.1936,28.2028],[121.1382,28.1517],[121.1659,28.1249],[121.2342,28.2017]]]},"properties":{"NAME":null,"ABBREVN":null,"type":null,"weblnks":null,"SUBJECTO":null,"BORDERPRECISION":1,"PARTOF":null}},
{"type":"Feature","geometry":{"type":"Polygon","coordinates":[[[131.782,43.05],[131.8392,43.0624],[131.8322,43.0633],[131.782,43.05]]]},"properties":{"NAME":null,"ABBREVN":null,"type":null,"weblnks":null,"SUBJECTO":null,"BORDERPRECISION":1,"PARTOF":null}},
{"type":"Feature","geometry":{"type":"Polygon","coordinates":[[[5.7975,52.5646],[5.6581,52.5876],[5.6113,52.5315],[5.8171,52.5214],[5.7975,52.5646]]]},"properties":{"NAME":null,"ABBREVN":null,"type":null,"weblnks":null,"SUBJECTO":null,"BORDERPRECISION":1,"PARTOF":null}},
{"type":"Feature","geometry":{"type":"Polygon","coordinates":[[[11.7228,57.9903],[11.7422,58.025],[11.7198,58.0423],[11.6844,57.9704],[11.7228,57.9903]]]},"properties":{"NAME":null,"ABBREVN":null,"type":null,"weblnks":null,"SUBJECTO":null,"BORDERPRECISION":1,"PARTOF":null}},
{"type":"Feature","geometry":{"type":"Polygon","coordinates":[[[11.8147,58.1472],[11.8136,58.2136],[11.7367,58.2817],[11.6139,58.2473],[11.8019,58.1779],[11.8147,58.1472]]]},"properties":{"NAME":null,"ABBREVN":null,"type":null,"weblnks":null,"SUBJECTO":null,"BORDERPRECISION":1,"PARTOF":null}},
{"type":"Feature","geometry":{"type":"Polygon","coordinates":[[[6.0267,59.2878],[5.9458,59.285],[6.0203,59.254],[6.0267,59.2878]]]},"properties":{"NAME":null,"ABBREVN":null,"type":null,"weblnks":null,"SUBJECTO":null,"BORDERPRECISION":1,"PARTOF":null}},
{"type":"Feature","geometry":{"type":"Polygon","coordinates":[[[5.1836,59.4119],[5.1766,59.3074],[5.2856,59.3214],[5.1836,59.4119]]]},"properties":{"NAME":null,"ABBREVN":null,"type":null,"weblnks":null,"SUBJECTO":null,"BORDERPRECISION":1,"PARTOF":null}},
{"type":"Feature","geometry":{"type":"Polygon","coordinates":[[[5.9314,60.0747],[6.0225,60.1175],[5.9906,60.1608],[5.9097,60.1242],[5.9314,60.0747]]]},"properties":{"NAME":null,"ABBREVN":null,"type":null,"weblnks":null,"SUBJECTO":null,"BORDERPRECISION":1,"PARTOF":null}},
{"type":"Feature","geometry":{"type":"Polygon","coordinates":[[[5.1044,60.2672],[5.0962,60.2641],[5.1058,60.2568],[5.1044,60.2672]]]},"properties":{"NAME":null,"ABBREVN":null,"type":null,"weblnks":null,"SUBJECTO":null,"BORDERPRECISION":1,"PARTOF":null}},
{"type":"Feature","geometry":{"type":"Polygon","coordinates":[[[5.5511,60.5089],[5.5275,60.4292],[5.6817,60.4728],[5.6936,60.6433],[5.4683,60.5815],[5.5511,60.5089]]]},"properties":{"NAME":null,"ABBREVN":null,"type":null,"weblnks":null,"SUBJECTO":null,"BORDERPRECISION":1,"PARTOF":null}},
{"type":"Feature","geometry":{"type":"Polygon","coordinates":[[[90.4065,22.0248],[90.4443,22.0319],[90.4336,22.0408],[90.4164,22.0369],[90.4065,22.0248]]]},"properties":{"NAME":null,"ABBREVN":null,"type":null,"weblnks":null,"SUBJECTO":null,"BORDERPRECISION":1,"PARTOF":null}},
{"type":"Feature","geometry":{"type":"Polygon","coordinates":[[[90.6122,22.1639],[90.4936,22.0864],[90.5721,22.056],[90.6122,22.1639]]]},"properties":{"NAME":null,"ABBREVN":null,"type":null,"weblnks":null,"SUBJECTO":null,"BORDERPRECISION":1,"PARTOF":null}},
{"type":"Feature","geometry":{"type":"Polygon","coordinates":[[[72.7517,21.6608],[72.688,21.662],[72.6949,21.6038],[72.7283,21.6125],[72.7517,21.6608]]]},"properties":{"NAME":null,"ABBREVN":null,"type":null,"weblnks":null,"SUBJECTO":null,"BORDERPRECISION":1,"PARTOF":null}},
{"type":"Feature","geometry":{"type":"Polygon","coordinates":[[[90.6044,22.4231],[90.5983,22.4353],[90.5992,22.4275],[90.6044,22.4231]]]},"properties":{"NAME":null,"ABBREVN":null,"type":null,"weblnks":null,"SUBJECTO":null,"BORDERPRECISION":1,"PARTOF":null}},
{"type":"Feature","geometry":{"type":"Polygon","coordinates":[[[90.6361,22.3483],[90.6403,22.3083],[90.6495,22.3304],[90.6361,22.3483]]]},"properties":{"NAME":null,"ABBREVN":null,"type":null,"weblnks":null,"SUBJECTO":null,"BORDERPRECISION":1,"PARTOF":null}},
{"type":"Feature","geometry":{"type":"Polygon","coordinates":[[[90.6239,22.1561],[90.6494,22.1348],[90.6505,22.222],[90.6239,22.1561]]]},"properties":{"NAME":null,"ABBREVN":null,"type":null,"weblnks":null,"SUBJECTO":null,"BORDERPRECISION":1,"PARTOF":null}},
{"type":"Feature","geometry":{"type":"Polygon","coordinates":[[[90.4625,22.7611],[90.4873,22.7531],[90.493,22.8731],[90.4655,22.8631],[90.4625,22.7611]]]},"properties":{"NAME":null,"ABBREVN":null,"type":null,"weblnks":null,"SUBJECTO":null,"BORDERPRECISION":1,"PARTOF":null}},
{"type":"Feature","geometry":{"type":"Polygon","coordinates":[[[90.6935,22.8381],[90.6911,22.8469],[90.6845,22.8531],[90.6935,22.8381]]]},"properties":{"NAME":null,"ABBREVN":null,"type":null,"weblnks":null,"SUBJECTO":null,"BORDERPRECISION":1,"PARTOF":null}},
{"type":"Feature","geometry":{"type":"Polygon","coordinates":[[[90.6611,22.9467],[90.5928,23.0297],[90.5875,23.0339],[90.5819,23.0369],[90.5747,23.0397],[90.5661,23.0394],[90.5083,22.9783],[90.5641,22.9795],[90.6197,22.9606],[90.6475,22.9145],[90.6611,22.9467]]]},"properties":{"NAME":null,"ABBREVN":null,"type":null,"weblnks":null,"SUBJECTO":null,"BORDERPRECISION":1,"PARTOF":null}},
{"type":"Feature","geometry":{"type":"Polygon","coordinates":[[[90.4794,23.0103],[90.5097,23.0431],[90.4633,23.0592],[90.4794,23.0103]]]},"properties":{"NAME":null,"ABBREVN":null,"type":null,"weblnks":null,"SUBJECTO":null,"BORDERPRECISION":1,"PARTOF":null}},
{"type":"Feature","geometry":{"type":"Polygon","coordinates":[[[48.1233,29.9602],[48.2118,29.9481],[48.1885,29.9819],[48.1522,29.9919],[48.1233,29.9602]]]},"properties":{"NAME":null,"ABBREVN":null,"type":null,"weblnks":null,"SUBJECTO":null,"BORDERPRECISION":1,"PARTOF":null}},
{"type":"Feature","geometry":{"type":"Polygon","coordinates":[[[48.0108,29.9668],[48.0387,29.9717],[48.11,30.0147],[48.0642,30.0225],[48.0119,29.9856],[48.0108,29.9668]]]},"properties":{"NAME":null,"ABBREVN":null,"type":null,"weblnks":null,"SUBJECTO":null,"BORDERPRECISION":1,"PARTOF":null}},
{"type":"Feature","geometry":{"type":"Polygon","coordinates":[[[48.3556,45.803],[48.3378,45.7972],[48.3352,45.7894],[48.3556,45.803]]]},"properties":{"NAME":null,"ABBREVN":null,"type":null,"weblnks":null,"SUBJECTO":null,"BORDERPRECISION":1,"PARTOF":null}},
{"type":"Feature","geometry":{"type":"Polygon","coordinates":[[[56.4644,27.1072],[56.455,27.1008],[56.4979,27.0906],[56.47,27.1086],[56.4644,27.1072]]]},"properties":{"NAME":null,"ABBREVN":null,"type":null,"weblnks":null,"SUBJECTO":null,"BORDERPRECISION":1,"PARTOF":null}},
{"type":"Feature","geometry":{"type":"Polygon","coordinates":[[[90.5255,23.3336],[90.5167,23.3586],[90.4422,23.3486],[90.5008,23.3064],[90.5255,23.3336]]]},"properties":{"NAME":null,"ABBREVN":null,"type":null,"weblnks":null,"SUBJECTO":null,"BORDERPRECISION":1,"PARTOF":null}},
{"type":"Feature","geometry":{"type":"Polygon","coordinates":[[[82.7847,70.2275],[82.7826,70.1978],[82.9725,70.1311],[83.1128,70.1372],[83.0828,70.2186],[82.8639,70.2517],[82.7847,70.2275]]]},"properties":{"NAME":null,"ABBREVN":null,"type":null,"weblnks":null,"SUBJECTO":null,"BORDERPRECISION":1,"PARTOF":null}},
{"type":"Feature","geometry":{"type":"Polygon","coordinates":[[[83.4792,70.3686],[83.5336,70.3772],[83.6073,70.4323],[83.4395,70.3649],[83.4792,70.3686]]]},"properties":{"NAME":null,"ABBREVN":null,"type":null,"weblnks":null,"SUBJECTO":null,"BORDERPRECISION":1,"PARTOF":null}},
{"type":"Feature","geometry":{"type":"Polygon","coordinates":[[[69.5422,66.7461],[69.7014,66.763],[69.585,66.7683],[69.5422,66.7461]]]},"properties":{"NAME":null,"ABBREVN":null,"type":null,"weblnks":null,"SUBJECTO":null,"BORDERPRECISION":1,"PARTOF":null}},
{"type":"Feature","geometry":{"type":"Polygon","coordinates":[[[69.1383,66.7997],[69.1664,66.7655],[69.2925,66.7611],[69.4939,66.7753],[69.4058,66.8055],[69.2828,66.7869],[69.1383,66.7997]]]},"properties":{"NAME":null,"ABBREVN":null,"type":null,"weblnks":null,"SUBJECTO":null,"BORDERPRECISION":1,"PARTOF":null}},
{"type":"Feature","geometry":{"type":"Polygon","coordinates":[[[69.7892,66.7803],[69.8478,66.7488],[70.0423,66.7274],[69.9536,66.7611],[69.7892,66.7803]]]},"properties":{"NAME":null,"ABBREVN":null,"type":null,"weblnks":null,"SUBJECTO":null,"BORDERPRECISION":1,"PARTOF":null}},
{"type":"Feature","geometry":{"type":"Polygon","coordinates":[[[23.5383,59.9603],[23.3839,59.9258],[23.3708,59.9169],[23.3728,59.9064],[23.4022,59.9008],[23.7233,59.9339],[23.5494,59.9597],[23.5383,59.9603]]]},"properties":{"NAME":null,"ABBREVN":null,"type":null,"weblnks":null,"SUBJECTO":null,"BORDERPRECISION":1,"PARTOF":null}},
{"type":"Feature","geometry":{"type":"Polygon","coordinates":[[[23.0542,59.9586],[22.9616,59.9577],[23.0479,59.8983],[23.0542,59.9586]]]},"properties":{"NAME":null,"ABBREVN":null,"type":null,"weblnks":null,"SUBJECTO":null,"BORDERPRECISION":1,"PARTOF":null}},
{"type":"Feature","geometry":{"type":"Polygon","coordinates":[[[22.4436,60.2133],[22.4196,60.1307],[22.6246,60.2011],[22.4436,60.2133]]]},"properties":{"NAME":null,"ABBREVN":null,"type":null,"weblnks":null,"SUBJECTO":null,"BORDERPRECISION":1,"PARTOF":null}},
{"type":"Feature","geometry":{"type":"Polygon","coordinates":[[[25.5678,60.2502],[25.6589,60.2189],[25.6819,60.2417],[25.6739,60.2505],[25.6047,60.2886],[25.5767,60.2908],[25.5611,60.2658],[25.5678,60.2502]]]},"properties":{"NAME":null,"ABBREVN":null,"type":null,"weblnks":null,"SUBJECTO":null,"BORDERPRECISION":1,"PARTOF":null}},
{"type":"Feature","geometry":{"type":"Polygon","coordinates":[[[22.3411,60.2883],[22.2419,60.3064],[22.104,60.3079],[22.2207,60.2588],[22.3411,60.2883]]]},"properties":{"NAME":null,"ABBREVN":null,"type":null,"weblnks":null,"SUBJECTO":null,"BORDERPRECISION":1,"PARTOF":null}},
{"type":"Feature","geometry":{"type":"Polygon","coordinates":[[[22.3967,60.3511],[22.3153,60.3167],[22.3736,60.2869],[22.4606,60.3094],[22.3967,60.3511]]]},"properties":{"NAME":null,"ABBREVN":null,"type":null,"weblnks":null,"SUBJECTO":null,"BORDERPRECISION":1,"PARTOF":null}},
{"type":"Feature","geometry":{"type":"Polygon","coordinates":[[[21.8075,60.4656],[21.7887,60.402],[21.931,60.3808],[21.8964,60.4444],[21.8075,60.4656]]]},"properties":{"NAME":null,"ABBREVN":null,"type":null,"weblnks":null,"SUBJECTO":null,"BORDERPRECISION":1,"PARTOF":null}},
{"type":"Feature","geometry":{"type":"Polygon","coordinates":[[[21.7367,60.5242],[21.6992,60.4889],[21.6917,60.4503],[21.7575,60.5031],[21.7367,60.5242]]]},"properties":{"NAME":null,"ABBREVN":null,"type":null,"weblnks":null,"SUBJECTO":null,"BORDERPRECISION":1,"PARTOF":null}},
{"type":"Feature","geometry":{"type":"Polygon","coordinates":[[[28.6931,60.2678],[28.7161,60.3033],[28.6083,60.3492],[28.5739,60.3069],[28.6931,60.2678]]]},"properties":{"NAME":null,"ABBREVN":null,"type":null,"weblnks":null,"SUBJECTO":null,"BORDERPRECISION":1,"PARTOF":null}},
{"type":"Feature","geometry":{"type":"Polygon","coordinates":[[[27.6287,61.3834],[27.4179,61.4373],[27.3676,61.369],[27.5879,61.2663],[27.6766,61.3104],[27.6287,61.3834]]]},"properties":{"NAME":null,"ABBREVN":null,"type":null,"weblnks":null,"SUBJECTO":null,"BORDERPRECISION":1,"PARTOF":null}},
{"type":"Feature","geometry":{"type":"Polygon","coordinates":[[[27.7496,61.4014],[27.9137,61.4421],[27.9688,61.5032],[27.7316,61.5475],[27.7005,61.4876],[27.564,61.4564],[27.7496,61.4014]]]},"properties":{"NAME":null,"ABBREVN":null,"type":null,"weblnks":null,"SUBJECTO":null,"BORDERPRECISION":1,"PARTOF":null}},
{"type":"Feature","geometry":{"type":"Polygon","coordinates":[[[28.2861,61.6226],[28.2426,61.5391],[28.2401,61.3942],[28.4945,61.444],[28.4449,61.5157],[28.5364,61.6215],[28.4756,61.7229],[28.2773,61.7097],[28.2861,61.6226]]]},"properties":{"NAME":null,"ABBREVN":null,"type":null,"weblnks":null,"SUBJECTO":null,"BORDERPRECISION":1,"PARTOF":null}},
{"type":"Feature","geometry":{"type":"Polygon","coordinates":[[[29.4033,61.9749],[29.4422,62.0377],[29.3223,62.1296],[29.0191,62.1248],[28.8091,62.0819],[28.7033,62.0819],[28.7141,61.9949],[28.8277,61.9628],[28.9442,61.8731],[28.9897,61.8021],[29.1369,61.7754],[29.2546,61.8075],[29.3418,61.9708],[29.4033,61.9749]]]},"properties":{"NAME":null,"ABBREVN":null,"type":null,"weblnks":null,"SUBJECTO":null,"BORDERPRECISION":1,"PARTOF":null}},
{"type":"Feature","geometry":{"type":"Polygon","coordinates":[[[35.2018,61.8391],[35.2736,61.8703],[35.3471,61.9978],[35.2518,62.0797],[35.1956,61.9879],[35.1604,61.8586],[35.2018,61.8391]]]},"properties":{"NAME":null,"ABBREVN":null,"type":null,"weblnks":null,"SUBJECTO":null,"BORDERPRECISION":1,"PARTOF":null}},
{"type":"Feature","geometry":{"type":"Polygon","coordinates":[[[28.1088,62.7878],[28.0621,62.976],[27.9034,62.9729],[27.842,62.911],[27.8863,62.8344],[28.0716,62.7458],[28.1088,62.7878]]]},"properties":{"NAME":null,"ABBREVN":null,"type":null,"weblnks":null,"SUBJECTO":null,"BORDERPRECISION":1,"PARTOF":null}},
{"type":"Feature","geometry":{"type":"Polygon","coordinates":[[[40.4556,64.5647],[40.4789,64.5728],[40.455,64.6119],[40.4401,64.5662],[40.4556,64.5647]]]},"properties":{"NAME":null,"ABBREVN":null,"type":null,"weblnks":null,"SUBJECTO":null,"BORDERPRECISION":1,"PARTOF":null}},
{"type":"Feature","geometry":{"type":"Polygon","coordinates":[[[40.2855,64.9194],[40.273,64.9519],[40.2297,64.975],[40.2042,64.9815],[40.2855,64.9194]]]},"properties":{"NAME":null,"ABBREVN":null,"type":null,"weblnks":null,"SUBJECTO":null,"BORDERPRECISION":1,"PARTOF":null}},
{"type":"Feature","geometry":{"type":"Polygon","coordinates":[[[67.3356,69.5897],[67.3208,69.5939],[67.3017,69.5953],[67.2878,69.5932],[67.3356,69.5897]]]},"properties":{"NAME":null,"ABBREVN":null,"type":null,"weblnks":null,"SUBJECTO":null,"BORDERPRECISION":1,"PARTOF":null}},
{"type":"Feature","geometry":{"type":"Polygon","coordinates":[[[95.0028,76.1725],[95.1014,76.1533],[95.1855,76.1522],[95.1933,76.174],[95.0028,76.1725]]]},"properties":{"NAME":null,"ABBREVN":null,"type":null,"weblnks":null,"SUBJECTO":null,"BORDERPRECISION":1,"PARTOF":null}},
{"type":"Feature","geometry":{"type":"Polygon","coordinates":[[[95.9786,76.1467],[95.9673,76.1692],[95.838,76.1544],[95.9786,76.1467]]]},"properties":{"NAME":null,"ABBREVN":null,"type":null,"weblnks":null,"SUBJECTO":null,"BORDERPRECISION":1,"PARTOF":null}},
{"type":"Feature","geometry":{"type":"Polygon","coordinates":[[[94.7946,76.1817],[94.8403,76.1794],[94.8498,76.1806],[94.7946,76.1817]]]},"properties":{"NAME":null,"ABBREVN":null,"type":null,"weblnks":null,"SUBJECTO":null,"BORDERPRECISION":1,"PARTOF":null}},
{"type":"Feature","geometry":{"type":"Polygon","coordinates":[[[127.8678,34.9175],[127.9156,34.88],[127.9377,34.9019],[127.8986,34.9331],[127.8678,34.9175]]]},"properties":{"NAME":null,"ABBREVN":null,"type":null,"weblnks":null,"SUBJECTO":null,"BORDERPRECISION":1,"PARTOF":null}},
{"type":"Feature","geometry":{"type":"Polygon","coordinates":[[[128.0858,34.8303],[128.0789,34.8697],[128.0758,34.8739],[128.0658,34.8785],[128.0314,34.9117],[127.9769,34.8642],[127.9733,34.8519],[127.9797,34.8436],[127.99,34.8372],[128.0858,34.8303]]]},"properties":{"NAME":null,"ABBREVN":null,"type":null,"weblnks":null,"SUBJECTO":null,"BORDERPRECISION":1,"PARTOF":null}},
{"type":"Feature","geometry":{"type":"Polygon","coordinates":[[[121.4936,31.675],[121.4586,31.7553],[121.3331,31.8183],[121.2422,31.8178],[121.2178,31.7653],[121.2986,31.6689],[121.4019,31.5983],[121.4916,31.5566],[121.6164,31.6149],[121.4936,31.675]]]},"properties":{"NAME":null,"ABBREVN":null,"type":null,"weblnks":null,"SUBJECTO":null,"BORDERPRECISION":1,"PARTOF":null}},
{"type":"Feature","geometry":{"type":"Polygon","coordinates":[[[119.785,32.133],[119.9005,32.0767],[119.835,32.2503],[119.7505,32.2908],[119.7185,32.246],[119.8196,32.1923],[119.785,32.133]]]},"properties":{"NAME":null,"ABBREVN":null,"type":null,"weblnks":null,"SUBJECTO":null,"BORDERPRECISION":1,"PARTOF":null}},
{"type":"Feature","geometry":{"type":"Polygon","coordinates":[[[121.3819,39.3692],[121.4511,39.44],[121.4181,39.4758],[121.3372,39.4786],[121.2563,39.4002],[121.3819,39.3692]]]},"properties":{"NAME":null,"ABBREVN":null,"type":null,"weblnks":null,"SUBJECTO":null,"BORDERPRECISION":1,"PARTOF":null}},
{"type":"Feature","geometry":{"type":"Polygon","coordinates":[[[126.4211,36.3994],[126.4339,36.4108],[126.4006,36.4748],[126.3982,36.4014],[126.4211,36.3994]]]},"properties":{"NAME":null,"ABBREVN":null,"type":null,"weblnks":null,"SUBJECTO":null,"BORDERPRECISION":1,"PARTOF":null}},
{"type":"Feature","geometry":{"type":"Polygon","coordinates":[[[126.5005,37.7767],[126.4005,37.8189],[126.368,37.7903],[126.3717,37.6298],[126.4189,37.5925],[126.5139,37.5972],[126.5394,37.6278],[126.5005,37.7767]]]},"properties":{"NAME":null,"ABBREVN":null,"type":null,"weblnks":null,"SUBJECTO":null,"BORDERPRECISION":1,"PARTOF":null}},
{"type":"Feature","geometry":{"type":"Polygon","coordinates":[[[113.3482,22.1323],[113.3083,22.1433],[113.2653,22.1086],[113.3149,22.0747],[113.3482,22.1323]]]},"properties":{"NAME":null,"ABBREVN":null,"type":null,"weblnks":null,"SUBJECTO":null,"BORDERPRECISION":1,"PARTOF":null}},
{"type":"Feature","geometry":{"type":"Polygon","coordinates":[[[113.5906,22.6842],[113.5519,22.73],[113.536,22.7041],[113.5906,22.6842]]]},"properties":{"NAME":null,"ABBREVN":null,"type":null,"weblnks":null,"SUBJECTO":null,"BORDERPRECISION":1,"PARTOF":null}},
{"type":"Feature","geometry":{"type":"Polygon","coordinates":[[[113.5986,22.775],[113.5597,22.8258],[113.4922,22.8944],[113.4725,22.9044],[113.4258,22.9083],[113.413,22.9072],[113.3872,22.8975],[113.39,22.8869],[113.4239,22.85],[113.4505,22.8264],[113.5519,22.7556],[113.5986,22.775]]]},"properties":{"NAME":null,"ABBREVN":null,"type":null,"weblnks":null,"SUBJECTO":null,"BORDERPRECISION":1,"PARTOF":null}},
{"type":"Feature","geometry":{"type":"Polygon","coordinates":[[[117.3305,23.6635],[117.4059,23.6905],[117.4671,23.7556],[117.3683,23.76],[117.3305,23.6635]]]},"properties":{"NAME":null,"ABBREVN":null,"type":null,"weblnks":null,"SUBJECTO":null,"BORDERPRECISION":1,"PARTOF":null}},
{"type":"Feature","geometry":{"type":"Polygon","coordinates":[[[118.3378,24.4696],[118.3456,24.4673],[118.3699,24.4965],[118.3378,24.4696]]]},"properties":{"NAME":null,"ABBREVN":null,"type":null,"weblnks":null,"SUBJECTO":null,"BORDERPRECISION":1,"PARTOF":null}},
{"type":"Feature","geometry":{"type":"Polygon","coordinates":[[[118.1008,24.5528],[118.1242,24.5304],[118.183,24.5137],[118.1783,24.5292],[118.1008,24.5528]]]},"properties":{"NAME":null,"ABBREVN":null,"type":null,"weblnks":null,"SUBJECTO":null,"BORDERPRECISION":1,"PARTOF":null}},
{"type":"Feature","geometry":{"type":"Polygon","coordinates":[[[106.9604,53.0782],[106.9625,53.0233],[107.3139,53.068],[107.4378,53.1025],[107.6389,53.2204],[107.7668,53.267],[107.7953,53.393],[107.7444,53.3991],[107.5841,53.2833],[106.995,53.1066],[106.9604,53.0782]]]},"properties":{"NAME":null,"ABBREVN":null,"type":null,"weblnks":null,"SUBJECTO":null,"BORDERPRECISION":1,"PARTOF":null}},
{"type":"Feature","geometry":{"type":"Polygon","coordinates":[[[123.5978,72.7722],[123.1875,72.868],[123.1733,72.805],[123.3722,72.7619],[123.5978,72.7722]]]},"properties":{"NAME":null,"ABBREVN":null,"type":null,"weblnks":null,"SUBJECTO":null,"BORDERPRECISION":1,"PARTOF":null}},
{"type":"Feature","geometry":{"type":"Polygon","coordinates":[[[126.3025,72.5011],[126.78,72.5527],[127.3135,72.7139],[128.1706,72.8965],[128.5249,72.9523],[128.4989,73.1259],[128.3148,73.2075],[127.7196,73.4015],[127.0968,73.4163],[126.6378,73.3915],[126.6005,73.2575],[126.7667,73.1678],[126.7719,73.0764],[126.6653,72.9955],[126.3619,72.9175],[126.3469,72.8605],[126.45,72.7855],[126.3425,72.6914],[126.3025,72.5011]]]},"properties":{"NAME":null,"ABBREVN":null,"type":null,"weblnks":null,"SUBJECTO":null,"BORDERPRECISION":1,"PARTOF":null}},
{"type":"Feature","geometry":{"type":"Polygon","coordinates":[[[125.5722,73.4019],[125.5209,73.4626],[125.3346,73.5241],[124.8177,73.6582],[124.4567,73.7053],[124.2222,73.6969],[123.4099,73.4808],[123.5148,73.172],[123.3194,73.0425],[123.3158,72.9733],[123.1872,72.888],[123.6703,72.7975],[123.9091,72.7922],[124.1211,72.7619],[124.3244,72.688],[124.4733,72.6658],[124.765,72.6708],[124.9005,72.5983],[125.2425,72.5347],[125.2594,72.523],[125.2814,72.4933],[125.2944,72.4814],[125.323,72.4708],[125.3433,72.4658],[125.3678,72.4611],[125.4828,72.4464],[125.7242,72.3653],[125.9794,72.3441],[126.1323,72.3008],[126.2164,72.3823],[126.3385,72.4192],[126.248,72.5317],[126.2931,72.6658],[126.3817,72.7989],[126.2867,72.8555],[126.33,72.9269],[126.5825,72.9919],[126.715,73.0905],[126.5561,73.235],[126.5894,73.3042],[126.4736,73.3837],[125.5722,73.4019]]]},"properties":{"NAME":null,"ABBREVN":null,"type":null,"weblnks":null,"SUBJECTO":null,"BORDERPRECISION":1,"PARTOF":null}},
{"type":"Feature","geometry":{"type":"Polygon","coordinates":[[[161.5153,68.9872],[161.4203,69.0608],[161.4069,69.0753],[161.3861,69.1025],[161.3214,69.2344],[161.1224,69.1468],[161.1344,69.0897],[161.288,69.0589],[161.3561,69.0394],[161.3994,69.0255],[161.4697,68.9878],[161.5153,68.9872]]]},"properties":{"NAME":null,"ABBREVN":null,"type":null,"weblnks":null,"SUBJECTO":null,"BORDERPRECISION":1,"PARTOF":null}},
{"type":"Feature","geometry":{"type":"Polygon","coordinates":[[[5.1297,60.6158],[4.9804,60.6892],[5.0715,60.5958],[5.1297,60.6158]]]},"properties":{"NAME":null,"ABBREVN":null,"type":null,"weblnks":null,"SUBJECTO":null,"BORDERPRECISION":1,"PARTOF":null}},
{"type":"Feature","geometry":{"type":"Polygon","coordinates":[[[17.5144,62.4144],[17.4722,62.4583],[17.3672,62.4717],[17.3927,62.4206],[17.5144,62.4144]]]},"properties":{"NAME":null,"ABBREVN":null,"type":null,"weblnks":null,"SUBJECTO":null,"BORDERPRECISION":1,"PARTOF":null}},
{"type":"Feature","geometry":{"type":"Polygon","coordinates":[[[8.4445,63.1598],[8.5761,63.1894],[8.5245,63.2339],[8.4445,63.1598]]]},"properties":{"NAME":null,"ABBREVN":null,"type":null,"weblnks":null,"SUBJECTO":null,"BORDERPRECISION":1,"PARTOF":null}},
{"type":"Feature","geometry":{"type":"Polygon","coordinates":[[[8.6711,63.3372],[8.6059,63.3251],[8.6461,63.3278],[8.6656,63.3325],[8.6711,63.3372]]]},"properties":{"NAME":null,"ABBREVN":null,"type":null,"weblnks":null,"SUBJECTO":null,"BORDERPRECISION":1,"PARTOF":null}},
{"type":"Feature","geometry":{"type":"Polygon","coordinates":[[[11.0547,63.7978],[11.07,63.7636],[11.2072,63.8142],[11.0547,63.7978]]]},"properties":{"NAME":null,"ABBREVN":null,"type":null,"weblnks":null,"SUBJECTO":null,"BORDERPRECISION":1,"PARTOF":null}},
{"type":"Feature","geometry":{"type":"Polygon","coordinates":[[[12.3008,65.0919],[12.1121,65.1299],[12.1297,65.0503],[12.3008,65.0919]]]},"properties":{"NAME":null,"ABBREVN":null,"type":null,"weblnks":null,"SUBJECTO":null,"BORDERPRECISION":1,"PARTOF":null}},
{"type":"Feature","geometry":{"type":"Polygon","coordinates":[[[12.4956,65.3846],[12.3743,65.5191],[12.2841,65.4349],[12.4956,65.3846]]]},"properties":{"NAME":null,"ABBREVN":null,"type":null,"weblnks":null,"SUBJECTO":null,"BORDERPRECISION":1,"PARTOF":null}},
{"type":"Feature","geometry":{"type":"Polygon","coordinates":[[[14.2194,67.0359],[14.1568,67.0126],[14.2081,67.0072],[14.2194,67.0359]]]},"properties":{"NAME":null,"ABBREVN":null,"type":null,"weblnks":null,"SUBJECTO":null,"BORDERPRECISION":1,"PARTOF":null}},
{"type":"Feature","geometry":{"type":"Polygon","coordinates":[[[15.9228,67.9908],[15.8956,68.0034],[15.8818,67.9773],[15.9228,67.9908]]]},"properties":{"NAME":null,"ABBREVN":null,"type":null,"weblnks":null,"SUBJECTO":null,"BORDERPRECISION":1,"PARTOF":null}},
{"type":"Feature","geometry":{"type":"Polygon","coordinates":[[[48.9079,54.5481],[49.1922,54.5283],[50.0924,54.6211],[54.1469,55.1676],[56.4276,56.414],[57.1245,58.1932],[56.6177,59.6322],[55.4773,59.5039],[54.2736,58.1598],[50.2824,57.1773],[47.6686,55.9521],[47.5421,54.8388],[48.442,54.6078],[48.5515,54.6522],[48.7451,54.675],[48.8082,54.7329],[48.8638,54.8708],[48.8595,55.0116],[49.1595,55.1631],[49.1723,55.2927],[49.0477,55.4428],[49.1195,55.4759],[49.2335,55.3379],[49.3033,55.3234],[49.3713,55.4648],[49.4549,55.4036],[49.7883,55.3835],[49.9999,55.415],[50.0896,55.4628],[50.3791,55.4305],[50.4814,55.46],[50.6752,55.4506],[50.8339,55.4795],[51.1258,55.5011],[51.255,55.5262],[51.3311,55.4989],[51.4691,55.5113],[51.4666,55.5898],[51.398,55.6849],[51.4608,55.701],[51.5215,55.6323],[51.635,55.6459],[51.7635,55.7205],[51.7145,55.5928],[51.5502,55.5584],[51.5237,55.503],[51.4104,55.441],[51.2059,55.4887],[51.2188,55.4001],[51.1843,55.3574],[51.0711,55.415],[50.8771,55.4521],[50.7345,55.4071],[49.892,55.2937],[49.6925,55.1907],[49.4607,55.1141],[49.3961,55.0161],[49.2244,55.0233],[49.0085,54.9701],[48.9398,54.9017],[48.9693,54.8281],[49.0979,54.8005],[48.9863,54.7276],[48.9731,54.6412],[48.9079,54.5481]]]},"properties":{"NAME":"Volga-Kamm","ABBREVN":"Volga-Kamm","type":null,"weblnks":null,"SUBJECTO":"Volga-Kamm","BORDERPRECISION":1,"PARTOF":"Volga-Kamm"}},
{"type":"Feature","geometry":{"type":"Polygon","coordinates":[[[56.42,73.1061],[56.5085,73.1739],[56.1598,73.2541],[55.8091,73.3069],[55.1807,73.2665],[54.7362,73.2577],[54.1441,73.1457],[53.5023,73.1366],[53.155,72.9506],[53.3919,72.9314],[53.3244,72.8739],[53.0797,72.9065],[52.6111,72.74],[53.0529,72.6306],[53.1978,72.6309],[53.0885,72.4735],[52.584,72.1277],[52.3511,72.0413],[52.0583,72.0486],[51.9149,72.0952],[51.7605,72.0793],[51.5851,71.9852],[51.4821,71.8447],[51.5335,71.6579],[51.8149,71.4798],[52.2217,71.4911],[52.4019,71.5197],[52.5119,71.593],[53.2174,71.5154],[54.3535,71.198],[54.3207,71.0898],[53.7362,70.9325],[53.7262,70.7932],[53.8311,70.8091],[54.0505,70.7405],[54.1678,70.7304],[54.6789,70.76],[54.8038,70.6637],[54.8978,70.6508],[55.1421,70.5557],[55.2928,70.6038],[55.2302,70.661],[55.4134,70.7496],[55.5929,70.6991],[56.0586,70.731],[57.2378,70.691],[57.2507,70.8178],[57.0561,70.8622],[56.6383,71.0175],[56.228,71.1941],[56.0769,71.275],[56.0339,71.3439],[55.8047,71.528],[55.7097,71.5761],[55.5611,71.7233],[55.5108,71.8892],[55.3225,71.9486],[55.403,72.028],[55.3833,72.1022],[55.52,72.1625],[55.4858,72.3817],[55.6227,72.6511],[55.8115,72.7484],[56.0176,72.7739],[56.2161,72.8317],[56.2622,72.9608],[56.4446,73.0542],[56.42,73.1061]]]},"properties":{"NAME":null,"ABBREVN":null,"type":null,"weblnks":null,"SUBJECTO":null,"BORDERPRECISION":1,"PARTOF":null}},
{"type":"Feature","geometry":{"type":"Polygon","coordinates":[[[68.0917,76.2747],[68.3983,76.3642],[68.7578,76.5023],[68.8978,76.6959],[68.8672,76.7664],[68.6683,76.8678],[68.4567,76.9268],[67.5723,76.8912],[66.4423,76.8296],[66.2733,76.7615],[65.9261,76.5074],[65.0873,76.4552],[64.3914,76.3764],[64.1566,76.3183],[63.6733,76.3263],[63.025,76.215],[62.5933,76.1648],[61.7822,76.2837],[61.4255,76.2297],[61.3026,76.2379],[60.949,75.961],[60.6167,75.8936],[60.043,75.9175],[59.4559,75.8664],[59.0176,75.7989],[58.5585,75.6816],[58.1701,75.5316],[57.7287,75.291],[57.3273,75.2985],[57.2261,75.3313],[56.995,75.2731],[56.3026,74.8706],[56.652,74.6934],[56.2688,74.612],[55.9645,74.6034],[56.0083,74.5417],[56.2708,74.4778],[55.6572,74.4472],[55.6185,74.4175],[55.9456,74.2654],[55.8852,74.1048],[55.1879,74.1035],[54.8936,74.0629],[54.0176,73.7336],[54.2834,73.6101],[54.485,73.693],[54.8553,73.7278],[55.1761,73.7061],[54.8217,73.6589],[54.3769,73.5667],[54.6636,73.472],[54.9936,73.5362],[55.7574,73.5774],[56.265,73.5147],[56.9604,73.3571],[57.219,73.4464],[57.3511,73.5497],[57.6123,73.6542],[57.5803,73.7039],[57.3558,73.8169],[57.5086,73.8164],[57.7102,73.713],[57.8228,73.7806],[57.7994,73.9243],[57.4047,74.0516],[57.5251,74.1134],[57.4133,74.1769],[57.6712,74.1883],[58.208,74.1417],[58.4403,74.1778],[58.7318,74.2861],[58.6139,74.4278],[58.6564,74.6084],[58.8506,74.6894],[59.7716,74.6588],[59.9375,74.718],[60.1651,74.7352],[60.6234,74.9353],[60.3337,75.0326],[60.4633,75.1561],[60.887,75.2475],[61.688,75.3398],[62.0267,75.4439],[62.2819,75.4405],[62.5178,75.498],[62.7431,75.5183],[63.03,75.5878],[63.2525,75.5818],[63.7991,75.6566],[64.115,75.7175],[64.373,75.733],[65.213,75.8461],[65.7433,75.9236],[66.2064,75.9653],[66.6578,76.0514],[67.0347,76.0842],[67.4567,76.183],[68.0917,76.2747]]]},"properties":{"NAME":null,"ABBREVN":null,"type":null,"weblnks":null,"SUBJECTO":null,"BORDERPRECISION":1,"PARTOF":null}},
{"type":"Feature","geometry":{"type":"MultiPolygon","coordinates":[[[[15.0919,37.3497],[15.0914,37.49],[15.1344,37.5312],[15.2197,37.7644],[15.2923,37.8529],[15.4225,38.0526],[15.4729,38.1101],[15.4537,38.1674],[15.3867,38.2055],[14.7659,38.0576],[14.1345,37.9735],[13.8095,37.9664],[13.7114,37.9767],[13.3825,38.1075],[13.3569,38.1883],[13.3179,38.2178],[13.066,38.0669],[12.9556,38.0328],[12.8758,38.0303],[12.7682,38.1119],[12.6643,38.0725],[12.5166,37.9192],[12.4541,37.766],[12.5239,37.6521],[12.6369,37.5815],[12.7324,37.5671],[12.9206,37.5736],[13.0858,37.493],[13.1492,37.493],[13.259,37.4186],[13.8684,37.157],[14.0187,37.1104],[14.0939,37.1108],[14.2458,37.0622],[14.3736,36.9664],[14.4118,36.9176],[14.622,36.7761],[14.9424,36.7386],[15.0273,36.7451],[15.2206,37.0004],[15.3013,37.0579],[15.2039,37.1575],[15.1162,37.2869],[15.0919,37.3497]]],[[[13.6958,41.2541],[13.8372,41.1525],[13.9944,40.9561],[14.0739,40.8219],[14.1457,40.8104],[14.24,40.8529],[14.3703,40.8515],[14.4946,40.73],[14.3341,40.5936],[14.7433,40.7048],[14.951,40.5515],[14.9928,40.3922],[14.9272,40.2711],[14.9419,40.2342],[15.1175,40.1714],[15.2033,40.1151],[15.4222,39.9944],[15.4231,39.995],[15.4586,40.0286],[15.5042,40.0678],[15.6662,40.0919],[15.757,39.9336],[15.8247,39.6606],[15.9778,39.455],[16.0344,39.345],[16.0642,39.1292],[16.1011,39.0194],[16.1486,38.9557],[16.2225,38.9108],[16.2122,38.778],[16.1522,38.7013],[16.0438,38.7236],[15.9434,38.7027],[15.8275,38.6229],[15.9335,38.5399],[15.8208,38.3097],[15.7417,38.2586],[15.6306,38.2322],[15.6453,38.063],[15.6372,37.9968],[15.7758,37.9169],[16.0529,37.9312],[16.1399,38.0532],[16.1656,38.1392],[16.2819,38.2523],[16.3307,38.3207],[16.572,38.4571],[16.5222,38.725],[16.6133,38.8273],[16.7977,38.9259],[16.9783,38.9386],[17.0947,38.915],[17.1685,39.007],[17.1161,39.1025],[17.1074,39.2805],[17.1426,39.3998],[17.0342,39.4661],[16.7068,39.6189],[16.5431,39.6503],[16.4906,39.7492],[16.4981,39.8208],[16.5633,39.898],[16.6114,39.9911],[16.6044,40.0899],[16.7071,40.1681],[16.7386,40.2086],[16.7856,40.3042],[16.9487,40.4811],[17.0841,40.5251],[17.3103,40.4983],[17.2074,40.406],[17.3928,40.3306],[17.5042,40.2981],[17.5094,40.2969],[17.6789,40.3039],[17.8553,40.2853],[17.9064,40.255],[18.0156,40.0942],[18.0112,39.9738],[18.0435,39.9341],[18.2239,39.8338],[18.3908,39.8144],[18.4178,39.9922],[18.5149,40.1061],[18.3836,40.3078],[18.0599,40.5135],[18.0305,40.5982],[17.7055,40.7495],[17.4719,40.83],[17.3735,40.904],[16.946,41.0938],[16.4203,41.2787],[15.991,41.4061],[15.8733,41.5021],[15.8953,41.6103],[16.165,41.7578],[16.1874,41.8409],[16.0128,41.9043],[15.4486,41.8567],[14.9224,41.9718],[14.7385,42.0472],[14.7153,42.1438],[14.5193,42.2297],[14.4606,42.2931],[14.2331,42.4584],[13.7642,41.8493],[13.6958,41.2541]]]]},"properties":{"NAME":"Stentinello culture","ABBREVN":"Stentinello culture","type":"culture","weblnks":null,"SUBJECTO":"Stentinello culture","BORDERPRECISION":1,"PARTOF":"Stentinello culture"}},
{"type":"Feature","geometry":{"type":"Polygon","coordinates":[[[30.0756,57.9517],[32.2765,56.9811],[34.4142,56.0424],[37.3372,56.7904],[38.5587,57.7574],[39.0386,57.9199],[40.042,57.383],[43.4885,57.2653],[42.1797,59.3502],[39.7366,60.9565],[38.8887,61.2374],[38.8365,61.2066],[38.6632,61.2165],[38.6494,61.3166],[37.3372,61.7512],[36.3846,61.2314],[36.3639,61.1597],[36.2793,61.1138],[36.0987,61.0626],[35.8803,60.9478],[35.9099,60.9025],[35.7597,60.8905],[35.374,60.68],[34.4142,60.9354],[32.8325,60.7277],[32.9443,60.6426],[32.8414,60.497],[32.5999,60.5335],[32.6767,60.3924],[32.5949,60.3546],[32.6123,60.2454],[32.5004,60.1765],[32.3615,60.1481],[32.0571,60.2265],[31.8433,60.2479],[31.6994,60.2356],[31.5989,60.1696],[31.5482,60.0719],[31.5672,59.9666],[31.5098,59.9204],[31.4014,59.9113],[31.2744,59.9376],[31.1014,59.9295],[30.5064,59.6994],[30.1735,58.273],[30.0756,57.9517]],[[31.2983,58.4766],[31.3743,58.4292],[31.5107,58.3889],[31.6371,58.388],[31.6883,58.2023],[31.531,58.2302],[31.4465,58.2059],[31.394,58.142],[30.8762,58.2141],[30.857,58.2391],[31.0194,58.3197],[31.1702,58.3595],[31.2983,58.4766]],[[37.7678,58.6176],[37.9949,58.5504],[38.0739,58.5419],[38.0955,58.6345],[37.9877,58.6722],[38.0239,58.7459],[37.9959,58.8617],[37.9176,58.8583],[37.7772,58.9262],[37.6424,58.9189],[37.5014,58.8448],[37.4991,58.9442],[37.6732,59.0252],[37.6956,59.064],[37.6449,59.1568],[37.8429,59.1553],[37.9873,59.1768],[38.0272,59.1281],[38.1797,59.1133],[38.1829,59.2031],[38.294,59.1613],[38.3315,59.0926],[38.2395,59.0627],[37.9102,59.1027],[37.8577,59.0751],[38.1194,58.9546],[38.4273,58.747],[38.7528,58.5469],[38.9893,58.4956],[38.9703,58.4408],[39.0053,58.3581],[38.8709,58.3311],[38.8121,58.2507],[38.8188,58.1348],[38.6917,58.207],[38.681,58.1082],[38.3831,58.1219],[38.4369,58.0356],[38.2592,58.0709],[38.251,58.1987],[38.2205,58.2373],[37.944,58.3009],[37.8972,58.2918],[37.5071,58.5354],[37.4169,58.6131],[37.3168,58.6574],[37.1553,58.695],[37.1508,58.8487],[37.3079,58.76],[37.4229,58.7266],[37.4104,58.67],[37.5377,58.6127],[37.5646,58.5528],[37.7678,58.6176]],[[37.737,60.3294],[37.8984,60.3008],[37.9812,60.2392],[38.0042,60.1606],[37.9684,60.0857],[37.715,60.0774],[37.469,60.0878],[37.2799,60.1312],[37.2311,60.1857],[37.3999,60.2889],[37.5422,60.3187],[37.737,60.3294]],[[39.0535,59.8685],[39.3484,59.7655],[39.4537,59.7114],[39.7071,59.6338],[39.7981,59.5252],[39.7344,59.4798],[39.5525,59.5459],[39.4021,59.6243],[39.0525,59.8387],[39.0535,59.8685]],[[39.0852,60.7182],[39.1727,60.6797],[39.1876,60.4961],[39.0957,60.3945],[39.0278,60.4108],[39.0545,60.5229],[38.9585,60.5946],[38.8443,60.7343],[38.9377,60.7671],[39.0852,60.7182]]]},"properties":{"NAME":"Early combware","ABBREVN":"Early combware","type":"culture","weblnks":null,"SUBJECTO":"Early combware","BORDERPRECISION":1,"PARTOF":"Early combware"}},
{"type":"Feature","geometry":{"type":"Polygon","coordinates":[[[5.9167,59.4431],[6.2433,59.2844],[6.1172,58.9786],[5.9419,58.9294],[5.9731,58.4136],[7.6206,58.0183],[13.1549,59.3529],[17.5095,62.2289],[17.6856,62.4903],[18.1453,62.8111],[18.8101,63.2404],[19.4756,63.5597],[20.9963,64.1633],[21.8531,65.6544],[24.1444,65.8017],[25.1969,65.5589],[24.3433,64.5236],[21.6703,63.0178],[21.5033,61.5731],[22.4836,60.3919],[23.0173,60.1012],[23.0869,59.8792],[24.9589,60.1367],[25.7448,60.3102],[26.4792,60.4311],[27.2231,60.5819],[28.6217,60.6214],[28.7394,60.3414],[30.4358,60.9027],[30.8959,61.7544],[35.4994,60.9698],[35.6146,61.0761],[33.9775,62.408],[34.8405,62.3101],[34.6211,62.7124],[36.1591,61.5715],[26.9874,51.8791],[1.5772,50.5281],[0.4514,49.4611],[-1.5242,49.6528],[-1.5854,48.6395],[-2.4942,48.6112],[-4.5889,48.5643],[-4.5911,48.0169],[-2.6872,47.5942],[-2.4336,47.2625],[-2.0338,46.7766],[-1.2233,45.7006],[-0.9706,45.4664],[-1.0542,44.66],[-2.5072,43.3767],[-5.6419,43.5453],[-8.5365,43.3424],[-8.6497,42.2958],[-8.6931,40.815],[-9.3375,39.2708],[-8.9558,38.8409],[-8.8367,38.02],[-8.1042,37.0717],[-0.8559,37.7257],[19.3908,40.5808],[20.4669,39.2758],[22.6023,40.3972],[23.7222,40.3482],[24.3543,40.971],[26.0447,40.7358],[26.2672,40.2164],[27.8528,40.9786],[28.5292,41.0803],[27.9647,41.8647],[28.7558,44.618],[29.1117,44.9647],[29.6847,45.7633],[31.9183,46.9192],[32.2483,46.6017],[32.2766,46.4686],[33.7689,45.933],[33.62,44.9314],[36.3232,45.4397],[34.8937,45.6706],[34.1183,45.9786],[34.9068,46.273],[38.9436,47.2453],[38.3025,46.6772],[38.0705,45.9536],[38.103,44.4999],[41.775,41.8217],[38.1161,40.9555],[32.7728,41.858],[29.5917,40.7756],[29.0524,40.3347],[27.3053,40.3864],[26.1186,39.455],[26.8489,39.1272],[26.762,38.612],[26.5469,38.1153],[27.3567,37.3703],[28.2,36.9758],[28.0272,36.5944],[28.6197,36.77],[30.1436,36.288],[30.9708,36.8556],[33.2872,36.1244],[34.7294,36.8133],[34.4558,31.5497],[27.7248,31.1908],[20.0306,31.3778],[16.3184,31.1653],[10.7397,33.4733],[11.0594,35.1628],[10.8838,36.6248],[9.9289,37.1938],[7.2558,36.9911],[4.3946,36.8382],[-0.5211,35.7767],[-2.8719,35.1389],[-6.3277,34.8116],[-9.8173,30.8824],[46.2858,2.7139],[49.2194,6.7583],[50.5183,8.9722],[51.1672,11.5789],[47.7352,11.1114],[44.5472,10.4103],[42.5444,11.5803],[42.3489,13.3503],[41.6608,13.9804],[39.7211,15.0842],[38.6119,17.9614],[37.3083,19.376],[36.4656,22.3183],[35.5367,23.9858],[32.6032,29.8358],[34.69,29.1356],[35.3942,27.7742],[37.0806,25.4317],[38.0808,24.0681],[39.1444,21.5344],[41.1547,19.0043],[43.4836,12.93],[45.2917,13.0372],[47.6456,13.8733],[49.6224,14.7397],[54.6511,17.025],[56.6458,18.5844],[58.0472,20.4647],[59.2588,21.4774],[56.3567,25.0692],[56.2973,26.1597],[51.2775,24.3061],[51.4746,24.7615],[51.5345,25.7558],[49.9953,26.5974],[48.855,27.5227],[48.5536,29.9946],[49.5008,30.0878],[50.9289,29.0133],[51.7222,27.8328],[53.3958,26.9994],[55.4249,26.9631],[57.0742,26.4536],[58.0122,25.6153],[59.4505,25.4778],[60.5547,25.4406],[61.6883,25.1994],[62.3175,25.1717],[63.7097,25.3844],[64.6786,25.2003],[65.788,25.3814],[66.7392,25.1608],[67.226,24.4915],[68.01,23.937],[68.3214,23.5808],[70.3342,22.9367],[69.4922,22.2488],[70.9661,20.7028],[72.0714,21.8311],[72.3758,22.2992],[72.7572,22.1706],[73.0619,21.7411],[72.8452,19.326],[73.4093,16.5585],[80.1111,15.3522],[81.012,15.7742],[82.2983,17.0267],[84.7483,19.0792],[85.245,19.6445],[86.1964,20.075],[87.1169,21.5114],[87.9328,22.4208],[88.2991,21.5589],[88.6241,22.0617],[88.8494,21.625],[89.1564,21.7839],[89.4964,22.2508],[89.8696,22.133],[90.3867,22.2092],[90.5961,23.1106],[90.5986,23.4903],[90.748,22.8606],[91.8392,22.1158],[92.2978,20.7644],[92.6998,20.5988],[93.078,20.1964],[93.5438,19.9252],[93.9925,19.4517],[94.4883,18.0711],[94.5086,16.1819],[94.9464,16.1964],[95.103,16.0372],[95.365,15.9892],[96.2419,16.8037],[97.4017,16.5192],[97.7797,15.4267],[98.4038,13.5211],[98.663,11.9164],[98.6275,10.8461],[98.3861,9.3239],[98.6461,8.2747],[99.7344,7.1303],[100.3555,5.9639],[100.8647,4.0314],[101.065,3.5547],[101.4572,2.7364],[103.3169,1.5656],[103.9697,1.6431],[100.4158,7.1678],[100.0093,8.4901],[100.8436,13.4722],[101.7228,12.7061],[102.3342,12.3058],[102.9697,11.7329],[103.0947,10.9378],[103.8305,10.55],[104.983,10.1058],[104.9214,8.7406],[105.8844,9.9358],[106.1655,10.2072],[106.4664,10.0556],[106.7569,10.6372],[107.0111,10.5336],[108.4469,11.0613],[108.1392,16.1192],[106.1008,19.97],[106.8105,20.9608],[107.37,21.0222],[108.1347,21.56],[108.8028,21.6403],[109.1511,21.5281],[109.9241,21.4742],[110.0517,20.2956],[110.7042,21.3958],[111.7153,21.7431],[112.6711,21.8497],[113.3033,22.1786],[113.4213,22.9288],[113.7578,22.7481],[114.8772,22.5781],[116.5328,23.3572],[117.2705,23.7353],[118.7028,24.8044],[118.8678,25.2228],[119.4289,26.5908],[120.0339,26.8997],[120.7888,28.0072],[121.5017,29.1058],[119.9437,30.1162],[120.9783,31.7514],[119.9011,31.9819],[120.0233,31.9781],[121.4742,31.8172],[120.3017,36.2684],[121.598,36.8455],[120.0339,37.4253],[118.2364,39.1078],[121.3647,40.9319],[121.4609,39.7354],[121.6819,39.13],[123.5523,39.7692],[124.6491,39.6692],[125.4219,39.308],[125.3175,38.6505],[125.1853,38.0464],[125.383,37.7105],[126.1405,37.733],[126.6219,37.4814],[126.7863,37.0739],[126.4136,36.9333],[126.3547,36.7403],[126.8011,35.8617],[126.4314,35.0233],[126.6597,34.8128],[126.8,34.4919],[128.2089,34.9119],[127.5069,39.7247],[130.7475,42.5867],[132.1875,43.2094],[133.0008,42.7222],[138.6114,47.0833],[140.8005,53.1225],[138.5142,53.7686],[136.3363,55.512],[142.2194,59.0997],[144.5916,59.3719],[145.8947,59.3467],[146.9925,59.3736],[147.8175,59.3117],[148.8858,59.5408],[150.6741,59.5739],[150.9283,59.5039],[152.0453,59.1528],[152.4697,58.9992],[154.0158,59.0467],[154.8005,60.2722],[157.5589,61.8069],[159.6241,61.6961],[160.1036,61.0378],[161.3627,61.1097],[162.6342,61.6792],[165.0614,62.5097],[165.0548,62.2595],[163.6342,60.8772],[156.7775,57.1853],[155.9558,53.6786],[156.4475,52.1383],[158.4317,52.7131],[159.3844,53.1536],[161.2086,54.5697],[162.0314,56.0558],[163.0797,56.485],[162.2037,57.6794],[163.2414,59.2962],[164.4686,60.1114],[165.4977,60.2114],[167.178,60.3533],[169.5877,60.4464],[171.158,60.5504],[172.0175,61.09],[172.7169,61.4244],[174.0486,61.7747],[176.0369,62.2739],[177.3522,62.8092],[179.1858,62.5005],[175.8164,64.7811],[176.8854,64.8414],[176.86,65.08],[178.6808,64.6342],[180,68.9199],[170.1805,69.6772],[170.4544,68.8303],[161.4505,69.15],[161.3402,68.8955],[151.48,71.0858],[148.7109,71.6294],[149.3112,72.0083],[144.9508,71.9275],[144.6536,72.1933],[141.0219,72.6744],[140.0633,72.1342],[138.4669,71.5339],[137.9544,71.1386],[131.8366,71.198],[127.2575,71.8464],[126.7994,72.0194],[125.1375,72.5319],[122.4975,72.8433],[114.0189,73.3361],[114.023,72.6153],[113.3416,73.3596],[110.8764,73.735],[106.2655,73.3178],[108.4914,73.7703],[109.9911,74.365],[111.3867,74.6847],[113.165,75.6378],[113.0331,75.7417],[112.6047,76.1925],[106.5494,76.5822],[105.0625,77.5685],[101.788,76.428],[99.5719,75.7728],[100.2056,75.1922],[99.747,76.0497],[94.8311,76.1444],[93.1001,75.8177],[87.0375,74.7983],[85.8694,73.4864],[86.2531,73.21],[84.2835,73.7048],[82.3206,72.2223],[83.4925,70.8894],[82.6755,70.8421],[78.1938,72],[79.0964,71.0147],[75.3614,71.9589],[73.5914,71.7069],[73.7558,69.5634],[76.5205,69.1278],[77.7408,68.6639],[78.5747,67.6258],[78.4779,67.4785],[73.6902,66.8651],[69.6189,66.7886],[71.5158,66.7597],[72.8099,67.6293],[72.4997,70.33],[72.7464,72.6253],[67.0597,70.8181],[67.1011,69.6853],[68.4597,68.978],[67.6455,68.4481],[60.986,69.0026],[58.3864,68.7769],[53.5536,68.3569],[52.2489,68.3069],[46.9726,66.7785],[45.7342,67.7653],[43.8087,67.1854],[44.3625,66.5028],[43.2414,66.2509],[40.5319,64.553],[36.9455,64.5455],[35.9786,64.1983],[32.8622,66.5839],[32.4197,67.1383],[34.1575,66.67],[36.7153,66.2875],[40.7242,66.54],[33.3156,69.0713],[32.8953,69.303],[31.9647,69.8125],[30.1889,69.6925],[28.6978,70.1622],[29.6761,70.6172],[27.8908,70.4449],[27.21,70.6061],[26.6187,70.6992],[25.0572,70.084],[25.2614,70.8142],[23.5084,70.2791],[22.3061,70.0475],[21.9175,69.8111],[20.0236,69.3061],[18.6794,69.26],[17.7678,68.7547],[17.0633,68.4864],[17.3244,68.4003],[16.5931,68.2428],[16.0711,68.0447],[15.6192,67.5111],[14.8106,67.3939],[15.5339,67.2008],[14.9297,67.1725],[14.5461,67.0389],[13.4144,66.5542],[13.7264,66.2567],[12.5712,65.7339],[12.6486,65.2644],[12.1906,64.9339],[11.3447,64.3892],[10.1614,63.9369],[10.2592,63.5575],[11.0925,63.9783],[11.4625,63.8044],[10.7769,63.5319],[10.2575,63.3372],[9.4083,63.3725],[8.9383,63.2067],[8.4969,62.8461],[8.5372,62.7236],[7.7317,62.9361],[7.6136,62.7944],[7.4086,62.6172],[6.4589,62.5303],[7.2769,62.2892],[7.0031,62.0855],[6.3883,62.345],[6.275,62.085],[5.4711,62.035],[5.8919,61.9089],[6.5939,61.8686],[4.9672,61.633],[5.7178,61.4939],[4.9533,61.2586],[6.4983,61.1303],[7.3283,61.3758],[7.1675,60.9117],[5.2706,61.0325],[5.5306,60.8697],[5.0867,60.7297],[5.39,60.4778],[5.5442,60.1506],[6.5911,60.4544],[6.5339,60.1658],[5.8981,59.9497],[5.5278,59.6297],[5.588,59.3724],[5.9167,59.4431]],[[15.2626,63.961],[15.419,63.9588],[15.3164,64.0312],[15.3192,64.1101],[15.1254,64.2453],[15.0367,64.2846],[14.3277,64.3884],[14.192,64.4466],[14.0935,64.5187],[13.7098,64.6355],[13.8023,64.6598],[14.0965,64.5574],[14.1947,64.4812],[14.3557,64.4202],[14.4926,64.4172],[14.8509,64.3471],[15.1114,64.3409],[15.2099,64.3218],[15.3221,64.163],[15.4189,64.0754],[15.3954,64.0187],[15.6419,63.8082],[15.2626,63.961]],[[13.1979,64.6845],[13.3989,64.7855],[13.6348,64.6862],[13.1979,64.6845]],[[48.442,54.6078],[47.5421,54.8388],[47.6686,55.9521],[50.2824,57.1773],[54.2736,58.1598],[55.4773,59.5039],[56.6177,59.6322],[57.1245,58.1932],[56.4276,56.414],[54.1469,55.1676],[50.0924,54.6211],[49.1922,54.5283],[48.9079,54.5481],[48.8641,54.4623],[48.6313,54.435],[48.5296,54.3942],[48.4994,54.3344],[48.5494,54.2405],[48.659,54.1709],[48.798,54.1308],[48.8477,54.0454],[49.0203,54.0152],[49.2752,54.0707],[49.5633,54.1794],[49.7273,54.2251],[49.7422,54.1907],[49.5368,54.1267],[49.4412,54.0377],[49.2179,53.9344],[49.2191,53.878],[49.3507,53.7702],[49.2793,53.7281],[49.1898,53.8074],[49.0911,53.7939],[49.063,53.6066],[49.0867,53.534],[49.2467,53.5021],[49.8816,53.4856],[49.8519,53.426],[49.4947,53.436],[49.3161,53.4022],[49.2299,53.2842],[49.0941,53.2696],[49.205,53.3676],[48.9919,53.4398],[49.0088,53.4597],[48.8654,53.6477],[48.9031,53.8275],[48.8134,53.9387],[48.5668,54.0975],[48.3873,54.168],[48.4158,54.5972],[48.442,54.6078]],[[53.9373,38.3851],[53.9373,38.1594],[53.8799,38.0254],[53.9852,37.5177],[54.0674,36.9415],[54.0286,36.8247],[53.9845,36.7819],[53.7997,36.679],[53.139,36.6435],[52.6022,36.5769],[51.9931,36.4589],[51.7955,36.4323],[50.561,36.6864],[50.2522,36.8948],[50.1113,37.0978],[50.0387,37.2247],[49.848,37.2682],[49.4758,37.2916],[49.0595,37.3976],[48.7448,37.727],[48.8092,37.9886],[48.8315,38.3063],[48.8822,38.4533],[48.8667,38.7458],[48.8825,38.8736],[48.9353,38.9569],[48.9533,39.0286],[48.9325,39.1136],[48.975,39.1844],[49.0692,39.1605],[49.1159,39.1872],[49.1797,39.1447],[49.258,39.3194],[49.3517,39.3214],[49.4072,39.3922],[49.305,39.4614],[49.2808,39.5005],[49.3189,39.625],[49.3922,39.6917],[49.4553,40.015],[49.4269,40.0597],[49.488,40.1505],[49.5667,40.21],[49.8475,40.3222],[49.9608,40.3489],[50.1242,40.3583],[50.3073,40.3254],[50.3672,40.3339],[50.3339,40.4033],[50.2314,40.4936],[49.973,40.5894],[49.8569,40.5653],[49.7042,40.5805],[49.5828,40.6225],[49.508,40.693],[49.5372,40.7664],[49.4786,40.8283],[49.398,40.8497],[49.2325,41.0064],[49.155,41.1516],[49.1361,41.2778],[49.04,41.4141],[48.9108,41.5144],[48.8583,41.5969],[48.6778,41.7828],[48.5447,41.8803],[48.4092,41.9092],[48.3644,41.9558],[48.3036,42.0975],[48.1178,42.3264],[48.0411,42.3733],[47.9253,42.4875],[47.8444,42.6036],[47.7603,42.6222],[47.7061,42.7125],[47.7028,42.8575],[47.538,42.953],[47.4622,43.0192],[47.455,43.093],[47.4833,43.2078],[47.5883,43.2969],[47.4919,43.3322],[47.4839,43.4361],[47.512,43.5336],[47.403,43.5047],[47.3628,43.5917],[47.3955,43.608],[47.4992,43.7633],[47.488,43.8155],[47.3503,44.0266],[47.1975,44.2103],[47.0883,44.2442],[47.0321,44.3523],[46.8405,44.3958],[46.7603,44.3919],[46.6969,44.4525],[46.6797,44.523],[46.7636,44.6844],[46.9489,44.7689],[47.0331,44.83],[47.0966,44.8235],[47.1353,44.9403],[47.2408,45.0558],[47.3711,45.2333],[47.4217,45.363],[47.4905,45.4225],[47.5703,45.5642],[47.5461,45.633],[47.4158,45.6722],[47.3822,45.7336],[47.4856,45.7278],[47.5769,45.6303],[47.6213,45.7136],[47.6732,45.7502],[47.8402,45.6878],[47.8589,45.7186],[48.2412,45.7567],[48.4466,45.9311],[48.6353,45.975],[48.7533,45.8964],[48.7275,46.02],[48.633,46.0797],[48.7064,46.1325],[48.7819,46.0928],[49.0464,46.1958],[49.1544,46.2867],[49.2353,46.2611],[49.2167,46.378],[49.2536,46.4233],[49.3743,46.4045],[49.3872,46.4933],[49.5748,46.5396],[49.6247,46.5767],[49.8267,46.5603],[49.9358,46.6019],[50.1922,46.7575],[50.2972,46.7986],[50.4303,46.9011],[50.5217,46.8722],[50.9655,47.0564],[51.19,47.1147],[51.6746,47.0361],[51.9353,46.8922],[52.1422,46.8382],[52.3214,46.8658],[52.4578,46.9955],[52.5843,46.9779],[52.6958,48.281],[53.7237,49.6564],[56.6886,50.3425],[64.1999,46.0781],[65.0301,44.1818],[64.7533,42.281],[63.8441,40.291],[62.7372,38.9205],[61.738,38.693],[62.0974,37.0204],[61.6069,36.8237],[60.3945,36.3376],[58.8436,36.7772],[58.4162,37.764],[59.092,38.4646],[58.5862,38.4576],[55.2655,38.3647],[53.9373,38.3851]],[[37.1947,12.2306],[37.2691,12.2242],[37.3327,12.2724],[37.4603,12.3033],[37.5552,12.223],[37.5918,12.1171],[37.5502,11.9419],[37.5129,11.9099],[37.4959,11.8348],[37.4399,11.7534],[37.3872,11.6323],[37.3269,11.6359],[37.3218,11.7091],[37.2855,11.7945],[37.2527,11.8197],[37.1692,11.8166],[37.113,11.8551],[37.0781,11.8295],[37.002,11.9066],[37.0278,12.1645],[37.0959,12.2657],[37.1947,12.2306]],[[31.4371,22.1925],[31.3947,22.1892],[31.467,23.1684],[31.9976,23.832],[31.8047,25.7587],[31.0329,26.0841],[30.9846,26.8613],[31.7806,26.9259],[32.7936,26.1707],[32.9142,25.1052],[33.276,24.1185],[32.9865,23.0797],[32.9246,23.028],[32.9719,22.9348],[32.8629,22.9765],[31.9735,22.2339],[31.5411,22.2005],[31.4865,22.1593],[31.4121,22.0572],[31.3546,21.8805],[31.3193,21.8123],[31.2565,21.7635],[31.1235,21.6115],[31.1119,21.6711],[31.3032,21.9316],[31.3724,22.1027],[31.4371,22.1925]],[[35.4936,31.205],[35.5225,31.1771],[35.4979,31.1049],[35.4165,31.1044],[35.3768,31.1779],[35.4007,31.2305],[35.4936,31.205]],[[35.4214,31.6186],[35.4626,31.7104],[35.559,31.7655],[35.5854,31.7242],[35.5451,31.3591],[35.521,31.3272],[35.4031,31.3482],[35.4021,31.4924],[35.4214,31.6186]],[[14.259,13.0043],[14.2822,13.0145],[14.3424,13.1621],[14.496,13.2387],[14.5544,13.2385],[14.6683,13.1953],[14.7423,13.078],[14.6606,12.9824],[14.5162,12.9797],[14.4066,12.8992],[14.3466,12.8768],[14.275,12.9029],[14.259,13.0043]],[[33.5331,38.5228],[33.4226,38.5586],[33.2357,38.6667],[33.1581,38.7721],[33.2928,38.9672],[33.3054,39.1267],[33.3504,39.1204],[33.4237,39.0558],[33.4545,38.9919],[33.4575,38.8536],[33.5975,38.7989],[33.6735,38.7123],[33.6171,38.5778],[33.5331,38.5228]],[[33.7047,47.0608],[33.7771,47.1625],[33.9335,47.2824],[33.9646,47.3589],[33.9361,47.5415],[34.067,47.5583],[34.2107,47.5362],[34.2662,47.5899],[34.3803,47.5575],[34.4866,47.593],[34.7307,47.5775],[34.9971,47.5876],[35.0878,47.6755],[35.0856,47.8243],[35.1303,47.84],[35.2424,47.6473],[35.3018,47.4918],[35.2694,47.4505],[35.049,47.4282],[34.9605,47.4065],[34.8077,47.4631],[34.5924,47.5201],[34.4194,47.487],[34.1898,47.42],[34.1729,47.3246],[34.0972,47.3161],[33.9041,47.1587],[33.7182,46.9406],[33.6873,46.8606],[33.5594,46.8222],[33.6298,47.034],[33.7047,47.0608]],[[17.2693,46.7422],[17.6654,46.8523],[17.8236,46.9112],[18.0775,47.0547],[18.1637,47.0105],[18.1427,46.9631],[17.6722,46.7905],[17.4759,46.7235],[17.2772,46.7213],[17.2693,46.7422]],[[116.002,29.3943],[116.0906,29.5553],[116.1175,29.6531],[116.0823,29.7025],[116.1976,29.7514],[116.2348,29.6659],[116.1098,29.4266],[116.1961,29.3616],[116.1366,29.3093],[116.1529,29.2526],[116.3685,29.2225],[116.4068,29.1762],[116.4687,29.2501],[116.6401,29.2367],[116.7086,29.1024],[116.6347,29.1019],[116.5211,29.1433],[116.4772,29.043],[116.5301,28.8945],[116.5115,28.8038],[116.4685,28.8052],[116.4092,28.9053],[116.3478,28.9057],[116.3291,28.9609],[116.0973,29.1059],[115.965,29.3114],[116.002,29.3943]],[[116.0441,29.8811],[115.9774,29.9517],[115.9854,30.0161],[116.1183,30.0004],[116.1504,30.061],[116.2417,30.0321],[116.2536,29.9351],[116.2111,29.9076],[116.0441,29.8811]],[[116.2977,30.0861],[116.4417,30.0772],[116.5199,29.9882],[116.4979,29.9644],[116.3881,29.966],[116.2899,29.9936],[116.2588,30.0481],[116.2977,30.0861]],[[37.8428,6.0731],[37.7387,6.0136],[37.7091,6.0885],[37.7447,6.1359],[37.8652,6.2205],[37.8867,6.2633],[37.8631,6.4553],[37.8688,6.4908],[37.9359,6.5476],[38.0172,6.5893],[38.1377,6.5772],[38.1065,6.449],[37.9437,6.2018],[37.8428,6.0731]],[[81.5841,30.7],[81.494,30.6099],[81.4337,30.5909],[81.373,30.6592],[81.3758,30.7582],[81.4092,30.7778],[81.5244,30.7572],[81.5841,30.7]],[[81.3091,30.6355],[81.2117,30.6108],[81.1256,30.6622],[81.1848,30.7205],[81.1844,30.8043],[81.234,30.8625],[81.2944,30.8173],[81.2522,30.7533],[81.3091,30.6355]],[[47.472,30.814],[47.4998,30.8089],[47.6085,30.6895],[47.4913,30.6631],[47.5632,30.6636],[47.6081,30.5834],[45.9171,30.2113],[44.8991,31.5146],[44.0537,32.0573],[43.9501,32.9449],[41.7416,33.8238],[41.7071,34.4379],[43.172,33.8253],[43.1062,33.9152],[43.0736,34.113],[43.066,34.2581],[43.1158,34.3292],[43.2388,34.1414],[43.4675,33.9504],[43.4928,33.888],[43.4783,33.7291],[43.4196,33.7063],[43.4843,33.6947],[44.4333,33.3927],[45.1407,34.5375],[44.6403,33.1474],[45.296,32.5967],[47.0214,31.6322],[47.472,30.814]],[[85.889,30.9522],[85.8454,30.8266],[85.8016,30.759],[85.757,30.8399],[85.6923,30.8702],[85.5677,30.8415],[85.5126,30.8458],[85.3772,30.9057],[85.3608,30.9922],[85.4018,31.035],[85.4763,31.0455],[85.5607,31.0284],[85.7252,31.0279],[85.8754,30.9782],[85.889,30.9522]],[[83.0943,31.492],[82.9126,31.5171],[82.8571,31.541],[82.9339,31.6125],[83.1001,31.6517],[83.1415,31.5967],[83.29,31.5083],[83.2961,31.4462],[83.0943,31.492]],[[75.9383,32.0613],[75.9357,32.1392],[75.9828,32.1532],[76.0946,32.0734],[76.1714,31.9619],[76.1691,31.9002],[76.0819,31.9088],[75.9748,31.9725],[75.9383,32.0613]],[[43.6681,32.5535],[43.4821,32.6424],[43.4376,32.7149],[43.4324,32.8689],[43.4751,32.9195],[43.4686,33.0109],[43.5502,33.0794],[43.7199,32.8084],[43.8784,32.6877],[43.8626,32.6115],[43.7926,32.5352],[43.6681,32.5535]],[[88.9482,31.7004],[88.927,31.728],[88.7637,31.7116],[88.6846,31.7295],[88.5663,31.844],[88.6078,31.8801],[88.8137,31.8411],[88.8643,31.8874],[88.9685,31.918],[89.1202,31.9127],[89.2663,31.8723],[89.3233,31.8234],[89.1381,31.6016],[89.0575,31.5956],[88.9455,31.6245],[88.9482,31.7004]],[[87.424,31.9117],[87.5461,31.9688],[87.5958,31.9031],[87.5303,31.8471],[87.4148,31.8517],[87.424,31.9117]],[[91.5184,31.943],[91.4689,31.9475],[91.4239,32.0619],[91.4547,32.1122],[91.5324,32.0797],[91.5184,31.943]],[[89.71,33.4688],[89.8322,33.4802],[89.9352,33.5229],[89.9696,33.4799],[89.9188,33.3755],[89.83,33.2558],[89.8057,33.2856],[89.7857,33.4168],[89.71,33.4688]],[[104.0075,12.804],[103.8954,12.8669],[103.8064,12.9469],[103.7547,13.039],[103.6991,13.207],[103.7311,13.2499],[103.8421,13.2347],[103.9807,13.1792],[104.0996,13.0355],[104.2348,12.764],[104.2678,12.7386],[104.3697,12.747],[104.4398,12.7243],[104.468,12.6396],[104.471,12.5587],[104.5548,12.5144],[104.5702,12.4264],[104.4641,12.5061],[104.4014,12.5085],[104.2578,12.5639],[104.1403,12.6711],[104.1046,12.7886],[104.0075,12.804]],[[102.7912,18.5687],[102.8941,18.5413],[102.7194,18.4973],[102.6465,18.4499],[102.6146,18.4765],[102.5455,18.6154],[102.5059,18.7457],[102.6594,18.6623],[102.7467,18.6503],[102.7912,18.5687]],[[90.6326,29.1924],[90.7293,29.1299],[90.7305,29.0517],[90.7882,28.9908],[90.8762,29.0238],[90.9925,28.978],[90.9928,28.8923],[90.9309,28.9233],[90.8084,28.9382],[90.5347,28.7862],[90.4535,28.8596],[90.5605,28.874],[90.6725,29.0108],[90.6326,29.1924]],[[113.2486,29.9041],[113.3313,29.8937],[113.3619,29.9493],[113.454,29.9144],[113.3688,29.7852],[113.3122,29.7492],[113.2373,29.8478],[113.2486,29.9041]],[[114.1368,29.8624],[114.0872,29.9337],[114.0032,29.9424],[113.9406,29.981],[114.1009,30.0225],[114.1576,29.8718],[114.1368,29.8624]],[[114.2177,29.9013],[114.1707,29.9209],[114.1434,29.9875],[114.1467,30.0825],[114.2182,30.1408],[114.2527,30.0449],[114.2893,30.0025],[114.2177,29.9013]],[[114.5092,30.1939],[114.4452,30.0847],[114.3505,30.196],[114.4059,30.2678],[114.4958,30.2894],[114.5012,30.3662],[114.6028,30.2995],[114.6417,30.1329],[114.5092,30.1939]],[[116.5256,30.0893],[116.4008,30.1176],[116.317,30.2032],[116.3569,30.2453],[116.4434,30.2069],[116.5391,30.2068],[116.5256,30.0893]],[[114.8057,30.3454],[114.8389,30.2867],[114.6789,30.2281],[114.6737,30.3004],[114.8057,30.3454]],[[120.3947,31.1004],[120.4607,31.0808],[120.5399,31.1271],[120.6017,31.0875],[120.3944,30.9706],[120.236,30.936],[120.1032,30.9733],[119.978,31.0911],[119.9394,31.253],[119.9874,31.3918],[120.1082,31.4918],[120.2186,31.5318],[120.2709,31.4446],[120.3804,31.4291],[120.3265,31.3197],[120.4402,31.1533],[120.3947,31.1004]],[[118.8674,31.5456],[118.9412,31.5541],[118.9602,31.4648],[118.85,31.3926],[118.78,31.4094],[118.7229,31.5417],[118.8674,31.5456]],[[114.6551,30.3456],[114.6008,30.3437],[114.6292,30.456],[114.7011,30.5122],[114.7564,30.4772],[114.7525,30.429],[114.683,30.3971],[114.6551,30.3456]],[[114.6219,30.6083],[114.646,30.7148],[114.7459,30.7376],[114.7863,30.6625],[114.6965,30.6127],[114.6219,30.6083]],[[90.2889,30.8469],[90.3529,30.8802],[90.5785,30.8289],[90.651,30.8397],[90.712,30.8945],[90.8656,30.8854],[90.9438,30.9238],[91.0117,30.8878],[91.0143,30.8392],[90.9326,30.7934],[90.8433,30.7179],[90.714,30.6413],[90.5965,30.5964],[90.3457,30.5242],[90.314,30.5732],[90.2922,30.6978],[90.2889,30.8469]],[[86.6073,31.0341],[86.4939,30.811],[86.4194,30.807],[86.3963,30.8709],[86.516,31.0575],[86.607,31.2211],[86.6539,31.3667],[86.7419,31.3419],[86.7773,31.1662],[86.764,31.1356],[86.628,31.0844],[86.6073,31.0341]],[[90.3218,33.3632],[90.2466,33.3251],[90.1013,33.3772],[90.0333,33.3853],[90.047,33.4452],[90.1864,33.4162],[90.2896,33.4747],[90.2887,33.6383],[90.3188,33.7018],[90.4014,33.5263],[90.3939,33.4356],[90.3218,33.3632]],[[97.0624,34.9786],[97.0665,34.9973],[97.2313,35.0225],[97.351,35.0197],[97.4677,34.9757],[97.36,34.8655],[97.2305,34.8258],[97.0842,34.9068],[97.0624,34.9786]],[[97.8467,34.8822],[97.8613,34.8229],[97.6947,34.831],[97.6832,34.7916],[97.6026,34.7978],[97.5471,34.876],[97.6249,34.9532],[97.6506,35.0275],[97.7629,35.0881],[97.794,35.033],[97.8015,34.9322],[97.8467,34.8822]],[[91.0326,35.6502],[91.2713,35.6293],[91.3158,35.5951],[91.268,35.5284],[91.0434,35.565],[90.9504,35.6336],[91.0326,35.6502]],[[78.758,33.7473],[78.9605,33.741],[78.9141,33.6966],[78.7343,33.677],[78.5526,33.8512],[78.443,33.9394],[78.4904,33.9735],[78.6578,33.8165],[78.758,33.7473]],[[45.6628,37.2881],[45.5355,37.1349],[45.4485,37.1495],[45.3646,37.2266],[45.2925,37.438],[45.2342,37.7637],[45.087,37.8854],[45.0803,37.9876],[45.1555,38.0445],[45.1712,38.1438],[45.0154,38.1444],[45.026,38.1927],[45.1056,38.2643],[45.3569,38.2643],[45.4584,38.1734],[45.4873,38.0729],[45.4475,37.9324],[45.4359,37.8062],[45.4832,37.7536],[45.6663,37.7419],[45.7467,37.7012],[45.755,37.5777],[45.8577,37.4265],[45.8312,37.3405],[45.6628,37.2881]],[[100.6275,36.5568],[100.5229,36.5802],[100.4306,36.6411],[100.2277,36.6447],[99.9585,36.6787],[99.8274,36.7394],[99.6499,36.9113],[99.6809,36.9474],[99.8164,36.9554],[99.8345,36.988],[99.7872,37.149],[99.8363,37.1825],[99.9563,37.2178],[100.1043,37.2016],[100.2745,37.1502],[100.4479,37.0252],[100.5855,36.9026],[100.7527,36.8109],[100.7227,36.745],[100.7043,36.5894],[100.6275,36.5568]],[[89.6109,37.4952],[89.5139,37.4854],[89.1447,37.5385],[89.082,37.5866],[89.3965,37.6325],[89.565,37.613],[89.6449,37.5753],[89.6109,37.4952]],[[90.3466,40.4811],[90.3781,40.3578],[90.442,40.2301],[90.3808,40.1897],[90.3293,40.2006],[90.2754,40.3216],[90.2746,40.4396],[90.168,40.655],[90.0882,40.7278],[90.1421,40.7834],[90.2469,40.8114],[90.3466,40.4811]],[[87.3752,41.851],[87.2592,41.8937],[87.1021,41.9009],[86.8939,41.8699],[86.7534,41.8255],[86.7351,41.9028],[86.7949,41.9748],[86.8286,42.0725],[86.889,42.1081],[87.3153,42.0167],[87.3752,41.9077],[87.3752,41.851]],[[42.9228,38.39],[42.8822,38.4768],[42.6833,38.4565],[42.5385,38.4897],[42.3531,38.4998],[42.3646,38.5485],[42.4584,38.6428],[42.458,38.6922],[42.526,38.7452],[42.7229,38.7821],[43.0794,38.8093],[43.1628,38.8462],[43.0752,38.9161],[43.1521,38.9476],[43.4359,38.9878],[43.5602,38.9776],[43.6107,38.947],[43.5311,38.8975],[43.2919,38.8128],[43.21,38.7159],[43.1864,38.6031],[43.2871,38.548],[43.3184,38.4887],[43.1477,38.3366],[42.9887,38.3456],[42.9228,38.39]],[[44.9723,40.5423],[45.0146,40.6144],[45.0953,40.5903],[45.2417,40.5102],[45.3729,40.4792],[45.602,40.3183],[45.6558,40.2427],[45.6514,40.195],[45.5432,40.1555],[45.3127,40.1488],[45.2484,40.1975],[45.1835,40.3853],[44.9723,40.5423]],[[68.28,41.0516],[68.1354,41.0483],[68.0243,41.0988],[67.9334,41.2246],[67.9908,41.2547],[68.1617,41.1996],[68.393,41.161],[68.4559,41.1068],[68.28,41.0516]],[[72.6584,41.8742],[72.6854,41.8996],[72.8172,41.8978],[72.94,41.8783],[73.0855,41.8282],[73.2397,41.8011],[73.2022,41.7454],[72.9725,41.7552],[72.8395,41.7398],[72.6791,41.6631],[72.6354,41.6873],[72.7086,41.7674],[72.6584,41.8742]],[[76.2272,42.3889],[76.2265,42.4606],[76.4528,42.4886],[76.7471,42.5653],[76.965,42.6123],[77.3374,42.6697],[77.5349,42.6513],[77.6841,42.7018],[78.2488,42.7337],[78.1189,42.6415],[78.158,42.5501],[77.8707,42.4283],[77.8539,42.3667],[77.7162,42.2404],[77.5146,42.1818],[77.1365,42.1682],[76.9215,42.1904],[76.5777,42.2914],[76.4321,42.3195],[76.2631,42.3276],[76.2272,42.3889]],[[74.0828,45.3521],[74.151,45.3173],[74.1356,45.0702],[74.0172,45.0129],[73.9807,45.2042],[73.8397,45.2639],[73.6627,45.4356],[73.6147,45.5133],[73.4652,45.5825],[73.4437,45.657],[73.5318,45.7342],[73.4511,45.7796],[73.4883,45.8311],[73.5599,45.8164],[73.7371,46.0127],[73.6627,46.0624],[73.6455,46.15],[73.7749,46.2065],[73.8976,46.2079],[73.9818,46.1864],[74.027,46.2225],[73.9495,46.2884],[74.0943,46.4278],[74.2798,46.4702],[74.3746,46.518],[74.43,46.5783],[74.5242,46.6229],[74.5531,46.6902],[74.6254,46.7521],[74.8043,46.7806],[74.9394,46.8168],[75.0887,46.8136],[75.2006,46.7588],[75.3385,46.7299],[75.4268,46.7375],[75.8259,46.8181],[75.9506,46.7951],[76.2031,46.78],[76.2977,46.7529],[76.4052,46.6623],[76.4963,46.6355],[76.6684,46.6734],[76.7931,46.6307],[76.8593,46.6438],[77.0824,46.6246],[77.1748,46.556],[77.266,46.6114],[77.6016,46.64],[77.69,46.6586],[77.86,46.6479],[78.1363,46.5949],[78.2971,46.4686],[78.3479,46.5121],[78.3588,46.6234],[78.3971,46.6577],[78.4765,46.6246],[78.5514,46.7074],[78.6303,46.747],[78.7609,46.7238],[78.7931,46.78],[78.8682,46.7987],[78.9908,46.7486],[79.0842,46.8101],[79.222,46.7204],[79.2451,46.6452],[79.2173,46.6097],[79.0949,46.5816],[79.0228,46.4475],[78.8898,46.3699],[78.7113,46.3964],[78.6253,46.3798],[78.4654,46.3924],[78.4087,46.2988],[78.3173,46.3499],[78.1606,46.3187],[78.0176,46.3426],[77.8654,46.4287],[77.7258,46.4071],[77.5626,46.4354],[77.4293,46.4997],[77.282,46.4729],[77.1651,46.489],[77.1039,46.4542],[76.8526,46.4923],[76.7418,46.532],[76.2385,46.5549],[76.0333,46.5117],[75.867,46.5356],[75.6113,46.5072],[75.4916,46.5965],[75.5528,46.6726],[75.4633,46.6706],[75.404,46.6097],[75.448,46.4983],[75.3501,46.4699],[75.2777,46.5149],[75.2122,46.4266],[75.0932,46.4609],[74.8881,46.3766],[74.7714,46.1078],[74.5499,46.0059],[74.3699,46.0201],[74.278,46.0041],[74.2531,45.9417],[74.3033,45.7898],[74.2453,45.7395],[74.3109,45.6955],[74.2895,45.6506],[74.1006,45.5369],[74.0828,45.3521]],[[92.4047,48.1564],[92.5437,48.1384],[92.6434,48.1931],[92.6383,48.33],[92.7328,48.3104],[92.802,48.2529],[92.7866,48.1782],[92.6218,48.0978],[92.4422,48.0302],[92.3535,47.9642],[92.28,47.8506],[92.2003,47.7687],[92.0842,47.8157],[91.9908,47.933],[91.9762,48.0097],[92.1051,48.0544],[92.2486,48.1301],[92.25,48.2634],[92.287,48.3522],[92.4249,48.3601],[92.4832,48.3389],[92.4019,48.2374],[92.4047,48.1564]],[[93.4215,49.2263],[93.4706,49.205],[93.6545,49.2149],[93.7859,49.1585],[93.7794,49.1034],[93.3975,48.9905],[93.2408,49.097],[92.8649,49.2254],[92.8639,49.3062],[93.0593,49.3224],[93.2596,49.2922],[93.4215,49.2263]],[[90.9421,50.2142],[91.0521,50.2084],[91.1311,50.1302],[90.9605,50.0803],[90.8913,50.1357],[90.9421,50.2142]],[[92.7217,50.01],[92.6014,50.0052],[92.4983,50.0532],[92.3817,50.1419],[92.3164,50.3017],[92.2354,50.413],[92.3482,50.475],[92.7895,50.6169],[92.8928,50.6583],[92.9902,50.608],[92.9777,50.5396],[93.0759,50.4277],[93.2274,50.3641],[93.3618,50.2816],[93.2158,50.2511],[93.0952,50.1983],[92.9128,50.0559],[92.7217,50.01]],[[82.0377,46.0798],[82.0636,45.9438],[82.1327,45.764],[81.7486,45.8719],[81.5547,45.9648],[81.4267,46.0554],[81.4041,46.1512],[81.3994,46.3047],[81.4432,46.3921],[81.5297,46.4518],[81.65,46.4557],[81.7611,46.4309],[81.9122,46.3508],[82.0253,46.1848],[82.0377,46.0798]],[[83.7565,49.5644],[83.7295,49.5352],[84.2878,49.2377],[84.3606,49.1605],[84.3286,49.1249],[84.149,49.086],[83.6092,48.9104],[83.5141,48.8133],[83.4869,48.7183],[83.5168,48.6168],[83.6134,48.4373],[83.9194,48.3972],[83.9071,48.3735],[83.6819,48.3534],[83.5813,48.2675],[83.74,48.1977],[84.0515,48.0835],[84.3339,48.0231],[84.4684,47.9694],[84.5156,47.9299],[84.4267,47.8569],[84.3568,47.7321],[84.2418,47.7064],[83.9943,47.8433],[83.6246,48.0128],[83.259,48.0946],[83.0268,48.2119],[83.0386,48.2496],[83.1821,48.2494],[83.4353,48.27],[83.4976,48.3045],[83.5326,48.3751],[83.3922,48.4999],[83.4174,48.5975],[83.4227,48.7432],[83.4712,48.8582],[83.5895,48.9624],[83.7473,49.0393],[84.0361,49.1106],[84.1206,49.1591],[84.0998,49.238],[83.8485,49.4171],[83.6604,49.4429],[83.539,49.5319],[83.4789,49.5382],[83.3648,49.6261],[83.3912,49.6524],[83.6082,49.6063],[83.7398,49.631],[83.8898,49.7204],[83.9612,49.7026],[83.8183,49.6336],[83.7565,49.5644]],[[69.2591,50.3106],[69.2558,50.2543],[69.1481,50.2412],[69.074,50.2005],[68.9378,50.179],[68.6902,50.266],[68.779,50.5134],[68.8613,50.571],[69.0908,50.5639],[69.2268,50.6162],[69.2875,50.688],[69.3705,50.7192],[69.6167,50.6762],[69.6125,50.6145],[69.5001,50.5911],[69.3346,50.6045],[69.2749,50.5877],[69.0472,50.4257],[69.0567,50.3639],[69.2366,50.3535],[69.2591,50.3106]],[[64.6487,52.5531],[64.5736,52.6049],[64.79,52.7678],[64.9487,52.9081],[64.9823,52.8829],[64.9671,52.7312],[64.8898,52.6719],[64.6487,52.5531]],[[79.4723,53.102],[79.5943,53.1435],[79.7378,53.092],[79.8094,52.9961],[79.6914,52.8298],[79.5166,52.8582],[79.4,52.944],[79.3993,53.0414],[79.4723,53.102]],[[73.0311,53.3842],[73.2036,53.3976],[73.405,53.361],[73.4239,53.337],[73.4186,53.1539],[73.3865,53.0696],[73.0878,53.2689],[72.9227,53.2808],[73.0311,53.3842]],[[77.7406,54.6613],[77.5999,54.6138],[77.5735,54.647],[77.2451,54.7231],[77.0522,54.732],[76.826,54.701],[76.7342,54.7165],[76.747,54.8323],[76.869,54.8826],[77.1344,54.9232],[77.2453,54.856],[77.3266,54.9683],[77.4304,55.0204],[77.5703,55.0533],[77.8779,55.0086],[78.033,54.9755],[78.0491,54.9274],[77.7771,54.8591],[77.6435,54.8027],[77.7406,54.6613]],[[117.6516,31.6543],[117.7333,31.6597],[117.7845,31.5792],[117.6234,31.4545],[117.5631,31.4451],[117.4679,31.4666],[117.3172,31.5917],[117.3154,31.6975],[117.4128,31.6941],[117.448,31.6101],[117.5431,31.5909],[117.6516,31.6543]],[[119.2998,32.7479],[119.1734,32.6857],[119.1254,32.798],[119.0794,32.8545],[119.2285,32.8822],[119.2531,32.9431],[119.2449,33.0132],[119.3145,33.0544],[119.2369,33.1543],[119.1797,33.1482],[119.1538,33.0645],[119.1022,33.069],[119.1699,33.1861],[119.2541,33.2008],[119.3037,33.164],[119.349,33.0778],[119.397,32.9158],[119.4068,32.7936],[119.3915,32.7513],[119.2998,32.7479]],[[118.2492,33.2211],[118.3184,33.2684],[118.4465,33.4068],[118.57,33.3719],[118.4877,33.5398],[118.4931,33.6227],[118.5712,33.6198],[118.6084,33.5149],[118.6636,33.4631],[118.7743,33.4428],[118.8605,33.3565],[118.7782,33.1764],[118.7155,33.0893],[118.6529,33.1738],[118.5735,33.1408],[118.4917,32.998],[118.2666,32.9248],[118.2271,32.8966],[118.1421,32.9861],[118.2258,32.9906],[118.2343,33.0463],[118.1823,33.1394],[117.9785,33.1423],[117.9116,33.181],[118.1143,33.2147],[118.1749,33.2102],[118.2749,33.0448],[118.3402,32.9942],[118.4072,33.0099],[118.4701,33.1278],[118.4545,33.1602],[118.3222,33.1825],[118.2492,33.2211]],[[117.1283,34.6625],[117.1789,34.7193],[117.3178,34.6214],[117.3262,34.5874],[117.2497,34.5016],[117.1738,34.5434],[117.1283,34.6625]],[[132.0172,45.1266],[132.005,45.214],[132.0711,45.2868],[132.2302,45.3284],[132.402,45.329],[132.5795,45.2962],[132.7252,45.2301],[132.8082,45.1488],[132.8098,45.0516],[132.6136,44.7113],[132.4597,44.6126],[132.3655,44.5294],[132.2759,44.569],[132.2412,44.63],[132.069,44.7425],[132.1087,44.9687],[132.0151,45.0743],[132.0172,45.1266]],[[117.8559,47.8254],[117.7292,47.7183],[117.6062,47.666],[117.529,47.7387],[117.5695,47.8355],[117.7092,47.9475],[117.8011,47.95],[117.8686,47.8648],[117.8559,47.8254]],[[116.9885,48.841],[117.0588,48.9066],[117.2252,49.0025],[117.529,49.27],[117.6357,49.3421],[117.7069,49.3219],[117.6861,49.2204],[117.8121,49.1252],[118.0072,49.1053],[117.9643,49.035],[117.7723,49.0588],[117.7159,48.986],[117.5155,48.8465],[117.3276,48.6942],[117.3098,48.636],[117.2289,48.5853],[117.1143,48.561],[117.0955,48.7048],[116.9885,48.841]],[[100.3797,51.4661],[100.5593,51.6103],[100.7521,51.4468],[100.7868,51.397],[100.6882,50.983],[100.5072,50.8087],[100.4452,50.6589],[100.4443,50.5681],[100.1934,50.4938],[100.1795,50.5313],[100.2478,50.7428],[100.2962,51.1086],[100.284,51.2504],[100.4021,51.3921],[100.3797,51.4661]],[[105.7977,51.7011],[105.4351,51.6145],[105.0648,51.5572],[104.8262,51.4898],[104.6552,51.4823],[104.39,51.4997],[104.1564,51.5354],[103.8174,51.634],[103.7134,51.6942],[103.7907,51.7317],[104.1325,51.7695],[104.5365,51.7841],[104.6625,51.8061],[104.812,51.8702],[104.9354,51.8702],[105.1651,51.9059],[105.2857,51.9788],[105.5696,52.1083],[105.6916,52.2162],[105.8598,52.3867],[106.06,52.5119],[106.4516,52.6565],[106.7574,52.8693],[106.881,52.9731],[106.8732,53.0294],[106.7804,53.0446],[106.852,53.1029],[107.0719,53.2413],[107.5347,53.439],[107.551,53.5021],[107.627,53.611],[107.7893,53.7115],[108.0624,53.8492],[108.2235,53.9761],[108.3618,54.1731],[108.4729,54.2768],[108.5928,54.4925],[108.7857,54.6723],[108.8469,54.7996],[108.9325,54.8978],[108.9169,54.951],[109.0527,55.0276],[109.1711,55.1937],[109.2133,55.4054],[109.1935,55.5356],[109.5756,55.7715],[109.7604,55.7735],[109.847,55.7546],[109.9554,55.6722],[109.8607,55.5748],[109.8572,55.4456],[109.7905,55.3297],[109.7439,55.1396],[109.7648,55.0396],[109.6836,54.85],[109.6456,54.8072],[109.607,54.6761],[109.5441,54.6291],[109.4897,54.3804],[109.4957,54.2621],[109.5537,54.174],[109.5001,54.0614],[109.2438,53.8686],[109.1982,53.7926],[109.1994,53.66],[109.0304,53.639],[109.0089,53.6678],[109.0607,53.831],[108.9941,53.8688],[108.8359,53.8073],[108.6186,53.5824],[108.7322,53.5708],[108.8419,53.5865],[108.9206,53.5656],[108.9891,53.4503],[108.9311,53.3444],[108.7677,53.2813],[108.6612,53.3017],[108.3022,53.1094],[108.3348,53.0375],[108.234,52.9457],[108.007,52.837],[107.9477,52.7803],[107.7631,52.7139],[107.5785,52.7012],[107.3866,52.6479],[106.9382,52.4746],[106.8431,52.3563],[106.752,52.3165],[106.5991,52.3705],[106.4973,52.3831],[106.3139,52.3231],[106.258,52.2307],[106.2807,52.1691],[106.1865,51.9564],[105.9674,51.7742],[105.7977,51.7011]],[[102.3301,55.2709],[102.2601,55.4094],[102.3069,55.4954],[102.2173,55.5141],[102.0718,55.4567],[101.7888,55.414],[101.7574,55.469],[101.9792,55.5229],[101.9703,55.5625],[101.8059,55.6538],[101.7878,55.7721],[101.7407,55.8067],[101.411,55.9235],[101.4834,55.9682],[101.7058,55.9727],[101.7322,56.0696],[101.6719,56.1346],[101.7096,56.2636],[101.8032,56.2908],[101.8674,56.2364],[101.9642,56.227],[101.9452,56.1245],[102.2549,56.227],[102.26,56.2545],[102.4619,56.2533],[102.4735,56.3107],[102.5818,56.3323],[102.6262,56.2534],[102.7992,56.2622],[102.872,56.199],[103.0233,56.2138],[103.0199,56.0452],[103.0625,55.9199],[103.1431,55.8085],[103.2469,55.7136],[103.2259,55.5583],[103.3341,55.3575],[103.3639,55.2186],[103.3043,55.0202],[103.1851,54.8778],[103.1544,54.8012],[103.2156,54.7194],[103.2791,54.578],[103.286,54.4819],[103.3485,54.3231],[103.2613,54.3421],[103.1441,54.2393],[103.1033,54.1473],[103.1604,54.0005],[103.298,53.874],[103.3303,53.7785],[103.4354,53.6794],[103.5329,53.6358],[103.7251,53.6023],[103.7426,53.4958],[103.6094,53.5519],[103.4899,53.5628],[103.4252,53.473],[103.4404,53.2227],[103.3434,53.2278],[103.3429,53.5718],[103.2746,53.6774],[103.0963,53.7423],[102.868,53.7899],[102.9273,53.8196],[103.1168,53.7741],[103.2085,53.8063],[103.1187,53.9379],[103.0033,54.0677],[102.9867,54.1557],[103.0166,54.2826],[103.1064,54.415],[103.1727,54.424],[103.2177,54.4865],[103.1855,54.6266],[103.0331,54.782],[103.0695,54.9209],[103.226,55.0463],[103.2821,55.1587],[103.2719,55.3018],[103.1786,55.4865],[103.1391,55.6849],[103.0744,55.7892],[102.9901,55.8536],[102.9207,56.0627],[102.7168,56.1434],[102.5061,56.1559],[102.3934,56.0884],[102.3087,56.1104],[101.9859,56.0256],[101.9777,55.9033],[101.9061,55.8343],[101.9131,55.783],[101.9903,55.7309],[102.0847,55.7176],[102.0507,55.6628],[102.1016,55.6284],[102.3322,55.5896],[102.3858,55.5439],[102.3153,55.4365],[102.3301,55.2709]],[[111.5924,63.0767],[111.416,63.0285],[111.2066,63.0052],[111.1905,62.9401],[111.3449,62.8471],[111.4244,62.6534],[111.3171,62.5498],[111.3585,62.4717],[111.3278,62.3975],[111.6048,62.3903],[111.3896,62.3271],[111.3719,62.283],[111.6039,62.2136],[111.5509,62.1872],[111.3495,62.2234],[111.2955,62.1307],[111.399,62.0578],[111.2508,61.9896],[111.0464,61.9896],[110.5537,62.079],[110.417,62.0927],[110.3031,62.1336],[110.1604,62.1241],[110.0159,62.0783],[109.6652,61.9107],[109.5577,61.8996],[109.6367,62.0072],[109.8163,62.0554],[110.1452,62.2044],[110.4334,62.1939],[110.6063,62.1311],[110.8103,62.1107],[110.9729,62.0611],[111.0881,62.0506],[111.1564,62.1101],[111.1195,62.2208],[111.2429,62.3092],[111.2089,62.4313],[111.1366,62.4827],[111.0124,62.5043],[110.9159,62.4879],[110.8513,62.5456],[111.0512,62.5439],[111.1936,62.7074],[111.1391,62.8485],[110.8391,62.9121],[110.6483,62.9819],[110.4306,62.9887],[110.4844,63.1359],[110.1092,63.1724],[110.0942,63.2221],[110.2907,63.2181],[110.3742,63.2419],[110.3889,63.3501],[110.1623,63.4394],[110.0016,63.4286],[109.848,63.3821],[109.6479,63.424],[109.7465,63.4655],[109.899,63.4559],[110.0384,63.5577],[110.2468,63.4849],[110.4815,63.4596],[110.6104,63.3884],[110.4743,63.25],[110.5457,63.1979],[110.6684,63.1988],[110.7436,63.2394],[110.9394,63.1592],[110.7281,63.0899],[110.7718,63.0359],[110.9441,62.9974],[111.086,63.0941],[111.0425,63.3108],[111.1703,63.3531],[111.1439,63.2191],[111.2107,63.1378],[111.3345,63.1159],[111.4733,63.1296],[111.5836,63.2178],[111.5358,63.2884],[111.6904,63.2889],[111.9,63.2192],[111.9854,63.0971],[111.8305,63.0032],[111.8287,62.9602],[111.998,62.9003],[112.12,62.9168],[112.1201,63.1299],[112.0466,63.3148],[111.908,63.3697],[111.9099,63.4118],[112.0795,63.4088],[112.1392,63.381],[112.148,63.2487],[112.2344,63.126],[112.4397,63.075],[112.4002,62.9997],[112.3682,62.842],[112.175,62.7646],[112.0494,62.8181],[111.8465,62.8735],[111.7293,62.846],[111.4879,62.8728],[111.4082,62.9397],[111.6334,62.9728],[111.657,63.0409],[111.7744,63.0703],[111.8394,63.1208],[111.7864,63.1958],[111.7092,63.1867],[111.5924,63.0767]],[[139.8159,53.3401],[139.6717,53.3905],[139.6585,53.4562],[139.7478,53.5238],[139.8811,53.5557],[139.922,53.5267],[139.855,53.46],[139.8087,53.3995],[139.8159,53.3401]],[[174.3521,64.6761],[174.3518,64.5938],[174.5752,64.5806],[174.607,64.6515],[174.8036,64.6498],[174.7658,64.5678],[174.6709,64.481],[174.5407,64.4332],[174.3375,64.4371],[174.2074,64.513],[174.3521,64.6761]],[[160.1695,69.3271],[160.4802,69.2499],[160.2558,69.2376],[159.9649,69.282],[159.8077,69.3475],[159.8436,69.3782],[160.1695,69.3271]],[[160.2201,69.5188],[160.4453,69.4305],[160.0563,69.394],[160.0255,69.4565],[160.2201,69.5188]],[[32.1701,49.4044],[31.9005,49.5128],[31.9554,49.5697],[32.1145,49.5413],[32.4614,49.4261],[32.6318,49.3818],[32.6824,49.401],[32.6646,49.537],[32.7539,49.4848],[33.0154,49.2807],[33.1943,49.1188],[33.1625,48.9936],[33.0763,49.0043],[33.0435,49.0631],[32.8634,49.0873],[32.7695,49.1159],[32.4082,49.3017],[32.1701,49.4044]],[[80.2686,55.5607],[80.3081,55.4938],[80.0996,55.4127],[79.9865,55.39],[79.8473,55.3968],[79.8229,55.452],[80.0855,55.55],[80.2686,55.5607]],[[67.483,55.8064],[67.6683,55.8172],[67.5941,55.7498],[67.5037,55.713],[67.2979,55.7453],[67.3817,55.8692],[67.483,55.8064]],[[71.8623,56.192],[72.0026,56.202],[71.9475,56.1091],[71.6759,56.0669],[71.6246,56.1776],[71.7215,56.197],[71.8623,56.192]],[[35.0555,67.8271],[35.1576,67.9064],[35.0994,67.9791],[35.2215,68.059],[35.297,68.0056],[35.2433,67.9559],[35.2604,67.8803],[35.159,67.8106],[35.0555,67.8271]],[[71.3699,67.9471],[71.7085,68.0373],[71.7762,67.9502],[71.6504,67.8954],[71.3595,67.8698],[71.3699,67.9471]],[[71.3807,67.9973],[70.9706,68.0116],[70.9645,68.0983],[71.093,68.1034],[71.3807,68.0249],[71.3807,67.9973]],[[70.7904,70.0957],[70.9431,70.0541],[71.0578,69.9879],[70.851,69.9687],[70.7489,70.0333],[70.7904,70.0957]],[[70.1275,70.0756],[70.1739,70.136],[70.4888,70.0915],[70.3713,70.0147],[70.2313,70.0105],[70.1275,70.0756]],[[89.3128,68.3351],[89.3148,68.3885],[89.523,68.3993],[90.2319,68.3692],[90.6578,68.4072],[90.8688,68.4052],[91.0916,68.4427],[91.4833,68.4396],[92.1042,68.5091],[92.3308,68.4257],[91.8984,68.3981],[91.5406,68.3968],[91.1054,68.3678],[90.9196,68.311],[89.9351,68.2404],[89.7721,68.3054],[89.4719,68.3128],[89.3128,68.3351]],[[91.306,68.7931],[90.843,68.7552],[90.5439,68.71],[90.0505,68.7016],[89.9891,68.7266],[89.5466,68.8189],[89.737,68.8561],[89.9986,68.8371],[90.4451,68.7578],[90.9177,68.8156],[91.4516,68.836],[91.306,68.7931]],[[89.7611,69.4886],[89.5818,69.4439],[89.4689,69.3782],[88.9576,69.3225],[88.8452,69.3712],[89.5463,69.4949],[89.901,69.6031],[90.2053,69.6251],[91.0804,69.488],[91.4355,69.5105],[91.5591,69.4179],[90.9879,69.459],[90.6596,69.4532],[90.4082,69.5193],[90.0988,69.539],[89.7611,69.4886]],[[87.3491,69.8893],[87.4104,70.0035],[87.6468,70.0715],[87.9247,70.0903],[87.9387,70.0254],[87.6566,69.9599],[87.6815,69.8952],[87.9299,69.7563],[87.9958,69.6871],[88.0386,69.5628],[88.1607,69.4981],[87.937,69.4778],[87.7281,69.5126],[87.7211,69.6241],[87.6088,69.809],[87.3491,69.8893]],[[70.3723,70.153],[70.3443,70.1996],[70.7704,70.2166],[70.6965,70.1363],[70.5631,70.123],[70.3723,70.153]],[[27.3423,61.0012],[27.5793,60.984],[27.8098,61.0437],[27.8487,60.9842],[27.7439,60.95],[27.5354,60.9382],[27.3423,61.0012]],[[22.6315,61.234],[22.7179,61.3004],[23.0534,61.4288],[23.0457,61.3857],[22.8466,61.3241],[22.6315,61.234]],[[24.1611,61.2805],[24.024,61.2468],[24.0918,61.1851],[24.2419,61.1951],[24.3552,61.1619],[24.3521,61.0731],[23.8748,61.1833],[24.021,61.282],[24.0433,61.4231],[24.454,61.6261],[24.4908,61.679],[24.6084,61.6545],[24.4557,61.5901],[24.4693,61.528],[24.3419,61.5202],[24.1942,61.4567],[24.1284,61.3438],[24.1611,61.2805]],[[26.5435,61.6875],[26.5702,61.6231],[26.4732,61.6116],[26.1827,61.7297],[26.0767,61.704],[26.1832,61.6293],[26.1482,61.5458],[26.0592,61.5547],[25.9,61.647],[25.966,61.7433],[26.1265,61.7675],[26.2374,61.841],[26.2946,61.7161],[26.466,61.7354],[26.5435,61.6875]],[[24.5824,62.1803],[24.7284,62.1807],[24.6305,62.0427],[24.634,61.9859],[24.4175,61.9874],[24.0943,62.0202],[24.105,61.9511],[23.7584,61.7857],[23.7857,61.7288],[23.7395,61.651],[23.798,61.5992],[23.7765,61.521],[23.511,61.419],[23.5723,61.2961],[23.3647,61.4031],[23.7086,61.5109],[23.5703,61.6414],[23.667,61.7281],[23.7509,61.8772],[24.0316,61.9742],[23.9738,62.0902],[23.7381,62.1029],[23.6491,62.1656],[24.1218,62.1509],[24.1263,62.0574],[24.3243,62.03],[24.4976,62.0272],[24.5947,62.0902],[24.5824,62.1803]],[[26.35,61.8343],[26.3761,61.8703],[26.5244,61.8995],[26.7742,61.8609],[26.8729,61.9018],[26.9,61.753],[26.8625,61.6955],[26.7702,61.6664],[26.35,61.8343]],[[30.8527,62.0488],[30.9712,62.065],[31.0526,61.9701],[31.0198,61.9288],[30.8853,61.9407],[30.8527,62.0488]],[[26.0563,62.521],[26.451,62.6332],[26.469,62.7038],[26.5629,62.7063],[26.6904,62.6365],[26.8132,62.6233],[26.8219,62.6973],[26.6707,62.8169],[26.7434,62.8656],[26.7133,62.929],[26.765,62.9796],[26.9779,62.9984],[26.8887,62.8946],[26.9863,62.8577],[27.0184,62.8001],[26.8801,62.7959],[26.9826,62.6864],[26.8187,62.5638],[26.851,62.4974],[26.7355,62.4944],[26.6652,62.5509],[26.5805,62.4121],[26.5265,62.5389],[26.3828,62.5665],[26.2388,62.522],[26.2543,62.4375],[26.3123,62.3676],[25.956,62.3555],[26.0023,62.2769],[25.9459,62.2101],[25.8265,62.1482],[25.821,62.0721],[25.8783,62.021],[25.7742,61.9666],[25.6408,61.9502],[25.701,61.8852],[25.5883,61.793],[25.723,61.7785],[25.6804,61.7119],[25.7057,61.601],[25.5857,61.5911],[25.5432,61.4229],[25.5803,61.3078],[25.9774,61.255],[26.1479,61.2562],[26.2411,61.1017],[26.1501,61.003],[26.0707,61.0039],[26.1018,61.1013],[26.0262,61.1697],[25.871,61.1684],[25.6703,61.2727],[25.6566,61.2059],[25.4801,61.0877],[25.459,61.1563],[25.4995,61.2289],[25.2546,61.3662],[25.1879,61.5318],[25.3981,61.5838],[25.403,61.67],[25.228,61.7594],[25.3887,61.7935],[25.4436,61.8441],[25.3175,61.902],[25.5104,61.9307],[25.5428,61.9892],[25.6715,62.0588],[25.4721,62.1421],[25.6679,62.1356],[25.7607,62.2346],[25.8812,62.2917],[25.9225,62.3854],[25.825,62.4483],[25.7632,62.5342],[25.6896,62.5428],[25.6322,62.6274],[25.7811,62.6515],[25.7949,62.7047],[25.8877,62.7561],[25.8184,62.7941],[25.9341,62.9126],[25.8323,63.0135],[25.6175,63.0707],[25.541,63.0301],[25.5221,62.9661],[25.3679,63.0068],[25.4442,63.052],[25.4403,63.1283],[25.5888,63.2106],[25.6813,63.1375],[25.792,63.0915],[25.9034,63.1107],[26.0836,62.9935],[26.0141,62.9719],[26.3641,62.7676],[26.3021,62.7289],[26.1032,62.8264],[26.0375,62.7964],[26.0068,62.7097],[25.8205,62.6133],[25.8339,62.535],[25.9381,62.4623],[26.0563,62.521]],[[29.3453,62.1859],[29.2646,62.3936],[29.3,62.4758],[29.2613,62.5508],[29.4216,62.5226],[29.5089,62.467],[29.5889,62.5003],[29.6327,62.5972],[29.7757,62.5773],[29.9262,62.4336],[29.835,62.3887],[29.7685,62.313],[29.6406,62.3099],[29.6479,62.2234],[29.9604,62.1638],[29.9111,62.1152],[29.7083,62.1511],[29.5178,62.1231],[29.4697,62.08],[29.5524,62.0028],[29.6854,62.0037],[29.777,61.8894],[29.7271,61.8479],[29.4262,61.7344],[29.2657,61.6148],[29.1151,61.6002],[28.7302,61.6712],[28.7604,61.6099],[28.6799,61.5581],[28.6929,61.4839],[28.3451,61.3494],[28.477,61.3321],[28.7142,61.3518],[28.867,61.2473],[28.7879,61.2042],[28.2916,61.08],[27.9875,61.0797],[27.8816,61.1572],[28.0725,61.2332],[27.8619,61.2523],[27.6253,61.2139],[27.4063,61.2595],[27.368,61.326],[27.2703,61.3243],[27.3006,61.4333],[27.2961,61.557],[27.4592,61.5235],[27.5932,61.5813],[27.8163,61.7279],[28.0538,61.5105],[28.1846,61.5439],[28.2344,61.6213],[28.2617,61.7445],[28.4421,61.7679],[28.5391,61.8409],[28.8067,61.8278],[28.5792,61.9928],[28.2967,62.0968],[28.0319,62.1083],[27.8992,62.1572],[27.8766,62.3292],[27.7996,62.4294],[27.547,62.412],[27.4194,62.4961],[27.398,62.5757],[27.6,62.4941],[27.669,62.5285],[27.608,62.6008],[27.6186,62.7098],[27.6838,62.9116],[27.5599,62.8507],[27.4146,62.9016],[27.3301,63.0013],[27.1761,63.0836],[27.2068,63.1216],[27.1932,63.2893],[27.2393,63.332],[27.3628,63.3158],[27.3373,63.2133],[27.2639,63.1457],[27.4396,63.0234],[27.774,62.9957],[27.736,63.0585],[27.8484,63.0707],[27.8882,63.0189],[28.0056,63.0403],[28.1064,63.0089],[28.352,63.0397],[28.1545,62.933],[28.1868,62.8574],[28.1439,62.8252],[28.2644,62.6628],[28.6531,62.5272],[28.898,62.3903],[28.8098,62.3817],[28.5289,62.4741],[28.5554,62.5226],[28.3671,62.5871],[28.2743,62.5652],[28.1909,62.4476],[28.1026,62.4419],[28.1384,62.5381],[28.0567,62.6904],[27.9794,62.7321],[27.8493,62.7194],[27.7656,62.6795],[27.7581,62.5832],[27.8458,62.5236],[27.9154,62.4303],[28.0396,62.4089],[27.9626,62.2979],[28.0673,62.2438],[28.2765,62.2562],[28.5658,62.2216],[28.6085,62.2789],[28.765,62.3484],[28.8704,62.235],[28.8258,62.1341],[29.3453,62.1859]],[[29.1875,62.6838],[29.2193,62.7725],[29.293,62.8047],[29.3896,62.7212],[29.5221,62.7059],[29.4541,62.641],[29.2186,62.6501],[29.1875,62.6838]],[[29.8119,62.7319],[29.6664,62.682],[29.5623,62.8336],[29.5948,62.9815],[29.7474,62.8757],[29.8225,62.7947],[29.8119,62.7319]],[[36.776,62.2388],[36.813,62.4303],[36.9087,62.4663],[37.0153,62.4279],[37.0255,62.2617],[36.8983,62.1793],[36.776,62.2388]],[[33.2574,63.4234],[33.3553,63.424],[33.5862,63.4874],[33.6969,63.4093],[33.8471,63.4385],[33.9328,63.4181],[33.9912,63.2968],[34.066,63.2288],[33.8969,63.1886],[33.7033,63.1902],[33.4992,63.2163],[33.3068,63.2837],[33.2574,63.4234]],[[35.0494,63.3989],[34.8716,63.4638],[34.8288,63.4337],[34.953,63.1811],[34.8986,63.0547],[34.8354,63.2764],[34.702,63.3988],[34.5521,63.459],[34.4533,63.6234],[34.3581,63.6967],[34.2144,63.676],[34.3473,63.8512],[34.4284,63.8482],[34.8567,63.7208],[34.9896,63.5851],[34.9525,63.5402],[35.1446,63.4823],[35.3736,63.4923],[35.3817,63.4341],[35.0494,63.3989]],[[30.999,63.6677],[30.9121,63.7081],[30.8827,63.7897],[30.7488,63.8046],[30.795,63.879],[31.1668,63.8148],[31.0877,63.7544],[31.1379,63.709],[31.1286,63.613],[30.999,63.6677]],[[30.5389,62.8198],[30.604,62.8763],[30.5869,62.9371],[30.6765,62.9734],[30.7549,63.0498],[30.8309,63.0267],[30.8468,62.9544],[30.6345,62.7747],[30.5389,62.8198]],[[29.9658,63.2646],[29.9944,63.1397],[30.1385,62.9735],[30.0331,62.9594],[29.8542,63.0873],[29.8141,63.1452],[29.393,63.1826],[29.0425,63.4746],[29.092,63.5734],[29.1867,63.5143],[29.5273,63.3767],[29.7843,63.2943],[29.9151,63.3151],[29.9658,63.2646]],[[26.4682,63.0239],[26.4289,63.1639],[26.5648,63.1958],[26.586,63.2343],[26.4196,63.3295],[26.4594,63.3645],[26.6229,63.3207],[26.7414,63.2268],[26.5917,63.089],[26.6483,62.9823],[26.5375,62.9814],[26.4682,63.0239]],[[27.727,64.3967],[27.925,64.3813],[27.9297,64.3067],[27.8006,64.3041],[27.7646,64.2447],[28.1572,64.1597],[28.0733,64.1212],[27.9289,64.1448],[27.6526,64.2248],[27.5624,64.2745],[27.3229,64.2092],[27.2875,64.1307],[26.9425,64.2385],[26.793,64.3616],[26.8661,64.53],[27.1118,64.5233],[27.2137,64.4967],[27.2173,64.4139],[27.3654,64.3304],[27.727,64.3967]],[[31.3697,64.5005],[31.4728,64.4817],[31.7427,64.4773],[31.898,64.5147],[32.0146,64.4947],[32.0021,64.405],[31.5453,64.4352],[31.3457,64.4653],[31.3697,64.5005]],[[31.8291,64.9598],[31.6639,64.9447],[31.5454,65.0025],[31.4818,65.0962],[31.2456,65.1166],[31.1809,65.0781],[31.0193,65.0922],[30.7209,64.9947],[30.6459,65.0738],[30.9029,65.1218],[30.9743,65.1828],[31.3456,65.1812],[31.5765,65.1374],[31.6607,65.0316],[31.8291,64.9598]],[[32.6642,65.4774],[32.6348,65.4182],[32.4813,65.4691],[31.9963,65.5686],[31.9427,65.6215],[31.7334,65.6701],[31.5736,65.7349],[31.5074,65.7955],[31.693,65.8563],[31.9833,65.8896],[32.1185,65.8335],[32.1395,65.7839],[32.3285,65.7005],[32.3771,65.5774],[32.6642,65.4774]],[[32.9312,65.9572],[33.0865,65.9094],[33.0721,65.8327],[32.7995,65.7625],[32.7036,65.8305],[32.8421,65.8765],[32.7506,65.9745],[32.9312,65.9572]],[[158.9338,70.0923],[158.8193,69.9998],[158.6424,70.029],[158.5459,70.099],[158.6098,70.1375],[158.9247,70.1188],[158.9338,70.0923]],[[141.9603,72.4842],[141.6896,72.4645],[141.5859,72.5696],[141.6222,72.5792],[141.7939,72.5929],[141.9649,72.6083],[142.1938,72.5621],[142.153,72.5486],[142.0572,72.5177],[141.9603,72.4842]],[[101.9855,74.4132],[102.1896,74.2401],[101.9788,74.2361],[101.4265,74.3559],[101.3129,74.404],[101.3656,74.4789],[101.2131,74.491],[100.8559,74.4634],[100.8823,74.425],[101.1028,74.387],[101.1563,74.2458],[101.4391,74.0429],[101.5289,73.9531],[101.5326,73.8413],[101.1252,73.849],[100.949,73.8938],[101.104,73.9922],[101.0622,74.0951],[100.8999,74.256],[100.7678,74.2915],[100.2176,74.3465],[99.7096,74.3397],[99.6074,74.4195],[99.9719,74.4089],[100.1715,74.4399],[100.4947,74.5772],[100.4342,74.7218],[100.3184,74.8004],[100.0974,74.8609],[100.2662,74.936],[100.419,74.9475],[100.4634,75.0066],[100.2854,75.0786],[100.0419,75.1029],[100.1091,75.1601],[100.5373,75.0725],[100.6155,74.9823],[100.5438,74.932],[100.5727,74.8226],[100.7066,74.7574],[101.0589,74.6807],[101.8062,74.6411],[102.484,74.6413],[103.2531,74.676],[103.7617,74.7625],[104.234,74.8144],[104.2094,74.8588],[103.8776,74.9275],[103.9122,74.9854],[104.1171,75.0551],[104.1459,75.1125],[104.4672,75.093],[104.8644,74.9146],[105.3065,74.8549],[105.2324,74.7845],[104.5081,74.7398],[103.92,74.6327],[103.5686,74.5926],[102.4642,74.5155],[102.0409,74.502],[101.9855,74.4132]],[[17.5769,66.0045],[17.4597,66.0662],[17.6149,66.168],[17.7766,66.1875],[17.968,66.1062],[17.9481,65.9342],[18.1396,65.7777],[18.3699,65.7521],[18.5086,65.6595],[18.3781,65.6475],[18.2553,65.6768],[18.0933,65.6289],[18.071,65.7148],[17.9555,65.864],[17.8822,65.8896],[17.6928,65.8752],[17.72,65.9788],[17.5769,66.0045]],[[28.0467,66.0897],[28.1766,66.0718],[28.506,66.1365],[28.5611,66.1859],[28.8331,66.2331],[28.8687,66.3113],[29.0893,66.2988],[29.0071,66.2426],[28.7912,66.1615],[28.6258,66.063],[28.3644,66.0337],[28.0698,66.0344],[28.0467,66.0897]],[[17.1543,67.7355],[17.1308,67.7925],[17.4353,67.714],[18.116,67.5609],[18.184,67.478],[17.8383,67.586],[17.2457,67.6737],[17.1543,67.7355]],[[30.7224,66.1863],[30.8986,66.2629],[31.1033,66.2454],[31.2946,65.905],[31.1551,65.9142],[30.6515,66.0518],[30.7224,66.1863]],[[31.7654,66.8584],[32.2178,66.8352],[32.1797,66.7615],[32.339,66.6741],[32.2202,66.6014],[32.306,66.5251],[32.3549,66.4253],[31.9827,66.4991],[32.1194,66.5639],[31.901,66.7407],[31.5768,66.758],[31.6211,66.8224],[31.7654,66.8584]],[[32.2159,67.5392],[32.4057,67.4573],[32.246,67.4147],[32.1246,67.4345],[31.8986,67.5123],[31.9443,67.5442],[32.2159,67.5392]],[[34.2162,67.8821],[34.3349,67.8581],[34.3633,67.8045],[34.5514,67.6445],[34.5342,67.5523],[34.3184,67.5449],[34.3187,67.701],[34.2367,67.7714],[34.2162,67.8821]],[[27.2424,68.9465],[27.4845,69.0042],[27.5602,69.0623],[27.9406,69.1784],[28.0836,69.1899],[28.3445,69.3229],[28.5303,69.3361],[28.5664,69.2216],[28.4477,69.1527],[28.4004,69.0824],[28.2506,69.0638],[28.0924,68.9807],[28.3562,68.8725],[28.2949,68.852],[27.9895,68.8798],[27.8908,68.861],[27.9924,68.788],[27.8698,68.7424],[27.7791,68.792],[27.6548,68.7315],[27.4642,68.7609],[27.4166,68.8407],[27.2424,68.9465]],[[41.9761,37.6841],[42.2404,38.4518],[42.5989,38.4204],[42.8191,38.4204],[42.9134,38.3009],[43.2405,38.2883],[44.272,37.848],[45.5992,36.6655],[46.1967,36.3887],[46.5364,35.8478],[45.9263,35.3383],[45.6154,35.1628],[45.2406,35.4673],[43.2945,35.6686],[42.9419,36.4889],[42.0054,37.6808],[41.9761,37.6841]],[[48.7808,31.9502],[48.0547,31.8989],[47.9216,32.1349],[47.6433,32.5642],[47.014,32.7782],[46.3727,33.4976],[46.7357,33.7696],[47.5223,33.4976],[48.7203,32.6865],[49.2528,32.1041],[48.7808,31.9502]],[[11.9267,61.9309],[11.8429,62.0461],[11.7213,62.1027],[11.8455,62.2119],[11.8933,62.2999],[11.8922,62.3996],[11.9665,62.4066],[11.9289,62.2051],[11.8851,62.0886],[11.9267,61.9309]],[[14.4737,62.8871],[14.3453,62.9251],[14.4298,62.9799],[14.3572,63.0871],[14.057,63.1941],[14.0635,63.3252],[14.3937,63.2616],[14.5102,63.2652],[14.6118,63.205],[14.4549,63.1533],[14.4222,63.0897],[14.4737,62.8871]],[[12.9299,63.6857],[13.1165,63.7256],[13.0854,63.6503],[13.1191,63.5543],[13.0101,63.5442],[12.8993,63.6524],[12.9299,63.6857]]]},"properties":{"NAME":null,"ABBREVN":null,"type":null,"weblnks":null,"SUBJECTO":null,"BORDERPRECISION":1,"PARTOF":null}},
{"type":"Feature","geometry":{"type":"Polygon","coordinates":[[[30.5064,59.6994],[30.5743,59.9901],[29.9786,60.4577],[29.0458,60.1818],[29.3914,60.1592],[29.5467,60.1975],[29.7217,60.1922],[29.8756,60.1478],[29.8928,60.0875],[29.9714,60.0181],[30.22,59.9897],[30.2136,59.8897],[30.1266,59.806],[29.9632,59.7366],[29.7655,59.7362],[29.4136,59.86],[29.0761,59.9078],[28.922,59.8091],[28.7959,59.6722],[28.6627,59.6443],[28.4444,59.7337],[28.351,59.6021],[28.2663,59.5622],[28.1631,59.5907],[28.0942,59.6647],[28.0207,59.6564],[28.0694,59.5522],[28.0159,59.4542],[27.8936,59.3461],[27.702,59.2975],[27.2651,59.338],[26.999,59.3177],[26.8619,59.3717],[26.3433,59.4466],[25.7211,59.4598],[25.49,59.42],[25.4488,59.494],[25.2483,59.3618],[24.7512,59.4485],[24.7138,59.3518],[24.5709,59.3743],[24.5376,59.3234],[24.3416,59.3689],[24.2819,59.2841],[24.0296,59.2354],[24.0321,59.1757],[23.4763,59.1265],[23.4366,59.0616],[23.4525,58.9864],[23.4161,58.9105],[23.4831,58.81],[23.5917,58.788],[23.7914,58.8008],[23.8675,58.7664],[23.6008,58.7325],[23.4955,58.6942],[23.5119,58.5809],[23.6905,58.6655],[23.6794,58.4253],[23.7708,58.3469],[23.9733,58.3158],[24.1106,58.2322],[24.238,58.2714],[24.3261,58.3847],[24.4589,58.3783],[24.5556,58.3272],[24.4869,58.2586],[24.4567,58.0761],[24.415,58.0319],[24.4156,57.9479],[24.2896,57.7936],[24.3322,57.698],[24.4106,57.3464],[24.4131,57.2728],[24.2663,57.0301],[24.1584,56.9755],[23.7678,56.8659],[23.4145,56.8924],[23.2154,56.9807],[23.0709,57.2613],[22.8814,57.3341],[22.5854,57.5087],[22.5636,57.6156],[22.433,57.6156],[22.2854,57.565],[21.8103,57.4754],[21.6773,57.4637],[21.4596,57.2496],[21.4121,57.2209],[21.4156,57.0694],[21.3298,56.9685],[21.3244,56.8544],[21.0583,56.7043],[21.0267,56.6142],[21.0578,56.5106],[20.9955,56.5083],[20.9686,56.3636],[20.9889,56.19],[21.0464,56.1092],[21.0672,55.9914],[21.0431,55.9167],[21.0739,55.7367],[21.1453,55.6761],[21.2472,55.4633],[21.1995,55.3683],[21.2767,55.3228],[21.2742,55.2242],[21.2193,55.1926],[25.4979,55.5465],[26.7356,53.7974],[28.1566,53.8245],[29.3943,54.8665],[29.5091,55.6693],[29.6235,56.4691],[30.0756,57.9517],[30.1735,58.273],[30.5064,59.6994]],[[27.8754,57.9204],[27.8027,57.9902],[27.6238,58.0143],[27.4727,58.2167],[27.4255,58.3031],[27.3239,58.4019],[27.2366,58.4522],[27.1567,58.6479],[26.9664,58.8056],[26.9741,58.8843],[27.1073,58.9542],[27.2981,58.9949],[27.5237,59.0069],[27.683,58.9796],[27.7484,58.9121],[27.8205,58.4849],[27.5827,58.3064],[27.5918,58.1746],[27.8651,58.1735],[27.973,58.1326],[28.097,58.0444],[28.1692,57.9145],[28.1018,57.86],[27.9921,57.8681],[27.8754,57.9204]],[[25.9279,58.3051],[25.9661,58.3816],[26.1215,58.3737],[26.1406,58.2688],[26.051,58.1458],[25.9279,58.3051]]]},"properties":{"NAME":"Narva","ABBREVN":"Narva","type":null,"weblnks":null,"SUBJECTO":"Narva","BORDERPRECISION":1,"PARTOF":"Narva"}},
{"type":"Feature","geometry":{"type":"Polygon","coordinates":[[[26.9874,51.8791],[28.4033,52.4146],[29.8778,54.518],[29.5091,55.6693],[29.3943,54.8665],[28.1566,53.8245],[26.7356,53.7974],[25.4979,55.5465],[21.2193,55.1926],[21.1973,55.159],[21.2233,54.9911],[21.1373,54.8455],[20.9852,54.8116],[19.9426,54.8499],[19.9612,54.6953],[20.0843,54.6731],[20.1936,54.6969],[20.405,54.6828],[20.1942,54.575],[20.1886,54.522],[19.727,54.3082],[19.9853,53.991],[22.6816,52.7158],[26.4462,52.1263],[26.9874,51.8791]]]},"properties":{"NAME":"Nemay","ABBREVN":"Nemay","type":null,"weblnks":null,"SUBJECTO":"Nemay","BORDERPRECISION":1,"PARTOF":"Nemay"}},
{"type":"Feature","geometry":{"type":"MultiPolygon","coordinates":[[[[18.1733,57.1419],[18.2544,57.0792],[18.2567,57.0322],[18.1583,56.9417],[18.3025,56.9375],[18.3467,56.9986],[18.3392,57.0686],[18.3914,57.13],[18.7119,57.2417],[18.7883,57.4483],[18.7597,57.508],[18.8092,57.7036],[18.9294,57.7397],[19.0333,57.8269],[19.0047,57.9086],[18.725,57.9228],[18.4672,57.8119],[18.2947,57.6458],[18.1792,57.5883],[18.1114,57.5194],[18.1581,57.3158],[18.1733,57.1419]]],[[[11.9631,54.6297],[11.9697,54.6994],[12.0553,54.7747],[12.1667,54.8339],[12.1106,54.8875],[12.02,54.8964],[11.8467,54.9561],[11.7086,54.9367],[11.8992,54.7186],[11.8719,54.6514],[11.9631,54.6297]]],[[[12.4973,58.92],[12.5571,58.8189],[12.6758,58.9867],[10.3825,60.3933],[8.4028,58.2544],[8.6919,58.3772],[8.7393,58.4487],[9.0031,58.6014],[9.1767,58.6522],[9.3487,58.7587],[9.5075,58.8919],[9.6931,58.9831],[9.5442,59.105],[9.6142,59.1178],[9.8256,59.0144],[9.8775,58.955],[10.0208,58.967],[10.0267,59.0067],[10.1631,59.0467],[10.3272,59.2053],[10.3639,59.2653],[10.4558,59.2419],[10.5136,59.2986],[10.4836,59.4153],[10.2469,59.5378],[10.4881,59.5175],[10.5836,59.5581],[10.5853,59.6531],[10.5192,59.6811],[10.4717,59.8433],[10.6339,59.8531],[10.5594,59.7356],[10.6199,59.6411],[10.6928,59.4656],[10.6589,59.4325],[10.7647,59.2203],[11.1725,59.0686],[11.1069,58.95],[11.1942,58.9175],[11.2361,58.8036],[11.1769,58.7308],[11.2522,58.6531],[11.2383,58.3469],[11.4953,58.2361],[11.6075,58.2628],[11.735,58.3283],[11.8861,58.2119],[11.7767,58.0594],[11.8014,58.0264],[11.7414,57.8922],[11.6681,57.8458],[11.6989,57.6972],[11.8686,57.6806],[11.9222,57.5639],[11.9042,57.4219],[12.0514,57.4578],[12.1458,57.3092],[12.1467,57.1883],[12.2536,57.0481],[12.4181,56.8972],[12.5739,56.8339],[12.6,56.7778],[12.7186,56.6433],[12.8875,56.6383],[12.9375,56.5211],[12.8527,56.4399],[12.6797,56.4664],[12.6228,56.4],[12.7408,56.3522],[12.8347,56.258],[12.7187,56.2228],[12.4517,56.2978],[12.6097,56.1117],[12.6814,56.0619],[13.0597,55.6931],[13.0406,55.6275],[12.9144,55.5622],[12.9822,55.4006],[13.3447,55.3392],[13.7103,55.4242],[13.9119,55.4339],[14.0589,55.3861],[14.1935,55.3861],[14.3728,55.5378],[14.1922,55.7258],[14.2172,55.8303],[14.3694,55.9589],[14.5514,56.0553],[14.7383,56.0108],[14.7678,56.0364],[14.6819,56.1156],[14.6967,56.1611],[15.0889,56.16],[15.3753,56.1381],[15.7758,56.1478],[15.9986,56.2083],[16.0433,56.2689],[16.1042,56.4256],[16.2161,56.6072],[16.3081,56.655],[16.4267,56.8436],[16.4544,56.9553],[16.5847,57.0439],[16.5461,57.1169],[16.4672,57.1586],[16.4672,57.2767],[16.5419,57.3769],[16.6311,57.3769],[16.6892,57.4853],[16.6256,57.6197],[16.7019,57.7139],[16.4764,57.84],[16.6136,57.8922],[16.7325,57.8728],[16.78,57.9144],[16.74,57.9619],[16.6393,57.9875],[16.7318,58.0492],[16.8247,58.1994],[16.71,58.4036],[16.9286,58.4925],[16.7272,58.6006],[16.9053,58.6161],[17.1383,58.6897],[17.1567,58.7328],[17.35,58.7522],[17.6261,58.9019],[17.5914,58.9436],[17.6639,59.1683],[17.7647,59.1239],[17.7894,58.9431],[17.8914,58.8967],[18.0214,59.0419],[18.2214,59.1169],[18.31,59.2197],[18.3436,59.3075],[18.5931,59.3017],[18.6403,59.3389],[18.5297,59.4175],[18.4281,59.4314],[18.4036,59.3667],[18.2894,59.3686],[18.2069,59.3294],[17.9783,59.332],[17.8587,59.2706],[17.7412,59.2694],[17.3707,59.2949],[17.3878,59.2469],[16.9139,59.4458],[16.7922,59.4286],[16.2764,59.444],[16.1692,59.44],[16.0664,59.4825],[16.4727,59.5194],[16.5017,59.5964],[16.5738,59.6117],[16.6995,59.5513],[16.8264,59.5853],[17.3721,59.4958],[17.3728,59.6089],[17.5345,59.5394],[17.7037,59.6041],[17.4481,59.7356],[17.6281,59.7889],[17.6483,59.6658],[17.7242,59.6539],[17.8228,59.5808],[17.7729,59.4141],[18.0914,59.3344],[18.0847,59.4319],[18.3783,59.4675],[18.7342,59.6325],[18.7456,59.6892],[19.0322,59.72],[19.0806,59.7706],[18.9347,59.7836],[18.9692,59.8656],[18.8933,59.9533],[18.8147,60.0903],[18.7114,60.1281],[18.4217,60.1872],[18.4489,60.2397],[18.6011,60.2411],[18.4319,60.3439],[18.2344,60.3267],[17.9653,60.5906],[17.8806,60.5969],[17.7331,60.5475],[17.6078,60.5561],[17.6358,60.6186],[17.5553,60.6433],[17.3597,60.6405],[17.2836,60.7717],[17.2447,60.8911],[17.1544,60.9406],[17.1811,61.1903],[17.2136,61.3256],[17.1047,61.3917],[17.2133,61.4253],[17.0986,61.6028],[17.3681,61.7004],[17.4328,61.6311],[17.5236,61.7017],[17.4403,61.7269],[17.3364,61.8188],[13.9209,59.3293],[14.0455,59.3136],[14.0273,59.2043],[13.9306,59.0898],[14.0908,59.0794],[13.9952,58.9448],[13.9541,58.8437],[13.7995,58.7224],[13.5173,58.6633],[13.1946,58.511],[13.1482,58.5972],[13.0406,58.6043],[12.8687,58.5038],[12.5619,58.3732],[12.5543,58.4298],[12.3347,58.3738],[12.6113,58.6413],[12.5037,58.6946],[12.4713,58.7828],[12.4973,58.92]],[[16.356,59.2876],[15.921,59.194],[15.8158,59.1489],[15.6241,59.1674],[15.5196,59.2551],[15.6131,59.3167],[15.7277,59.2982],[15.9902,59.2864],[16.356,59.2876]],[[14.9681,58.8488],[14.8914,58.5917],[14.9462,58.5109],[14.6864,58.3947],[14.5824,58.2017],[14.4994,58.0855],[14.3393,57.9333],[14.245,57.8095],[14.1593,57.7963],[14.1211,57.9245],[14.2132,58.1502],[14.5066,58.5607],[14.6316,58.6798],[14.9321,58.8541],[14.9681,58.8488]]],[[[19.9853,53.991],[19.5704,54.2551],[19.3281,54.1615],[19.2321,54.2221],[19.255,54.2772],[18.6849,54.254],[18.5132,54.3158],[18.3385,54.6026],[18.5058,54.6356],[18.2794,54.7241],[16.9759,54.5493],[16.1147,54.1996],[15.3117,54.071],[14.8858,53.9796],[14.4674,53.9104],[14.4853,53.8639],[14.585,53.8447],[14.6211,53.7714],[14.4953,53.6248],[14.5371,53.5382],[14.2802,53.6134],[14.1769,53.6834],[13.8502,53.7293],[13.7643,53.8772],[13.6676,54.0842],[13.431,54.0302],[13.0638,54.1937],[12.9431,54.347],[12.6525,54.3214],[12.3119,54.2019],[11.5813,54.0375],[11.4078,53.8593],[11.1514,53.9384],[10.8837,53.8824],[10.7167,53.9639],[10.79,53.9972],[10.7581,54.0519],[10.8875,54.0933],[11.073,54.2196],[10.6486,54.259],[10.3402,54.3623],[10.1417,54.3368],[9.8648,54.4114],[9.8931,54.4819],[9.9798,54.5117],[9.8644,54.7263],[9.6606,54.8122],[9.4392,54.8022],[9.5028,54.8683],[9.4872,55.0805],[9.5173,55.1649],[9.5439,55.3513],[9.5883,55.4217],[9.7042,55.5311],[9.8062,55.6112],[9.8317,55.6714],[9.9928,55.705],[10.0458,55.7503],[10.0123,55.8746],[10.1056,55.8772],[10.1731,55.8269],[10.2299,55.9509],[10.1752,56.0759],[10.2442,56.115],[10.2468,56.1786],[10.4006,56.2908],[10.5083,56.265],[10.3531,56.1953],[10.5153,56.1008],[10.6178,56.2264],[10.6864,56.1942],[10.8266,56.2466],[10.8887,56.3687],[10.3138,56.4695],[10.1594,56.7206],[10.2162,56.8498],[9.3701,56.8823],[9.3204,56.6807],[9.3442,56.5664],[9.3119,56.4811],[9.0667,56.5626],[9.0446,56.5953],[8.8686,56.6161],[8.4522,56.4116],[8.1834,56.4315],[8.1245,56.2075],[8.1411,56.1117],[8.3089,56.0547],[8.3942,55.8919],[8.3239,55.8561],[8.1532,55.6549],[8.0914,55.5447],[8.2569,55.4911],[8.44,55.4522],[8.5994,55.4411],[8.6639,55.3205],[8.6614,55.2033],[8.6322,55.1324],[8.6547,54.9819],[8.6091,54.8438],[8.8508,54.6208],[9.0194,54.4931],[8.9364,54.4315],[8.8524,54.3316],[8.884,54.2294],[8.8253,54.1547],[8.9711,54.1317],[9.0128,54.05],[8.8659,53.986],[8.9833,53.8903],[8.962,53.837],[8.8485,53.7497],[8.5395,53.8007],[8.4833,53.6903],[8.5675,53.5361],[8.4828,53.4539],[8.3153,53.5217],[8.3097,53.4514],[8.2419,53.3523],[8.0291,53.3726],[8.0986,53.4441],[8.011,53.5657],[7.875,53.6337],[7.3324,53.6044],[7.0528,53.52],[7.0156,53.4147],[7.0581,53.3372],[7.2269,53.3364],[7.2084,53.2428],[7.0433,53.164],[6.861,53.2658],[6.2607,53.3217],[5.6473,53.2278],[5.4111,53.1403],[5.3642,53.0703],[5.4078,53.035],[5.4131,52.9026],[5.455,52.8572],[5.5948,52.8482],[5.667,52.8173],[5.618,52.7577],[5.6191,52.6585],[5.855,52.6069],[5.8781,52.5094],[5.7569,52.3337],[5.4732,52.1766],[4.9498,52.2779],[5.0337,52.349],[4.9069,52.3742],[4.8453,52.4102],[4.5844,52.4615],[4.4417,52.2525],[4.3686,52.1772],[4.0408,51.9093],[4.0278,51.7892],[4.1558,51.6839],[4.1042,51.6619],[3.9758,51.7289],[3.8125,51.7447],[3.6948,51.6828],[3.9675,51.6144],[3.9956,51.5794],[4.2669,51.5083],[4.2861,51.4486],[4.1256,51.4383],[4.0558,51.5056],[3.9214,51.5492],[3.8372,51.6067],[3.5689,51.5972],[3.521,51.5788],[3.769,51.4018],[3.9067,51.4],[3.9278,51.4305],[4.2025,51.405],[4.1981,51.3744],[3.9614,51.3697],[3.8177,51.3419],[3.2483,50.3428],[6.8093,50.5695],[7.1146,47.6056],[13.7789,48.5235],[15.9155,48.2193],[19.3749,48.9262],[21.5115,49.5572],[27.4127,50.4077],[26.9874,51.8791],[22.6816,52.7158],[19.9853,53.991]]],[[[12.3953,55.0325],[12.3119,55.0353],[12.1358,54.9567],[12.1836,54.8803],[12.3617,54.9622],[12.5206,54.9442],[12.5278,55.0103],[12.3953,55.0325]]],[[[12.4956,55.6039],[12.5961,55.6994],[12.5986,55.7933],[12.5192,55.9114],[12.6189,56.0419],[12.5142,56.0878],[12.275,56.1272],[12.1742,56.1036],[11.9192,55.9944],[12.0422,55.9192],[12.0922,55.6983],[12.0572,55.6533],[11.9358,55.6533],[11.9706,55.7175],[12.0556,55.7514],[12.0014,55.8892],[11.9028,55.9258],[11.8436,55.7644],[11.6706,55.8142],[11.6703,55.8905],[11.7528,55.9644],[11.5078,55.9189],[11.4869,55.8417],[11.3433,55.7475],[11.2111,55.6989],[10.9531,55.7381],[11.0892,55.6628],[11.1444,55.5775],[11.2181,55.3936],[11.1878,55.3389],[11.2442,55.2044],[11.4169,55.2158],[11.5531,55.1908],[11.7411,55.1989],[11.7978,55.1558],[11.7306,55.0606],[11.8964,54.9914],[12.0719,54.9686],[12.1736,55.005],[12.1814,55.1142],[12.075,55.1289],[12.0361,55.1733],[12.2439,55.2369],[12.3156,55.2328],[12.4617,55.2864],[12.4519,55.3364],[12.3767,55.3953],[12.2317,55.4244],[12.1908,55.4786],[12.2533,55.5525],[12.3808,55.61],[12.4956,55.6039]]],[[[11.6406,54.6625],[11.785,54.64],[11.8583,54.6894],[11.845,54.77],[11.7086,54.8753],[11.6425,54.8778],[11.5644,54.8219],[11.3611,54.8839],[11.2756,54.9497],[11.0714,54.9408],[11.0136,54.8903],[11.0317,54.7561],[11.2622,54.7072],[11.4614,54.6189],[11.6406,54.6625]]],[[[10.1353,55.1172],[10.1528,55.0844],[10.4978,55.0289],[10.5989,55.0581],[10.7256,55.0622],[10.7794,55.1178],[10.8344,55.2903],[10.7444,55.4967],[10.6581,55.59],[10.6003,55.4828],[10.4256,55.4386],[10.4847,55.5325],[10.3097,55.6169],[10.0003,55.5413],[9.9217,55.5097],[9.7486,55.5403],[9.68,55.5036],[9.8108,55.4367],[9.8872,55.3422],[9.8969,55.2797],[10.0058,55.1933],[10.0986,55.188],[10.1353,55.1172]]],[[[9.4781,57.0189],[9.503,56.9751],[10.1602,57.002],[9.9743,57.0717],[9.7747,57.0542],[9.5592,57.0047],[9.4781,57.0189]]],[[[8.7389,56.8947],[8.6475,56.8872],[8.617,56.8308],[8.5097,56.7417],[8.666,56.7005],[8.7781,56.7985],[8.8136,56.905],[8.7389,56.8947]]]]},"properties":{"NAME":"Funnel-Beaker","ABBREVN":"Funnel-Beaker","type":null,"weblnks":null,"SUBJECTO":"Funnel-Beaker","BORDERPRECISION":1,"PARTOF":"Funnel-Beaker"}},
{"type":"Feature","geometry":{"type":"Polygon","coordinates":[[[48.7808,31.9502],[49.2528,32.1041],[48.7203,32.6865],[47.5223,33.4976],[46.7357,33.7696],[46.3727,33.4976],[47.014,32.7782],[47.6433,32.5642],[48.0547,31.8989],[48.7808,31.9502]]]},"properties":{"NAME":"Elam","ABBREVN":"Elam","type":null,"weblnks":null,"SUBJECTO":"Elam","BORDERPRECISION":1,"PARTOF":"Elam"}}
]}