{"type":"FeatureCollection", "features": [
{"type":"Feature","geometry":{"type":"Polygon","coordinates":[[[-2.8002,51.5575],[-1.0181,51.5528],[0.6311,50.9134],[1.335,51.1207],[1.3647,51.3529],[0.6862,51.5604],[1.5119,52.0258],[1.6917,52.3114],[1.3759,52.8092],[0.7418,52.9012],[0.3268,52.7075],[0.0055,52.7867],[0.2678,53.1267],[0.081,53.3862],[-0.3192,53.5789],[-0.2955,54.0332],[-0.8706,54.5472],[-1.3889,54.6805],[-1.719,55.4537],[-2.245,55.811],[-2.7421,55.9572],[-2.9805,56.3536],[-2.6671,56.471],[-2.1589,57.0143],[-1.9446,57.4017],[-2.1504,57.572],[-4.1484,57.5545],[-4.1505,57.8348],[-3.1664,58.2751],[-3.165,58.5222],[-4.5099,58.4029],[-4.9071,58.169],[-5.3459,58.0927],[-5.763,57.6198],[-5.5466,56.6524],[-5.2707,56.5441],[-5.6331,55.9399],[-4.6233,55.908],[-4.9078,55.6639],[-4.6384,55.4279],[-5.1114,54.7941],[-4.5999,54.6878],[-3.5767,54.9245],[-3.1525,54.8381],[-3.5692,54.415],[-3.2615,54.1412],[-2.8653,54.0283],[-3.0567,53.5136],[-2.9145,53.2671],[-3.9567,53.2052],[-4.3175,53.0912],[-4.1475,52.8319],[-4.1236,52.3733],[-4.2947,52.2003],[-5.0615,52.0064],[-4.999,51.7017],[-4.1593,51.6768],[-3.4991,51.4597],[-2.8002,51.5575]]]},"properties":{"NAME":null,"ABBREVN":null,"type":null,"weblinks":null,"SUBJECTO":null,"BORDERPRECISION":1,"PARTOF":null}},
{"type":"Feature","geometry":{"type":"Polygon","coordinates":[[[5.9261,45.1163],[6.1119,44.4127],[7.2267,44.5453],[8.3415,45.7249],[11.0665,46.0267],[13.1103,46.4977],[14.7825,47.1755],[11.9336,47.3856],[8.9608,46.7104],[6.2977,45.7249],[5.9261,45.1163]]]},"properties":{"NAME":null,"ABBREVN":null,"type":null,"weblinks":null,"SUBJECTO":null,"BORDERPRECISION":1,"PARTOF":null}},
{"type":"Feature","geometry":{"type":"Polygon","coordinates":[[[-73.6726,-16.1967],[-73.283,-16.3674],[-71.8632,-17.1203],[-71.6119,-17.2215],[-71.3652,-17.6974],[-70.5841,-18.0833],[-70.296,-18.629],[-70.2085,-19.0672],[-70.1124,-20.6934],[-70.1106,-21.7479],[-70.292,-22.9871],[-70.5732,-23.1656],[-70.5796,-23.4896],[-70.3595,-23.6607],[-70.4628,-23.9341],[-70.4977,-24.8298],[-70.3981,-25.2489],[-70.683,-25.7704],[-70.6546,-26.2595],[-70.9346,-27.7274],[-71.142,-27.9946],[-71.4301,-29.1005],[-71.2336,-29.5193],[-71.3295,-30.1039],[-71.6816,-30.6],[-71.6954,-30.8541],[-71.4161,-32.7526],[-71.7504,-33.1915],[-71.6157,-33.7057],[-71.9627,-34.2462],[-72.1666,-34.9579],[-72.6288,-35.6459],[-73.1442,-37.1558],[-73.6725,-37.5009],[-73.435,-37.9018],[-73.4412,-38.6284],[-73.1938,-39.5654],[-73.7594,-40.2434],[-73.9052,-40.839],[-73.5936,-41.6972],[-73.1777,-41.7606],[-72.8909,-41.5291],[-72.5872,-41.6183],[-72.7311,-41.9072],[-72.4659,-42.035],[-72.4381,-42.3045],[-72.7474,-42.4464],[-72.7236,-42.7996],[-72.5297,-43.0627],[-72.9985,-43.3337],[-73.058,-44.1896],[-72.5827,-44.4398],[-72.6771,-44.7493],[-73.3141,-45.086],[-73.5711,-46.2649],[-73.9697,-46.7134],[-74.0418,-46.0908],[-74.189,-45.8449],[-74.5639,-45.8715],[-74.8639,-46.2286],[-75.0112,-46.7739],[-74.4632,-46.7988],[-73.9788,-47.0317],[-74.328,-47.2924],[-74.5453,-47.6832],[-74.1541,-47.8386],[-73.7637,-47.7728],[-73.3605,-47.9738],[-73.4387,-48.1564],[-74.2103,-48.0081],[-74.133,-48.4773],[-74.3124,-48.7451],[-74.0749,-50.4734],[-73.5302,-50.4329],[-73.8894,-50.9079],[-74.2694,-50.9944],[-73.6379,-51.3562],[-73.8753,-51.5615],[-73.4081,-52.0238],[-72.8102,-51.93],[-72.4492,-52.1611],[-72.5588,-52.5726],[-71.678,-52.6439],[-72.7842,-52.8985],[-72.5055,-53.0642],[-72.0511,-53.07],[-71.4425,-52.8294],[-71.152,-52.9618],[-71.8723,-53.6956],[-71.4423,-53.8816],[-70.998,-53.8207],[-70.9051,-53.2341],[-70.7336,-52.8015],[-69.8952,-52.6272],[-69.483,-52.3609],[-68.4105,-52.4053],[-69.0769,-51.4993],[-69.167,-51.1494],[-69.0409,-50.5624],[-68.706,-50.2853],[-67.8335,-49.9682],[-67.6498,-49.6209],[-67.5776,-49.0585],[-67.2572,-48.7445],[-66.0777,-48.1421],[-65.8389,-47.868],[-65.776,-47.2301],[-66.6709,-47.0174],[-67.3281,-46.5316],[-67.4725,-45.9223],[-67.2253,-45.5527],[-66.6949,-45.1311],[-66.1943,-44.9815],[-65.4362,-44.8897],[-65.6366,-44.6259],[-65.2698,-44.2579],[-65.3072,-43.6014],[-65.0473,-43.3307],[-64.3093,-43.0271],[-65.0171,-42.8807],[-64.6879,-42.6487],[-64.2173,-42.6157],[-64.0011,-42.8529],[-63.6,-42.7044],[-63.729,-42.101],[-64.2937,-42.2048],[-64.2859,-42.4745],[-64.6439,-42.4367],[-64.992,-42.1934],[-64.9414,-41.5517],[-65.1532,-40.9753],[-64.9389,-40.8275],[-63.8419,-41.1584],[-62.964,-41.1375],[-62.2598,-40.8029],[-62.4658,-40.3679],[-62.0678,-39.5558],[-62.351,-39.3331],[-62.3099,-38.8802],[-61.3607,-39.0313],[-59.5154,-38.8745],[-58.6512,-38.6942],[-57.8089,-38.3865],[-57.5021,-37.9269],[-56.6981,-36.9441],[-56.7997,-36.543],[-57.2936,-36.2702],[-57.4192,-35.9968],[-57.2255,-35.4363],[-57.4793,-35.2141],[-58.107,-34.961],[-58.5228,-34.5871],[-58.3397,-34.2161],[-57.7868,-34.5983],[-57.3477,-34.5084],[-56.719,-34.6914],[-56.3383,-34.9955],[-55.3831,-34.8157],[-54.9898,-34.9673],[-54.6215,-34.9221],[-54.0743,-34.6478],[-53.7932,-34.3995],[-53.4319,-33.9034],[-52.9214,-33.4386],[-52.3507,-32.6752],[-52.0422,-31.5566],[-51.6023,-31.2317],[-51.4454,-31.0154],[-51.2324,-30.2654],[-50.5817,-30.4165],[-50.4687,-30.7402],[-49.9363,-29.6274],[-49.5465,-29.1565],[-48.9373,-28.6978],[-48.7284,-28.3671],[-48.5639,-27.6806],[-48.6026,-26.6769],[-48.7754,-26.385],[-48.6106,-26.2449],[-48.5162,-25.8763],[-48.7245,-25.4256],[-48.1255,-25.2909],[-47.8862,-24.9855],[-46.2062,-23.8828],[-45.7953,-23.7358],[-45.4592,-23.8558],[-45.1482,-23.493],[-44.6575,-23.2633],[-44.5613,-22.9899],[-43.8152,-22.9565],[-42.9674,-23.031],[-41.9578,-22.9208],[-41.9292,-22.5459],[-41.5249,-22.2528],[-40.9835,-22.0864],[-41.0481,-21.6609],[-40.9328,-21.2794],[-40.4783,-20.6494],[-40.1398,-19.9752],[-39.8355,-19.7014],[-39.6913,-19.4088],[-39.8014,-18.7483],[-39.6661,-18.227],[-39.4842,-17.9978],[-39.1425,-17.7747],[-39.2077,-17.1458],[-38.9482,-16.0016],[-39.1262,-14.3245],[-39.0697,-13.7208],[-38.8279,-12.9832],[-38.7989,-12.6273],[-38.2661,-12.8867],[-37.6366,-11.9513],[-37.4097,-11.4679],[-37.3621,-11.131],[-37.1865,-10.8447],[-36.8289,-10.7359],[-35.5986,-9.6276],[-35.3656,-9.2459],[-35.1142,-8.6607],[-34.8907,-7.6118],[-34.9184,-7.167],[-35.0391,-6.6526],[-35.4644,-5.2683],[-35.6648,-5.1797],[-36.6359,-5.1183],[-37.1806,-4.9543],[-37.7348,-4.5297],[-38.7864,-3.6043],[-39.7218,-3.009],[-40.2309,-2.8512],[-41.1025,-2.9738],[-42.3165,-2.8176],[-43.0681,-2.4507],[-43.334,-2.4322],[-44.2221,-2.7772],[-44.5934,-3.1466],[-44.711,-2.7592],[-44.4617,-2.2694],[-44.7959,-1.7364],[-45.0756,-1.6035],[-45.3713,-1.7567],[-45.6426,-1.3633],[-46.4899,-1.0347],[-46.9283,-0.9276],[-47.2371,-0.6804],[-47.4745,-0.7699],[-48.0425,-0.8156],[-48.3895,-1.4137],[-49.2211,-2.1081],[-49.6223,-1.9247],[-50.3993,-1.9645],[-50.6431,-1.8825],[-50.9768,-1.1143],[-51.5678,-1.446],[-52.0216,-1.5677],[-51.7742,-0.8555],[-51.5294,-0.4292],[-51.1704,-0.0789],[-50.6468,0.2717],[-50.1201,1.0545],[-49.8843,1.2139],[-49.9692,1.7284],[-50.4091,1.8228],[-50.6881,2.2162],[-50.9004,2.8385],[-51.2093,4.0707],[-51.4393,4.3244],[-51.7101,4.2285],[-52.0979,4.6915],[-53.0267,5.4267],[-53.7389,5.6476],[-54.2862,5.8815],[-54.8948,5.9946],[-55.8098,5.999],[-55.9108,5.7763],[-56.7464,6.0033],[-57.0651,5.8374],[-57.4137,6.3514],[-58.0057,6.7886],[-58.3746,6.826],[-58.5751,6.9844],[-58.6166,7.4991],[-58.8811,7.7972],[-59.8344,8.4402],[-60.2125,8.5633],[-60.9567,8.5871],[-61.2706,8.5102],[-61.2899,8.7707],[-61.1211,9.1651],[-60.7927,9.3882],[-61.4147,9.6983],[-61.5309,9.8506],[-62.3846,10.014],[-62.9253,10.3687],[-62.9143,10.5467],[-62.3356,10.5352],[-62.2897,10.7323],[-62.7031,10.7569],[-64.0683,10.6268],[-64.5374,10.2635],[-64.8837,10.1357],[-65.3759,10.1537],[-65.9767,10.4066],[-66.1565,10.6223],[-66.4781,10.6788],[-67.9796,10.5421],[-68.3025,10.7257],[-68.3724,11.0116],[-68.6946,11.3795],[-69.4807,11.5494],[-69.7429,11.6566],[-69.7863,11.9396],[-69.9735,12.2284],[-70.3393,11.9988],[-70.1974,11.7512],[-69.9228,11.79],[-69.7478,11.5335],[-71.0984,11.1201],[-71.4563,10.8847],[-71.4956,10.6462],[-71.0894,9.9189],[-71.0442,9.3915],[-71.3694,9.143],[-71.6047,9.0916],[-72.114,9.904],[-71.8959,10.4401],[-71.688,10.7693],[-71.9879,11.6076],[-71.5936,11.8436],[-71.1887,11.9116],[-71.1305,12.2132],[-71.4368,12.4223],[-71.6979,12.4281],[-72.0588,12.2366],[-72.3797,11.8101],[-72.7614,11.6949],[-73.3623,11.325],[-74.2189,11.3676],[-74.3228,10.9225],[-74.7669,11.0613],[-75.0335,10.9527],[-75.4504,10.6277],[-75.5433,10.4114],[-75.7027,9.426],[-76.1577,9.3106],[-76.3834,8.9796],[-76.7635,8.6928],[-76.8515,8.4638],[-76.7023,8.1146],[-76.8582,7.93],[-77.2417,8.4757],[-77.4947,8.6615],[-77.6775,8.961],[-78.2665,9.3855],[-79.5004,9.6384],[-80.1243,9.2239],[-80.3557,9.2031],[-80.9625,8.8649],[-81.495,8.8647],[-82.2296,9.0465],[-82.326,9.4449],[-82.752,9.7445],[-83.2041,10.2002],[-83.7466,10.8785],[-83.9141,11.2514],[-83.8831,12.1222],[-83.6881,12.9616],[-83.6624,13.7053],[-83.418,14.0681],[-83.3135,14.7675],[-83.5272,15.2366],[-84.132,15.3751],[-84.1714,15.7628],[-84.6505,15.9334],[-85.632,15.8741],[-85.8871,15.9943],[-86.372,15.8026],[-87.0214,15.8202],[-87.5706,15.908],[-88.2739,15.7472],[-88.4802,15.9125],[-88.6643,15.7258],[-88.9408,16.0334],[-88.4445,16.4412],[-88.2419,17.0135],[-88.327,17.1566],[-88.3004,17.6354],[-88.1119,18.1939],[-88.3205,18.4944],[-88.1377,18.8944],[-87.8771,18.3809],[-87.6371,19.5747],[-87.6507,20.1899],[-86.9359,20.9764],[-86.9216,21.3006],[-87.2006,21.5289],[-87.5969,21.4835],[-88.3337,21.59],[-89.0581,21.3978],[-90.2775,21.1414],[-90.5588,20.9912],[-90.6731,20.6764],[-90.6724,19.9467],[-90.8962,19.7535],[-90.9348,19.3815],[-91.2197,19.1025],[-91.7025,18.8235],[-91.479,18.6338],[-91.7297,18.4157],[-92.107,18.5159],[-92.0979,18.7596],[-93.0875,18.5541],[-94.242,18.2402],[-94.5899,18.2712],[-95.0833,18.7024],[-95.8439,18.7961],[-96.0123,18.9293],[-96.5788,19.9197],[-97.2234,20.7638],[-97.5042,21.1892],[-97.882,22.3326],[-97.8148,23.3753],[-97.8225,24.2081],[-97.6581,25.073],[-97.26,25.8114],[-97.4514,26.2179],[-97.638,26.8469],[-97.6323,27.2284],[-97.2666,27.6743],[-97.5678,27.9089],[-96.8315,28.1584],[-96.5771,28.426],[-96.7166,28.7118],[-96.2031,28.6366],[-95.6028,28.7987],[-94.8446,29.3463],[-94.7969,29.5634],[-94.4258,29.5427],[-94.1415,29.69],[-93.4455,29.7678],[-92.6433,29.5787],[-92.1167,29.5416],[-91.951,29.832],[-91.429,29.5431],[-91.2404,29.3209],[-90.779,29.1087],[-90.298,29.3737],[-90.1978,29.5266],[-89.6223,29.2843],[-89.686,29.7057],[-89.38,29.8734],[-89.6843,30.0904],[-90.1084,30.0387],[-90.4305,30.142],[-90.1605,30.39],[-89.7107,30.1834],[-89.2328,30.406],[-88.3429,30.3888],[-87.7746,30.2628],[-86.3887,30.4727],[-86.0576,30.2346],[-85.7192,30.2035],[-85.4867,30.0387],[-85.3048,29.6639],[-84.7638,29.7986],[-84.3174,30.092],[-83.8862,30.0483],[-83.1182,29.2425],[-82.7789,29.1097],[-82.647,28.9065],[-82.8413,27.838],[-82.3101,26.8249],[-81.8873,26.4478],[-81.7447,25.9207],[-81.401,25.8587],[-81.1456,25.3782],[-81.0979,25.125],[-80.3141,25.2439],[-80.354,25.5482],[-80.2144,25.7347],[-80.05,26.5511],[-80.0779,26.9231],[-80.4472,27.7756],[-80.6055,28.561],[-81.0259,29.2637],[-81.4054,30.0726],[-81.5115,30.7272],[-81.182,31.6404],[-80.5806,32.4968],[-80.2219,32.5357],[-79.7171,32.7974],[-79.3485,33.1097],[-79.2041,33.4597],[-78.6211,33.8107],[-77.9629,33.9328],[-77.2959,34.6666],[-76.6218,34.763],[-76.5158,35.4674],[-76.141,35.3845],[-75.7292,35.8821],[-76.0937,36.2051],[-75.896,36.3977],[-75.9746,36.9372],[-76.2831,37.0558],[-76.3142,37.732],[-76.2152,37.9426],[-76.5379,38.7854],[-76.4055,39.0852],[-76.1495,39.0674],[-76.0076,38.6667],[-76.3261,38.539],[-76.0435,38.2927],[-75.8459,38.4263],[-75.6675,37.8981],[-75.4308,37.993],[-75.0421,38.4975],[-75.0887,38.8418],[-75.3888,39.1327],[-74.94,39.2515],[-74.8601,38.9902],[-74.1528,39.7652],[-73.9457,40.4468],[-74.2929,40.6316],[-73.7405,40.9775],[-72.8544,41.2937],[-71.4492,41.4251],[-71.4098,41.7236],[-70.9671,41.5624],[-70.3021,41.7594],[-70.7759,42.3032],[-71.0544,42.357],[-70.7594,42.7099],[-70.8681,42.8714],[-70.2165,43.7996],[-69.8261,43.7517],[-69.2489,43.9914],[-68.8041,44.3932],[-68.131,44.5672],[-67.908,44.4772],[-67.1689,44.7112],[-66.9603,45.2102],[-66.502,45.1861],[-65.7597,45.2945],[-64.8714,45.6621],[-64.9055,45.4632],[-64.4579,45.3909],[-65.7493,44.7412],[-66.1895,44.1413],[-65.7126,43.56],[-64.8351,43.8835],[-64.7063,44.1293],[-64.0876,44.5132],[-63.5589,44.5132],[-61.0321,45.3788],[-61.4812,45.7405],[-61.9398,45.9215],[-62.3896,45.7224],[-63.8435,45.9879],[-63.7492,46.169],[-64.5348,46.2717],[-64.8916,46.9124],[-64.9239,47.5603],[-65.0279,47.8817],[-65.6123,47.6634],[-65.8546,48.2051],[-65.2131,48.1214],[-64.3977,48.4561],[-64.1943,48.6526],[-64.3205,48.9467],[-64.9524,49.2073],[-66.0299,49.1659],[-66.9727,48.9546],[-68.3413,48.5465],[-69.2539,48.1201],[-70.5337,47.1265],[-70.5988,47.4325],[-69.5071,48.4592],[-68.8011,48.9772],[-68.307,49.2269],[-67.3177,49.4253],[-66.8547,50.0889],[-66.3727,50.3139],[-65.5815,50.3616],[-63.8501,50.299],[-63.2074,50.3464],[-61.6402,50.2769],[-60.1378,50.4117],[-59.7155,50.5115],[-59.1316,50.8361],[-58.5243,51.3795],[-56.9641,51.4884],[-55.659,52.1873],[-56.1097,52.6052],[-55.7697,53.1587],[-55.8813,53.3519],[-56.6493,53.6576],[-57.1308,53.483],[-57.1058,53.8706],[-57.5611,54.1307],[-58.0769,54.0829],[-58.6401,53.8677],[-59.1808,53.5191],[-60.246,53.2768],[-60.1372,53.6843],[-59.3987,53.8662],[-58.8436,54.1483],[-57.5154,54.4658],[-57.4329,54.5799],[-58.5572,54.7723],[-59.6938,55.1537],[-60.5745,55.071],[-60.3733,55.4225],[-60.4683,55.659],[-61.4578,56.1585],[-61.9277,56.273],[-62.1841,56.796],[-61.5446,56.7292],[-61.4761,57.1041],[-62.186,57.4372],[-61.8284,57.5541],[-62.0147,57.8412],[-62.5767,58.0389],[-62.887,58.6564],[-63.4758,59.1583],[-63.7441,59.517],[-64.6706,60.1809],[-64.9879,59.8191],[-65.5554,59.5758],[-65.2626,59.3482],[-65.7187,59.0575],[-65.8614,58.7953],[-66.4746,58.808],[-66.8209,58.3877],[-67.7724,58.2485],[-68.5694,58.7833],[-69.2142,58.7477],[-69.7258,58.5609],[-69.8324,58.9877],[-69.3426,59.2093],[-69.7043,60.3178],[-69.3838,60.8564],[-70.0283,60.8832],[-70.9092,61.0426],[-71.6734,61.2657],[-71.7239,61.5467],[-73.3946,62.355],[-73.6597,62.3899],[-74.7078,62.1758],[-75.6946,62.2163],[-77.3616,62.5175],[-77.8676,62.29],[-77.9854,61.8589],[-77.4622,61.4726],[-78.1765,60.7418],[-77.3885,60.6943],[-77.5072,60.4146],[-77.2148,59.7475],[-77.6615,59.5736],[-78.042,58.9928],[-78.4688,58.7095],[-78.3368,58.5515],[-77.4044,58.1136],[-76.7724,57.6625],[-76.4386,56.8097],[-76.5694,56.2721],[-77.2338,55.6065],[-78.5893,54.922],[-79.5451,54.6919],[-79.3987,54.2764],[-78.8014,53.9627],[-79.0346,53.7416],[-78.7247,52.6947],[-78.491,52.2561],[-78.7968,51.7709],[-78.7001,51.5656],[-78.8227,51.1614],[-79.2762,51.6042],[-79.5943,51.2658],[-80.3613,51.304],[-80.8771,51.9062],[-81.3107,52.1178],[-81.7474,52.1701],[-81.7338,52.5491],[-82.3412,52.9808],[-82.2122,53.3413],[-82.1921,53.9897],[-82.3993,54.2706],[-82.2021,54.9689],[-82.3827,55.0562],[-83.576,55.2226],[-84.4684,55.1669],[-85.161,55.3276],[-85.8924,55.6102],[-87.4672,55.912],[-87.9142,56.3319],[-88.7675,56.7385],[-89.7255,56.9342],[-90.4446,57.1443],[-91.3369,57.1631],[-92.4831,56.9767],[-92.5227,57.6873],[-93.0742,58.551],[-93.3638,58.7019],[-94.4149,58.7137],[-94.6838,58.8785],[-94.8003,59.5135],[-94.7532,59.95],[-94.376,60.7951],[-93.8743,61.3432],[-93.3246,61.5411],[-93.4226,61.858],[-91.8909,62.6036],[-92.2902,62.9152],[-91.4175,62.8529],[-90.6306,63.0961],[-90.7739,63.3024],[-91.6417,63.5147],[-92.351,63.5848],[-93.3169,63.9736],[-91.5862,63.7935],[-90.8439,63.6091],[-89.8704,63.5752],[-89.9727,64.1905],[-89.0774,63.9629],[-88.3771,64.0573],[-87.4352,64.5689],[-87.1573,65.0596],[-88.1714,65.1304],[-88.9044,65.3252],[-89.6924,65.6733],[-90.88,65.8931],[-89.7776,65.98],[-88.642,65.7117],[-87.7869,65.3491],[-87.254,65.4301],[-85.9871,66.1628],[-86.739,66.5651],[-85.3868,66.6118],[-84.9495,66.2747],[-83.7405,66.3063],[-84.4077,66.7094],[-84.2264,66.9309],[-83.1387,66.3735],[-82.33,66.6396],[-81.4992,67.0689],[-81.295,67.4987],[-82.1783,67.9954],[-82.6873,68.6975],[-81.8865,68.579],[-81.3699,68.7224],[-81.4799,69.1886],[-82.1605,69.2477],[-82.7567,69.5488],[-84.3135,69.8262],[-85.3811,69.6953],[-85.4207,69.2944],[-84.5644,68.987],[-84.6246,68.7539],[-85.3998,68.76],[-85.7817,68.0408],[-86.395,67.6749],[-86.4884,67.3778],[-87.3254,67.1689],[-88.3239,67.8125],[-88.3711,68.3123],[-87.7903,68.478],[-88.0974,68.8526],[-88.905,69.2276],[-89.4411,69.0457],[-89.7356,68.5343],[-90.34,68.3086],[-90.5127,68.9534],[-90.9123,69.2314],[-90.5078,69.489],[-91.1725,69.6467],[-91.9773,69.6073],[-92.6712,69.7424],[-92.2708,70.1161],[-91.6577,70.2858],[-93.0995,70.9688],[-93.2712,71.5585],[-94.4172,71.8843],[-95.4106,71.859],[-95.9575,71.3512],[-96.6997,70.8384],[-95.9467,70.5699],[-96.4741,70.2998],[-96.127,69.9408],[-95.3096,69.7375],[-94.0367,69.5505],[-92.9925,69.5146],[-92.9561,69.0843],[-93.6358,68.925],[-93.4141,68.5425],[-94.084,68.4513],[-94.637,68.069],[-95.3225,68.0603],[-95.5004,67.7247],[-95.2587,67.0284],[-96.2596,67.3151],[-96.2079,68.0736],[-97.5718,68.3699],[-97.1586,67.9674],[-97.4955,67.5872],[-98.3549,67.9353],[-99.3677,67.7919],[-101.002,67.7963],[-101.913,67.7053],[-102.7631,67.8004],[-103.5827,68.1195],[-104.4543,68.1029],[-105.636,68.3549],[-106.2119,68.1071],[-107.662,67.9626],[-107.5938,67.3383],[-107.1282,66.9618],[-107.6111,66.8797],[-108.4852,67.0701],[-108.095,67.3596],[-108.8354,67.6106],[-110.532,67.92],[-112.5025,67.693],[-114.0663,67.7346],[-115.5617,67.8957],[-115.4021,68.2169],[-114.1087,68.3465],[-114.3896,68.6083],[-115.2851,68.8921],[-116.8132,68.9118],[-117.8323,69.0078],[-120.2216,69.4184],[-122.3261,69.8845],[-123.0507,69.8603],[-123.8028,69.4345],[-124.6,69.4632],[-124.7069,69.9408],[-125.3862,69.818],[-125.1877,69.4092],[-125.974,69.4304],[-126.7952,69.785],[-127.3517,70.3803],[-127.9398,70.0799],[-129.0131,69.7202],[-129.9427,69.6426],[-130.8958,69.3003],[-131.673,69.2762],[-132.789,68.7091],[-133.7196,68.9179],[-133.4132,69.137],[-132.6179,69.2517],[-132.3032,69.4867],[-130.0498,69.9689],[-130.2418,70.2059],[-131.0591,70.1583],[-131.4462,69.9663],[-132.508,69.8579],[-133.6476,69.5069],[-135.4392,69.5263],[-136.044,69.336],[-135.6989,68.9895],[-136.2031,68.8756],[-137.7285,69.0158],[-138.9955,69.3683],[-140.3346,69.6232],[-141.1614,69.5989],[-143.3076,70.1968],[-145.2725,70.1164],[-146.1826,70.2681],[-147.7235,70.3267],[-149.2863,70.5392],[-150.6386,70.4751],[-152.1371,70.5339],[-152.9712,70.934],[-155.0999,71.0773],[-155.4748,70.8519],[-156.138,70.9281],[-156.0432,71.223],[-156.9047,71.3459],[-157.8119,70.9714],[-160.2403,70.8585],[-159.9047,70.4269],[-161.1876,70.4399],[-162.1772,70.2842],[-162.8791,69.9991],[-164.0672,69.0647],[-164.8902,68.935],[-166.2968,68.8796],[-166.8435,68.4052],[-164.5127,67.7967],[-163.826,67.4482],[-163.7387,67.2183],[-161.9357,67.0884],[-161.7956,66.7486],[-160.0323,66.5676],[-160.1252,66.3393],[-161.2614,66.396],[-162.2751,66.071],[-163.8431,66.1781],[-163.7824,66.5385],[-164.4631,66.5962],[-167.0242,65.9595],[-168.1798,65.6939],[-166.1387,65.3548],[-166.6038,65.1501],[-166.586,64.7304],[-165.7407,64.559],[-163.8834,64.5913],[-163.0252,64.4417],[-162.1366,64.7892],[-161.2906,64.9641],[-160.9022,64.8132],[-160.9439,64.5248],[-161.3729,64.4664],[-160.89,63.8568],[-161.133,63.5628],[-162.4745,63.4102],[-163.3086,63.0377],[-164.2918,63.2498],[-165.0296,62.6504],[-165.4312,62.4295],[-165.8341,61.8343],[-166.1895,61.7489],[-165.8981,61.2703],[-165.4233,61.2642],[-164.5393,60.9497],[-163.8949,61.0422],[-163.52,60.7063],[-163.9378,60.6145],[-164.8447,60.8159],[-165.128,60.5422],[-164.0274,59.7982],[-163.5364,59.8408],[-162.3781,60.1631],[-161.9891,59.7119],[-162.0039,58.8266],[-161.646,58.6825],[-161.1171,58.7455],[-160.4305,59.0022],[-159.8136,58.9412],[-159.1101,58.4875],[-158.9731,58.7703],[-158.5167,58.9989],[-158.2914,58.7302],[-157.1394,58.8558],[-157.2419,58.4911],[-157.5537,58.2703],[-157.6653,57.6042],[-158.6621,57.0756],[-158.6173,56.7481],[-159.2487,56.781],[-160.4573,56.1999],[-160.6074,55.9619],[-160.1694,55.8066],[-159.0769,55.992],[-158.5267,56.4485],[-157.7475,56.7702],[-156.9934,56.9149],[-156.4958,57.1002],[-156.6846,57.4007],[-155.5981,57.8962],[-154.6493,58.0765],[-154.2139,58.428],[-153.6823,58.6425],[-153.455,58.8773],[-154.1269,59.0417],[-154.2823,59.2488],[-153.7098,59.6444],[-152.8987,59.8956],[-152.8777,60.2789],[-152.1897,60.6577],[-151.3419,60.9537],[-150.7806,61.2919],[-150.3112,61.3139],[-149.3169,60.9294],[-150.4372,60.9063],[-151.1596,60.6597],[-151.415,60.2537],[-151.783,59.995],[-151.448,59.5379],[-151.388,59.2128],[-150.501,59.6158],[-150.0211,59.7138],[-149.3256,60.0275],[-148.4935,59.904],[-148.3361,60.4132],[-148.8397,60.5451],[-148.4659,60.8679],[-148.4926,61.0643],[-147.9401,61.2059],[-147.2701,60.9403],[-145.9984,60.6624],[-145.4927,60.3836],[-145.1384,60.4542],[-144.4064,60.0926],[-142.4246,60.0197],[-141.4394,60.0912],[-141.3852,59.8966],[-140.9045,59.7865],[-140.1329,59.7672],[-139.5726,59.9],[-139.3674,59.63],[-139.7851,59.5184],[-139.2001,59.2773],[-138.4457,59.1619],[-137.5767,58.6042],[-137.085,58.4468],[-136.3561,58.5239],[-136.1484,58.9033],[-135.7383,58.47],[-135.3003,58.3745],[-135.5148,58.9735],[-135.1438,59.1675],[-134.8303,58.5612],[-134.1235,58.2392],[-133.3408,57.3768],[-133.4004,57.2195],[-132.8713,57.0156],[-132.101,56.3494],[-132.2556,55.85],[-131.767,56.01],[-131.1905,56.0348],[-130.6954,55.4654],[-130.7734,55.0662],[-130.065,55.1021],[-129.8417,54.9785],[-130.2989,54.5476],[-130.0036,53.938],[-129.4339,53.5175],[-129.0604,53.739],[-128.8888,53.4183],[-128.4321,52.9385],[-128.0772,52.9392],[-128.0596,52.4995],[-127.5558,52.1678],[-128.0129,51.8082],[-127.455,51.7695],[-127.675,51.2453],[-127.2475,50.9681],[-126.4253,51.0888],[-126.1637,50.752],[-125.4123,50.5487],[-124.9392,50.5958],[-124.795,50.0353],[-124.4706,49.8125],[-123.9765,49.971],[-123.8474,49.6628],[-123.531,49.5126],[-122.6056,48.8347],[-122.3453,48.0767],[-122.4859,47.6064],[-122.6628,47.469],[-123.1834,47.4883],[-122.8084,47.8276],[-122.826,48.0235],[-123.2589,48.2056],[-123.793,48.198],[-124.6753,48.3858],[-124.7261,48.1178],[-124.3088,47.4593],[-124.0542,46.2898],[-123.9947,45.7641],[-124.0717,45.0479],[-124.3313,44.072],[-124.1373,43.666],[-124.3017,43.3433],[-124.6297,43.014],[-124.5607,42.602],[-124.1526,41.5802],[-124.1791,41.1946],[-124.3672,40.7513],[-124.3648,40.3343],[-124.0328,39.9824],[-123.8197,39.6074],[-123.7963,39.0304],[-123.2216,38.5334],[-122.9908,38.1388],[-122.7586,37.9568],[-122.3746,37.8544],[-122.5581,37.5662],[-122.4941,37.3008],[-122.2533,37.0696],[-121.9321,37.009],[-121.8515,36.749],[-121.9268,36.3383],[-121.5611,36.0655],[-121.3852,35.7853],[-120.9277,35.4747],[-120.6773,35.1893],[-120.6879,34.6217],[-120.5287,34.5083],[-119.6128,34.4781],[-119.2915,34.2211],[-118.8724,34.07],[-118.6044,34.0964],[-118.4377,33.7942],[-118.0066,33.7315],[-117.4967,33.3254],[-117.3041,32.7549],[-116.9603,32.1563],[-116.6107,31.8771],[-116.7047,31.5907],[-116.1378,30.7651],[-116.0584,30.3392],[-115.8571,30.2824],[-115.6023,29.6852],[-114.9778,29.3113],[-114.2732,28.7086],[-114.0673,28.4229],[-114.1047,28.054],[-114.4792,27.7798],[-115.0546,27.8532],[-114.4779,27.2439],[-113.5853,26.7689],[-113.285,26.8077],[-112.9812,26.5031],[-112.411,26.1928],[-112.0843,25.5704],[-112.1658,25.0107],[-111.9057,24.687],[-111.3915,24.243],[-110.2247,23.3999],[-110.1166,23.0696],[-109.8892,22.8666],[-109.5169,23.1916],[-109.4886,23.5731],[-109.8242,23.6932],[-110.2049,24.3155],[-110.4852,24.1496],[-110.7724,24.3778],[-110.7976,24.88],[-111.3287,25.8962],[-111.4835,26.5572],[-111.5938,26.7604],[-111.9149,26.6644],[-112.2841,27.5093],[-112.7236,27.7055],[-112.8699,28.3347],[-113.3219,28.5563],[-113.5929,29.1026],[-114.0996,29.6421],[-114.3887,29.7623],[-114.6828,30.1432],[-114.7347,30.8427],[-114.9875,31.1665],[-114.8387,31.8155],[-114.1951,31.5243],[-113.9521,31.6901],[-113.6886,31.538],[-113.6617,31.3346],[-113.0521,31.1387],[-113.085,30.7698],[-112.6543,29.9185],[-112.0329,29.0613],[-111.6916,28.4961],[-111.2709,28.1091],[-110.6044,27.8561],[-110.5819,27.462],[-110.3821,27.2144],[-109.9459,27.0436],[-109.7242,26.6054],[-109.5266,26.7202],[-109.1319,26.2887],[-109.3383,25.9576],[-109.2627,25.6462],[-108.8476,25.6153],[-108.4993,25.2409],[-108.0126,24.9813],[-107.9157,24.6445],[-107.4038,24.2959],[-106.5116,23.3633],[-105.8389,22.5637],[-105.5399,22.2846],[-105.6283,21.9538],[-105.2936,21.5223],[-105.2343,21.141],[-105.4397,20.8354],[-105.291,20.6704],[-105.6704,20.3517],[-105.173,19.6599],[-104.9479,19.4378],[-104.1973,19.058],[-103.4939,18.3539],[-102.6682,18.095],[-101.9926,18.0265],[-101.4872,17.5763],[-101.2208,17.4179],[-99.9791,16.893],[-98.8562,16.5966],[-97.8809,16.052],[-97.2938,15.9643],[-96.7517,15.7811],[-96.3329,15.7502],[-95.9927,15.8654],[-95.1302,16.2995],[-94.8347,16.3192],[-94.0754,16.1112],[-92.9005,15.1919],[-92.4721,14.7923],[-91.5157,14.0589],[-91.242,13.9516],[-90.6211,13.9516],[-89.9892,13.6782],[-88.6381,13.2552],[-87.9487,13.1718],[-87.7548,13.4669],[-87.5555,13.3656],[-87.4043,13.0299],[-87.5868,12.8324],[-87.2614,12.6234],[-86.0141,11.3676],[-85.6209,10.8266],[-85.8243,10.3607],[-85.7778,10.1384],[-85.3141,9.8279],[-85.0888,9.5831],[-84.8442,9.841],[-84.6313,9.8739],[-84.4925,9.5374],[-84.1823,9.491],[-83.6149,9.1516],[-83.6055,8.5478],[-83.0896,8.3949],[-82.9561,8.2568],[-82.3844,8.3212],[-82.1894,8.2015],[-81.6643,8.1646],[-81.5621,7.8238],[-81.1969,7.6396],[-81.0074,7.7844],[-80.8138,7.2701],[-80.4058,7.2988],[-80.0513,7.7317],[-80.4026,8.059],[-80.2694,8.3771],[-79.7121,8.616],[-79.7169,8.8831],[-79.3206,9.0401],[-79.0676,9.0343],[-78.5055,8.6859],[-78.3815,8.3949],[-78.1837,8.4133],[-78.2655,7.8857],[-77.8967,7.1718],[-77.4002,6.6704],[-77.3385,6.4291],[-77.4746,6.092],[-77.2203,5.8764],[-77.2413,5.6921],[-77.5004,5.5136],[-77.3337,5.1263],[-77.2666,4.7388],[-77.4445,4.1791],[-77.106,3.7922],[-77.8021,2.5769],[-77.9865,2.4748],[-78.4682,2.4674],[-78.6483,2.1747],[-78.4918,1.9208],[-79.0625,1.6781],[-78.9843,1.297],[-79.376,1.0165],[-80.0856,0.818],[-80.0462,0.4304],[-80.109,0.049],[-80.4031,-0.2249],[-80.4823,-0.4856],[-80.3388,-0.6632],[-80.9661,-1.0331],[-80.7539,-1.452],[-80.8163,-1.8589],[-80.7412,-2.1192],[-80.961,-2.3548],[-80.7776,-2.5387],[-80.3573,-2.7284],[-79.839,-2.346],[-79.7618,-2.797],[-80.1442,-3.4142],[-80.5829,-3.6566],[-81.3036,-4.3317],[-81.4176,-4.6751],[-81.3015,-4.9989],[-80.8762,-5.5889],[-80.8881,-5.9003],[-81.297,-6.0409],[-80.6116,-6.3699],[-80.0659,-6.7563],[-79.7971,-7.1941],[-79.0602,-8.2155],[-78.3021,-9.6689],[-77.7587,-10.6589],[-77.7072,-11.256],[-77.3355,-11.5094],[-76.7106,-12.7597],[-76.3592,-13.2291],[-76.238,-13.502],[-76.2418,-14.1056],[-75.7853,-14.7272],[-75.2309,-15.2216],[-74.0496,-16.045],[-73.6726,-16.1967]],[[-87.7832,42.2036],[-87.7766,42.66],[-87.9084,43.1918],[-87.7146,43.8761],[-87.5637,44.1295],[-87.3433,44.8177],[-87.8762,44.8782],[-87.1948,45.5699],[-86.7201,45.8672],[-85.8375,45.9542],[-85.3818,46.0748],[-84.9484,45.9678],[-85.0746,45.6124],[-84.9519,45.4082],[-86.0018,44.9172],[-86.2142,44.7039],[-86.4534,44.1299],[-86.5138,43.6808],[-86.2426,42.9879],[-86.2301,42.6166],[-86.5178,42.0351],[-86.8418,41.766],[-87.2245,41.6346],[-87.5538,41.7662],[-87.7832,42.2036]],[[-83.8953,46.1342],[-83.7936,46.257],[-82.7433,46.1985],[-80.8071,45.9548],[-80.6491,45.7405],[-80.0986,45.3957],[-79.9181,44.9668],[-80.2243,44.5046],[-81.0949,44.7992],[-81.7186,44.1386],[-81.8079,43.3176],[-82.3544,43.0154],[-82.6581,43.8396],[-82.9207,44.0573],[-83.294,43.9542],[-83.5899,43.6651],[-83.917,43.7844],[-83.3856,44.3127],[-83.2859,44.6188],[-83.4309,45.275],[-84.6338,45.751],[-84.6942,45.9842],[-83.9716,45.9505],[-83.8953,46.1342]],[[-80.0734,42.1534],[-81.0429,41.8361],[-81.8108,41.4948],[-82.5676,41.4045],[-83.4499,41.7539],[-83.1251,42.051],[-82.4842,41.9601],[-82.2844,42.1472],[-81.8384,42.2903],[-81.4395,42.5871],[-80.4064,42.5687],[-80.0229,42.8066],[-78.9502,42.8865],[-79.1984,42.5707],[-80.0734,42.1534]],[[-89.1136,48.4539],[-88.2361,48.8715],[-88.095,49.0046],[-87.4621,48.8238],[-86.384,48.7253],[-86.0769,48.1794],[-85.7973,47.9663],[-85.0266,47.9395],[-84.924,47.5242],[-84.6234,47.2609],[-84.7692,47.0161],[-84.4422,46.817],[-84.6,46.4597],[-84.8876,46.4773],[-85.1002,46.7487],[-85.9931,46.6722],[-86.5221,46.4754],[-87.2726,46.5119],[-87.7605,46.8639],[-88.4566,46.9197],[-88.2993,47.3991],[-89.3114,46.8814],[-90.2766,46.625],[-90.7048,46.6884],[-90.8318,46.944],[-91.8682,46.7078],[-92.111,46.7337],[-91.1503,47.3676],[-90.4567,47.7051],[-89.5167,48.0037],[-89.1136,48.4539]],[[-76.2689,43.8712],[-76.1739,43.6252],[-76.9375,43.237],[-77.5795,43.2164],[-77.8458,43.3498],[-78.5034,43.362],[-79.1891,43.2089],[-79.7937,43.3006],[-79.6469,43.4908],[-79.1529,43.7724],[-78.7384,43.8777],[-77.6228,44.0102],[-76.9328,43.9097],[-76.5862,44.2335],[-76.2811,44.1435],[-76.2689,43.8712]]]},"properties":{"NAME":null,"ABBREVN":null,"type":null,"weblinks":null,"SUBJECTO":null,"BORDERPRECISION":1,"PARTOF":null}},
{"type":"Feature","geometry":{"type":"Polygon","coordinates":[[[-11.7241,28.1699],[-12.0906,28.0242],[-12.8662,27.8573],[-13.0601,27.6726],[-13.4663,26.8138],[-13.6287,26.5911],[-14.3673,26.1192],[-14.6601,25.6356],[-14.7972,25.146],[-14.82,24.7329],[-14.9752,24.5101],[-15.714,23.8731],[-16.3525,22.4927],[-16.806,21.9897],[-16.9837,21.5953],[-17.0519,21.0041],[-16.7109,20.8904],[-16.3473,20.5226],[-16.2396,20.1225],[-16.2696,19.6839],[-16.4716,19.3657],[-16.1907,19.0295],[-16.0557,18.6739],[-15.9827,18.1784],[-16.1255,17.3011],[-16.3788,16.7159],[-16.4501,16.1184],[-16.8648,15.2977],[-17.4332,14.8072],[-17.0501,14.5856],[-16.4709,13.7225],[-16.4943,13.4747],[-16.7671,13.3597],[-16.7721,12.5971],[-16.5706,12.3115],[-16.279,12.2105],[-16.086,11.9694],[-15.8086,11.8429],[-15.3254,11.9266],[-15.099,11.8127],[-15.3613,11.5198],[-15.3414,11.2212],[-15.0294,11.1583],[-15.018,10.9168],[-14.5749,10.7843],[-14.5914,10.4665],[-14.058,10.0801],[-13.6801,9.9156],[-13.6256,9.6234],[-13.2817,9.2747],[-13.1414,9.0271],[-13.1743,8.7729],[-12.9273,8.6273],[-13.2125,8.347],[-12.8692,7.9728],[-12.2741,7.631],[-12.2639,7.3514],[-11.7494,7.0793],[-11.1683,6.5975],[-10.4371,6.2051],[-9.9373,5.8631],[-9.2479,5.1719],[-8.2433,4.6403],[-7.5286,4.3368],[-6.3155,4.8732],[-5.5754,5.129],[-5,5.2383],[-3.9416,5.266],[-3.1346,5.1406],[-3.0271,5.268],[-2.7165,5.0399],[-2.0312,4.6982],[-1.1761,5.1385],[-0.6078,5.3177],[0.0898,5.656],[0.9394,5.7595],[1.1764,6.0841],[1.5579,6.2374],[2.6168,6.3414],[3.4597,6.3813],[3.9495,6.5794],[4.0721,6.4398],[4.6341,6.2123],[5.1529,5.6415],[5.4482,5.4769],[5.333,5.2479],[5.6066,4.6321],[6.0888,4.3281],[6.8445,4.2916],[7.0462,4.5081],[7.4491,4.4073],[8.1402,4.466],[8.3276,4.6126],[8.328,4.8413],[8.8747,4.6201],[9.0322,4.1375],[9.2839,4.0173],[9.6509,4.0181],[9.5857,3.6748],[9.7652,3.3829],[9.9231,2.824],[9.8008,2.379],[9.8513,1.8771],[9.3704,1.1707],[9.6222,1.0886],[9.5656,0.6119],[9.3501,0.5352],[9.8542,0.174],[9.4734,0.116],[9.2025,-0.6344],[8.8152,-0.8958],[9.1119,-1.3527],[9.4653,-1.5934],[9.2432,-1.7718],[9.6564,-2.4191],[9.8939,-2.444],[9.9314,-2.7108],[10.5247,-3.237],[10.6412,-3.4464],[11.7726,-4.537],[12.2635,-5.47],[12.1942,-5.7752],[12.3717,-6.2578],[12.7957,-6.8606],[12.9686,-7.5148],[13.3871,-8.1557],[13.4768,-8.416],[13.4314,-8.8228],[13.1459,-9.0649],[13.0838,-9.2875],[13.2039,-9.6367],[13.6394,-10.303],[13.8163,-10.9763],[13.8132,-11.6562],[13.649,-12.1968],[13.3386,-12.6486],[13.0507,-12.7509],[12.8481,-13.1644],[12.5854,-13.4637],[12.3329,-14.3158],[12.2506,-14.9451],[12.06,-15.5937],[11.782,-15.8675],[11.8026,-16.522],[11.7746,-17.5961],[11.8497,-18.0217],[12.0795,-18.4914],[12.5243,-19.0624],[12.9294,-19.7416],[13.8036,-21.4428],[14.4155,-22.2677],[14.5768,-22.7313],[14.3961,-23.0748],[14.6676,-24.4215],[14.909,-25.0183],[14.8433,-25.6222],[14.9474,-26.0097],[15.1532,-26.3333],[15.0756,-26.6068],[15.4538,-27.6165],[15.6598,-27.8893],[16.5302,-28.7709],[16.7883,-29.1389],[17.0038,-29.6291],[23.066,-26.1848],[24.6762,-22.6897],[25.5433,-14.36],[28.8877,-8.0452],[31.365,-1.6305],[31.4888,5.0514],[27.1535,12.0289],[21.3319,16.232],[15.0147,17.4176],[10.4317,19.0645],[0.1509,22.1939],[-11.1208,25.0309],[-11.7241,28.1699]]]},"properties":{"NAME":null,"ABBREVN":null,"type":null,"weblinks":null,"SUBJECTO":null,"BORDERPRECISION":1,"PARTOF":null}},
{"type":"Feature","geometry":{"type":"Polygon","coordinates":[[[-24.2189,65.5337],[-23.6785,65.3167],[-22.8137,65.4709],[-21.9548,65.378],[-21.7289,65.1825],[-21.9783,64.9503],[-23.6112,64.7457],[-23.5083,64.559],[-22.2786,64.6188],[-21.4885,64.3761],[-22.3729,63.7732],[-20.4039,63.6983],[-19.8267,63.4783],[-18.6419,63.3238],[-17.9441,63.4248],[-17.5915,63.6893],[-16.5338,63.7841],[-15.6341,64.0575],[-15.2665,64.2802],[-14.8212,64.195],[-14.3481,64.6695],[-13.6942,64.7786],[-13.5256,65.1833],[-13.6469,65.4953],[-14.7541,65.6971],[-14.6407,65.9453],[-16.3852,66.4544],[-16.3757,66.1321],[-16.9221,65.9776],[-18.6763,66.0912],[-19.556,65.7683],[-20.2174,66.0006],[-20.1684,65.5559],[-21.0797,65.2054],[-21.4947,65.568],[-21.2425,65.8818],[-21.7791,66.2537],[-22.6764,66.3913],[-22.4741,65.9964],[-23.6083,65.9796],[-24.2189,65.5337]]]},"properties":{"NAME":null,"ABBREVN":null,"type":null,"weblinks":null,"SUBJECTO":null,"BORDERPRECISION":1,"PARTOF":null}},
{"type":"Feature","geometry":{"type":"Polygon","coordinates":[[[25.7359,36.3865],[25.7664,36.3376],[25.8728,36.3559],[25.7892,36.4049],[25.7359,36.3865]]]},"properties":{"NAME":null,"ABBREVN":null,"type":null,"weblinks":null,"SUBJECTO":null,"BORDERPRECISION":1,"PARTOF":null}},
{"type":"Feature","geometry":{"type":"MultiPolygon","coordinates":[[[[-26.7875,71.5583],[-26.1202,71.6686],[-25.2913,71.5689],[-24.3864,71.1825],[-23.7537,70.5896],[-23.0842,70.4679],[-21.4708,70.5323],[-21.726,71.4046],[-22.4309,71.3412],[-22.8178,71.8697],[-23.9196,72.1885],[-25.073,72.6344],[-25.7782,72.6095],[-27.3572,72.8591],[-27.4406,73.287],[-26.8266,73.4075],[-25.7629,73.3538],[-24.0764,73.7557],[-22.8203,73.3275],[-21.7085,73.2739],[-20.3296,73.4196],[-20.3536,73.8106],[-22.0288,74.104],[-21.7623,74.3055],[-19.7162,74.2128],[-19.051,74.3347],[-19.0709,74.6089],[-20.6158,74.9543],[-20.6792,75.3082],[-19.5616,75.2277],[-19.1935,75.4435],[-19.5702,76.11],[-21.217,76.2666],[-22.3777,76.6359],[-21.1827,76.6975],[-19.9779,76.9463],[-18.057,76.8053],[-18.2534,77.3001],[-20.1049,77.3825],[-19.1773,77.8242],[-20.7767,77.9686],[-21.7676,77.7673],[-20.8788,78.8179],[-19.7632,78.8731],[-19.4813,79.4603],[-18.1023,79.6689],[-17.7692,79.9666],[-20.2674,79.9989],[-19.045,80.4262],[-16.4409,80.451],[-14.2019,81.2101],[-12.6445,81.3858],[-12.7051,81.6213],[-14.2525,81.8354],[-16.4654,81.9036],[-17.9635,81.5177],[-19.3174,81.597],[-21.1817,81.2866],[-23.3388,80.623],[-24.1096,80.7694],[-22.0529,81.5398],[-22.9476,81.9002],[-24.8766,81.5954],[-25.9747,81.8311],[-30.6513,81.8107],[-32.5981,81.9736],[-31.1347,82.1981],[-28.3914,82.3104],[-25.4572,82.221],[-22.59,82.4191],[-22.4324,82.7433],[-25.3236,82.9999],[-26.4208,83.3423],[-32.5132,83.577],[-34.4269,83.403],[-36.4871,83.5113],[-38.5872,83.3824],[-38.5872,82.8277],[-41.8811,83.2628],[-45.2129,82.9667],[-43.9554,82.4905],[-44.3228,81.8231],[-45.5252,81.8205],[-49.6476,82.4781],[-50.9054,82.3681],[-49.846,81.8113],[-54.5752,82.3281],[-58.1333,82.0132],[-61.1224,81.7976],[-61.1118,81.1824],[-63.7254,81.0862],[-67.1428,80.5621],[-67.4103,80.2107],[-64.6232,79.9492],[-64.8905,79.3824],[-65.4849,79.1582],[-67.9691,79.1268],[-69.2663,78.7962],[-72.3832,78.5257],[-72.5254,78.1661],[-69.6875,77.5551],[-67.8518,77.5931],[-66.8047,77.7768],[-66.1534,77.5532],[-66.7838,77.2593],[-67.7363,77.1889],[-71.1839,77.2595],[-71.4483,77.1219],[-70.5,76.8333],[-68.3763,76.7778],[-68.1444,76.5998],[-69.0448,76.2938],[-67.0367,75.9362],[-66.6839,76.3067],[-65.4745,76.0986],[-63.6508,76.3799],[-61.5075,76.2575],[-59.7835,75.9165],[-58.6357,75.7933],[-58.2053,75.2952],[-56.9394,74.919],[-55.7793,73.7045],[-54.7304,73.0376],[-54.6261,72.7213],[-55.3661,72.7278],[-55.2976,72.1612],[-55.6264,71.7304],[-55.0124,71.3346],[-53.9882,71.4141],[-53.3229,71.8908],[-51.7201,71.5896],[-52.198,71.3554],[-51.6754,71.2244],[-50.7995,70.3854],[-51.1528,70.3233],[-52.3675,70.6669],[-53.6281,70.8186],[-54.3735,70.7247],[-53.6663,70.357],[-52.9091,70.2894],[-51.6365,69.9402],[-50.5726,69.8663],[-50.7674,69.3364],[-50.2665,68.9532],[-50.8744,68.9446],[-50.9538,68.5393],[-51.6787,68.5005],[-52.3369,68.6641],[-52.8425,68.5058],[-50.491,67.9726],[-50.4771,67.4822],[-52.8079,67.7748],[-53.4941,67.4735],[-53.1703,67.2858],[-53.2673,66.9224],[-52.3032,66.9095],[-52.448,66.6073],[-53.2217,66.5309],[-52.7297,66.2764],[-53.1025,65.8732],[-52.536,65.4952],[-52.0777,65.3724],[-51.8048,64.2333],[-50.9937,64.6154],[-50.1445,64.7393],[-50.0426,64.4376],[-50.9879,64.0915],[-51.3658,63.726],[-51.1005,63.4695],[-50.6167,63.4348],[-50.4658,63.0507],[-49.8575,62.9665],[-50.1589,62.4624],[-50.0479,62.3141],[-49.1164,62.1038],[-49.1483,61.7723],[-48.9155,61.421],[-47.9692,61.0369],[-47.6305,60.5968],[-47.1594,60.8564],[-46.0719,60.9424],[-45.4603,60.8946],[-45.6217,60.6006],[-44.6822,60.2884],[-44.7531,60.0307],[-44.4674,59.7609],[-44.0523,60.1642],[-43.1436,59.8188],[-42.962,60.0341],[-43.1541,60.3053],[-42.7849,60.5292],[-42.8171,61.0256],[-42.4783,61.3068],[-42.2714,62.1944],[-43.226,62.6809],[-41.8344,62.6906],[-41.9156,63.1236],[-41.4345,63.0392],[-40.5162,63.7821],[-41.4841,64.2742],[-40.4724,64.3478],[-40.4836,64.6854],[-41.0603,65.0375],[-39.8978,64.9529],[-39.6863,65.1706],[-39.992,65.5333],[-38.4674,65.6454],[-37.9367,66.004],[-38.0418,66.3992],[-37.1548,66.3202],[-37.0479,65.7428],[-36.3244,65.7223],[-35.9719,65.8469],[-35.708,66.3522],[-35.2477,66.2285],[-34.4331,66.384],[-32.956,67.641],[-32.0372,67.9847],[-31.3547,68.0456],[-30.305,67.9805],[-29.9945,68.3914],[-29.3997,68.2281],[-27.9591,68.4774],[-26.9636,68.5017],[-26.3621,68.66],[-25.3244,69.0899],[-24.8966,69.3921],[-24.3333,69.3328],[-22.7323,69.7741],[-22.1575,70.0561],[-23.5874,70.084],[-24.5847,70.304],[-26.252,70.1784],[-27.4749,70.2068],[-28.3845,70.458],[-28.0835,70.8973],[-27.6061,71.0682],[-26.3294,71.1324],[-25.8496,71.4357],[-26.7875,71.5583]]],[[[-22.1457,72.0273],[-21.8821,72.365],[-23.131,72.6775],[-23.5854,72.4404],[-22.1457,72.0273]]],[[[-53.5515,69.2784],[-51.8774,69.5307],[-52.084,69.7725],[-53.6167,70.1578],[-54.5937,70.2402],[-54.6869,69.707],[-53.5515,69.2784]]]]},"properties":{"NAME":null,"ABBREVN":null,"type":null,"weblinks":null,"SUBJECTO":null,"BORDERPRECISION":1,"PARTOF":null}},
{"type":"Feature","geometry":{"type":"MultiPolygon","coordinates":[[[[-73.1115,-72.7495],[-70.0207,-72.6722],[-68.6299,-72.054],[-68.3981,-71.1268],[-68.8617,-70.5086],[-69.4798,-69.9678],[-70.3298,-68.9632],[-70.7161,-68.8087],[-71.4116,-68.886],[-72.3944,-69.2615],[-71.7979,-69.7359],[-71.7979,-70.3541],[-72.1843,-70.5859],[-72.107,-71.0495],[-72.7252,-71.2813],[-74.6569,-71.4359],[-75.2751,-71.6677],[-75.0433,-72.054],[-74.3478,-72.2086],[-73.4206,-71.9768],[-72.0297,-71.8222],[-71.9525,-72.2086],[-72.8797,-72.4404],[-73.1115,-72.7495]]],[[[-102.5513,-72.1313],[-101.1604,-72.3631],[-98.834,-72.5207],[-97.1424,-72.6722],[-95.9061,-72.3631],[-97.2197,-71.8222],[-101.1604,-71.8222],[-102.5513,-72.1313]]],[[[-55.1849,-80.9401],[-50.1624,-80.7855],[-44.8308,-80.3219],[-43.9035,-79.781],[-44.2126,-78.3902],[-45.758,-78.0811],[-48.8488,-78.0811],[-50.2397,-78.3902],[-50.8578,-78.6992],[-51.0124,-79.3947],[-51.7078,-79.781],[-53.8713,-79.9356],[-54.9531,-80.3992],[-55.1849,-80.9401]]],[[[-164.058,-79.356],[-162.3581,-79.7424],[-160.4263,-79.9742],[-158.8037,-79.6651],[-160.7354,-79.0469],[-162.5899,-78.8151],[-163.5171,-78.9697],[-164.058,-79.356]]],[[[169.7694,-83.4179],[167.5688,-83.3167],[167.2747,-82.9877],[162.0152,-81.6599],[160.5774,-81.5343],[160.433,-80.9064],[159.5791,-80.4418],[158.135,-80.3162],[159.3154,-80.0274],[160.6856,-79.1138],[161.7732,-78.8658],[162.5937,-78.9039],[163.643,-78.6606],[166.7533,-78.5986],[163.5286,-77.74],[163.2997,-77.1867],[162.3265,-76.9577],[162.67,-76.7669],[162.3838,-76.2136],[162.8226,-75.6221],[162.3456,-75.1069],[163.4141,-75.0306],[163.4332,-74.7444],[165.1886,-74.668],[164.6162,-74.1719],[165.7992,-73.8285],[167.5754,-73.4757],[168.8993,-73.5403],[168.9747,-73.2389],[170.1048,-72.6362],[169.8896,-72.0765],[170.7291,-71.9043],[168.7428,-71.2427],[167.9629,-71.097],[167.6346,-70.8651],[164.9566,-70.6246],[164.3193,-70.5178],[162.8882,-70.5708],[162.4854,-70.3057],[160.5985,-70.2209],[159.8459,-69.8287],[157.3069,-69.1564],[156.1478,-69.311],[154.4346,-68.9497],[152.3065,-68.8433],[151.0935,-68.8858],[150.8935,-68.5383],[148.7299,-68.3065],[148.0931,-67.937],[146.8755,-67.9974],[146.3903,-67.7792],[145.322,-67.5751],[145.5857,-67.2235],[145.2624,-67.0982],[144.3802,-67.1733],[143.3881,-66.9723],[142.1826,-66.9849],[141.1575,-66.7224],[136.3174,-66.3986],[134.6908,-66.083],[134.9821,-65.5974],[134.5896,-65.0225],[134.0353,-65.1847],[134.2052,-66.1801],[133.3069,-66.1315],[132.9669,-66.2588],[130.2721,-66.2529],[129.4224,-66.52],[129.0096,-67.0298],[126.8003,-66.8842],[126.4118,-66.3743],[125.4407,-66.4471],[125.1251,-66.787],[123.54,-66.6452],[122.4582,-66.6452],[121.4537,-66.7997],[119.5992,-66.9156],[118.2856,-67.0701],[116.9721,-66.8383],[115.6788,-66.4143],[114.4356,-66.4932],[113.9585,-65.9884],[113.0149,-65.7631],[112.0268,-65.9884],[110.6074,-66.0591],[110.568,-66.3945],[109.4037,-66.7103],[108.1014,-66.7103],[107.6224,-66.452],[105.4589,-66.2974],[103.8362,-65.9884],[103.3114,-66.0661],[102.6308,-65.9262],[100.8754,-66.0788],[99.6543,-66.5495],[99.12,-66.8929],[98.6621,-66.6258],[98.0642,-66.5876],[97.1137,-66.6838],[95.7229,-66.5293],[93.4821,-66.6065],[90.8549,-66.6065],[88.6536,-66.7639],[88.0841,-66.1109],[87.7651,-66.7487],[87.2232,-66.9929],[85.5233,-66.9156],[81.8143,-67.302],[78.2599,-68.3837],[77.7963,-68.8473],[76.8691,-69.311],[75.4009,-69.4655],[72.542,-70.2382],[71.9238,-70.5473],[70.3011,-72.0154],[69.5284,-72.4018],[68.2149,-72.4018],[67.3649,-72.0927],[67.3649,-71.7063],[68.1376,-71.0882],[68.6839,-71.0603],[69.0744,-70.5877],[68.1908,-70.6699],[67.5127,-70.4644],[68.2149,-69.8518],[68.9511,-69.8891],[69.1421,-69.3882],[69.773,-68.6356],[69.683,-68.1519],[69.3739,-67.8428],[66.9785,-67.8428],[63.5787,-67.5338],[62.806,-67.611],[59.603,-67.3298],[56.6269,-66.9423],[57.1005,-66.5226],[56.1749,-66.4472],[55.1416,-65.9629],[53.7654,-65.9111],[52.4518,-65.9884],[50.5201,-66.3747],[50.006,-66.5876],[50.2732,-67.1367],[48.9672,-66.9735],[48.2697,-67.1812],[48.8485,-67.4335],[47.3051,-67.7749],[46.9192,-67.4039],[46.0585,-67.4335],[46.0384,-67.6883],[44.797,-67.7452],[44.184,-68.036],[42.5613,-68.1133],[41.9431,-68.4224],[39.6471,-68.9336],[39.4593,-69.7007],[38.332,-70.0295],[37.2988,-69.6537],[36.0776,-69.5911],[35.2979,-69.1178],[34.7155,-68.9336],[34.2934,-68.4996],[33.5413,-68.5422],[33.0247,-68.9179],[32.748,-69.3496],[30.6618,-69.736],[25.6392,-70.3541],[23.7075,-70.5859],[22.5484,-70.5859],[19.5349,-70.1609],[17.6032,-70.0837],[12.6579,-70.3155],[11.9625,-70.7018],[11.1125,-70.8564],[10.3398,-70.7018],[9.4126,-70.0837],[8.4853,-70.0837],[6.5536,-70.47],[3.3083,-70.9336],[0.6811,-71.32],[-0.787,-71.7063],[-1.2506,-71.32],[-2.7188,-71.3972],[-4.8823,-71.2813],[-6.3176,-71.425],[-6.255,-71.1536],[-5.7323,-70.895],[-6.3505,-70.6632],[-7.2004,-70.895],[-7.6327,-71.258],[-7.7413,-71.6677],[-8.8225,-71.8216],[-9.364,-71.1268],[-9.7503,-71.0495],[-11.1412,-71.5904],[-11.8076,-71.2997],[-12.3712,-71.4041],[-12.3295,-71.6755],[-11.5571,-72.0721],[-11.8285,-72.3226],[-14.2708,-72.8444],[-14.5839,-73.1784],[-16.3955,-73.4449],[-17.0909,-73.9085],[-16.1637,-74.0631],[-15.0047,-73.8312],[-14.4509,-74.0646],[-17.1682,-74.7585],[-18.4045,-75.6857],[-20.6454,-75.9175],[-23.5816,-75.9175],[-30.2268,-76.8448],[-32.0813,-77.3084],[-33.1631,-77.3856],[-34.9403,-77.9265],[-36.4084,-78.622],[-36.4084,-79.1629],[-35.0175,-79.1629],[-32.854,-79.3174],[-29.5677,-79.2243],[-29.035,-79.3765],[-28.9132,-79.8583],[-28.3723,-80.0901],[-28.9132,-80.4764],[-32.9312,-80.8628],[-38.031,-80.9401],[-41.8173,-81.4037],[-43.8263,-81.79],[-52.2487,-82.0218],[-55.1849,-82.3309],[-57.5803,-83.0263],[-59.2802,-82.7173],[-60.2075,-82.3309],[-63.1437,-82.0991],[-67.9344,-81.4809],[-74.8887,-80.7082],[-76.6434,-80.2146],[-78.2886,-80.3219],[-78.8295,-80.0128],[-76.4341,-79.8583],[-76.5887,-79.3947],[-77.9795,-79.0856],[-80.2203,-79.3174],[-82.9248,-79.1629],[-84.1037,-78.6485],[-84.1611,-78.2356],[-83.0793,-78.2356],[-82.0748,-78.7765],[-79.1385,-78.931],[-77.7824,-78.6485],[-78.2886,-78.3129],[-80.7612,-78.2356],[-81.6549,-77.6804],[-80.6868,-77.5665],[-77.0523,-77.9265],[-74.5024,-78.0811],[-73.0271,-77.8228],[-73.5681,-77.4811],[-75.816,-77.4629],[-78.5977,-76.6129],[-78.8295,-76.2266],[-77.825,-75.9948],[-76.2796,-76.3039],[-75.9315,-76.4845],[-73.8813,-76.6268],[-70.5616,-76.6902],[-69.248,-76.3811],[-65.9254,-75.8403],[-64.4573,-75.6857],[-63.221,-74.8357],[-62.6801,-74.7585],[-61.3665,-73.9085],[-60.8256,-72.7495],[-60.9802,-72.054],[-61.6756,-70.8177],[-62.1392,-70.5086],[-63.1437,-69.4269],[-63.4528,-68.886],[-63.8391,-68.6542],[-64.5346,-68.6542],[-65.1527,-68.4996],[-65.6936,-67.8815],[-65.3845,-67.3406],[-64.38,-66.7224],[-63.8391,-66.4906],[-62.7574,-66.6452],[-62.4483,-66.3361],[-62.371,-65.7952],[-61.1347,-64.868],[-59.8211,-64.3271],[-58.8939,-64.3271],[-57.2712,-63.7089],[-57.4258,-63.2453],[-58.1212,-63.3998],[-59.1257,-63.8634],[-60.2075,-63.9407],[-61.2892,-64.4816],[-62.9119,-64.7134],[-64.2255,-65.2543],[-65.0755,-65.9497],[-65.7709,-66.1815],[-66.8527,-66.7997],[-67.7026,-66.877],[-67.8572,-67.5724],[-67.3163,-67.8042],[-67.0845,-68.6542],[-67.4708,-69.1951],[-68.2435,-69.3496],[-68.7844,-69.8132],[-68.6299,-70.2768],[-68.089,-70.5859],[-67.7026,-71.2813],[-67.0845,-71.8222],[-67.0845,-72.4404],[-67.6254,-72.7495],[-71.4888,-73.3676],[-75.5841,-73.754],[-77.1295,-73.6381],[-78.5204,-73.7153],[-79.7567,-73.1745],[-80.993,-73.2517],[-81.3021,-73.7926],[-81.7657,-74.0244],[-84.3929,-73.7926],[-85.9383,-73.4835],[-86.3246,-73.2517],[-87.4064,-73.4063],[-88.5655,-73.2517],[-88.72,-72.7881],[-90.4972,-73.329],[-93.9743,-73.1745],[-96.5242,-73.329],[-99.7882,-72.9978],[-102.1737,-73.0895],[-102.5513,-72.7881],[-103.5867,-72.7409],[-103.5867,-73.1079],[-102.9444,-73.3648],[-100.2286,-73.4382],[-99.6781,-73.6584],[-101.4214,-73.7685],[-103.2467,-73.5608],[-103.1646,-73.8602],[-101.8801,-74.0988],[-101.4948,-74.5392],[-100.5589,-74.4658],[-100.4121,-74.7594],[-99.7332,-75.0713],[-100.0451,-75.3099],[-103.9421,-75.1062],[-105.6421,-75.0676],[-106.8011,-75.3766],[-108.3465,-75.2994],[-109.1965,-75.1448],[-110.557,-75.3029],[-110.7914,-74.9513],[-110.3373,-74.7609],[-110.4328,-74.2949],[-111.7464,-74.2949],[-111.7437,-74.7169],[-112.3645,-74.8357],[-113.4283,-74.6876],[-113.2379,-74.3214],[-114.1462,-73.9258],[-114.9372,-74.0577],[-114.9917,-74.4494],[-117.3871,-74.5267],[-118.0825,-74.2949],[-118.7779,-74.6039],[-120.1688,-74.5267],[-123.5687,-74.8357],[-127.1231,-74.6812],[-128.9775,-74.913],[-130.9865,-74.7971],[-133.5364,-74.7971],[-134.7728,-74.6426],[-138.559,-75.1062],[-140.568,-75.2607],[-144.5087,-75.7243],[-146.6723,-76.1107],[-148.5268,-76.0334],[-149.6086,-76.3425],[-148.4495,-76.497],[-147.1308,-76.5312],[-146.116,-76.8596],[-146.1459,-77.4565],[-147.9859,-77.347],[-149.9949,-77.7334],[-152.0856,-77.3371],[-154.1675,-77.1152],[-156.4083,-77.1152],[-158.031,-77.2697],[-158.1855,-77.8106],[-157.3355,-78.197],[-156.0219,-78.3515],[-154.7084,-78.1197],[-154.1323,-78.3523],[-155.8674,-78.7379],[-154.5538,-79.1242],[-151.7721,-79.2015],[-150.5802,-79.4829],[-148.6041,-79.6651],[-146.9041,-80.0514],[-145.6678,-80.5151],[-148.8359,-81.365],[-149.9949,-81.2105],[-154.4766,-81.056],[-156.9988,-81.1963],[-154.2675,-81.6769],[-154.5538,-82.1377],[-152.0812,-82.6014],[-152.9312,-82.9104],[-153.3097,-83.9419],[-152.0039,-84.3786],[-149.6086,-84.4558],[-145.2815,-84.7649],[-138.8168,-85.013],[-139.3309,-85.2228],[-148.7586,-85.074],[-151.463,-85.3058],[-156.5628,-85.4603],[-160.5036,-85.3831],[-167.2261,-84.7649],[-173.8713,-84.4558],[-178.4302,-84.4558],[-180,-84.3223],[-180,-85.3223],[-180,-86.3223],[-180,-87.3223],[-180,-88.3223],[-180,-89.3223],[-180,-90],[-179.2037,-90],[-178.2037,-90],[-177.2037,-90],[-176.2037,-90],[-175.2037,-90],[-174.2037,-90],[-173.2037,-90],[-172.2037,-90],[-171.2037,-90],[-170.2037,-90],[-169.2037,-90],[-168.2037,-90],[-167.2037,-90],[-166.2037,-90],[-165.2037,-90],[-164.2037,-90],[-163.2037,-90],[-162.2037,-90],[-161.2037,-90],[-160.2037,-90],[-159.2037,-90],[-158.2037,-90],[-157.2037,-90],[-156.2037,-90],[-155.2037,-90],[-154.2037,-90],[-153.2037,-90],[-152.2037,-90],[-151.2037,-90],[-150.2037,-90],[-149.2037,-90],[-148.2037,-90],[-147.2037,-90],[-146.2037,-90],[-145.2037,-90],[-144.2037,-90],[-143.2037,-90],[-142.2037,-90],[-141.2037,-90],[-140.2037,-90],[-139.2037,-90],[-138.2037,-90],[-137.2037,-90],[-136.2037,-90],[-135.2037,-90],[-134.2037,-90],[-133.2037,-90],[-132.2037,-90],[-131.2037,-90],[-130.2037,-90],[-129.2037,-90],[-128.2037,-90],[-127.2037,-90],[-126.2037,-90],[-125.2037,-90],[-124.2037,-90],[-123.2037,-90],[-122.2037,-90],[-121.2037,-90],[-120.2037,-90],[-119.2037,-90],[-118.2037,-90],[-117.2037,-90],[-116.2037,-90],[-115.2037,-90],[-114.2037,-90],[-113.2037,-90],[-112.2037,-90],[-111.2037,-90],[-110.2037,-90],[-109.2037,-90],[-108.2037,-90],[-107.2037,-90],[-106.2037,-90],[-105.2037,-90],[-104.2037,-90],[-103.2037,-90],[-102.2037,-90],[-101.2037,-90],[-100.2037,-90],[-99.2037,-90],[-98.2037,-90],[-97.2037,-90],[-96.2037,-90],[-95.2037,-90],[-94.2037,-90],[-93.2037,-90],[-92.2037,-90],[-91.2037,-90],[-90.2037,-90],[-89.2037,-90],[-88.2037,-90],[-87.2037,-90],[-86.2037,-90],[-85.2037,-90],[-84.2037,-90],[-83.2037,-90],[-82.2037,-90],[-81.2037,-90],[-80.2037,-90],[-79.2037,-90],[-78.2037,-90],[-77.2037,-90],[-76.2037,-90],[-75.2037,-90],[-74.2037,-90],[-73.2037,-90],[-72.2037,-90],[-71.2037,-90],[-70.2037,-90],[-69.2037,-90],[-68.2037,-90],[-67.2037,-90],[-66.2037,-90],[-65.2037,-90],[-64.2037,-90],[-63.2037,-90],[-62.2037,-90],[-61.2037,-90],[-60.2037,-90],[-59.2037,-90],[-58.2037,-90],[-57.2037,-90],[-56.2037,-90],[-55.2037,-90],[-54.2037,-90],[-53.2037,-90],[-52.2037,-90],[-51.2037,-90],[-50.2037,-90],[-49.2037,-90],[-48.2037,-90],[-47.2037,-90],[-46.2037,-90],[-45.2037,-90],[-44.2037,-90],[-43.2037,-90],[-42.2037,-90],[-41.2037,-90],[-40.2037,-90],[-39.2037,-90],[-38.2037,-90],[-37.2037,-90],[-36.2037,-90],[-35.2037,-90],[-34.2037,-90],[-33.2037,-90],[-32.2037,-90],[-31.2037,-90],[-30.2037,-90],[-29.2037,-90],[-28.2037,-90],[-27.2037,-90],[-26.2037,-90],[-25.2037,-90],[-24.2037,-90],[-23.2037,-90],[-22.2037,-90],[-21.2037,-90],[-20.2037,-90],[-19.2037,-90],[-18.2037,-90],[-17.2037,-90],[-16.2037,-90],[-15.2037,-90],[-14.2037,-90],[-13.2037,-90],[-12.2037,-90],[-11.2037,-90],[-10.2037,-90],[-9.2037,-90],[-8.2037,-90],[-7.2037,-90],[-6.2037,-90],[-5.2037,-90],[-4.2037,-90],[-3.2037,-90],[-2.2037,-90],[-1.2037,-90],[-0.2037,-90],[0.7781,-90],[1.7781,-90],[2.7781,-90],[3.7781,-90],[4.7781,-90],[5.7781,-90],[6.7781,-90],[7.7781,-90],[8.7781,-90],[9.7781,-90],[10.7781,-90],[11.7781,-90],[12.7781,-90],[13.7781,-90],[14.7781,-90],[15.7781,-90],[16.7781,-90],[17.7781,-90],[18.7781,-90],[19.7781,-90],[20.7781,-90],[21.7781,-90],[22.7781,-90],[23.7781,-90],[24.7781,-90],[25.7781,-90],[26.7781,-90],[27.7781,-90],[28.7781,-90],[29.7781,-90],[30.7781,-90],[31.7781,-90],[32.7781,-90],[33.7781,-90],[34.7781,-90],[35.7781,-90],[36.7781,-90],[37.7781,-90],[38.7781,-90],[39.7781,-90],[40.7781,-90],[41.7781,-90],[42.7781,-90],[43.7781,-90],[44.7781,-90],[45.7781,-90],[46.7781,-90],[47.7781,-90],[48.7781,-90],[49.7781,-90],[50.7781,-90],[51.7781,-90],[52.7781,-90],[53.7781,-90],[54.7781,-90],[55.7781,-90],[56.7781,-90],[57.7781,-90],[58.7781,-90],[59.7781,-90],[60.7781,-90],[61.7781,-90],[62.7781,-90],[63.7781,-90],[64.7781,-90],[65.7781,-90],[66.7781,-90],[67.7781,-90],[68.7781,-90],[69.7781,-90],[70.7781,-90],[71.7781,-90],[72.7781,-90],[73.7781,-90],[74.7781,-90],[75.7781,-90],[76.7781,-90],[77.7781,-90],[78.7781,-90],[79.7781,-90],[80.7781,-90],[81.7781,-90],[82.7781,-90],[83.7781,-90],[84.7781,-90],[85.7781,-90],[86.7781,-90],[87.7781,-90],[88.7781,-90],[89.7781,-90],[89.7963,-90],[90.7781,-90],[91.7781,-90],[92.7781,-90],[93.7781,-90],[94.7781,-90],[95.7781,-90],[96.7781,-90],[97.7781,-90],[98.7781,-90],[99.7781,-90],[100.7781,-90],[101.7781,-90],[102.7781,-90],[103.7781,-90],[104.7781,-90],[105.7781,-90],[106.7781,-90],[107.7781,-90],[108.7781,-90],[109.7781,-90],[110.7781,-90],[111.7781,-90],[112.7781,-90],[113.7781,-90],[114.7781,-90],[115.7781,-90],[116.7781,-90],[117.7781,-90],[118.7781,-90],[119.7781,-90],[120.7781,-90],[121.7781,-90],[122.7781,-90],[123.7781,-90],[124.7781,-90],[125.7781,-90],[126.7781,-90],[127.7781,-90],[128.7781,-90],[129.7781,-90],[130.7781,-90],[131.7781,-90],[132.7781,-90],[133.7781,-90],[134.7781,-90],[135.7781,-90],[136.7781,-90],[137.7781,-90],[138.7781,-90],[139.7781,-90],[140.7781,-90],[141.7781,-90],[142.7781,-90],[143.7781,-90],[144.7781,-90],[145.7781,-90],[146.7781,-90],[147.7781,-90],[148.7781,-90],[149.7781,-90],[150.7781,-90],[151.7781,-90],[152.7781,-90],[153.7781,-90],[154.7781,-90],[155.7781,-90],[156.7781,-90],[157.7781,-90],[158.7781,-90],[159.7781,-90],[160.7781,-90],[161.7781,-90],[162.7781,-90],[163.7781,-90],[164.7781,-90],[165.7781,-90],[166.7781,-90],[167.7781,-90],[168.7781,-90],[169.7781,-90],[170.7781,-90],[171.7781,-90],[172.7781,-90],[173.7781,-90],[174.7781,-90],[175.7781,-90],[176.7781,-90],[177.7781,-90],[178.7781,-90],[180,-90],[180,-89.3192],[180,-88.3192],[180,-87.3192],[180,-86.3192],[180,-85.3192],[180,-84.3404],[176.9334,-84.0309],[172.5803,-83.8442],[169.7694,-83.4179]]]]},"properties":{"NAME":null,"ABBREVN":null,"type":null,"weblinks":null,"SUBJECTO":null,"BORDERPRECISION":1,"PARTOF":null}},
{"type":"Feature","geometry":{"type":"Polygon","coordinates":[[[33.8927,31.0613],[33.5576,30.9677],[32.648,29.8522],[32.9438,29.1984],[33.1785,28.9956],[33.3307,28.5512],[34.058,27.7903],[34.322,27.829],[34.5489,28.7316],[34.7643,29.2467],[35.0955,29.3427],[34.8856,28.3575],[34.7639,28.0967],[35.1116,28.0721],[35.4365,27.7297],[35.8311,27.0952],[36.3122,26.4227],[36.6693,26.0168],[37.2183,25.1666],[37.2015,24.6583],[37.5572,24.2715],[37.9884,24.1136],[38.3294,23.8347],[38.9151,22.8702],[39.1022,22.4004],[39.1667,21.2188],[39.7641,20.4068],[40.6938,19.8687],[41.033,19.2849],[41.3292,18.6019],[43.9373,17.8897],[45.2998,15.9344],[50.626,16.5884],[55.0852,18.7129],[56.6335,20.1729],[56.0141,23.2223],[54.8288,24.7854],[54.7708,24.7335],[53.5908,25.2745],[52.0484,25.6267],[51.3888,25.8873],[51.3577,26.029],[50.6832,26.2644],[49.9314,26.9341],[49.5325,27.0095],[49.225,27.3021],[45.2379,27.8585],[37.9298,28.5136],[35.7002,29.8652],[33.8927,31.0613]]]},"properties":{"NAME":null,"ABBREVN":null,"type":null,"weblinks":null,"SUBJECTO":null,"BORDERPRECISION":1,"PARTOF":null}},
{"type":"Feature","geometry":{"type":"MultiPolygon","coordinates":[[[[13.2522,79.8007],[11.2843,79.7071],[11.3352,79.2071],[11.7603,78.8802],[13.0621,78.3468],[14.3528,78.4279],[14.819,78.7185],[16.617,78.4673],[15.9209,78.2649],[13.9051,77.9999],[14.131,77.7664],[16.418,77.9006],[16.2868,77.6152],[14.7779,77.5348],[15.0989,77.1153],[16.6629,76.7269],[17.267,76.8129],[17.8294,77.4889],[18.3886,77.5416],[19.1158,78.4545],[20.9081,78.8094],[19.1516,79.2309],[17.8341,79.8095],[13.2522,79.8007]]],[[[21.9708,79.7829],[20.9983,79.1911],[23.8205,79.1475],[25.3367,79.403],[27.1968,79.9444],[24.7829,80.3797],[23.0768,80.2406],[20.5245,80.3224],[19.9154,80.6334],[18.3306,79.8824],[19.2181,79.7402],[21.9708,79.7829]]]]},"properties":{"NAME":null,"ABBREVN":null,"type":null,"weblinks":null,"SUBJECTO":null,"BORDERPRECISION":1,"PARTOF":null}},
{"type":"Feature","geometry":{"type":"MultiPolygon","coordinates":[[[[-58.1395,48.5991],[-58.6518,48.3759],[-59.3185,47.9633],[-59.1566,47.6701],[-58.0905,47.7634],[-56.8037,47.616],[-56.3301,47.6365],[-56.0789,47.8652],[-55.7385,47.8724],[-54.7826,47.7112],[-55.2767,47.3127],[-55.8296,47.1293],[-55.4079,46.9479],[-54.9362,47.3394],[-54.5762,47.4965],[-54.2114,47.8036],[-53.8963,47.5565],[-54.1251,47.1131],[-53.0696,46.7313],[-52.7286,47.4545],[-53.0958,47.5515],[-53.1184,47.8775],[-53.7029,47.8438],[-53.8817,48.1893],[-53.4113,48.2947],[-53.249,48.6478],[-53.7626,48.5226],[-54.1296,48.8357],[-53.5091,49.2819],[-54.1579,49.4771],[-54.6199,49.4763],[-55.1073,49.2788],[-55.9684,49.6571],[-55.5654,49.9661],[-56.0671,50.1033],[-56.4904,49.7676],[-56.6615,50.0561],[-55.5565,51.3257],[-55.5608,51.5574],[-56.1524,51.4701],[-56.7015,51.1845],[-57.3556,50.5952],[-57.8601,49.9879],[-58.1277,49.4956],[-57.8142,49.2015],[-58.392,49.0368],[-58.6805,48.7026],[-58.1395,48.5991]]],[[[-60.8141,45.6444],[-59.9972,45.8536],[-59.8072,46.0812],[-60.169,46.3143],[-60.7613,45.8911],[-60.9626,46.1893],[-60.5839,46.3849],[-60.2598,46.9383],[-60.6271,47.1329],[-61.3806,46.3314],[-61.4088,46.0456],[-61.2485,45.7928],[-60.8141,45.6444]]]]},"properties":{"NAME":null,"ABBREVN":null,"type":null,"weblinks":null,"SUBJECTO":null,"BORDERPRECISION":1,"PARTOF":null}},
{"type":"Feature","geometry":{"type":"MultiPolygon","coordinates":[[[[-68.7494,-54.8886],[-68.3755,-54.852],[-67.1526,-54.91],[-66.6218,-55.07],[-65.3477,-54.9132],[-65.3231,-54.7256],[-66.4175,-54.6072],[-66.9828,-54.3407],[-67.8381,-53.7012],[-68.1297,-53.3752],[-68.7053,-53.2346],[-68.3054,-52.9431],[-68.7013,-52.7201],[-69.4067,-52.5665],[-70.2805,-53.0865],[-70.3333,-53.4727],[-69.5146,-53.3446],[-69.4206,-53.5443],[-70.1455,-53.8057],[-69.8902,-54.139],[-69.3353,-54.2917],[-69.5678,-54.4593],[-70.6207,-54.5015],[-70.7215,-54.9369],[-69.861,-54.7745],[-69.214,-54.934],[-68.7494,-54.8886]]],[[[-73.7713,-43.5088],[-73.6086,-42.9106],[-73.8305,-42.5641],[-73.4552,-42.2616],[-73.6372,-41.9668],[-74.0048,-42.0188],[-74.1686,-42.3465],[-74.1341,-42.7639],[-74.296,-43.2655],[-74.1418,-43.4452],[-73.7713,-43.5088]]],[[[-73.0804,-53.032],[-72.8449,-52.6461],[-72.869,-52.2813],[-73.5605,-52.2826],[-73.6256,-52.6078],[-73.2433,-52.5739],[-73.2806,-52.9526],[-73.0804,-53.032]]]]},"properties":{"NAME":null,"ABBREVN":null,"type":null,"weblinks":null,"SUBJECTO":null,"BORDERPRECISION":1,"PARTOF":null}},
{"type":"Feature","geometry":{"type":"MultiPolygon","coordinates":[[[[56.9604,73.3571],[58.8819,74.3914],[58.8506,74.6894],[60.0088,74.6754],[60.887,75.2475],[66.5482,75.9799],[67.7225,76.1745],[68.9368,76.6058],[68.4567,76.9268],[66.4423,76.8296],[65.9261,76.5074],[62.5933,76.1648],[61.3026,76.2379],[60.949,75.961],[59.0176,75.7989],[57.7287,75.291],[56.995,75.2731],[56.3026,74.8706],[56.652,74.6934],[55.6185,74.4175],[55.8852,74.1048],[54.8936,74.0629],[54.0176,73.7336],[54.6636,73.472],[55.7574,73.5774],[56.9604,73.3571]]],[[[52.6111,72.74],[53.0885,72.4735],[52.3511,72.0413],[51.4821,71.8447],[51.8149,71.4798],[52.5505,71.5899],[53.2338,71.5135],[54.3079,71.2057],[53.7286,70.7651],[57.2378,70.691],[56.3788,71.1323],[55.7207,71.6424],[55.5176,72.478],[56.2716,72.8572],[56.5085,73.1739],[55.8162,73.3073],[53.5023,73.1366],[52.6111,72.74]]],[[[8.1835,56.7985],[8.4709,56.5969],[9.0785,57.0368],[10.2566,57.0059],[10.4628,57.2417],[10.3901,57.6606],[9.8493,57.5818],[9.3024,57.1658],[8.3589,57.0227],[8.1835,56.7985]]],[[[12.0526,55.7031],[11.5677,55.8848],[11.1019,55.6337],[11.2854,55.1886],[11.7672,55.176],[11.9696,54.9542],[12.4297,55.2447],[12.444,55.9677],[12.0526,55.7031]]]]},"properties":{"NAME":null,"ABBREVN":null,"type":null,"weblinks":null,"SUBJECTO":null,"BORDERPRECISION":1,"PARTOF":null}},
{"type":"Feature","geometry":{"type":"Polygon","coordinates":[[[8.5763,3.0665],[8.8272,3.6119],[8.4781,3.5574],[8.3581,3.0883],[8.5763,3.0665]]]},"properties":{"NAME":null,"ABBREVN":null,"type":null,"weblinks":null,"SUBJECTO":null,"BORDERPRECISION":1,"PARTOF":null}},
{"type":"Feature","geometry":{"type":"Polygon","coordinates":[[[25.4927,36.4232],[25.371,36.4966],[25.3178,36.3988],[25.3862,36.3192],[25.4927,36.4232]]]},"properties":{"NAME":null,"ABBREVN":null,"type":null,"weblinks":null,"SUBJECTO":null,"BORDERPRECISION":1,"PARTOF":null}},
{"type":"Feature","geometry":{"type":"Polygon","coordinates":[[[26.0856,36.8989],[26.0248,36.9597],[25.8576,36.8381],[26.0856,36.8989]]]},"properties":{"NAME":null,"ABBREVN":null,"type":null,"weblinks":null,"SUBJECTO":null,"BORDERPRECISION":1,"PARTOF":null}},
{"type":"Feature","geometry":{"type":"Polygon","coordinates":[[[24.2991,36.7529],[24.4664,36.6493],[24.6792,36.759],[24.588,36.8685],[24.2991,36.7529]]]},"properties":{"NAME":null,"ABBREVN":null,"type":null,"weblinks":null,"SUBJECTO":null,"BORDERPRECISION":1,"PARTOF":null}},
{"type":"Feature","geometry":{"type":"Polygon","coordinates":[[[24.8237,36.6371],[24.9453,36.5699],[24.9757,36.6371],[24.8769,36.6797],[24.8237,36.6371]]]},"properties":{"NAME":null,"ABBREVN":null,"type":null,"weblinks":null,"SUBJECTO":null,"BORDERPRECISION":1,"PARTOF":null}},
{"type":"Feature","geometry":{"type":"MultiPolygon","coordinates":[[[[44.6722,-16.2356],[44.4544,-16.2424],[44.4514,-16.7254],[43.9716,-17.5527],[44.1595,-18.4039],[44.3942,-18.7911],[44.251,-19.1028],[44.5854,-19.528],[44.4703,-20.1701],[43.8165,-21.3156],[43.501,-21.4942],[43.3248,-22.1111],[43.3764,-22.6321],[43.8271,-23.4129],[43.6717,-23.9026],[43.6714,-24.2268],[43.9342,-24.5186],[44.0368,-24.9887],[44.4253,-25.3121],[44.9585,-25.3872],[45.2105,-25.66],[45.5762,-25.6211],[45.7895,-25.4109],[46.2391,-25.2637],[46.8551,-25.218],[47.2585,-24.7658],[47.4916,-24.0598],[48.0874,-22.0438],[48.6517,-20.3392],[49.3419,-18.2276],[49.4228,-17.8016],[49.4247,-17.1978],[49.8982,-16.4595],[49.685,-16.0469],[49.5977,-15.653],[49.7538,-15.3985],[50.1873,-15.9568],[50.4863,-15.4795],[50.5033,-15.3142],[50.1502,-14.4189],[49.9762,-13.3007],[49.8172,-12.8307],[49.5418,-12.7042],[49.1763,-12.2665],[48.9348,-12.4767],[48.9933,-12.7372],[48.7513,-13.4177],[48.2236,-13.7938],[47.9155,-13.7373],[48.049,-14.131],[47.699,-14.4432],[47.8837,-14.7161],[47.6329,-14.9836],[47.4263,-14.8251],[46.9246,-15.36],[46.1423,-15.8257],[45.7323,-15.8901],[45.4335,-16.0941],[45.1969,-16.0374],[44.6722,-16.2356]]],[[[8.8196,38.9769],[9.0625,39.2199],[9.4789,39.1442],[9.698,39.6935],[9.6308,40.0959],[9.7937,40.5637],[9.3062,41.1844],[8.7661,40.8628],[8.2407,40.8553],[8.4282,40.4649],[8.5085,39.9465],[8.3742,39.3078],[8.8196,38.9769]]]]},"properties":{"NAME":null,"ABBREVN":null,"type":null,"weblinks":null,"SUBJECTO":null,"BORDERPRECISION":1,"PARTOF":null}},
{"type":"Feature","geometry":{"type":"Polygon","coordinates":[[[-7.4275,55.0638],[-7.7562,55.2527],[-8.3454,55.0953],[-8.5037,54.7496],[-8.3006,54.4893],[-8.5901,54.2028],[-9.892,54.3256],[-9.8096,53.6324],[-10.1598,53.3741],[-9.1582,53.2207],[-9.5258,52.9046],[-9.8906,52.1944],[-10.4692,52.2066],[-10.2169,51.7583],[-9.8354,51.8033],[-9.8191,51.4346],[-9.2433,51.4726],[-8.5652,51.6155],[-7.7506,52.0327],[-6.406,52.2144],[-6.0431,52.8931],[-6.1722,53.4392],[-6.4434,53.8994],[-5.9122,54.0274],[-5.6615,54.3222],[-6.0182,55.093],[-6.6452,55.2064],[-7.4275,55.0638]]]},"properties":{"NAME":null,"ABBREVN":null,"type":null,"weblinks":null,"SUBJECTO":null,"BORDERPRECISION":1,"PARTOF":null}},
{"type":"Feature","geometry":{"type":"Polygon","coordinates":[[[22.8699,38.8372],[23.1208,38.8668],[23.6377,38.5226],[24.0254,38.3857],[24.1319,38.6534],[23.7898,38.7186],[23.2424,39.0441],[22.8699,38.8372]]]},"properties":{"NAME":null,"ABBREVN":null,"type":null,"weblinks":null,"SUBJECTO":null,"BORDERPRECISION":1,"PARTOF":null}},
{"type":"Feature","geometry":{"type":"Polygon","coordinates":[[[33.7805,35.2081],[33.3737,35.3065],[32.8191,35.2817],[32.301,35.0163],[32.2711,34.7197],[32.6034,34.6147],[33.4839,34.7958],[33.9247,34.9532],[33.7805,35.2081]]]},"properties":{"NAME":null,"ABBREVN":null,"type":null,"weblinks":null,"SUBJECTO":null,"BORDERPRECISION":1,"PARTOF":null}},
{"type":"Feature","geometry":{"type":"Polygon","coordinates":[[[25.0593,36.6187],[25.1962,36.6736],[25.1658,36.7407],[25.0441,36.6614],[25.0593,36.6187]]]},"properties":{"NAME":null,"ABBREVN":null,"type":null,"weblinks":null,"SUBJECTO":null,"BORDERPRECISION":1,"PARTOF":null}},
{"type":"Feature","geometry":{"type":"Polygon","coordinates":[[[9.4322,42.7941],[8.6093,42.4873],[8.5107,42.1341],[8.7424,41.8816],[8.7269,41.5606],[9.173,41.3499],[9.4525,42.0483],[9.4322,42.7941]]]},"properties":{"NAME":null,"ABBREVN":null,"type":null,"weblinks":null,"SUBJECTO":null,"BORDERPRECISION":1,"PARTOF":null}},
{"type":"Feature","geometry":{"type":"Polygon","coordinates":[[[139.8078,35.0073],[139.8301,34.836],[139.9316,34.8772],[139.8078,35.0073]]]},"properties":{"NAME":null,"ABBREVN":null,"type":null,"weblinks":null,"SUBJECTO":null,"BORDERPRECISION":1,"PARTOF":null}},
{"type":"Feature","geometry":{"type":"Polygon","coordinates":[[[25.2418,36.7529],[25.3862,36.6371],[25.4319,36.698],[25.295,36.8077],[25.2418,36.7529]]]},"properties":{"NAME":null,"ABBREVN":null,"type":null,"weblinks":null,"SUBJECTO":null,"BORDERPRECISION":1,"PARTOF":null}},
{"type":"Feature","geometry":{"type":"Polygon","coordinates":[[[-82.1772,22.3659],[-81.5723,22.1638],[-80.7765,22.1019],[-79.7345,21.6719],[-79.3581,21.6091],[-78.7279,21.6168],[-78.5136,21.3058],[-78.4504,20.969],[-78.1574,20.8171],[-77.2912,20.7045],[-77.1766,20.3551],[-77.4608,19.8714],[-76.3985,20.0199],[-75.5191,19.9074],[-74.7196,20.1125],[-74.2782,20.1515],[-74.3448,20.323],[-75.0619,20.6965],[-75.6537,20.6825],[-75.6039,21.0132],[-77.3398,21.5117],[-77.5078,21.7592],[-78.1706,22.1201],[-79.3304,22.4037],[-79.76,22.7588],[-80.7212,23.0237],[-81.4311,23.1367],[-82.0568,23.1353],[-82.9593,23.0254],[-83.6904,22.814],[-84.2564,22.5395],[-84.4347,22.323],[-84.2086,21.8276],[-83.8506,22.2098],[-83.3897,22.2235],[-82.8527,22.6378],[-82.5624,22.7084],[-82.0456,22.6967],[-81.6626,22.5068],[-82.1772,22.3659]]]},"properties":{"NAME":null,"ABBREVN":null,"type":null,"weblinks":null,"SUBJECTO":null,"BORDERPRECISION":1,"PARTOF":null}},
{"type":"Feature","geometry":{"type":"Polygon","coordinates":[[[-71.677,18.0025],[-71.4008,17.7041],[-71.0615,18.3468],[-70.621,18.5067],[-70.2992,18.2595],[-69.956,18.5017],[-68.9859,18.5102],[-68.6647,18.1994],[-68.3729,18.575],[-68.6568,18.8732],[-69.7466,19.3539],[-69.9934,19.6839],[-70.2892,19.6515],[-70.7389,19.7904],[-70.8816,19.9299],[-71.2203,19.8339],[-71.5506,19.8967],[-71.8433,19.7308],[-72.9404,19.9446],[-73.4212,19.8737],[-73.3554,19.6577],[-72.9446,19.595],[-72.6765,19.3922],[-72.6984,18.9408],[-72.2978,18.662],[-72.7459,18.5085],[-74.3032,18.6959],[-74.3648,18.3779],[-73.857,18.112],[-73.4738,18.3163],[-72.9155,18.2285],[-71.9782,18.2622],[-71.677,18.0025]]]},"properties":{"NAME":null,"ABBREVN":null,"type":null,"weblinks":null,"SUBJECTO":null,"BORDERPRECISION":1,"PARTOF":null}},
{"type":"Feature","geometry":{"type":"Polygon","coordinates":[[[-66.9056,17.9362],[-66.4509,18.0452],[-65.9674,18.0272],[-65.7241,18.3328],[-65.9515,18.4722],[-67.0552,18.5461],[-67.1617,18.3297],[-67.152,17.9865],[-66.9056,17.9362]]]},"properties":{"NAME":null,"ABBREVN":null,"type":null,"weblinks":null,"SUBJECTO":null,"BORDERPRECISION":1,"PARTOF":null}},
{"type":"Feature","geometry":{"type":"Polygon","coordinates":[[[-77.2908,17.806],[-76.8055,18.0041],[-76.4677,17.8713],[-76.4264,18.1193],[-77.1559,18.3974],[-77.7695,18.5105],[-78.0864,18.478],[-78.0518,18.2175],[-77.7373,17.9321],[-77.2908,17.806]]]},"properties":{"NAME":null,"ABBREVN":null,"type":null,"weblinks":null,"SUBJECTO":null,"BORDERPRECISION":1,"PARTOF":null}},
{"type":"Feature","geometry":{"type":"Polygon","coordinates":[[[-70.6739,62.8622],[-69.5595,62.7094],[-69.1553,62.4196],[-68.014,62.259],[-66.765,61.9436],[-65.9403,61.79],[-66.3323,62.3188],[-67.2638,62.8557],[-68.4765,63.3371],[-68.836,63.6504],[-68.486,63.7368],[-67.6816,63.4527],[-67.1442,63.3753],[-66.496,63.0774],[-65.1561,62.9875],[-64.735,63.0665],[-65.2095,63.6429],[-64.4739,63.7443],[-65.3086,64.1794],[-65.3271,64.3587],[-66.1925,64.8894],[-66.5977,64.7662],[-67.3294,65.584],[-67.8652,65.6267],[-67.6142,65.9118],[-67.161,65.9858],[-67.7599,66.3729],[-66.9128,66.5949],[-65.7174,66.0543],[-65.0338,65.9532],[-65.1778,65.6536],[-64.8437,65.3776],[-63.352,65.0247],[-63.5113,65.431],[-63.3809,65.927],[-62.8448,65.6143],[-62.094,66.0611],[-62.2977,66.4346],[-61.4948,66.3406],[-61.2106,66.635],[-62.0961,67.0166],[-62.5205,66.8461],[-63.1649,66.926],[-62.9914,67.1774],[-64.6138,67.1153],[-64.6014,67.315],[-63.933,67.4126],[-64.8289,67.9533],[-65.53,67.8701],[-66.4071,68.0248],[-67.0316,68.3073],[-68.6653,68.7161],[-67.9797,68.9879],[-68.5332,69.2505],[-66.6681,69.1861],[-68.043,69.7731],[-67.0443,69.7977],[-67.5755,70.1853],[-69.4627,69.9601],[-69.5911,70.1969],[-68.4694,70.5597],[-69.0916,70.782],[-70.2929,70.6179],[-70.6666,71.0805],[-71.8815,70.9312],[-71.2525,71.3508],[-72.5346,71.6285],[-73.2752,71.1608],[-73.6718,71.5563],[-74.1119,71.688],[-75.2039,71.569],[-74.3127,72.0394],[-75.322,72.5484],[-77.1187,72.7108],[-78.3634,72.5821],[-79.1254,72.2894],[-81.0268,72.0503],[-81.0436,72.3801],[-80.4887,73.037],[-81.5318,73.6884],[-82.6968,73.7822],[-84.5055,73.4911],[-85.5057,72.9404],[-85.5044,72.6082],[-84.8311,72.4676],[-85.6025,72.0104],[-84.6889,71.6604],[-84.4884,71.3493],[-84.7826,71.0617],[-85.891,71.1217],[-85.2431,71.4645],[-86.3325,71.9934],[-86.2142,72.4492],[-86.7794,72.6927],[-86.662,73.0969],[-85.2542,73.7775],[-86.8924,73.8305],[-88.0992,73.6361],[-89.1002,73.1957],[-89.6386,72.7823],[-89.8209,72.348],[-89.3341,72.1681],[-89.814,71.979],[-89.9972,71.5413],[-87.9492,71.3506],[-87.1688,71.0186],[-87.7047,70.9248],[-89.1498,70.9685],[-89.0185,70.6753],[-87.948,70.3849],[-86.3733,70.4647],[-85.9839,70.1126],[-84.8737,70.1146],[-82.2692,69.8604],[-80.7126,70.1531],[-79.8256,69.9181],[-78.7129,70.0114],[-78.941,70.2713],[-80.2184,70.5916],[-79.1011,70.6553],[-77.6986,70.1357],[-77.6223,69.8918],[-76.9715,69.802],[-75.5517,69.2223],[-76.6426,69.0319],[-76.5464,68.7314],[-75.1991,68.8616],[-73.9371,68.444],[-73.1849,68.2958],[-72.354,67.5303],[-72.3049,67.2636],[-73.036,66.6423],[-74.2799,66.0602],[-73.4199,65.5289],[-74.6648,65.3228],[-75.789,65.1972],[-77.3584,65.3759],[-77.387,65.0636],[-77.8666,64.9902],[-78.1267,64.651],[-77.7375,64.3929],[-76.5261,64.2301],[-75.9355,64.2671],[-75.4518,64.5481],[-74.4312,64.435],[-74.5591,64.7801],[-73.1636,64.574],[-73.148,64.3441],[-72.3879,63.8582],[-71.2581,63.5673],[-71.6217,63.2101],[-70.6739,62.8622]]]},"properties":{"NAME":null,"ABBREVN":null,"type":null,"weblinks":null,"SUBJECTO":null,"BORDERPRECISION":1,"PARTOF":null}},
{"type":"Feature","geometry":{"type":"Polygon","coordinates":[[[-90.2036,81.4443],[-89.1925,81.0964],[-86.4368,81.3932],[-85.1924,81.3245],[-84.793,80.7824],[-82.7907,80.6974],[-80.0879,81.0218],[-78.3209,80.9654],[-77.5209,80.7499],[-81.0637,80.5335],[-82.2626,80.051],[-83.6184,80.2067],[-86.1701,80.279],[-86.3224,80.1143],[-83.9109,79.2566],[-81.5972,78.7546],[-82.3256,78.6653],[-83.84,78.8568],[-85.8068,78.9062],[-86.8254,78.5861],[-86.5099,78.2969],[-84.8434,78.1596],[-84.8683,77.7077],[-83.0486,77.6312],[-83.6917,77.313],[-84.9299,77.3451],[-86.4357,77.8175],[-88.0512,77.7536],[-87.0992,77.2807],[-89.247,76.9768],[-89.4181,76.6103],[-88.1834,76.7401],[-87.2727,76.5042],[-85.0371,76.4069],[-84.5594,76.5432],[-82.4236,76.4711],[-81.3823,76.6511],[-80.8135,76.2377],[-78.2123,76.5468],[-77.8041,76.7258],[-78.1214,77.0407],[-79.0219,77.0561],[-82.1024,77.3161],[-81.5539,77.5411],[-78.8554,77.3738],[-78.2186,77.5733],[-78.3668,78.0329],[-76.1432,78.072],[-74.9631,79.1223],[-76.2538,79.3248],[-75.1737,79.5149],[-73.376,79.5811],[-74.5423,79.8941],[-74.2455,80.0427],[-71.4545,79.8458],[-70.2185,80.1374],[-70.5111,80.5454],[-69.4975,80.5475],[-66.4817,81.3029],[-65.2998,81.4584],[-65.5879,81.705],[-67.5164,81.5873],[-67.5852,81.9613],[-66.3745,82.1007],[-63.9206,82.0112],[-61.9894,82.3119],[-62.4271,82.6336],[-65.4809,82.8997],[-67.6963,82.8728],[-70.5843,83.176],[-74.1611,82.9906],[-76.3821,83.1519],[-81.5226,82.6893],[-81.3906,82.0788],[-84.9466,82.3795],[-86.3244,82.2058],[-90.5034,82.0065],[-91.0799,81.5385],[-90.2036,81.4443]]]},"properties":{"NAME":null,"ABBREVN":null,"type":null,"weblinks":null,"SUBJECTO":null,"BORDERPRECISION":1,"PARTOF":null}},
{"type":"Feature","geometry":{"type":"Polygon","coordinates":[[[-114.4727,72.6251],[-114.1851,73.2442],[-114.647,73.3549],[-117.2197,72.8573],[-118.3988,72.4757],[-118.9856,72.0342],[-117.3139,71.4746],[-115.6935,71.5789],[-115.7423,71.2986],[-117.4102,71.2022],[-118.4988,71.0528],[-117.7607,70.7217],[-116.2966,70.7707],[-113.7641,70.7369],[-111.8499,70.4247],[-111.7305,70.2559],[-112.9911,70.2382],[-115.1466,70.2725],[-117.1929,70.123],[-117.5682,69.9922],[-116.6562,69.5159],[-115.9066,69.3509],[-113.9246,69.2489],[-113.5391,69.1138],[-113.602,68.7224],[-113.1522,68.5956],[-110.4482,68.6531],[-109.2094,68.8132],[-108.6456,69.0023],[-107.5362,69.0571],[-106.8538,69.4509],[-104.1878,68.8978],[-103.1782,68.8545],[-102.2779,68.954],[-101.8084,69.1356],[-102.198,69.4823],[-103.2675,69.3291],[-103.3613,69.6391],[-102.2395,69.8763],[-101.4493,69.6654],[-100.8913,69.674],[-101.0552,70.0308],[-102.4357,70.4654],[-103.8636,70.7015],[-104.5946,71.0479],[-104.4671,71.6545],[-105.0104,72.0447],[-105.3126,72.6501],[-106.5232,73.1949],[-108.1815,73.3829],[-108.0866,72.6291],[-107.5273,72.0164],[-108.3479,71.913],[-108.9863,72.7302],[-110.5246,72.9967],[-110.0794,72.5622],[-111.7255,72.3306],[-111.6408,72.7253],[-112.8389,72.9527],[-114.4727,72.6251]]]},"properties":{"NAME":null,"ABBREVN":null,"type":null,"weblinks":null,"SUBJECTO":null,"BORDERPRECISION":1,"PARTOF":null}},
{"type":"Feature","geometry":{"type":"Polygon","coordinates":[[[-180,65.2592],[-179.3786,65.996],[-178.6969,65.8321],[-178.6535,65.5399],[-178.1163,65.4825],[-177.1256,65.6231],[-176.1372,65.457],[-175.9517,65.0062],[-174.3794,64.6192],[-174.2607,64.4609],[-173.077,64.384],[-173.2504,64.8955],[-172.4366,65.02],[-172.5623,65.5148],[-171.2003,65.5612],[-170.6127,66.0378],[-169.8727,66.0832],[-171.2272,66.6027],[-171.958,66.9557],[-172.8292,66.9614],[-173.8749,67.1593],[-175.0062,66.9573],[-175.514,67.6688],[-175.9906,67.8467],[-178.1292,68.3736],[-180,68.9169],[-180,67.9631],[-180,66.9631],[-180,65.9631],[-180,65.3816],[-180,65.311],[-180,65.2592]]]},"properties":{"NAME":null,"ABBREVN":null,"type":null,"weblinks":null,"SUBJECTO":null,"BORDERPRECISION":1,"PARTOF":null}},
{"type":"Feature","geometry":{"type":"Polygon","coordinates":[[[-90.2037,80.6595],[-91.31,80.8684],[-92.0249,81.2592],[-95.0599,81.0307],[-94.2503,80.6736],[-95.5804,80.3862],[-94.675,80.1165],[-96.4334,79.9334],[-95.0394,79.3962],[-93.1776,79.5342],[-93.3026,79.2565],[-94.1034,79.0234],[-92.7015,78.4342],[-90.6408,78.2627],[-89.1208,78.3445],[-88.9559,78.7497],[-87.7873,78.7255],[-86.9967,79.4453],[-87.3357,80.093],[-89.042,80.1666],[-89.4247,80.6145],[-90.2037,80.6595]]]},"properties":{"NAME":null,"ABBREVN":null,"type":null,"weblinks":null,"SUBJECTO":null,"BORDERPRECISION":1,"PARTOF":null}},
{"type":"Feature","geometry":{"type":"Polygon","coordinates":[[[-122.5744,71.146],[-121.9362,71.5048],[-120.8435,71.5303],[-120.424,71.8826],[-120.4536,72.2985],[-119.7684,72.3943],[-118.585,72.9737],[-115.6537,73.6325],[-117.3362,74.1673],[-119.5574,74.1631],[-121.2387,74.58],[-123.057,74.4391],[-124.9093,74.4437],[-124.0648,73.8652],[-124.2472,73.4566],[-124.8821,73.0492],[-125.3413,72.969],[-125.1807,72.4314],[-125.9037,72.1546],[-125.617,71.9904],[-124.5773,71.8983],[-124.0721,71.735],[-123.4677,71.1986],[-122.5744,71.146]]]},"properties":{"NAME":null,"ABBREVN":null,"type":null,"weblinks":null,"SUBJECTO":null,"BORDERPRECISION":1,"PARTOF":null}},
{"type":"Feature","geometry":{"type":"Polygon","coordinates":[[[-90.2037,76.2817],[-91.1346,76.6325],[-93.0849,76.527],[-92.2241,75.9472],[-92.3655,75.4213],[-91.8668,74.7889],[-89.6981,74.6146],[-88.3902,74.9905],[-88.1436,74.569],[-85.1182,74.6232],[-82.936,74.684],[-82.373,74.5555],[-80.3493,74.6159],[-80.4999,75.0301],[-79.4952,75.2798],[-79.7392,75.4701],[-80.7661,75.6096],[-81.7031,75.875],[-83.5587,75.9049],[-85.2033,75.7429],[-86.618,75.4322],[-87.2929,75.6555],[-88.6474,75.5946],[-90.9901,76.1847],[-90.2037,76.2817]]]},"properties":{"NAME":null,"ABBREVN":null,"type":null,"weblinks":null,"SUBJECTO":null,"BORDERPRECISION":1,"PARTOF":null}},
{"type":"Feature","geometry":{"type":"Polygon","coordinates":[[[-115.1503,75.7568],[-116.9978,75.6492],[-117.3966,75.4071],[-116.5721,75.2014],[-115.1859,75.1543],[-112.8115,75.4158],[-111.1497,75.3525],[-111.3673,75.1037],[-114.2173,74.8446],[-114.0933,74.6744],[-112.2028,74.4998],[-110.8692,74.721],[-109.0703,75.1329],[-107.4796,75.0121],[-106.371,75.0554],[-105.7735,75.2301],[-105.498,75.8466],[-105.9172,76.0218],[-108.1633,76.0092],[-108.3887,76.4895],[-108.965,76.871],[-110.3825,76.4349],[-109.353,76.0994],[-109.1438,75.7142],[-109.9119,75.6294],[-111.3856,75.6599],[-112.8512,76.2275],[-113.5486,76.1335],[-114.3724,76.4696],[-116.2964,76.2378],[-116.15,75.9345],[-115.1503,75.7568]]]},"properties":{"NAME":null,"ABBREVN":null,"type":null,"weblinks":null,"SUBJECTO":null,"BORDERPRECISION":1,"PARTOF":null}},
{"type":"Feature","geometry":{"type":"Polygon","coordinates":[[[-85.1568,63.1847],[-84.6547,63.3139],[-84.0871,63.6718],[-83.4958,63.7444],[-83.5174,64.0521],[-82.731,64.0751],[-82.1977,63.6896],[-80.696,63.4996],[-80.1794,63.722],[-80.953,63.9781],[-81.8721,63.9907],[-81.8314,64.4068],[-82.1096,64.6436],[-83.0854,64.865],[-83.7597,65.2113],[-85.0579,65.6091],[-85.5575,65.8636],[-86.2428,64.5423],[-86.0611,64.1405],[-87.0529,63.752],[-87.1012,63.5447],[-85.6007,63.7476],[-85.4628,63.2055],[-85.1568,63.1847]]]},"properties":{"NAME":null,"ABBREVN":null,"type":null,"weblinks":null,"SUBJECTO":null,"BORDERPRECISION":1,"PARTOF":null}},
{"type":"Feature","geometry":{"type":"Polygon","coordinates":[[[-98.7181,71.3538],[-97.8419,71.6904],[-96.8496,71.8798],[-96.3509,72.5012],[-96.6885,72.8165],[-98.3937,73.1306],[-97.4889,73.4588],[-96.9367,73.7877],[-97.9566,73.9221],[-99.2194,73.7433],[-99.6677,73.9189],[-100.9138,73.7081],[-99.955,73.2629],[-100.8349,72.7455],[-102.2792,73.1472],[-102.6687,72.8528],[-101.6537,72.3731],[-100.3189,72.1397],[-99.4343,71.6406],[-98.7181,71.3538]]]},"properties":{"NAME":null,"ABBREVN":null,"type":null,"weblinks":null,"SUBJECTO":null,"BORDERPRECISION":1,"PARTOF":null}},
{"type":"Feature","geometry":{"type":"Polygon","coordinates":[[[-123.902,48.4706],[-123.5934,48.6347],[-123.8614,49.158],[-124.7179,49.4906],[-125.7186,50.4094],[-126.9574,50.5919],[-127.848,50.8611],[-128.3431,50.6685],[-127.3855,50.05],[-126.9612,50.0574],[-126.5222,49.8217],[-126.5631,49.5722],[-126.1115,49.5272],[-125.9668,49.1735],[-124.999,49.1689],[-125.1961,48.8737],[-124.4926,48.6003],[-123.902,48.4706]]]},"properties":{"NAME":null,"ABBREVN":null,"type":null,"weblinks":null,"SUBJECTO":null,"BORDERPRECISION":1,"PARTOF":null}},
{"type":"Feature","geometry":{"type":"Polygon","coordinates":[[[-120.454,75.9523],[-119.3868,76.3755],[-118.736,76.9377],[-116.9999,76.7279],[-116.2396,76.7804],[-116.3591,77.5784],[-117.2256,77.4127],[-119.6956,77.3133],[-121.5777,76.7021],[-122.6594,76.5386],[-122.2821,76.1506],[-121.3108,76.2958],[-120.454,75.9523]]]},"properties":{"NAME":null,"ABBREVN":null,"type":null,"weblinks":null,"SUBJECTO":null,"BORDERPRECISION":1,"PARTOF":null}},
{"type":"Feature","geometry":{"type":"Polygon","coordinates":[[[-99.6796,77.7922],[-99.0494,77.9411],[-99.8916,78.6581],[-100.6933,78.8777],[-102.5687,79.0161],[-103.3648,79.3892],[-105.4515,79.4031],[-105.481,79.2242],[-103.5053,78.8369],[-104.9661,78.5339],[-104.1625,78.2982],[-101.1679,78.2689],[-100.4715,77.8949],[-99.6796,77.7922]]]},"properties":{"NAME":null,"ABBREVN":null,"type":null,"weblinks":null,"SUBJECTO":null,"BORDERPRECISION":1,"PARTOF":null}},
{"type":"Feature","geometry":{"type":"Polygon","coordinates":[[[-94.5424,72.1898],[-93.6393,72.5299],[-94.2658,72.8527],[-92.0006,72.8411],[-90.4517,73.904],[-91.0514,74.0474],[-92.6933,74.0122],[-93.899,74.1628],[-95.0685,74.0641],[-95.6408,73.1437],[-95.0584,72.2831],[-94.5424,72.1898]]]},"properties":{"NAME":null,"ABBREVN":null,"type":null,"weblinks":null,"SUBJECTO":null,"BORDERPRECISION":1,"PARTOF":null}},
{"type":"Feature","geometry":{"type":"Polygon","coordinates":[[[-99.9442,75.0841],[-98.0016,75.1621],[-98.1515,75.6016],[-97.6667,75.8614],[-97.8165,76.4757],[-99.0244,76.4226],[-100.0674,76.675],[-101.8849,76.3327],[-101.6755,76.0635],[-102.5336,75.7686],[-102.1496,75.644],[-100.6194,75.7889],[-99.8957,75.615],[-100.474,75.3147],[-99.9442,75.0841]]]},"properties":{"NAME":null,"ABBREVN":null,"type":null,"weblinks":null,"SUBJECTO":null,"BORDERPRECISION":1,"PARTOF":null}},
{"type":"Feature","geometry":{"type":"Polygon","coordinates":[[[-96.4728,68.5143],[-95.5146,68.8087],[-96.1822,69.297],[-97.7416,69.8316],[-98.2526,69.6941],[-98.3043,69.3913],[-99.365,68.9745],[-97.6056,68.6396],[-96.4728,68.5143]]]},"properties":{"NAME":null,"ABBREVN":null,"type":null,"weblinks":null,"SUBJECTO":null,"BORDERPRECISION":1,"PARTOF":null}},
{"type":"Feature","geometry":{"type":"Polygon","coordinates":[[[-96.602,77.9981],[-95.2325,78.1315],[-95.097,78.4384],[-97.3098,78.8222],[-98.4372,78.6609],[-97.4598,78.1011],[-96.602,77.9981]]]},"properties":{"NAME":null,"ABBREVN":null,"type":null,"weblinks":null,"SUBJECTO":null,"BORDERPRECISION":1,"PARTOF":null}},
{"type":"Feature","geometry":{"type":"Polygon","coordinates":[[[-76.2692,67.2488],[-75.7704,67.3015],[-75.1463,67.577],[-75.1195,68.113],[-75.8847,68.3431],[-76.7942,68.1472],[-77.2475,67.6548],[-77.0648,67.3287],[-76.2692,67.2488]]]},"properties":{"NAME":null,"ABBREVN":null,"type":null,"weblinks":null,"SUBJECTO":null,"BORDERPRECISION":1,"PARTOF":null}},
{"type":"Feature","geometry":{"type":"Polygon","coordinates":[[[-153.2264,57.3662],[-152.3783,57.5184],[-152.6795,57.7645],[-153.3959,57.8043],[-153.7313,57.4269],[-154.1886,57.6314],[-154.5852,57.3637],[-154.5926,57.1448],[-153.8778,56.9413],[-153.4921,57.0513],[-153.2264,57.3662]]]},"properties":{"NAME":null,"ABBREVN":null,"type":null,"weblinks":null,"SUBJECTO":null,"BORDERPRECISION":1,"PARTOF":null}},
{"type":"Feature","geometry":{"type":"Polygon","coordinates":[[[-169.9031,63.0752],[-169.3329,63.3973],[-170.4815,63.6884],[-170.9664,63.4586],[-169.9031,63.0752]]]},"properties":{"NAME":null,"ABBREVN":null,"type":null,"weblinks":null,"SUBJECTO":null,"BORDERPRECISION":1,"PARTOF":null}},
{"type":"Feature","geometry":{"type":"Polygon","coordinates":[[[-93.9376,76.3985],[-94.1951,76.8991],[-95.6285,77.0416],[-96.8095,76.9197],[-95.8734,76.5133],[-93.9376,76.3985]]]},"properties":{"NAME":null,"ABBREVN":null,"type":null,"weblinks":null,"SUBJECTO":null,"BORDERPRECISION":1,"PARTOF":null}},
{"type":"Feature","geometry":{"type":"Polygon","coordinates":[[[-132.1738,54.8463],[-132.1772,55.2848],[-132.5547,55.4531],[-132.6333,55.9001],[-133.5178,56.2107],[-133.016,55.371],[-132.1738,54.8463]]]},"properties":{"NAME":null,"ABBREVN":null,"type":null,"weblinks":null,"SUBJECTO":null,"BORDERPRECISION":1,"PARTOF":null}},
{"type":"Feature","geometry":{"type":"Polygon","coordinates":[[[-109.6612,77.9499],[-110.7101,78.0234],[-113.0097,77.9232],[-113.0243,77.6021],[-111.9104,77.4832],[-110.6197,77.5375],[-109.6612,77.9499]]]},"properties":{"NAME":null,"ABBREVN":null,"type":null,"weblinks":null,"SUBJECTO":null,"BORDERPRECISION":1,"PARTOF":null}},
{"type":"Feature","geometry":{"type":"Polygon","coordinates":[[[-162.2183,55.1324],[-161.5751,55.4786],[-160.8671,55.5748],[-160.676,55.7649],[-161.3181,55.8791],[-161.8105,55.7831],[-162.5846,55.3887],[-162.2183,55.1324]]]},"properties":{"NAME":null,"ABBREVN":null,"type":null,"weblinks":null,"SUBJECTO":null,"BORDERPRECISION":1,"PARTOF":null}},
{"type":"Feature","geometry":{"type":"Polygon","coordinates":[[[-155.7828,18.9455],[-155.482,19.24],[-154.9477,19.4829],[-155.2117,19.8962],[-155.9313,20.2837],[-155.9466,19.9892],[-156.1633,19.8084],[-156.0342,19.1057],[-155.7828,18.9455]]]},"properties":{"NAME":null,"ABBREVN":null,"type":null,"weblinks":null,"SUBJECTO":null,"BORDERPRECISION":1,"PARTOF":null}},
{"type":"Feature","geometry":{"type":"Polygon","coordinates":[[[-163.2064,54.7372],[-163.7428,55.0619],[-164.5609,54.8313],[-165.0097,54.528],[-164.5645,54.3341],[-164.0719,54.6575],[-163.2064,54.7372]]]},"properties":{"NAME":null,"ABBREVN":null,"type":null,"weblinks":null,"SUBJECTO":null,"BORDERPRECISION":1,"PARTOF":null}},
{"type":"Feature","geometry":{"type":"Polygon","coordinates":[[[-135.3249,58.0927],[-135.6718,58.0439],[-136.3001,58.1801],[-136.5964,57.9049],[-135.115,57.6746],[-135.3249,58.0927]]]},"properties":{"NAME":null,"ABBREVN":null,"type":null,"weblinks":null,"SUBJECTO":null,"BORDERPRECISION":1,"PARTOF":null}},
{"type":"Feature","geometry":{"type":"Polygon","coordinates":[[[-132.5688,53.2795],[-132.0898,53.3988],[-131.9995,53.7935],[-132.3785,53.987],[-133.0539,54.0661],[-132.997,53.6511],[-132.5688,53.2795]]]},"properties":{"NAME":null,"ABBREVN":null,"type":null,"weblinks":null,"SUBJECTO":null,"BORDERPRECISION":1,"PARTOF":null}},
{"type":"Feature","geometry":{"type":"Polygon","coordinates":[[[-134.8213,56.9163],[-135.0023,57.3258],[-135.4661,57.2292],[-134.9457,56.4535],[-134.8213,56.9163]]]},"properties":{"NAME":null,"ABBREVN":null,"type":null,"weblinks":null,"SUBJECTO":null,"BORDERPRECISION":1,"PARTOF":null}},
{"type":"Feature","geometry":{"type":"Polygon","coordinates":[[[-166.9272,53.4589],[-166.3835,53.8546],[-166.7706,54.0012],[-167.1484,53.9402],[-166.9272,53.4589]]]},"properties":{"NAME":null,"ABBREVN":null,"type":null,"weblinks":null,"SUBJECTO":null,"BORDERPRECISION":1,"PARTOF":null}},
{"type":"Feature","geometry":{"type":"Polygon","coordinates":[[[-156.5067,20.5989],[-156.1185,20.7901],[-156.7157,21.0691],[-156.8225,20.9399],[-156.5067,20.5989]]]},"properties":{"NAME":null,"ABBREVN":null,"type":null,"weblinks":null,"SUBJECTO":null,"BORDERPRECISION":1,"PARTOF":null}},
{"type":"Feature","geometry":{"type":"Polygon","coordinates":[[[-157.8416,21.2902],[-158.1791,21.6891],[-158.4344,21.452],[-158.2976,21.2765],[-157.8416,21.2902]]]},"properties":{"NAME":null,"ABBREVN":null,"type":null,"weblinks":null,"SUBJECTO":null,"BORDERPRECISION":1,"PARTOF":null}},
{"type":"Feature","geometry":{"type":"Polygon","coordinates":[[[-167.8654,53.3234],[-168.2235,53.59],[-168.3743,53.2353],[-167.8654,53.3234]]]},"properties":{"NAME":null,"ABBREVN":null,"type":null,"weblinks":null,"SUBJECTO":null,"BORDERPRECISION":1,"PARTOF":null}},
{"type":"Feature","geometry":{"type":"Polygon","coordinates":[[[-162.968,54.9487],[-162.7876,55.1516],[-163.0909,55.2727],[-163.2624,55.171],[-162.968,54.9487]]]},"properties":{"NAME":null,"ABBREVN":null,"type":null,"weblinks":null,"SUBJECTO":null,"BORDERPRECISION":1,"PARTOF":null}},
{"type":"Feature","geometry":{"type":"Polygon","coordinates":[[[-50.225,-1.7354],[-49.9368,-1.6585],[-49.3471,-1.6445],[-48.8857,-1.4211],[-48.6398,-1.0584],[-48.5528,-0.6324],[-48.4019,-0.3907],[-49.1427,-0.1953],[-49.3582,-0.2847],[-50.2068,-0.1912],[-50.5014,-0.2617],[-50.6167,-0.8911],[-50.6115,-1.4376],[-50.4763,-1.6788],[-50.225,-1.7354]]]},"properties":{"NAME":null,"ABBREVN":null,"type":null,"weblinks":null,"SUBJECTO":null,"BORDERPRECISION":1,"PARTOF":null}},
{"type":"Feature","geometry":{"type":"Polygon","coordinates":[[[-61.1142,10.8217],[-61.8091,10.725],[-61.6617,10.5429],[-61.536,10.0359],[-61.2067,10.1182],[-61.237,10.6296],[-61.1142,10.8217]]]},"properties":{"NAME":null,"ABBREVN":null,"type":null,"weblinks":null,"SUBJECTO":null,"BORDERPRECISION":1,"PARTOF":null}},
{"type":"Feature","geometry":{"type":"Polygon","coordinates":[[[24.4436,37.0993],[24.5348,37.1175],[24.4284,37.2083],[24.4436,37.0993]]]},"properties":{"NAME":null,"ABBREVN":null,"type":null,"weblinks":null,"SUBJECTO":null,"BORDERPRECISION":1,"PARTOF":null}},
{"type":"Feature","geometry":{"type":"MultiPolygon","coordinates":[[[[-14.5098,28.05],[-13.881,28.1994],[-13.7842,28.8793],[-13.4214,29.0909],[-13.5182,29.4285],[-13.8084,29.0486],[-14.147,28.391],[-14.5098,28.05]]],[[[-15.574,28.178],[-15.9127,27.9005],[-15.574,27.7294],[-15.2112,27.9005],[-15.4047,28.1994],[-15.574,28.178]]],[[[-17.2913,28.2846],[-17.3397,28.0287],[-16.6383,28.05],[-16.082,28.5399],[-16.8801,28.3272],[-17.2913,28.2846]]]]},"properties":{"NAME":null,"ABBREVN":null,"type":null,"weblinks":null,"SUBJECTO":null,"BORDERPRECISION":1,"PARTOF":null}},
{"type":"Feature","geometry":{"type":"Polygon","coordinates":[[[24.398,37.6671],[24.2991,37.6611],[24.2611,37.5406],[24.3827,37.5707],[24.398,37.6671]]]},"properties":{"NAME":null,"ABBREVN":null,"type":null,"weblinks":null,"SUBJECTO":null,"BORDERPRECISION":1,"PARTOF":null}},
{"type":"Feature","geometry":{"type":"Polygon","coordinates":[[[24.4892,37.3958],[24.398,37.4682],[24.3599,37.3052],[24.4892,37.3958]]]},"properties":{"NAME":null,"ABBREVN":null,"type":null,"weblinks":null,"SUBJECTO":null,"BORDERPRECISION":1,"PARTOF":null}},
{"type":"Feature","geometry":{"type":"Polygon","coordinates":[[[24.8617,37.5286],[24.8465,37.3656],[25.0441,37.3777],[24.8617,37.5286]]]},"properties":{"NAME":null,"ABBREVN":null,"type":null,"weblinks":null,"SUBJECTO":null,"BORDERPRECISION":1,"PARTOF":null}},
{"type":"Feature","geometry":{"type":"Polygon","coordinates":[[[25.4699,37.4381],[24.7629,38.0033],[24.6564,37.9014],[25.3178,37.4018],[25.4699,37.4381]]]},"properties":{"NAME":null,"ABBREVN":null,"type":null,"weblinks":null,"SUBJECTO":null,"BORDERPRECISION":1,"PARTOF":null}},
{"type":"Feature","geometry":{"type":"Polygon","coordinates":[[[24.7857,36.9475],[24.7172,37.0508],[24.6488,37.0143],[24.6792,36.905],[24.7857,36.9475]]]},"properties":{"NAME":null,"ABBREVN":null,"type":null,"weblinks":null,"SUBJECTO":null,"BORDERPRECISION":1,"PARTOF":null}},
{"type":"Feature","geometry":{"type":"Polygon","coordinates":[[[25.1126,36.9415],[25.3102,37.0022],[25.3102,37.1962],[25.1506,37.172],[25.1126,36.9415]]]},"properties":{"NAME":null,"ABBREVN":null,"type":null,"weblinks":null,"SUBJECTO":null,"BORDERPRECISION":1,"PARTOF":null}},
{"type":"Feature","geometry":{"type":"Polygon","coordinates":[[[25.5459,36.9597],[25.6067,37.1235],[25.5383,37.2204],[25.3406,37.0871],[25.5459,36.9597]]]},"properties":{"NAME":null,"ABBREVN":null,"type":null,"weblinks":null,"SUBJECTO":null,"BORDERPRECISION":1,"PARTOF":null}},
{"type":"Feature","geometry":{"type":"Polygon","coordinates":[[[12.7828,38.1174],[12.4541,37.766],[12.6369,37.5815],[13.0116,37.5249],[14.2159,37.0493],[14.622,36.7761],[15.0273,36.7451],[15.3013,37.0579],[15.1162,37.2869],[15.181,37.6823],[15.4729,38.1101],[15.3867,38.2055],[14.7659,38.0576],[13.8095,37.9664],[13.3225,38.2205],[13.066,38.0669],[12.7828,38.1174]]]},"properties":{"NAME":null,"ABBREVN":null,"type":null,"weblinks":null,"SUBJECTO":null,"BORDERPRECISION":1,"PARTOF":null}},
{"type":"Feature","geometry":{"type":"Polygon","coordinates":[[[139.9316,34.8772],[140.3166,35.0338],[140.3949,35.4091],[140.8343,35.6771],[140.5554,35.9691],[140.6556,36.6183],[140.9639,36.9563],[140.9822,37.2682],[140.8722,37.9174],[141.0967,38.2618],[141.4964,38.4219],[141.5686,38.7852],[141.8878,39.13],[141.9981,39.672],[141.6756,40.3162],[141.4671,40.5141],[141.4369,41.2694],[141.087,41.4416],[140.7745,41.2552],[141.0766,41.1021],[141.1526,40.8654],[140.657,40.7236],[140.3864,40.9855],[139.9152,40.575],[139.985,40.1146],[139.8046,39.8907],[140.0301,39.4832],[139.7457,38.6796],[139.1979,37.9204],[138.8562,37.7351],[138.699,37.4482],[138.3172,37.2055],[137.464,36.8537],[137.1762,36.6431],[136.8108,37.3107],[136.6404,37.1703],[136.6685,36.6675],[135.9779,35.9725],[135.928,35.6035],[135.3577,35.3225],[135.157,35.6465],[134.7558,35.5312],[133.8041,35.4275],[133.0062,35.2541],[132.6629,35.3806],[131.6723,34.502],[131.3341,34.2918],[130.8923,34.2464],[130.899,33.9037],[131.3942,33.9364],[131.995,33.8043],[131.9973,34.09],[132.1835,34.2872],[132.4812,34.1291],[133.5891,34.4424],[133.8253,34.3857],[134.4273,34.6282],[135.317,34.4713],[134.9692,34.1342],[135.0629,33.69],[135.7557,33.3423],[136.1992,34.0034],[136.8986,34.2587],[136.5071,34.5182],[136.7339,34.8741],[137.0418,34.7287],[137.2482,34.4816],[138.1491,34.5279],[138.4502,34.903],[138.751,34.9226],[139.4226,35.1655],[139.6827,35.4458],[140.0029,35.4974],[139.8078,35.0073],[139.9316,34.8772]]]},"properties":{"NAME":null,"ABBREVN":null,"type":null,"weblinks":null,"SUBJECTO":null,"BORDERPRECISION":1,"PARTOF":null}},
{"type":"Feature","geometry":{"type":"Polygon","coordinates":[[[132.9697,32.7653],[133.1542,33.2164],[133.5165,33.3949],[133.9986,33.1483],[134.5191,33.6508],[134.5404,34.0127],[133.8056,34.1762],[133.4629,33.8835],[132.9687,33.7936],[132.7843,33.9075],[132.4499,33.5196],[132.1211,33.3475],[132.3426,33.1068],[132.4671,32.7579],[132.6988,32.5489],[132.9697,32.7653]]]},"properties":{"NAME":null,"ABBREVN":null,"type":null,"weblinks":null,"SUBJECTO":null,"BORDERPRECISION":1,"PARTOF":null}},
{"type":"Feature","geometry":{"type":"Polygon","coordinates":[[[129.528,33.2978],[129.3434,33.1514],[129.8459,32.5874],[130.1075,32.9308],[130.4965,32.557],[130.444,32.2839],[130.0589,31.9721],[130.2193,31.5597],[130.0601,31.2166],[130.2329,31.0265],[130.4744,31.4396],[130.7325,31.4783],[130.5541,30.97],[130.744,30.8878],[131.3193,31.5112],[131.4069,32.0828],[131.563,32.4322],[131.831,32.6931],[131.4136,33.1112],[131.6698,33.3085],[130.9711,33.5039],[130.8595,33.6751],[130.4266,33.6742],[130.1762,33.3372],[129.528,33.2978]]]},"properties":{"NAME":null,"ABBREVN":null,"type":null,"weblinks":null,"SUBJECTO":null,"BORDERPRECISION":1,"PARTOF":null}},
{"type":"Feature","geometry":{"type":"Polygon","coordinates":[[[140.4982,43.3204],[140.4998,42.8964],[139.7117,42.4776],[139.7772,42.1121],[140.0997,41.946],[139.9777,41.5035],[140.2686,41.3247],[140.5889,41.6777],[141.155,41.7493],[140.2455,42.2284],[140.2234,42.3631],[140.6935,42.5501],[140.9296,42.2555],[141.3969,42.5194],[141.9281,42.5013],[143.2138,41.9265],[143.3304,42.1961],[143.8479,42.7746],[144.1664,42.9422],[144.5902,42.8596],[144.9947,42.9374],[145.4481,43.1696],[145.0594,43.7858],[145.14,44.1783],[144.6138,43.8428],[144.0281,43.9509],[143.5082,44.1558],[142.539,44.8427],[141.8753,45.4354],[141.5228,45.1826],[141.7457,44.6286],[141.7094,43.9142],[141.3019,43.7205],[141.3036,43.187],[141.0642,43.0966],[140.4982,43.3204]]]},"properties":{"NAME":null,"ABBREVN":null,"type":null,"weblinks":null,"SUBJECTO":null,"BORDERPRECISION":1,"PARTOF":null}},
{"type":"Feature","geometry":{"type":"Polygon","coordinates":[[[23.5131,35.276],[24.3244,35.2078],[24.6935,34.9405],[25.8987,35.0453],[25.5116,35.2948],[24.7686,35.428],[24.3883,35.373],[23.8795,35.5524],[23.5294,35.5696],[23.5131,35.276]]]},"properties":{"NAME":null,"ABBREVN":null,"type":null,"weblinks":null,"SUBJECTO":null,"BORDERPRECISION":1,"PARTOF":null}},
{"type":"Feature","geometry":{"type":"MultiPolygon","coordinates":[[[[-11.7241,28.1699],[-11.1208,25.0309],[0.1509,22.1939],[10.4317,19.0645],[15.0147,17.4176],[21.3319,16.232],[27.1535,12.0289],[31.4888,5.0514],[31.365,-1.6305],[28.8877,-8.0452],[25.5433,-14.36],[24.6762,-22.6897],[23.066,-26.1848],[17.0038,-29.6291],[17.5665,-30.8278],[17.9039,-31.2911],[18.1786,-31.8053],[18.3357,-32.3388],[18.2315,-32.8983],[17.8676,-32.9944],[18.4591,-33.8321],[18.2929,-34.2456],[18.4872,-34.3977],[19.1814,-34.4217],[19.3209,-34.7329],[19.8838,-34.9923],[20.2561,-34.6229],[20.8469,-34.5009],[21.6693,-34.5056],[21.9972,-34.2634],[22.6818,-34.1031],[23.1889,-34.2419],[23.4992,-34.0697],[24.0847,-34.1511],[24.4299,-34.3347],[24.6935,-34.3087],[24.9286,-34.0794],[25.5159,-34.1736],[25.6185,-33.9191],[26.6587,-33.8471],[26.963,-33.713],[27.6564,-33.2539],[28.9219,-32.2979],[29.8319,-31.4316],[30.391,-30.8139],[31.5631,-29.2098],[32.2347,-28.7444],[32.3932,-28.3754],[32.3455,-28.026],[32.609,-27.8983],[32.7672,-27.5166],[32.916,-26.5185],[32.896,-26.3723],[32.4997,-26.0681],[32.9449,-25.5396],[33.3473,-25.3036],[34.5848,-24.8752],[34.8837,-24.722],[35.4301,-24.2251],[35.5122,-23.939],[35.2974,-23.825],[35.4254,-23.4561],[35.5309,-22.4581],[35.2608,-22.2743],[34.9942,-21.2707],[35.1072,-20.9845],[34.699,-20.5722],[34.7262,-19.8604],[35.9148,-19.0316],[36.8923,-18],[37.2753,-17.7132],[38.859,-17.0552],[39.4713,-16.717],[39.7951,-16.424],[40.3858,-15.7363],[40.6102,-15.3545],[40.5274,-15.1831],[40.781,-14.922],[40.8486,-14.5786],[40.5992,-14.4012],[40.6033,-13.5306],[40.3658,-12.9909],[40.527,-12.5838],[40.3925,-11.5482],[40.3113,-11.345],[40.6195,-10.766],[40.3869,-10.3725],[39.8382,-10.0051],[39.6576,-9.7957],[39.3918,-8.735],[39.4777,-7.9976],[39.2701,-7.8011],[39.5664,-7.0442],[39.2209,-6.7844],[38.9215,-6.3402],[38.8724,-6.0925],[38.9338,-5.6348],[39.1225,-5.037],[39.2673,-4.7762],[39.5298,-4.6167],[39.6814,-4.3241],[39.6401,-4.0827],[40.2344,-3.1917],[40.2713,-2.8167],[40.4485,-2.6447],[40.7498,-2.5932],[41.0886,-2.1286],[41.6099,-1.8767],[41.6073,-1.5937],[42.4401,-0.5116],[43.7243,0.8003],[44.5675,1.463],[45.5413,1.9671],[46.3605,2.6678],[47.5564,3.9926],[48.4716,5.2014],[48.9495,5.9904],[49.0461,6.4163],[49.421,6.989],[49.8229,7.6952],[49.8319,7.9939],[50.2108,8.3505],[50.7794,9.3684],[50.8527,9.5973],[50.8868,10.2773],[51.1298,10.7099],[51.0605,11.2435],[51.247,11.6569],[51.1807,11.7774],[50.6973,11.948],[50.0809,11.4764],[49.3035,11.246],[48.9703,11.2326],[48.5337,11.3333],[47.9962,11.1161],[47.3907,11.1593],[46.6773,10.7003],[46.4303,10.668],[45.9094,10.8321],[45.6463,10.7616],[45.0126,10.4489],[44.2808,10.3965],[43.3681,11.4556],[43.1036,11.5313],[42.6688,11.5113],[42.81,11.7785],[43.4748,12.0976],[43.3305,12.4341],[42.6364,13.0934],[42.4084,13.1755],[42.3571,13.4677],[42.079,13.861],[41.7611,13.8858],[40.7391,14.9192],[40.3899,14.9058],[40.0372,15.3879],[39.7964,15.0888],[39.5179,15.463],[39.2079,16.3265],[39.0088,17.0568],[38.6857,18.0028],[37.3982,18.915],[37.2546,19.6517],[37.1278,21.2272],[36.6604,22.1665],[36.2902,22.5724],[35.7463,22.9143],[35.5759,23.2317],[35.4685,23.7207],[35.7247,23.9118],[35.1899,24.3999],[34.5148,25.5739],[34.1042,26.3545],[33.9288,26.5638],[33.3542,27.9095],[32.6493,28.7658],[32.3185,29.5402],[32.648,29.8522],[33.5576,30.9677],[33.0214,31.1321],[32.7687,30.9516],[32.3094,31.084],[32.0765,31.0137],[31.7174,31.3878],[30.996,31.4689],[30.0991,31.2319],[29.6831,31.0532],[29.2488,30.7537],[28.5172,30.9618],[27.9194,30.9987],[27.7633,31.1826],[26.1433,31.4906],[25.2582,31.4379],[24.8159,31.9072],[24.0344,31.9373],[23.714,32.0764],[23.1533,32.1388],[23.0073,32.4816],[22.5431,32.7221],[21.6734,32.8156],[21.0545,32.6301],[20.3657,32.2982],[20.0684,32.0371],[19.9416,31.6112],[20.1168,30.9571],[19.6639,30.4415],[19.3228,30.2565],[18.915,30.2049],[17.9572,30.7684],[17.4216,30.996],[16.3184,31.1653],[15.8433,31.285],[15.3581,31.805],[15.2414,32.1733],[15.0098,32.3634],[14.4334,32.4639],[14.157,32.6794],[13.1871,32.7918],[12.5648,32.7396],[12.117,32.8785],[11.2089,33.2515],[11.0991,33.5372],[10.7781,33.473],[10.4126,33.6311],[10.0195,34.0815],[10.574,34.6481],[10.8394,34.8012],[11.1251,35.2406],[10.989,35.6223],[10.6026,35.8889],[10.5092,36.2136],[10.9201,36.6539],[10.5806,36.7934],[10.2715,36.7546],[10.1327,37.1047],[9.7322,37.2824],[9.4161,37.2754],[8.6367,36.8853],[7.9132,36.7752],[7.5449,37.0421],[7.307,37.0608],[6.923,36.8178],[6.3229,37.0906],[6.0474,36.8416],[5.1445,36.6677],[4.3946,36.8382],[3.7412,36.8369],[3.3238,36.6512],[2.8099,36.7139],[2.5244,36.5732],[1.0576,36.4619],[0.7812,36.3849],[0.1987,36.0333],[-0.0917,35.7398],[-0.4288,35.8601],[-1.1467,35.6294],[-1.4951,35.2339],[-2.0353,35.0546],[-2.8299,35.1421],[-3.009,35.39],[-3.4408,35.1663],[-4.593,35.1512],[-5.1718,35.4238],[-5.565,35.8623],[-5.9288,35.7279],[-6.5115,34.4543],[-7.004,33.875],[-7.3326,33.6964],[-8.3144,33.3385],[-8.6403,33.1217],[-9.2187,32.5804],[-9.3176,31.9637],[-9.8133,31.2891],[-9.817,30.7552],[-9.625,30.4061],[-9.6626,29.9548],[-9.8696,29.643],[-10.3393,29.1463],[-11.5765,28.2286],[-11.7241,28.1699]]],[[[54.8288,24.7854],[56.0141,23.2223],[56.6335,20.1729],[55.0852,18.7129],[50.626,16.5884],[45.2998,15.9344],[43.9373,17.8897],[41.3292,18.6019],[41.6286,18.0472],[42.0094,17.7367],[42.5353,17.0707],[42.7637,16.6455],[42.8839,15.9849],[42.7959,15.4701],[43.2069,14.0795],[43.384,13.5652],[43.3028,13.241],[43.4836,12.93],[43.8406,12.6639],[44.4405,12.6398],[44.6811,12.8246],[44.9636,12.8252],[45.396,13.0739],[45.8259,13.4052],[46.6012,13.4005],[47.3696,13.6691],[48.0362,14.0454],[48.5367,14.0464],[48.9604,14.2189],[49.3338,14.6327],[50.2911,14.9588],[51.3126,15.2469],[51.9504,15.5405],[52.1352,15.6871],[52.2376,16.1003],[52.6522,16.4887],[52.8943,16.61],[54.0843,17.0191],[54.9106,16.9701],[55.1948,17.1486],[55.2904,17.6761],[55.5611,17.9372],[56.2576,17.9768],[56.5494,18.2188],[56.7389,18.6894],[57.1862,18.9381],[57.8386,19.0348],[57.7784,19.3142],[57.8061,20.172],[57.9313,20.4009],[58.512,20.4212],[58.8614,21.1145],[59.5357,21.8021],[59.8373,22.2792],[59.2543,22.729],[58.6285,23.4583],[58.0807,23.5016],[57.1462,23.9825],[56.7942,24.2676],[56.4054,24.8195],[56.3671,26.2361],[56.0155,25.7716],[55.4572,25.4202],[54.8288,24.7854]]]]},"properties":{"NAME":"Homo heidelbergensis","ABBREVN":"H. heidelbergensis","type":null,"weblinks":null,"SUBJECTO":"Homo heidelbergensis","BORDERPRECISION":1,"PARTOF":"Homo heidelbergensis"}},
{"type":"Feature","geometry":{"type":"Polygon","coordinates":[[[149.4801,-6.2982],[149.5542,-6.4061],[150.2763,-6.3409],[151.0557,-6.0151],[151.2801,-5.6714],[151.8015,-5.7084],[152.0587,-5.4981],[151.8622,-5.2825],[152.1355,-5.0849],[152.2682,-4.7795],[152.0899,-4.3604],[151.9442,-4.5196],[151.5393,-4.4061],[151.5876,-4.9017],[151.4516,-5.0863],[151.1574,-5.0997],[150.8865,-5.5197],[150.2893,-5.7117],[149.7644,-5.6302],[149.4128,-5.739],[148.8365,-5.6449],[148.3766,-5.6586],[148.4157,-5.881],[148.7125,-5.9884],[149.0215,-6.242],[149.2086,-6.1526],[149.4801,-6.2982]]]},"properties":{"NAME":null,"ABBREVN":null,"type":null,"weblinks":null,"SUBJECTO":null,"BORDERPRECISION":1,"PARTOF":null}},
{"type":"Feature","geometry":{"type":"Polygon","coordinates":[[[123.6041,-10.1295],[123.7079,-10.3453],[124.1542,-10.2045],[124.9385,-9.5545],[125.2115,-9.3951],[126.8725,-8.8067],[127.0438,-8.4758],[125.9998,-8.6561],[125.2898,-8.7021],[125.0798,-8.7725],[124.9179,-9.0461],[124.6199,-9.2501],[123.9688,-9.5312],[123.6654,-9.748],[123.6041,-10.1295]]]},"properties":{"NAME":null,"ABBREVN":null,"type":null,"weblinks":null,"SUBJECTO":null,"BORDERPRECISION":1,"PARTOF":null}},
{"type":"Feature","geometry":{"type":"Polygon","coordinates":[[[127.6275,0.0606],[127.6363,-0.3079],[127.8839,-0.6378],[128.2994,-1.0246],[128.3697,-0.9291],[127.9456,-0.3263],[127.8647,0.0992],[128.0374,0.3665],[128.7058,0.2091],[128.6416,0.4314],[128.1896,0.6274],[128.6319,1.0223],[128.545,1.4479],[128.1022,1.1991],[128.0417,0.9638],[127.802,0.7155],[127.6889,0.925],[127.9866,1.5738],[127.7998,1.8974],[127.5686,1.5284],[127.4235,0.9816],[127.5222,0.7848],[127.4414,0.5368],[127.6275,0.0606]]]},"properties":{"NAME":null,"ABBREVN":null,"type":null,"weblinks":null,"SUBJECTO":null,"BORDERPRECISION":1,"PARTOF":null}},
{"type":"Feature","geometry":{"type":"Polygon","coordinates":[[[122.6962,-8.4926],[122.1659,-8.6343],[121.9798,-8.5503],[121.5782,-8.5893],[121.2794,-8.7171],[121.0788,-8.5714],[120.565,-8.3881],[120.3275,-8.395],[119.8525,-8.574],[119.9353,-8.9361],[120.5486,-8.9348],[120.9709,-9.0546],[121.2755,-8.9141],[121.6944,-8.9959],[122.7112,-8.5975],[122.6962,-8.4926]]]},"properties":{"NAME":null,"ABBREVN":null,"type":null,"weblinks":null,"SUBJECTO":null,"BORDERPRECISION":1,"PARTOF":null}},
{"type":"Feature","geometry":{"type":"Polygon","coordinates":[[[130.6093,-3.8476],[130.8058,-3.7646],[130.7252,-3.4851],[130.3687,-3.13],[129.7428,-2.9788],[129.1678,-3.1389],[128.9094,-2.9997],[128.1527,-2.9695],[128.0418,-3.0588],[128.376,-3.5474],[128.9146,-3.2539],[129.0307,-3.4125],[129.4867,-3.5958],[129.5949,-3.335],[129.9141,-3.3852],[130.6093,-3.8476]]]},"properties":{"NAME":null,"ABBREVN":null,"type":null,"weblinks":null,"SUBJECTO":null,"BORDERPRECISION":1,"PARTOF":null}},
{"type":"Feature","geometry":{"type":"Polygon","coordinates":[[[126.4719,-3.8502],[126.6605,-3.8752],[127.1122,-3.7217],[127.0938,-3.5184],[126.7266,-3.2332],[126.1111,-3.2981],[126.15,-3.6285],[126.4719,-3.8502]]]},"properties":{"NAME":null,"ABBREVN":null,"type":null,"weblinks":null,"SUBJECTO":null,"BORDERPRECISION":1,"PARTOF":null}},
{"type":"Feature","geometry":{"type":"Polygon","coordinates":[[[120.1824,-10.3466],[120.4142,-10.3525],[120.5813,-10.0978],[120.4624,-9.9265],[119.7887,-9.4576],[119.1163,-9.5226],[119.0317,-9.7707],[119.4098,-9.8716],[120.1824,-10.3466]]]},"properties":{"NAME":null,"ABBREVN":null,"type":null,"weblinks":null,"SUBJECTO":null,"BORDERPRECISION":1,"PARTOF":null}},
{"type":"Feature","geometry":{"type":"Polygon","coordinates":[[[120.5623,0.7761],[120.2389,0.7881],[119.9137,0.5396],[119.6975,0.0053],[119.5782,-0.4906],[119.5972,-0.8782],[119.3963,-0.9041],[119.2048,-1.4319],[119.2471,-1.9593],[119.1746,-2.1755],[118.6836,-2.9011],[118.7914,-3.6635],[119.2257,-3.5736],[119.4611,-3.8082],[119.5045,-4.1894],[119.4462,-5.0666],[119.2946,-5.4228],[119.4768,-5.8038],[120.2481,-5.586],[120.1327,-5.2304],[120.3069,-4.8042],[120.1434,-4.3978],[120.2803,-3.6539],[120.1442,-3.0759],[120.5928,-2.8016],[120.9247,-2.8263],[120.999,-3.0486],[120.8185,-3.4875],[120.8808,-3.7162],[121.508,-4.2359],[121.3928,-4.7891],[121.8728,-4.9597],[121.9735,-4.648],[122.159,-4.5142],[122.6484,-4.5131],[122.6409,-4.2843],[122.1903,-3.8468],[122.1443,-3.6626],[122.2582,-3.2111],[121.8743,-2.6527],[121.2649,-2.1011],[122.2229,-1.6542],[122.7571,-1.0938],[123.2127,-1.2326],[123.25,-0.9021],[122.9815,-0.7184],[122.7392,-0.8778],[122.1589,-1.0125],[121.9954,-1.1145],[121.4611,-0.9886],[121.0554,-1.5487],[120.5066,-1.4482],[120.4075,-1.1751],[120.0218,-0.9027],[119.8727,-0.4646],[120.143,0.1905],[120.3373,0.3562],[122.4656,0.4053],[122.9831,0.3746],[123.4718,0.1533],[124.234,0.3011],[124.8574,1.0459],[125.0162,1.5419],[124.8525,1.6242],[124.4569,1.2039],[124.4322,0.956],[123.8262,0.7387],[122.9925,0.775],[122.7329,0.6728],[122.1809,0.8686],[121.5912,0.8609],[121.2631,1.1017],[120.7674,1.1387],[120.5623,0.7761]]]},"properties":{"NAME":null,"ABBREVN":null,"type":null,"weblinks":null,"SUBJECTO":null,"BORDERPRECISION":1,"PARTOF":null}},
{"type":"Feature","geometry":{"type":"Polygon","coordinates":[[[64.2665,26.4885],[57.1006,26.1356],[57.2548,25.7933],[57.8051,25.6483],[57.9005,25.5409],[58.7444,25.536],[59.0315,25.3079],[59.3021,25.3402],[60.4796,25.2982],[60.8583,25.0957],[61.344,25.0269],[62.4496,25.1626],[63.4035,25.1646],[63.8942,25.3751],[64.2665,26.4885]]]},"properties":{"NAME":null,"ABBREVN":null,"type":null,"weblinks":null,"SUBJECTO":null,"BORDERPRECISION":1,"PARTOF":null}},
{"type":"Feature","geometry":{"type":"Polygon","coordinates":[[[-59.5331,13.0506],[-59.4292,13.165],[-59.6594,13.2878],[-59.6433,13.1492],[-59.5331,13.0506]]]},"properties":{"NAME":null,"ABBREVN":null,"type":null,"weblinks":null,"SUBJECTO":null,"BORDERPRECISION":1,"PARTOF":null}},
{"type":"Feature","geometry":{"type":"Polygon","coordinates":[[[-68.1953,12.2211],[-68.3639,12.3053],[-68.2853,12.1022],[-68.1953,12.2211]]]},"properties":{"NAME":null,"ABBREVN":null,"type":null,"weblinks":null,"SUBJECTO":null,"BORDERPRECISION":1,"PARTOF":null}},
{"type":"Feature","geometry":{"type":"Polygon","coordinates":[[[-61.6689,17.085],[-61.7944,17.1633],[-61.8872,17.0331],[-61.7381,16.9897],[-61.6689,17.085]]]},"properties":{"NAME":null,"ABBREVN":null,"type":null,"weblinks":null,"SUBJECTO":null,"BORDERPRECISION":1,"PARTOF":null}},
{"type":"Feature","geometry":{"type":"Polygon","coordinates":[[[-68.9656,12.1989],[-69.0778,12.3486],[-69.1583,12.3114],[-69.0625,12.1883],[-68.8322,12.0494],[-68.8242,12.1603],[-68.9656,12.1989]]]},"properties":{"NAME":null,"ABBREVN":null,"type":null,"weblinks":null,"SUBJECTO":null,"BORDERPRECISION":1,"PARTOF":null}},
{"type":"Feature","geometry":{"type":"Polygon","coordinates":[[[-61.4747,15.6186],[-61.3928,15.3547],[-61.2553,15.285],[-61.3042,15.5736],[-61.4747,15.6186]]]},"properties":{"NAME":null,"ABBREVN":null,"type":null,"weblinks":null,"SUBJECTO":null,"BORDERPRECISION":1,"PARTOF":null}},
{"type":"Feature","geometry":{"type":"Polygon","coordinates":[[[-61.5997,12.1867],[-61.7247,12.1722],[-61.7897,12.0092],[-61.6425,12.0342],[-61.5997,12.1867]]]},"properties":{"NAME":null,"ABBREVN":null,"type":null,"weblinks":null,"SUBJECTO":null,"BORDERPRECISION":1,"PARTOF":null}},
{"type":"Feature","geometry":{"type":"Polygon","coordinates":[[[-61.0344,14.8292],[-61.2317,14.8094],[-61.0339,14.4658],[-60.8297,14.57],[-61.0344,14.8292]]]},"properties":{"NAME":null,"ABBREVN":null,"type":null,"weblinks":null,"SUBJECTO":null,"BORDERPRECISION":1,"PARTOF":null}},
{"type":"Feature","geometry":{"type":"Polygon","coordinates":[[[-62.1714,16.6714],[-62.1375,16.6928],[-62.1764,16.8086],[-62.2367,16.7119],[-62.1714,16.6714]]]},"properties":{"NAME":null,"ABBREVN":null,"type":null,"weblinks":null,"SUBJECTO":null,"BORDERPRECISION":1,"PARTOF":null}},
{"type":"Feature","geometry":{"type":"Polygon","coordinates":[[[-63.1508,18.1656],[-62.9931,18.2272],[-63.0575,18.2564],[-63.1508,18.1656]]]},"properties":{"NAME":null,"ABBREVN":null,"type":null,"weblinks":null,"SUBJECTO":null,"BORDERPRECISION":1,"PARTOF":null}},
{"type":"Feature","geometry":{"type":"Polygon","coordinates":[[[-62.5414,17.1769],[-62.61,17.1911],[-62.6106,17.0953],[-62.5386,17.1086],[-62.5414,17.1769]]]},"properties":{"NAME":null,"ABBREVN":null,"type":null,"weblinks":null,"SUBJECTO":null,"BORDERPRECISION":1,"PARTOF":null}},
{"type":"Feature","geometry":{"type":"Polygon","coordinates":[[[-61.035,13.9697],[-61.0675,13.7886],[-60.9003,13.7783],[-60.8781,13.9567],[-61.035,13.9697]]]},"properties":{"NAME":null,"ABBREVN":null,"type":null,"weblinks":null,"SUBJECTO":null,"BORDERPRECISION":1,"PARTOF":null}},
{"type":"Feature","geometry":{"type":"Polygon","coordinates":[[[-61.4522,12.5903],[-61.4169,12.5903],[-61.407,12.6069],[-61.4433,12.6111],[-61.4522,12.5903]]]},"properties":{"NAME":null,"ABBREVN":null,"type":null,"weblinks":null,"SUBJECTO":null,"BORDERPRECISION":1,"PARTOF":null}},
{"type":"Feature","geometry":{"type":"Polygon","coordinates":[[[-64.6381,17.7653],[-64.8708,17.7747],[-64.8889,17.6869],[-64.6683,17.7108],[-64.6381,17.7653]]]},"properties":{"NAME":null,"ABBREVN":null,"type":null,"weblinks":null,"SUBJECTO":null,"BORDERPRECISION":1,"PARTOF":null}},
{"type":"Feature","geometry":{"type":"Polygon","coordinates":[[[-61.1961,15.9447],[-61.2753,16.0092],[-61.3297,15.9344],[-61.2308,15.8772],[-61.1961,15.9447]]]},"properties":{"NAME":null,"ABBREVN":null,"type":null,"weblinks":null,"SUBJECTO":null,"BORDERPRECISION":1,"PARTOF":null}},
{"type":"Feature","geometry":{"type":"Polygon","coordinates":[[[-63.0122,18.0356],[-63.045,18.1214],[-63.1467,18.0719],[-63.0122,18.0356]]]},"properties":{"NAME":null,"ABBREVN":null,"type":null,"weblinks":null,"SUBJECTO":null,"BORDERPRECISION":1,"PARTOF":null}},
{"type":"Feature","geometry":{"type":"Polygon","coordinates":[[[-61.8739,17.6889],[-61.8567,17.5925],[-61.7311,17.5472],[-61.7433,17.6531],[-61.8739,17.6889]]]},"properties":{"NAME":null,"ABBREVN":null,"type":null,"weblinks":null,"SUBJECTO":null,"BORDERPRECISION":1,"PARTOF":null}},
{"type":"Feature","geometry":{"type":"Polygon","coordinates":[[[-61.58,12.2956],[-61.5722,12.3158],[-61.5833,12.3192],[-61.5889,12.3036],[-61.58,12.2956]]]},"properties":{"NAME":null,"ABBREVN":null,"type":null,"weblinks":null,"SUBJECTO":null,"BORDERPRECISION":1,"PARTOF":null}},
{"type":"Feature","geometry":{"type":"Polygon","coordinates":[[[-61.4206,12.5128],[-61.4908,12.4789],[-61.4917,12.435],[-61.4283,12.4536],[-61.4206,12.5128]]]},"properties":{"NAME":null,"ABBREVN":null,"type":null,"weblinks":null,"SUBJECTO":null,"BORDERPRECISION":1,"PARTOF":null}},
{"type":"Feature","geometry":{"type":"Polygon","coordinates":[[[-62.6925,17.2783],[-62.73,17.3653],[-62.8128,17.4094],[-62.8639,17.3708],[-62.7783,17.2922],[-62.6925,17.2783]]]},"properties":{"NAME":null,"ABBREVN":null,"type":null,"weblinks":null,"SUBJECTO":null,"BORDERPRECISION":1,"PARTOF":null}},
{"type":"Feature","geometry":{"type":"Polygon","coordinates":[[[-61.3106,12.735],[-61.3478,12.7017],[-61.3325,12.6867],[-61.3058,12.7142],[-61.3106,12.735]]]},"properties":{"NAME":null,"ABBREVN":null,"type":null,"weblinks":null,"SUBJECTO":null,"BORDERPRECISION":1,"PARTOF":null}},
{"type":"Feature","geometry":{"type":"Polygon","coordinates":[[[-61.1972,13.0336],[-61.2281,13.0233],[-61.2522,12.9886],[-61.2394,12.975],[-61.1972,13.0336]]]},"properties":{"NAME":null,"ABBREVN":null,"type":null,"weblinks":null,"SUBJECTO":null,"BORDERPRECISION":1,"PARTOF":null}},
{"type":"Feature","geometry":{"type":"Polygon","coordinates":[[[-61.2781,13.2503],[-61.1844,13.1303],[-61.1233,13.2489],[-61.2089,13.3678],[-61.2781,13.2503]]]},"properties":{"NAME":null,"ABBREVN":null,"type":null,"weblinks":null,"SUBJECTO":null,"BORDERPRECISION":1,"PARTOF":null}},
{"type":"Feature","geometry":{"type":"Polygon","coordinates":[[[-64.7903,18.3308],[-64.7045,18.3075],[-64.7086,18.3706],[-64.7903,18.3308]]]},"properties":{"NAME":null,"ABBREVN":null,"type":null,"weblinks":null,"SUBJECTO":null,"BORDERPRECISION":1,"PARTOF":null}},
{"type":"Feature","geometry":{"type":"Polygon","coordinates":[[[-64.9794,18.3469],[-64.8781,18.3106],[-64.9039,18.3647],[-64.9794,18.3469]]]},"properties":{"NAME":null,"ABBREVN":null,"type":null,"weblinks":null,"SUBJECTO":null,"BORDERPRECISION":1,"PARTOF":null}},
{"type":"Feature","geometry":{"type":"Polygon","coordinates":[[[-61.0858,16.3047],[-61.0372,16.3111],[-60.9908,16.3408],[-61.0153,16.3503],[-61.0858,16.3047]]]},"properties":{"NAME":null,"ABBREVN":null,"type":null,"weblinks":null,"SUBJECTO":null,"BORDERPRECISION":1,"PARTOF":null}},
{"type":"Feature","geometry":{"type":"Polygon","coordinates":[[[-61.2917,16.3267],[-61.4989,16.3486],[-61.7939,16.2419],[-61.695,15.9492],[-61.5528,16.0544],[-61.5811,16.2047],[-61.2917,16.3267]]]},"properties":{"NAME":null,"ABBREVN":null,"type":null,"weblinks":null,"SUBJECTO":null,"BORDERPRECISION":1,"PARTOF":null}},
{"type":"Feature","geometry":{"type":"Polygon","coordinates":[[[-62.8411,17.8792],[-62.7908,17.9125],[-62.8633,17.9303],[-62.8411,17.8792]]]},"properties":{"NAME":null,"ABBREVN":null,"type":null,"weblinks":null,"SUBJECTO":null,"BORDERPRECISION":1,"PARTOF":null}},
{"type":"Feature","geometry":{"type":"Polygon","coordinates":[[[-62.9719,17.4581],[-62.9425,17.4936],[-62.9858,17.5197],[-62.9975,17.4942],[-62.9719,17.4581]]]},"properties":{"NAME":null,"ABBREVN":null,"type":null,"weblinks":null,"SUBJECTO":null,"BORDERPRECISION":1,"PARTOF":null}},
{"type":"Feature","geometry":{"type":"MultiPolygon","coordinates":[[[[148.5625,45.3097],[147.895,45.23],[147.1119,44.7939],[147.2911,44.6669],[147.6227,44.8972],[148.5625,45.3097]]],[[[155.4994,50.1305],[155.7953,50.1889],[156.153,50.525],[155.8969,50.6986],[155.4994,50.1305]]]]},"properties":{"NAME":null,"ABBREVN":null,"type":null,"weblinks":null,"SUBJECTO":null,"BORDERPRECISION":1,"PARTOF":null}},
{"type":"Feature","geometry":{"type":"Polygon","coordinates":[[[117.7968,-8.4958],[117.5138,-8.6133],[116.9584,-8.5293],[116.6627,-8.7025],[116.6632,-9.0593],[116.9764,-9.1777],[117.2766,-9.1452],[117.8409,-8.9544],[118.658,-8.8562],[118.8726,-8.6715],[118.8633,-8.4808],[117.9479,-8.1619],[117.691,-8.2672],[117.7968,-8.4958]]]},"properties":{"NAME":null,"ABBREVN":null,"type":null,"weblinks":null,"SUBJECTO":null,"BORDERPRECISION":1,"PARTOF":null}},
{"type":"Feature","geometry":{"type":"Polygon","coordinates":[[[114.8956,-8.6546],[115.0724,-8.7814],[115.5005,-8.469],[115.0844,-8.2347],[114.645,-8.331],[114.8956,-8.6546]]]},"properties":{"NAME":null,"ABBREVN":null,"type":null,"weblinks":null,"SUBJECTO":null,"BORDERPRECISION":1,"PARTOF":null}},
{"type":"Feature","geometry":{"type":"Polygon","coordinates":[[[120.3051,14.5753],[120.4714,14.8043],[121.2172,14.4184],[121.105,14.253],[120.7986,14.3858],[120.5106,14.112],[120.5985,13.9216],[121.0094,13.6557],[121.6249,13.8984],[122.0673,13.6516],[122.3941,13.3029],[122.492,13.4302],[122.3253,13.7792],[122.4854,13.8812],[123.0937,13.3806],[123.239,13.0252],[123.677,12.8927],[123.8189,12.9756],[123.3976,13.5274],[123.6612,13.6931],[123.3592,13.953],[123.1318,13.692],[122.8563,13.8883],[122.6746,14.2691],[122.3974,14.3066],[122.1066,13.9185],[121.7288,14.1083],[121.4568,14.8827],[121.2422,15.3078],[121.3682,15.4987],[121.439,15.9181],[122.064,16.3323],[122.2033,16.5422],[122.3956,17.1143],[122.0703,17.4376],[122.0278,18.0092],[122.1472,18.2063],[121.5808,18.2941],[121.0364,18.5279],[120.5644,18.4316],[120.3931,18.0438],[120.3115,17.0718],[120.2466,16.8747],[120.3034,16.4175],[120.2021,16.0425],[119.762,16.3591],[119.813,15.9781],[119.7718,15.4698],[119.9717,14.9049],[120.3051,14.5753]]]},"properties":{"NAME":null,"ABBREVN":null,"type":null,"weblinks":null,"SUBJECTO":null,"BORDERPRECISION":1,"PARTOF":null}},
{"type":"Feature","geometry":{"type":"Polygon","coordinates":[[[120.8908,12.3658],[121.094,12.2011],[121.2736,12.5255],[121.3045,13.129],[121.0392,13.408],[120.3405,13.3874],[120.547,13.1528],[120.7337,12.5497],[120.8908,12.3658]]]},"properties":{"NAME":null,"ABBREVN":null,"type":null,"weblinks":null,"SUBJECTO":null,"BORDERPRECISION":1,"PARTOF":null}},
{"type":"Feature","geometry":{"type":"Polygon","coordinates":[[[125.07,11.244],[125.4487,11.2067],[125.3331,11.5622],[125.2464,12.2926],[124.9521,12.527],[124.264,12.4176],[124.3304,12.2081],[124.8755,11.8344],[124.8542,11.4913],[125.07,11.244]]]},"properties":{"NAME":null,"ABBREVN":null,"type":null,"weblinks":null,"SUBJECTO":null,"BORDERPRECISION":1,"PARTOF":null}},
{"type":"Feature","geometry":{"type":"Polygon","coordinates":[[[121.8831,10.6273],[122.2973,10.6472],[122.8968,11.1504],[122.9199,11.5253],[122.4702,11.4544],[121.9936,11.7583],[121.8831,10.6273]]]},"properties":{"NAME":null,"ABBREVN":null,"type":null,"weblinks":null,"SUBJECTO":null,"BORDERPRECISION":1,"PARTOF":null}},
{"type":"Feature","geometry":{"type":"Polygon","coordinates":[[[122.7686,9.2124],[122.9416,9.0476],[123.133,9.2513],[122.9622,9.594],[123.1044,10.2296],[123.3121,10.7383],[123.2391,10.9224],[122.9202,10.8518],[122.7007,10.0318],[122.3475,9.8151],[122.3956,9.4784],[122.7686,9.2124]]]},"properties":{"NAME":null,"ABBREVN":null,"type":null,"weblinks":null,"SUBJECTO":null,"BORDERPRECISION":1,"PARTOF":null}},
{"type":"Feature","geometry":{"type":"Polygon","coordinates":[[[125.9546,6.6525],[126.0452,6.6082],[126.3217,7.1488],[126.3727,7.5365],[126.2799,7.7333],[126.2719,8.4258],[125.9232,8.4822],[126.0746,8.8129],[125.9339,9.1748],[125.4281,9.7836],[125.3623,9.6246],[125.461,9.053],[125.2248,8.9953],[124.9909,8.7153],[124.7416,8.918],[124.6706,8.4287],[124.3716,8.5615],[124.0239,8.1096],[123.6628,8.0135],[123.4859,8.496],[123.1358,8.4508],[122.7965,8.2722],[122.7363,8.0624],[122.384,7.9854],[122.0937,7.7751],[121.8488,7.1964],[121.9919,6.8726],[122.4552,7.6932],[122.7254,7.4524],[123.023,7.4784],[123.465,7.7907],[123.8153,7.6581],[124.0736,7.2584],[123.8642,6.8513],[123.9735,6.3369],[124.2241,6.0896],[124.803,5.7859],[124.9658,6.0848],[125.1635,5.9074],[125.0728,5.7229],[125.2893,5.4883],[125.5329,5.9399],[125.2804,6.5938],[125.6146,7.2363],[125.7478,7.1857],[125.9546,6.6525]]]},"properties":{"NAME":null,"ABBREVN":null,"type":null,"weblinks":null,"SUBJECTO":null,"BORDERPRECISION":1,"PARTOF":null}},
{"type":"Feature","geometry":{"type":"Polygon","coordinates":[[[-4.1533,53.2256],[-4.2769,53.3983],[-4.5675,53.2733],[-4.3514,53.1244],[-4.1533,53.2256]]]},"properties":{"NAME":null,"ABBREVN":null,"type":null,"weblinks":null,"SUBJECTO":null,"BORDERPRECISION":1,"PARTOF":null}},
{"type":"Feature","geometry":{"type":"Polygon","coordinates":[[[-5.1036,55.4386],[-5.1547,55.6733],[-5.4003,55.6006],[-5.1036,55.4386]]]},"properties":{"NAME":null,"ABBREVN":null,"type":null,"weblinks":null,"SUBJECTO":null,"BORDERPRECISION":1,"PARTOF":null}},
{"type":"Feature","geometry":{"type":"Polygon","coordinates":[[[-6.1217,55.8789],[-6.3275,55.5894],[-6.0247,55.6808],[-6.1217,55.8789]]]},"properties":{"NAME":null,"ABBREVN":null,"type":null,"weblinks":null,"SUBJECTO":null,"BORDERPRECISION":1,"PARTOF":null}},
{"type":"Feature","geometry":{"type":"Polygon","coordinates":[[[-5.9469,55.83],[-5.7461,56.0636],[-5.9681,56.0236],[-6.0789,55.9055],[-5.9469,55.83]]]},"properties":{"NAME":null,"ABBREVN":null,"type":null,"weblinks":null,"SUBJECTO":null,"BORDERPRECISION":1,"PARTOF":null}},
{"type":"Feature","geometry":{"type":"Polygon","coordinates":[[[-7.4669,56.9408],[-7.3761,56.9786],[-7.4456,57.0556],[-7.5536,56.9664],[-7.4669,56.9408]]]},"properties":{"NAME":null,"ABBREVN":null,"type":null,"weblinks":null,"SUBJECTO":null,"BORDERPRECISION":1,"PARTOF":null}},
{"type":"Feature","geometry":{"type":"Polygon","coordinates":[[[-7.2231,57.3375],[-7.425,57.3822],[-7.3814,57.1086],[-7.2303,57.0947],[-7.2231,57.3375]]]},"properties":{"NAME":null,"ABBREVN":null,"type":null,"weblinks":null,"SUBJECTO":null,"BORDERPRECISION":1,"PARTOF":null}},
{"type":"Feature","geometry":{"type":"Polygon","coordinates":[[[-7.2689,57.3989],[-7.2047,57.4608],[-7.3511,57.4894],[-7.3881,57.4239],[-7.2689,57.3989]]]},"properties":{"NAME":null,"ABBREVN":null,"type":null,"weblinks":null,"SUBJECTO":null,"BORDERPRECISION":1,"PARTOF":null}},
{"type":"Feature","geometry":{"type":"Polygon","coordinates":[[[-7.1886,57.6872],[-7.4769,57.5625],[-7.1539,57.5094],[-7.1886,57.6872]]]},"properties":{"NAME":null,"ABBREVN":null,"type":null,"weblinks":null,"SUBJECTO":null,"BORDERPRECISION":1,"PARTOF":null}},
{"type":"Feature","geometry":{"type":"Polygon","coordinates":[[[-7.0064,57.8814],[-6.9936,57.9186],[-7.0736,57.8961],[-7.0064,57.8814]]]},"properties":{"NAME":null,"ABBREVN":null,"type":null,"weblinks":null,"SUBJECTO":null,"BORDERPRECISION":1,"PARTOF":null}},
{"type":"Feature","geometry":{"type":"Polygon","coordinates":[[[-6.8022,58.203],[-6.7944,58.218],[-6.8542,58.25],[-6.8731,58.2064],[-6.8022,58.203]]]},"properties":{"NAME":null,"ABBREVN":null,"type":null,"weblinks":null,"SUBJECTO":null,"BORDERPRECISION":1,"PARTOF":null}},
{"type":"Feature","geometry":{"type":"Polygon","coordinates":[[[-6.2042,58.3561],[-7.0319,58.2381],[-6.9608,57.7275],[-6.4739,57.9403],[-6.2042,58.3561]]]},"properties":{"NAME":null,"ABBREVN":null,"type":null,"weblinks":null,"SUBJECTO":null,"BORDERPRECISION":1,"PARTOF":null}},
{"type":"Feature","geometry":{"type":"Polygon","coordinates":[[[-2.9183,58.7319],[-2.8767,58.8203],[-3.0369,58.8181],[-2.9183,58.7319]]]},"properties":{"NAME":null,"ABBREVN":null,"type":null,"weblinks":null,"SUBJECTO":null,"BORDERPRECISION":1,"PARTOF":null}},
{"type":"Feature","geometry":{"type":"Polygon","coordinates":[[[-3.2314,58.7756],[-3.1364,58.8042],[-3.3356,58.9275],[-3.4311,58.8714],[-3.2314,58.7756]]]},"properties":{"NAME":null,"ABBREVN":null,"type":null,"weblinks":null,"SUBJECTO":null,"BORDERPRECISION":1,"PARTOF":null}},
{"type":"Feature","geometry":{"type":"Polygon","coordinates":[[[-2.7931,58.9514],[-3.0769,59.1217],[-3.195,58.9111],[-2.7931,58.9514]]]},"properties":{"NAME":null,"ABBREVN":null,"type":null,"weblinks":null,"SUBJECTO":null,"BORDERPRECISION":1,"PARTOF":null}},
{"type":"Feature","geometry":{"type":"Polygon","coordinates":[[[-2.6814,59.1958],[-2.6206,59.2361],[-2.4956,59.245],[-2.4144,59.3136],[-2.5928,59.2906],[-2.6814,59.1958]]]},"properties":{"NAME":null,"ABBREVN":null,"type":null,"weblinks":null,"SUBJECTO":null,"BORDERPRECISION":1,"PARTOF":null}},
{"type":"Feature","geometry":{"type":"Polygon","coordinates":[[[-2.89,59.2953],[-3.0489,59.3292],[-3.0033,59.2636],[-2.9719,59.2872],[-2.89,59.2953]]]},"properties":{"NAME":null,"ABBREVN":null,"type":null,"weblinks":null,"SUBJECTO":null,"BORDERPRECISION":1,"PARTOF":null}},
{"type":"Feature","geometry":{"type":"Polygon","coordinates":[[[-1.2961,60.4911],[-1.3203,60.3564],[-1.655,60.2261],[-1.1261,60.1517],[-1.0414,60.4469],[-1.2961,60.4911]]]},"properties":{"NAME":null,"ABBREVN":null,"type":null,"weblinks":null,"SUBJECTO":null,"BORDERPRECISION":1,"PARTOF":null}},
{"type":"Feature","geometry":{"type":"Polygon","coordinates":[[[-1.0294,60.4958],[-0.9911,60.72],[-1.1772,60.6367],[-1.0294,60.4958]]]},"properties":{"NAME":null,"ABBREVN":null,"type":null,"weblinks":null,"SUBJECTO":null,"BORDERPRECISION":1,"PARTOF":null}},
{"type":"Feature","geometry":{"type":"Polygon","coordinates":[[[-0.8197,60.6889],[-0.7678,60.8289],[-0.9389,60.7944],[-0.9656,60.688],[-0.8197,60.6889]]]},"properties":{"NAME":null,"ABBREVN":null,"type":null,"weblinks":null,"SUBJECTO":null,"BORDERPRECISION":1,"PARTOF":null}},
{"type":"Feature","geometry":{"type":"Polygon","coordinates":[[[-6.7069,61.9375],[-6.7189,62.0286],[-7.1922,62.3078],[-7.2322,62.1725],[-6.7069,61.9375]]]},"properties":{"NAME":null,"ABBREVN":null,"type":null,"weblinks":null,"SUBJECTO":null,"BORDERPRECISION":1,"PARTOF":null}},
{"type":"Feature","geometry":{"type":"Polygon","coordinates":[[[-4.7778,54.0556],[-4.3944,54.1864],[-4.5275,54.3672],[-4.7778,54.0556]]]},"properties":{"NAME":null,"ABBREVN":null,"type":null,"weblinks":null,"SUBJECTO":null,"BORDERPRECISION":1,"PARTOF":null}},
{"type":"Feature","geometry":{"type":"Polygon","coordinates":[[[18.2061,56.9119],[18.7119,57.2417],[18.8092,57.7036],[18.4672,57.8119],[18.1114,57.5194],[18.2061,56.9119]]]},"properties":{"NAME":null,"ABBREVN":null,"type":null,"weblinks":null,"SUBJECTO":null,"BORDERPRECISION":1,"PARTOF":null}},
{"type":"Feature","geometry":{"type":"Polygon","coordinates":[[[1.5412,50.6298],[3.7275,49.8617],[11.6239,50.4962],[14.0703,51.0446],[16.176,50.7516],[19.83,49.9016],[23.484,50.0012],[24.6917,49.8816],[27.4168,47.3856],[30.2627,46.0289],[30.8329,46.5766],[31.781,46.7019],[32.2022,46.1704],[33.3325,46.1661],[33.6388,45.9268],[32.9023,45.6726],[32.5032,45.4451],[33.3979,45.2527],[33.5594,44.9361],[33.3955,44.6005],[34.0137,44.4921],[34.3722,44.7572],[35.0673,44.8617],[35.3867,45.0819],[35.8655,45.0311],[36.2648,45.0966],[36.521,45.3883],[35.8498,45.4452],[35.0634,45.3401],[35.0081,45.6119],[33.8391,46.1931],[34.0642,46.2649],[34.9068,46.273],[35.2124,46.6371],[35.4161,46.4947],[35.8506,46.6644],[37.1926,46.8944],[37.4221,47.0769],[39.1599,47.2689],[39.2824,47.074],[38.4011,46.7214],[37.8666,46.6554],[37.9702,46.4413],[38.459,46.0789],[37.9899,46.0067],[37.6613,45.3452],[36.9599,45.2274],[37.4739,44.6924],[37.8804,44.7189],[38.1092,44.4938],[38.9237,44.2119],[40.2516,43.2682],[41.1226,43.0191],[41.4097,42.7882],[41.6528,42.1092],[45.2069,41.6115],[47.2507,40.9131],[49.6052,40.6871],[50.0391,40.772],[50.0734,41.1863],[48.6159,41.3152],[48.2901,41.5081],[48.2541,42.2484],[48.1318,42.4053],[48.517,43.2009],[48.6988,43.4241],[49.7327,43.4983],[50.2326,43.8189],[50.812,43.5066],[51.5619,42.9187],[52.164,42.3167],[52.5738,42.0186],[52.5593,41.7578],[52.855,41.3872],[53.0179,40.9466],[52.9249,40.6293],[55.4877,40.5847],[57.965,41.1934],[63.3532,40.5377],[67.5646,40.2547],[69.7942,38.2891],[70.1038,36.0188],[66.0163,34.5018],[64.406,33.2161],[68.989,32.9047],[69.232,31.9772],[73.1695,34.0669],[79.2389,30.6143],[85.556,27.3646],[92.3686,26.3702],[95.8368,27.8038],[102.2778,29.3267],[104.0119,32.4094],[108.4711,33.3456],[116.8939,33.9642],[120.1442,33.9015],[120.9822,33.7654],[120.9913,35.0661],[121.8046,35.7412],[122.678,35.839],[122.9943,36.4955],[123.0546,37.7562],[123.5365,37.8276],[123.8829,37.2784],[124.5003,36.4834],[125.163,35.8878],[125.9869,35.7714],[125.9629,35.4696],[126.0793,33.3005],[126.9222,33.3574],[128.0416,33.2594],[128.6189,34.0071],[129.0714,34.1822],[129.5929,34.5512],[129.6823,35.2599],[129.6823,36.3715],[129.7419,37.0405],[129.2949,37.5974],[128.8181,37.986],[128.7883,39.278],[128.9075,40.0693],[129.2502,40.2515],[129.0148,40.5275],[129.4778,40.682],[129.6311,41.2778],[129.6413,41.6558],[129.8247,41.8614],[131.0646,42.7492],[131.5842,43.2127],[131.6746,43.0266],[132.1818,43.1946],[132.4847,42.8805],[132.8274,42.8619],[132.9528,42.6695],[134.1389,42.993],[134.9624,43.515],[135.4148,44.0368],[136.034,44.3984],[136.4941,44.966],[137.7205,45.9967],[137.9846,46.2693],[138.3516,46.8732],[138.9493,47.3224],[139.2137,47.8106],[140.081,48.5026],[140.3282,49.3579],[140.457,50.104],[140.3235,50.5178],[140.7303,51.4413],[141.2571,52.1035],[141.5982,52.2167],[141.6432,51.8131],[142.0166,51.4306],[142.1529,50.89],[142.0491,49.3547],[141.9214,48.9431],[141.7396,48.8073],[142.0365,47.9593],[141.7318,47.4712],[141.9094,47.0734],[141.6228,46.558],[141.7084,46.1398],[141.8983,45.9148],[142.3273,46.5631],[142.6148,46.7128],[143.0043,46.5774],[143.3034,46.0112],[143.4448,46.5717],[142.9933,46.9537],[142.6146,47.4596],[142.4899,47.9016],[142.6461,48.6575],[142.854,49.1277],[143.1528,49.2589],[143.5984,49.2336],[144.5399,48.7533],[144.0382,49.5088],[143.6331,50.235],[143.9001,50.7226],[143.6484,51.2769],[143.5226,51.809],[143.0334,52.3122],[143.1258,52.4796],[143.2046,53.7576],[143.0948,54.6837],[142.6922,55.1177],[142.3922,53.9769],[142.1637,54.0385],[141.3585,53.7121],[140.528,54.0976],[140.0499,54.6109],[138.8672,54.6254],[137.7279,53.8579],[136.636,54.0052],[136.4916,54.4555],[136.9622,55.1631],[135.6769,55.1223],[136.1194,55.4206],[137.2291,55.9827],[138.8668,57.1245],[140.0287,57.6441],[140.5874,58.2393],[141.3496,58.5009],[141.9238,58.9409],[142.8459,59.2725],[145.4041,59.3255],[145.5128,59.0369],[145.957,58.9829],[146.054,59.2511],[146.9996,59.191],[147.9192,59.2615],[148.4161,59.0974],[149.0453,59.5872],[149.7296,59.5953],[150.1201,59.3895],[151.1402,59.4396],[151.5236,59.3439],[151.8573,59.0558],[151.0562,58.9238],[151.3545,58.6911],[152.1912,58.9259],[152.5042,58.7687],[153.1399,59.0101],[153.9244,58.9223],[154.9059,59.1028],[154.7528,59.2812],[154.1818,59.3008],[153.943,59.5688],[154.3157,59.9833],[155.1518,60.3944],[155.7339,60.5554],[155.6667,60.778],[156.4184,61.1213],[156.4232,61.401],[157.098,61.6334],[158.8413,61.784],[159.4546,61.5608],[160.1493,61.6602],[159.7435,61.0996],[160.645,60.7178],[162.7106,61.7632],[162.9902,62.3261],[164.1377,62.5327],[165.0672,62.4357],[164.0083,62.1309],[163.9423,61.7374],[163.5757,61.3305],[163.7927,61.1282],[163.3293,60.6949],[161.8179,60.268],[161.5352,59.9417],[159.6491,58.9537],[159.3927,58.6104],[158.3263,58.0268],[157.5112,57.7455],[156.7769,57.5805],[156.8777,57.3627],[156.5579,56.9475],[155.6276,56.2679],[155.4535,55.2758],[155.4652,54.9198],[155.7108,53.8049],[156.0381,52.7815],[156.3332,52.2716],[156.3619,51.9142],[156.6964,50.9577],[157.8978,51.666],[158.3895,52.2027],[158.4614,52.826],[159.3198,53.1265],[159.8969,53.2406],[159.6835,53.5794],[159.6951,53.8592],[159.9311,54.0864],[160.6829,54.4483],[161.5666,54.4232],[162.0082,54.7382],[161.6474,54.9851],[161.5027,55.2874],[161.8613,55.8609],[162.3176,56.2401],[162.7713,55.9166],[163.166,56.1065],[163.098,56.5597],[162.7443,56.5997],[162.5124,57.0335],[163.1278,57.5516],[162.8257,57.701],[162.2037,57.6794],[161.7999,57.8627],[161.8044,58.1017],[162.22,58.4855],[162.9074,58.8913],[162.8352,59.0559],[163.2545,59.2904],[163.0429,59.462],[163.3887,59.8141],[164.1105,60.0782],[164.5846,59.6647],[164.933,59.9619],[165.78,60.3541],[166.2034,60.3526],[166.0272,59.7087],[167.104,60.271],[168.2109,60.4329],[169.1541,60.4346],[169.8775,59.8746],[170.2731,60.0134],[170.3368,60.2771],[171.0724,60.4521],[171.2484,60.6542],[172.0001,60.8576],[172.4924,61.2633],[172.9183,61.2781],[173.4809,61.6011],[173.9268,61.616],[174.5423,61.8907],[175.1726,61.9691],[176.5491,62.3797],[176.832,62.6764],[177.2908,62.4868],[178.7377,62.2993],[179.2422,62.5257],[179.2877,62.8151],[178.3444,63.458],[178.1473,64.1566],[177.5347,64.0897],[177.0816,64.303],[175.8998,64.5474],[176.3317,64.7729],[177.2515,64.8561],[177.4267,64.6067],[178.726,64.6063],[180,64.9535],[180,65.0519],[180,65.311],[180,65.3816],[180,65.9631],[180,66.9631],[180,67.9631],[180,68.9199],[178.965,69.2291],[177.705,69.4896],[175.611,69.7794],[173.6367,69.7607],[172.3592,69.9092],[170.4517,70.0192],[170.0563,69.6109],[170.4313,69.5589],[170.8328,68.9219],[169.3886,68.7175],[168.9861,68.9634],[168.1,69.2315],[167.3201,69.6586],[166.3092,69.3783],[164.6365,69.4128],[164.0537,69.66],[163.0382,69.5452],[161.961,69.5282],[161.1708,69.1586],[160.674,69.2703],[160.6816,69.5785],[159.4438,69.7646],[159.6279,70.2198],[159.2292,70.5475],[158.4087,70.8142],[156.0432,70.9866],[155.0492,70.9385],[153.4044,70.7282],[152.134,70.6644],[151.48,71.0858],[150.6937,71.3467],[148.7109,71.6294],[149.722,71.8952],[148.698,72.1662],[146.9151,72.2019],[146.1861,71.8421],[145.6782,71.9267],[145.6,72.4262],[144.5618,72.4556],[141.294,72.7871],[139.8479,72.2356],[139.7445,71.4036],[138.6749,71.6184],[138.1194,71.4702],[137.6297,71.0754],[136.765,71.4058],[135.5106,71.5118],[134.2414,71.2619],[132.2836,71.6609],[131.4127,70.8638],[130.7793,70.6783],[130.1717,70.8153],[129.3552,71.1757],[128.4325,71.7546],[127.1209,72.2119],[126.2164,72.3823],[127.3135,72.7139],[128.5249,72.9523],[127.7196,73.4015],[125.7173,73.3978],[124.2222,73.6969],[123.4099,73.4808],[123.5148,73.172],[122.8824,72.7528],[122.2433,72.9091],[120.5785,72.8351],[118.4978,73.0362],[118.4604,73.5192],[116.6711,73.6192],[114.1867,73.551],[113.3117,73.3827],[113.2216,73.7481],[111.7617,73.6578],[110.5513,74.0384],[109.9906,73.44],[107.8043,73.1428],[106.5015,73.0613],[106.2083,73.2585],[108.3399,73.6912],[111.5866,74.731],[112.5771,74.8862],[113.625,75.2727],[113.1134,75.4944],[113.723,75.8688],[113.533,76.0937],[111.4273,76.5681],[109.6564,76.6913],[108.2445,76.6464],[107.666,76.4431],[106.404,76.4323],[107.0714,76.771],[104.7823,77.1488],[105.4697,77.3293],[105.0625,77.5685],[103.3933,77.5578],[101.1665,77.0058],[101.3895,76.625],[99.9832,76.437],[99.4672,75.9669],[98.2887,76.0565],[97.1164,75.8708],[95.9818,75.902],[95.9673,76.1692],[94.6943,76.1836],[93.5921,75.8808],[91.6347,75.6527],[89.2847,75.4661],[86.9583,74.7821],[86.8135,74.4353],[87.6908,73.9],[87.1397,73.6041],[86.4921,73.8738],[85.0015,73.5762],[84.6161,73.7427],[83.0204,73.6123],[80.8382,73.5526],[80.464,73.3136],[80.8289,73.0135],[80.9823,72.447],[82.3206,72.2223],[82.4363,72.0506],[83.5611,71.6244],[83.168,71.1822],[83.677,70.4603],[83.0759,70.5818],[82.0456,70.4189],[82.2153,71.2036],[82.8801,71.4913],[81.6714,71.5743],[79.2226,72.2713],[78.0857,72.1753],[78.1264,71.8476],[77.0749,71.8924],[76.3329,71.7197],[76.8661,71.449],[78.1369,71.3739],[77.7362,71.0255],[75.6706,71.1991],[75.2843,71.4461],[75.2966,71.8969],[75.5825,72.1706],[75.6173,72.6255],[75.1199,72.6875],[74.9987,72.1304],[74.5866,71.8722],[73.5914,71.7069],[73.2169,71.4577],[74.2496,70.5729],[73.6541,69.7565],[73.9145,69.1543],[74.9017,69.081],[75.598,69.21],[77.406,68.9356],[77.6358,68.8162],[77.9775,68.1451],[77.5142,67.9733],[78.5357,67.6118],[78.089,67.4113],[77.5048,67.4324],[76.9549,67.6533],[77.0398,68.4638],[76.3278,68.7763],[75.5372,68.7749],[74.505,68.5935],[74.7417,67.6862],[73.9845,67.2634],[73.6902,66.8651],[72.5574,66.496],[72.2088,66.1735],[70.4736,66.236],[69.7673,66.3297],[69.0848,66.6875],[69.7915,66.7549],[70.8399,66.5514],[71.5441,66.7141],[71.3995,66.9491],[72.8377,67.6456],[73.3936,68.3824],[72.8462,68.6352],[72.5255,69.0691],[72.4369,70.187],[72.7742,70.4552],[72.6797,70.8235],[71.7976,71.4318],[72.4983,71.9618],[72.8448,72.4946],[72.714,72.7696],[71.6629,72.8307],[70.2144,72.7335],[69.3431,72.8343],[68.8121,72.0955],[68.3162,71.6349],[66.818,71.1054],[66.7748,70.7356],[67.2853,70.7058],[67.4218,70.2234],[66.9649,69.9558],[66.8844,69.6231],[68.1059,69.4293],[68.0935,69.1359],[68.5118,68.8367],[69.109,68.8303],[68.4879,68.2242],[68.2154,68.2014],[66.5843,68.8855],[63.9232,69.4592],[62.2813,69.7051],[61.03,69.7406],[60.3692,69.4677],[60.986,69.0026],[60.5121,68.5899],[59.9254,68.5813],[59.7623,68.2974],[59.1198,68.3931],[59.3459,68.6999],[58.7704,68.856],[57.0242,68.4489],[56.1951,68.5669],[55.3354,68.4831],[54.7523,68.0498],[54.3797,68.1607],[53.6257,68.0477],[53.8891,68.787],[53.0058,68.6806],[52.7197,68.3514],[51.8308,68.4094],[50.4959,68.1535],[48.0807,67.5625],[47.5712,66.8163],[46.4021,66.7186],[45.7154,66.8496],[44.8712,67.3124],[45.4626,67.6391],[46.6341,67.7005],[45.8634,68.3833],[43.8222,68.3273],[44.1687,68.097],[44.2158,67.7183],[43.7036,67.2659],[44.2192,67.0898],[44.3836,66.612],[43.8762,66.011],[43.2414,66.2509],[42.2108,66.41],[41.3542,65.9552],[39.9513,65.5812],[39.9794,65.1531],[40.4621,64.7503],[39.9971,64.5412],[39.1934,64.511],[37.6041,64.8528],[36.8839,65.0677],[36.5685,64.7646],[36.9967,64.4066],[37.8799,64.3079],[37.9449,63.8504],[37.4105,63.7495],[36.24,63.9186],[36.0155,64.197],[35.0818,64.2883],[34.2934,65.3962],[34.7262,65.797],[34.5437,66.0008],[33.4697,66.3131],[32.2194,66.9937],[32.991,66.9878],[33.4375,66.7017],[34.153,66.6296],[35.7717,66.2589],[38.0479,66.0074],[39.19,66.0387],[39.9775,66.2009],[40.8364,66.5614],[41.2553,66.937],[40.8261,67.66],[39.9181,67.9404],[38.6685,68.1463],[37.2459,68.7935],[35.4366,69.1504],[33.6284,69.2147],[32.3517,69.5137],[32.076,69.8154],[31.0538,69.6396],[30.7354,69.7524],[29.7286,69.6976],[28.7301,70.1359],[30.2519,70.1311],[30.7988,70.308],[30.462,70.5373],[29.7412,70.605],[28.3084,70.9486],[27.516,70.9703],[27.1311,70.5771],[26.2627,70.7907],[25.574,70.3671],[24.5705,70.7414],[23.8273,70.4788],[23.2036,69.9428],[22.3064,70.2156],[21.9081,69.804],[20.1577,69.7478],[19.58,69.1811],[18.9848,69.3154],[17.5659,68.9744],[17.4069,68.7715],[16.0711,68.0447],[14.9762,67.5229],[14.7777,67.2165],[13.7472,66.9224],[13.1686,66.4583],[13.1519,66.1361],[12.7091,65.9089],[12.1121,65.1299],[11.4065,64.617],[10.0662,64.0555],[9.8321,63.6836],[9.4409,63.4975],[8.6059,63.3251],[7.9892,62.9403],[7.0882,62.9102],[7.2893,62.4856],[6.613,62.5833],[6.5325,62.3357],[6.0535,62.3348],[5.149,61.7409],[5.0962,60.2641],[5.8058,59.9493],[5.0866,59.5092],[5.1766,59.3074],[5.7171,59.3371],[5.7719,59.0762],[5.3997,58.7152],[5.6155,58.4552],[6.6517,58.172],[6.9586,57.9717],[8.1537,58.0895],[9.6976,58.9992],[10.1723,58.9874],[10.5493,59.3786],[10.8292,59.1058],[11.1789,59.0703],[11.2214,58.3083],[11.8019,58.1779],[11.6098,57.8069],[12.2886,56.8799],[12.8716,56.5115],[12.4144,56.243],[12.9859,55.6666],[12.8024,55.3529],[13.3019,55.3007],[14.2864,55.5155],[14.2589,55.8993],[14.6529,56.1206],[15.7705,56.0332],[16.3762,56.8224],[16.6587,57.443],[16.4765,57.7021],[16.7246,57.8893],[16.744,58.312],[16.4429,58.6344],[17.0807,58.6499],[17.5822,58.893],[17.9401,58.9085],[18.2734,59.2867],[19.0373,59.8632],[18.4169,60.1816],[17.9307,60.5903],[17.7065,60.5536],[17.1462,60.9528],[17.0652,61.5384],[17.387,61.6584],[17.4968,62.0881],[18.4866,62.9812],[19.6703,63.3885],[20.7007,63.8181],[21.3858,64.3846],[20.9212,64.7138],[21.4894,65.0172],[21.2773,65.2123],[21.9575,65.4457],[22.6456,65.9348],[23.204,65.6808],[24.2148,65.7859],[25.2515,65.4169],[24.9319,64.816],[24.4701,64.6355],[22.8255,63.5809],[22.4758,63.6016],[22.2924,63.2027],[21.4947,63.123],[21.4813,62.8888],[21.0337,62.4773],[21.3376,62.3436],[21.2112,61.8709],[21.561,61.4849],[21.4273,61.0151],[21.5602,60.5125],[22.6246,60.2011],[23.2014,59.8185],[23.6647,59.8356],[24.9695,60.0868],[25.5805,60.2623],[26.9223,60.3161],[28.5215,60.6233],[28.4352,60.3373],[28.969,60.1088],[29.6873,60.131],[30.1266,59.806],[29.7655,59.7362],[29.0761,59.9078],[28.4444,59.7337],[27.702,59.2975],[25.7211,59.4598],[24.7138,59.3518],[23.4158,59.119],[23.3608,58.7674],[23.6905,58.6655],[23.6709,58.2414],[24.0584,58.1115],[24.3465,57.1597],[23.7678,56.8659],[23.2154,56.9807],[23.0709,57.2613],[22.5636,57.6156],[21.6773,57.4637],[21.3397,57.1771],[21.3244,56.8544],[20.9648,56.609],[20.916,56.0967],[21.2163,55.3437],[21.1373,54.8455],[19.9426,54.8499],[20.0057,54.5475],[19.3281,54.1615],[18.5132,54.3158],[18.2794,54.7241],[17.6576,54.6855],[16.4732,54.415],[15.8984,54.1284],[15.3117,54.071],[14.4729,53.8768],[14.4332,53.5942],[13.7805,53.7752],[13.431,54.0302],[12.6525,54.3214],[12.0411,54.0967],[11.565,54.0354],[11.4078,53.8593],[10.6486,54.259],[10.1417,54.3368],[9.8644,54.7263],[9.421,54.9765],[9.5439,55.3513],[10.1471,55.7649],[10.1752,56.0759],[10.7507,56.0973],[10.8258,56.4433],[10.3138,56.4695],[10.2162,56.8498],[9.3701,56.8823],[9.3119,56.4811],[8.8686,56.6161],[8.6749,56.3577],[8.1834,56.4315],[8.1166,56.0923],[8.317,55.8489],[8.0346,55.4759],[8.5596,55.3561],[8.596,54.7614],[8.9506,54.4186],[8.7788,54.1324],[8.8485,53.7497],[8.4287,53.612],[7.1656,53.5917],[6.7507,53.3899],[5.9663,53.335],[5.3895,53.1386],[5.3257,52.7904],[5.7569,52.3337],[5.4732,52.1766],[4.9498,52.2779],[5.2346,52.6229],[5.0084,52.8562],[4.641,52.7557],[4.2644,52.0709],[3.5203,51.5791],[3.6813,51.3214],[2.9953,51.3135],[2.4426,51.048],[1.5889,50.8219],[1.5412,50.6298]]]},"properties":{"NAME":null,"ABBREVN":null,"type":null,"weblinks":null,"SUBJECTO":null,"BORDERPRECISION":1,"PARTOF":null}},
{"type":"Feature","geometry":{"type":"Polygon","coordinates":[[[175.6436,-37.3075],[175.2466,-37.2938],[175.2008,-37.0727],[174.6448,-36.8306],[174.8573,-36.6938],[174.7869,-36.2834],[174.3479,-35.9152],[174.609,-35.789],[174.2169,-35.3368],[172.9598,-34.8639],[173.1665,-35.4209],[173.8407,-36.1361],[174.0698,-36.1887],[174.2201,-36.557],[174.7647,-37.2965],[174.7281,-37.552],[174.9451,-37.9284],[174.7135,-38.4399],[174.6547,-38.9833],[173.8048,-39.4197],[173.9921,-39.6112],[174.8893,-39.9803],[175.3536,-40.3],[174.8954,-41.2961],[175.3653,-41.6616],[176.0114,-41.2553],[177.1566,-39.8542],[177.0238,-39.4452],[177.3403,-39.2272],[177.8667,-39.2069],[177.9385,-38.8296],[178.4082,-38.7712],[178.589,-38.2148],[178.5692,-37.921],[178.2413,-37.8323],[177.5284,-38.2042],[177.1342,-38.1859],[176.1292,-37.7982],[175.8377,-37.0262],[175.6436,-37.3075]]]},"properties":{"NAME":null,"ABBREVN":null,"type":null,"weblinks":null,"SUBJECTO":null,"BORDERPRECISION":1,"PARTOF":null}},
{"type":"Feature","geometry":{"type":"Polygon","coordinates":[[[171.7723,-44.0528],[172.6276,-43.6923],[172.4405,-43.5094],[173.2365,-42.9856],[173.8413,-42.4883],[174.2335,-42.0112],[174.0692,-41.6959],[174.0585,-41.2914],[173.7015,-41.2536],[173.264,-41.5437],[173.0193,-41.075],[172.769,-40.8484],[172.4374,-40.7531],[172.2071,-41.0445],[172.1479,-41.5781],[171.8866,-41.8294],[171.4584,-41.9929],[171.3984,-42.5125],[171.0241,-42.8869],[169.987,-43.3595],[169.6488,-43.7408],[168.9138,-44.0972],[168.4157,-44.2209],[167.1375,-45.1998],[167.2812,-45.5629],[167.0095,-45.8167],[166.5511,-45.9671],[166.5228,-46.2327],[168.1541,-46.4516],[168.4173,-46.651],[168.6996,-46.6003],[169.3993,-46.7096],[170.0441,-46.3568],[170.6116,-45.9461],[171.0245,-45.0754],[171.1712,-44.9392],[171.3779,-44.3377],[171.7723,-44.0528]]]},"properties":{"NAME":null,"ABBREVN":null,"type":null,"weblinks":null,"SUBJECTO":null,"BORDERPRECISION":1,"PARTOF":null}},
{"type":"Feature","geometry":{"type":"Polygon","coordinates":[[[142.7492,-11.3213],[142.6443,-11.0927],[142.6074,-9.3766],[143.3311,-9],[143.2327,-8.8223],[142.7528,-8.5118],[142.97,-8.3779],[143.4368,-8.3578],[144.016,-7.8735],[144.3798,-7.7583],[144.9294,-7.9224],[145.8196,-8.0984],[146.6461,-9.2789],[147.185,-9.5701],[147.3933,-9.9256],[147.8736,-10.1788],[148.5605,-10.1837],[149.3286,-10.36],[149.7834,-10.4099],[150.0024,-10.7336],[150.4946,-10.7389],[150.4176,-10.2941],[149.6964,-10.035],[149.8299,-9.7106],[149.1757,-9.5531],[149.1977,-9.1208],[148.5887,-9.1603],[148.4588,-9.097],[148.1327,-8.6274],[148.0347,-8.2462],[147.376,-7.7963],[147.1512,-7.5617],[146.886,-7.1173],[146.9091,-6.8948],[147.6638,-6.7915],[147.6439,-6.4801],[147.3765,-6.1248],[146.8934,-6.0305],[146.0445,-5.6764],[145.7454,-5.6262],[145.5934,-5.4231],[145.7282,-4.997],[145.3775,-4.6736],[144.783,-4.3381],[144.5427,-3.9954],[144.1029,-3.9836],[143.4455,-3.6101],[142.4133,-3.3073],[142.0308,-3.1556],[140.8698,-2.7948],[139.592,-2.3792],[138.6343,-1.9554],[138.3454,-0.9926],[136.3714,-2.4139],[136.2709,-2.4181],[135.7342,-3.2518],[135.2464,-3.5389],[134.7731,-3.3047],[134.634,-2.822],[134.4554,-3.0004],[134.2831,-2.8546],[133.9834,-2.01],[134.141,-1.5013],[133.9073,-1.0061],[133.265,-0.8613],[132.5924,-0.5704],[132.254,-0.5267],[131.8336,-0.8263],[131.2114,-1.0246],[131.1834,-1.406],[131.0644,-1.5397],[131.8156,-1.6652],[131.9734,-2.116],[132.219,-2.3443],[133.3207,-2.38],[133.855,-2.2454],[133.7808,-2.7222],[133.3213,-2.7423],[133.1208,-2.5965],[132.7187,-2.9342],[132.2019,-2.8019],[132.1772,-3.0434],[132.7493,-3.3981],[132.8956,-3.6965],[132.7128,-3.8875],[132.9316,-4.2684],[133.3955,-3.9878],[133.5632,-3.4154],[133.7627,-3.5103],[134.0406,-3.9482],[134.3568,-5.1736],[133.3131,-6.2486],[132.599,-7.285],[133.2032,-7.884],[134.5766,-7.5574],[134.9428,-7.7026],[134.9977,-8.5545],[133.5511,-10.0183],[132.3426,-10.0363],[130.1636,-10.1625],[129.5776,-10.6667],[129.0466,-11.7982],[128.4973,-12.6036],[127.9663,-12.6751],[127.1606,-11.9237],[127.0507,-10.9905],[125.5126,-11.0444],[125.2745,-12.2817],[124.2125,-13.9047],[126.1015,-14.2049],[125.8632,-14.6949],[125.4972,-14.6766],[125.1557,-14.8045],[125.1739,-15.0397],[125.018,-15.6439],[124.6886,-15.4666],[124.4245,-15.6579],[124.2773,-16.5228],[123.9795,-16.409],[123.5758,-16.3908],[123.5529,-16.696],[123.8852,-16.9114],[123.8268,-17.2485],[123.5083,-17.1093],[123.3012,-17.4657],[123.0227,-16.856],[122.7383,-16.5833],[122.5641,-16.8952],[122.0855,-17.3984],[122.1965,-18.2437],[121.5763,-18.7027],[121.3865,-19.1164],[120.8721,-19.6769],[120.2229,-19.9835],[119.5311,-20.1375],[119.1365,-20.0367],[118.8651,-20.069],[118.6087,-20.3811],[117.9685,-20.4715],[117.5969,-20.7583],[116.4188,-20.8371],[116.1346,-20.984],[115.5674,-21.4556],[114.4563,-22.0937],[114.309,-22.5645],[114.0748,-22.6031],[114.0225,-22.3299],[113.8223,-22.254],[113.6254,-22.5659],[113.762,-23.4811],[113.6674,-23.7801],[113.3619,-24.283],[113.4326,-24.8742],[113.5919,-25.1854],[114.1825,-26.017],[114.0951,-26.5386],[113.7394,-26.6665],[113.433,-26.572],[113.9252,-27.3847],[114.0222,-27.6261],[113.9646,-28.0332],[114.6304,-28.903],[114.9122,-29.6973],[114.9,-30.1424],[115.0583,-30.8035],[115.5609,-31.661],[115.7473,-32.2076],[115.7669,-32.7545],[115.6467,-33.3654],[115.4085,-33.7666],[114.9613,-33.8693],[115.0469,-34.4225],[115.6163,-34.6312],[115.9665,-34.9358],[116.561,-35.1893],[117.5298,-35.251],[118.2071,-35.0903],[118.6728,-34.6058],[119.3298,-34.5791],[119.7715,-34.1202],[120.2801,-34.1191],[121.4095,-33.9705],[121.7403,-33.9635],[122.1709,-34.1789],[122.768,-34.0313],[123.3586,-34.0428],[123.623,-33.9151],[124.2484,-33.1441],[124.8472,-32.9521],[125.6419,-32.5624],[126.0589,-32.4344],[127.2651,-32.381],[128.17,-32.1501],[128.6148,-31.952],[129.3856,-32.1899],[131.392,-32.8947],[133.7327,-33.6634],[134.9737,-35.3444],[136.7926,-36.5963],[137.9656,-37.181],[138.7185,-37.5988],[139.4174,-38.2649],[140.2327,-38.4475],[141.4848,-39.0606],[142.504,-39.3765],[143.1737,-39.7581],[143.9599,-39.5114],[144.8044,-39.6685],[145.8526,-39.9146],[146.5806,-40.3598],[146.7262,-40.9782],[146.0856,-41.11],[145.5323,-41.5473],[144.7752,-41.3509],[144.1346,-40.382],[143.7561,-40.382],[143.727,-40.8682],[144.0473,-41.7432],[144.1637,-42.7989],[144.5714,-44.5676],[145.5615,-46.2237],[147.0756,-46.2841],[147.658,-45.8598],[148.5898,-44.5053],[149.0266,-43.0335],[149.2773,-41.8673],[149.7209,-40.0436],[150.6081,-37.5862],[150.3428,-35.5472],[150.762,-35.2531],[150.8497,-34.7181],[151.2169,-34.2083],[151.3645,-33.5209],[151.7646,-33.0047],[152.1762,-32.8767],[152.4451,-32.5071],[152.5367,-32.2079],[152.834,-31.7683],[152.9719,-31.4182],[152.9396,-30.6994],[153.2027,-29.9101],[153.3614,-29.1592],[153.4935,-28.8409],[153.3964,-28.1287],[152.9462,-27.341],[153.0867,-27.01],[153.0691,-26.2277],[152.9042,-25.6303],[152.5336,-25.364],[152.318,-24.8176],[152.0727,-24.7418],[151.7301,-24.1575],[151.2002,-23.9424],[150.8025,-23.5999],[150.7544,-22.8115],[150.6109,-22.6211],[149.9448,-22.3236],[150.0173,-22.7304],[149.5568,-22.4326],[149.1015,-21.0601],[148.706,-20.8448],[148.567,-20.6543],[148.7037,-20.2026],[148.1904,-20.1719],[147.5936,-19.8553],[147.4127,-19.5632],[147.0776,-19.513],[146.3218,-19.0823],[145.9246,-18.2566],[146.0187,-17.8622],[145.8695,-17.195],[145.3255,-16.4904],[145.3464,-16.0136],[145.2222,-15.6642],[145.1843,-15.0476],[144.5292,-14.6676],[144.3854,-14.3691],[144.0647,-14.5923],[143.7432,-14.4658],[143.4735,-13.6654],[143.4375,-13.0806],[143.2923,-12.6868],[142.9708,-12.535],[143.1731,-12.1213],[142.8235,-11.9187],[142.7492,-11.3213]]]},"properties":{"NAME":null,"ABBREVN":null,"type":null,"weblinks":null,"SUBJECTO":null,"BORDERPRECISION":1,"PARTOF":null}},
{"type":"Feature","geometry":{"type":"Polygon","coordinates":[[[52.9249,40.6293],[52.8263,40.4677],[52.8458,39.9392],[53.1603,38.7579],[53.7686,38.3849],[53.9436,38.0569],[53.312,37.6845],[53.3367,36.2549],[52.695,36.1454],[51.9931,36.4589],[51.0229,37.107],[50.2206,37.7165],[49.5462,38.5215],[49.4648,39.1194],[49.7555,39.9087],[50.0674,40.2283],[50.1902,40.5701],[49.6052,40.6871],[47.2507,40.9131],[45.2069,41.6115],[41.6528,42.1092],[41.6805,41.7933],[41.2931,41.2858],[40.361,40.9634],[39.3702,41.064],[38.6512,40.9216],[37.2528,41.0277],[36.817,41.2897],[36.3829,41.2375],[36.1614,41.3525],[35.9578,41.6856],[35.4114,41.6268],[35.0988,41.8059],[33.5555,41.9825],[33.1555,41.9496],[32.419,41.7492],[31.3857,41.285],[31.2177,41.0541],[30.7448,41.0403],[29.1612,41.2164],[29.0145,40.9787],[29.5252,40.6883],[28.9016,40.6201],[28.8732,40.4719],[27.7639,40.2873],[26.7653,40.3769],[26.1276,39.8786],[26.139,39.4397],[26.8043,39.5672],[26.7079,39.1821],[26.9664,38.7699],[26.6957,38.6408],[26.9974,38.4001],[26.6793,38.1049],[27.1398,37.8891],[27.1604,37.3601],[27.5256,37.1314],[27.3081,36.9207],[27.9988,36.9094],[28.0142,36.5272],[28.4698,36.7383],[28.8135,36.5352],[29.0023,36.6948],[29.2982,36.1731],[29.662,36.0783],[30.4728,36.1883],[30.5936,36.7617],[31.3707,36.7123],[31.902,36.4969],[32.335,36.1284],[32.6403,36.008],[33.1713,35.9709],[33.7532,36.1466],[34.4851,36.6268],[34.6624,36.6478],[35.2205,36.388],[35.4946,36.4431],[35.8909,36.7711],[36.0953,36.4825],[35.7086,36.2122],[35.8559,35.8345],[35.6073,35.4175],[35.7964,35.2707],[35.7508,34.7468],[35.8731,34.4223],[35.5321,34.1187],[35.4919,33.8308],[34.8429,32.6707],[34.5007,31.6211],[34.1953,31.2381],[33.8927,31.0613],[35.7002,29.8652],[37.9298,28.5136],[45.2379,27.8585],[49.225,27.3021],[49.1319,27.536],[48.855,27.5227],[48.5875,28.0939],[48.1291,29.2682],[47.8036,29.1849],[47.9114,29.8903],[48.7138,30],[48.9457,30.3879],[49.2222,30.4775],[49.3214,30.1029],[49.7178,30.0021],[50.1324,30.0664],[50.7047,29.4006],[50.7968,29.0133],[51.3501,28.0361],[51.6113,27.827],[51.9616,27.7769],[52.4104,27.581],[52.8908,27.0523],[53.3807,26.9096],[53.6339,26.7479],[54.0649,26.7014],[54.6461,26.3913],[54.9255,26.538],[55.4249,26.9631],[55.8997,27.1048],[56.4309,27.1066],[56.7904,26.9739],[57.1006,26.1356],[64.2665,26.4885],[64.375,26.8132],[68.4626,31.5689],[69.232,31.9772],[68.989,32.9047],[64.406,33.2161],[66.0163,34.5018],[70.1038,36.0188],[69.7942,38.2891],[67.5646,40.2547],[63.3532,40.5377],[57.965,41.1934],[55.4877,40.5847],[52.9249,40.6293]]]},"properties":{"NAME":"Neanderthal","ABBREVN":null,"type":null,"weblinks":null,"SUBJECTO":"Neanderthal","BORDERPRECISION":1,"PARTOF":"Neanderthal"}},
{"type":"Feature","geometry":{"type":"Polygon","coordinates":[[[0.6311,50.9134],[-1.0181,51.5528],[-2.8002,51.5575],[-3.8252,51.2348],[-4.281,51.1872],[-4.6046,50.7787],[-5.2378,50.3463],[-5.7778,50.1341],[-5.2823,49.9638],[-4.967,50.2122],[-4.5406,50.358],[-3.715,50.2193],[-3.5215,50.6174],[-2.9671,50.3138],[-2.6132,50.2445],[-1.9413,49.7093],[-1.5634,49.0362],[-1.5914,48.6375],[-2.7905,48.5896],[-3.0912,48.8716],[-4.762,48.552],[-4.3502,48.3905],[-4.3644,47.8293],[-3.9548,47.9043],[-2.8425,47.4919],[-2.0046,47.0425],[-2.1297,46.8508],[-1.7107,46.4488],[-1.2561,46.3068],[-1.0752,46.0146],[-1.2474,45.6881],[-1.1234,45.4316],[-1.2755,45.1287],[-1.3144,44.559],[-1.5614,43.5244],[-1.9146,43.3054],[-2.3674,43.3262],[-3.0072,43.5503],[-3.417,43.3757],[-4.8023,43.4694],[-5.9797,43.7054],[-6.4676,43.5627],[-7.1513,43.5549],[-7.6363,43.7214],[-8.2202,43.6172],[-8.3104,43.353],[-9.0136,43.2809],[-9.2708,43.0487],[-8.9417,42.8242],[-8.6441,42.4197],[-8.9207,41.767],[-8.6941,40.9922],[-9.1179,39.644],[-9.3977,39.2304],[-9.549,38.7745],[-9.2366,38.4174],[-8.8537,38.4996],[-8.8415,37.5251],[-9.0166,37.0698],[-8.6671,37.1214],[-7.836,37.0323],[-7.2278,37.2259],[-6.6322,37.0218],[-6.2045,36.2821],[-5.6606,36.008],[-5.3867,36.11],[-5.2167,36.4096],[-4.7573,36.4861],[-4.4466,36.722],[-2.9698,36.7411],[-2.6243,36.8113],[-2.2388,36.7284],[-1.9405,36.9516],[-1.8169,37.2925],[-1.3646,37.5484],[-0.9183,37.5703],[-0.6647,38.1766],[-0.4352,38.4303],[0.1726,38.7383],[-0.1657,38.9541],[-0.3948,39.4345],[-0.1606,39.886],[0.2379,40.2402],[0.8792,41.0217],[2.0807,41.2985],[2.2006,41.4461],[3.1289,41.8572],[3.0019,42.7708],[3.4787,43.3121],[4.0782,43.4871],[4.4168,43.3461],[5.0518,43.3281],[5.4345,43.1037],[5.8286,43.0208],[6.523,43.1509],[7.5528,43.8675],[7.9795,43.9649],[8.6717,44.4174],[8.8966,44.4372],[9.9093,44.1105],[10.2925,43.7054],[10.7428,42.8505],[11.1048,42.5491],[11.4974,42.3764],[12.6415,41.5311],[12.9768,41.3714],[13.797,41.1934],[14.0509,40.7675],[14.3703,40.8515],[14.951,40.5515],[15.0273,40.2122],[15.432,39.989],[15.6662,40.0919],[15.9896,39.4284],[16.0826,39.0125],[15.6275,38.0042],[16.0529,37.9312],[16.3307,38.3207],[16.572,38.4571],[16.5222,38.725],[16.7977,38.9259],[17.0947,38.915],[17.1491,39.4218],[16.5321,39.6975],[16.7276,40.1836],[17.0841,40.5251],[17.4017,40.2919],[17.8496,40.2435],[18.0171,39.9479],[18.3649,39.7467],[18.5226,40.0941],[18.0339,40.5967],[16.946,41.0938],[15.991,41.4061],[16.1984,41.7457],[16.0128,41.9043],[15.4486,41.8567],[14.9224,41.9718],[14.0928,42.6095],[13.6009,43.5348],[12.6972,43.9348],[12.3451,44.301],[12.2736,44.6726],[12.5231,44.8828],[12.1762,45.2143],[13.1562,45.7265],[13.6732,45.7145],[13.5269,45.4543],[13.8951,44.7592],[14.1885,44.9425],[14.3545,45.3229],[14.9455,44.9266],[14.9891,44.54],[15.4123,43.9348],[15.9128,43.6522],[16.0594,43.4335],[16.3667,43.513],[16.9923,43.3227],[17.5957,42.8889],[18.5286,42.3527],[18.9099,42.2178],[19.143,41.9321],[19.607,41.7615],[19.5273,40.8659],[19.3392,40.5887],[19.3691,40.2603],[20.0286,39.8138],[20.2118,39.4049],[20.6778,39.0804],[21.1724,38.3478],[21.8265,38.464],[22.3337,38.4267],[22.8756,38.2046],[22.7472,37.9526],[21.9058,38.2697],[21.4405,38.1795],[21.2284,37.9049],[21.6137,37.4148],[21.5314,37.1151],[21.7809,36.8225],[21.9842,37.0205],[22.3903,36.5244],[22.8869,37.0467],[22.6387,37.4923],[23.0489,37.6426],[22.9806,37.9578],[23.4957,38.0681],[23.8355,37.6846],[23.9873,37.7634],[23.8039,38.3465],[23.5558,38.3518],[23.1695,38.667],[22.6023,38.8562],[22.8711,39.0243],[22.7203,39.2873],[22.8134,39.6027],[22.4674,40.1185],[22.6023,40.3972],[23.5958,40.1923],[23.886,40.7329],[25.0463,40.9523],[25.9929,40.8525],[26.124,40.6028],[26.6136,40.398],[27.2638,40.6672],[27.4742,40.9628],[28.1733,41.0579],[28.8278,40.9147],[29.0124,41.2548],[28.3715,41.4331],[28.1044,41.593],[27.9134,42.0781],[27.502,42.5163],[27.8362,42.7355],[28.0346,43.3919],[28.4457,43.4764],[28.6862,44.4881],[29.0897,44.8757],[29.4575,44.9151],[29.7108,45.2583],[29.5004,45.5234],[29.6295,45.7504],[30.2627,46.0289],[27.4168,47.3856],[24.6917,49.8816],[23.484,50.0012],[19.83,49.9016],[16.176,50.7516],[14.0703,51.0446],[11.6239,50.4962],[3.7275,49.8617],[1.5412,50.6298],[0.6311,50.9134]],[[5.9261,45.1163],[6.2977,45.7249],[8.9608,46.7104],[11.9336,47.3856],[14.7825,47.1755],[13.1103,46.4977],[11.0665,46.0267],[8.3415,45.7249],[7.2267,44.5453],[6.1119,44.4127],[5.9261,45.1163]]]},"properties":{"NAME":"Neanderthal","ABBREVN":null,"type":null,"weblinks":null,"SUBJECTO":"Neanderthal","BORDERPRECISION":1,"PARTOF":"Neanderthal"}},
{"type":"Feature","geometry":{"type":"Polygon","coordinates":[[[63.8942,25.3751],[64.0592,25.401],[64.425,25.1731],[65.7688,25.3093],[66.3001,25.4947],[66.6205,25.3175],[66.7017,24.7523],[67.2042,24.5882],[67.3159,24.0929],[67.6923,23.8142],[68.047,23.7641],[68.3729,23.3264],[68.8824,22.9971],[69.4922,22.2488],[68.8942,22.2857],[69.1261,21.9685],[69.1891,21.4573],[70.6153,20.0415],[71.3704,18.6164],[72.6747,16.259],[73.4813,14.8039],[74.0991,14.1559],[74.7855,13.2556],[74.9617,12.877],[75.2109,12.1024],[75.6518,11.4235],[76.0751,10.554],[76.3853,9.7477],[76.5379,9.119],[76.7035,8.7064],[77.3414,8.0533],[77.4844,8.0282],[77.8998,8.2578],[78.1358,8.4998],[78.3138,8.9958],[78.7976,9.1302],[79.299,8.8947],[79.9511,8.3517],[80.0369,7.1785],[80.2944,6.2752],[81.0838,6.0192],[81.7359,6.4798],[82.1306,7.0593],[81.1696,8.8438],[79.8263,10.3587],[79.7107,11.4449],[79.7694,11.731],[80.2238,12.8311],[80.3199,13.3332],[80.0759,13.6694],[80.1697,13.892],[80.1364,14.4889],[80.6594,15.0332],[81.3424,15.3539],[82.0993,15.7806],[82.7453,16.4014],[84.3513,17.7776],[85.1635,18.3743],[86.0865,18.899],[87.0833,19.4221],[88.4494,19.8741],[89.8707,20.1863],[90.8676,20.4979],[92.1597,20.3249],[92.7504,19.8394],[93.3042,19.0387],[93.6365,18.3217],[93.8211,17.461],[94.2087,17.0379],[94.1434,16.2154],[93.9892,15.1024],[93.9892,14.6878],[93.6288,14.4386],[93.2513,13.6395],[92.908,12.6033],[92.7879,11.6469],[93.1998,12.7205],[93.8176,14.0227],[94.4526,14.5881],[95.0189,15.3673],[95.774,15.45],[96.8208,15.4997],[97.5073,15.3342],[97.5588,14.7873],[97.8121,13.6468],[97.5233,12.326],[97.501,10.3325],[97.5233,9.3802],[97.8677,8.8976],[98.1772,8.6002],[98.1952,8.3271],[98.7293,7.2144],[99.3773,6.4982],[99.8052,5.7445],[100.3797,5.0214],[100.6076,4.5517],[100.5766,4.2022],[100.6643,3.9037],[101.0669,3.5361],[101.2643,3.2252],[101.3364,2.7805],[100.7931,2.7996],[100.2711,2.9951],[99.6912,3.4366],[98.367,4.305],[97.6024,5.15],[97.2038,5.1734],[96.7527,5.0644],[96.1873,5.1458],[95.7405,5.4689],[95.4641,5.5699],[95.1906,5.4105],[95.3082,4.9596],[95.5609,4.5345],[96.3944,3.6467],[96.7204,3.7046],[97.2545,3.1402],[97.5087,2.7405],[97.5971,2.2514],[97.9825,2.1124],[98.6006,1.7071],[98.6891,1.3705],[99.1133,0.2212],[99.6966,-0.1524],[99.972,-0.5013],[100.6503,-1.631],[100.7963,-2.0247],[100.8121,-2.336],[101.3455,-3.0149],[101.6596,-3.3193],[102.1107,-3.6043],[102.4622,-4.1818],[103.0686,-4.6127],[103.5235,-4.9994],[104.5685,-6.0712],[104.5634,-5.6009],[105.0328,-5.8795],[105.1867,-5.5423],[105.4757,-5.815],[105.7285,-5.8271],[105.7871,-4.9309],[106.9422,-6.0581],[106.864,-6.2696],[106.628,-6.3094],[106.5213,-6.11],[106.0242,-6.0807],[105.6722,-6.4563],[105.6335,-6.7552],[106.3655,-7.0397],[106.3447,-7.3702],[106.4837,-7.5034],[107.3676,-7.565],[107.7297,-7.7867],[108.1602,-7.8556],[108.6104,-7.7021],[109.0372,-7.7203],[110.0382,-7.9914],[110.7777,-8.3203],[112.4144,-8.4884],[113.0738,-8.3471],[114.1048,-8.6881],[114.0692,-8.434],[114.2522,-8.0204],[113.9484,-7.8241],[113.5587,-7.9139],[113.0727,-7.8768],[112.6784,-7.7188],[112.5009,-7.4649],[112.5501,-6.7469],[112.7916,-6.236],[113.3936,-6.0327],[113.6889,-5.6033],[113.7343,-4.8116],[114.7124,-4.2062],[115.5681,-3.8039],[115.8063,-3.5365],[115.9559,-3.1993],[116.202,-2.9001],[116.3491,-2.4168],[116.2455,-2.1056],[116.0463,-1.9345],[116.3842,-1.6605],[116.5789,-1.3677],[117.0456,-0.9346],[117.3703,-1.0038],[117.4298,-0.6224],[117.3182,-0.1397],[117.5343,0.6107],[117.8597,0.8655],[118.2183,0.7583],[118.7652,0.823],[118.5173,1.1656],[117.9128,1.5901],[117.6964,1.9009],[117.8483,2.2253],[117.5877,2.6505],[117.5802,3.5655],[117.6839,3.6292],[117.5892,4.0484],[118.1124,4.1448],[118.3912,4.3742],[117.9918,4.6846],[118.1084,4.939],[118.6828,4.9149],[118.9714,5.0489],[121.3684,5.5239],[119.7407,5.5765],[119.1066,5.6922],[118.6204,5.913],[118.3245,6.1232],[117.6375,6.4699],[117.4895,7.9274],[117.8911,8.0739],[118.4196,8.3772],[118.8952,8.7221],[119.1172,9.1711],[119.4559,10.3415],[120.0441,10.6804],[120.3171,11.7432],[120.0028,12.0588],[118.5081,9.9211],[118.0885,9.431],[117.5359,9.0486],[117.2245,8.6858],[117.1447,8.1423],[115.6797,6.7034],[114.5774,6.5925],[112.2612,6.343],[111.1031,5.2186],[108.494,4.885],[106.2755,4.6347],[105.2341,6.1498],[105.4575,7.019],[105.9601,6.8157],[106.7792,6.8157],[107.2446,7.6283],[107.8403,9.8361],[109.3854,11.154],[109.0613,11.5907],[109.0684,12.4865],[109.3071,12.9063],[109.0711,14.17],[108.7861,15.0906],[108.4989,15.3631],[108.2361,16.0804],[108.0953,16.2516],[107.8092,16.2827],[107.115,16.9546],[107.3262,18.5118],[107.5577,18.9191],[108.7653,18.8409],[108.9307,17.9462],[109.7578,17.7099],[110.4526,18.1978],[111.8256,19.8709],[111.8918,20.43],[112.4707,20.8479],[114.0236,21.5803],[115.0619,21.9912],[116.1626,22.238],[116.7663,22.3037],[117.6185,23.1389],[118.4175,23.6049],[120.1134,22.6419],[120.5281,22.0965],[120.782,22.3447],[121.1824,23.0379],[121.3253,23.4002],[121.4486,24.0291],[121.8271,24.0253],[121.8883,25.5602],[122.0716,27.7628],[122.4994,29.4084],[122.1938,30.9928],[121.7049,32.2935],[121.3382,33.1333],[120.9822,33.7654],[120.1442,33.9015],[116.8939,33.9642],[108.4711,33.3456],[104.0119,32.4094],[102.2778,29.3267],[95.8368,27.8038],[92.3686,26.3702],[85.556,27.3646],[79.2389,30.6143],[73.1695,34.0669],[69.232,31.9772],[68.4626,31.5689],[64.375,26.8132],[64.2665,26.4885],[63.8942,25.3751]]]},"properties":{"NAME":"Homo erectus","ABBREVN":"H. erectus","type":null,"weblinks":null,"SUBJECTO":"Homo erectus","BORDERPRECISION":1,"PARTOF":"Homo erectus"}}
]}