{"type":"FeatureCollection", "features": [
{"type":"Feature","geometry":{"type":"Polygon","coordinates":[[[33.7805,35.2081],[33.9073,35.4368],[33.3737,35.3065],[32.8191,35.2817],[32.745,35.1143],[32.4831,35.1529],[32.301,35.0163],[32.2711,34.7197],[32.6034,34.6147],[33.1314,34.6803],[33.4839,34.7958],[33.5385,34.9442],[33.9247,34.9532],[33.7805,35.2081]]]},"properties":{"NAME":"Cyprus","ABBREVN":"Cyprus","SUBJECTO":"Cyprus","BORDERPRECISION":1,"PARTOF":"Cyprus"}},
{"type":"Feature","geometry":{"type":"MultiPolygon","coordinates":[[[[136.8108,37.3107],[136.6404,37.1703],[136.6685,36.6675],[135.9779,35.9725],[135.928,35.6035],[135.7271,35.4505],[135.3577,35.3225],[135.157,35.6465],[134.7558,35.5312],[133.8041,35.4275],[133.0062,35.2541],[132.9808,35.4449],[132.6629,35.3806],[131.6723,34.502],[131.3341,34.2918],[130.8923,34.2464],[130.899,33.9037],[131.3942,33.9364],[131.995,33.8043],[131.9973,34.09],[132.1835,34.2872],[132.4812,34.1291],[132.8477,34.2631],[133.5891,34.4424],[133.8253,34.3857],[134.4273,34.6282],[134.9357,34.5404],[135.2057,34.6171],[135.317,34.4713],[134.9692,34.1342],[135.0629,33.69],[135.7557,33.3423],[136.1992,34.0034],[136.8986,34.2587],[136.5071,34.5182],[136.7339,34.8741],[137.0418,34.7287],[137.2482,34.4816],[137.7592,34.5525],[138.1491,34.5279],[138.4502,34.903],[138.751,34.9226],[138.7498,34.6497],[139.0228,34.6883],[139.0529,35.0249],[139.4226,35.1655],[139.6827,35.4458],[140.0029,35.4974],[139.7881,34.9628],[139.8301,34.836],[140.3166,35.0338],[140.3949,35.4091],[140.8343,35.6771],[140.5554,35.9691],[140.5466,36.2872],[140.6556,36.6183],[140.9639,36.9563],[140.9822,37.2682],[140.8722,37.9174],[141.0967,38.2618],[141.4964,38.4219],[141.5686,38.7852],[141.8878,39.13],[141.9981,39.672],[141.6756,40.3162],[141.4671,40.5141],[141.4369,41.2694],[141.087,41.4416],[140.7745,41.2552],[141.0766,41.1021],[141.1526,40.8654],[140.657,40.7236],[140.3864,40.9855],[139.9152,40.575],[139.985,40.1146],[139.8046,39.8907],[140.0111,39.6935],[140.0301,39.4832],[139.8961,38.9985],[139.7457,38.6796],[139.5039,38.4179],[139.4398,38.1884],[139.1979,37.9204],[138.8562,37.7351],[138.699,37.4482],[138.3172,37.2055],[137.464,36.8537],[137.1762,36.6431],[136.983,36.8336],[137.0138,37.0374],[137.3349,37.2735],[137.3096,37.4327],[136.8108,37.3107]]],[[[132.5676,32.6375],[132.6988,32.5489],[132.9697,32.7653],[133.1542,33.2164],[133.5165,33.3949],[133.7269,33.3762],[133.9986,33.1483],[134.5191,33.6508],[134.5404,34.0127],[134.0102,34.1893],[133.8056,34.1762],[133.4629,33.8835],[132.9687,33.7936],[132.7843,33.9075],[132.4499,33.5196],[132.1211,33.3475],[132.3426,33.1068],[132.5676,32.6375]]],[[[130.5793,30.9065],[130.744,30.8878],[130.9597,31.193],[131.3193,31.5112],[131.4069,32.0828],[131.563,32.4322],[131.831,32.6931],[131.7953,32.8073],[131.4136,33.1112],[131.6698,33.3085],[131.5688,33.4861],[131.286,33.3903],[130.9711,33.5039],[130.8595,33.6751],[130.4266,33.6742],[130.1762,33.3372],[129.8583,33.2604],[129.528,33.2978],[129.3434,33.1514],[129.8459,32.5874],[130.1075,32.9308],[130.2574,32.912],[130.4965,32.557],[130.444,32.2839],[130.0589,31.9721],[130.2193,31.5597],[130.0601,31.2166],[130.2329,31.0265],[130.4744,31.4396],[130.7325,31.4783],[130.5793,30.9065]]],[[[140.0126,41.3818],[140.2686,41.3247],[140.5889,41.6777],[140.9793,41.6529],[141.155,41.7493],[140.7677,42.005],[140.2455,42.2284],[140.2234,42.3631],[140.6935,42.5501],[140.9296,42.2555],[141.3969,42.5194],[141.9281,42.5013],[142.8423,42.0669],[143.2138,41.9265],[143.3304,42.1961],[143.8479,42.7746],[144.1664,42.9422],[144.5902,42.8596],[144.9947,42.9374],[145.4481,43.1696],[145.3596,43.33],[145.1486,43.5995],[145.0594,43.7858],[145.2099,44.0369],[145.14,44.1783],[144.6138,43.8428],[144.0281,43.9509],[143.5082,44.1558],[143.0205,44.4637],[142.539,44.8427],[142.1322,45.2097],[141.904,45.4031],[141.5974,45.2797],[141.5666,44.9696],[141.7457,44.6286],[141.7427,44.2488],[141.7094,43.9142],[141.3019,43.7205],[141.3036,43.187],[140.8966,43.1348],[140.5989,43.327],[140.4982,43.3204],[140.5168,43.057],[140.4998,42.8964],[139.7117,42.4776],[139.7772,42.1121],[140.0997,41.946],[140.1245,41.7922],[140.0126,41.3818]]]]},"properties":{"NAME":"Japan","ABBREVN":"Japan","SUBJECTO":"Japan","BORDERPRECISION":1,"PARTOF":"Japan"}},
{"type":"Feature","geometry":{"type":"Polygon","coordinates":[[[120.6224,21.9252],[120.7246,21.9889],[120.782,22.3447],[121.1824,23.0379],[121.3253,23.4002],[121.3994,23.9339],[121.5726,24.2264],[121.5927,24.6457],[121.7805,24.9001],[121.4289,25.1344],[121.1646,24.9496],[120.9732,24.8921],[120.857,24.8093],[120.2663,23.976],[120.0208,23.6198],[119.9641,23.0861],[120.1134,22.6419],[120.6224,21.9252]]]},"properties":{"NAME":"Taiwan","ABBREVN":"Taiwan","SUBJECTO":"Taiwan","BORDERPRECISION":1,"PARTOF":"Taiwan"}},
{"type":"Feature","geometry":{"type":"Polygon","coordinates":[[[-82.1772,22.3659],[-81.5723,22.1638],[-80.7765,22.1019],[-80.4442,21.9945],[-79.7345,21.6719],[-79.3581,21.6091],[-78.7279,21.6168],[-78.5136,21.3058],[-78.4504,20.969],[-78.1574,20.8171],[-77.2912,20.7045],[-77.0987,20.5333],[-77.1766,20.3551],[-77.663,19.9028],[-77.4608,19.8714],[-76.8187,19.9364],[-76.3985,20.0199],[-75.9934,20.0017],[-75.5191,19.9074],[-75.2372,19.9334],[-74.7196,20.1125],[-74.2782,20.1515],[-74.3448,20.323],[-74.8391,20.6207],[-75.0619,20.6965],[-75.6537,20.6825],[-75.6039,21.0132],[-75.7509,21.1209],[-76.2089,21.1962],[-77.3398,21.5117],[-77.5078,21.7592],[-78.1706,22.1201],[-79.3304,22.4037],[-79.76,22.7588],[-80.7212,23.0237],[-81.4311,23.1367],[-82.0568,23.1353],[-82.9593,23.0254],[-83.6904,22.814],[-84.2564,22.5395],[-84.4347,22.323],[-84.3772,22.0561],[-84.7064,21.7696],[-84.2086,21.8276],[-83.8506,22.2098],[-83.3897,22.2235],[-82.8527,22.6378],[-82.5624,22.7084],[-82.0456,22.6967],[-81.7394,22.6211],[-81.6626,22.5068],[-82.1772,22.3659]]]},"properties":{"NAME":null,"ABBREVN":null,"SUBJECTO":null,"BORDERPRECISION":1,"PARTOF":null}},
{"type":"Feature","geometry":{"type":"Polygon","coordinates":[[[-61.6867,17.0244],[-61.7944,17.1633],[-61.8872,17.0331],[-61.6867,17.0244]]]},"properties":{"NAME":null,"ABBREVN":null,"SUBJECTO":null,"BORDERPRECISION":1,"PARTOF":null}},
{"type":"Feature","geometry":{"type":"Polygon","coordinates":[[[-71.5506,19.8967],[-71.8433,19.7308],[-72.1027,19.7557],[-72.9404,19.9446],[-73.4212,19.8737],[-73.3554,19.6577],[-72.9446,19.595],[-72.6765,19.3922],[-72.7594,19.0742],[-72.6984,18.9408],[-72.2978,18.662],[-72.7459,18.5085],[-74.3032,18.6959],[-74.4418,18.524],[-74.3648,18.3779],[-73.857,18.112],[-73.6871,18.2713],[-73.4738,18.3163],[-72.9155,18.2285],[-71.9782,18.2622],[-71.4008,17.7041],[-71.0615,18.3468],[-70.621,18.5067],[-70.4774,18.2845],[-70.2992,18.2595],[-69.956,18.5017],[-68.9859,18.5102],[-68.6647,18.1994],[-68.3729,18.575],[-68.6568,18.8732],[-69.0688,19.0757],[-69.5091,19.2082],[-69.7466,19.3539],[-69.9934,19.6839],[-70.2892,19.6515],[-70.7389,19.7904],[-70.8816,19.9299],[-71.2203,19.8339],[-71.5506,19.8967]]]},"properties":{"NAME":null,"ABBREVN":"","SUBJECTO":null,"BORDERPRECISION":1,"PARTOF":null}},
{"type":"Feature","geometry":{"type":"MultiPolygon","coordinates":[[[[120.3636,14.5309],[120.4714,14.8043],[120.7064,14.7286],[120.8966,14.5511],[121.2172,14.4184],[121.105,14.253],[120.7986,14.3858],[120.5106,14.112],[120.5985,13.9216],[121.0094,13.6557],[121.3317,13.8279],[121.6249,13.8984],[122.0673,13.6516],[122.3941,13.3029],[122.492,13.4302],[122.3253,13.7792],[122.4854,13.8812],[123.0937,13.3806],[123.239,13.0252],[123.677,12.8927],[123.8189,12.9756],[123.3976,13.5274],[123.6612,13.6931],[123.6385,13.8329],[123.3592,13.953],[123.1318,13.692],[122.8563,13.8883],[122.6746,14.2691],[122.3974,14.3066],[122.1066,13.9185],[121.7288,14.1083],[121.4568,14.8827],[121.2422,15.3078],[121.3682,15.4987],[121.439,15.9181],[122.064,16.3323],[122.2033,16.5422],[122.3956,17.1143],[122.0703,17.4376],[122.0278,18.0092],[122.1472,18.2063],[122.0496,18.4475],[121.8398,18.2756],[121.5808,18.2941],[121.0364,18.5279],[120.8004,18.5528],[120.5644,18.4316],[120.3931,18.0438],[120.3115,17.0718],[120.2466,16.8747],[120.3034,16.4175],[120.2021,16.0425],[119.762,16.3591],[119.6814,16.1875],[119.813,15.9781],[119.7718,15.4698],[119.9717,14.9049],[120.3636,14.5309]]],[[[121.094,12.2011],[121.2736,12.5255],[121.3045,13.129],[121.0392,13.408],[120.3405,13.3874],[120.547,13.1528],[120.7337,12.5497],[121.094,12.2011]]],[[[125.3231,11.1239],[125.4487,11.2067],[125.3331,11.5622],[125.2464,12.2926],[124.9521,12.527],[124.264,12.4176],[124.3304,12.2081],[124.8755,11.8344],[124.8542,11.4913],[125.07,11.244],[125.3231,11.1239]]],[[[121.873,10.4684],[122.2973,10.6472],[122.7062,10.9403],[122.8968,11.1504],[122.9199,11.5253],[122.4702,11.4544],[121.9936,11.7583],[121.9663,11.231],[121.873,10.4684]]],[[[118.8646,10.0236],[119.5643,10.5016],[119.3445,11.003],[119.207,11.1297],[119.1081,10.6276],[118.8646,10.0236]]],[[[122.9416,9.0476],[123.133,9.2513],[122.9622,9.594],[123.1044,10.2296],[123.3121,10.7383],[123.2391,10.9224],[122.9202,10.8518],[122.7007,10.0318],[122.3475,9.8151],[122.3956,9.4784],[122.9416,9.0476]]],[[[117.2706,8.4508],[117.4441,8.6355],[117.8571,8.8333],[117.9672,9.1131],[118.2763,9.2662],[118.5046,9.4828],[118.5081,9.9211],[118.0885,9.431],[117.5359,9.0486],[117.2245,8.6858],[117.2706,8.4508]]],[[[126.0452,6.6082],[126.3217,7.1488],[126.3727,7.5365],[126.2799,7.7333],[126.2719,8.4258],[126.03,8.3808],[125.9232,8.4822],[126.0746,8.8129],[125.9339,9.1748],[125.4281,9.7836],[125.3623,9.6246],[125.461,9.053],[125.2248,8.9953],[124.9909,8.7153],[124.7416,8.918],[124.6706,8.4287],[124.3716,8.5615],[124.2104,8.4467],[124.0239,8.1096],[123.6628,8.0135],[123.6169,8.3375],[123.4859,8.496],[123.1358,8.4508],[122.7965,8.2722],[122.7363,8.0624],[122.384,7.9854],[122.0937,7.7751],[121.8488,7.1964],[121.8399,6.9676],[121.9919,6.8726],[122.4552,7.6932],[122.6351,7.7826],[122.7254,7.4524],[123.023,7.4784],[123.465,7.7907],[123.8153,7.6581],[124.0248,7.4743],[124.0736,7.2584],[123.8642,6.8513],[123.9735,6.3369],[124.2241,6.0896],[124.803,5.7859],[124.9658,6.0848],[125.1635,5.9074],[125.0728,5.7229],[125.2893,5.4883],[125.5329,5.9399],[125.466,6.2448],[125.2804,6.5938],[125.6146,7.2363],[125.7478,7.1857],[126.0452,6.6082]]]]},"properties":{"NAME":"Philippines","ABBREVN":"Philippines","SUBJECTO":"Philippines","BORDERPRECISION":1,"PARTOF":"Philippines"}},
{"type":"Feature","geometry":{"type":"Polygon","coordinates":[[[-67.152,17.9865],[-66.9056,17.9362],[-66.4509,18.0452],[-65.9674,18.0272],[-65.84,18.1292],[-65.775,18.3963],[-65.9515,18.4722],[-67.0552,18.5461],[-67.2106,18.4377],[-67.1617,18.3297],[-67.152,17.9865]]]},"properties":{"NAME":null,"ABBREVN":null,"SUBJECTO":null,"BORDERPRECISION":1,"PARTOF":null}},
{"type":"Feature","geometry":{"type":"Polygon","coordinates":[[[-77.2908,17.806],[-77.0503,17.9781],[-76.8055,18.0041],[-76.4677,17.8713],[-76.4264,18.1193],[-77.1559,18.3974],[-77.7695,18.5105],[-78.0864,18.478],[-78.0518,18.2175],[-77.7373,17.9321],[-77.2908,17.806]]]},"properties":{"NAME":null,"ABBREVN":null,"SUBJECTO":null,"BORDERPRECISION":1,"PARTOF":null}},
{"type":"Feature","geometry":{"type":"Polygon","coordinates":[[[44.6722,-16.2356],[44.4544,-16.2424],[44.4514,-16.7254],[44.378,-16.9226],[43.9716,-17.5527],[44.0758,-17.8766],[44.1595,-18.4039],[44.3942,-18.7911],[44.251,-19.1028],[44.5357,-19.3692],[44.5854,-19.528],[44.4703,-20.1701],[43.8165,-21.3156],[43.501,-21.4942],[43.3248,-22.1111],[43.2913,-22.4098],[43.3764,-22.6321],[43.7847,-23.2668],[43.8271,-23.4129],[43.6717,-23.9026],[43.6714,-24.2268],[43.9342,-24.5186],[44.0368,-24.9887],[44.4253,-25.3121],[44.9585,-25.3872],[45.2105,-25.66],[45.5762,-25.6211],[45.7895,-25.4109],[46.2391,-25.2637],[46.8551,-25.218],[47.2585,-24.7658],[47.4916,-24.0598],[48.0874,-22.0438],[48.6517,-20.3392],[49.0231,-19.1817],[49.3419,-18.2276],[49.4228,-17.8016],[49.4247,-17.1978],[49.7603,-16.7458],[49.8982,-16.4595],[49.685,-16.0469],[49.5977,-15.653],[49.7538,-15.3985],[50.1873,-15.9568],[50.4863,-15.4795],[50.5033,-15.3142],[50.2544,-14.7745],[50.1502,-14.4189],[49.9762,-13.3007],[49.8172,-12.8307],[49.5418,-12.7042],[49.1763,-12.2665],[48.9348,-12.4767],[48.9933,-12.7372],[48.8572,-13.2522],[48.7513,-13.4177],[48.2236,-13.7938],[48.11,-13.597],[47.9155,-13.7373],[48.049,-14.131],[47.9717,-14.2837],[47.699,-14.4432],[47.8837,-14.7161],[47.6329,-14.9836],[47.4263,-14.8251],[47.1061,-15.1436],[47.2446,-15.3657],[46.9246,-15.36],[46.1423,-15.8257],[45.7323,-15.8901],[45.4335,-16.0941],[45.1969,-16.0374],[44.9174,-16.2033],[44.6722,-16.2356]],[[48.0147,-17.0228],[48.4882,-19.4493],[48.4882,-20.0411],[47.1862,-23.1186],[46.0025,-23.5921],[45.529,-23.5921],[45.2923,-22.6452],[46.6535,-17.733],[47.4821,-16.9044],[48.0147,-17.0228]]]},"properties":{"NAME":"Madagascar","ABBREVN":"Madagascar","SUBJECTO":"Madagascar","BORDERPRECISION":1,"PARTOF":"Madagascar"}},
{"type":"Feature","geometry":{"type":"MultiPolygon","coordinates":[[[[175.3077,-37.321],[175.2008,-37.0727],[174.6448,-36.8306],[174.8573,-36.6938],[174.7869,-36.2834],[174.3479,-35.9152],[174.609,-35.789],[174.2169,-35.3368],[173.4696,-35.0319],[173.3303,-35.0844],[172.9598,-34.8639],[173.1665,-35.4209],[173.8407,-36.1361],[174.0698,-36.1887],[174.2201,-36.557],[174.7647,-37.2965],[174.7281,-37.552],[174.9451,-37.9284],[174.9307,-38.1009],[174.7135,-38.4399],[174.7486,-38.753],[174.6547,-38.9833],[173.8048,-39.4197],[173.9921,-39.6112],[174.8893,-39.9803],[175.3536,-40.3],[174.8954,-41.2961],[175.3653,-41.6616],[175.6711,-41.5196],[176.0114,-41.2553],[176.7965,-40.2714],[177.0875,-40.0399],[177.1566,-39.8542],[177.0238,-39.4452],[177.3403,-39.2272],[177.8667,-39.2069],[177.9385,-38.8296],[178.4082,-38.7712],[178.589,-38.2148],[178.5692,-37.921],[178.2413,-37.8323],[177.8429,-37.9864],[177.5284,-38.2042],[177.1342,-38.1859],[176.1292,-37.7982],[176.0045,-37.3643],[175.8377,-37.0262],[175.5347,-37.0715],[175.64,-37.4097],[175.3077,-37.321]]],[[[172.0627,-43.9231],[172.6276,-43.6923],[172.4405,-43.5094],[173.2365,-42.9856],[173.8413,-42.4883],[174.2335,-42.0112],[174.0692,-41.6959],[174.1582,-41.5162],[174.0585,-41.2914],[173.7015,-41.2536],[173.264,-41.5437],[173.1232,-41.4347],[173.0193,-41.075],[172.769,-40.8484],[172.4374,-40.7531],[172.2071,-41.0445],[172.1479,-41.5781],[171.8866,-41.8294],[171.4584,-41.9929],[171.3491,-42.2873],[171.3984,-42.5125],[171.0771,-42.7128],[171.0241,-42.8869],[169.987,-43.3595],[169.6488,-43.7408],[168.9138,-44.0972],[168.4157,-44.2209],[167.9667,-44.4802],[167.9208,-44.616],[167.1375,-45.1998],[167.2812,-45.5629],[166.8553,-45.4924],[167.0095,-45.8167],[166.5511,-45.9671],[166.5228,-46.2327],[166.8505,-46.3501],[167.2016,-46.3078],[168.1541,-46.4516],[168.4173,-46.651],[168.6996,-46.6003],[169.3993,-46.7096],[170.0441,-46.3568],[170.6116,-45.9461],[171.0245,-45.0754],[171.1712,-44.9392],[171.3779,-44.3377],[172.0627,-43.9231]]]]},"properties":{"NAME":"Maori","ABBREVN":"Maori","SUBJECTO":"Maori","BORDERPRECISION":1,"PARTOF":"Maori"}},
{"type":"Feature","geometry":{"type":"MultiPolygon","coordinates":[[[[6.6437,58.0424],[6.9586,57.9717],[8.1537,58.0895],[8.1752,58.172],[9.1459,58.6561],[8.1752,58.172],[8.1537,58.0895],[6.9586,57.9717],[6.6437,58.0424]]],[[[13.283,79.4871],[13.2522,79.8007],[11.2843,79.7071],[10.9194,79.5452],[11.3352,79.2071],[12.5248,79.0586],[11.7603,78.8802],[13.0621,78.3468],[14.3528,78.4279],[14.819,78.7185],[16.617,78.4673],[15.9209,78.2649],[13.9051,77.9999],[14.131,77.7664],[16.418,77.9006],[16.2868,77.6152],[14.7779,77.5348],[14.4846,77.3709],[15.0989,77.1153],[16.6629,76.7269],[17.267,76.8129],[17.8294,77.4889],[18.3886,77.5416],[19.1158,78.4545],[20.9081,78.8094],[19.1516,79.2309],[17.8341,79.8095],[16.3263,80.0251],[15.9166,79.8418],[16.3888,79.2346],[15.7741,79.2423],[14.8101,79.8037],[13.283,79.4871]]],[[[21.2526,79.789],[21.6549,79.4781],[20.9983,79.1911],[23.8205,79.1475],[25.3367,79.403],[27.1968,79.9444],[26.2544,80.1989],[25.034,80.1675],[24.7829,80.3797],[23.0768,80.2406],[20.5245,80.3224],[19.9154,80.6334],[18.3306,79.8824],[19.2181,79.7402],[21.2526,79.789]]],[[[16.0632,56.3962],[16.0314,56.3531],[15.7705,56.0332],[15.497,56.1672],[15.2208,56.0804],[14.6529,56.1206],[14.2589,55.8993],[14.126,55.6666],[14.2589,55.8993],[14.6529,56.1206],[15.2208,56.0804],[15.497,56.1672],[15.7705,56.0332],[16.0314,56.3531],[16.0632,56.3962]]]]},"properties":{"NAME":"Denmark-Norway","ABBREVN":"DenmarkNorwa","SUBJECTO":"Denmark-Norway","BORDERPRECISION":1,"PARTOF":"Denmark-Norway"}},
{"type":"Feature","geometry":{"type":"MultiPolygon","coordinates":[[[[-6.3431,53.9396],[-5.9122,54.0274],[-5.6615,54.3222],[-5.7849,54.7374],[-6.0182,55.093],[-6.6452,55.2064],[-7.4978,55.0497],[-7.7562,55.2527],[-8.3454,55.0953],[-8.5037,54.7496],[-8.3006,54.4893],[-8.6867,54.3641],[-8.5901,54.2028],[-9.892,54.3256],[-10.1597,54.1331],[-9.9129,53.9696],[-9.8096,53.6324],[-10.1598,53.3741],[-9.6167,53.3459],[-9.1582,53.2207],[-9.5258,52.9046],[-9.8906,52.1944],[-10.4692,52.2066],[-10.2169,51.7583],[-9.8354,51.8033],[-9.8191,51.4346],[-9.2433,51.4726],[-8.5652,51.6155],[-7.7506,52.0327],[-6.9617,52.1112],[-6.406,52.2144],[-6.0431,52.8931],[-6.3431,53.9396]]],[[[-1.982,55.5897],[-3.3193,54.8863],[-3.5692,54.415],[-3.2615,54.1412],[-2.8653,54.0283],[-3.0567,53.5136],[-2.9145,53.2671],[-3.9567,53.2052],[-4.3175,53.0912],[-4.6214,52.831],[-4.1475,52.8319],[-4.1236,52.3733],[-4.2947,52.2003],[-5.0615,52.0064],[-5.2488,51.8602],[-4.999,51.7017],[-4.1593,51.6768],[-3.4991,51.4597],[-3.1728,51.4669],[-3.066,51.1777],[-3.8252,51.2348],[-4.281,51.1872],[-4.5515,50.9972],[-4.6046,50.7787],[-5.0166,50.5605],[-5.2378,50.3463],[-5.7778,50.1341],[-5.2823,49.9638],[-4.967,50.2122],[-4.5406,50.358],[-4.0042,50.3141],[-3.715,50.2193],[-3.5215,50.6174],[-2.9606,50.7218],[-2.432,50.6459],[-1.1034,50.8167],[-0.839,50.7218],[-0.3357,50.8167],[0.1918,50.7313],[0.6726,50.9307],[1.335,51.1207],[1.3647,51.3529],[0.6862,51.5604],[1.0313,51.8127],[1.5119,52.0258],[1.6917,52.3114],[1.5857,52.65],[1.3759,52.8092],[0.7418,52.9012],[0.3268,52.7075],[0.0055,52.7867],[0.2678,53.1267],[0.081,53.3862],[-0.3192,53.5789],[-0.2955,54.0332],[-0.8706,54.5472],[-1.3889,54.6805],[-1.5556,54.9216],[-1.719,55.4537],[-1.982,55.5897]]]]},"properties":{"NAME":"England","ABBREVN":"England","SUBJECTO":"England","BORDERPRECISION":1,"PARTOF":"England"}},
{"type":"Feature","geometry":{"type":"Polygon","coordinates":[[[-3.3193,54.8863],[-1.982,55.5897],[-2.245,55.811],[-2.7421,55.9572],[-3.1615,55.8457],[-3.2935,55.9739],[-2.7729,56.1713],[-2.9805,56.3536],[-2.6671,56.471],[-2.1589,57.0143],[-1.9446,57.4017],[-2.1504,57.572],[-4.1484,57.5545],[-4.1505,57.8348],[-3.1664,58.2751],[-3.165,58.5222],[-3.8305,58.5072],[-4.5099,58.4029],[-4.9256,58.567],[-5.1127,58.3949],[-4.9071,58.169],[-5.3459,58.0927],[-5.0556,57.751],[-5.5685,57.7774],[-5.763,57.6198],[-5.4606,57.3881],[-5.7263,57.258],[-5.6253,56.9992],[-6.0435,56.4748],[-5.8217,56.4005],[-5.5466,56.6524],[-5.2707,56.5441],[-5.6331,55.9399],[-5.1346,55.8934],[-4.8484,56.0972],[-4.6233,55.908],[-4.9078,55.6639],[-4.6384,55.4279],[-5.0667,54.9485],[-5.1114,54.7941],[-4.5999,54.6878],[-4.4607,54.8624],[-4.1216,54.7624],[-3.5767,54.9245],[-3.3193,54.8863]]]},"properties":{"NAME":"Scottland","ABBREVN":"Scottland","SUBJECTO":"Scottland","BORDERPRECISION":1,"PARTOF":"Scottland"}},
{"type":"Feature","geometry":{"type":"Polygon","coordinates":[[[-7.4915,37.2082],[-7.2425,37.8109],[-6.8448,38.1002],[-7.0281,38.2396],[-7.3939,38.295],[-7.3173,38.4996],[-6.9334,38.9613],[-7.431,39.5205],[-6.8783,39.7024],[-6.8842,40.214],[-6.7966,41.0928],[-6.2411,41.3205],[-6.1395,41.5264],[-6.5184,41.7491],[-6.7087,41.96],[-7.0984,41.868],[-7.9186,41.8892],[-8.1573,42.087],[-8.8061,41.8892],[-8.9207,41.767],[-8.6941,40.9922],[-9.1179,39.644],[-9.3977,39.2304],[-9.549,38.7745],[-9.2852,38.6195],[-9.2366,38.4174],[-8.8537,38.4996],[-8.8415,37.5251],[-9.0166,37.0698],[-8.6671,37.1214],[-7.836,37.0323],[-7.4915,37.2082]]]},"properties":{"NAME":"Portugal","ABBREVN":"Portugal","SUBJECTO":"Portugal","BORDERPRECISION":1,"PARTOF":"Portugal"}},
{"type":"Feature","geometry":{"type":"MultiPolygon","coordinates":[[[[149.5542,-6.4061],[150.2763,-6.3409],[151.0557,-6.0151],[151.2801,-5.6714],[151.8015,-5.7084],[152.0587,-5.4981],[151.8622,-5.2825],[151.9066,-5.1044],[152.1355,-5.0849],[152.2682,-4.7795],[152.0899,-4.3604],[151.9442,-4.5196],[151.5393,-4.4061],[151.5876,-4.9017],[151.4516,-5.0863],[151.1574,-5.0997],[150.8865,-5.5197],[150.7216,-5.6218],[150.2893,-5.7117],[150.0519,-5.6232],[149.8693,-5.4012],[149.7644,-5.6302],[149.4128,-5.739],[148.8365,-5.6449],[148.3766,-5.6586],[148.4157,-5.881],[148.7125,-5.9884],[149.0215,-6.242],[149.2086,-6.1526],[149.5542,-6.4061]]],[[[140.9476,-9.2739],[141.4962,-9.3154],[142.3066,-9.3327],[142.6074,-9.3766],[143.3311,-9],[143.2327,-8.8223],[142.7528,-8.5118],[142.4637,-8.4362],[142.464,-8.2964],[142.97,-8.3779],[143.4368,-8.3578],[143.3561,-8.1292],[143.6674,-8.1412],[143.7918,-8.0138],[143.6648,-7.6709],[144.016,-7.8735],[144.3798,-7.7583],[144.6274,-7.7832],[144.9294,-7.9224],[145.8196,-8.0984],[146.6461,-9.2789],[147.185,-9.5701],[147.3933,-9.9256],[147.8736,-10.1788],[148.5605,-10.1837],[149.3286,-10.36],[149.7834,-10.4099],[150.0024,-10.7336],[150.4946,-10.7389],[150.4176,-10.2941],[150.1756,-10.1611],[149.6964,-10.035],[149.8299,-9.7106],[149.1757,-9.5531],[149.0779,-9.458],[149.1977,-9.1208],[148.5887,-9.1603],[148.4588,-9.097],[148.1327,-8.6274],[148.0347,-8.2462],[147.376,-7.7963],[147.1512,-7.5617],[146.886,-7.1173],[146.9091,-6.8948],[147.1623,-6.8244],[147.6638,-6.7915],[147.6439,-6.4801],[147.3765,-6.1248],[146.8934,-6.0305],[146.0445,-5.6764],[145.7454,-5.6262],[145.5934,-5.4231],[145.7282,-4.997],[145.3775,-4.6736],[144.783,-4.3381],[144.5427,-3.9954],[144.1029,-3.9836],[143.4455,-3.6101],[142.4133,-3.3073],[142.0308,-3.1556],[140.8698,-2.7948],[140.9455,-6.3792],[140.7473,-6.7492],[140.9411,-7.365],[140.9618,-7.7274],[140.9476,-9.2739]]]]},"properties":{"NAME":"Papua New Guinea","ABBREVN":"Papua N Guin","SUBJECTO":"Papua New Guinea","BORDERPRECISION":1,"PARTOF":"Papua New Guinea"}},
{"type":"Feature","geometry":{"type":"Polygon","coordinates":[[[-61.1142,10.8217],[-61.8091,10.725],[-61.6617,10.5429],[-61.6531,10.2786],[-62.0388,10.0575],[-61.536,10.0359],[-61.2067,10.1182],[-61.237,10.6296],[-61.1142,10.8217]]]},"properties":{"NAME":null,"ABBREVN":null,"SUBJECTO":null,"BORDERPRECISION":1,"PARTOF":null}},
{"type":"Feature","geometry":{"type":"MultiPolygon","coordinates":[[[[-73.1115,-72.7495],[-71.5661,-72.7495],[-70.0207,-72.6722],[-69.3253,-72.2858],[-68.6299,-72.054],[-68.3981,-71.1268],[-68.8617,-70.5086],[-69.4798,-69.9678],[-69.9434,-69.3496],[-70.3298,-68.9632],[-70.7161,-68.8087],[-71.4116,-68.886],[-72.3944,-69.2615],[-71.7979,-69.7359],[-71.7979,-70.3541],[-72.1843,-70.5859],[-72.107,-71.0495],[-72.7252,-71.2813],[-74.6569,-71.4359],[-75.2751,-71.6677],[-75.0433,-72.054],[-74.3478,-72.2086],[-73.4206,-71.9768],[-72.0297,-71.8222],[-71.9525,-72.2086],[-72.8797,-72.4404],[-73.1115,-72.7495]]],[[[-102.5513,-72.1313],[-101.1604,-72.3631],[-98.834,-72.5207],[-97.1424,-72.6722],[-95.9061,-72.3631],[-97.2197,-71.8222],[-101.1604,-71.8222],[-102.5513,-72.1313]]],[[[-55.1849,-80.9401],[-50.1624,-80.7855],[-44.8308,-80.3219],[-43.9035,-79.781],[-43.9035,-79.2401],[-44.2126,-78.3902],[-45.758,-78.0811],[-48.8488,-78.0811],[-50.2397,-78.3902],[-50.8578,-78.6992],[-51.0124,-79.3947],[-51.7078,-79.781],[-53.8713,-79.9356],[-54.9531,-80.3992],[-55.1849,-80.9401]]],[[[-164.058,-79.356],[-162.3581,-79.7424],[-160.4263,-79.9742],[-159.2026,-79.8825],[-158.8037,-79.6651],[-160.7354,-79.0469],[-162.5899,-78.8151],[-163.5171,-78.9697],[-164.058,-79.356]]],[[[169.7694,-83.4179],[167.5688,-83.3167],[168.3865,-83.0925],[167.2747,-82.9877],[163.3086,-82.0868],[162.0152,-81.6599],[160.5774,-81.5343],[160.433,-80.9064],[159.5791,-80.4418],[158.135,-80.3162],[159.3154,-80.0274],[160.6856,-79.1138],[161.7732,-78.8658],[162.5937,-78.9039],[163.643,-78.6606],[164.9024,-78.5986],[166.7533,-78.5986],[164.4827,-78.0644],[164.1066,-77.6561],[163.5286,-77.74],[163.2997,-77.1867],[162.3265,-76.9577],[162.67,-76.7669],[162.3838,-76.2136],[162.7654,-75.9655],[162.8226,-75.6221],[162.3456,-75.1069],[163.4141,-75.0306],[163.4332,-74.7444],[164.33,-74.7634],[165.1886,-74.668],[164.6162,-74.1719],[165.7992,-73.8285],[167.5754,-73.4757],[168.1782,-73.5834],[168.8993,-73.5403],[168.9747,-73.2389],[170.1048,-72.6362],[169.8896,-72.0765],[170.7291,-71.9043],[168.7428,-71.2427],[167.9629,-71.097],[167.6346,-70.8651],[164.9566,-70.6246],[164.3193,-70.5178],[162.8882,-70.5708],[162.4854,-70.3057],[161.5567,-70.3155],[160.5985,-70.2209],[159.8459,-69.8287],[159.1145,-69.6061],[157.3069,-69.1564],[156.1478,-69.311],[154.4346,-68.9497],[154.2856,-68.6305],[153.6046,-68.4815],[153.7525,-68.9246],[152.3065,-68.8433],[151.0935,-68.8858],[150.8935,-68.5383],[148.7299,-68.3065],[148.2631,-68.2048],[148.0931,-67.937],[146.8755,-67.9974],[146.3903,-67.7792],[145.322,-67.5751],[145.5857,-67.2235],[145.2624,-67.0982],[144.3802,-67.1733],[143.3881,-66.9723],[142.7603,-67.0477],[142.1826,-66.9849],[141.1575,-66.7224],[138.6849,-66.5679],[136.3174,-66.3986],[134.6908,-66.083],[134.9821,-65.5974],[134.5896,-65.0225],[134.0353,-65.1847],[134.011,-65.5488],[134.2052,-66.1801],[133.3069,-66.1315],[132.9669,-66.2588],[130.2721,-66.2529],[129.4224,-66.52],[129.0096,-67.0298],[126.8003,-66.8842],[126.4118,-66.3743],[125.4407,-66.4471],[125.1251,-66.787],[123.54,-66.6452],[122.4582,-66.6452],[121.4537,-66.7997],[119.5992,-66.9156],[118.2856,-67.0701],[116.9721,-66.8383],[115.6788,-66.4143],[114.4356,-66.4932],[113.9585,-65.9884],[113.0149,-65.7631],[112.0268,-65.9884],[111.673,-65.9604],[110.6074,-66.0591],[110.568,-66.3945],[109.4037,-66.7103],[108.1014,-66.7103],[107.6224,-66.452],[107.1588,-66.452],[105.4589,-66.2974],[103.8362,-65.9884],[103.3114,-66.0661],[102.6308,-65.9262],[100.8754,-66.0788],[99.6543,-66.5495],[99.12,-66.8929],[98.6621,-66.6258],[98.0642,-66.5876],[97.1137,-66.6838],[95.7229,-66.5293],[93.4821,-66.6065],[90,-66.6065],[88.6536,-66.7639],[88.305,-66.0656],[88.0841,-66.1109],[87.7651,-66.7487],[87.2232,-66.9929],[85.5233,-66.9156],[81.8143,-67.302],[78.2599,-68.3837],[77.7963,-68.8473],[76.8691,-69.311],[75.4009,-69.4655],[74.3964,-69.7746],[72.542,-70.2382],[71.9238,-70.5473],[71.1511,-71.32],[70.3011,-72.0154],[69.5284,-72.4018],[68.2149,-72.4018],[67.3649,-72.0927],[67.3649,-71.7063],[68.1376,-71.0882],[68.6839,-71.0603],[69.0744,-70.5877],[68.1908,-70.6699],[67.5127,-70.4644],[67.8415,-70.0329],[68.2149,-69.8518],[68.9511,-69.8891],[69.1421,-69.3882],[69.4442,-69.1904],[69.773,-68.6356],[69.683,-68.1519],[69.3739,-67.8428],[66.9785,-67.8428],[63.5787,-67.5338],[62.806,-67.611],[62.1105,-67.5338],[59.603,-67.3298],[56.6269,-66.9423],[56.7023,-66.7378],[57.1005,-66.5226],[56.1749,-66.4472],[55.1416,-65.9629],[53.7654,-65.9111],[52.4518,-65.9884],[50.5201,-66.3747],[50.006,-66.5876],[50.006,-66.8399],[50.2732,-67.1367],[48.9672,-66.9735],[48.3142,-67.018],[48.2697,-67.1812],[48.8485,-67.4335],[47.3051,-67.7749],[47.0083,-67.671],[46.9192,-67.4039],[46.3701,-67.3296],[46.0585,-67.4335],[46.0384,-67.6883],[44.797,-67.7452],[44.184,-68.036],[42.5613,-68.1133],[41.9431,-68.4224],[39.6471,-68.9336],[39.4593,-69.7007],[38.332,-70.0295],[37.2988,-69.6537],[37.6745,-69.5128],[37.5806,-69.278],[36.9856,-69.3563],[36.5316,-69.6537],[36.0776,-69.5911],[35.2979,-69.1178],[34.7155,-68.9336],[34.2934,-68.4996],[33.5413,-68.5422],[33.0247,-68.9179],[32.748,-69.3496],[31.7435,-69.5041],[30.6618,-69.736],[25.6392,-70.3541],[23.7075,-70.5859],[22.5484,-70.5859],[19.5349,-70.1609],[17.6032,-70.0837],[12.6579,-70.3155],[11.9625,-70.7018],[11.1125,-70.8564],[10.3398,-70.7018],[9.4126,-70.0837],[8.4853,-70.0837],[6.5536,-70.47],[3.3083,-70.9336],[0.6811,-71.32],[-0.787,-71.7063],[-1.2506,-71.32],[-2.7188,-71.3972],[-4.8823,-71.2813],[-6.3176,-71.425],[-6.255,-71.1536],[-5.7323,-70.895],[-6.3505,-70.6632],[-7.2004,-70.895],[-7.6327,-71.258],[-7.7413,-71.6677],[-8.8225,-71.8216],[-9.364,-71.1268],[-9.7503,-71.0495],[-11.1412,-71.5904],[-11.5989,-71.6337],[-11.8076,-71.2997],[-12.3712,-71.4041],[-12.3295,-71.6755],[-11.5571,-72.0721],[-11.8285,-72.3226],[-14.2708,-72.8444],[-14.5839,-73.1784],[-15.7001,-73.2904],[-16.3955,-73.4449],[-17.0909,-73.9085],[-16.1637,-74.0631],[-15.0047,-73.8312],[-14.4509,-74.0646],[-17.1682,-74.7585],[-18.4045,-75.6857],[-20.6454,-75.9175],[-23.5816,-75.9175],[-25.977,-76.3039],[-30.2268,-76.8448],[-32.0813,-77.3084],[-33.1631,-77.3856],[-34.9403,-77.9265],[-36.4084,-78.622],[-36.4084,-79.1629],[-35.0175,-79.1629],[-32.854,-79.3174],[-31.8495,-79.2401],[-29.5677,-79.2243],[-29.035,-79.3765],[-28.9132,-79.8583],[-28.3723,-80.0901],[-28.9132,-80.4764],[-32.9312,-80.8628],[-38.031,-80.9401],[-41.8173,-81.4037],[-42.9763,-81.9446],[-43.8263,-81.79],[-52.2487,-82.0218],[-55.1849,-82.3309],[-57.5803,-83.0263],[-58.9711,-83.1809],[-59.2802,-82.7173],[-60.2075,-82.3309],[-63.1437,-82.0991],[-67.9344,-81.4809],[-74.8887,-80.7082],[-76.6434,-80.2146],[-78.2886,-80.3219],[-78.8295,-80.0128],[-76.4341,-79.8583],[-76.5887,-79.3947],[-77.9795,-79.0856],[-80.2203,-79.3174],[-81.3021,-79.3174],[-81.9203,-79.1629],[-82.9248,-79.1629],[-84.1037,-78.6485],[-84.1611,-78.2356],[-83.0793,-78.2356],[-82.0748,-78.7765],[-79.1385,-78.931],[-77.7824,-78.6485],[-78.2886,-78.3129],[-80.7612,-78.2356],[-81.6549,-77.6804],[-80.6868,-77.5665],[-77.0523,-77.9265],[-74.5024,-78.0811],[-73.0271,-77.8228],[-73.5681,-77.4811],[-75.816,-77.4629],[-78.5977,-76.6129],[-78.8295,-76.2266],[-78.4431,-75.9948],[-77.825,-75.9948],[-76.2796,-76.3039],[-75.9315,-76.4845],[-73.8813,-76.6268],[-70.5616,-76.6902],[-69.248,-76.3811],[-65.9254,-75.8403],[-64.4573,-75.6857],[-63.221,-74.8357],[-62.6801,-74.7585],[-61.3665,-73.9085],[-60.8256,-72.7495],[-60.9802,-72.054],[-61.6756,-70.8177],[-62.1392,-70.5086],[-63.1437,-69.4269],[-63.4528,-68.886],[-63.8391,-68.6542],[-64.5346,-68.6542],[-65.1527,-68.4996],[-65.6936,-67.8815],[-65.3845,-67.3406],[-64.38,-66.7224],[-63.8391,-66.4906],[-63.3755,-66.4906],[-62.7574,-66.6452],[-62.4483,-66.3361],[-62.371,-65.7952],[-61.5983,-65.177],[-61.1347,-64.868],[-59.8211,-64.3271],[-58.8939,-64.3271],[-57.2712,-63.7089],[-57.4258,-63.2453],[-58.1212,-63.3998],[-59.1257,-63.8634],[-60.2075,-63.9407],[-61.2892,-64.4816],[-62.9119,-64.7134],[-64.2255,-65.2543],[-64.6891,-65.5634],[-65.0755,-65.9497],[-65.7709,-66.1815],[-66.8527,-66.7997],[-67.7026,-66.877],[-67.8572,-67.5724],[-67.3163,-67.8042],[-67.0845,-68.6542],[-67.4708,-69.1951],[-68.2435,-69.3496],[-68.7844,-69.8132],[-68.6299,-70.2768],[-68.089,-70.5859],[-67.7026,-71.2813],[-67.0845,-71.8222],[-67.0845,-72.4404],[-67.6254,-72.7495],[-71.4888,-73.3676],[-75.5841,-73.754],[-77.1295,-73.6381],[-78.5204,-73.7153],[-79.7567,-73.1745],[-80.993,-73.2517],[-81.3021,-73.7926],[-81.7657,-74.0244],[-84.3929,-73.7926],[-85.9383,-73.4835],[-86.3246,-73.2517],[-87.4064,-73.4063],[-88.5655,-73.2517],[-88.72,-72.7881],[-89.2609,-72.7881],[-90,-73.329],[-93.9743,-73.1745],[-96.5242,-73.329],[-99.7882,-72.9978],[-102.1737,-73.0895],[-102.5513,-72.7881],[-103.5867,-72.7409],[-103.5867,-73.1079],[-102.9444,-73.3648],[-100.2286,-73.4382],[-99.6781,-73.6584],[-101.4214,-73.7685],[-103.2467,-73.5608],[-103.1646,-73.8602],[-101.8801,-74.0988],[-101.4948,-74.5392],[-100.5589,-74.4658],[-100.4121,-74.7594],[-99.7332,-75.0713],[-100.0451,-75.3099],[-101.7517,-75.2548],[-103.9421,-75.1062],[-105.6421,-75.0676],[-106.8011,-75.3766],[-108.3465,-75.2994],[-109.1965,-75.1448],[-110.557,-75.3029],[-110.7914,-74.9513],[-110.3373,-74.7609],[-110.4328,-74.2949],[-111.0991,-74.1749],[-111.7464,-74.2949],[-111.7437,-74.7169],[-112.3645,-74.8357],[-113.4283,-74.6876],[-113.2379,-74.3214],[-113.5016,-74.0723],[-114.1462,-73.9258],[-114.9372,-74.0577],[-114.9917,-74.4494],[-117.3871,-74.5267],[-118.0825,-74.2949],[-118.7779,-74.6039],[-120.1688,-74.5267],[-123.5687,-74.8357],[-127.1231,-74.6812],[-128.9775,-74.913],[-130.9865,-74.7971],[-133.5364,-74.7971],[-134.7728,-74.6426],[-136.7818,-74.8744],[-138.559,-75.1062],[-140.568,-75.2607],[-144.5087,-75.7243],[-146.6723,-76.1107],[-148.5268,-76.0334],[-149.6086,-76.3425],[-148.4495,-76.497],[-147.1308,-76.5312],[-146.116,-76.8596],[-146.1459,-77.4565],[-147.9859,-77.347],[-149.9949,-77.7334],[-152.0856,-77.3371],[-154.1675,-77.1152],[-156.4083,-77.1152],[-158.031,-77.2697],[-158.1855,-77.8106],[-157.3355,-78.197],[-156.0219,-78.3515],[-154.7084,-78.1197],[-154.1323,-78.3523],[-155.8674,-78.7379],[-154.5538,-79.1242],[-151.7721,-79.2015],[-150.5802,-79.4829],[-148.6041,-79.6651],[-146.9041,-80.0514],[-145.6678,-80.5151],[-148.8359,-81.365],[-149.9949,-81.2105],[-151.5403,-81.2105],[-154.4766,-81.056],[-155.7129,-81.056],[-156.9988,-81.1963],[-154.2675,-81.6769],[-154.9825,-81.9114],[-154.5538,-82.1377],[-152.0812,-82.6014],[-152.9312,-82.9104],[-153.3097,-83.9419],[-152.0039,-84.3786],[-149.6086,-84.4558],[-145.2815,-84.7649],[-138.8168,-85.013],[-139.3309,-85.2228],[-148.7586,-85.074],[-151.463,-85.3058],[-156.5628,-85.4603],[-160.5036,-85.3831],[-167.2261,-84.7649],[-170.3169,-84.6876],[-173.8713,-84.4558],[-178.4302,-84.4558],[-180,-84.3223],[-180,-85.3223],[-180,-86.3223],[-180,-87.3223],[-180,-88.3223],[-180,-89.3223],[-180,-90],[-179.2037,-90],[-178.2037,-90],[-177.2037,-90],[-176.2037,-90],[-175.2037,-90],[-174.2037,-90],[-173.2037,-90],[-172.2037,-90],[-171.2037,-90],[-170.2037,-90],[-169.2037,-90],[-168.2037,-90],[-167.2037,-90],[-166.2037,-90],[-165.2037,-90],[-164.2037,-90],[-163.2037,-90],[-162.2037,-90],[-161.2037,-90],[-160.2037,-90],[-159.2037,-90],[-158.2037,-90],[-157.2037,-90],[-156.2037,-90],[-155.2037,-90],[-154.2037,-90],[-153.2037,-90],[-152.2037,-90],[-151.2037,-90],[-150.2037,-90],[-149.2037,-90],[-148.2037,-90],[-147.2037,-90],[-146.2037,-90],[-145.2037,-90],[-144.2037,-90],[-143.2037,-90],[-142.2037,-90],[-141.2037,-90],[-140.2037,-90],[-139.2037,-90],[-138.2037,-90],[-137.2037,-90],[-136.2037,-90],[-135.2037,-90],[-134.2037,-90],[-133.2037,-90],[-132.2037,-90],[-131.2037,-90],[-130.2037,-90],[-129.2037,-90],[-128.2037,-90],[-127.2037,-90],[-126.2037,-90],[-125.2037,-90],[-124.2037,-90],[-123.2037,-90],[-122.2037,-90],[-121.2037,-90],[-120.2037,-90],[-119.2037,-90],[-118.2037,-90],[-117.2037,-90],[-116.2037,-90],[-115.2037,-90],[-114.2037,-90],[-113.2037,-90],[-112.2037,-90],[-111.2037,-90],[-110.2037,-90],[-109.2037,-90],[-108.2037,-90],[-107.2037,-90],[-106.2037,-90],[-105.2037,-90],[-104.2037,-90],[-103.2037,-90],[-102.2037,-90],[-101.2037,-90],[-100.2037,-90],[-99.2037,-90],[-98.2037,-90],[-97.2037,-90],[-96.2037,-90],[-95.2037,-90],[-94.2037,-90],[-93.2037,-90],[-92.2037,-90],[-91.2037,-90],[-90,-90],[-89.2037,-90],[-88.2037,-90],[-87.2037,-90],[-86.2037,-90],[-85.2037,-90],[-84.2037,-90],[-83.2037,-90],[-82.2037,-90],[-81.2037,-90],[-80.2037,-90],[-79.2037,-90],[-78.2037,-90],[-77.2037,-90],[-76.2037,-90],[-75.2037,-90],[-74.2037,-90],[-73.2037,-90],[-72.2037,-90],[-71.2037,-90],[-70.2037,-90],[-69.2037,-90],[-68.2037,-90],[-67.2037,-90],[-66.2037,-90],[-65.2037,-90],[-64.2037,-90],[-63.2037,-90],[-62.2037,-90],[-61.2037,-90],[-60.2037,-90],[-59.2037,-90],[-58.2037,-90],[-57.2037,-90],[-56.2037,-90],[-55.2037,-90],[-54.2037,-90],[-53.2037,-90],[-52.2037,-90],[-51.2037,-90],[-50.2037,-90],[-49.2037,-90],[-48.2037,-90],[-47.2037,-90],[-46.2037,-90],[-45.2037,-90],[-44.2037,-90],[-43.2037,-90],[-42.2037,-90],[-41.2037,-90],[-40.2037,-90],[-39.2037,-90],[-38.2037,-90],[-37.2037,-90],[-36.2037,-90],[-35.2037,-90],[-34.2037,-90],[-33.2037,-90],[-32.2037,-90],[-31.2037,-90],[-30.2037,-90],[-29.2037,-90],[-28.2037,-90],[-27.2037,-90],[-26.2037,-90],[-25.2037,-90],[-24.2037,-90],[-23.2037,-90],[-22.2037,-90],[-21.2037,-90],[-20.2037,-90],[-19.2037,-90],[-18.2037,-90],[-17.2037,-90],[-16.2037,-90],[-15.2037,-90],[-14.2037,-90],[-13.2037,-90],[-12.2037,-90],[-11.2037,-90],[-10.2037,-90],[-9.2037,-90],[-8.2037,-90],[-7.2037,-90],[-6.2037,-90],[-5.2037,-90],[-4.2037,-90],[-3.2037,-90],[-2.2037,-90],[-1.2037,-90],[-0.2037,-90],[0.7781,-90],[1.7781,-90],[2.7781,-90],[3.7781,-90],[4.7781,-90],[5.7781,-90],[6.7781,-90],[7.7781,-90],[8.7781,-90],[9.7781,-90],[10.7781,-90],[11.7781,-90],[12.7781,-90],[13.7781,-90],[14.7781,-90],[15.7781,-90],[16.7781,-90],[17.7781,-90],[18.7781,-90],[19.7781,-90],[20.7781,-90],[21.7781,-90],[22.7781,-90],[23.7781,-90],[24.7781,-90],[25.7781,-90],[26.7781,-90],[27.7781,-90],[28.7781,-90],[29.7781,-90],[30.7781,-90],[31.7781,-90],[32.7781,-90],[33.7781,-90],[34.7781,-90],[35.7781,-90],[36.7781,-90],[37.7781,-90],[38.7781,-90],[39.7781,-90],[40.7781,-90],[41.7781,-90],[42.7781,-90],[43.7781,-90],[44.7781,-90],[45.7781,-90],[46.7781,-90],[47.7781,-90],[48.7781,-90],[49.7781,-90],[50.7781,-90],[51.7781,-90],[52.7781,-90],[53.7781,-90],[54.7781,-90],[55.7781,-90],[56.7781,-90],[57.7781,-90],[58.7781,-90],[59.7781,-90],[60.7781,-90],[61.7781,-90],[62.7781,-90],[63.7781,-90],[64.7781,-90],[65.7781,-90],[66.7781,-90],[67.7781,-90],[68.7781,-90],[69.7781,-90],[70.7781,-90],[71.7781,-90],[72.7781,-90],[73.7781,-90],[74.7781,-90],[75.7781,-90],[76.7781,-90],[77.7781,-90],[78.7781,-90],[79.7781,-90],[80.7781,-90],[81.7781,-90],[82.7781,-90],[83.7781,-90],[84.7781,-90],[85.7781,-90],[86.7781,-90],[87.7781,-90],[88.7781,-90],[89.7781,-90],[89.7963,-90],[90,-90],[91.7781,-90],[92.7781,-90],[93.7781,-90],[94.7781,-90],[95.7781,-90],[96.7781,-90],[97.7781,-90],[98.7781,-90],[99.7781,-90],[100.7781,-90],[101.7781,-90],[102.7781,-90],[103.7781,-90],[104.7781,-90],[105.7781,-90],[106.7781,-90],[107.7781,-90],[108.7781,-90],[109.7781,-90],[110.7781,-90],[111.7781,-90],[112.7781,-90],[113.7781,-90],[114.7781,-90],[115.7781,-90],[116.7781,-90],[117.7781,-90],[118.7781,-90],[119.7781,-90],[120.7781,-90],[121.7781,-90],[122.7781,-90],[123.7781,-90],[124.7781,-90],[125.7781,-90],[126.7781,-90],[127.7781,-90],[128.7781,-90],[129.7781,-90],[130.7781,-90],[131.7781,-90],[132.7781,-90],[133.7781,-90],[134.7781,-90],[135.7781,-90],[136.7781,-90],[137.7781,-90],[138.7781,-90],[139.7781,-90],[140.7781,-90],[141.7781,-90],[142.7781,-90],[143.7781,-90],[144.7781,-90],[145.7781,-90],[146.7781,-90],[147.7781,-90],[148.7781,-90],[149.7781,-90],[150.7781,-90],[151.7781,-90],[152.7781,-90],[153.7781,-90],[154.7781,-90],[155.7781,-90],[156.7781,-90],[157.7781,-90],[158.7781,-90],[159.7781,-90],[160.7781,-90],[161.7781,-90],[162.7781,-90],[163.7781,-90],[164.7781,-90],[165.7781,-90],[166.7781,-90],[167.7781,-90],[168.7781,-90],[169.7781,-90],[170.7781,-90],[171.7781,-90],[172.7781,-90],[173.7781,-90],[174.7781,-90],[175.7781,-90],[176.7781,-90],[177.7781,-90],[178.7781,-90],[180,-90],[180,-89.3192],[180,-88.3192],[180,-87.3192],[180,-86.3192],[180,-85.3192],[180,-84.3404],[176.9334,-84.0309],[174.5851,-83.8825],[172.5803,-83.8442],[171.4897,-83.5937],[169.7694,-83.4179]]]]},"properties":{"NAME":null,"ABBREVN":null,"SUBJECTO":null,"BORDERPRECISION":1,"PARTOF":null}},
{"type":"Feature","geometry":{"type":"Polygon","coordinates":[[[12.3778,44.7315],[12.0531,45.021],[11.7709,45.0709],[11.6048,44.9048],[11.1698,45.0672],[11.3392,44.855],[11.1731,44.6059],[11.2893,44.224],[11.8539,44.3569],[12.1196,43.7425],[12.1196,43.4769],[12.3022,43.2776],[12.1528,43.0617],[12.1694,42.63],[11.9601,42.0074],[12.6415,41.5311],[12.9768,41.3714],[13.7605,41.2067],[13.9792,41.3349],[13.863,41.75],[13.6471,41.7998],[13.4147,42.3644],[13.7136,42.3976],[14.0764,42.6338],[13.6009,43.5348],[12.6972,43.9348],[12.3451,44.301],[12.2736,44.6726],[12.3778,44.7315]]]},"properties":{"NAME":"Papal States","ABBREVN":"Papal States","SUBJECTO":"Papal States","BORDERPRECISION":1,"PARTOF":"Papal States"}},
{"type":"Feature","geometry":{"type":"Polygon","coordinates":[[[48.0147,-17.0228],[47.4821,-16.9044],[46.6535,-17.733],[45.2923,-22.6452],[45.529,-23.5921],[46.0025,-23.5921],[47.1862,-23.1186],[48.4882,-20.0411],[48.4882,-19.4493],[48.0147,-17.0228]]]},"properties":{"NAME":"Expansionist Kingdom of Merina","ABBREVN":"Merina","SUBJECTO":"Expansionist Kingdom of Merina","BORDERPRECISION":1,"PARTOF":"Expansionist Kingdom of Merina"}},
{"type":"Feature","geometry":{"type":"Polygon","coordinates":[[[141.8983,45.9148],[142.3273,46.5631],[142.6148,46.7128],[143.0043,46.5774],[143.3034,46.0112],[143.0043,46.5774],[142.6148,46.7128],[142.3273,46.5631],[141.8983,45.9148]]]},"properties":{"NAME":null,"ABBREVN":null,"SUBJECTO":null,"BORDERPRECISION":1,"PARTOF":null}},
{"type":"Feature","geometry":{"type":"Polygon","coordinates":[[[-1.1726,10.8476],[0.0839,11.7345],[-0.064,13.2866],[-1.6899,13.8039],[-3.0202,13.6561],[-3.8332,12.6953],[-3.1681,10.9215],[-1.1726,10.8476]]]},"properties":{"NAME":"Mossi States","ABBREVN":"Mossi States","SUBJECTO":"Mossi States","BORDERPRECISION":1,"PARTOF":"Mossi States"}},
{"type":"Feature","geometry":{"type":"Polygon","coordinates":[[[12.3717,-6.2578],[12.7957,-6.8606],[12.9686,-7.5148],[13.3871,-8.1557],[13.4768,-8.416],[13.4314,-8.8228],[13.1459,-9.0649],[13.0838,-9.2875],[14.3291,-9.3681],[14.2665,-8.9393],[14.3253,-8.2343],[14.0903,-7.7055],[14.1027,-7.3759],[14.3986,-7.1984],[14.8721,-7.3759],[14.9905,-7.1984],[15.0496,-6.0147],[14.5762,-4.7718],[14.1027,-4.9494],[13.2741,-5.778],[13.215,-6.1331],[12.8007,-5.9555],[12.3717,-6.2578]]]},"properties":{"NAME":"Congo","ABBREVN":"Congo","SUBJECTO":"Congo","BORDERPRECISION":1,"PARTOF":"Congo"}},
{"type":"Feature","geometry":{"type":"Polygon","coordinates":[[[102.6708,12.0377],[102.9626,11.3679],[103.0396,10.898],[103.5249,11.0578],[103.6703,10.7659],[103.5249,10.5242],[103.831,10.474],[104.1603,10.5192],[104.4278,10.2847],[104.7649,10.1774],[104.9785,9.9809],[104.9873,9.8221],[104.8224,9.4723],[104.7425,8.4937],[104.9071,8.475],[105.2084,8.6535],[105.5031,9.029],[105.9266,9.1888],[106.1184,9.3353],[106.2293,9.5516],[106.482,9.5521],[106.6563,9.7431],[106.7486,10.0673],[106.7044,10.4484],[106.8538,10.5758],[107.3845,12.3541],[107.4823,12.5833],[107.4803,13.2566],[106.0607,13.3427],[105.0156,13.406],[103.6565,12.8464],[102.7359,12.117],[102.6708,12.0377]]]},"properties":{"NAME":"Cambodia","ABBREVN":"Cambodia","SUBJECTO":"Cambodia","BORDERPRECISION":1,"PARTOF":"Cambodia"}},
{"type":"Feature","geometry":{"type":"Polygon","coordinates":[[[7.3971,43.7641],[7.3552,43.9015],[6.9228,43.815],[6.7829,44.5479],[6.9426,44.8687],[6.6653,44.9545],[6.2804,45.1986],[6.2187,45.3468],[5.8234,45.3962],[5.5334,46.097],[5.2683,46.318],[5.4156,46.5242],[5.6457,46.4567],[5.6673,47.1083],[5.7925,47.5119],[5.9178,47.5954],[5.9595,47.985],[6.2518,47.9572],[6.2379,48.2912],[5.9456,48.3469],[6.0152,48.653],[5.8343,48.7783],[5.6116,49.2097],[5.9093,49.2009],[5.3611,49.6968],[4.2552,49.8872],[3.8203,50.0394],[3.4827,49.9205],[2.9073,49.9435],[2.6771,50.1506],[2.4009,50.1967],[2.1477,50.0586],[1.8255,50.2427],[1.7962,50.9214],[1.5889,50.8219],[1.552,50.2288],[1.2745,50.0043],[0.5286,49.8258],[0.1894,49.681],[0.0329,49.3337],[-0.2394,49.2855],[-1.0232,49.3985],[-1.5242,49.6528],[-1.8915,49.5264],[-1.5634,49.0362],[-1.5914,48.6375],[-1.8576,48.6084],[-1.752,48.1782],[-2.0104,47.7457],[-2.5765,47.3249],[-2.0046,47.0425],[-2.1297,46.8508],[-1.7107,46.4488],[-1.2561,46.3068],[-1.0752,46.0146],[-1.2474,45.6881],[-1.1234,45.4316],[-1.2755,45.1287],[-1.3144,44.559],[-1.5614,43.5244],[-1.9146,43.3054],[-1.4914,43.2096],[-1.3973,43.0318],[-0.9074,42.8813],[-0.612,42.7309],[-0.4099,42.7856],[-0.1656,42.6488],[0.5919,42.6283],[0.7442,42.7719],[1.3075,42.6352],[1.5772,42.6479],[1.7282,42.501],[2.2721,42.6901],[3.0019,42.7708],[3.0679,42.9446],[3.4787,43.3121],[3.8075,43.4672],[4.0782,43.4871],[4.4168,43.3461],[5.0518,43.3281],[5.4345,43.1037],[5.8286,43.0208],[6.523,43.1509],[7.3971,43.7641]]]},"properties":{"NAME":"France","ABBREVN":"France","SUBJECTO":"France","BORDERPRECISION":1,"PARTOF":"France"}},
{"type":"Feature","geometry":{"type":"MultiPolygon","coordinates":[[[[16.6398,43.3897],[16.7015,43.8467],[16.1847,43.9076],[15.7498,44.0978],[15.4944,43.8884],[15.9128,43.6522],[16.0594,43.4335],[16.3667,43.513],[16.6398,43.3897]]],[[[16.9923,43.3227],[17.3041,43.0762],[17.3262,43.3368],[16.9923,43.3227]]],[[[13.3677,45.6945],[13.6063,46.1321],[13.7091,46.8391],[13.2917,47.0638],[12.6977,46.9514],[12.0748,46.9275],[11.7397,46.7517],[11.9084,46.4141],[11.5709,46.2454],[11.5709,45.9754],[11.2334,46.0091],[10.9296,45.8403],[10.7946,45.6378],[10.5246,45.7391],[10.4571,46.2116],[10.5583,46.3129],[10.5583,46.7179],[10.0237,46.6209],[9.885,46.4025],[9.5449,46.3116],[9.5817,45.893],[9.9221,45.6661],[9.9977,45.4014],[10.8244,45.3531],[10.8561,45.0507],[11.1698,45.0672],[11.6048,44.9048],[11.7709,45.0709],[12.0531,45.021],[12.3778,44.7315],[12.5231,44.8828],[12.1762,45.2143],[12.4482,45.3943],[13.3677,45.6945]]],[[[13.6732,45.7145],[13.5269,45.4543],[13.6721,45.0504],[13.8951,44.7592],[14.1885,44.9425],[14.3545,45.3229],[14.0759,45.678],[13.6732,45.7145]]]]},"properties":{"NAME":"Venice","ABBREVN":"Venice","SUBJECTO":"Venice","BORDERPRECISION":1,"PARTOF":"Venice"}},
{"type":"Feature","geometry":{"type":"Polygon","coordinates":[[[40.4004,-11.2304],[40.6195,-10.766],[40.3869,-10.3725],[39.8382,-10.0051],[39.6576,-9.7957],[39.3918,-8.735],[39.4004,-8.3092],[39.4777,-7.9976],[39.2701,-7.8011],[39.5664,-7.0442],[39.2209,-6.7844],[38.9215,-6.3402],[38.8724,-6.0925],[38.9338,-5.6348],[39.1225,-5.037],[39.2673,-4.7762],[39.5298,-4.6167],[39.6814,-4.3241],[39.6401,-4.0827],[40.074,-3.4717],[40.2344,-3.1917],[40.2713,-2.8167],[40.4485,-2.6447],[40.7498,-2.5932],[40.8769,-2.4277],[40.9154,-2.0781],[41.0886,-2.1286],[41.6099,-1.8767],[41.6073,-1.5937],[42.4401,-0.5116],[43.7243,0.8003],[44.3007,1.2908],[42.7856,1.3201],[39.4166,-1.375],[37.7322,-4.5755],[38.2375,-9.292],[39.2482,-11.1449],[40.4004,-11.2304]]]},"properties":{"NAME":"Islamic city-states","ABBREVN":"Islamic city-states","SUBJECTO":"Islamic city-states","BORDERPRECISION":1,"PARTOF":"Islamic city-states"}},
{"type":"Feature","geometry":{"type":"Polygon","coordinates":[[[109.4297,18.0966],[109.6691,18.4147],[110.2625,18.6256],[110.427,19.2294],[110.8854,19.7068],[110.6174,20.0175],[110.0606,19.9401],[109.9159,19.8],[109.5503,19.9136],[109.4201,19.6592],[109.1982,19.6841],[108.5769,19.1874],[108.6519,18.4824],[109.4297,18.0966]]]},"properties":{"NAME":null,"ABBREVN":null,"SUBJECTO":null,"BORDERPRECISION":1,"PARTOF":null}},
{"type":"Feature","geometry":{"type":"Polygon","coordinates":[[[52.6111,72.74],[53.0885,72.4735],[52.3511,72.0413],[51.7605,72.0793],[51.4821,71.8447],[51.8149,71.4798],[52.5505,71.5899],[53.2338,71.5135],[54.3079,71.2057],[53.7147,70.9267],[53.7286,70.7651],[54.6941,70.7438],[54.9983,70.5217],[55.6788,70.7072],[57.2378,70.691],[57.2507,70.8178],[56.3788,71.1323],[55.7207,71.6424],[55.5176,72.478],[55.8221,72.7539],[56.2716,72.8572],[56.5085,73.1739],[55.8162,73.3073],[53.5023,73.1366],[52.6111,72.74]]]},"properties":{"NAME":null,"ABBREVN":null,"SUBJECTO":null,"BORDERPRECISION":1,"PARTOF":null}},
{"type":"Feature","geometry":{"type":"Polygon","coordinates":[[[80.5629,5.9317],[80.8518,5.9513],[81.2027,6.0792],[81.5999,6.4486],[81.779,6.754],[81.8662,7.0846],[81.8049,7.3132],[81.446,7.9287],[81.3261,8.2589],[81.0601,8.4108],[81.0934,8.6269],[80.6624,9.2995],[80.3476,9.4703],[80.1781,9.4452],[80.0526,9.1139],[79.896,8.9204],[79.6746,8.8049],[79.8087,8.6475],[79.7242,8.4166],[79.8322,8.1031],[79.8541,7.0612],[80.0168,6.496],[80.2222,6.058],[80.5629,5.9317]]]},"properties":{"NAME":"Sinhalese kingdoms","ABBREVN":"Ceylon","SUBJECTO":"Sinhalese kingdoms","BORDERPRECISION":1,"PARTOF":"Sinhalese kingdoms"}},
{"type":"Feature","geometry":{"type":"Polygon","coordinates":[[[96.1184,3.9511],[96.5441,4.4721],[96.602,5.0768],[96.0247,5.2153],[95.7405,5.4689],[95.4641,5.5699],[95.1906,5.4105],[95.3082,4.9596],[95.5609,4.5345],[96.1184,3.9511]]]},"properties":{"NAME":"Aceh","ABBREVN":"Aceh","SUBJECTO":"Aceh","BORDERPRECISION":1,"PARTOF":"Aceh"}},
{"type":"Feature","geometry":{"type":"MultiPolygon","coordinates":[[[[103.3113,-0.8182],[103.2376,-0.6595],[103.6866,-0.1183],[103.7222,0.0152],[103.2405,0.459],[102.4718,0.6225],[102.1359,0.9395],[102.0098,1.2697],[101.8681,1.4346],[101.4743,1.5481],[101.2758,1.7192],[101.0598,2.081],[100.8317,2.1758],[100.7319,1.8706],[100.4565,2.1178],[100.1214,2.5428],[99.8632,2.5676],[99.8584,2.9044],[98.6253,3.6579],[98.49,3.2267],[98.6457,2.7597],[100.2024,0.8916],[101.1365,-1.3656],[101.7592,-1.2878],[103.3113,-0.8182]]],[[[103.3339,3.3937],[101.837,3.4602],[101.2643,3.2252],[101.3364,2.7805],[101.8926,2.3369],[102.7169,1.8812],[103.4277,1.3808],[103.6084,1.4447],[104.1756,1.3887],[103.8304,2.1696],[103.4396,2.6326],[103.3078,3.0263],[103.3339,3.3937]]],[[[108.9991,0.1982],[109.932,0.1911],[110.3476,0.8519],[110.5486,0.726],[110.8176,1.2443],[110.2895,1.5164],[109.7231,1.6168],[109.554,1.8007],[109.2824,1.8827],[109.1462,1.5202],[108.9555,1.2593],[108.8143,0.8078],[108.841,0.3313],[108.9991,0.1982]]]]},"properties":{"NAME":"Malacca","ABBREVN":"Malacca","SUBJECTO":"Malacca","BORDERPRECISION":1,"PARTOF":"Malacca"}},
{"type":"Feature","geometry":{"type":"MultiPolygon","coordinates":[[[[103.3113,-0.8182],[101.7592,-1.2878],[101.1365,-1.3656],[100.2024,0.8916],[98.6457,2.7597],[98.49,3.2267],[98.6253,3.6579],[98.1455,4.0699],[98.1738,4.3813],[97.9428,4.5205],[97.3841,5.1801],[96.7527,5.0644],[96.602,5.0768],[96.5441,4.4721],[96.1184,3.9511],[96.3944,3.6467],[96.7204,3.7046],[97.2545,3.1402],[97.5087,2.7405],[97.5971,2.2514],[97.9825,2.1124],[98.6006,1.7071],[98.6891,1.3705],[99.1133,0.2212],[99.401,0.0884],[99.6966,-0.1524],[99.972,-0.5013],[100.6503,-1.631],[100.7963,-2.0247],[100.8121,-2.336],[101.3455,-3.0149],[101.6596,-3.3193],[102.1107,-3.6043],[102.2865,-3.9788],[102.4622,-4.1818],[103.0686,-4.6127],[103.5235,-4.9994],[104.5685,-6.0712],[104.6422,-5.9757],[104.5634,-5.6009],[105.0328,-5.8795],[105.1867,-5.5423],[105.4757,-5.815],[105.7285,-5.8271],[105.7956,-5.3503],[105.7967,-4.7339],[105.6932,-4.3083],[105.7111,-4.1049],[105.9428,-3.2147],[105.6287,-2.9103],[105.4449,-2.5993],[104.9946,-2.4668],[104.6778,-2.6708],[104.6098,-2.5757],[104.8126,-2.1558],[104.5675,-2.1373],[104.3524,-1.8899],[104.2977,-1.3625],[104.1212,-1.1405],[103.7469,-1.1159],[103.3113,-0.8182]]],[[[140.8698,-2.7948],[139.592,-2.3792],[137.8543,-1.614],[137.7039,-1.6333],[137.1107,-1.9842],[137.0842,-2.2511],[136.2709,-2.4181],[135.7342,-3.2518],[135.5076,-3.4493],[135.2464,-3.5389],[134.9544,-3.4632],[134.7731,-3.3047],[134.634,-2.822],[134.4554,-3.0004],[134.2831,-2.8546],[134.0828,-2.1814],[133.9834,-2.01],[134.141,-1.5013],[133.9073,-1.0061],[133.265,-0.8613],[132.5924,-0.5704],[132.254,-0.5267],[131.8336,-0.8263],[131.4197,-1.0115],[131.2114,-1.0246],[131.1834,-1.406],[131.0644,-1.5397],[131.6268,-1.5957],[131.8156,-1.6652],[131.9734,-2.116],[132.219,-2.3443],[132.6807,-2.3814],[133.3207,-2.38],[133.855,-2.2454],[133.8836,-2.4297],[133.7808,-2.7222],[133.3213,-2.7423],[133.1208,-2.5965],[132.7187,-2.9342],[132.2019,-2.8019],[132.1772,-3.0434],[132.7493,-3.3981],[132.8956,-3.6965],[132.7128,-3.8875],[132.9316,-4.2684],[133.3955,-3.9878],[133.5632,-3.4154],[133.7627,-3.5103],[133.857,-3.7707],[134.0406,-3.9482],[134.4009,-4.0682],[134.7658,-4.0356],[134.7768,-4.3089],[135.3778,-4.5618],[135.6536,-4.593],[137.3852,-5.1231],[137.8236,-5.4272],[138.2975,-6.1889],[138.5506,-6.6523],[139.0283,-7.0199],[138.6496,-7.1415],[138.904,-7.4905],[139.1561,-7.7251],[138.958,-8.145],[139.1124,-8.3227],[139.7941,-8.2132],[139.9769,-8.2382],[140.299,-8.6443],[140.9476,-9.2739],[140.9618,-7.7274],[140.9411,-7.365],[140.7473,-6.7492],[140.9455,-6.3792],[140.8698,-2.7948]]],[[[119.6921,-0.017],[119.5782,-0.4906],[119.5972,-0.8782],[119.3963,-0.9041],[119.2048,-1.4319],[119.2471,-1.9593],[119.1746,-2.1755],[118.6836,-2.9011],[118.7964,-3.4792],[118.7914,-3.6635],[119.2257,-3.5736],[119.4611,-3.8082],[119.5045,-4.1894],[119.4462,-5.0666],[119.2946,-5.4228],[119.4768,-5.8038],[120.2481,-5.586],[120.1327,-5.2304],[120.3069,-4.8042],[120.1434,-4.3978],[120.2803,-3.6539],[120.1442,-3.0759],[120.5928,-2.8016],[120.9247,-2.8263],[120.999,-3.0486],[120.8185,-3.4875],[120.8808,-3.7162],[121.508,-4.2359],[121.3928,-4.7891],[121.6487,-4.9474],[121.8728,-4.9597],[121.9735,-4.648],[122.159,-4.5142],[122.6484,-4.5131],[122.6409,-4.2843],[122.1903,-3.8468],[122.1443,-3.6626],[122.2582,-3.2111],[121.8743,-2.6527],[121.664,-2.418],[121.2649,-2.1011],[121.2671,-1.9359],[121.5858,-2.0114],[121.7465,-1.8522],[122.2229,-1.6542],[122.7571,-1.0938],[123.0019,-1.1123],[123.2127,-1.2326],[123.25,-0.9021],[122.9815,-0.7184],[122.7392,-0.8778],[122.1589,-1.0125],[121.9954,-1.1145],[121.4611,-0.9886],[121.0554,-1.5487],[120.6884,-1.5367],[120.5066,-1.4482],[120.4075,-1.1751],[120.0218,-0.9027],[119.8727,-0.4646],[119.9568,-0.1403],[120.143,0.1905],[120.3373,0.3562],[120.8263,0.4144],[121.0851,0.3769],[122.4656,0.4053],[122.9831,0.3746],[123.2489,0.1846],[123.4718,0.1533],[124.234,0.3011],[124.4214,0.4794],[124.8574,1.0459],[125.0162,1.5419],[124.8525,1.6242],[124.4569,1.2039],[124.4322,0.956],[124.1502,0.7966],[123.8262,0.7387],[122.9925,0.775],[122.7329,0.6728],[122.1809,0.8686],[121.5912,0.8609],[121.2631,1.1017],[120.7674,1.1387],[120.4319,0.636],[120.2389,0.7881],[119.9137,0.5396],[119.6921,-0.017]]],[[[105.1848,-6.8657],[105.89,-6.9326],[106.3655,-7.0397],[106.5466,-7.16],[106.3447,-7.3702],[106.4837,-7.5034],[107.3676,-7.565],[107.7297,-7.7867],[108.1602,-7.8556],[108.6104,-7.7021],[109.0372,-7.7203],[110.0382,-7.9914],[110.4154,-8.2067],[110.7777,-8.3203],[112.4144,-8.4884],[112.8358,-8.3476],[113.0738,-8.3471],[113.7438,-8.5999],[114.1048,-8.6881],[114.0692,-8.434],[114.2522,-8.0204],[113.9484,-7.8241],[113.5587,-7.9139],[113.0727,-7.8768],[112.6784,-7.7188],[112.5009,-7.4649],[112.5366,-7.2645],[112.2748,-7.0269],[111.0447,-6.8516],[110.8146,-6.5343],[110.4915,-6.6621],[110.3959,-6.9547],[110.0273,-7.0445],[109.382,-6.9886],[109.1611,-7.0231],[108.9534,-6.9387],[108.5558,-6.9205],[108.4754,-6.6855],[108.1733,-6.3557],[107.7687,-6.4519],[107.5246,-6.3508],[107.3396,-6.1541],[106.9451,-6.026],[106.864,-6.2696],[106.628,-6.3094],[106.5213,-6.11],[106.0242,-6.0807],[105.7915,-6.2569],[105.6722,-6.4563],[105.6335,-6.7552],[105.2862,-6.7712],[105.1848,-6.8657]]],[[[123.4919,-10.3522],[123.7079,-10.3453],[124.1542,-10.2045],[124.9385,-9.5545],[125.2115,-9.3951],[126.1482,-9.0816],[126.8725,-8.8067],[127.1415,-8.5964],[127.0438,-8.4758],[126.4094,-8.5598],[125.9998,-8.6561],[125.2898,-8.7021],[125.0798,-8.7725],[124.9179,-9.0461],[124.6199,-9.2501],[123.9688,-9.5312],[123.6654,-9.748],[123.6041,-10.1295],[123.4919,-10.3522]]],[[[127.6307,-0.017],[127.6363,-0.3079],[127.8839,-0.6378],[128.2994,-1.0246],[128.3697,-0.9291],[128.0992,-0.6056],[127.9456,-0.3263],[127.8647,0.0992],[128.0374,0.3665],[128.7058,0.2091],[128.6416,0.4314],[128.1896,0.6274],[128.2626,0.7673],[128.6319,1.0223],[128.545,1.4479],[128.1022,1.1991],[128.0417,0.9638],[127.802,0.7155],[127.6889,0.925],[127.9866,1.5738],[127.7998,1.8974],[127.5686,1.5284],[127.4235,0.9816],[127.5222,0.7848],[127.4414,0.5368],[127.6307,-0.017]]],[[[122.9486,-8.3771],[122.715,-8.2931],[122.1659,-8.6343],[121.9798,-8.5503],[121.5782,-8.5893],[121.2794,-8.7171],[121.0788,-8.5714],[120.565,-8.3881],[120.3275,-8.395],[119.8525,-8.574],[119.9353,-8.9361],[120.5486,-8.9348],[120.9709,-9.0546],[121.2755,-8.9141],[121.6944,-8.9959],[122.7112,-8.5975],[122.9486,-8.3771]]],[[[130.7838,-3.879],[130.7252,-3.4851],[130.3687,-3.13],[129.7428,-2.9788],[129.5561,-2.9856],[129.1678,-3.1389],[128.9094,-2.9997],[128.1527,-2.9695],[128.0418,-3.0588],[128.376,-3.5474],[128.6529,-3.3434],[128.9146,-3.2539],[129.0307,-3.4125],[129.4867,-3.5958],[129.5949,-3.335],[129.9141,-3.3852],[130.2971,-3.6767],[130.7838,-3.879]]],[[[117.9377,-8.54],[117.8172,-8.8136],[117.5542,-8.7392],[117.5138,-8.6133],[116.9584,-8.5293],[116.6627,-8.7025],[116.6632,-9.0593],[116.9764,-9.1777],[117.2766,-9.1452],[117.8409,-8.9544],[117.9739,-8.9754],[118.658,-8.8562],[118.8726,-8.6715],[118.8633,-8.4808],[118.2671,-8.2774],[118.1301,-8.3426],[117.9479,-8.1619],[117.691,-8.2672],[117.7054,-8.4388],[117.9377,-8.54]]],[[[106.5527,-3.1752],[106.4707,-2.9212],[106.6427,-2.7111],[106.3286,-2.572],[106.0365,-2.204],[105.8963,-1.8039],[105.7224,-1.7471],[105.6557,-1.957],[105.4267,-1.7096],[105.1997,-2.1105],[105.5835,-2.205],[105.8118,-2.3824],[105.9947,-2.8904],[106.5527,-3.1752]]],[[[120.2798,-10.3782],[120.4142,-10.3525],[120.5813,-10.0978],[120.4624,-9.9265],[119.7887,-9.4576],[119.1163,-9.5226],[119.0317,-9.7707],[119.4098,-9.8716],[120.2798,-10.3782]]],[[[138.1759,-8.5535],[138.2972,-8.5405],[138.699,-8.152],[138.8948,-7.7829],[138.568,-7.523],[138.1927,-7.6764],[137.9411,-7.9947],[137.6759,-8.4592],[138.1759,-8.5535]]],[[[126.6605,-3.8752],[127.1122,-3.7217],[127.0938,-3.5184],[126.7266,-3.2332],[126.1111,-3.2981],[126.15,-3.6285],[126.4719,-3.8502],[126.6605,-3.8752]]],[[[115.0724,-8.7814],[115.2437,-8.5903],[115.5005,-8.469],[115.0844,-8.2347],[114.645,-8.331],[114.5107,-8.4521],[115.0724,-8.7814]]],[[[108.9991,0.1982],[109.1578,-0.0747],[109.0734,-0.4053],[109.4286,-0.7096],[109.1789,-0.869],[109.5998,-1.1223],[109.7828,-1.3062],[109.9409,-1.6426],[110.0659,-2.494],[110.1023,-3.0785],[110.6525,-2.9884],[110.7968,-3.1724],[111.436,-2.974],[111.5872,-2.7957],[111.7286,-3.2593],[111.7395,-3.647],[112.2456,-3.398],[112.5777,-3.4227],[112.7954,-2.971],[113.1235,-3.2436],[113.4608,-3.3827],[113.6084,-3.6111],[113.7445,-3.5981],[113.9706,-3.3625],[114.0995,-3.3495],[114.3562,-3.6032],[114.5046,-3.9651],[114.4936,-4.1558],[114.7124,-4.2062],[115.5681,-3.8039],[115.8063,-3.5365],[115.9559,-3.1993],[116.202,-2.9001],[116.2445,-2.703],[116.0408,-2.4429],[116.3491,-2.4168],[116.2455,-2.1056],[116.0463,-1.9345],[116.3842,-1.6605],[116.5789,-1.3677],[117.0456,-0.9346],[117.3703,-1.0038],[117.4298,-0.6224],[117.3182,-0.1397],[117.375,0.1973],[117.5343,0.6107],[117.8597,0.8655],[118.2183,0.7583],[118.5561,0.7463],[118.7652,0.823],[118.5173,1.1656],[117.9128,1.5901],[117.6964,1.9009],[117.8292,2.3143],[117.342,3.0249],[117.074,3.5072],[117.5802,3.5655],[117.6839,3.6292],[117.5405,3.9403],[117.5892,4.0484],[118.1124,4.1448],[118.3912,4.3742],[117.9918,4.6846],[118.1084,4.939],[118.6828,4.9149],[118.8813,4.9788],[119.0426,5.1698],[118.377,5.6385],[117.7616,5.58],[117.8665,5.9043],[117.3701,5.7889],[117.5409,6.2404],[117.5071,6.3928],[117.1681,6.6144],[117.0311,6.8365],[116.889,6.6456],[116.5956,6.8991],[116.3378,6.3585],[115.9708,5.8811],[115.7871,5.7401],[115.7173,5.4676],[115.2917,5.454],[115.2031,5.2759],[115.4178,5.1111],[115.3614,4.8759],[114.8778,4.8558],[114.7452,4.9844],[114.4503,4.5626],[114.1666,4.5112],[113.8148,4.2626],[113.4231,3.7598],[113.1875,3.6146],[112.9517,3.1552],[112.7592,3.0086],[111.6345,2.7202],[111.3718,2.5989],[110.8934,1.5113],[111.1199,1.2703],[110.8176,1.2443],[110.5486,0.726],[110.3476,0.8519],[109.932,0.1911],[108.9991,0.1982]]]]},"properties":{"NAME":"Malaysian Islamic states","ABBREVN":"Malaysian Islamic states","SUBJECTO":"Malaysian Islamic states","BORDERPRECISION":1,"PARTOF":"Malaysian Islamic states"}},
{"type":"Feature","geometry":{"type":"Polygon","coordinates":[[[41.484,41.4365],[42.2501,41.369],[42.6938,41.5637],[42.8784,41.5455],[43.9568,42.5912],[44.2972,42.6124],[44.4142,42.7294],[44.978,42.772],[45.3822,42.6231],[43.6169,43.7728],[41.3096,43.5572],[41.1226,43.0191],[41.4097,42.7882],[41.6518,42.1206],[41.6661,41.7292],[41.484,41.4365]]]},"properties":{"NAME":"Georgia","ABBREVN":"Georgia","SUBJECTO":"Georgia","BORDERPRECISION":1,"PARTOF":"Georgia"}},
{"type":"Feature","geometry":{"type":"Polygon","coordinates":[[[27.8227,56.7255],[27.9294,56.9399],[27.6334,57.0962],[27.795,57.4659],[27.5107,57.6114],[27.581,58.2311],[27.6505,58.8433],[27.6612,58.9376],[27.702,59.2975],[26.3433,59.4466],[25.7211,59.4598],[25.2483,59.3618],[24.7138,59.3518],[23.4158,59.119],[23.3608,58.7674],[23.6905,58.6655],[23.6709,58.2414],[24.0584,58.1115],[24.4968,58.2132],[24.2362,57.7282],[24.3465,57.1597],[24.1584,56.9755],[23.7678,56.8659],[23.2154,56.9807],[23.0709,57.2613],[22.5636,57.6156],[21.6773,57.4637],[21.3397,57.1771],[21.3244,56.8544],[20.9648,56.609],[20.916,56.0967],[21.0185,55.634],[21.2163,55.3437],[21.1373,54.8455],[19.9426,54.8499],[20.0057,54.5475],[19.7331,54.3103],[18.6849,54.254],[18.2817,53.3571],[18.5897,53.1004],[19.2057,53.2544],[20.0783,53.6651],[20.4282,53.7781],[21.4643,53.8191],[22.2343,54.1271],[22.1316,54.7944],[21.9263,54.9484],[22.0289,55.2564],[21.6696,55.5131],[21.3103,55.5131],[21.1418,56.1273],[21.9045,56.35],[24.715,56.3404],[25.3074,56.4885],[26.2454,55.8961],[27.3705,55.7193],[27.6508,56.28],[27.6059,56.7069],[27.8227,56.7255]]]},"properties":{"NAME":"Teutonic Knights","ABBREVN":"TeutonicLand","SUBJECTO":"Teutonic Knights","BORDERPRECISION":1,"PARTOF":"Teutonic Knights"}},
{"type":"Feature","geometry":{"type":"Polygon","coordinates":[[[30.7767,56.0721],[30.6887,55.8961],[29.9482,56.5379],[29.0595,56.5379],[28.8127,56.8835],[27.8227,56.7255],[27.6059,56.7069],[27.6508,56.28],[27.3705,55.7193],[26.2454,55.8961],[25.3074,56.4885],[24.715,56.3404],[21.9045,56.35],[21.1418,56.1273],[21.3103,55.5131],[21.6696,55.5131],[22.0289,55.2564],[21.9263,54.9484],[22.1316,54.7944],[22.2343,54.1271],[21.4643,53.8191],[20.4282,53.7781],[20.0783,53.6651],[19.2057,53.2544],[18.5897,53.1004],[18.2817,53.3571],[18.6849,54.254],[18.5132,54.3158],[18.2794,54.7241],[17.6576,54.6855],[17.7468,54.4325],[17.1114,54.13],[16.6878,54.0392],[16.6576,53.8577],[16.2038,53.7064],[16.4155,53.5249],[16.2038,53.3433],[16.0531,52.7164],[15.7602,52.5707],[15.7645,52.2655],[16.0951,52.1242],[16.8548,51.9166],[16.8548,51.6549],[17.5525,51.6549],[17.6398,51.4369],[18.1401,50.9877],[18.646,50.6445],[18.7691,50.177],[18.7963,49.7134],[18.9267,49.622],[19.3805,49.8035],[19.5621,49.5312],[19.8949,49.4707],[20.0159,49.8035],[20.6815,49.6522],[21.3169,49.864],[21.7707,49.743],[21.7707,49.5917],[23.8885,49.2589],[24.1608,48.9866],[25.6663,48.692],[25.9019,46.8763],[26.699,45.7924],[26.7308,45.4735],[26.5395,45.2504],[28.3683,45.3309],[30.8862,47.4538],[32.0074,46.9059],[32.0935,46.927],[36.0701,47.8981],[37.5018,48.4412],[37.6993,48.9349],[38.1361,49.049],[38.2917,51.2059],[37.6006,51.4034],[36.86,52.0946],[36.8243,52.3896],[36.5252,52.3646],[36.3401,51.9631],[35.7948,51.7983],[35.3495,51.9243],[34.8344,51.8419],[34.8714,51.4565],[34.1925,51.5046],[34.1167,51.2541],[33.693,51.3424],[33.5265,51.5711],[33.0499,51.3749],[32.4178,51.5553],[31.9939,51.3791],[31.5292,51.5652],[30.8541,51.5406],[30.5084,51.7964],[31.3039,52.1545],[31.8887,52.138],[31.5617,52.3979],[31.3711,53.0654],[31.6381,53.2873],[32.1498,53.0377],[32.5553,53.3192],[32.5012,53.6611],[32.635,53.9702],[32.2648,54.3167],[32.208,54.864],[31.3512,54.8244],[31.3654,54.9442],[31.0425,55.324],[31.7228,55.5494],[31.8037,56.0299],[30.9017,55.8995],[30.7767,56.0721]]]},"properties":{"NAME":"Poland-Lithuania","ABBREVN":"Pol.-Lith.","SUBJECTO":"Poland-Lithuania","BORDERPRECISION":1,"PARTOF":"Poland-Lithuania"}},
{"type":"Feature","geometry":{"type":"Polygon","coordinates":[[[18.9267,49.622],[18.5222,49.5611],[18.1145,48.8544],[17.8698,48.8],[17.3534,48.9631],[17.1903,48.4467],[17.2175,48.0662],[17.4078,47.8215],[16.7962,47.8433],[16.557,47.4954],[16.644,47.2997],[16.4483,46.93],[16.5353,46.3647],[16.4483,46.1037],[16.2091,46.1472],[16.0787,45.8863],[16.1222,45.5819],[15.4698,45.7341],[15.4236,45.4297],[14.88,45.484],[14.7985,45.8645],[14.5267,45.783],[14.3545,45.3229],[14.8154,45.0779],[14.9455,44.9266],[14.9891,44.54],[15.1495,44.2399],[15.4944,43.8884],[15.7498,44.0978],[16.1847,43.9076],[16.7015,43.8467],[16.8651,44.2447],[17.4575,44.146],[17.7538,44.3928],[18.9386,44.3928],[19.7851,44.9361],[20.2907,44.8997],[20.8008,44.9315],[23.5426,45.8561],[24.1803,45.8561],[26.5395,45.2504],[26.7308,45.4735],[26.699,45.7924],[25.9019,46.8763],[25.6663,48.692],[24.1608,48.9866],[23.8885,49.2589],[21.7707,49.5917],[21.7707,49.743],[21.3169,49.864],[20.6815,49.6522],[20.0159,49.8035],[19.8949,49.4707],[19.5621,49.5312],[19.3805,49.8035],[18.9267,49.622]]]},"properties":{"NAME":"Imperial Hungary","ABBREVN":"Hungary","SUBJECTO":"Imperial Hungary","BORDERPRECISION":1,"PARTOF":"Imperial Hungary"}},
{"type":"Feature","geometry":{"type":"Polygon","coordinates":[[[-2.1429,43.3315],[-2.1397,43.1358],[-2.5558,43.0763],[-2.6746,42.4226],[-2.1992,42.2443],[-2.318,42.066],[-2.13,41.8166],[-1.6049,41.7688],[-1.6643,42.1254],[-0.9074,42.8813],[-1.3973,43.0318],[-1.4914,43.2096],[-1.9146,43.3054],[-2.1429,43.3315]]]},"properties":{"NAME":"Navarre","ABBREVN":"Navarre","SUBJECTO":"Navarre","BORDERPRECISION":1,"PARTOF":"Navarre"}},
{"type":"Feature","geometry":{"type":"Polygon","coordinates":[[[-8.8061,41.8892],[-8.1573,42.087],[-7.9186,41.8892],[-7.0984,41.868],[-6.7087,41.96],[-6.5184,41.7491],[-6.1395,41.5264],[-6.2411,41.3205],[-6.7966,41.0928],[-6.8842,40.214],[-6.8783,39.7024],[-7.431,39.5205],[-6.9334,38.9613],[-7.3173,38.4996],[-7.3939,38.295],[-7.0281,38.2396],[-6.8448,38.1002],[-7.2425,37.8109],[-7.4915,37.2082],[-7.2278,37.2259],[-6.6322,37.0218],[-6.4217,36.7922],[-6.444,36.6232],[-6.2045,36.2821],[-5.6606,36.008],[-5.3867,36.11],[-5.2167,36.4096],[-4.7573,36.4861],[-4.4466,36.722],[-2.9698,36.7411],[-2.6243,36.8113],[-2.2388,36.7284],[-1.9405,36.9516],[-2.1493,37.233],[-1.921,37.6514],[-2.0352,37.8416],[-1.6548,37.9177],[-1.6548,38.1839],[-1.8069,38.26],[-1.8069,38.5262],[-2.0352,38.6023],[-2.0352,39.2489],[-1.8069,39.4772],[-1.9971,39.5913],[-1.8069,39.8575],[-1.9971,40.0857],[-2.3014,40.2379],[-2.3014,40.39],[-1.921,40.6182],[-2.0352,41.2268],[-2.3014,41.2649],[-2.1493,41.4931],[-2.13,41.8166],[-2.318,42.066],[-2.1992,42.2443],[-2.6746,42.4226],[-2.5558,43.0763],[-2.1397,43.1358],[-2.1429,43.3315],[-2.3674,43.3262],[-2.7684,43.5379],[-3.0072,43.5503],[-3.417,43.3757],[-3.8476,43.4392],[-4.8023,43.4694],[-5.5374,43.5775],[-5.9797,43.7054],[-6.4676,43.5627],[-7.1513,43.5549],[-7.6363,43.7214],[-7.9795,43.7401],[-8.2202,43.6172],[-8.3104,43.353],[-9.0136,43.2809],[-9.2708,43.0487],[-9.2469,42.9008],[-8.9417,42.8242],[-8.6441,42.4197],[-8.8605,42.0145],[-8.8061,41.8892]]]},"properties":{"NAME":"Castille","ABBREVN":"Castille","SUBJECTO":"Castille","BORDERPRECISION":1,"PARTOF":"Castille"}},
{"type":"Feature","geometry":{"type":"Polygon","coordinates":[[[-2.193,35.0542],[-2.8299,35.1421],[-3.009,35.39],[-3.4408,35.1663],[-4.0279,35.1332],[-4.593,35.1512],[-5.1718,35.4238],[-5.565,35.8623],[-5.9288,35.7279],[-6.302,34.8614],[-6.5115,34.4543],[-7.004,33.875],[-7.3326,33.6964],[-8.3144,33.3385],[-4.8879,32.4024],[-4.0511,32.2883],[-2.8719,32.2883],[-1.8022,32.4272],[-1.6102,33.0485],[-1.6811,33.2578],[-1.664,34.2051],[-1.7382,34.6051],[-2.0766,34.8257],[-2.193,35.0542]]]},"properties":{"NAME":"Wattasid Caliphate","ABBREVN":"Wattasid C.","SUBJECTO":"Wattasid Caliphate","BORDERPRECISION":1,"PARTOF":"Wattasid Caliphate"}},
{"type":"Feature","geometry":{"type":"Polygon","coordinates":[[[6.5029,32.7326],[6.923,36.8178],[6.3229,37.0906],[6.0474,36.8416],[5.3827,36.6745],[5.1445,36.6677],[4.3946,36.8382],[3.7412,36.8369],[3.3238,36.6512],[3.07,36.6189],[2.8099,36.7139],[2.5244,36.5732],[1.0576,36.4619],[0.7812,36.3849],[0.1987,36.0333],[-0.0917,35.7398],[-0.4288,35.8601],[-1.1467,35.6294],[-1.4951,35.2339],[-1.7383,35.1188],[-2.193,35.0542],[-2.0766,34.8257],[-1.7382,34.6051],[-1.664,34.2051],[-1.6811,33.2578],[-1.6102,33.0485],[-1.8022,32.4272],[-1.0813,32.4539],[2.4531,32.6687],[5.6813,32.8154],[6.5029,32.7326]]]},"properties":{"NAME":"Zayyanid Caliphate","ABBREVN":"Zayyanid C.","SUBJECTO":"Zayyanid Caliphate","BORDERPRECISION":1,"PARTOF":"Zayyanid Caliphate"}},
{"type":"Feature","geometry":{"type":"Polygon","coordinates":[[[12.117,32.8785],[11.2089,33.2515],[11.0991,33.5372],[10.7781,33.473],[10.4126,33.6311],[10.0195,34.0815],[10.1164,34.2342],[10.574,34.6481],[10.8394,34.8012],[11.1251,35.2406],[10.989,35.6223],[10.6026,35.8889],[10.5092,36.2136],[10.6334,36.424],[10.9201,36.6539],[11.0394,36.909],[10.8433,36.9915],[10.5806,36.7934],[10.2715,36.7546],[10.1327,37.1047],[9.7322,37.2824],[9.4161,37.2754],[8.6367,36.8853],[7.9132,36.7752],[7.5449,37.0421],[7.307,37.0608],[6.923,36.8178],[6.5029,32.7326],[7.8923,32.5926],[12.5327,30.8049],[12.4134,32.4643],[12.117,32.8785]]]},"properties":{"NAME":"Hafsid Caliphate","ABBREVN":"Hafsid Cal.","SUBJECTO":"Hafsid Caliphate","BORDERPRECISION":1,"PARTOF":"Hafsid Caliphate"}},
{"type":"Feature","geometry":{"type":"MultiPolygon","coordinates":[[[[35.1899,24.3999],[34.5148,25.5739],[34.1042,26.3545],[33.9288,26.5638],[33.8041,26.9321],[33.5669,27.37],[33.3542,27.9095],[32.9347,28.3788],[32.6493,28.7658],[32.3185,29.5402],[32.4384,29.7755],[32.648,29.8522],[32.9438,29.1984],[33.1785,28.9956],[33.3307,28.5512],[33.5041,28.3292],[34.058,27.7903],[34.322,27.829],[34.5489,28.7316],[34.7643,29.2467],[35.0955,29.3427],[34.8856,28.3575],[34.7639,28.0967],[35.1116,28.0721],[35.4365,27.7297],[35.8311,27.0952],[36.3122,26.4227],[36.6693,26.0168],[37.2183,25.1666],[37.2685,24.9698],[37.2015,24.6583],[37.5572,24.2715],[37.9884,24.1136],[38.3294,23.8347],[38.9151,22.8702],[39.1022,22.4004],[39.1667,21.2188],[39.7641,20.4068],[40.6938,19.8687],[40.8198,19.6847],[41.9226,20.7665],[41.8125,21.7126],[41.138,22.4064],[40.1798,24.028],[39.0742,25.5021],[37.4209,27.8341],[36.5935,29.7873],[36.5248,31.1615],[37.2119,33.5665],[38.0364,34.5972],[38.9061,36.0056],[38.0999,35.9964],[38.3947,36.586],[37.9525,37.102],[37.9525,37.3231],[38.9844,37.6179],[39.2055,38.2076],[38.6097,38.368],[36.4944,37.3692],[36.7893,37.0006],[35.8909,36.7711],[36.0953,36.4825],[35.7086,36.2122],[35.8559,35.8345],[35.6073,35.4175],[35.7964,35.2707],[35.8414,35.0426],[35.7508,34.7468],[35.8731,34.4223],[35.5321,34.1187],[35.4919,33.8308],[35.089,33.0693],[34.8429,32.6707],[34.7585,32.3007],[34.5007,31.6211],[34.1953,31.2381],[33.917,31.0701],[33.5576,30.9677],[33.0214,31.1321],[32.7687,30.9516],[32.3094,31.084],[32.0765,31.0137],[31.8081,31.1783],[31.7174,31.3878],[30.996,31.4689],[30.0991,31.2319],[29.6831,31.0532],[29.2488,30.7537],[28.9664,30.7848],[28.5172,30.9618],[27.9194,30.9987],[27.7633,31.1826],[26.1433,31.4906],[25.2582,31.4379],[24.9822,31.647],[24.8159,31.9072],[24.0344,31.9373],[23.714,32.0764],[23.1533,32.1388],[23.0073,32.4816],[22.5431,32.7221],[22.216,32.7913],[21.6734,32.8156],[21.0545,32.6301],[20.3657,32.2982],[20.0684,32.0371],[19.9416,31.6112],[20.1168,30.9571],[19.9815,30.7217],[19.6639,30.4415],[19.3228,30.2565],[18.915,30.2049],[17.9572,30.7684],[17.4216,30.996],[16.7825,31.1281],[16.3184,31.1653],[15.8433,31.285],[15.5334,31.5512],[15.3581,31.805],[15.2414,32.1733],[15.0098,32.3634],[14.4334,32.4639],[14.157,32.6794],[13.1871,32.7918],[12.5648,32.7396],[12.117,32.8785],[12.4134,32.4643],[12.5327,30.8049],[17.002,28.751],[21.6791,28.0819],[25.4382,28.0082],[27.4283,27.1974],[29.3447,24.028],[30.8189,23.6594],[32.5142,23.7331],[35.1899,24.3999]]],[[[38.5275,18.1613],[38.3067,18.2498],[37.3982,18.915],[37.2546,19.6517],[37.165,20.7643],[36.6953,20.3983],[35.96,19.418],[36.4502,18.0701],[37.4305,17.7025],[38.5275,18.1613]]]]},"properties":{"NAME":"Mamluke Sultanate","ABBREVN":"Mamluke Sul.","SUBJECTO":"Mamluke Sultanate","BORDERPRECISION":1,"PARTOF":"Mamluke Sultanate"}},
{"type":"Feature","geometry":{"type":"Polygon","coordinates":[[[24.7156,35.0348],[24.6935,34.9405],[25.8987,35.0453],[26.1605,35.0243],[26.236,35.2288],[25.789,35.137],[25.5116,35.2948],[24.7686,35.428],[24.3883,35.373],[23.8795,35.5524],[23.5294,35.5696],[23.5677,35.255],[24.3244,35.2078],[24.7156,35.0348]]]},"properties":{"NAME":null,"ABBREVN":null,"SUBJECTO":null,"BORDERPRECISION":1,"PARTOF":null}},
{"type":"Feature","geometry":{"type":"Polygon","coordinates":[[[43.4967,9.7286],[44.2808,10.3965],[43.7886,10.9419],[43.3681,11.4556],[43.1036,11.5313],[42.6688,11.5113],[42.81,11.7785],[41.654,11.3502],[41.5066,10.7605],[42.0225,10.3919],[42.4648,9.5074],[43.4967,9.7286]]]},"properties":{"NAME":"Adal","ABBREVN":"Adal","SUBJECTO":"Adal","BORDERPRECISION":1,"PARTOF":"Adal"}},
{"type":"Feature","geometry":{"type":"Polygon","coordinates":[[[42.4648,9.5074],[42.0225,10.3919],[41.5066,10.7605],[40.9169,10.9079],[40.6958,11.2764],[41.2118,11.8661],[41.4329,12.7506],[41.138,13.8562],[39.4428,14.9619],[38.8531,15.6252],[38.1897,15.6252],[37.4526,15.4041],[36.4207,14.8882],[35.6099,12.2347],[35.4625,9.5812],[35.6099,8.107],[35.9785,7.4436],[38.116,6.4854],[38.3187,6.4961],[39.5165,6.5591],[40.1061,6.854],[42.17,7.1488],[42.4648,9.5074]]]},"properties":{"NAME":"Ethiopia","ABBREVN":"Ethiopia","SUBJECTO":"Ethiopia","BORDERPRECISION":1,"PARTOF":"Ethiopia"}},
{"type":"Feature","geometry":{"type":"Polygon","coordinates":[[[33.6935,16.436],[34.2095,17.2468],[33.9146,17.9839],[33.0301,18.2787],[31.9245,17.7628],[31.6297,17.3942],[31.7034,16.5097],[32.1456,16.2886],[33.2513,16.5097],[33.6935,16.436]]]},"properties":{"NAME":"Alwa","ABBREVN":"Alwa","SUBJECTO":"Alwa","BORDERPRECISION":1,"PARTOF":"Alwa"}},
{"type":"Feature","geometry":{"type":"Polygon","coordinates":[[[32.1456,16.2886],[31.8508,14.8882],[31.7771,12.3821],[32.3668,10.9816],[33.6198,10.9816],[34.578,12.7506],[34.578,13.5614],[34.2095,15.6989],[33.6935,16.436],[33.2513,16.5097],[32.1456,16.2886]]]},"properties":{"NAME":"Funj","ABBREVN":"Funj","SUBJECTO":"Funj","BORDERPRECISION":1,"PARTOF":"Funj"}},
{"type":"Feature","geometry":{"type":"Polygon","coordinates":[[[28.018,-21.2289],[28.0917,-22.7768],[28.6445,-24.9143],[29.3816,-25.8725],[30.4135,-25.8725],[31.3717,-25.2828],[33.0577,-23.0817],[33.3602,-20.8428],[33.3953,-20.5834],[33.4006,-20.5437],[33.6567,-18.6491],[33.3556,-16.5389],[32.9564,-16.0693],[31.6297,-16.0693],[30.0818,-16.3641],[28.9025,-18.2069],[28.1654,-19.681],[28.018,-21.2289]]]},"properties":{"NAME":"Mwenemutapa","ABBREVN":"Mwenemutapa","SUBJECTO":"Mwenemutapa","BORDERPRECISION":1,"PARTOF":"Mwenemutapa"}},
{"type":"Feature","geometry":{"type":"Polygon","coordinates":[[[16.1956,-9.1211],[15.5183,-9.1776],[15.3207,-9.3469],[15.2361,-9.8831],[15.4618,-10.1089],[15.6594,-10.1936],[16.1956,-10.1936],[16.4496,-10.0807],[16.5907,-9.8831],[16.5907,-9.4598],[16.4214,-9.234],[16.1956,-9.1211]]]},"properties":{"NAME":"Ndongo","ABBREVN":"Ndongo","SUBJECTO":"Ndongo","BORDERPRECISION":1,"PARTOF":"Ndongo"}},
{"type":"Feature","geometry":{"type":"Polygon","coordinates":[[[3.9495,6.5794],[4.0721,6.4398],[4.6341,6.2123],[4.8863,6.0031],[5.1529,5.6415],[5.4482,5.4769],[5.333,5.2479],[5.4195,4.9558],[5.6066,4.6321],[6.0888,4.3281],[6.764,5.8265],[6.8997,6.1278],[7.3654,6.9396],[7.3654,7.9129],[6.8788,8.6429],[5.3376,8.724],[4.8234,7.9295],[3.9495,6.5794]]]},"properties":{"NAME":"Benin","ABBREVN":"Benin","SUBJECTO":"Benin","BORDERPRECISION":1,"PARTOF":"Benin"}},
{"type":"Feature","geometry":{"type":"Polygon","coordinates":[[[5.3376,8.724],[4.8494,9.4889],[4.3208,9.8023],[3.2151,9.876],[2.3307,9.5812],[1.9621,8.8441],[1.9621,8.4018],[2.6255,7.8122],[3.3626,7.6647],[4.2471,7.6647],[4.8234,7.9295],[5.3376,8.724]]]},"properties":{"NAME":"Oyo","ABBREVN":"Oyo","SUBJECTO":"Oyo","BORDERPRECISION":1,"PARTOF":"Oyo"}},
{"type":"Feature","geometry":{"type":"Polygon","coordinates":[[[-3.9416,5.266],[-3.1346,5.1406],[-3.0271,5.268],[-2.7165,5.0399],[-2.0312,4.6982],[-1.6002,4.9533],[-1.1761,5.1385],[-0.6078,5.3177],[0.0898,5.656],[0.5361,5.7205],[-0.3966,6.1169],[-1.1336,6.2643],[-1.797,6.2643],[-2.9026,6.1169],[-3.4923,5.8957],[-3.9416,5.266]]]},"properties":{"NAME":"Akan","ABBREVN":"Akan","SUBJECTO":"Akan","BORDERPRECISION":1,"PARTOF":"Akan"}},
{"type":"Feature","geometry":{"type":"Polygon","coordinates":[[[-9.389,12.2347],[-8.7256,11.645],[-6.8829,12.3084],[-5.0949,12.8493],[-3.7134,14.1511],[-2.5341,15.0356],[-1.9444,15.183],[-0.8388,15.183],[-0.1017,14.5933],[1.1299,12.7118],[1.9315,12.3258],[2.7445,12.4736],[3.394,13.1231],[3.5575,13.2866],[3.4097,14.0996],[1.1925,17.0559],[-0.3966,18.9421],[-1.5759,19.3844],[-3.6397,19.0158],[-5.9026,17.7949],[-8.2096,15.183],[-8.9467,13.9299],[-9.389,12.2347]]]},"properties":{"NAME":"Songhai","ABBREVN":"Songhai","SUBJECTO":"Songhai","BORDERPRECISION":1,"PARTOF":"Songhai"}},
{"type":"Feature","geometry":{"type":"Polygon","coordinates":[[[-16.0557,18.6739],[-15.9827,18.1784],[-16.1255,17.3011],[-16.3788,16.7159],[-16.4501,16.1184],[-16.6003,15.7495],[-16.8648,15.2977],[-17.1902,14.9602],[-17.4332,14.8072],[-17.0501,14.5856],[-16.6967,14.0779],[-16.6404,13.8429],[-16.4709,13.7225],[-14.2537,13.4877],[-12.7058,12.0135],[-11.7476,11.4239],[-10.9487,11.4269],[-9.389,12.2347],[-8.9467,13.9299],[-8.2096,15.183],[-5.9026,17.7949],[-7.104,18.4261],[-9.0941,18.6473],[-12.0425,18.4261],[-16.0557,18.6739]]]},"properties":{"NAME":"Mali","ABBREVN":"Mali","SUBJECTO":"Mali","BORDERPRECISION":1,"PARTOF":"Mali"}},
{"type":"Feature","geometry":{"type":"Polygon","coordinates":[[[1.9315,12.3258],[1.1299,12.7118],[-0.1017,14.5933],[-0.8388,15.183],[-1.9444,15.183],[-2.5341,15.0356],[-3.7134,14.1511],[-5.0949,12.8493],[-6.8829,12.3084],[-8.7256,11.645],[-9.389,12.2347],[-10.9487,11.4269],[-11.7476,11.4239],[-12.7058,12.0135],[-14.2537,13.4877],[-16.4709,13.7225],[-16.4943,13.4747],[-16.7671,13.3597],[-16.7255,12.7878],[-16.7721,12.5971],[-16.5706,12.3115],[-16.279,12.2105],[-16.086,11.9694],[-15.8086,11.8429],[-15.3254,11.9266],[-15.099,11.8127],[-15.158,11.8761],[-6.8291,10.1129],[-3.477,10.2894],[-1.36,10.8186],[-1.1726,10.8476],[-0.6396,11.2238],[1.6017,12.4846],[1.9315,12.3258]],[[-1.1726,10.8476],[-3.1681,10.9215],[-3.8332,12.6953],[-3.0202,13.6561],[-1.6899,13.8039],[-0.064,13.2866],[0.0839,11.7345],[-1.1726,10.8476]]]},"properties":{"NAME":null,"ABBREVN":null,"SUBJECTO":null,"BORDERPRECISION":1,"PARTOF":null}},
{"type":"Feature","geometry":{"type":"Polygon","coordinates":[[[3.5575,12.178],[4.6661,11.5128],[7.1834,11.0492],[9.0086,10.9524],[9.8489,10.9079],[10.7265,11.2911],[10.07,14.2248],[9.1118,14.5196],[8.301,14.5196],[6.9572,14.2474],[3.7792,13.6561],[3.5575,12.178]]]},"properties":{"NAME":"Hausa States","ABBREVN":"Hausa States","SUBJECTO":"Hausa States","BORDERPRECISION":1,"PARTOF":"Hausa States"}},
{"type":"Feature","geometry":{"type":"MultiPolygon","coordinates":[[[[8.3581,3.0883],[8.5763,3.0665],[8.8272,3.6119],[8.4781,3.5574],[8.3581,3.3174],[8.3581,3.0883]]],[[[10.07,14.2248],[10.7265,11.2911],[12.355,11.2027],[14.7126,12.507],[15.8193,13.1192],[15.8193,14.2985],[15.0085,15.0356],[13.3133,20.9729],[12.4287,21.0059],[11.9864,20.3426],[11.7653,16.2149],[10.8071,14.5933],[10.07,14.2248]]]]},"properties":{"NAME":"Bornu-Kanem","ABBREVN":"Bornu","SUBJECTO":"Bornu-Kanem","BORDERPRECISION":1,"PARTOF":"Bornu-Kanem"}},
{"type":"Feature","geometry":{"type":"Polygon","coordinates":[[[46.8777,13.4739],[46.7113,13.9357],[46.3353,14.0968],[46.6594,15.4248],[46.2769,17.1178],[45.2404,17.6937],[42.7637,16.6455],[42.8839,15.9849],[42.7635,15.667],[42.7959,15.4701],[43.2069,14.0795],[43.3476,13.851],[43.384,13.5652],[43.3028,13.241],[43.4836,12.93],[43.8406,12.6639],[44.0627,12.6136],[44.4405,12.6398],[44.6811,12.8246],[44.9636,12.8252],[45.396,13.0739],[45.8259,13.4052],[46.6012,13.4005],[46.8777,13.4739]]]},"properties":{"NAME":"Yemen","ABBREVN":"Yemen","SUBJECTO":"Yemen","BORDERPRECISION":1,"PARTOF":"Yemen"}},
{"type":"Feature","geometry":{"type":"Polygon","coordinates":[[[46.6594,15.4248],[46.3353,14.0968],[46.7113,13.9357],[46.8777,13.4739],[47.3696,13.6691],[48.0362,14.0454],[48.5367,14.0464],[48.9604,14.2189],[49.3338,14.6327],[50.2911,14.9588],[51.3126,15.2469],[51.9504,15.5405],[52.1352,15.6871],[52.2376,16.1003],[52.6522,16.4887],[52.8943,16.61],[54.0843,17.0191],[54.4069,17.0452],[54.9106,16.9701],[55.1948,17.1486],[55.2904,17.6761],[55.5611,17.9372],[56.2576,17.9768],[56.5494,18.2188],[56.7389,18.6894],[57.1862,18.9381],[57.8386,19.0348],[57.7784,19.3142],[57.8061,20.172],[57.9313,20.4009],[58.4031,20.3575],[58.512,20.4212],[58.8614,21.1145],[59.2588,21.4774],[59.5357,21.8021],[59.8373,22.2792],[58.1803,21.8492],[56.9458,20.6359],[53.955,19.7296],[50.5111,17.1467],[47.8376,16.4217],[46.6594,15.4248]]]},"properties":{"NAME":"Hadramaut","ABBREVN":"Hadramaut","SUBJECTO":"Hadramaut","BORDERPRECISION":1,"PARTOF":"Hadramaut"}},
{"type":"Feature","geometry":{"type":"Polygon","coordinates":[[[59.8373,22.2792],[59.8257,22.3745],[59.4614,22.5389],[59.2543,22.729],[58.6285,23.4583],[58.0807,23.5016],[57.1462,23.9825],[56.7942,24.2676],[56.4054,24.8195],[56.366,25.4547],[56.1613,25.4733],[56.405,25.8614],[56.3671,26.2361],[56.0155,25.7716],[55.5305,25.373],[55.4572,25.4202],[54.7708,24.7335],[54.5922,24.3773],[54.3471,24.1545],[53.6868,23.9875],[53.0757,24.0872],[52.9394,24.0244],[52.383,24.1082],[52.2546,23.9875],[51.9456,23.9455],[51.5859,24.0032],[51.2878,24.4108],[51.5589,24.8157],[51.5391,25.4202],[51.5867,25.6091],[51.3577,26.029],[51.0688,25.9455],[50.8473,25.2652],[50.9649,24.7127],[50.9683,24.4362],[50.5688,23.8545],[53.9932,23.1066],[56.4118,23.4521],[57.621,22.7046],[58.1803,21.8492],[59.8373,22.2792]]]},"properties":{"NAME":"Muscat","ABBREVN":"Muscat","SUBJECTO":"Muscat","BORDERPRECISION":1,"PARTOF":"Muscat"}},
{"type":"Feature","geometry":{"type":"Polygon","coordinates":[[[40.8198,19.6847],[41.033,19.2849],[41.3992,18.4406],[41.6286,18.0472],[42.0094,17.7367],[42.5353,17.0707],[42.7637,16.6455],[45.2404,17.6937],[46.2769,17.1178],[46.6594,15.4248],[47.8376,16.4217],[50.5111,17.1467],[53.955,19.7296],[56.9458,20.6359],[58.1803,21.8492],[57.621,22.7046],[56.4118,23.4521],[53.9932,23.1066],[50.5688,23.8545],[50.9683,24.4362],[50.7783,24.4709],[50.6065,24.6802],[50.6189,24.8709],[50.4292,25.184],[50.3819,25.4612],[50.1469,25.5356],[49.9369,25.9558],[50.0762,26.3118],[49.9342,26.4831],[50.1218,26.7376],[49.9314,26.9341],[49.5325,27.0095],[49.1519,27.3725],[49.1319,27.536],[48.855,27.5227],[48.7517,27.8719],[48.5875,28.0939],[48.1291,29.2682],[47.8036,29.1849],[47.614,29.2722],[47.8449,29.5032],[46.9051,29.4376],[45.8697,29.856],[44.839,29.9934],[44.0832,30.337],[40.0291,34.391],[39.342,34.5972],[38.0364,34.5972],[37.2119,33.5665],[36.5248,31.1615],[36.5935,29.7873],[37.4209,27.8341],[39.0742,25.5021],[40.1798,24.028],[41.138,22.4064],[41.8125,21.7126],[41.9226,20.7665],[40.8198,19.6847]]]},"properties":{"NAME":"Arabs","ABBREVN":"Arabs","SUBJECTO":"Arabs","BORDERPRECISION":1,"PARTOF":"Arabs"}},
{"type":"Feature","geometry":{"type":"Polygon","coordinates":[[[38.0364,34.5972],[39.342,34.5972],[40.0291,34.391],[44.0832,30.337],[44.839,29.9934],[45.8697,29.856],[46.9051,29.4376],[47.8449,29.5032],[47.996,29.4903],[47.9114,29.8903],[48.7138,30],[48.9457,30.3879],[49.2222,30.4775],[49.3214,30.1029],[49.7178,30.0021],[50.1324,30.0664],[50.3598,29.7429],[50.7047,29.4006],[50.7968,29.0133],[51.3501,28.0361],[51.6113,27.827],[51.9616,27.7769],[52.4104,27.581],[52.8908,27.0523],[53.3807,26.9096],[53.6339,26.7479],[54.0649,26.7014],[54.6461,26.3913],[54.9255,26.538],[55.0981,26.7374],[55.3401,26.7994],[55.4249,26.9631],[55.8053,27.0051],[55.8997,27.1048],[56.4309,27.1066],[56.7904,26.9739],[56.9291,26.7519],[56.935,26.4645],[57.2548,25.7933],[57.8051,25.6483],[57.9005,25.5409],[58.7444,25.536],[59.0315,25.3079],[59.3021,25.3402],[60.4796,25.2982],[59.9837,26.5119],[59.1804,28.4781],[57.1903,30.7631],[53.9845,36.7819],[53.7997,36.679],[53.139,36.6435],[51.7955,36.4323],[51.417,36.4557],[50.561,36.6864],[50.2522,36.8948],[50.0387,37.2247],[49.4758,37.2916],[48.8372,37.511],[48.7448,37.727],[48.825,38.3096],[49.0521,38.9319],[49.0414,39.1447],[49.3393,39.283],[49.5414,39.8786],[49.5733,40.1765],[49.9137,40.3254],[50.3073,40.3254],[50.1902,40.5701],[49.8073,40.5807],[49.3499,40.953],[49.2435,41.2934],[48.8925,41.687],[48.5004,41.9287],[48.4195,42.0905],[47.7901,42.8548],[47.5653,43.0077],[47.6013,43.3224],[47.4934,43.5832],[47.1948,43.3759],[47.2486,42.7849],[48.2237,41.4711],[47.9883,41.2189],[47.3501,41.304],[47.3501,41.4423],[46.914,41.7508],[46.4991,41.9636],[46.0417,42.0487],[45.7545,42.2508],[45.8077,42.538],[45.3822,42.6231],[44.978,42.772],[44.4142,42.7294],[44.2972,42.6124],[43.9568,42.5912],[42.8784,41.5455],[42.6938,41.5637],[42.2501,41.369],[41.484,41.4365],[41.2118,40.2438],[39.1479,38.6222],[38.6097,38.368],[39.2055,38.2076],[38.9844,37.6179],[37.9525,37.3231],[37.9525,37.102],[38.3947,36.586],[38.0999,35.9964],[38.9061,36.0056],[38.0364,34.5972]]]},"properties":{"NAME":"Emirate of the White Sheep Turks","ABBREVN":"Turks","SUBJECTO":"Emirate of the White Sheep Turks","BORDERPRECISION":1,"PARTOF":"Emirate of the White Sheep Turks"}},
{"type":"Feature","geometry":{"type":"Polygon","coordinates":[[[69.1072,22.8989],[69.0126,24.633],[69.3522,26.1932],[70.1344,28.1044],[71.7846,29.9523],[72.8165,31.0579],[71.4897,31.2053],[70.3416,31.3842],[70.2423,31.1351],[69.5685,29.9559],[68.5659,29.1026],[66.9935,27.741],[65.5194,26.9302],[60.9283,26.5833],[59.9837,26.5119],[60.4796,25.2982],[60.8583,25.0957],[61.344,25.0269],[61.8133,25.0533],[62.4496,25.1626],[63.4035,25.1646],[63.6503,25.3366],[64.0592,25.401],[64.2383,25.2108],[64.425,25.1731],[65.7688,25.3093],[66.3001,25.4947],[66.6205,25.3175],[66.7005,25.1144],[66.7017,24.7523],[66.9995,24.7148],[67.2042,24.5882],[67.3159,24.0929],[67.6923,23.8142],[68.047,23.7641],[68.3729,23.3264],[68.7908,23.0287],[69.1072,22.8989]]]},"properties":{"NAME":"Islamic states","ABBREVN":"Islamic states","SUBJECTO":"Islamic states","BORDERPRECISION":1,"PARTOF":"Islamic states"}},
{"type":"Feature","geometry":{"type":"Polygon","coordinates":[[[72.8165,31.0579],[73.5536,30.9842],[74.5855,30.6894],[74.7329,28.9941],[74.8803,27.9622],[75.6375,27.775],[76.4282,27.5199],[77.7718,25.6437],[78.2771,24.2962],[78.9509,23.9593],[80.9244,23.6871],[82.546,23.2448],[83.7253,23.6871],[83.6516,23.9082],[82.6934,24.2767],[82.546,24.7927],[83.1356,24.7927],[84.9783,24.203],[85.2732,24.203],[85.7891,25.6772],[86.2314,27.0039],[83.74,28.2048],[80.054,29.9815],[77.5338,32.0898],[77.239,33.1217],[77.3127,34.0062],[77.9776,34.8731],[75.9133,34.9299],[74.6592,34.9644],[72.0265,35.608],[70.3416,31.3842],[71.4897,31.2053],[72.8165,31.0579]]]},"properties":{"NAME":"Sultanate of Delhi","ABBREVN":"Delhi","SUBJECTO":"Sultanate of Delhi","BORDERPRECISION":1,"PARTOF":"Sultanate of Delhi"}},
{"type":"Feature","geometry":{"type":"Polygon","coordinates":[[[85.3791,19.6054],[86.1192,19.8065],[86.6324,20.2036],[86.6379,20.3191],[86.9261,20.6913],[86.7962,21.1357],[86.9372,21.2884],[87.6407,21.5631],[87.8675,21.697],[88.053,21.9387],[88.2479,21.5961],[88.3771,21.5773],[88.5676,21.8954],[88.7235,21.54],[88.8809,21.5149],[89.0723,21.7743],[89.2339,21.6554],[89.4566,21.9417],[89.579,21.7006],[90,21.9303],[90,22.561],[91.0814,22.5613],[91.4102,22.7208],[91.7166,24.0933],[92.034,25.4262],[91.5468,26.2851],[91.0224,26.4143],[88.6637,26.4143],[86.2314,27.0039],[85.7891,25.6772],[85.2732,24.203],[84.9783,24.203],[83.1356,24.7927],[82.546,24.7927],[82.6934,24.2767],[83.6516,23.9082],[83.7253,23.6871],[82.546,23.2448],[84.3039,20.7519],[84.6843,20.2125],[85.3791,19.6054]]]},"properties":{"NAME":"Bengal","ABBREVN":"Bengal","SUBJECTO":"Bengal","BORDERPRECISION":1,"PARTOF":"Bengal"}},
{"type":"Feature","geometry":{"type":"Polygon","coordinates":[[[77.9776,34.8731],[77.3127,34.0062],[77.239,33.1217],[77.5338,32.0898],[80.054,29.9815],[83.74,28.2048],[86.2314,27.0039],[88.6637,26.4143],[91.0224,26.4143],[91.5468,26.2851],[92.4015,26.5842],[94.3244,26.8833],[94.8371,27.567],[95.4781,27.9089],[97.3404,28.1821],[97.4785,28.3923],[97.83,28.2865],[98.0087,28.0908],[98.216,27.5461],[98.6372,27.4787],[100.6816,28.691],[102.4061,33.7207],[101.6876,36.3074],[95.5186,37.102],[91.6858,36.3649],[90,36.5123],[89.9168,35.9964],[90,35.6278],[89.9168,35.1856],[86.821,35.1119],[82.6934,34.7433],[79.4844,34.8316],[77.9776,34.8731]]]},"properties":{"NAME":"Tibet","ABBREVN":"Tibet","SUBJECTO":"Tibet","BORDERPRECISION":1,"PARTOF":"Tibet"}},
{"type":"Feature","geometry":{"type":"Polygon","coordinates":[[[125.2961,39.3643],[125.0279,38.8156],[125.2686,38.5676],[124.9294,38.4649],[124.7362,38.2798],[124.7697,37.9359],[125.077,37.7709],[125.2694,37.4847],[125.5617,37.8355],[125.7412,37.785],[125.909,37.5115],[126.2097,37.7541],[126.3919,37.6143],[126.443,37.4743],[126.7863,37.0739],[126.7996,36.9466],[126.6854,36.8382],[126.3909,36.9585],[126.2548,36.9073],[125.9603,36.7221],[126.3614,36.6275],[126.4367,36.1313],[126.6264,35.9281],[126.5248,35.737],[126.525,35.578],[126.3003,35.3677],[126.2254,35.164],[126.3601,34.6688],[126.4096,34.269],[126.6168,34.4091],[126.8245,34.4286],[127.3591,34.8042],[127.596,34.8935],[127.8405,34.9385],[128.1645,34.7995],[128.438,35.0604],[128.553,35.1052],[128.8085,35.0103],[128.9178,35.0296],[129.06,35.1698],[129.2853,35.5073],[129.4668,35.9275],[129.1775,35.9587],[129.2353,36.2451],[129.25,37.0089],[129.1293,37.3079],[128.4511,38.2554],[128.1441,38.5346],[127.956,38.6941],[127.4046,39.0753],[127.2769,39.2217],[127.4408,39.6237],[127.6715,39.8664],[128.2362,39.9696],[128.4466,40.0659],[129.177,40.6302],[129.4778,40.682],[129.6311,41.2778],[129.6413,41.6558],[125.2961,39.3643]]]},"properties":{"NAME":"Korea","ABBREVN":"Korea","SUBJECTO":"Korea","BORDERPRECISION":1,"PARTOF":"Korea"}},
{"type":"Feature","geometry":{"type":"Polygon","coordinates":[[[72.8165,31.0579],[71.7846,29.9523],[70.1344,28.1044],[69.3522,26.1932],[69.0126,24.633],[69.1072,22.8989],[69.6649,22.7892],[70.0459,22.7773],[70.3806,22.8606],[73.0376,24.203],[73.4798,22.8763],[73.7131,22.9453],[76.9282,23.8969],[78.2771,24.2962],[77.7718,25.6437],[76.4282,27.5199],[75.6375,27.775],[74.8803,27.9622],[74.7329,28.9941],[74.5855,30.6894],[73.5536,30.9842],[72.8165,31.0579]]]},"properties":{"NAME":"Rajastan","ABBREVN":"Rajastan","SUBJECTO":"Rajastan","BORDERPRECISION":1,"PARTOF":"Rajastan"}},
{"type":"Feature","geometry":{"type":"Polygon","coordinates":[[[85.3791,19.6054],[84.6843,20.2125],[84.3039,20.7519],[81.8619,18.7302],[79.3281,17.233],[79.9555,17.6037],[82.3231,17.0041],[82.5464,17.2261],[83.077,17.5004],[83.3814,17.7107],[83.6847,18.0834],[83.9877,18.2075],[84.2627,18.4558],[85.1132,19.4423],[85.3791,19.6054]]]},"properties":{"NAME":"Orissa","ABBREVN":"Orissa","SUBJECTO":"Orissa","BORDERPRECISION":1,"PARTOF":"Orissa"}},
{"type":"Feature","geometry":{"type":"Polygon","coordinates":[[[73.7131,22.9453],[73.4798,22.8763],[73.0376,24.203],[70.3806,22.8606],[70.4106,22.7526],[70.1762,22.479],[69.9685,22.3515],[69.4922,22.2488],[68.8942,22.2857],[69.1261,21.9685],[70.2099,20.948],[70.4675,20.777],[71.0244,20.6575],[71.5289,20.8237],[72.1209,21.1553],[72.289,21.5496],[72.1271,21.8287],[72.319,22.115],[72.6956,22.1285],[72.6659,21.8489],[72.7657,21.1504],[73.1129,20.8271],[73.1097,20.6873],[72.7595,20.0576],[72.8534,19.2447],[72.7892,19.8832],[73.4853,19.9066],[74.2714,21.9057],[73.7131,22.9453]]]},"properties":{"NAME":"Islamic states","ABBREVN":"Islamic states","SUBJECTO":"Islamic states","BORDERPRECISION":1,"PARTOF":"Islamic states"}},
{"type":"Feature","geometry":{"type":"Polygon","coordinates":[[[79.4319,16.0175],[77.9224,16.2456],[77.4854,16.3116],[79.4319,16.0175]]]},"properties":{"NAME":"Bahmani Kingdom","ABBREVN":"Bahmani","SUBJECTO":"Bahmani Kingdom","BORDERPRECISION":1,"PARTOF":"Bahmani Kingdom"}},
{"type":"Feature","geometry":{"type":"Polygon","coordinates":[[[73.4942,16.288],[73.8414,15.3905],[74.4015,14.4196],[74.7336,13.6834],[74.9617,12.877],[75.2109,12.1024],[75.6518,11.4235],[76.0751,10.554],[76.3853,9.7477],[76.5379,9.119],[76.7035,8.7064],[77.3414,8.0533],[77.4844,8.0282],[77.8998,8.2578],[78.1358,8.4998],[78.1811,8.8112],[78.3138,8.9958],[79.1596,9.2772],[78.9266,9.4927],[79.2225,10.1922],[79.3063,10.2559],[79.7899,10.2506],[79.8263,10.3587],[79.7107,11.4449],[79.7694,11.731],[80.2238,12.8311],[80.3199,13.3332],[80.0759,13.6694],[80.1697,13.892],[80.0894,15.1752],[80.3002,15.6457],[80.4598,15.7731],[79.4319,16.0175],[77.4854,16.3116],[76.9096,16.3116],[76.1034,15.9661],[75.0669,15.9661],[74.3759,16.3116],[73.4942,16.288]]]},"properties":{"NAME":"Vijayanagara","ABBREVN":"Vijayanagara","SUBJECTO":"Vijayanagara","BORDERPRECISION":1,"PARTOF":"Vijayanagara"}},
{"type":"Feature","geometry":{"type":"Polygon","coordinates":[[[92.8271,20.4243],[92.8807,21.902],[91.7166,24.0933],[91.4102,22.7208],[91.5711,22.5433],[91.8459,21.9087],[91.946,21.3626],[92.1763,20.8866],[92.6628,20.4049],[92.8271,20.4243]]]},"properties":{"NAME":"Arakan","ABBREVN":"Arakan","SUBJECTO":"Arakan","BORDERPRECISION":1,"PARTOF":"Arakan"}},
{"type":"Feature","geometry":{"type":"Polygon","coordinates":[[[109.0484,11.9338],[107.3845,12.3541],[106.8538,10.5758],[107.2657,10.348],[107.6729,10.5268],[108.1643,10.9662],[108.6959,11.1452],[108.8973,11.3426],[109.0734,11.6352],[109.0484,11.9338]]]},"properties":{"NAME":"Champa","ABBREVN":"Champa","SUBJECTO":"Champa","BORDERPRECISION":1,"PARTOF":"Champa"}},
{"type":"Feature","geometry":{"type":"Polygon","coordinates":[[[105.5735,17.8809],[104.8122,18.7216],[104.5277,18.9358],[103.8993,19.3131],[103.358,20.0531],[102.98,20.9665],[101.8515,20.5324],[101.6574,19.6612],[101.646,17.9987],[104.1113,17.9987],[104.933,17.4509],[105.5735,17.8809]]]},"properties":{"NAME":"Laos","ABBREVN":"Laos","SUBJECTO":"Laos","BORDERPRECISION":1,"PARTOF":"Laos"}},
{"type":"Feature","geometry":{"type":"Polygon","coordinates":[[[107.4658,20.9763],[106.2341,21.6966],[105.4124,21.902],[102.98,20.9665],[103.358,20.0531],[103.8993,19.3131],[104.5277,18.9358],[104.8122,18.7216],[105.5735,17.8809],[106.1698,17.1293],[106.4264,16.7181],[106.6382,16.4843],[107.1075,16.1696],[107.1686,15.9921],[107.0998,15.6678],[107.3381,15.4533],[107.4634,14.9968],[107.2967,14.1765],[107.3097,13.878],[107.5146,13.422],[107.4803,13.2566],[107.4823,12.5833],[107.3845,12.3541],[109.0484,11.9338],[109.0684,12.4865],[109.3071,12.9063],[109.0711,14.17],[108.9178,14.7923],[108.7861,15.0906],[108.4989,15.3631],[108.3631,15.6233],[108.2361,16.0804],[108.0953,16.2516],[107.8092,16.2827],[107.115,16.9546],[106.6223,17.3284],[106.4331,17.5503],[106.3644,18.0075],[105.5326,18.8442],[105.8434,19.7024],[105.9649,19.8805],[106.3809,20.1101],[106.7716,20.6381],[106.807,20.905],[107.3743,20.8808],[107.4658,20.9763]]]},"properties":{"NAME":"Đại Việt","ABBREVN":"Đại Việt","SUBJECTO":"Đại Việt","BORDERPRECISION":1,"PARTOF":"Đại Việt"}},
{"type":"Feature","geometry":{"type":"MultiPolygon","coordinates":[[[[114.0845,22.5283],[113.9014,22.4065],[114.3291,22.2723],[114.309,22.5535],[114.0845,22.5283]]],[[[95.5186,37.102],[101.6876,36.3074],[102.4061,33.7207],[100.6816,28.691],[98.6372,27.4787],[98.5645,24.7097],[99.5917,22.9977],[99.8412,20.4819],[100.2448,20.3839],[100.4306,20.2262],[100.4353,20.0358],[101.6574,19.6612],[101.8515,20.5324],[102.98,20.9665],[105.4124,21.902],[106.2341,21.6966],[107.4658,20.9763],[107.4178,21.1858],[107.9,21.479],[108.3873,21.5309],[108.555,21.8234],[108.813,21.4936],[109.1174,21.399],[109.3219,21.4312],[109.5161,21.5968],[109.7798,21.483],[109.6081,21.057],[109.7116,20.5682],[109.9283,20.2447],[110.2713,20.3153],[110.4337,20.4363],[110.0772,20.8675],[110.2388,21.2807],[110.5664,21.2306],[110.7496,21.3771],[111.0856,21.4794],[111.5361,21.4931],[111.8312,21.7541],[112.0395,21.6593],[112.7495,21.7561],[112.8713,22.0612],[113.0967,21.9791],[113.3777,22.1639],[113.4626,22.7739],[113.7168,22.4822],[114.5375,22.6745],[114.5587,22.4649],[114.8478,22.51],[115.3088,22.7714],[115.7067,22.6389],[115.86,22.8361],[116.3406,22.9133],[116.4039,23.1993],[116.7091,23.346],[116.9627,23.5562],[117.4059,23.6905],[117.8491,24.0471],[117.7961,24.4217],[117.9249,24.5617],[118.3456,24.4673],[118.5312,24.69],[118.8129,24.8494],[119.0959,25.4407],[119.3354,25.5301],[119.4703,25.7717],[119.436,26.0383],[119.5549,26.2672],[119.4289,26.5908],[119.857,26.706],[120.0841,26.9859],[120.3518,27.177],[120.5059,27.5901],[121.0086,28.277],[121.1659,28.1249],[121.3585,28.3857],[121.4325,28.8367],[121.6492,29.3197],[121.3619,29.4144],[121.6704,29.6245],[121.7703,29.8343],[121.3913,29.9224],[121.1552,30.1886],[120.8627,30.188],[120.4379,29.9966],[119.9437,30.1162],[120.6087,30.3462],[121.0355,30.5947],[121.5689,30.7101],[121.6402,30.9261],[121.4989,31.2814],[121.2683,31.4523],[121.6233,31.6182],[121.606,31.8276],[121.2305,32.0618],[121.0508,32.328],[120.6609,32.5431],[120.7194,32.848],[120.6406,33.0446],[120.3403,33.3361],[120.1494,33.8943],[119.9736,34.1352],[119.2999,34.5909],[119.0209,34.6919],[119.0602,35.0413],[119.6888,35.545],[119.9756,35.9336],[119.9138,36.1434],[120.1393,36.1948],[120.2697,35.9851],[120.5048,36.0556],[120.5373,36.3865],[120.8555,36.5844],[121.6099,36.8342],[121.8467,36.8602],[122.2556,36.7337],[122.3929,37.3006],[121.8948,37.376],[121.4343,37.3368],[120.6581,37.7365],[120.1694,37.5763],[119.5989,37.1166],[119.2844,37.046],[118.9546,37.0771],[118.8116,37.4461],[118.8752,37.9494],[118.7446,38.0638],[118.2003,38.0436],[117.5895,38.2845],[117.4395,38.6028],[117.7529,39.2025],[118.0699,39.2542],[118.2746,38.9996],[118.5593,39.1723],[118.9776,39.2241],[119.3855,39.8434],[119.8238,40.0422],[120.2727,40.1518],[121.0106,40.8507],[121.4267,40.8643],[121.7536,40.737],[122.0824,40.488],[122.1079,40.3537],[121.6681,39.9054],[121.2394,39.5538],[121.2822,39.3499],[121.6602,39.3315],[121.1237,38.8651],[121.4884,38.8786],[122.0275,39.2558],[123.0391,39.6722],[123.9165,39.8079],[124.1041,39.8848],[124.4428,39.573],[124.9223,39.6186],[125.2961,39.3643],[129.6413,41.6558],[129.8247,41.8614],[130.4676,42.2988],[131.0646,42.7492],[131.5842,43.2127],[131.8652,43.2904],[119.6043,42.0296],[102.9263,39.0184],[99.2776,38.9817],[95.5923,38.9447],[95.1501,37.6916],[95.5186,37.102]]]]},"properties":{"NAME":"Ming Chinese Empire","ABBREVN":"Ming Empire","SUBJECTO":"Ming Chinese Empire","BORDERPRECISION":1,"PARTOF":"Ming Chinese Empire"}},
{"type":"Feature","geometry":{"type":"Polygon","coordinates":[[[94.4649,17.2643],[95.8938,17.7933],[98.67,18.3973],[99.8412,20.4819],[99.5917,22.9977],[98.5645,24.7097],[98.6372,27.4787],[98.216,27.5461],[98.0087,28.0908],[97.83,28.2865],[97.4785,28.3923],[97.3404,28.1821],[95.4781,27.9089],[94.8371,27.567],[94.3244,26.8833],[92.4015,26.5842],[91.5468,26.2851],[92.034,25.4262],[91.7166,24.0933],[92.8807,21.902],[92.8271,20.4243],[92.8944,20.1132],[93.0656,19.9928],[93.3343,20.0252],[93.7238,19.594],[93.815,19.2576],[93.4579,19.1742],[93.839,18.9527],[94.0537,19.0611],[94.4205,18.1408],[94.4649,17.2643]]]},"properties":{"NAME":"Burmese kingdoms","ABBREVN":"Burmese kingdoms","SUBJECTO":"Burmese kingdoms","BORDERPRECISION":1,"PARTOF":"Burmese kingdoms"}},
{"type":"Feature","geometry":{"type":"Polygon","coordinates":[[[94.4649,17.2643],[94.392,16.9084],[94.1434,16.2154],[94.1444,16.0057],[94.8193,16.2105],[94.7534,15.9372],[94.9726,15.836],[95.1248,15.9951],[95.3298,15.6779],[95.5523,15.8753],[95.7138,16.1552],[96.4692,16.5126],[96.7341,16.888],[96.7704,17.3327],[96.8816,17.3457],[97.215,16.9398],[97.352,16.5272],[97.5732,16.4451],[98.67,18.3973],[95.8938,17.7933],[94.4649,17.2643]]]},"properties":{"NAME":"Pegu","ABBREVN":"Pegu","SUBJECTO":"Pegu","BORDERPRECISION":1,"PARTOF":"Pegu"}},
{"type":"Feature","geometry":{"type":"Polygon","coordinates":[[[-98.1456,16.1722],[-97.6573,17.261],[-97.0843,17.6431],[-95.1741,16.9745],[-94.1235,16.879],[-93.7414,17.1655],[-93.7849,18.3492],[-94.242,18.2402],[-94.5899,18.2712],[-95.0833,18.7024],[-95.3431,18.7718],[-95.8439,18.7961],[-96.0123,18.9293],[-96.5788,19.9197],[-96.8815,20.3577],[-97.2234,20.7638],[-97.5042,21.1892],[-97.882,22.3326],[-99.9495,22.8961],[-99.9495,19.8398],[-100.9046,19.6488],[-100.9046,18.7892],[-103.1013,19.8398],[-105.5069,20.1041],[-105.173,19.6599],[-104.9479,19.4378],[-104.1973,19.058],[-103.9749,18.8805],[-103.4939,18.3539],[-102.6682,18.095],[-101.9926,18.0265],[-101.4872,17.5763],[-101.2208,17.4179],[-100.4126,17.0573],[-99.9791,16.893],[-99.2092,16.7166],[-98.8562,16.5966],[-98.1456,16.1722]]]},"properties":{"NAME":"Aztec Empire","ABBREVN":"Aztec","SUBJECTO":"Aztec Empire","BORDERPRECISION":1,"PARTOF":"Aztec Empire"}},
{"type":"Feature","geometry":{"type":"Polygon","coordinates":[[[-95.1302,16.2995],[-95.1741,16.9745],[-97.0843,17.6431],[-97.6573,17.261],[-98.1456,16.1722],[-97.8809,16.052],[-97.2938,15.9643],[-96.7517,15.7811],[-96.3329,15.7502],[-95.9927,15.8654],[-95.1302,16.2995]]]},"properties":{"NAME":"Mixtec Empire","ABBREVN":"Mixtec","SUBJECTO":"Mixtec Empire","BORDERPRECISION":1,"PARTOF":"Mixtec Empire"}},
{"type":"Feature","geometry":{"type":"Polygon","coordinates":[[[-90,19.3815],[-89.0615,19.2667],[-88.8705,18.6937],[-89.539,17.7386],[-89.9211,16.9745],[-89.6345,16.7835],[-88.7418,16.2695],[-88.4445,16.4412],[-88.2419,17.0135],[-88.327,17.1566],[-88.2205,17.5143],[-88.3004,17.6354],[-88.1119,18.1939],[-88.1237,18.3871],[-88.3205,18.4944],[-88.3114,18.7415],[-88.1377,18.8944],[-87.8771,18.3809],[-87.6371,19.5747],[-87.8582,19.5823],[-87.6597,19.8751],[-87.6507,20.1899],[-87.5081,20.3902],[-86.9359,20.9764],[-86.9216,21.3006],[-87.2006,21.5289],[-87.5969,21.4835],[-88.3337,21.59],[-88.6011,21.564],[-89.0581,21.3978],[-89.8628,21.2499],[-90,21.1607],[-90,19.3815]]]},"properties":{"NAME":"Maya city-states","ABBREVN":"Maya","SUBJECTO":"Maya city-states","BORDERPRECISION":1,"PARTOF":"Maya city-states"}},
{"type":"Feature","geometry":{"type":"Polygon","coordinates":[[[-71.5198,-32.1812],[-71.4161,-32.7526],[-71.7504,-33.1915],[-71.6157,-33.7057],[-71.8228,-33.9347],[-71.9627,-34.2462],[-72.1666,-34.9579],[-72.33,-35.2826],[-72.6288,-35.6459],[-72.8464,-36.3592],[-73.1442,-37.1558],[-73.2779,-37.2835],[-71.0271,-37.2117],[-70.2893,-36.4739],[-69.367,-34.445],[-69.367,-32.6004],[-68.4447,-30.9404],[-68.2603,-28.5425],[-67.1536,-25.2223],[-65.4935,-19.1354],[-66.0469,-16.5531],[-67.1536,-14.7086],[-68.6292,-13.0485],[-74.3472,-12.1263],[-77.8852,-6.9773],[-77.915,-4.1935],[-78.7741,-3.6415],[-78.7741,-2.1658],[-78.4051,-0.3213],[-78.9585,0.4165],[-79.7769,0.8631],[-80.0856,0.818],[-80.0462,0.4304],[-80.109,0.049],[-80.4031,-0.2249],[-80.4823,-0.4856],[-80.3388,-0.6632],[-80.9661,-1.0331],[-80.7539,-1.452],[-80.8163,-1.8589],[-80.7412,-2.1192],[-80.961,-2.3548],[-80.7776,-2.5387],[-80.3573,-2.7284],[-79.839,-2.346],[-79.7618,-2.797],[-80.1442,-3.4142],[-80.5829,-3.6566],[-81.0418,-4.0516],[-81.3036,-4.3317],[-81.4176,-4.6751],[-81.3015,-4.9989],[-80.8762,-5.5889],[-80.8881,-5.9003],[-81.1623,-5.9136],[-81.297,-6.0409],[-80.6116,-6.3699],[-80.0659,-6.7563],[-79.7971,-7.1941],[-79.0602,-8.2155],[-78.3021,-9.6689],[-77.7587,-10.6589],[-77.6916,-10.8367],[-77.7072,-11.256],[-77.3355,-11.5094],[-76.7106,-12.7597],[-76.3592,-13.2291],[-76.238,-13.502],[-76.2418,-14.1056],[-75.7853,-14.7272],[-75.2309,-15.2216],[-74.0496,-16.045],[-73.283,-16.3674],[-71.8632,-17.1203],[-71.6119,-17.2215],[-71.4702,-17.3927],[-71.3652,-17.6974],[-71.224,-17.8051],[-70.5841,-18.0833],[-70.4539,-18.2228],[-70.296,-18.629],[-70.2085,-19.0672],[-70.1898,-19.7596],[-70.1124,-20.6934],[-70.1106,-21.7479],[-70.2339,-22.428],[-70.292,-22.9871],[-70.5732,-23.1656],[-70.5796,-23.4896],[-70.3595,-23.6607],[-70.4628,-23.9341],[-70.4977,-24.8298],[-70.3981,-25.2489],[-70.683,-25.7704],[-70.6546,-26.2595],[-70.748,-26.8759],[-70.9346,-27.7274],[-71.142,-27.9946],[-71.4301,-29.1005],[-71.2336,-29.5193],[-71.2367,-29.8496],[-71.3295,-30.1039],[-71.6816,-30.6],[-71.6954,-30.8541],[-71.5198,-32.1812]]]},"properties":{"NAME":"Inca Empire","ABBREVN":"Incas","SUBJECTO":"Inca Empire","BORDERPRECISION":1,"PARTOF":"Inca Empire"}},
{"type":"Feature","geometry":{"type":"MultiPolygon","coordinates":[[[[-65.2622,-54.8193],[-65.3477,-54.9132],[-66.6218,-55.07],[-67.1526,-54.91],[-68.3755,-54.852],[-69.214,-54.934],[-69.6717,-54.7741],[-70.4982,-54.9231],[-69.6717,-54.7741],[-69.214,-54.934],[-68.3755,-54.852],[-67.1526,-54.91],[-66.6218,-55.07],[-65.3477,-54.9132],[-65.2622,-54.8193]]],[[[-70.0425,-53.9857],[-69.8902,-54.139],[-69.3353,-54.2917],[-69.0555,-54.602],[-69.3353,-54.2917],[-69.8902,-54.139],[-70.0425,-53.9857]]],[[[-51.1168,-31.4721],[-50.8061,-31.1919],[-50.4687,-30.7402],[-49.9363,-29.6274],[-49.5465,-29.1565],[-48.9373,-28.6978],[-48.7284,-28.3671],[-48.5639,-27.6806],[-48.6026,-26.6769],[-48.7754,-26.385],[-48.6106,-26.2449],[-48.5162,-25.8763],[-48.7245,-25.4256],[-48.3444,-25.3994],[-48.1255,-25.2909],[-47.8862,-24.9855],[-46.2062,-23.8828],[-45.7953,-23.7358],[-45.4592,-23.8558],[-45.1482,-23.493],[-44.6575,-23.2633],[-44.5613,-22.9899],[-43.8152,-22.9565],[-43.6058,-23.0069],[-42.9674,-23.031],[-42.5271,-22.9538],[-41.9578,-22.9208],[-41.9292,-22.5459],[-41.5249,-22.2528],[-40.9835,-22.0864],[-41.0481,-21.6609],[-40.9328,-21.2794],[-40.4783,-20.6494],[-40.1398,-19.9752],[-39.8355,-19.7014],[-39.6913,-19.4088],[-39.8014,-18.7483],[-39.6661,-18.227],[-39.4842,-17.9978],[-39.1425,-17.7747],[-39.225,-17.4445],[-39.2077,-17.1458],[-38.9482,-16.0016],[-39.1262,-14.3245],[-39.0697,-13.7208],[-38.8279,-12.9832],[-38.7989,-12.6273],[-38.2661,-12.8867],[-37.6366,-11.9513],[-37.4097,-11.4679],[-37.3621,-11.131],[-37.1865,-10.8447],[-36.8289,-10.7359],[-36.2046,-10.1563],[-35.5986,-9.6276],[-35.3656,-9.2459],[-35.1142,-8.6607],[-35.005,-8.2792],[-34.8907,-7.6118],[-34.9184,-7.167],[-35.0391,-6.6526],[-35.3057,-5.7509],[-35.3449,-5.4777],[-35.4644,-5.2683],[-35.6648,-5.1797],[-36.6359,-5.1183],[-37.1806,-4.9543],[-37.7348,-4.5297],[-38.7864,-3.6043],[-39.0501,-3.4078],[-39.7218,-3.009],[-40.2309,-2.8512],[-41.1025,-2.9738],[-41.6056,-2.9368],[-42.3165,-2.8176],[-43.0681,-2.4507],[-43.334,-2.4322],[-43.7819,-2.6365],[-44.2221,-2.7772],[-44.5934,-3.1466],[-44.711,-2.7592],[-44.4617,-2.2694],[-44.7959,-1.7364],[-45.0756,-1.6035],[-45.3713,-1.7567],[-45.4921,-1.49],[-45.6426,-1.3633],[-46.4899,-1.0347],[-46.9283,-0.9276],[-47.2371,-0.6804],[-47.4745,-0.7699],[-48.0425,-0.8156],[-48.3895,-1.4137],[-49.2211,-2.1081],[-49.4152,-2.0959],[-49.2906,-1.7906],[-49.6223,-1.9247],[-50.3993,-1.9645],[-50.6431,-1.8825],[-50.842,-1.5143],[-50.9768,-1.1143],[-51.5678,-1.446],[-52.0216,-1.5677],[-51.7742,-0.8555],[-51.5294,-0.4292],[-51.1704,-0.0789],[-50.6468,0.2717],[-50.1201,1.0545],[-49.8843,1.2139],[-49.881,1.5761],[-49.9692,1.7284],[-50.4091,1.8228],[-50.6881,2.2162],[-50.9004,2.8385],[-51.2093,4.0707],[-51.4393,4.3244],[-51.7101,4.2285],[-52.0979,4.6915],[-52.6669,5.1796],[-53.0267,5.4267],[-53.7389,5.6476],[-54.2862,5.8815],[-54.8948,5.9946],[-55.8098,5.999],[-55.9108,5.7763],[-56.1202,5.795],[-56.7464,6.0033],[-57.0651,5.8374],[-57.4137,6.3514],[-58.0057,6.7886],[-58.3746,6.826],[-58.5751,6.9844],[-58.6166,7.4991],[-58.8811,7.7972],[-59.8344,8.4402],[-60.2125,8.5633],[-60.9567,8.5871],[-61.2706,8.5102],[-61.7647,8.5828],[-61.2899,8.7707],[-61.1211,9.1651],[-61.2899,8.7707],[-61.6958,8.6101],[-62.1278,8.6441],[-63.0652,8.3254],[-65.9654,8.1804],[-70.6818,8.5572],[-71.1817,9.2771],[-71.6047,9.0916],[-71.758,9.2502],[-71.8705,9.574],[-72.114,9.904],[-71.8959,10.4401],[-71.688,10.7693],[-71.9879,11.6076],[-71.5936,11.8436],[-71.1887,11.9116],[-71.1305,12.2132],[-71.4368,12.4223],[-71.6979,12.4281],[-72.0588,12.2366],[-72.1838,11.9885],[-72.3797,11.8101],[-72.7614,11.6949],[-73.0822,11.4463],[-73.3623,11.325],[-74.2189,11.3676],[-74.3228,10.9225],[-74.7669,11.0613],[-75.0335,10.9527],[-75.4504,10.6277],[-75.5433,10.4114],[-75.7027,9.426],[-76.1577,9.3106],[-76.3834,8.9796],[-76.7635,8.6928],[-76.8515,8.4638],[-76.7023,8.1146],[-76.8582,7.93],[-77.2417,8.4757],[-77.4947,8.6615],[-77.6775,8.961],[-77.9672,9.2146],[-78.2665,9.3855],[-78.6118,9.4801],[-79.5004,9.6384],[-80.1243,9.2239],[-80.3557,9.2031],[-80.9625,8.8649],[-81.495,8.8647],[-82.2296,9.0465],[-82.326,9.4449],[-82.752,9.7445],[-82.9615,10.0344],[-83.2041,10.2002],[-83.3772,10.4804],[-83.7466,10.8785],[-83.9141,11.2514],[-83.8831,12.1222],[-83.6881,12.9616],[-83.7073,13.3683],[-83.6624,13.7053],[-83.418,14.0681],[-83.3219,14.3861],[-83.3135,14.7675],[-83.5272,15.2366],[-84.132,15.3751],[-84.2344,15.502],[-84.1714,15.7628],[-84.6505,15.9334],[-85.632,15.8741],[-85.8871,15.9943],[-86.372,15.8026],[-87.0214,15.8202],[-87.5706,15.908],[-87.8581,15.882],[-88.2739,15.7472],[-88.4802,15.9125],[-88.6643,15.7258],[-88.9408,15.9046],[-88.7418,16.2695],[-89.6345,16.7835],[-89.9211,16.9745],[-89.539,17.7386],[-88.8705,18.6937],[-89.0615,19.2667],[-90,19.3815],[-91.2197,19.1025],[-91.7025,18.8235],[-91.479,18.6338],[-91.7297,18.4157],[-92.107,18.5159],[-92.0979,18.7596],[-93.0875,18.5541],[-93.7849,18.3492],[-93.7414,17.1655],[-94.1235,16.879],[-95.1741,16.9745],[-95.1302,16.2995],[-94.8347,16.3192],[-94.363,16.2248],[-94.0754,16.1112],[-92.9005,15.1919],[-92.4721,14.7923],[-91.5157,14.0589],[-91.242,13.9516],[-90,13.9372],[-89.9892,13.6782],[-88.6381,13.2552],[-87.9487,13.1718],[-87.7548,13.4669],[-87.5555,13.3656],[-87.4043,13.0299],[-87.5868,12.8324],[-87.2614,12.6234],[-86.4336,11.7671],[-86.0141,11.3676],[-85.8397,11.0776],[-85.8702,10.9279],[-85.6209,10.8266],[-85.6173,10.6516],[-85.8243,10.3607],[-85.7778,10.1384],[-85.5664,9.9227],[-85.3141,9.8279],[-85.0888,9.5831],[-84.8442,9.841],[-85.1156,9.9809],[-85.2555,10.3108],[-84.6313,9.8739],[-84.6347,9.6844],[-84.4925,9.5374],[-84.1823,9.491],[-83.6149,9.1516],[-83.5508,8.8276],[-83.6055,8.5478],[-83.279,8.4133],[-83.3623,8.7634],[-83.0851,8.6506],[-83.0896,8.3949],[-82.9561,8.2568],[-82.3844,8.3212],[-82.1894,8.2015],[-81.6643,8.1646],[-81.5621,7.8238],[-81.1969,7.6396],[-81.0074,7.7844],[-80.8138,7.2701],[-80.4058,7.2988],[-80.2118,7.4747],[-79.9763,7.4923],[-80.0513,7.7317],[-80.4026,8.059],[-80.2694,8.3771],[-80.1187,8.3901],[-79.7121,8.616],[-79.7169,8.8831],[-79.3206,9.0401],[-79.0676,9.0343],[-78.5055,8.6859],[-78.3815,8.3949],[-78.1837,8.4133],[-78.2655,7.8857],[-77.8967,7.1718],[-77.4002,6.6704],[-77.3385,6.4291],[-77.4746,6.092],[-77.2203,5.8764],[-77.2413,5.6921],[-77.5004,5.5136],[-77.3337,5.1263],[-77.2666,4.7388],[-77.4445,4.1791],[-77.106,3.7922],[-77.3991,3.3149],[-77.6018,2.8823],[-77.8021,2.5769],[-77.9865,2.4748],[-78.4682,2.4674],[-78.6483,2.1747],[-78.4918,1.9208],[-78.5753,1.7745],[-78.7848,1.8249],[-79.0625,1.6781],[-78.9285,1.4115],[-78.9843,1.297],[-79.376,1.0165],[-79.7769,0.8631],[-78.9585,0.4165],[-78.4051,-0.3213],[-78.7741,-2.1658],[-78.7741,-3.6415],[-77.915,-4.1935],[-77.8852,-6.9773],[-74.3472,-12.1263],[-68.6292,-13.0485],[-67.1536,-14.7086],[-66.0469,-16.5531],[-65.4935,-19.1354],[-65.7188,-18.0842],[-64.6618,-16.8047],[-64.1941,-14.6946],[-69.045,-8.2359],[-70.1582,-5.7354],[-66.4085,3.0419],[-62.6588,4.1529],[-58.5575,3.9776],[-55.8624,1.6956],[-55.8038,0.8755],[-57.9716,-0.5892],[-58.4404,-2.2876],[-56.3311,-4.3347],[-54.1633,-4.6268],[-49.0661,-4.7436],[-46.2809,-3.5528],[-53.1285,-14.2647],[-53.1234,-14.275],[-48.469,-23.7488],[-49.4872,-24.5533],[-49.8387,-26.7973],[-48.7969,-28.4755],[-48.9373,-28.6978],[-49.5465,-29.1565],[-49.9363,-29.6274],[-50.4687,-30.7402],[-50.8061,-31.1919],[-51.1168,-31.4721]],[[-77.2535,-2.0979],[-77.2535,-2.7591],[-77.8999,-3.1125],[-78.3923,-2.9128],[-78.5616,-2.1287],[-77.8537,-1.6672],[-77.2535,-2.0979]],[[-68.2603,-28.5425],[-68.4447,-30.9404],[-68.4096,-30.4838],[-68.2603,-28.5425]],[[-50.4763,-1.6788],[-50.225,-1.7354],[-49.9368,-1.6585],[-49.3471,-1.6445],[-48.8857,-1.4211],[-48.6398,-1.0584],[-48.5528,-0.6324],[-48.6398,-1.0584],[-48.8857,-1.4211],[-49.3471,-1.6445],[-49.9368,-1.6585],[-50.225,-1.7354],[-50.4763,-1.6788]]],[[[-58.5228,-34.5871],[-58.3397,-34.2161],[-57.7868,-34.5983],[-57.3477,-34.5084],[-56.719,-34.6914],[-56.3383,-34.9955],[-55.3831,-34.8157],[-54.9898,-34.9673],[-54.6215,-34.9221],[-54.0743,-34.6478],[-53.7932,-34.3995],[-53.4319,-33.9034],[-52.9214,-33.4386],[-52.567,-33.0187],[-52.3507,-32.6752],[-52.0422,-31.5566],[-51.6023,-31.2317],[-51.4454,-31.0154],[-51.2324,-30.2654],[-50.9476,-30.3601],[-50.6086,-30.3022],[-50.9476,-30.3601],[-51.2324,-30.2654],[-51.4454,-31.0154],[-51.6023,-31.2317],[-52.0422,-31.5566],[-52.1402,-31.7409],[-52.3507,-32.6752],[-52.567,-33.0187],[-52.9214,-33.4386],[-53.4319,-33.9034],[-53.7932,-34.3995],[-54.0743,-34.6478],[-54.6215,-34.9221],[-54.9898,-34.9673],[-55.3831,-34.8157],[-56.3383,-34.9955],[-56.719,-34.6914],[-57.3477,-34.5084],[-57.7868,-34.5983],[-58.3397,-34.2161],[-58.5228,-34.5871]]],[[[-72.5872,-41.6183],[-72.7282,-41.5534],[-72.8909,-41.5291],[-73.1777,-41.7606],[-73.4636,-41.7868],[-73.1777,-41.7606],[-72.8909,-41.5291],[-72.5872,-41.6183]]],[[[-71.4423,-53.8816],[-70.998,-53.8207],[-70.9051,-53.2341],[-70.7336,-52.8015],[-70.4156,-52.668],[-69.8952,-52.6272],[-69.483,-52.3609],[-68.4559,-52.4202],[-69.483,-52.3609],[-69.8952,-52.6272],[-70.4156,-52.668],[-70.7336,-52.8015],[-70.9051,-53.2341],[-70.998,-53.8207],[-71.4423,-53.8816]]],[[[-65.1346,-41.2444],[-65.1532,-40.9753],[-64.9389,-40.8275],[-63.8419,-41.1584],[-63.4756,-41.1898],[-62.964,-41.1375],[-62.4008,-40.9249],[-62.2598,-40.8029],[-62.4008,-40.9249],[-62.964,-41.1375],[-63.4756,-41.1898],[-63.8419,-41.1584],[-64.9389,-40.8275],[-65.1532,-40.9753],[-65.1346,-41.2444]]],[[[-67.4686,-46.2659],[-67.4725,-45.9223],[-67.2253,-45.5527],[-66.6949,-45.1311],[-66.1943,-44.9815],[-65.6572,-44.9418],[-66.1943,-44.9815],[-66.6949,-45.1311],[-67.2253,-45.5527],[-67.4725,-45.9223],[-67.4686,-46.2659]]]]},"properties":{"NAME":null,"ABBREVN":null,"SUBJECTO":null,"BORDERPRECISION":1,"PARTOF":null}},
{"type":"Feature","geometry":{"type":"MultiPolygon","coordinates":[[[[9.4867,42.4064],[9.2804,42.7279],[9.0184,42.691],[8.6093,42.4873],[8.5107,42.1341],[8.7424,41.8816],[8.7269,41.5606],[9.173,41.3499],[9.4525,42.0483],[9.4867,42.4064]]],[[[8.884,54.2294],[8.7788,54.1324],[8.8485,53.7497],[8.4287,53.612],[7.9685,53.6375],[7.1656,53.5917],[6.9807,53.3167],[6.7507,53.3899],[5.9663,53.335],[5.3895,53.1386],[5.3257,52.7904],[5.5469,52.6787],[5.7569,52.3337],[5.4732,52.1766],[4.9498,52.2779],[5.2346,52.6229],[5.0084,52.8562],[4.641,52.7557],[4.2644,52.0709],[3.5203,51.5791],[3.6813,51.3214],[2.9953,51.3135],[2.4426,51.048],[1.7962,50.9214],[1.8255,50.2427],[2.1477,50.0586],[2.4009,50.1967],[2.6771,50.1506],[2.9073,49.9435],[3.4827,49.9205],[3.8203,50.0394],[4.2552,49.8872],[5.3611,49.6968],[5.9093,49.2009],[5.6116,49.2097],[5.8343,48.7783],[6.0152,48.653],[5.9456,48.3469],[6.2379,48.2912],[6.2518,47.9572],[5.9595,47.985],[5.9178,47.5954],[5.7925,47.5119],[5.6673,47.1083],[5.6457,46.4567],[5.4156,46.5242],[5.2683,46.318],[5.5334,46.097],[5.8234,45.3962],[6.2187,45.3468],[6.2804,45.1986],[6.6653,44.9545],[6.9426,44.8687],[6.7829,44.5479],[6.9228,43.815],[7.3552,43.9015],[7.3971,43.7641],[7.9795,43.9649],[8.6717,44.4174],[8.8966,44.4372],[9.6919,44.2196],[9.9093,44.1105],[10.2925,43.7054],[10.4877,43.2359],[10.7428,42.8505],[11.1048,42.5491],[11.4974,42.3764],[11.9601,42.0074],[12.1694,42.63],[12.1528,43.0617],[12.3022,43.2776],[12.1196,43.4769],[12.1196,43.7425],[11.8539,44.3569],[11.2893,44.224],[11.1731,44.6059],[11.3392,44.855],[11.1698,45.0672],[10.8561,45.0507],[10.8244,45.3531],[9.9977,45.4014],[9.9221,45.6661],[9.5817,45.893],[9.5449,46.3116],[9.885,46.4025],[10.0237,46.6209],[10.5583,46.7179],[10.5583,46.3129],[10.4571,46.2116],[10.5246,45.7391],[10.7946,45.6378],[10.9296,45.8403],[11.2334,46.0091],[11.5709,45.9754],[11.5709,46.2454],[11.9084,46.4141],[11.7397,46.7517],[12.0748,46.9275],[12.6977,46.9514],[13.2917,47.0638],[13.7091,46.8391],[13.6063,46.1321],[13.3677,45.6945],[13.6732,45.7145],[14.0759,45.678],[14.3545,45.3229],[14.5267,45.783],[14.7985,45.8645],[14.88,45.484],[15.4236,45.4297],[15.4698,45.7341],[16.1222,45.5819],[16.0787,45.8863],[16.2091,46.1472],[16.4483,46.1037],[16.5353,46.3647],[16.4483,46.93],[16.644,47.2997],[16.557,47.4954],[16.7962,47.8433],[17.4078,47.8215],[17.2175,48.0662],[17.1903,48.4467],[17.3534,48.9631],[17.8698,48.8],[18.1145,48.8544],[18.5222,49.5611],[18.9267,49.622],[18.7963,49.7134],[18.7691,50.177],[18.646,50.6445],[18.1401,50.9877],[17.6398,51.4369],[17.5525,51.6549],[16.8548,51.6549],[16.8548,51.9166],[16.0951,52.1242],[15.7645,52.2655],[15.7602,52.5707],[16.0531,52.7164],[16.2038,53.3433],[16.4155,53.5249],[16.2038,53.7064],[16.6576,53.8577],[16.6878,54.0392],[17.1114,54.13],[17.7468,54.4325],[17.6576,54.6855],[16.4732,54.415],[15.8984,54.1284],[15.3117,54.071],[14.4729,53.8768],[14.4332,53.5942],[13.7805,53.7752],[13.7378,54.0303],[13.431,54.0302],[12.6525,54.3214],[12.0411,54.0967],[11.565,54.0354],[11.4078,53.8593],[10.6486,54.259],[10.1417,54.3368],[9.8848,54.2541],[9.7394,54.2759],[9.674,54.1887],[9.4487,54.1887],[9.4414,54.2468],[9.0562,54.3486],[8.884,54.2294]],[[9.6169,47.4958],[9.4829,47.1822],[9.4976,46.7925],[8.6553,46.5312],[8.0768,46.2938],[8.1427,46.152],[7.8205,45.9283],[7.4396,45.9232],[7.2565,46.4404],[7.0075,46.6369],[7.2126,47.1224],[6.8684,47.1872],[7.5714,47.5839],[7.7326,47.5246],[8.5089,47.5987],[8.5308,47.8057],[8.9366,47.6594],[9.1009,47.7024],[9.1243,47.6707],[9.5023,47.6464],[9.6169,47.4958]]]]},"properties":{"NAME":"Holy Roman Empire","ABBREVN":"Holy Roman E","SUBJECTO":"Holy Roman Empire","BORDERPRECISION":1,"PARTOF":"Holy Roman Empire"}},
{"type":"Feature","geometry":{"type":"MultiPolygon","coordinates":[[[[-14.5098,28.05],[-13.881,28.1994],[-13.7842,28.8793],[-13.4214,29.0909],[-13.5182,29.4285],[-13.8084,29.0486],[-14.147,28.391],[-14.5098,28.05]]],[[[-15.574,28.178],[-15.9127,27.9005],[-15.574,27.7294],[-15.2112,27.9005],[-15.4047,28.1994],[-15.574,28.178]]],[[[-17.2913,28.2846],[-17.3397,28.0287],[-16.6383,28.05],[-16.082,28.5399],[-16.8801,28.3272],[-17.2913,28.2846]]]]},"properties":{"NAME":"Guanches","ABBREVN":"Guanches","SUBJECTO":"Guanches","BORDERPRECISION":1,"PARTOF":"Guanches"}},
{"type":"Feature","geometry":{"type":"Polygon","coordinates":[[[-168.5073,53.4289],[-168.3743,53.2353],[-167.8654,53.3234],[-168.2235,53.59],[-168.5073,53.4289]]]},"properties":{"NAME":null,"ABBREVN":null,"SUBJECTO":null,"BORDERPRECISION":1,"PARTOF":null}},
{"type":"Feature","geometry":{"type":"MultiPolygon","coordinates":[]},"properties":{"NAME":null,"ABBREVN":null,"SUBJECTO":null,"BORDERPRECISION":1,"PARTOF":null}},
{"type":"Feature","geometry":{"type":"Polygon","coordinates":[[[-133.0967,54.0191],[-132.997,53.6511],[-132.5688,53.2795],[-132.0898,53.3988],[-131.8942,53.8942],[-132.0823,54.0211],[-132.7299,54.0667],[-133.0967,54.0191]]]},"properties":{"NAME":"Bella","ABBREVN":"Bella","SUBJECTO":"Bella","BORDERPRECISION":1,"PARTOF":"Bella"}},
{"type":"Feature","geometry":null,"properties":{"NAME":null,"ABBREVN":null,"SUBJECTO":null,"BORDERPRECISION":1,"PARTOF":null}},
{"type":"Feature","geometry":{"type":"Polygon","coordinates":[[[-166.6101,53.7068],[-166.3835,53.8546],[-166.7706,54.0012],[-167.1484,53.9402],[-166.9272,53.4589],[-166.6101,53.7068]]]},"properties":{"NAME":null,"ABBREVN":null,"SUBJECTO":null,"BORDERPRECISION":1,"PARTOF":null}},
{"type":"Feature","geometry":{"type":"Polygon","coordinates":[[[-164.5609,54.8313],[-165.0097,54.528],[-164.5645,54.3341],[-164.0719,54.6575],[-163.5727,54.6315],[-163.2064,54.7372],[-163.3602,54.9211],[-163.7428,55.0619],[-164.5609,54.8313]]]},"properties":{"NAME":null,"ABBREVN":null,"SUBJECTO":null,"BORDERPRECISION":1,"PARTOF":null}},
{"type":"Feature","geometry":{"type":"Polygon","coordinates":[[[-162.7876,55.1516],[-163.0909,55.2727],[-163.2624,55.171],[-162.968,54.9487],[-162.7876,55.1516]]]},"properties":{"NAME":null,"ABBREVN":null,"SUBJECTO":null,"BORDERPRECISION":1,"PARTOF":null}},
{"type":"Feature","geometry":{"type":"Polygon","coordinates":[[[-162.2183,55.1324],[-161.5751,55.4786],[-160.8671,55.5748],[-160.676,55.7649],[-161.3181,55.8791],[-161.8105,55.7831],[-162.2238,55.4977],[-162.5846,55.3887],[-162.5462,55.1453],[-162.2183,55.1324]]]},"properties":{"NAME":null,"ABBREVN":null,"SUBJECTO":null,"BORDERPRECISION":1,"PARTOF":null}},
{"type":"Feature","geometry":{"type":"Polygon","coordinates":[[[-135.0023,57.3258],[-135.4661,57.2292],[-134.9457,56.4535],[-134.7638,56.7937],[-135.0023,57.3258]]]},"properties":{"NAME":null,"ABBREVN":null,"SUBJECTO":null,"BORDERPRECISION":1,"PARTOF":null}},
{"type":"Feature","geometry":{"type":"Polygon","coordinates":[[[-153.67,56.969],[-153.1771,57.4074],[-152.3783,57.5184],[-152.6795,57.7645],[-153.3959,57.8043],[-153.7313,57.4269],[-154.1886,57.6314],[-154.5852,57.3637],[-154.5926,57.1448],[-154.1601,56.9817],[-153.67,56.969]]]},"properties":{"NAME":null,"ABBREVN":null,"SUBJECTO":null,"BORDERPRECISION":1,"PARTOF":null}},
{"type":"Feature","geometry":{"type":"Polygon","coordinates":[[[-136.5964,57.9049],[-135.8164,57.4542],[-135.8217,57.7555],[-135.115,57.6746],[-135.3249,58.0927],[-135.6718,58.0439],[-136.0245,58.215],[-136.3001,58.1801],[-136.5964,57.9049]]]},"properties":{"NAME":null,"ABBREVN":null,"SUBJECTO":null,"BORDERPRECISION":1,"PARTOF":null}},
{"type":"Feature","geometry":{"type":"Polygon","coordinates":[[[-117.2813,73.3101],[-115.6537,73.6325],[-117.3362,74.1673],[-119.5574,74.1631],[-121.2387,74.58],[-123.057,74.4391],[-124.9093,74.4437],[-124.0648,73.8652],[-124.2472,73.4566],[-124.8821,73.0492],[-125.3413,72.969],[-125.1807,72.4314],[-125.9037,72.1546],[-125.617,71.9904],[-124.5773,71.8983],[-124.0721,71.735],[-123.4677,71.1986],[-122.5744,71.146],[-121.9362,71.5048],[-120.8435,71.5303],[-120.424,71.8826],[-120.4536,72.2985],[-119.7684,72.3943],[-118.585,72.9737],[-117.2813,73.3101]]]},"properties":{"NAME":null,"ABBREVN":null,"SUBJECTO":null,"BORDERPRECISION":1,"PARTOF":null}},
{"type":"Feature","geometry":{"type":"MultiPolygon","coordinates":[[[[-61.2485,45.7928],[-61.025,45.67],[-60.5074,45.6645],[-59.9972,45.8536],[-59.8072,46.0812],[-60.169,46.3143],[-60.7613,45.8911],[-61.072,45.9878],[-60.9626,46.1893],[-60.5839,46.3849],[-60.2598,46.9383],[-60.6271,47.1329],[-61.3806,46.3314],[-61.4088,46.0456],[-61.2485,45.7928]]],[[[-66.4035,45.1078],[-66.0492,45.2885],[-65.7597,45.2945],[-64.8714,45.6621],[-64.9055,45.4632],[-64.0077,45.427],[-63.8835,45.3186],[-64.3369,45.156],[-64.4579,45.3909],[-65.7493,44.7412],[-66.1895,44.1413],[-65.7126,43.56],[-65.3189,43.7517],[-65.0874,43.7277],[-64.8351,43.8835],[-64.7063,44.1293],[-64.0876,44.5132],[-63.5589,44.5132],[-63.0533,44.7112],[-61.0321,45.3788],[-61.4812,45.7405],[-61.7234,45.6863],[-61.9398,45.9215],[-62.3896,45.7224],[-63.8435,45.9879],[-63.7492,46.169],[-64.5348,46.2717],[-64.6898,46.6947],[-64.8916,46.9124],[-64.8422,47.1242],[-64.9801,47.3301],[-64.9239,47.5603],[-64.6579,47.7785],[-65.0279,47.8817],[-65.6123,47.6634],[-65.8372,47.9605],[-66.4715,48.0994],[-65.8546,48.2051],[-65.2131,48.1214],[-64.8742,48.3245],[-64.3977,48.4561],[-64.1943,48.6526],[-64.3205,48.9467],[-64.9524,49.2073],[-65.3674,49.2326],[-66.0299,49.1659],[-66.9727,48.9546],[-67.354,48.8459],[-66.4352,45.133],[-66.4035,45.1078]]]]},"properties":{"NAME":"Mi'kma'ki","ABBREVN":"Mi'kma'ki","SUBJECTO":"Mi'kma'ki","BORDERPRECISION":1,"PARTOF":"Mi'kma'ki"}},
{"type":"Feature","geometry":{"type":"Polygon","coordinates":[[[-78.6985,83.0025],[-81.5226,82.6893],[-81.3906,82.0788],[-84.9466,82.3795],[-86.3244,82.2058],[-90,82.0173],[-91.2186,81.8373],[-91.0799,81.5385],[-89.5592,81.4177],[-89.1925,81.0964],[-86.4368,81.3932],[-85.1924,81.3245],[-85.3641,80.9907],[-84.793,80.7824],[-82.7907,80.6974],[-81.8759,80.7488],[-80.0879,81.0218],[-78.3209,80.9654],[-77.5209,80.7499],[-81.0637,80.5335],[-82.2626,80.051],[-81.3557,79.9081],[-81.7581,79.6819],[-83.6184,80.2067],[-86.1701,80.279],[-86.3224,80.1143],[-83.9109,79.2566],[-81.5972,78.7546],[-82.3256,78.6653],[-83.84,78.8568],[-85.8068,78.9062],[-86.8254,78.5861],[-86.5099,78.2969],[-84.8434,78.1596],[-84.8683,77.7077],[-83.0486,77.6312],[-83.6917,77.313],[-84.9299,77.3451],[-86.4357,77.8175],[-87.8125,77.8756],[-88.0512,77.7536],[-87.0992,77.2807],[-89.247,76.9768],[-89.4181,76.6103],[-88.5888,76.4678],[-88.1834,76.7401],[-87.2727,76.5042],[-85.0371,76.4069],[-84.5594,76.5432],[-82.4236,76.4711],[-81.3823,76.6511],[-80.8135,76.2377],[-78.2123,76.5468],[-77.8041,76.7258],[-78.1214,77.0407],[-79.0219,77.0561],[-82.1024,77.3161],[-81.5539,77.5411],[-78.8554,77.3738],[-78.2186,77.5733],[-78.3668,78.0329],[-77.0171,77.9745],[-76.1432,78.072],[-76.6185,78.2983],[-75.753,78.3612],[-75.5213,78.6783],[-74.9089,78.8208],[-74.9631,79.1223],[-76.2538,79.3248],[-77.2992,79.2856],[-77.2388,79.5827],[-75.1737,79.5149],[-73.376,79.5811],[-74.5423,79.8941],[-74.2455,80.0427],[-72.5138,79.8708],[-71.4545,79.8458],[-70.2185,80.1374],[-70.5111,80.5454],[-69.4975,80.5475],[-66.4817,81.3029],[-65.2998,81.4584],[-65.5879,81.705],[-67.5164,81.5873],[-67.5852,81.9613],[-66.3745,82.1007],[-63.9206,82.0112],[-61.9894,82.3119],[-62.4271,82.6336],[-65.4809,82.8997],[-67.6963,82.8728],[-70.5843,83.176],[-74.1611,82.9906],[-76.3821,83.1519],[-77.0741,82.863],[-78.6985,83.0025]]]},"properties":{"NAME":null,"ABBREVN":null,"SUBJECTO":null,"BORDERPRECISION":1,"PARTOF":null}},
{"type":"Feature","geometry":{"type":"Polygon","coordinates":[[[-111.9912,77.9774],[-113.0097,77.9232],[-113.0243,77.6021],[-111.9104,77.4832],[-110.6197,77.5375],[-109.6612,77.9499],[-110.7101,78.0234],[-111.9912,77.9774]]]},"properties":{"NAME":null,"ABBREVN":null,"SUBJECTO":null,"BORDERPRECISION":1,"PARTOF":null}},
{"type":"Feature","geometry":{"type":"Polygon","coordinates":[[[-97.3098,78.8222],[-98.4372,78.6609],[-97.4598,78.1011],[-96.602,77.9981],[-95.2325,78.1315],[-95.097,78.4384],[-97.3098,78.8222]]]},"properties":{"NAME":null,"ABBREVN":null,"SUBJECTO":null,"BORDERPRECISION":1,"PARTOF":null}},
{"type":"Feature","geometry":{"type":"Polygon","coordinates":[[[-169.3753,63.2545],[-169.3329,63.3973],[-170.4815,63.6884],[-171.2286,63.6512],[-171.7394,63.7504],[-172.0523,63.5995],[-171.7277,63.4571],[-170.9664,63.4586],[-169.9031,63.0752],[-169.3753,63.2545]]]},"properties":{"NAME":null,"ABBREVN":null,"SUBJECTO":null,"BORDERPRECISION":1,"PARTOF":null}},
{"type":"Feature","geometry":{"type":"Polygon","coordinates":[[[-174.6352,66.4048],[-175.1005,66.765],[-175.0062,66.9573],[-175.514,67.6688],[-175.9906,67.8467],[-178.1292,68.3736],[-178.8912,68.6425],[-180,68.9169],[-180,67.9631],[-180,66.9631],[-180,65.9631],[-180,65.3816],[-180,65.311],[-180,65.2592],[-179.3786,65.996],[-178.9751,66.0514],[-178.6969,65.8321],[-178.6535,65.5399],[-178.1163,65.4825],[-177.1256,65.6231],[-176.5285,65.6096],[-176.1372,65.457],[-175.9517,65.0062],[-174.3794,64.6192],[-174.2607,64.4609],[-173.077,64.384],[-173.2504,64.8955],[-172.4366,65.02],[-172.5623,65.5148],[-172.1836,65.5885],[-171.2003,65.5612],[-170.6127,66.0378],[-169.8727,66.0832],[-171.2272,66.6027],[-171.958,66.9557],[-172.8292,66.9614],[-173.8749,67.1593],[-174.3366,67.077],[-174.3783,66.7],[-174.0912,66.5236],[-174.6352,66.4048]]]},"properties":{"NAME":null,"ABBREVN":null,"SUBJECTO":null,"BORDERPRECISION":1,"PARTOF":null}},
{"type":"Feature","geometry":{"type":"Polygon","coordinates":[[[-121.1381,76.8819],[-121.5777,76.7021],[-122.6594,76.5386],[-122.2821,76.1506],[-121.3108,76.2958],[-120.454,75.9523],[-120.0999,75.9781],[-119.3868,76.3755],[-118.736,76.9377],[-118.2532,76.8789],[-117.8633,76.4376],[-116.9999,76.7279],[-116.2396,76.7804],[-116.4059,77.2335],[-115.6824,77.3812],[-116.3591,77.5784],[-117.2256,77.4127],[-119.6956,77.3133],[-121.1381,76.8819]]]},"properties":{"NAME":null,"ABBREVN":null,"SUBJECTO":null,"BORDERPRECISION":1,"PARTOF":null}},
{"type":"Feature","geometry":{"type":"Polygon","coordinates":[[[-104.9661,78.5339],[-104.1625,78.2982],[-101.1679,78.2689],[-100.4715,77.8949],[-99.6796,77.7922],[-99.0494,77.9411],[-99.8916,78.6581],[-100.6933,78.8777],[-102.5687,79.0161],[-103.3648,79.3892],[-105.4515,79.4031],[-105.481,79.2242],[-104.1102,79.0576],[-103.5053,78.8369],[-104.9661,78.5339]]]},"properties":{"NAME":null,"ABBREVN":null,"SUBJECTO":null,"BORDERPRECISION":1,"PARTOF":null}},
{"type":"Feature","geometry":{"type":"Polygon","coordinates":[[[-88.3477,80.4108],[-89.4247,80.6145],[-91.0162,80.7496],[-92.0249,81.2592],[-93.2034,81.2263],[-95.0599,81.0307],[-94.2503,80.6736],[-95.5804,80.3862],[-94.675,80.1165],[-96.4334,79.9334],[-95.0394,79.3962],[-93.1776,79.5342],[-91.819,79.4382],[-90,79.1261],[-93.3026,79.2565],[-94.1034,79.0234],[-92.7015,78.4342],[-91.4238,78.305],[-90,78.2627],[-88.7594,78.4505],[-88.9559,78.7497],[-87.7873,78.7255],[-87.1654,79.1256],[-85.7585,79.3782],[-86.9967,79.4453],[-87.3406,79.6442],[-87.3357,80.093],[-88.3477,80.4108]]]},"properties":{"NAME":null,"ABBREVN":null,"SUBJECTO":null,"BORDERPRECISION":1,"PARTOF":null}},
{"type":"Feature","geometry":{"type":"Polygon","coordinates":[[[-103.0037,33.1451],[-108.9301,32.2392],[-108.6936,30.9984],[-112.7213,30.0726],[-112.6543,29.9185],[-112.0329,29.0613],[-111.6916,28.4961],[-111.2709,28.1091],[-110.6044,27.8561],[-110.5214,27.7546],[-110.5819,27.462],[-110.3821,27.2144],[-109.9459,27.0436],[-109.7242,26.6054],[-109.5266,26.7202],[-109.1888,26.4412],[-109.1319,26.2887],[-109.2575,26.0872],[-101.2281,28.3031],[-101.0704,31.5824],[-102.3339,32.3254],[-102.963,32.6953],[-102.9833,32.9195],[-103.0037,33.1451]]]},"properties":{"NAME":"Apache","ABBREVN":"Apache","SUBJECTO":"Apache","BORDERPRECISION":1,"PARTOF":"Apache"}},
{"type":"Feature","geometry":{"type":"Polygon","coordinates":[[[-83.414,29.5936],[-83.1182,29.2425],[-82.7789,29.1097],[-82.647,28.9065],[-82.8413,27.838],[-82.7165,27.7446],[-82.5839,27.3106],[-82.3101,26.8249],[-82.1423,26.8668],[-82.0776,26.5511],[-81.8873,26.4478],[-81.7447,25.9207],[-81.401,25.8587],[-81.1456,25.3782],[-81.0979,25.125],[-80.738,25.1302],[-80.3141,25.2439],[-80.354,25.5482],[-80.2144,25.7347],[-80.05,26.5511],[-80.0779,26.9231],[-80.4472,27.7756],[-80.6055,28.561],[-81.0259,29.2637],[-81.4054,30.0726],[-81.4629,30.427],[-82.5187,29.976],[-83.414,29.5936]]]},"properties":{"NAME":"Calusa","ABBREVN":"Calusa","SUBJECTO":"Calusa","BORDERPRECISION":1,"PARTOF":"Calusa"}},
{"type":"Feature","geometry":{"type":"Polygon","coordinates":[[[-108.9301,32.2392],[-109.7251,36.4108],[-115.7705,35.5224],[-116.6322,35.3957],[-114.3397,31.5897],[-114.0823,31.5436],[-113.9521,31.6901],[-113.6886,31.538],[-113.6617,31.3346],[-113.0521,31.1387],[-113.085,30.7698],[-112.7213,30.0726],[-108.6936,30.9984],[-108.9301,32.2392]]]},"properties":{"NAME":"Hopi","ABBREVN":"Hopi","SUBJECTO":"Hopi","BORDERPRECISION":1,"PARTOF":"Hopi"}},
{"type":"Feature","geometry":{"type":"Polygon","coordinates":[[[-103.0037,33.1451],[-103.3836,37.3428],[-109.7251,36.4108],[-108.9301,32.2392],[-103.0037,33.1451]]]},"properties":{"NAME":"Navajo","ABBREVN":"Navajo","SUBJECTO":"Navajo","BORDERPRECISION":1,"PARTOF":"Navajo"}},
{"type":"Feature","geometry":{"type":"Polygon","coordinates":[[[-82.5187,29.976],[-81.4629,30.427],[-81.5115,30.7272],[-81.182,31.6404],[-80.5806,32.4968],[-80.2219,32.5357],[-79.7171,32.7974],[-79.3485,33.1097],[-79.2041,33.4597],[-78.8989,33.702],[-78.6211,33.8107],[-77.9629,33.9328],[-77.4594,34.4976],[-79.2323,39.3622],[-80.261,38.7745],[-86.1313,35.4207],[-86.004,35.2289],[-82.5187,29.976]]]},"properties":{"NAME":"Cherookee","ABBREVN":"Cherookee","SUBJECTO":"Cherookee","BORDERPRECISION":1,"PARTOF":"Cherookee"}},
{"type":"Feature","geometry":{"type":"Polygon","coordinates":[[[-120.1804,41.0143],[-120.9968,48.5332],[-122.422,48.3942],[-122.3453,48.0767],[-122.4859,47.6064],[-122.6628,47.469],[-123.1834,47.4883],[-122.8084,47.8276],[-122.826,48.0235],[-123.2589,48.2056],[-123.793,48.198],[-124.4305,48.3471],[-124.7334,48.3269],[-124.7261,48.1178],[-124.3088,47.4593],[-124.2141,47.0942],[-123.9053,47.0421],[-124.1696,46.9407],[-124.1307,46.6686],[-124.1586,46.3505],[-123.7871,46.2985],[-124.0542,46.2898],[-124.0743,46.0153],[-124.0279,45.9402],[-123.9947,45.7641],[-124.0717,45.0479],[-124.3313,44.072],[-124.1373,43.666],[-124.3017,43.3433],[-124.6297,43.014],[-124.5607,42.602],[-124.2494,41.9335],[-124.1526,41.5802],[-124.1791,41.1946],[-124.3672,40.7513],[-124.3648,40.3343],[-124.3284,40.2957],[-120.7106,40.9224],[-120.1804,41.0143]]]},"properties":{"NAME":"Coqs","ABBREVN":"Coqs","SUBJECTO":"Coqs","BORDERPRECISION":1,"PARTOF":"Coqs"}},
{"type":"Feature","geometry":{"type":"Polygon","coordinates":[[[-104.5526,45.0717],[-104.3488,45.2104],[-104.6977,46.1697],[-104.537,47.134],[-103.9945,47.6363],[-106.2849,47.9176],[-107.8118,47.1943],[-110.1624,46.7925],[-111.5487,45.5067],[-110.9628,45.0671],[-110.2791,44.7481],[-109.0257,44.4898],[-107.7495,44.0416],[-107.1798,43.958],[-106.8227,43.7149],[-105.977,43.3121],[-105.4362,43.7539],[-105.1163,44.4318],[-104.5526,45.0717]]]},"properties":{"NAME":"Crow","ABBREVN":"Crow","SUBJECTO":"Crow","BORDERPRECISION":1,"PARTOF":"Crow"}},
{"type":"Feature","geometry":{"type":"Polygon","coordinates":[[[-105.977,43.3121],[-105.4286,42.9007],[-104.8344,42.238],[-104.1641,41.9714],[-103.4785,42.6113],[-102.9529,42.9845],[-102.8844,43.2664],[-102.2293,44.1652],[-102.3131,44.4852],[-102.7549,44.8965],[-103.2196,45.1936],[-103.6995,45.3002],[-104.225,45.2393],[-104.5526,45.0717],[-105.1163,44.4318],[-105.4362,43.7539],[-105.977,43.3121]]]},"properties":{"NAME":"Cheyenne","ABBREVN":"Cheyenne","SUBJECTO":"Cheyenne","BORDERPRECISION":1,"PARTOF":"Cheyenne"}},
{"type":"Feature","geometry":{"type":"Polygon","coordinates":[[[-117.8521,46.3474],[-117.5705,46.0236],[-117.7113,45.6364],[-117.3945,44.7915],[-116.3948,44.6789],[-114.2052,45.5308],[-114.4657,45.9954],[-114.4727,46.3686],[-115.0571,46.6784],[-116.0427,46.6643],[-116.6271,46.8684],[-117.134,46.7699],[-117.3171,46.4108],[-117.8521,46.3474]]]},"properties":{"NAME":"Nez Perce","ABBREVN":"Nez Perce","SUBJECTO":"Nez Perce","BORDERPRECISION":1,"PARTOF":"Nez Perce"}},
{"type":"Feature","geometry":{"type":"Polygon","coordinates":[[[-95.2518,33.7279],[-94.8618,29.7831],[-94.8574,29.7839],[-94.7969,29.5634],[-94.4258,29.5427],[-94.1415,29.69],[-93.4455,29.7678],[-92.6433,29.5787],[-92.1167,29.5416],[-91.951,29.832],[-91.429,29.5431],[-91.2404,29.3209],[-90,29.1087],[-89.9779,29.4062],[-89.6223,29.2843],[-89.4982,29.0957],[-89.0315,29.119],[-89.2917,29.367],[-89.5589,29.4325],[-89.686,29.7057],[-89.38,29.8734],[-89.6843,30.0904],[-89.2328,30.406],[-88.3429,30.3888],[-88.1418,30.328],[-88.0346,30.6794],[-87.7746,30.2628],[-86.3887,30.4727],[-86.0576,30.2346],[-85.7192,30.2035],[-85.4867,30.0387],[-85.3048,29.6639],[-84.7638,29.7986],[-84.3174,30.092],[-83.8862,30.0483],[-83.414,29.5936],[-82.5187,29.976],[-86.004,35.2289],[-95.4069,35.2963],[-95.2518,33.7279]]]},"properties":{"NAME":"Natchez","ABBREVN":"Natchez","SUBJECTO":"Natchez","BORDERPRECISION":1,"PARTOF":"Natchez"}},
{"type":"Feature","geometry":{"type":"Polygon","coordinates":[[[-79.8402,42.8286],[-78.9502,42.8865],[-79.1984,42.5707],[-80.0734,42.1534],[-81.3968,41.699],[-81.628,41.5582],[-82.4679,41.4095],[-80.261,38.7745],[-79.2323,39.3622],[-77.4594,34.4976],[-77.2959,34.6666],[-76.6218,34.763],[-76.6242,35.0321],[-76.5158,35.4674],[-76.141,35.3845],[-75.7292,35.8821],[-76.0937,36.2051],[-75.896,36.3977],[-75.9746,36.9372],[-76.2831,37.0558],[-76.3142,37.732],[-76.2152,37.9426],[-76.5379,38.7854],[-76.4055,39.0852],[-76.1495,39.0674],[-76.0076,38.6667],[-76.3261,38.539],[-76.0435,38.2927],[-75.8459,38.4263],[-75.6675,37.8981],[-75.8661,37.7142],[-76.0199,37.3257],[-75.8685,37.2812],[-75.652,37.5511],[-75.4308,37.993],[-75.0421,38.4975],[-75.0887,38.8418],[-75.3888,39.1327],[-74.94,39.2515],[-74.8601,38.9902],[-74.4139,39.4178],[-74.1528,39.7652],[-73.9457,40.4468],[-74.2929,40.6316],[-73.7405,40.9775],[-73.2505,41.1782],[-76.9405,43.2371],[-77.5795,43.2164],[-77.8458,43.3498],[-78.5501,43.354],[-79.8402,42.8286]]]},"properties":{"NAME":"Delaware","ABBREVN":"Delaware","SUBJECTO":"Delaware","BORDERPRECISION":1,"PARTOF":"Delaware"}},
{"type":"Feature","geometry":{"type":"Polygon","coordinates":[[[-94.8618,29.7831],[-95.2518,33.7279],[-96.5098,33.6333],[-99.4371,33.4132],[-103.0037,33.1451],[-102.9833,32.9195],[-102.963,32.6953],[-102.3339,32.3254],[-101.0704,31.5824],[-101.0827,31.3263],[-101.2281,28.3031],[-95.3765,28.9602],[-94.8446,29.3463],[-95.0577,29.6754],[-94.8618,29.7831]]]},"properties":{"NAME":"Comanche","ABBREVN":"Comanche","SUBJECTO":"Comanche","BORDERPRECISION":1,"PARTOF":"Comanche"}},
{"type":"Feature","geometry":null,"properties":{"NAME":null,"ABBREVN":null,"SUBJECTO":null,"BORDERPRECISION":1,"PARTOF":null}},
{"type":"Feature","geometry":null,"properties":{"NAME":null,"ABBREVN":null,"SUBJECTO":null,"BORDERPRECISION":1,"PARTOF":null}},
{"type":"Feature","geometry":{"type":"Polygon","coordinates":[[[-97.7518,28.6935],[-101.2281,28.3031],[-109.2575,26.0872],[-109.3383,25.9576],[-109.2627,25.6462],[-108.8476,25.6153],[-108.4993,25.2409],[-108.2255,25.1525],[-108.0126,24.9813],[-107.9157,24.6445],[-107.4038,24.2959],[-106.7573,23.5853],[-106.5116,23.3633],[-105.8389,22.5637],[-105.5399,22.2846],[-105.6283,21.9538],[-105.2936,21.5223],[-105.2343,21.141],[-105.4397,20.8354],[-105.291,20.6704],[-105.3928,20.5113],[-105.6704,20.3517],[-105.5069,20.1041],[-103.1013,19.8398],[-100.9046,18.7892],[-100.9046,19.6488],[-99.9495,19.8398],[-99.9495,22.8961],[-97.882,22.3326],[-97.8747,22.8412],[-97.8148,23.3753],[-97.8225,24.2081],[-97.6581,25.073],[-97.26,25.8114],[-97.4514,26.2179],[-97.638,26.8469],[-97.6323,27.2284],[-97.2666,27.6743],[-97.5678,27.9089],[-97.1154,28.1069],[-96.8315,28.1584],[-96.6845,28.2477],[-96.5771,28.426],[-96.6027,28.3836],[-97.7518,28.6935]]]},"properties":{"NAME":null,"ABBREVN":null,"SUBJECTO":null,"BORDERPRECISION":1,"PARTOF":null}},
{"type":"Feature","geometry":{"type":"Polygon","coordinates":[[[-70.715,45.7016],[-71.7382,45.0143],[-75.045,44.868],[-76.4622,44.2454],[-76.0854,43.9661],[-76.289,43.8498],[-76.1739,43.6252],[-76.9405,43.2371],[-73.2505,41.1782],[-72.8544,41.2937],[-71.4492,41.4251],[-71.4098,41.7236],[-70.9671,41.5624],[-70.3021,41.7594],[-70.7759,42.3032],[-71.0544,42.357],[-70.7594,42.7099],[-70.8681,42.8714],[-70.5363,43.4042],[-70.3782,43.4521],[-70.2165,43.7996],[-69.8261,43.7517],[-69.6797,43.8835],[-69.2489,43.9914],[-68.8041,44.3932],[-68.131,44.5672],[-67.908,44.4772],[-67.1689,44.7112],[-66.8311,45.2034],[-67.8801,46.1951],[-70.0158,46.1713],[-70.715,45.7016]]]},"properties":{"NAME":"Iroquois","ABBREVN":"Iroquois","SUBJECTO":"Iroquois","BORDERPRECISION":1,"PARTOF":"Iroquois"}},
{"type":"Feature","geometry":{"type":"Polygon","coordinates":[[[-114.3397,31.5897],[-116.6322,35.3957],[-115.7705,35.5224],[-118.8423,38.8801],[-120.7106,40.9224],[-124.3284,40.2957],[-124.0328,39.9824],[-123.8197,39.6074],[-123.8921,39.4138],[-123.7449,39.076],[-123.4605,38.7041],[-123.2216,38.5334],[-122.9908,38.1388],[-122.7586,37.9568],[-122.3746,37.8544],[-122.5581,37.5662],[-122.4941,37.3008],[-122.2533,37.0696],[-121.9321,37.009],[-121.8515,36.749],[-121.9972,36.5764],[-121.9268,36.3383],[-121.5611,36.0655],[-121.3852,35.7853],[-120.9277,35.4747],[-120.9486,35.2892],[-120.6773,35.1893],[-120.7372,34.9807],[-120.6879,34.6217],[-120.5287,34.5083],[-120.2044,34.531],[-119.6128,34.4781],[-119.2915,34.2211],[-118.8724,34.07],[-118.6044,34.0964],[-118.4377,33.7942],[-118.0066,33.7315],[-117.4967,33.3254],[-117.3481,33.0534],[-117.3041,32.7549],[-116.9603,32.1563],[-116.6107,31.8771],[-116.7047,31.5907],[-116.1378,30.7651],[-116.0584,30.3392],[-115.8571,30.2824],[-115.6023,29.6852],[-115.4214,29.5329],[-114.9778,29.3113],[-114.2732,28.7086],[-114.0673,28.4229],[-114.1047,28.054],[-114.4792,27.7798],[-115.0546,27.8532],[-114.4779,27.2439],[-114.1533,27.1047],[-113.5853,26.7689],[-113.285,26.8077],[-112.9812,26.5031],[-112.411,26.1928],[-112.0843,25.5704],[-112.1658,25.0107],[-111.9057,24.687],[-111.3915,24.243],[-111.0159,24.0149],[-110.7837,23.7993],[-110.5024,23.66],[-110.2247,23.3999],[-110.1166,23.0696],[-109.8892,22.8666],[-109.5169,23.1916],[-109.4886,23.5731],[-109.8242,23.6932],[-109.9403,23.9536],[-110.2049,24.3155],[-110.4852,24.1496],[-110.7724,24.3778],[-110.7976,24.88],[-111.3287,25.8962],[-111.4835,26.5572],[-111.5938,26.7604],[-111.9149,26.6644],[-112.1151,27.02],[-112.2841,27.5093],[-112.5671,27.5595],[-112.7236,27.7055],[-112.8699,28.3347],[-113.3219,28.5563],[-113.5929,29.1026],[-114.0996,29.6421],[-114.3887,29.7623],[-114.6828,30.1432],[-114.7347,30.8427],[-114.9875,31.1665],[-114.8387,31.8155],[-114.3397,31.5897]]]},"properties":{"NAME":"Pomo","ABBREVN":"Pomo","SUBJECTO":"Pomo","BORDERPRECISION":1,"PARTOF":"Pomo"}},
{"type":"Feature","geometry":{"type":"Polygon","coordinates":[[[-144.1738,63.3338],[-150.1376,61.2444],[-149.3169,60.9294],[-150.4372,60.9063],[-151.1596,60.6597],[-151.415,60.2537],[-151.783,59.995],[-151.448,59.5379],[-151.7723,59.3573],[-151.388,59.2128],[-150.501,59.6158],[-150.0211,59.7138],[-149.5812,59.9852],[-149.3256,60.0275],[-148.4935,59.904],[-148.3009,60.1061],[-148.3361,60.4132],[-148.8397,60.5451],[-148.4659,60.8679],[-148.4926,61.0643],[-147.9401,61.2059],[-147.2701,60.9403],[-146.5783,60.8365],[-145.9984,60.6624],[-145.4927,60.3836],[-145.1384,60.4542],[-144.4064,60.0926],[-144.053,60.0514],[-143.0837,60.0742],[-142.4246,60.0197],[-141.4394,60.0912],[-141.3852,59.8966],[-140.9045,59.7865],[-140.1329,59.7672],[-139.5726,59.9],[-139.3066,59.7063],[-139.7851,59.5184],[-139.2001,59.2773],[-138.4457,59.1619],[-137.5767,58.6042],[-137.085,58.4468],[-136.3561,58.5239],[-136.3703,58.6202],[-136.9388,58.9432],[-136.3901,58.8408],[-136.1484,58.9033],[-135.7383,58.47],[-135.3257,58.5809],[-135.5148,58.9735],[-135.1438,59.1675],[-135.0459,58.9054],[-134.8303,58.5612],[-134.1235,58.2392],[-133.4741,57.8423],[-133.6413,57.7391],[-133.3408,57.3768],[-133.4004,57.2195],[-132.8713,57.0156],[-132.101,56.3494],[-132.2792,56.1316],[-132.264,55.9372],[-132.2556,55.85],[-131.767,56.01],[-131.1905,56.0348],[-130.8674,55.7307],[-128.7045,60.74],[-138.7511,62.4246],[-144.1738,63.3338]]]},"properties":{"NAME":"Tlinoit","ABBREVN":"Tlinoit","SUBJECTO":"Tlinoit","BORDERPRECISION":1,"PARTOF":"Tlinoit"}},
{"type":"Feature","geometry":{"type":"Polygon","coordinates":[[[-81.2702,49.7388],[-81.9198,47.775],[-70.715,45.7016],[-70.0158,46.1713],[-67.8801,46.1951],[-66.8311,45.2034],[-66.4035,45.1078],[-66.4352,45.133],[-67.354,48.8459],[-66.9727,48.9546],[-67.7813,48.7241],[-68.3413,48.5465],[-69.2539,48.1201],[-70.5337,47.1265],[-70.8061,47.1715],[-70.5988,47.4325],[-69.5071,48.4592],[-69.2228,48.6781],[-81.1731,50.0324],[-81.2702,49.7388]]]},"properties":{"NAME":"Algonquin","ABBREVN":"Algonquin","SUBJECTO":"Algonquin","BORDERPRECISION":1,"PARTOF":"Algonquin"}},
{"type":"Feature","geometry":{"type":"Polygon","coordinates":[[[-76.4622,44.2454],[-75.045,44.868],[-71.7382,45.0143],[-70.715,45.7016],[-81.9198,47.775],[-81.2702,49.7388],[-83.271,50.2316],[-83.7608,49.0151],[-84.6108,46.9037],[-84.4422,46.817],[-84.6,46.4597],[-84.785,46.471],[-84.9828,45.9796],[-85.0746,45.6124],[-84.9519,45.4082],[-85.2508,45.3139],[-85.5047,44.6833],[-82.5226,41.945],[-82.2844,42.1472],[-81.8384,42.2903],[-81.4395,42.5871],[-81.0142,42.6242],[-80.4652,42.5741],[-80.3644,42.6151],[-80.2756,42.7411],[-79.8402,42.8286],[-78.5501,43.354],[-79.1891,43.2089],[-79.4775,43.1948],[-79.7937,43.3006],[-79.6469,43.4908],[-79.1529,43.7724],[-78.7384,43.8777],[-77.6228,44.0102],[-77.2778,43.8871],[-76.9111,44.0482],[-76.4622,44.2454]],[[-84.1272,45.9508],[-83.9716,45.9505],[-83.7936,46.257],[-82.7433,46.1985],[-81.5645,46.0737],[-81.1011,45.9371],[-80.8071,45.9548],[-80.6491,45.7405],[-80.0986,45.3957],[-79.9181,44.9668],[-80.2243,44.5046],[-81.0949,44.7992],[-81.7186,44.1386],[-81.7387,43.5294],[-81.8079,43.3176],[-82.3544,43.0154],[-82.4647,43.1954],[-82.6581,43.8396],[-82.9207,44.0573],[-83.294,43.9542],[-83.5899,43.6651],[-83.917,43.7844],[-83.3856,44.3127],[-83.2859,44.6188],[-83.4309,45.275],[-84.6338,45.751],[-84.6942,45.9842],[-84.1272,45.9508]]]},"properties":{"NAME":"Huron","ABBREVN":"Huron","SUBJECTO":"Huron","BORDERPRECISION":1,"PARTOF":"Huron"}},
{"type":"Feature","geometry":{"type":"Polygon","coordinates":[[[-143.608,68.6496],[-159.861,70.5404],[-159.9047,70.4269],[-161.1876,70.4399],[-162.1772,70.2842],[-162.8791,69.9991],[-164.0672,69.0647],[-164.8902,68.935],[-166.2968,68.8796],[-166.3354,68.6614],[-166.8435,68.4052],[-164.5127,67.7967],[-163.826,67.4482],[-163.7387,67.2183],[-161.9357,67.0884],[-161.7956,66.7486],[-161.2184,66.7276],[-160.0323,66.5676],[-160.1252,66.3393],[-161.2614,66.396],[-162.2751,66.071],[-162.7585,66.0628],[-163.8431,66.1781],[-163.7824,66.5385],[-164.4631,66.5962],[-165.5214,66.366],[-167.0242,65.9595],[-167.73,65.863],[-168.1798,65.6939],[-166.1387,65.3548],[-165.8638,65.1661],[-166.6038,65.1501],[-166.586,64.7304],[-165.7407,64.559],[-164.5999,64.6188],[-163.8834,64.5913],[-163.0252,64.4417],[-162.1366,64.7892],[-161.2906,64.9641],[-160.9022,64.8132],[-160.9439,64.5248],[-161.3729,64.4664],[-161.0063,64.1579],[-160.89,63.8568],[-161.133,63.5628],[-161.9108,63.5256],[-162.4745,63.4102],[-162.9701,63.1025],[-163.3086,63.0377],[-164.2918,63.2498],[-165.0296,62.6504],[-165.4312,62.4295],[-165.8341,61.8343],[-166.1895,61.7489],[-165.8981,61.2703],[-165.4233,61.2642],[-164.5393,60.9497],[-163.8949,61.0422],[-163.52,60.7063],[-163.9378,60.6145],[-164.8447,60.8159],[-165.128,60.5422],[-164.0274,59.7982],[-163.5364,59.8408],[-162.3781,60.1631],[-161.9891,59.7119],[-162.0601,59.2893],[-162.0039,58.8266],[-161.646,58.6825],[-161.1171,58.7455],[-160.4305,59.0022],[-159.8136,58.9412],[-159.1101,58.4875],[-158.9731,58.7703],[-158.5167,58.9989],[-158.2914,58.7302],[-157.9874,58.717],[-157.1394,58.8558],[-157.2419,58.4911],[-157.5537,58.2703],[-157.6653,57.6042],[-158.6621,57.0756],[-158.6173,56.7481],[-159.2487,56.781],[-159.7759,56.5823],[-160.1139,56.323],[-160.4573,56.1999],[-160.6074,55.9619],[-160.1694,55.8066],[-159.0769,55.992],[-158.7381,56.1896],[-158.5267,56.4485],[-157.7475,56.7702],[-156.9934,56.9149],[-156.4958,57.1002],[-156.6846,57.4007],[-155.9032,57.7173],[-155.5981,57.8962],[-154.6493,58.0765],[-154.2139,58.428],[-153.6823,58.6425],[-153.455,58.8773],[-154.1269,59.0417],[-154.2823,59.2488],[-153.7098,59.6444],[-153.1522,59.7425],[-152.8987,59.8956],[-152.8777,60.2789],[-152.1897,60.6577],[-151.3419,60.9537],[-150.7806,61.2919],[-150.4152,61.309],[-143.608,68.6496]]]},"properties":{"NAME":null,"ABBREVN":null,"SUBJECTO":null,"BORDERPRECISION":1,"PARTOF":null}},
{"type":"Feature","geometry":{"type":"MultiPolygon","coordinates":[]},"properties":{"NAME":null,"ABBREVN":null,"SUBJECTO":null,"BORDERPRECISION":1,"PARTOF":null}},
{"type":"Feature","geometry":{"type":"Polygon","coordinates":[[[-96.8095,76.9197],[-95.8734,76.5133],[-93.9376,76.3985],[-93.7945,76.738],[-94.1951,76.8991],[-95.6285,77.0416],[-96.8095,76.9197]]]},"properties":{"NAME":null,"ABBREVN":null,"SUBJECTO":null,"BORDERPRECISION":1,"PARTOF":null}},
{"type":"Feature","geometry":{"type":"Polygon","coordinates":[[[-61.3636,15.1981],[-61.2553,15.285],[-61.3042,15.5736],[-61.4747,15.4864],[-61.3636,15.1981]]]},"properties":{"NAME":null,"ABBREVN":null,"SUBJECTO":null,"BORDERPRECISION":1,"PARTOF":null}},
{"type":"Feature","geometry":{"type":"Polygon","coordinates":[[[-61.7469,11.9975],[-61.5964,12.1256],[-61.7247,12.1722],[-61.7469,11.9975]]]},"properties":{"NAME":null,"ABBREVN":null,"SUBJECTO":null,"BORDERPRECISION":1,"PARTOF":null}},
{"type":"Feature","geometry":{"type":"Polygon","coordinates":[[[-60.8608,14.4028],[-60.8297,14.57],[-61.0344,14.8292],[-61.2317,14.8094],[-61.0339,14.4658],[-60.8608,14.4028]]]},"properties":{"NAME":null,"ABBREVN":null,"SUBJECTO":null,"BORDERPRECISION":1,"PARTOF":null}},
{"type":"Feature","geometry":{"type":"Polygon","coordinates":[[[-62.1714,16.6714],[-62.1375,16.6928],[-62.1764,16.8086],[-62.2367,16.7119],[-62.1714,16.6714]]]},"properties":{"NAME":null,"ABBREVN":null,"SUBJECTO":null,"BORDERPRECISION":1,"PARTOF":null}},
{"type":"Feature","geometry":{"type":"Polygon","coordinates":[[[-63.1678,18.1644],[-62.9931,18.2272],[-63.0575,18.2564],[-63.1678,18.1644]]]},"properties":{"NAME":null,"ABBREVN":null,"SUBJECTO":null,"BORDERPRECISION":1,"PARTOF":null}},
{"type":"Feature","geometry":{"type":"Polygon","coordinates":[[[-62.7017,17.3369],[-62.8128,17.4094],[-62.8639,17.3708],[-62.7783,17.2922],[-62.7017,17.3369]]]},"properties":{"NAME":null,"ABBREVN":null,"SUBJECTO":null,"BORDERPRECISION":1,"PARTOF":null}},
{"type":"Feature","geometry":{"type":"Polygon","coordinates":[[[-60.9547,13.7094],[-60.8781,13.9567],[-61.075,13.8969],[-60.9547,13.7094]]]},"properties":{"NAME":null,"ABBREVN":null,"SUBJECTO":null,"BORDERPRECISION":1,"PARTOF":null}},
{"type":"Feature","geometry":{"type":"Polygon","coordinates":[[[-61.1731,13.1325],[-61.1233,13.2489],[-61.2089,13.3678],[-61.2781,13.2503],[-61.1731,13.1325]]]},"properties":{"NAME":null,"ABBREVN":null,"SUBJECTO":null,"BORDERPRECISION":1,"PARTOF":null}},
{"type":"Feature","geometry":{"type":"Polygon","coordinates":[[[-64.7619,17.7742],[-64.8708,17.7747],[-64.8889,17.6869],[-64.7389,17.7081],[-64.7619,17.7742]]]},"properties":{"NAME":null,"ABBREVN":null,"SUBJECTO":null,"BORDERPRECISION":1,"PARTOF":null}},
{"type":"Feature","geometry":{"type":"Polygon","coordinates":[[[-61.3461,16.3342],[-61.4989,16.3486],[-61.7939,16.2419],[-61.695,15.9492],[-61.5528,16.0544],[-61.5811,16.2047],[-61.3461,16.3342]]]},"properties":{"NAME":null,"ABBREVN":null,"SUBJECTO":null,"BORDERPRECISION":1,"PARTOF":null}},
{"type":"Feature","geometry":{"type":"Polygon","coordinates":[[[-68.9656,12.1989],[-69.0778,12.3486],[-69.1583,12.3114],[-69.0625,12.1883],[-68.8322,12.0494],[-68.8242,12.1603],[-68.9656,12.1989]]]},"properties":{"NAME":null,"ABBREVN":null,"SUBJECTO":null,"BORDERPRECISION":1,"PARTOF":null}},
{"type":"Feature","geometry":{"type":"Polygon","coordinates":[[[-63.0115,18.0673],[-63.045,18.1214],[-63.1398,18.0586],[-63.0115,18.0673]]]},"properties":{"NAME":null,"ABBREVN":null,"SUBJECTO":null,"BORDERPRECISION":1,"PARTOF":null}},
{"type":"Feature","geometry":{"type":"Polygon","coordinates":[[[-63.1398,18.0586],[-63.0333,18.0156],[-63.0115,18.0673],[-63.1398,18.0586]]]},"properties":{"NAME":null,"ABBREVN":null,"SUBJECTO":null,"BORDERPRECISION":1,"PARTOF":null}},
{"type":"Feature","geometry":{"type":"MultiPolygon","coordinates":[[[[-155.9313,20.2837],[-155.9466,19.9892],[-156.1633,19.8084],[-156.0542,19.5035],[-156.0342,19.1057],[-155.7828,18.9455],[-155.482,19.24],[-155.1372,19.3279],[-154.9477,19.4829],[-155.2117,19.8962],[-155.4788,20.0874],[-155.9313,20.2837]]],[[[-158.3136,21.5752],[-158.4344,21.452],[-158.2976,21.2765],[-157.8416,21.2902],[-158.3136,21.5752]]],[[[-156.1185,20.7901],[-156.7157,21.0691],[-156.8225,20.9399],[-156.5067,20.5989],[-156.253,20.6299],[-156.1185,20.7901]]]]},"properties":{"NAME":"Polynesians","ABBREVN":"Polynesians","SUBJECTO":"Polynesians","BORDERPRECISION":1,"PARTOF":"Polynesians"}},
{"type":"Feature","geometry":{"type":"Polygon","coordinates":[[[-53.115,48.5239],[-53.249,48.6478],[-53.7626,48.5226],[-54.1296,48.8357],[-53.5091,49.2819],[-54.1579,49.4771],[-54.6199,49.4763],[-54.7662,49.2926],[-55.1073,49.2788],[-55.9684,49.6571],[-55.5654,49.9661],[-56.0671,50.1033],[-56.4904,49.7676],[-56.7836,49.8194],[-56.6615,50.0561],[-55.7703,51.0541],[-55.9274,51.2522],[-55.5565,51.3257],[-55.5608,51.5574],[-56.1524,51.4701],[-56.7015,51.1845],[-57.3556,50.5952],[-57.8601,49.9879],[-58.1277,49.4956],[-57.8142,49.2015],[-57.974,49.0834],[-58.392,49.0368],[-58.6805,48.7026],[-58.1395,48.5991],[-58.6518,48.3759],[-59.3185,47.9633],[-59.1566,47.6701],[-58.0905,47.7634],[-56.8037,47.616],[-56.3301,47.6365],[-56.0789,47.8652],[-55.7385,47.8724],[-55.7561,47.6506],[-55.5127,47.5859],[-55.3675,47.7949],[-54.7826,47.7112],[-55.2767,47.3127],[-55.8296,47.1293],[-55.8042,46.9666],[-55.4079,46.9479],[-54.9362,47.3394],[-54.5762,47.4965],[-54.2114,47.8036],[-53.8963,47.5565],[-54.1251,47.1131],[-53.6249,46.8863],[-53.0696,46.7313],[-52.7286,47.4545],[-53.0958,47.5515],[-53.1184,47.8775],[-53.3556,47.9488],[-53.7029,47.8438],[-53.8817,48.1893],[-53.4113,48.2947],[-53.115,48.5239]]]},"properties":{"NAME":"Beothuk","ABBREVN":"Beothuk","SUBJECTO":"Beothuk","BORDERPRECISION":1,"PARTOF":"Beothuk"}},
{"type":"Feature","geometry":{"type":"Polygon","coordinates":[[[-61.9328,56.2808],[-62.2767,55.5871],[-62.7423,54.6479],[-63.195,53.7347],[-64.8809,50.334],[-63.8501,50.299],[-63.2074,50.3464],[-61.6402,50.2769],[-60.1378,50.4117],[-59.7155,50.5115],[-59.1316,50.8361],[-58.5243,51.3795],[-56.9641,51.4884],[-55.659,52.1873],[-56.1097,52.6052],[-55.7697,53.1587],[-55.8813,53.3519],[-56.6493,53.6576],[-57.1308,53.483],[-57.2852,53.6698],[-57.1058,53.8706],[-57.5611,54.1307],[-58.0769,54.0829],[-58.6401,53.8677],[-59.1808,53.5191],[-60.246,53.2768],[-60.1372,53.6843],[-59.863,53.8386],[-59.3987,53.8662],[-58.8436,54.1483],[-58.1699,54.2769],[-57.5154,54.4658],[-57.4329,54.5799],[-58.5572,54.7723],[-59.3382,55.0802],[-59.6938,55.1537],[-60.5745,55.071],[-60.3733,55.4225],[-60.4683,55.659],[-61.4578,56.1585],[-61.9328,56.2808]]]},"properties":{"NAME":"Innu","ABBREVN":"Innu","SUBJECTO":"Innu","BORDERPRECISION":1,"PARTOF":"Innu"}},
{"type":"Feature","geometry":{"type":"Polygon","coordinates":[[[-77.2535,-2.0979],[-77.8537,-1.6672],[-78.5616,-2.1287],[-78.3923,-2.9128],[-77.8999,-3.1125],[-77.2535,-2.7591],[-77.2535,-2.0979]]]},"properties":{"NAME":"Shuar","ABBREVN":"Shuar","SUBJECTO":"Shuar","BORDERPRECISION":1,"PARTOF":"Shuar"}},
{"type":"Feature","geometry":{"type":"Polygon","coordinates":[[[19.3344,57.9558],[19.1047,57.9753],[19.1417,57.9078],[19.3344,57.9558]]]},"properties":{"NAME":null,"ABBREVN":null,"SUBJECTO":null,"BORDERPRECISION":1,"PARTOF":null}},
{"type":"Feature","geometry":{"type":"Polygon","coordinates":[[[8.9366,47.6594],[8.5308,47.8057],[8.5089,47.5987],[7.7326,47.5246],[7.5714,47.5839],[6.8684,47.1872],[7.2126,47.1224],[7.0075,46.6369],[7.2565,46.4404],[7.4396,45.9232],[7.8205,45.9283],[8.1427,46.152],[8.0768,46.2938],[8.6553,46.5312],[9.4976,46.7925],[9.4829,47.1822],[9.6169,47.4958],[9.189,47.6508],[9.1399,47.6651],[9.0109,47.6714],[8.9764,47.6658],[8.9366,47.6594]]]},"properties":{"NAME":"Swiss Confederation","ABBREVN":"Swiss Confederation","SUBJECTO":"Swiss Confederation","BORDERPRECISION":1,"PARTOF":"Swiss Confederation"}},
{"type":"Feature","geometry":{"type":"Polygon","coordinates":[[[142.3376,-10.9154],[142.1257,-11.1574],[142.0929,-11.5325],[141.953,-11.9523],[141.6785,-12.4678],[141.9189,-12.7025],[141.5988,-13.0465],[141.5123,-13.8095],[141.6684,-14.1143],[141.4682,-14.7568],[141.7113,-15.2267],[141.5176,-15.5323],[141.4015,-15.8567],[141.3138,-16.4482],[141.1324,-16.9571],[140.8009,-17.5618],[140.2497,-17.7982],[139.8183,-17.761],[139.2483,-17.4316],[139.0753,-17.076],[138.9627,-16.9936],[138.2603,-16.8425],[137.7596,-16.3986],[137.0737,-16.0313],[136.6871,-16.0258],[136.4586,-15.7529],[136.0944,-15.4485],[135.6275,-15.1698],[135.3881,-14.897],[135.4576,-14.6807],[135.709,-14.464],[135.8806,-14.203],[135.9645,-13.8913],[135.8288,-13.7327],[135.8309,-13.4848],[136.2383,-13.2296],[136.4691,-13.2228],[136.5276,-12.9112],[136.6637,-12.6248],[136.8597,-12.4401],[136.3534,-12.1551],[136.2986,-12.5112],[136.0912,-12.5752],[135.9425,-12.3594],[135.649,-12.1884],[135.4445,-12.1761],[135.1918,-12.3737],[134.94,-12.3361],[134.7621,-12.0632],[134.4087,-12.1211],[133.5592,-11.9513],[132.929,-11.5332],[132.6614,-11.5337],[132.3838,-11.2992],[132.3028,-11.5027],[132.6263,-11.7499],[132.7511,-12.1692],[132.398,-12.3289],[131.5399,-12.4006],[131.1829,-12.2361],[130.8589,-12.4466],[130.8396,-12.7073],[130.4635,-12.7589],[130.2329,-13.1472],[130.2739,-13.3632],[130.0855,-13.5925],[129.7663,-13.8156],[129.7633,-14.0191],[129.4266,-14.3059],[129.4588,-14.4965],[129.8486,-14.8199],[129.6323,-15.278],[129.1964,-14.9929],[128.9809,-14.9234],[128.4589,-14.8864],[128.0661,-15.3767],[127.9626,-14.7031],[127.678,-14.4367],[127.5291,-14.1955],[127.1665,-14.0628],[126.8534,-13.7838],[126.546,-14.3502],[126.2684,-14.0711],[126.1015,-14.2049],[125.8632,-14.6949],[125.4972,-14.6766],[125.1557,-14.8045],[125.1739,-15.0397],[125.018,-15.6439],[124.6886,-15.4666],[124.4245,-15.6579],[124.3378,-16.262],[124.7163,-16.4964],[124.2773,-16.5228],[123.9795,-16.409],[123.5758,-16.3908],[123.5529,-16.696],[123.8852,-16.9114],[123.8268,-17.2485],[123.5083,-17.1093],[123.3012,-17.4657],[123.0227,-16.856],[122.7383,-16.5833],[122.5641,-16.8952],[122.0855,-17.3984],[122.2017,-17.983],[122.1965,-18.2437],[121.5763,-18.7027],[121.3865,-19.1164],[121.1943,-19.3775],[120.8721,-19.6769],[120.2229,-19.9835],[119.8125,-20.1179],[119.5311,-20.1375],[119.1365,-20.0367],[118.8651,-20.069],[118.6087,-20.3811],[117.9685,-20.4715],[117.5969,-20.7583],[116.7744,-20.7855],[116.4188,-20.8371],[116.1346,-20.984],[115.5674,-21.4556],[114.4563,-22.0937],[114.309,-22.5645],[114.0748,-22.6031],[114.0225,-22.3299],[113.8223,-22.254],[113.6254,-22.5659],[113.7247,-23.0171],[113.762,-23.4811],[113.6674,-23.7801],[113.3619,-24.283],[113.4326,-24.8742],[113.5919,-25.1854],[114.1825,-26.017],[114.0951,-26.5386],[113.8807,-26.509],[113.7394,-26.6665],[113.433,-26.572],[113.9252,-27.3847],[114.0222,-27.6261],[113.9646,-28.0332],[114.6304,-28.903],[114.8405,-29.3858],[114.9122,-29.6973],[114.9,-30.1424],[115.0583,-30.8035],[115.5609,-31.661],[115.7473,-32.2076],[115.7669,-32.7545],[115.6467,-33.3654],[115.4085,-33.7666],[114.9613,-33.8693],[115.0469,-34.4225],[115.6163,-34.6312],[115.9665,-34.9358],[116.561,-35.1893],[117.5298,-35.251],[118.2071,-35.0903],[118.6728,-34.6058],[119.175,-34.6366],[119.3298,-34.5791],[119.5921,-34.2223],[119.7715,-34.1202],[120.2801,-34.1191],[121.4095,-33.9705],[121.7403,-33.9635],[122.1709,-34.1789],[122.768,-34.0313],[123.3586,-34.0428],[123.623,-33.9151],[124.2484,-33.1441],[124.8472,-32.9521],[125.6419,-32.5624],[126.0589,-32.4344],[127.2651,-32.381],[128.17,-32.1501],[128.6148,-31.952],[129.1854,-31.7982],[130.8573,-31.7311],[131.2802,-31.6348],[131.6945,-31.8312],[131.9925,-32.0659],[132.3766,-32.1605],[132.6977,-32.0899],[133.1251,-32.3371],[133.837,-32.342],[134.237,-32.7419],[134.1078,-33.0284],[134.2085,-33.2572],[134.6311,-33.2691],[134.8437,-33.6948],[135.1531,-34.0504],[135.3573,-34.4572],[135.5281,-35.0549],[135.7124,-35.2074],[136.1061,-34.532],[136.7308,-34.0599],[137.0671,-33.9511],[137.4572,-33.3141],[137.8199,-33.0653],[137.8682,-32.7471],[138.1658,-33.1918],[138.0908,-33.4528],[137.9125,-33.5168],[137.8637,-33.8795],[137.5119,-34.4591],[137.5592,-34.9107],[137.3934,-35.0893],[137.1084,-35.0708],[136.947,-35.4726],[137.6833,-35.3309],[137.8829,-34.6874],[138.1015,-34.3561],[138.5676,-34.9277],[138.5346,-35.2973],[138.4298,-35.5524],[138.1972,-35.7569],[138.3524,-35.865],[138.7737,-35.7876],[139.1275,-35.6084],[139.3679,-35.6143],[139.4445,-36.0413],[139.7434,-36.3723],[139.8627,-36.7804],[139.8225,-37.2463],[140.012,-37.6416],[140.6522,-38.1639],[141.2253,-38.4566],[141.5472,-38.5326],[141.904,-38.4296],[142.6943,-38.6708],[143.3648,-38.9697],[144.3114,-38.5653],[144.7476,-38.4558],[144.4111,-38.2457],[144.7803,-38.0598],[144.9698,-38.0658],[145.5043,-38.4415],[145.5359,-38.7225],[145.9339,-38.8815],[146.821,-38.8413],[148.037,-38.0979],[148.2742,-38.0271],[149.5041,-37.9288],[149.8571,-37.6344],[149.9848,-37.3469],[150.0107,-36.6257],[150.0865,-36.1535],[150.2215,-35.6941],[150.762,-35.2531],[150.8497,-34.7181],[151.2169,-34.2083],[151.3645,-33.5209],[151.7646,-33.0047],[152.1762,-32.8767],[152.4451,-32.5071],[152.5367,-32.2079],[152.834,-31.7683],[152.9719,-31.4182],[153.0011,-31.0555],[152.9396,-30.6994],[153.2027,-29.9101],[153.3614,-29.1592],[153.4935,-28.8409],[153.3964,-28.1287],[152.9462,-27.341],[153.0867,-27.01],[153.0691,-26.2277],[152.9042,-25.6303],[152.7612,-25.4207],[152.5336,-25.364],[152.318,-24.8176],[152.0727,-24.7418],[151.8595,-24.2907],[151.7301,-24.1575],[151.2002,-23.9424],[150.8025,-23.5999],[150.7544,-22.8115],[150.6109,-22.6211],[150.3556,-22.5517],[149.9448,-22.3236],[150.0173,-22.7304],[149.6702,-22.5722],[149.5568,-22.4326],[149.4114,-21.9178],[149.1015,-21.0601],[148.706,-20.8448],[148.567,-20.6543],[148.7564,-20.2915],[148.7037,-20.2026],[148.1904,-20.1719],[147.5936,-19.8553],[147.4127,-19.5632],[147.0776,-19.513],[146.3218,-19.0823],[146.1062,-18.5487],[145.9246,-18.2566],[146.0187,-17.8622],[145.9942,-17.5126],[145.8695,-17.195],[145.4511,-16.5982],[145.3255,-16.4904],[145.3464,-16.0136],[145.2222,-15.6642],[145.1843,-15.0476],[144.6926,-14.7244],[144.5292,-14.6676],[144.3854,-14.3691],[144.0647,-14.5923],[143.7432,-14.4658],[143.4735,-13.6654],[143.4375,-13.0806],[143.2923,-12.6868],[142.9708,-12.535],[143.1731,-12.1213],[143.1274,-12.0134],[142.8235,-11.9187],[142.7492,-11.3213],[142.6443,-11.0927],[142.3376,-10.9154]]]},"properties":{"NAME":"Australian aboriginal hunter-gatherers","ABBREVN":"Australian aboriginal hunter-gatherers","SUBJECTO":"Australian aboriginal hunter-gatherers","BORDERPRECISION":1,"PARTOF":"Australian aboriginal hunter-gatherers"}},
{"type":"Feature","geometry":{"type":"Polygon","coordinates":[[[146.7127,-43.7218],[146.836,-43.6893],[147.1417,-43.2567],[147.3907,-43.0822],[147.8153,-42.9654],[147.9812,-42.482],[148.3193,-41.8058],[148.2695,-41.0926],[148.0559,-40.9197],[147.5964,-41.1646],[147.2886,-41.1523],[146.7407,-41.2948],[146.3822,-41.3083],[145.8919,-41.1423],[144.7761,-40.8428],[144.7001,-41.164],[144.936,-41.7097],[145.5305,-42.3453],[145.301,-42.4616],[145.2794,-42.6677],[145.7227,-43.2402],[145.9669,-43.4073],[146.7127,-43.7218]]]},"properties":{"NAME":"Tasmanian hunter-gatherers","ABBREVN":"Tasmanian hunter-gatherers","SUBJECTO":"Tasmanian hunter-gatherers","BORDERPRECISION":1,"PARTOF":"Tasmanian hunter-gatherers"}},
{"type":"Feature","geometry":{"type":"Polygon","coordinates":[[[-81.1731,50.0324],[-69.2228,48.6781],[-68.8011,48.9772],[-68.307,49.2269],[-67.3177,49.4253],[-67.0964,49.8256],[-66.8547,50.0889],[-66.3727,50.3139],[-65.5815,50.3616],[-64.8809,50.334],[-62.7423,54.6479],[-62.8895,54.7251],[-65.6432,55.2629],[-71.0334,55.196],[-74.1972,52.9272],[-78.7418,52.7441],[-78.5731,52.4887],[-78.491,52.2561],[-78.5534,52.0102],[-78.7968,51.7709],[-78.7001,51.5656],[-78.7484,51.3204],[-78.8227,51.1614],[-79.1118,51.525],[-79.534,51.4182],[-79.4953,51.1403],[-79.3385,50.843],[-80.0733,51.298],[-80.3613,51.304],[-80.5728,51.6414],[-80.8771,51.9062],[-81.3107,52.1178],[-81.7474,52.1701],[-81.7129,52.3297],[-81.8524,52.7086],[-82.3412,52.9808],[-82.2122,53.3413],[-82.1604,53.8024],[-82.3993,54.2706],[-82.3357,54.653],[-82.2021,54.9689],[-82.3827,55.0562],[-83.576,55.2226],[-84.4684,55.1669],[-85.161,55.3276],[-85.8924,55.6102],[-87.4672,55.912],[-87.9142,56.3319],[-88.7675,56.7385],[-89.7255,56.9342],[-90.2037,57.074],[-90.4446,57.1443],[-91.3369,57.1631],[-92.7114,56.8313],[-93.8246,56.8633],[-102.1443,57.2139],[-111.2842,58.5531],[-122.4911,54.2436],[-115.0339,52.033],[-114.4674,51.9996],[-105.1909,51.4525],[-98.9219,50.2317],[-95.5664,49.9963],[-95.1722,49.9686],[-87.7899,49.9309],[-85.0362,49.0941],[-83.7608,49.0151],[-83.271,50.2316],[-81.2702,49.7388],[-81.1731,50.0324]]]},"properties":{"NAME":"Subarctic forest hunter-gatherers","ABBREVN":"Subarctic forest hunter-gatherers","SUBJECTO":"Subarctic forest hunter-gatherers","BORDERPRECISION":1,"PARTOF":"Subarctic forest hunter-gatherers"}},
{"type":"Feature","geometry":{"type":"Polygon","coordinates":[[[-128.4321,52.9385],[-128.0772,52.9392],[-128.0596,52.4995],[-127.873,52.4133],[-127.8665,52.4125],[-125.7579,53.1308],[-122.4911,54.2436],[-111.2842,58.5531],[-118.1977,62.7126],[-124.9355,64.8346],[-132.4349,62.497],[-138.7511,62.4246],[-128.7045,60.74],[-130.8674,55.7307],[-130.6954,55.4654],[-130.6903,54.9717],[-130.065,55.1021],[-129.8417,54.9785],[-130.2989,54.5476],[-130.1765,54.1721],[-130.0036,53.938],[-129.4339,53.5175],[-129.0604,53.739],[-128.8141,53.7639],[-128.8888,53.4183],[-128.4321,52.9385]]]},"properties":{"NAME":"Athabaskan","ABBREVN":"Athabaskan","SUBJECTO":"Athabaskan","BORDERPRECISION":1,"PARTOF":"Athabaskan"}},
{"type":"Feature","geometry":{"type":"Polygon","coordinates":[[[-64.1941,-14.6946],[-64.6618,-16.8047],[-65.7188,-18.0842],[-65.4935,-19.1354],[-67.1536,-25.2223],[-68.2603,-28.5425],[-68.4096,-30.4838],[-67.4816,-31.6559],[-63.5633,-30.0366],[-57.3528,-29.6809],[-54.3647,-30.5929],[-53.5445,-31.4465],[-52.1402,-31.7409],[-52.0422,-31.5566],[-51.6023,-31.2317],[-51.4454,-31.0154],[-51.2324,-30.2654],[-50.9476,-30.3601],[-50.6086,-30.3022],[-50.5817,-30.4165],[-50.854,-30.9379],[-51.137,-31.1926],[-51.1168,-31.4721],[-50.8061,-31.1919],[-50.4687,-30.7402],[-49.9363,-29.6274],[-49.5465,-29.1565],[-48.9373,-28.6978],[-48.7969,-28.4755],[-49.8387,-26.7973],[-49.4872,-24.5533],[-48.469,-23.7488],[-53.1234,-14.275],[-60.2676,-13.81],[-64.1941,-14.6946]]]},"properties":{"NAME":"Savanna hunter-gatherers","ABBREVN":"Savanna hunter-gatherers","SUBJECTO":"Savanna hunter-gatherers","BORDERPRECISION":1,"PARTOF":"Savanna hunter-gatherers"}},
{"type":"Feature","geometry":{"type":"MultiPolygon","coordinates":[[[[-70.4982,-54.9231],[-69.6717,-54.7741],[-69.214,-54.934],[-68.3755,-54.852],[-67.1526,-54.91],[-66.6218,-55.07],[-65.3477,-54.9132],[-65.2622,-54.8193],[-66.4175,-54.6072],[-66.9828,-54.3407],[-67.8381,-53.7012],[-68.1297,-53.3752],[-68.5575,-53.3494],[-68.7053,-53.2346],[-68.3054,-52.9431],[-68.7013,-52.7201],[-69.2205,-52.6923],[-69.4067,-52.5665],[-69.7973,-52.8529],[-70.2805,-53.0865],[-70.4647,-53.3731],[-70.3333,-53.4727],[-69.5146,-53.3446],[-69.4407,-53.4111],[-69.4206,-53.5443],[-70.1455,-53.8057],[-70.0425,-53.9857],[-69.8902,-54.139],[-69.3353,-54.2917],[-69.0555,-54.602],[-69.5678,-54.4593],[-70.213,-54.4338],[-70.6207,-54.5015],[-70.4982,-54.9231]]],[[[-74.2363,-43.3683],[-73.7713,-43.5088],[-73.6958,-43.3865],[-73.6086,-42.9106],[-73.8305,-42.5641],[-73.4552,-42.2616],[-73.6372,-41.9668],[-74.0048,-42.0188],[-74.1686,-42.3465],[-74.1341,-42.7639],[-74.296,-43.2655],[-74.2363,-43.3683]]],[[[-73.2433,-52.5739],[-73.2806,-52.9526],[-73.0804,-53.032],[-72.8449,-52.6461],[-72.869,-52.2813],[-73.5605,-52.2826],[-73.6256,-52.6078],[-73.2433,-52.5739]]],[[[-69.1147,-51.3524],[-71.1652,-51.5614],[-71.4875,-51.1039],[-72.044,-48.7664],[-72.1905,-45.9901],[-71.6339,-43.1955],[-70.5793,-40.5791],[-72.0685,-40.5472],[-72.7282,-41.5534],[-72.5872,-41.6183],[-72.7311,-41.9072],[-72.6086,-41.9968],[-72.4659,-42.035],[-72.4381,-42.3045],[-72.7474,-42.4464],[-72.7236,-42.7996],[-72.5297,-43.0627],[-72.9985,-43.3337],[-72.9719,-43.7067],[-73.058,-44.1896],[-72.7601,-44.3693],[-72.5827,-44.4398],[-72.6771,-44.7493],[-73.3141,-45.086],[-73.1377,-45.3443],[-73.0473,-45.3765],[-73.3314,-45.4741],[-73.4737,-45.6686],[-73.5711,-46.2649],[-73.9697,-46.7134],[-73.9952,-46.4863],[-74.17,-46.3374],[-74.4293,-46.5326],[-74.4789,-46.3056],[-74.0418,-46.0908],[-74.189,-45.8449],[-74.5639,-45.8715],[-74.8639,-46.2286],[-75.4414,-46.5151],[-75.4443,-46.6254],[-75.0219,-46.5532],[-74.862,-46.8191],[-74.4632,-46.7988],[-73.9788,-47.0317],[-74.0868,-47.2984],[-74.3811,-47.4226],[-74.5453,-47.6832],[-74.2966,-47.7608],[-73.7637,-47.7728],[-73.3605,-47.9738],[-73.4387,-48.1564],[-74.2103,-48.0081],[-74.133,-48.4773],[-74.3124,-48.7451],[-74.2716,-49.431],[-73.9631,-49.2408],[-73.8999,-49.4303],[-74.2405,-49.6337],[-73.9325,-49.9931],[-74.1902,-50.171],[-73.9342,-50.5061],[-73.5302,-50.4329],[-73.7756,-50.8351],[-74.2085,-51.0206],[-73.6788,-51.2308],[-73.7785,-51.6142],[-73.5912,-51.7925],[-73.2585,-51.7058],[-73.4081,-52.0238],[-73.1069,-52.1028],[-72.8102,-51.93],[-72.4492,-52.1611],[-72.5588,-52.5726],[-72.2123,-52.5719],[-71.678,-52.6439],[-72.7842,-52.8985],[-72.7509,-53.1378],[-72.0511,-53.07],[-71.4425,-52.8294],[-71.152,-52.9618],[-71.8723,-53.6956],[-71.4423,-53.8816],[-70.998,-53.8207],[-70.9051,-53.2341],[-70.7336,-52.8015],[-70.4156,-52.668],[-69.8952,-52.6272],[-69.483,-52.3609],[-68.4559,-52.4202],[-69.0769,-51.4993],[-69.1147,-51.3524]]]]},"properties":{"NAME":"Patagonian shellfish and marine mammal hunters","ABBREVN":"Patagonian shellfish and marine mammal hunters","SUBJECTO":"Patagonian shellfish and marine mammal hunters","BORDERPRECISION":1,"PARTOF":"Patagonian shellfish and marine mammal hunters"}},
{"type":"Feature","geometry":{"type":"Polygon","coordinates":[[[-67.4816,-31.6559],[-68.4096,-30.4838],[-68.4447,-30.9404],[-69.367,-32.6004],[-69.367,-34.445],[-70.2893,-36.4739],[-71.0271,-37.2117],[-73.2779,-37.2835],[-73.1442,-37.1558],[-72.8464,-36.3592],[-72.6288,-35.6459],[-72.33,-35.2826],[-72.1666,-34.9579],[-71.9627,-34.2462],[-71.8228,-33.9347],[-71.6157,-33.7057],[-71.7504,-33.1915],[-71.4161,-32.7526],[-71.5198,-32.1812],[-71.4161,-32.7526],[-71.7504,-33.1915],[-71.6157,-33.7057],[-71.8228,-33.9347],[-71.9627,-34.2462],[-72.1666,-34.9579],[-72.33,-35.2826],[-72.6288,-35.6459],[-72.8464,-36.3592],[-73.1442,-37.1558],[-73.3597,-37.3219],[-73.5841,-37.2777],[-73.6725,-37.5009],[-73.435,-37.9018],[-73.4412,-38.6284],[-73.1963,-39.4187],[-73.1938,-39.5654],[-73.4343,-39.9104],[-73.7594,-40.2434],[-73.9052,-40.839],[-73.8453,-41.1528],[-73.6656,-41.4794],[-73.4636,-41.7868],[-73.1777,-41.7606],[-72.8909,-41.5291],[-72.7282,-41.5534],[-72.0685,-40.5472],[-71.5167,-39.7057],[-69.4368,-37.159],[-67.6499,-33.5769],[-67.4816,-31.6559]]]},"properties":{"NAME":"Andean hunter-gatherers","ABBREVN":"Andean hunter-gatherers","SUBJECTO":"Andean hunter-gatherers","BORDERPRECISION":1,"PARTOF":"Andean hunter-gatherers"}},
{"type":"Feature","geometry":{"type":"Polygon","coordinates":[[[-53.1234,-14.275],[-53.1285,-14.2647],[-46.2809,-3.5528],[-49.0661,-4.7436],[-54.1633,-4.6268],[-56.3311,-4.3347],[-58.4404,-2.2876],[-57.9716,-0.5892],[-55.8038,0.8755],[-55.8624,1.6956],[-58.5575,3.9776],[-62.6588,4.1529],[-66.4085,3.0419],[-70.1582,-5.7354],[-69.045,-8.2359],[-64.1941,-14.6946],[-60.2676,-13.81],[-53.1234,-14.275]]]},"properties":{"NAME":"Amazon hunter-gatherers","ABBREVN":"Amazon hunter-gatherers","SUBJECTO":"Amazon hunter-gatherers","BORDERPRECISION":1,"PARTOF":"Amazon hunter-gatherers"}},
{"type":"Feature","geometry":{"type":"MultiPolygon","coordinates":[[[[-50.4763,-1.6788],[-50.225,-1.7354],[-49.9368,-1.6585],[-49.3471,-1.6445],[-48.8857,-1.4211],[-48.6398,-1.0584],[-48.5528,-0.6324],[-48.4019,-0.3907],[-49.1427,-0.1953],[-49.3582,-0.2847],[-50.2068,-0.1912],[-50.5014,-0.2617],[-50.6167,-0.8911],[-50.6115,-1.4376],[-50.4763,-1.6788]]],[[[-70.6818,8.5572],[-65.9654,8.1804],[-63.0652,8.3254],[-62.1278,8.6441],[-61.6958,8.6101],[-61.2899,8.7707],[-61.1211,9.1651],[-60.7927,9.3882],[-61.4147,9.6983],[-61.5309,9.8506],[-61.9166,9.9069],[-62.1033,10.0209],[-62.2969,9.7218],[-62.3846,10.014],[-62.6585,10.2549],[-62.9253,10.3687],[-62.9143,10.5467],[-62.3356,10.5352],[-62.2032,10.6181],[-62.2897,10.7323],[-62.7031,10.7569],[-63.6531,10.6913],[-64.0683,10.6268],[-64.5374,10.2635],[-64.8837,10.1357],[-65.3759,10.1537],[-65.9767,10.4066],[-66.1565,10.6223],[-66.4781,10.6788],[-67.5209,10.6003],[-67.9796,10.5421],[-68.3025,10.7257],[-68.3724,11.0116],[-68.6946,11.3795],[-68.9613,11.4679],[-69.4807,11.5494],[-69.7429,11.6566],[-69.7752,11.786],[-69.787,11.8729],[-69.87,12.0123],[-69.9735,12.2284],[-70.1385,12.209],[-70.3393,11.9988],[-70.1974,11.7512],[-69.8652,11.7577],[-69.7915,11.693],[-69.7478,11.5335],[-70.1224,11.4909],[-70.1614,11.3899],[-71.0984,11.1201],[-71.4563,10.8847],[-71.4956,10.6462],[-71.3812,10.4077],[-71.0894,9.9189],[-71.0144,9.6267],[-71.0442,9.3915],[-71.1817,9.2771],[-70.6818,8.5572]]]]},"properties":{"NAME":"Caribbean hunter-gatherers","ABBREVN":"Caribbean hunter-gatherers","SUBJECTO":"Caribbean hunter-gatherers","BORDERPRECISION":1,"PARTOF":"Caribbean hunter-gatherers"}},
{"type":"Feature","geometry":{"type":"Polygon","coordinates":[[[-69.1147,-51.3524],[-69.167,-51.1494],[-69.0409,-50.5624],[-68.706,-50.2853],[-68.27,-50.1727],[-67.8335,-49.9682],[-67.6498,-49.6209],[-67.6999,-49.3856],[-67.5776,-49.0585],[-67.2572,-48.7445],[-66.0777,-48.1421],[-65.7812,-47.7116],[-65.776,-47.2301],[-66.6709,-47.0174],[-67.3281,-46.5316],[-67.4686,-46.2659],[-67.4725,-45.9223],[-67.2253,-45.5527],[-66.6949,-45.1311],[-66.1943,-44.9815],[-65.6572,-44.9418],[-65.6266,-44.7225],[-65.6366,-44.6259],[-65.2698,-44.2579],[-65.3072,-43.6014],[-65.0473,-43.3307],[-64.698,-43.2014],[-64.3093,-43.0271],[-65.0171,-42.8807],[-65.0851,-42.7844],[-64.6879,-42.6487],[-64.1654,-42.6477],[-64.0011,-42.8529],[-63.6646,-42.7752],[-63.6237,-42.5695],[-63.729,-42.101],[-64.2937,-42.2048],[-64.1197,-42.3842],[-64.2859,-42.4745],[-64.6439,-42.4367],[-64.992,-42.1934],[-64.9247,-41.7312],[-65.1346,-41.2444],[-65.1532,-40.9753],[-64.9389,-40.8275],[-63.8419,-41.1584],[-63.4756,-41.1898],[-62.964,-41.1375],[-62.4008,-40.9249],[-62.2598,-40.8029],[-62.4658,-40.3679],[-62.4349,-40.1951],[-62.1082,-39.6898],[-62.0678,-39.5558],[-62.351,-39.3331],[-62.3099,-38.8802],[-61.8895,-38.9813],[-61.3607,-39.0313],[-59.5154,-38.8745],[-58.6512,-38.6942],[-57.8089,-38.3865],[-57.6434,-38.2587],[-57.5021,-37.9269],[-57.1739,-37.5821],[-56.6981,-36.9441],[-56.7997,-36.543],[-57.0836,-36.4163],[-57.3717,-36.1494],[-57.3996,-35.8185],[-57.2368,-35.5827],[-57.2255,-35.4363],[-57.4793,-35.2141],[-58.107,-34.961],[-58.5228,-34.5871],[-58.3397,-34.2161],[-57.7868,-34.5983],[-57.3477,-34.5084],[-56.719,-34.6914],[-56.3383,-34.9955],[-55.3831,-34.8157],[-54.9898,-34.9673],[-54.6215,-34.9221],[-54.0743,-34.6478],[-53.7932,-34.3995],[-53.4319,-33.9034],[-52.9214,-33.4386],[-52.567,-33.0187],[-52.3507,-32.6752],[-52.1402,-31.7409],[-53.5445,-31.4465],[-54.3647,-30.5929],[-57.3528,-29.6809],[-63.5633,-30.0366],[-67.4816,-31.6559],[-67.6499,-33.5769],[-69.4368,-37.159],[-71.5167,-39.7057],[-72.0685,-40.5472],[-70.5793,-40.5791],[-71.6339,-43.1955],[-72.1905,-45.9901],[-72.044,-48.7664],[-71.4875,-51.1039],[-71.1652,-51.5614],[-69.1147,-51.3524]]]},"properties":{"NAME":"Pampas cultures","ABBREVN":"Pampas cultures","SUBJECTO":"Pampas cultures","BORDERPRECISION":1,"PARTOF":"Pampas cultures"}},
{"type":"Feature","geometry":{"type":"Polygon","coordinates":[[[-118.8423,38.8801],[-109.0486,38.8801],[-111.5479,41.6419],[-111.6677,41.9353],[-115.0925,42.5116],[-119.018,43.1133],[-120.4574,43.5651],[-120.1804,41.0143],[-120.7106,40.9224],[-118.8423,38.8801]]]},"properties":{"NAME":"Desert hunter-gatherers","ABBREVN":"Desert hunter-gatherers","SUBJECTO":"Desert hunter-gatherers","BORDERPRECISION":1,"PARTOF":"Desert hunter-gatherers"}},
{"type":"Feature","geometry":{"type":"MultiPolygon","coordinates":[[[[-132.1738,54.8463],[-132.1772,55.2848],[-132.5547,55.4531],[-132.6881,55.6492],[-132.6208,55.751],[-132.6333,55.9001],[-133.5178,56.2107],[-133.2663,55.8311],[-133.271,55.621],[-133.016,55.371],[-132.1738,54.8463]]],[[[-122.5346,48.6974],[-122.3453,48.0767],[-122.4859,47.6064],[-122.6628,47.469],[-123.1834,47.4883],[-122.6628,47.469],[-122.4859,47.6064],[-122.3453,48.0767],[-122.422,48.3942],[-120.9968,48.5332],[-120.463,43.6168],[-120.307,44.2991],[-120.4827,48.962],[-124.7597,52.4478],[-125.7579,53.1308],[-127.8665,52.4125],[-127.4306,52.4608],[-127.0373,52.4636],[-127.5558,52.1678],[-128.0129,51.8082],[-127.455,51.7695],[-127.353,51.637],[-127.5592,51.5371],[-127.675,51.2453],[-127.4551,51.0206],[-126.6913,50.9891],[-126.4253,51.0888],[-126.2281,50.9304],[-126.0859,50.7125],[-125.4123,50.5487],[-124.9392,50.5958],[-124.795,50.0353],[-124.4706,49.8125],[-124.1497,49.9313],[-123.9205,49.8858],[-123.6986,49.5254],[-123.212,49.6247],[-123.2133,49.2724],[-122.9843,49.1352],[-122.6056,48.8347],[-122.5346,48.6974]]],[[[-128.3431,50.6685],[-127.3855,50.05],[-126.9612,50.0574],[-126.5222,49.8217],[-126.5631,49.5722],[-126.1115,49.5272],[-125.8922,49.3768],[-125.7798,49.0887],[-124.999,49.1689],[-125.0978,48.7954],[-124.4926,48.6003],[-123.902,48.4706],[-123.5934,48.6347],[-123.8614,49.158],[-124.7179,49.4906],[-125.0757,49.7654],[-125.2675,50.0541],[-125.7186,50.4094],[-126.9574,50.5919],[-127.848,50.8611],[-128.4328,50.8269],[-128.3431,50.6685]]]]},"properties":{"NAME":"North American Pacifi foraging, hunting and fishing peoples","ABBREVN":"North American Pacifi foraging, hunting and fishing peoples","SUBJECTO":"North American Pacifi foraging, hunting and fishing peoples","BORDERPRECISION":1,"PARTOF":"North American Pacifi foraging, hunting and fishing peoples"}},
{"type":"Feature","geometry":{"type":"Polygon","coordinates":[[[-122.4911,54.2436],[-125.7579,53.1308],[-124.7597,52.4478],[-120.4827,48.962],[-120.307,44.2991],[-120.463,43.6168],[-120.4574,43.5651],[-119.018,43.1133],[-115.0925,42.5116],[-111.6677,41.9353],[-114.1258,47.9518],[-114.4674,51.9996],[-115.0339,52.033],[-122.4911,54.2436]],[[-117.8521,46.3474],[-117.3171,46.4108],[-117.134,46.7699],[-116.6271,46.8684],[-116.0427,46.6643],[-115.0571,46.6784],[-114.4727,46.3686],[-114.4657,45.9954],[-114.2052,45.5308],[-116.3948,44.6789],[-117.3945,44.7915],[-117.7113,45.6364],[-117.5705,46.0236],[-117.8521,46.3474]]]},"properties":{"NAME":"Plateau fichers and hunter gatherers","ABBREVN":"Plateau fichers and hunter gatherers","SUBJECTO":"Plateau fichers and hunter gatherers","BORDERPRECISION":1,"PARTOF":"Plateau fichers and hunter gatherers"}},
{"type":"Feature","geometry":{"type":"MultiPolygon","coordinates":[[[[-109.0486,38.8801],[-102.5682,38.8801],[-102.5682,33.1778],[-96.5098,33.6333],[-97.1386,34.4714],[-96.4062,35.6463],[-94.6192,36.0973],[-94.1176,35.8756],[-94.1176,39.7317],[-94.2347,46.721],[-95.5664,49.9963],[-98.9219,50.2317],[-105.1909,51.4525],[-114.4674,51.9996],[-114.1258,47.9518],[-111.6677,41.9353],[-111.5479,41.6419],[-109.0486,38.8801]],[[-105.977,43.3121],[-106.8227,43.7149],[-107.1798,43.958],[-107.7495,44.0416],[-109.0257,44.4898],[-110.2791,44.7481],[-110.9628,45.0671],[-111.5487,45.5067],[-110.1624,46.7925],[-107.8118,47.1943],[-106.2849,47.9176],[-103.9945,47.6363],[-104.537,47.134],[-104.6977,46.1697],[-104.3488,45.2104],[-104.5526,45.0717],[-104.225,45.2393],[-103.6995,45.3002],[-103.2196,45.1936],[-102.7549,44.8965],[-102.3131,44.4852],[-102.2293,44.1652],[-102.8844,43.2664],[-102.9529,42.9845],[-103.4785,42.6113],[-104.1641,41.9714],[-104.8344,42.238],[-105.4286,42.9007],[-105.977,43.3121]]],[[[-96.7736,28.6227],[-96.7166,28.7118],[-96.2031,28.6366],[-95.6028,28.7987],[-95.3765,28.9602],[-97.7518,28.6935],[-96.6027,28.3836],[-96.5771,28.426],[-96.7736,28.6227]]]]},"properties":{"NAME":"Plain bison hunters","ABBREVN":"Plain bison hunters","SUBJECTO":"Plain bison hunters","BORDERPRECISION":1,"PARTOF":"Plain bison hunters"}},
{"type":"Feature","geometry":{"type":"Polygon","coordinates":[[[-84.785,46.471],[-85.1002,46.7487],[-85.9931,46.6722],[-86.5221,46.4754],[-87.2726,46.5119],[-87.7605,46.8639],[-88.4566,46.9197],[-88.2827,47.1425],[-88.2993,47.3991],[-89.3114,46.8814],[-89.6984,46.8244],[-90.2766,46.625],[-90.7048,46.6884],[-90.8318,46.944],[-91.8682,46.7078],[-92.111,46.7337],[-91.1503,47.3676],[-90.4567,47.7051],[-89.5167,48.0037],[-89.1136,48.4539],[-88.2361,48.8715],[-88.095,49.0046],[-87.4621,48.8238],[-86.384,48.7253],[-86.0769,48.1794],[-85.7973,47.9663],[-85.0266,47.9395],[-84.924,47.5242],[-84.6234,47.2609],[-84.7491,47.1007],[-84.6108,46.9037],[-83.7608,49.0151],[-85.0362,49.0941],[-87.7899,49.9309],[-95.1722,49.9686],[-95.5664,49.9963],[-94.2347,46.721],[-94.1176,39.7317],[-94.1176,35.8756],[-94.6192,36.0973],[-96.4062,35.6463],[-97.1386,34.4714],[-96.5098,33.6333],[-95.2518,33.7279],[-95.4069,35.2963],[-86.004,35.2289],[-86.1313,35.4207],[-80.261,38.7745],[-82.4679,41.4095],[-82.7303,41.4521],[-83.4499,41.7539],[-83.1251,42.051],[-82.5226,41.945],[-85.5047,44.6833],[-85.2508,45.3139],[-86.0018,44.9172],[-86.2142,44.7039],[-86.3297,44.2749],[-86.4534,44.1299],[-86.5138,43.6808],[-86.2426,42.9879],[-86.2301,42.6166],[-86.5178,42.0351],[-86.8418,41.766],[-87.2245,41.6346],[-87.5538,41.7662],[-87.7832,42.2036],[-87.7766,42.66],[-87.9084,43.1918],[-87.7146,43.8761],[-87.5637,44.1295],[-87.3433,44.8177],[-87.8762,44.8782],[-87.1948,45.5699],[-86.7201,45.8672],[-85.8375,45.9542],[-85.3818,46.0748],[-84.9828,45.9796],[-84.785,46.471]]]},"properties":{"NAME":null,"ABBREVN":null,"SUBJECTO":null,"BORDERPRECISION":1,"PARTOF":null}},
{"type":"Feature","geometry":{"type":"Polygon","coordinates":[[[-103.0037,33.1451],[-99.4371,33.4132],[-102.5682,33.1778],[-102.5682,38.8801],[-109.0486,38.8801],[-118.8423,38.8801],[-115.7705,35.5224],[-109.7251,36.4108],[-103.3836,37.3428],[-103.0037,33.1451]]]},"properties":{"NAME":null,"ABBREVN":null,"SUBJECTO":null,"BORDERPRECISION":1,"PARTOF":null}},
{"type":"Feature","geometry":{"type":"MultiPolygon","coordinates":[]},"properties":{"NAME":null,"ABBREVN":null,"SUBJECTO":null,"BORDERPRECISION":1,"PARTOF":null}},
{"type":"Feature","geometry":{"type":"Polygon","coordinates":[[[-122.9843,49.1352],[-122.5346,48.6974],[-122.6056,48.8347],[-122.9843,49.1352]]]},"properties":{"NAME":null,"ABBREVN":null,"SUBJECTO":null,"BORDERPRECISION":1,"PARTOF":null}},
{"type":"Feature","geometry":{"type":"Polygon","coordinates":[[[-123.6986,49.5254],[-123.531,49.5126],[-123.212,49.6247],[-123.6986,49.5254]]]},"properties":{"NAME":null,"ABBREVN":null,"SUBJECTO":null,"BORDERPRECISION":1,"PARTOF":null}},
{"type":"Feature","geometry":null,"properties":{"NAME":null,"ABBREVN":null,"SUBJECTO":null,"BORDERPRECISION":1,"PARTOF":null}},
{"type":"Feature","geometry":null,"properties":{"NAME":null,"ABBREVN":null,"SUBJECTO":null,"BORDERPRECISION":1,"PARTOF":null}},
{"type":"Feature","geometry":null,"properties":{"NAME":null,"ABBREVN":null,"SUBJECTO":null,"BORDERPRECISION":1,"PARTOF":null}},
{"type":"Feature","geometry":null,"properties":{"NAME":null,"ABBREVN":null,"SUBJECTO":null,"BORDERPRECISION":1,"PARTOF":null}},
{"type":"Feature","geometry":{"type":"Polygon","coordinates":[[[-127.873,52.4133],[-127.7102,52.3937],[-127.4306,52.4608],[-127.0373,52.4636],[-127.4306,52.4608],[-127.8665,52.4125],[-127.873,52.4133]]]},"properties":{"NAME":null,"ABBREVN":null,"SUBJECTO":null,"BORDERPRECISION":1,"PARTOF":null}},
{"type":"Feature","geometry":{"type":"Polygon","coordinates":[[[-144.1738,63.3338],[-138.7511,62.4246],[-132.4349,62.497],[-124.9355,64.8346],[-118.1977,62.7126],[-111.2842,58.5531],[-102.1443,57.2139],[-93.8246,56.8633],[-92.7114,56.8313],[-92.4831,56.9767],[-92.4236,57.3865],[-92.5227,57.6873],[-93.0742,58.551],[-93.3638,58.7019],[-93.8876,58.6596],[-94.4149,58.7137],[-94.6838,58.8785],[-94.8003,59.5135],[-94.7532,59.95],[-94.376,60.7951],[-93.8743,61.3432],[-93.3246,61.5411],[-93.4226,61.858],[-92.8939,62.126],[-98.7343,65.6289],[-128.3675,66.8766],[-143.608,68.6496],[-150.4152,61.309],[-150.1376,61.2444],[-144.1738,63.3338]]]},"properties":{"NAME":null,"ABBREVN":null,"SUBJECTO":null,"BORDERPRECISION":1,"PARTOF":null}},
{"type":"Feature","geometry":{"type":"Polygon","coordinates":[[[-90.2037,57.074],[-90,57.074],[-90,57.1779],[-90.4446,57.1443],[-90.2037,57.074]]]},"properties":{"NAME":null,"ABBREVN":null,"SUBJECTO":null,"BORDERPRECISION":1,"PARTOF":null}},
{"type":"Feature","geometry":null,"properties":{"NAME":null,"ABBREVN":null,"SUBJECTO":null,"BORDERPRECISION":1,"PARTOF":null}},
{"type":"Feature","geometry":null,"properties":{"NAME":null,"ABBREVN":null,"SUBJECTO":null,"BORDERPRECISION":1,"PARTOF":null}},
{"type":"Feature","geometry":null,"properties":{"NAME":null,"ABBREVN":null,"SUBJECTO":null,"BORDERPRECISION":1,"PARTOF":null}},
{"type":"Feature","geometry":null,"properties":{"NAME":null,"ABBREVN":null,"SUBJECTO":null,"BORDERPRECISION":1,"PARTOF":null}},
{"type":"Feature","geometry":null,"properties":{"NAME":null,"ABBREVN":null,"SUBJECTO":null,"BORDERPRECISION":1,"PARTOF":null}},
{"type":"Feature","geometry":null,"properties":{"NAME":null,"ABBREVN":null,"SUBJECTO":null,"BORDERPRECISION":1,"PARTOF":null}},
{"type":"Feature","geometry":{"type":"Polygon","coordinates":[[[-79.5451,54.6919],[-79.3987,54.2764],[-78.8014,53.9627],[-79.0346,53.7416],[-78.844,53.281],[-78.7418,52.7441],[-74.1972,52.9272],[-71.0334,55.196],[-65.6432,55.2629],[-62.8895,54.7251],[-62.7423,54.6479],[-62.2767,55.5871],[-62.3657,55.5861],[-64.5972,58.1504],[-68.2138,57.037],[-74.5237,60.1234],[-75.3701,54.6621],[-79.5451,54.6919]]]},"properties":{"NAME":null,"ABBREVN":null,"SUBJECTO":null,"BORDERPRECISION":1,"PARTOF":null}},
{"type":"Feature","geometry":null,"properties":{"NAME":null,"ABBREVN":null,"SUBJECTO":null,"BORDERPRECISION":1,"PARTOF":null}},
{"type":"Feature","geometry":null,"properties":{"NAME":null,"ABBREVN":null,"SUBJECTO":null,"BORDERPRECISION":1,"PARTOF":null}},
{"type":"Feature","geometry":null,"properties":{"NAME":null,"ABBREVN":null,"SUBJECTO":null,"BORDERPRECISION":1,"PARTOF":null}},
{"type":"Feature","geometry":null,"properties":{"NAME":null,"ABBREVN":null,"SUBJECTO":null,"BORDERPRECISION":1,"PARTOF":null}},
{"type":"Feature","geometry":{"type":"Polygon","coordinates":[[[35.0327,-21.188],[35.1072,-20.9845],[35.0225,-20.8131],[34.6733,-20.5151],[34.7195,-20.0428],[33.471,-20.0233],[33.3953,-20.5834],[33.3953,-20.761],[33.3602,-20.8428],[33.0577,-23.0817],[31.3717,-25.2828],[30.4135,-25.8725],[29.3816,-25.8725],[28.6445,-24.9143],[28.0917,-22.7768],[28.018,-21.2289],[28.1407,-19.9401],[12.906,-19.7023],[12.5243,-19.0624],[12.9294,-19.7416],[13.8036,-21.4428],[14.4155,-22.2677],[14.5327,-22.4962],[14.5768,-22.7313],[14.3961,-23.0748],[14.409,-23.2527],[14.6676,-24.4215],[14.909,-25.0183],[14.8433,-25.6222],[14.9474,-26.0097],[15.1532,-26.3333],[15.1299,-26.4859],[15.0756,-26.6068],[15.2919,-27.1529],[15.4538,-27.6165],[15.6598,-27.8893],[16.5302,-28.7709],[16.7883,-29.1389],[17.3543,-30.4215],[17.5665,-30.8278],[17.9039,-31.2911],[18.1786,-31.8053],[18.3357,-32.3388],[18.2315,-32.8983],[17.9455,-32.918],[17.9277,-33.096],[18.0731,-33.2228],[18.4591,-33.8321],[18.2929,-34.2456],[18.3463,-34.3472],[18.7242,-34.2193],[18.8401,-34.4351],[19.2793,-34.5041],[19.3209,-34.7329],[19.8838,-34.9923],[20.2561,-34.6229],[20.8469,-34.5009],[21.3455,-34.5444],[21.6693,-34.5056],[21.9972,-34.2634],[22.6818,-34.1031],[23.1889,-34.2419],[23.4992,-34.0697],[24.0847,-34.1511],[24.4299,-34.3347],[24.6935,-34.3087],[24.9286,-34.0794],[25.5159,-34.1736],[25.6185,-33.9191],[26.6587,-33.8471],[26.963,-33.713],[27.6564,-33.2539],[28.2769,-32.7632],[28.9219,-32.2979],[29.2951,-31.9094],[29.8319,-31.4316],[30.391,-30.8139],[31.297,-29.5472],[31.5631,-29.2098],[32.2347,-28.7444],[32.3932,-28.3754],[32.3455,-28.026],[32.609,-27.8983],[32.7672,-27.5166],[32.916,-26.5185],[32.896,-26.3723],[32.4997,-26.0681],[32.9449,-25.5396],[33.3473,-25.3036],[34.5848,-24.8752],[35.198,-24.4798],[35.5009,-24.0852],[35.2974,-23.825],[35.4254,-23.4561],[35.5309,-22.4581],[35.5118,-22.1848],[35.2608,-22.2743],[35.2016,-21.9503],[34.9942,-21.2707],[35.0327,-21.188]]]},"properties":{"NAME":"Khoiasan","ABBREVN":"Khoiasan","SUBJECTO":"Khoiasan","BORDERPRECISION":1,"PARTOF":"Khoiasan"}},
{"type":"Feature","geometry":{"type":"Polygon","coordinates":[[[43.4967,9.7286],[42.4648,9.5074],[42.17,7.1488],[40.1061,6.854],[39.5165,6.5591],[38.3187,6.4961],[35.5778,5.527],[33.0215,6.8645],[32.3488,9.5276],[32.847,10.1047],[31.7453,10.2484],[31.2676,10.6464],[30.7899,11.2037],[30.5998,11.116],[24.0745,11.182],[23.1999,11.7753],[20.6733,11.9562],[18.628,10.1695],[15.6574,11.3062],[14.7126,12.507],[12.355,11.2027],[10.7265,11.2911],[9.8489,10.9079],[9.0086,10.9524],[7.1834,11.0492],[4.6661,11.5128],[3.5575,12.178],[3.6923,13.0768],[3.394,13.1231],[2.7445,12.4736],[1.9315,12.3258],[1.6017,12.4846],[-0.6396,11.2238],[-1.1726,10.8476],[-1.36,10.8186],[-3.477,10.2894],[-6.8291,10.1129],[-15.158,11.8761],[-15.099,11.8127],[-15.3613,11.5198],[-15.3414,11.2212],[-15.0294,11.1583],[-14.9662,10.847],[-14.5749,10.7843],[-14.5914,10.4665],[-14.4664,10.3334],[-14.058,10.0801],[-13.6801,9.9156],[-13.6256,9.6234],[-13.2817,9.2747],[-13.1414,9.0271],[-13.1449,8.7221],[-12.9273,8.6273],[-12.912,8.5574],[-12.9902,8.4555],[-13.2125,8.347],[-13.0441,8.1377],[-12.5131,7.7258],[-12.2741,7.631],[-12.2639,7.3514],[-12.0468,7.2629],[-11.7494,7.0793],[-11.1683,6.5975],[-10.4371,6.2051],[-9.9373,5.8631],[-9.2479,5.1719],[-8.2433,4.6403],[-7.5286,4.3368],[-6.3155,4.8732],[-5.5754,5.129],[-5,5.2383],[-3.9416,5.266],[-3.4923,5.8957],[-2.9026,6.1169],[-1.797,6.2643],[-1.1336,6.2643],[-0.3966,6.1169],[0.5361,5.7205],[0.9394,5.7595],[1.1764,6.0841],[1.5579,6.2374],[2.6168,6.3414],[3.4597,6.3813],[3.7189,6.5471],[3.9495,6.5794],[4.8234,7.9295],[4.2471,7.6647],[3.3626,7.6647],[2.6255,7.8122],[1.9621,8.4018],[1.9621,8.8441],[2.3307,9.5812],[3.2151,9.876],[4.3208,9.8023],[4.8494,9.4889],[5.3376,8.724],[6.8788,8.6429],[7.3654,7.9129],[7.3654,6.9396],[6.8997,6.1278],[6.764,5.8265],[12.6047,7.732],[22.2245,6.1962],[33.9297,2.8436],[34.406,2.4905],[43.4149,2.5148],[44.2814,3.3578],[46.4493,4.0804],[47.6365,4.096],[48.4716,5.2014],[48.9495,5.9904],[49.0461,6.4163],[49.421,6.989],[49.8229,7.6952],[49.8319,7.9939],[50.2108,8.3505],[50.7794,9.3684],[50.8527,9.5973],[50.8868,10.2773],[51.1298,10.7099],[51.0605,11.2435],[51.247,11.6569],[51.1807,11.7774],[50.6973,11.948],[50.0809,11.4764],[49.3035,11.246],[48.9703,11.2326],[48.5337,11.3333],[47.9962,11.1161],[47.3907,11.1593],[46.6773,10.7003],[46.4303,10.668],[45.9094,10.8321],[45.6463,10.7616],[45.0126,10.4489],[44.2808,10.3965],[43.4967,9.7286]]]},"properties":{"NAME":"West African cereal farmers","ABBREVN":"West African cereal farmers","SUBJECTO":"West African cereal farmers","BORDERPRECISION":1,"PARTOF":"West African cereal farmers"}},
{"type":"Feature","geometry":{"type":"MultiPolygon","coordinates":[[[[143.5082,44.1558],[143.0205,44.4637],[143.5082,44.1558],[144.0281,43.9509],[144.6138,43.8428],[145.14,44.1783],[144.6138,43.8428],[144.0281,43.9509],[143.5082,44.1558]]],[[[143.1389,52.8562],[142.6749,53.5402],[142.2141,53.2997],[141.767,53.2723],[141.841,52.96],[141.8115,52.628],[141.5982,52.2167],[141.6432,51.8131],[142.0166,51.4306],[142.1124,51.2196],[142.1529,50.89],[142.0851,50.3043],[142.0491,49.3547],[141.9214,48.9431],[141.7396,48.8073],[141.8892,48.454],[141.9775,48.2847],[142.0365,47.9593],[141.7318,47.4712],[141.9094,47.0734],[141.6228,46.558],[141.7084,46.1398],[141.8983,45.9148],[142.3273,46.5631],[142.6148,46.7128],[143.0043,46.5774],[143.3034,46.0112],[143.4448,46.5717],[143.2365,46.8633],[142.9933,46.9537],[142.6146,47.4596],[142.4899,47.9016],[142.6461,48.6575],[142.854,49.1277],[143.1528,49.2589],[143.5984,49.2336],[143.9729,49.0581],[144.5399,48.7533],[144.0382,49.5088],[143.6331,50.235],[143.3407,50.8858],[143.0742,51.2676],[142.9439,51.6173],[142.9449,51.9611],[143.1433,52.5112],[143.1389,52.8562]]],[[[148.493,45.2703],[148.84,45.3467],[148.7008,45.5208],[148.3122,45.2672],[147.895,45.23],[147.1119,44.7939],[147.2911,44.6669],[147.6227,44.8972],[148.493,45.2703]]],[[[155.4711,50.108],[155.7953,50.1889],[156.153,50.525],[155.8969,50.6986],[155.638,50.378],[155.2477,50.3014],[155.4711,50.108]]]]},"properties":{"NAME":"Ainus","ABBREVN":"Ainus","SUBJECTO":"Ainus","BORDERPRECISION":1,"PARTOF":"Ainus"}},
{"type":"Feature","geometry":{"type":"Polygon","coordinates":[[[32.0935,46.927],[31.9602,46.6868],[32.2635,46.4723],[31.9259,46.4099],[32.2022,46.1704],[32.5164,46.1256],[33.3325,46.1661],[33.6388,45.9268],[32.9023,45.6726],[32.5032,45.4451],[33.0135,45.3814],[33.3979,45.2527],[33.5594,44.9361],[33.3955,44.6005],[33.776,44.3672],[34.1384,44.4294],[34.6142,44.8415],[35.0673,44.8617],[35.3867,45.0819],[35.8655,45.0311],[36.2648,45.0966],[36.521,45.3883],[35.8498,45.4452],[35.3167,45.3212],[35.0634,45.3401],[35.0081,45.6119],[33.8391,46.1931],[34.0642,46.2649],[34.9068,46.273],[35.3358,46.3401],[35.4161,46.4947],[35.8506,46.6644],[37.1926,46.8944],[37.4221,47.0769],[37.8593,47.1037],[39.1599,47.2689],[39.2824,47.074],[38.4011,46.7214],[37.8666,46.6554],[37.9702,46.4413],[38.2649,46.3186],[38.459,46.0789],[37.9899,46.0067],[37.7061,45.5784],[37.6613,45.3452],[36.9599,45.2274],[37.3179,44.9242],[37.4739,44.6924],[37.8804,44.7189],[38.1092,44.4938],[38.5561,44.3851],[38.9237,44.2119],[40.2516,43.2682],[41.1226,43.0191],[41.3096,43.5572],[42.4115,46.7268],[42.5242,47.051],[44.3643,49.4286],[43.6731,50.8603],[42.587,50.9097],[40.0265,49.0804],[38.1361,49.049],[37.6993,48.9349],[37.5018,48.4412],[36.0701,47.8981],[32.0935,46.927]]]},"properties":{"NAME":"Crimean Khanate","ABBREVN":"Crimean Khanate","SUBJECTO":"Ottoman Empire","BORDERPRECISION":1,"PARTOF":"Ottoman Empire","wikipedia":"https://en.wikipedia.org/wiki/Crimean_Khanate"}},
{"type":"Feature","geometry":{"type":"Polygon","coordinates":[[[-1.752,48.1782],[-1.9991,48.677],[-2.7905,48.5896],[-3.0912,48.8716],[-3.9989,48.7305],[-4.762,48.552],[-4.7796,48.3548],[-4.3502,48.3905],[-4.3644,47.8293],[-3.9548,47.9043],[-3.0627,47.6039],[-2.5765,47.3249],[-2.0104,47.7457],[-1.752,48.1782]]]},"properties":{"NAME":"Britany","ABBREVN":"Britany","SUBJECTO":"Britany","BORDERPRECISION":1,"PARTOF":"Britany"}},
{"type":"Feature","geometry":{"type":"Polygon","coordinates":[[[-5.9026,17.7949],[-3.6397,19.0158],[-1.5759,19.3844],[-0.3966,18.9421],[1.1925,17.0559],[3.4097,14.0996],[3.5575,13.2866],[3.394,13.1231],[3.6923,13.0768],[3.5575,12.178],[3.7792,13.6561],[6.9572,14.2474],[8.301,14.5196],[9.1118,14.5196],[10.07,14.2248],[10.8071,14.5933],[11.7653,16.2149],[11.9864,20.3426],[12.4287,21.0059],[13.3133,20.9729],[15.0085,15.0356],[15.8193,14.2985],[15.8193,13.1192],[14.7126,12.507],[15.6574,11.3062],[18.628,10.1695],[20.6733,11.9562],[23.1999,11.7753],[24.0745,11.182],[30.5998,11.116],[30.7899,11.2037],[31.2676,10.6464],[31.7453,10.2484],[32.847,10.1047],[32.3488,9.5276],[33.0215,6.8645],[35.5778,5.527],[38.3187,6.4961],[38.116,6.4854],[35.9785,7.4436],[35.6099,8.107],[35.4625,9.5812],[35.6099,12.2347],[36.4207,14.8882],[37.4526,15.4041],[38.1897,15.6252],[38.8531,15.6252],[39.4428,14.9619],[41.138,13.8562],[41.4329,12.7506],[41.2118,11.8661],[40.6958,11.2764],[40.9169,10.9079],[41.5066,10.7605],[41.654,11.3502],[42.81,11.7785],[43.4748,12.0976],[43.3305,12.4341],[42.6364,13.0934],[42.355,13.2707],[42.3571,13.4677],[42.079,13.861],[41.7611,13.8858],[41.3413,14.3423],[40.7391,14.9192],[40.3899,14.9058],[40.0372,15.3879],[39.7964,15.0888],[39.5179,15.463],[39.2079,16.3265],[39.0088,17.0568],[38.6857,18.0028],[38.5275,18.1613],[37.4305,17.7025],[36.4502,18.0701],[35.96,19.418],[36.6953,20.3983],[37.165,20.7643],[37.1278,21.2272],[36.6604,22.1665],[36.2902,22.5724],[35.7463,22.9143],[35.5759,23.2317],[35.4685,23.7207],[35.7247,23.9118],[35.1899,24.3999],[32.5142,23.7331],[30.8189,23.6594],[29.3447,24.028],[27.4283,27.1974],[25.4382,28.0082],[21.6791,28.0819],[17.002,28.751],[12.5327,30.8049],[7.8923,32.5926],[6.5029,32.7326],[5.6813,32.8154],[2.4531,32.6687],[-1.0813,32.4539],[-1.8022,32.4272],[-2.8719,32.2883],[-4.0511,32.2883],[-4.8879,32.4024],[-8.3144,33.3385],[-8.6403,33.1217],[-9.2187,32.5804],[-9.2223,32.2562],[-9.3176,31.9637],[-9.8133,31.2891],[-9.817,30.7552],[-9.625,30.4061],[-9.6626,29.9548],[-9.8696,29.643],[-10.3393,29.1463],[-11.5765,28.2286],[-12.0906,28.0242],[-12.8662,27.8573],[-13.0601,27.6726],[-13.4663,26.8138],[-13.6287,26.5911],[-14.1878,26.2721],[-14.3673,26.1192],[-14.6601,25.6356],[-14.7972,25.146],[-14.82,24.7329],[-14.9752,24.5101],[-15.714,23.8731],[-16.3525,22.4927],[-16.806,21.9897],[-16.9837,21.5953],[-17.0519,21.0041],[-16.7109,20.8904],[-16.3473,20.5226],[-16.2396,20.1225],[-16.2696,19.6839],[-16.4716,19.3657],[-16.1907,19.0295],[-16.0557,18.6739],[-12.0425,18.4261],[-9.0941,18.6473],[-7.104,18.4261],[-5.9026,17.7949]],[[32.1456,16.2886],[31.7034,16.5097],[31.6297,17.3942],[31.9245,17.7628],[33.0301,18.2787],[33.9146,17.9839],[34.2095,17.2468],[33.6935,16.436],[34.2095,15.6989],[34.578,13.5614],[34.578,12.7506],[33.6198,10.9816],[32.3668,10.9816],[31.7771,12.3821],[31.8508,14.8882],[32.1456,16.2886]]]},"properties":{"NAME":null,"ABBREVN":null,"SUBJECTO":null,"BORDERPRECISION":1,"PARTOF":null}},
{"type":"Feature","geometry":{"type":"Polygon","coordinates":[[[47.6365,4.096],[46.4493,4.0804],[44.2814,3.3578],[43.4149,2.5148],[39.4166,-1.375],[42.7856,1.3201],[44.3007,1.2908],[44.5675,1.463],[45.5413,1.9671],[46.3605,2.6678],[47.384,3.7948],[47.6365,4.096]]]},"properties":{"NAME":null,"ABBREVN":null,"SUBJECTO":null,"BORDERPRECISION":1,"PARTOF":null}},
{"type":"Feature","geometry":{"type":"Polygon","coordinates":[[[40.4004,-11.2304],[40.3113,-11.345],[40.3925,-11.5482],[40.527,-12.5838],[40.3658,-12.9909],[40.527,-12.5838],[40.3925,-11.5482],[40.4004,-11.2304]]]},"properties":{"NAME":null,"ABBREVN":null,"SUBJECTO":null,"BORDERPRECISION":1,"PARTOF":null}},
{"type":"Feature","geometry":{"type":"Polygon","coordinates":[[[40.6183,-14.4838],[40.6033,-13.5306],[40.5992,-14.4012],[40.6183,-14.4838]]]},"properties":{"NAME":null,"ABBREVN":null,"SUBJECTO":null,"BORDERPRECISION":1,"PARTOF":null}},
{"type":"Feature","geometry":null,"properties":{"NAME":null,"ABBREVN":null,"SUBJECTO":null,"BORDERPRECISION":1,"PARTOF":null}},
{"type":"Feature","geometry":{"type":"Polygon","coordinates":[[[34.6733,-20.5151],[34.7103,-20.2926],[34.7262,-19.8604],[34.8468,-19.8029],[35.9148,-19.0316],[36.3136,-18.6495],[36.8923,-18],[37.2753,-17.7132],[37.8639,-17.4513],[38.1927,-17.3489],[38.859,-17.0552],[39.4713,-16.717],[39.7951,-16.424],[40.5741,-15.4817],[39.7951,-16.424],[39.4713,-16.717],[38.859,-17.0552],[38.1927,-17.3489],[37.8639,-17.4513],[37.2753,-17.7132],[36.8923,-18],[36.3136,-18.6495],[35.9148,-19.0316],[34.8468,-19.8029],[34.7262,-19.8604],[34.7195,-20.0428],[34.6733,-20.5151]]]},"properties":{"NAME":null,"ABBREVN":null,"SUBJECTO":null,"BORDERPRECISION":1,"PARTOF":null}},
{"type":"Feature","geometry":{"type":"Polygon","coordinates":[[[33.4006,-20.5437],[33.471,-20.0233],[33.6567,-18.6491],[33.4006,-20.5437]]]},"properties":{"NAME":null,"ABBREVN":null,"SUBJECTO":null,"BORDERPRECISION":1,"PARTOF":null}},
{"type":"Feature","geometry":{"type":"Polygon","coordinates":[[[28.018,-21.2289],[28.1654,-19.681],[28.1407,-19.9401],[28.018,-21.2289]]]},"properties":{"NAME":null,"ABBREVN":null,"SUBJECTO":null,"BORDERPRECISION":1,"PARTOF":null}},
{"type":"Feature","geometry":null,"properties":{"NAME":null,"ABBREVN":null,"SUBJECTO":null,"BORDERPRECISION":1,"PARTOF":null}},
{"type":"Feature","geometry":null,"properties":{"NAME":null,"ABBREVN":null,"SUBJECTO":null,"BORDERPRECISION":1,"PARTOF":null}},
{"type":"Feature","geometry":null,"properties":{"NAME":null,"ABBREVN":null,"SUBJECTO":null,"BORDERPRECISION":1,"PARTOF":null}},
{"type":"Feature","geometry":{"type":"Polygon","coordinates":[[[10.5247,-3.237],[10.6412,-3.4464],[11.7726,-4.537],[11.949,-4.9242],[12.2265,-5.3621],[11.949,-4.9242],[11.7726,-4.537],[10.6412,-3.4464],[10.5247,-3.237]]]},"properties":{"NAME":null,"ABBREVN":null,"SUBJECTO":null,"BORDERPRECISION":1,"PARTOF":null}},
{"type":"Feature","geometry":null,"properties":{"NAME":null,"ABBREVN":null,"SUBJECTO":null,"BORDERPRECISION":1,"PARTOF":null}},
{"type":"Feature","geometry":null,"properties":{"NAME":null,"ABBREVN":null,"SUBJECTO":null,"BORDERPRECISION":1,"PARTOF":null}},
{"type":"Feature","geometry":null,"properties":{"NAME":null,"ABBREVN":null,"SUBJECTO":null,"BORDERPRECISION":1,"PARTOF":null}},
{"type":"Feature","geometry":null,"properties":{"NAME":null,"ABBREVN":null,"SUBJECTO":null,"BORDERPRECISION":1,"PARTOF":null}},
{"type":"Feature","geometry":null,"properties":{"NAME":null,"ABBREVN":null,"SUBJECTO":null,"BORDERPRECISION":1,"PARTOF":null}},
{"type":"Feature","geometry":null,"properties":{"NAME":null,"ABBREVN":null,"SUBJECTO":null,"BORDERPRECISION":1,"PARTOF":null}},
{"type":"Feature","geometry":{"type":"MultiPolygon","coordinates":[]},"properties":{"NAME":null,"ABBREVN":null,"SUBJECTO":null,"BORDERPRECISION":1,"PARTOF":null}},
{"type":"Feature","geometry":{"type":"MultiPolygon","coordinates":[]},"properties":{"NAME":null,"ABBREVN":null,"SUBJECTO":null,"BORDERPRECISION":1,"PARTOF":null}},
{"type":"Feature","geometry":null,"properties":{"NAME":null,"ABBREVN":null,"SUBJECTO":null,"BORDERPRECISION":1,"PARTOF":null}},
{"type":"Feature","geometry":null,"properties":{"NAME":null,"ABBREVN":null,"SUBJECTO":null,"BORDERPRECISION":1,"PARTOF":null}},
{"type":"Feature","geometry":{"type":"Polygon","coordinates":[[[15.6598,-27.8893],[16.5302,-28.7709],[16.7883,-29.1389],[17.3543,-30.4215],[17.5665,-30.8278],[17.9039,-31.2911],[18.1786,-31.8053],[17.9039,-31.2911],[17.5665,-30.8278],[17.3543,-30.4215],[16.7883,-29.1389],[16.5302,-28.7709],[15.6598,-27.8893]]]},"properties":{"NAME":null,"ABBREVN":null,"SUBJECTO":null,"BORDERPRECISION":1,"PARTOF":null}},
{"type":"Feature","geometry":null,"properties":{"NAME":null,"ABBREVN":null,"SUBJECTO":null,"BORDERPRECISION":1,"PARTOF":null}},
{"type":"Feature","geometry":null,"properties":{"NAME":null,"ABBREVN":null,"SUBJECTO":null,"BORDERPRECISION":1,"PARTOF":null}},
{"type":"Feature","geometry":null,"properties":{"NAME":null,"ABBREVN":null,"SUBJECTO":null,"BORDERPRECISION":1,"PARTOF":null}},
{"type":"Feature","geometry":null,"properties":{"NAME":null,"ABBREVN":null,"SUBJECTO":null,"BORDERPRECISION":1,"PARTOF":null}},
{"type":"Feature","geometry":null,"properties":{"NAME":null,"ABBREVN":null,"SUBJECTO":null,"BORDERPRECISION":1,"PARTOF":null}},
{"type":"Feature","geometry":null,"properties":{"NAME":null,"ABBREVN":null,"SUBJECTO":null,"BORDERPRECISION":1,"PARTOF":null}},
{"type":"Feature","geometry":{"type":"Polygon","coordinates":[[[33.3953,-20.761],[33.3953,-20.5834],[33.3602,-20.8428],[33.3953,-20.761]]]},"properties":{"NAME":null,"ABBREVN":null,"SUBJECTO":null,"BORDERPRECISION":1,"PARTOF":null}},
{"type":"Feature","geometry":null,"properties":{"NAME":null,"ABBREVN":null,"SUBJECTO":null,"BORDERPRECISION":1,"PARTOF":null}},
{"type":"Feature","geometry":{"type":"Polygon","coordinates":[[[0.5361,5.7205],[0.9394,5.7595],[1.1764,6.0841],[1.5579,6.2374],[2.6168,6.3414],[3.4597,6.3813],[3.7189,6.5471],[3.9495,6.5794],[4.8234,7.9295],[3.9495,6.5794],[3.7189,6.5471],[3.4597,6.3813],[2.6168,6.3414],[1.5579,6.2374],[1.1764,6.0841],[0.9394,5.7595],[0.5361,5.7205],[-0.3966,6.1169],[0.5361,5.7205]]]},"properties":{"NAME":null,"ABBREVN":null,"SUBJECTO":null,"BORDERPRECISION":1,"PARTOF":null}},
{"type":"Feature","geometry":{"type":"Polygon","coordinates":[[[-12.0468,7.2629],[-11.7494,7.0793],[-11.1683,6.5975],[-10.4371,6.2051],[-9.9373,5.8631],[-9.2479,5.1719],[-8.2433,4.6403],[-7.5286,4.3368],[-6.3155,4.8732],[-5.5754,5.129],[-5,5.2383],[-3.9416,5.266],[-5,5.2383],[-5.5754,5.129],[-6.3155,4.8732],[-7.5286,4.3368],[-8.2433,4.6403],[-9.2479,5.1719],[-9.9373,5.8631],[-10.4371,6.2051],[-11.1683,6.5975],[-11.7494,7.0793],[-12.0468,7.2629]]]},"properties":{"NAME":null,"ABBREVN":null,"SUBJECTO":null,"BORDERPRECISION":1,"PARTOF":null}},
{"type":"Feature","geometry":null,"properties":{"NAME":null,"ABBREVN":null,"SUBJECTO":null,"BORDERPRECISION":1,"PARTOF":null}},
{"type":"Feature","geometry":null,"properties":{"NAME":null,"ABBREVN":null,"SUBJECTO":null,"BORDERPRECISION":1,"PARTOF":null}},
{"type":"Feature","geometry":null,"properties":{"NAME":null,"ABBREVN":null,"SUBJECTO":null,"BORDERPRECISION":1,"PARTOF":null}},
{"type":"Feature","geometry":null,"properties":{"NAME":null,"ABBREVN":null,"SUBJECTO":null,"BORDERPRECISION":1,"PARTOF":null}},
{"type":"Feature","geometry":{"type":"Polygon","coordinates":[[[-14.9662,10.847],[-14.8209,10.8029],[-14.5749,10.7843],[-14.9662,10.847]]]},"properties":{"NAME":null,"ABBREVN":null,"SUBJECTO":null,"BORDERPRECISION":1,"PARTOF":null}},
{"type":"Feature","geometry":{"type":"Polygon","coordinates":[[[-15.3414,11.2212],[-15.1162,11.1581],[-15.0294,11.1583],[-15.3414,11.2212]]]},"properties":{"NAME":null,"ABBREVN":null,"SUBJECTO":null,"BORDERPRECISION":1,"PARTOF":null}},
{"type":"Feature","geometry":{"type":"Polygon","coordinates":[[[-16.5706,12.3115],[-16.4245,12.2483],[-16.279,12.2105],[-16.5706,12.3115]]]},"properties":{"NAME":null,"ABBREVN":null,"SUBJECTO":null,"BORDERPRECISION":1,"PARTOF":null}},
{"type":"Feature","geometry":null,"properties":{"NAME":"Khoiasan","ABBREVN":"Khoiasan","SUBJECTO":"Khoiasan","BORDERPRECISION":1,"PARTOF":"Khoiasan"}},
{"type":"Feature","geometry":{"type":"Polygon","coordinates":[[[9.0322,4.1375],[9.2839,4.0173],[9.6509,4.0181],[9.7802,3.8532],[9.5857,3.6748],[9.7652,3.3829],[9.8513,3.148],[9.9231,2.824],[9.8008,2.379],[9.8943,2.1377],[9.8513,1.8771],[9.3704,1.1707],[9.5574,1.1266],[9.6222,1.0886],[9.644,0.9552],[9.5656,0.6119],[9.3501,0.5352],[9.6022,0.3323],[9.8542,0.174],[9.8833,0.0788],[9.4734,0.116],[9.3025,-0.4563],[9.2025,-0.6344],[8.8152,-0.8958],[8.9814,-1.0988],[9.1119,-1.3527],[9.3207,-1.4158],[9.4653,-1.5934],[9.2432,-1.7718],[9.6564,-2.4191],[9.8939,-2.444],[10.0601,-2.5707],[9.9314,-2.7108],[10.5247,-3.237],[10.6412,-3.4464],[11.7726,-4.537],[11.949,-4.9242],[12.2265,-5.3621],[12.1942,-5.7752],[12.3717,-6.2578],[12.8007,-5.9555],[13.215,-6.1331],[13.2741,-5.778],[14.1027,-4.9494],[14.5762,-4.7718],[15.0496,-6.0147],[14.9905,-7.1984],[14.8721,-7.3759],[14.3986,-7.1984],[14.1027,-7.3759],[14.0903,-7.7055],[14.3253,-8.2343],[14.2665,-8.9393],[14.3291,-9.3681],[13.0838,-9.2875],[13.2039,-9.6367],[13.418,-9.9858],[13.6394,-10.303],[13.7299,-10.5443],[13.8163,-10.9763],[13.8132,-11.6562],[13.649,-12.1968],[13.3386,-12.6486],[13.0507,-12.7509],[12.8481,-13.1644],[12.5854,-13.4637],[12.3329,-14.3158],[12.2506,-14.9451],[12.06,-15.5937],[11.782,-15.8675],[11.8026,-16.522],[11.7746,-17.5961],[11.8497,-18.0217],[12.0795,-18.4914],[12.5243,-19.0624],[12.906,-19.7023],[28.1407,-19.9401],[28.1654,-19.681],[28.9025,-18.2069],[30.0818,-16.3641],[31.6297,-16.0693],[32.9564,-16.0693],[33.3556,-16.5389],[33.6567,-18.6491],[33.471,-20.0233],[34.7195,-20.0428],[34.7262,-19.8604],[34.8468,-19.8029],[35.9148,-19.0316],[36.3136,-18.6495],[36.8923,-18],[37.2753,-17.7132],[37.8639,-17.4513],[38.1927,-17.3489],[38.859,-17.0552],[39.4713,-16.717],[39.7951,-16.424],[40.5741,-15.4817],[40.5274,-15.1831],[40.781,-14.922],[40.8554,-14.6994],[40.6183,-14.4838],[40.5992,-14.4012],[40.6033,-13.5306],[40.3658,-12.9909],[40.527,-12.5838],[40.3925,-11.5482],[40.3113,-11.345],[40.4004,-11.2304],[39.2482,-11.1449],[38.2375,-9.292],[37.7322,-4.5755],[39.4166,-1.375],[43.4149,2.5148],[34.406,2.4905],[33.9297,2.8436],[22.2245,6.1962],[12.6047,7.732],[6.764,5.8265],[6.0888,4.3281],[6.8445,4.2916],[7.0462,4.5081],[7.4491,4.4073],[8.1402,4.466],[8.2987,4.5553],[8.263,4.7459],[8.328,4.8413],[8.9249,4.5249],[9.0322,4.1375]],[[16.1956,-9.1211],[16.4214,-9.234],[16.5907,-9.4598],[16.5907,-9.8831],[16.4496,-10.0807],[16.1956,-10.1936],[15.6594,-10.1936],[15.4618,-10.1089],[15.2361,-9.8831],[15.3207,-9.3469],[15.5183,-9.1776],[16.1956,-9.1211]]]},"properties":{"NAME":"Bantou","ABBREVN":"Bantou","SUBJECTO":"Bantou","BORDERPRECISION":1,"PARTOF":"Bantou"}},
{"type":"Feature","geometry":{"type":"Polygon","coordinates":[[[-4.1533,53.2256],[-4.2769,53.3983],[-4.5675,53.2733],[-4.3514,53.1244],[-4.1533,53.2256]]]},"properties":{"NAME":null,"ABBREVN":null,"SUBJECTO":null,"BORDERPRECISION":1,"PARTOF":null}},
{"type":"Feature","geometry":{"type":"Polygon","coordinates":[[[-5.1036,55.4386],[-5.1547,55.6733],[-5.4003,55.6006],[-5.1036,55.4386]]]},"properties":{"NAME":null,"ABBREVN":null,"SUBJECTO":null,"BORDERPRECISION":1,"PARTOF":null}},
{"type":"Feature","geometry":{"type":"Polygon","coordinates":[[[-6.1217,55.8789],[-6.3275,55.5894],[-6.0247,55.6808],[-6.1217,55.8789]]]},"properties":{"NAME":null,"ABBREVN":null,"SUBJECTO":null,"BORDERPRECISION":1,"PARTOF":null}},
{"type":"Feature","geometry":{"type":"Polygon","coordinates":[[[-5.9469,55.83],[-5.7461,56.0636],[-5.9681,56.0236],[-6.0789,55.9055],[-5.9469,55.83]]]},"properties":{"NAME":null,"ABBREVN":null,"SUBJECTO":null,"BORDERPRECISION":1,"PARTOF":null}},
{"type":"Feature","geometry":{"type":"Polygon","coordinates":[[[-7.4669,56.9408],[-7.3761,56.9786],[-7.4456,57.0556],[-7.5536,56.9664],[-7.4669,56.9408]]]},"properties":{"NAME":null,"ABBREVN":null,"SUBJECTO":null,"BORDERPRECISION":1,"PARTOF":null}},
{"type":"Feature","geometry":{"type":"Polygon","coordinates":[[[-7.2231,57.3375],[-7.425,57.3822],[-7.3814,57.1086],[-7.2303,57.0947],[-7.2231,57.3375]]]},"properties":{"NAME":null,"ABBREVN":null,"SUBJECTO":null,"BORDERPRECISION":1,"PARTOF":null}},
{"type":"Feature","geometry":{"type":"Polygon","coordinates":[[[-7.2689,57.3989],[-7.2047,57.4608],[-7.3511,57.4894],[-7.3881,57.4239],[-7.2689,57.3989]]]},"properties":{"NAME":null,"ABBREVN":null,"SUBJECTO":null,"BORDERPRECISION":1,"PARTOF":null}},
{"type":"Feature","geometry":{"type":"Polygon","coordinates":[[[-7.1886,57.6872],[-7.4769,57.5625],[-7.1539,57.5094],[-7.1886,57.6872]]]},"properties":{"NAME":null,"ABBREVN":null,"SUBJECTO":null,"BORDERPRECISION":1,"PARTOF":null}},
{"type":"Feature","geometry":{"type":"Polygon","coordinates":[[[-7.0064,57.8814],[-6.9936,57.9186],[-7.0736,57.8961],[-7.0064,57.8814]]]},"properties":{"NAME":null,"ABBREVN":null,"SUBJECTO":null,"BORDERPRECISION":1,"PARTOF":null}},
{"type":"Feature","geometry":{"type":"Polygon","coordinates":[[[-6.8022,58.203],[-6.7944,58.218],[-6.8542,58.25],[-6.8731,58.2064],[-6.8022,58.203]]]},"properties":{"NAME":null,"ABBREVN":null,"SUBJECTO":null,"BORDERPRECISION":1,"PARTOF":null}},
{"type":"Feature","geometry":{"type":"Polygon","coordinates":[[[-6.2042,58.3561],[-7.0319,58.2381],[-6.9608,57.7275],[-6.4739,57.9403],[-6.2042,58.3561]]]},"properties":{"NAME":null,"ABBREVN":null,"SUBJECTO":null,"BORDERPRECISION":1,"PARTOF":null}},
{"type":"Feature","geometry":{"type":"Polygon","coordinates":[[[-4.7778,54.0556],[-4.3944,54.1864],[-4.5275,54.3672],[-4.7778,54.0556]]]},"properties":{"NAME":null,"ABBREVN":null,"SUBJECTO":null,"BORDERPRECISION":1,"PARTOF":null}},
{"type":"Feature","geometry":{"type":"Polygon","coordinates":[[[129.7155,28.4511],[129.575,28.4617],[129.1577,28.235],[129.3686,28.1161],[129.7155,28.4511]]]},"properties":{"NAME":null,"ABBREVN":null,"SUBJECTO":null,"BORDERPRECISION":1,"PARTOF":null}},
{"type":"Feature","geometry":{"type":"Polygon","coordinates":[[[129.963,29.9572],[129.9417,30],[129.9236,29.9839],[129.963,29.9572]]]},"properties":{"NAME":null,"ABBREVN":null,"SUBJECTO":null,"BORDERPRECISION":1,"PARTOF":null}},
{"type":"Feature","geometry":{"type":"Polygon","coordinates":[[[129.8964,29.8742],[129.8772,29.8308],[129.9233,29.825],[129.8964,29.8742]]]},"properties":{"NAME":null,"ABBREVN":null,"SUBJECTO":null,"BORDERPRECISION":1,"PARTOF":null}},
{"type":"Feature","geometry":{"type":"Polygon","coordinates":[[[130.9061,30.3547],[131.0744,30.6892],[130.9453,30.6833],[130.9061,30.3547]]]},"properties":{"NAME":null,"ABBREVN":null,"SUBJECTO":null,"BORDERPRECISION":1,"PARTOF":null}},
{"type":"Feature","geometry":{"type":"Polygon","coordinates":[[[130.5586,30.2364],[130.6719,30.3733],[130.5108,30.4589],[130.3872,30.3972],[130.5586,30.2364]]]},"properties":{"NAME":null,"ABBREVN":null,"SUBJECTO":null,"BORDERPRECISION":1,"PARTOF":null}},
{"type":"Feature","geometry":{"type":"Polygon","coordinates":[[[121.7347,25.1389],[121.4806,25.2719],[121.385,25.1575],[121.0017,25.0017],[120.9211,24.8758],[120.9033,24.8367],[120.8716,24.74],[120.8603,24.7375],[120.7514,24.6475],[120.6977,24.6008],[120.6947,24.5964],[120.6658,24.5331],[120.6428,24.4792],[120.5589,24.3853],[120.4272,24.15],[120.1155,23.6314],[120.1483,23.3272],[120.0491,23.0608],[120.1639,22.9536],[120.3286,22.5194],[120.573,22.3661],[120.675,22.1819],[120.693,22.1044],[120.6864,22.0536],[120.6983,21.9458],[120.8825,22.0394],[120.8786,22.3414],[120.9697,22.5683],[121.1681,22.7625],[121.453,23.3272],[121.605,24.0806],[121.8397,24.4764],[121.8169,24.8478],[121.9992,25.0108],[121.7347,25.1389]]]},"properties":{"NAME":null,"ABBREVN":null,"SUBJECTO":null,"BORDERPRECISION":1,"PARTOF":null}},
{"type":"Feature","geometry":{"type":"Polygon","coordinates":[[[128.9008,32.6431],[128.6494,32.7778],[128.6102,32.6117],[128.9008,32.6431]]]},"properties":{"NAME":null,"ABBREVN":null,"SUBJECTO":null,"BORDERPRECISION":1,"PARTOF":null}},
{"type":"Feature","geometry":{"type":"MultiPolygon","coordinates":[[[[126.6222,33.24],[126.843,33.3083],[126.7931,33.5508],[126.3175,33.4528],[126.1705,33.2625],[126.6222,33.24]]],[[[128.5325,38.3306],[128.2797,38.4303],[128.2605,38.4117],[128.2436,38.3953],[128.1508,38.3353],[128.0105,38.3055],[127.1339,38.2992],[126.7278,37.9525],[126.5475,37.6472],[126.7661,37.2319],[126.6589,37.2486],[126.6608,37.1619],[126.6611,37.1561],[126.723,37.1317],[126.7386,37.1489],[126.7594,37.1689],[126.77,37.1742],[126.8691,37.1764],[126.8594,37.1389],[126.773,37.1186],[126.7542,37.0542],[126.7528,37.0486],[126.7561,37.0444],[126.8658,36.9505],[126.9217,36.9169],[126.9922,36.9108],[126.8464,36.7525],[126.8233,36.9139],[126.7811,36.9636],[126.7614,36.97],[126.4992,37.0497],[126.4491,36.9914],[126.335,36.9856],[126.345,36.9567],[126.3528,36.9489],[126.383,36.9294],[126.3208,36.878],[126.3217,36.8844],[126.3089,36.9422],[126.3044,36.9622],[126.2861,36.96],[126.1844,36.8783],[126.1917,36.8199],[126.1236,36.7092],[126.4972,36.7239],[126.5444,36.1364],[126.7519,35.7783],[126.6322,35.7369],[126.4794,35.64],[126.488,35.5842],[126.5214,35.5767],[126.5358,35.5855],[126.5469,35.59],[126.6511,35.595],[126.6194,35.5469],[126.4917,35.5097],[126.3783,35.3122],[126.3714,34.7892],[126.6202,34.6242],[126.4633,34.4847],[126.4783,34.3453],[126.525,34.3161],[126.5564,34.3005],[126.6003,34.3003],[126.6839,34.4344],[126.7725,34.5828],[126.8008,34.4631],[126.8169,34.4425],[126.8894,34.4125],[126.8969,34.4492],[126.9855,34.5264],[126.9894,34.5378],[127.0097,34.6022],[127.2167,34.7075],[127.2739,34.7275],[127.3286,34.743],[127.3528,34.6928],[127.2422,34.5694],[127.3153,34.4436],[127.5542,34.6561],[127.7478,34.7275],[127.7736,34.8439],[127.6386,34.8142],[127.6114,34.8408],[127.605,34.8492],[127.5764,34.8869],[127.7674,34.9603],[128.0561,34.9308],[128.2039,34.8883],[128.2278,34.9342],[128.3291,34.9494],[128.3355,34.8714],[128.4519,34.8455],[128.4772,35.0539],[128.4155,35.0322],[128.4052,35.0178],[128.3961,35.0108],[128.3911,35.0083],[128.3794,35.0047],[128.3711,35.0094],[128.378,35.0361],[128.5728,35.17],[128.735,35.0928],[128.8105,35.0842],[128.9191,35.0892],[128.9739,35.1348],[128.9786,35.085],[129.1369,35.1122],[129.4394,35.4758],[129.5839,35.9889],[129.3869,36.036],[129.475,36.7744],[129.3425,37.2572],[128.6411,38.1172],[128.5325,38.3306]]]]},"properties":{"NAME":null,"ABBREVN":null,"SUBJECTO":null,"BORDERPRECISION":1,"PARTOF":null}},
{"type":"Feature","geometry":{"type":"Polygon","coordinates":[[[123.8708,24.2525],[123.9219,24.3711],[123.7672,24.4144],[123.6789,24.3161],[123.8708,24.2525]]]},"properties":{"NAME":null,"ABBREVN":null,"SUBJECTO":null,"BORDERPRECISION":1,"PARTOF":null}},
{"type":"Feature","geometry":{"type":"Polygon","coordinates":[[[125.3564,24.7767],[125.2619,24.8789],[125.2522,24.7378],[125.3564,24.7767]]]},"properties":{"NAME":null,"ABBREVN":null,"SUBJECTO":null,"BORDERPRECISION":1,"PARTOF":null}},
{"type":"Feature","geometry":{"type":"Polygon","coordinates":[[[124.2617,24.4575],[124.0778,24.42],[124.1219,24.345],[124.2297,24.3383],[124.2617,24.4575]]]},"properties":{"NAME":null,"ABBREVN":null,"SUBJECTO":null,"BORDERPRECISION":1,"PARTOF":null}},
{"type":"Feature","geometry":{"type":"Polygon","coordinates":[[[128.2528,26.6389],[128.2472,26.84],[127.9589,26.5444],[128.2528,26.6389]]]},"properties":{"NAME":null,"ABBREVN":null,"SUBJECTO":null,"BORDERPRECISION":1,"PARTOF":null}},
{"type":"Feature","geometry":{"type":"Polygon","coordinates":[[[126.7619,26.3869],[126.7019,26.3486],[126.7811,26.2983],[126.81,26.3469],[126.7619,26.3869]]]},"properties":{"NAME":null,"ABBREVN":null,"SUBJECTO":null,"BORDERPRECISION":1,"PARTOF":null}},
{"type":"Feature","geometry":{"type":"Polygon","coordinates":[[[128.9511,27.6758],[129.03,27.7744],[128.8989,27.8978],[128.8972,27.7258],[128.9511,27.6758]]]},"properties":{"NAME":null,"ABBREVN":null,"SUBJECTO":null,"BORDERPRECISION":1,"PARTOF":null}},
{"type":"Feature","geometry":{"type":"Polygon","coordinates":[[[128.6091,27.3589],[128.6964,27.4486],[128.5236,27.4136],[128.6091,27.3589]]]},"properties":{"NAME":null,"ABBREVN":null,"SUBJECTO":null,"BORDERPRECISION":1,"PARTOF":null}},
{"type":"Feature","geometry":{"type":"Polygon","coordinates":[[[129.9922,28.2817],[130.0325,28.3531],[129.943,28.3222],[129.9922,28.2817]]]},"properties":{"NAME":null,"ABBREVN":null,"SUBJECTO":null,"BORDERPRECISION":1,"PARTOF":null}},
{"type":"Feature","geometry":{"type":"Polygon","coordinates":[[[129.3361,28.0753],[129.3402,28.1108],[129.2238,28.1836],[129.2191,28.0978],[129.3361,28.0753]]]},"properties":{"NAME":null,"ABBREVN":null,"SUBJECTO":null,"BORDERPRECISION":1,"PARTOF":null}},
{"type":"Feature","geometry":{"type":"Polygon","coordinates":[[[129.733,29.6097],[129.7533,29.6478],[129.7097,29.6517],[129.733,29.6097]]]},"properties":{"NAME":null,"ABBREVN":null,"SUBJECTO":null,"BORDERPRECISION":1,"PARTOF":null}},
{"type":"Feature","geometry":null,"properties":{"NAME":null,"ABBREVN":null,"SUBJECTO":null,"BORDERPRECISION":1,"PARTOF":null}},
{"type":"Feature","geometry":{"type":"MultiPolygon","coordinates":[[[[-42.8244,60.8016],[-42.8171,61.0256],[-43.0373,61.2917],[-42.4783,61.3068],[-42.3062,61.7289],[-42.2714,62.1944],[-42.9191,62.4619],[-43.226,62.6809],[-42.2988,62.7394],[-41.8344,62.6906],[-41.9156,63.1236],[-41.4345,63.0392],[-41.227,63.253],[-41.3782,63.5234],[-40.8939,63.5244],[-40.5162,63.7821],[-40.6912,63.9319],[-41.4841,64.2742],[-40.4724,64.3478],[-40.4836,64.6854],[-41.0603,65.0375],[-39.8978,64.9529],[-39.6863,65.1706],[-39.992,65.5333],[-38.4674,65.6454],[-37.9367,66.004],[-38.0418,66.3992],[-37.1548,66.3202],[-37.5789,65.5451],[-37.0479,65.7428],[-36.3244,65.7223],[-35.9719,65.8469],[-35.708,66.3522],[-35.2477,66.2285],[-34.4331,66.384],[-32.956,67.641],[-32.0372,67.9847],[-32.3555,68.4542],[-32.0188,68.4474],[-31.3547,68.0456],[-30.7365,67.9276],[-30.305,67.9805],[-29.9945,68.3914],[-29.3997,68.2281],[-27.9591,68.4774],[-26.9636,68.5017],[-26.3621,68.66],[-25.3244,69.0899],[-24.8966,69.3921],[-24.3333,69.3328],[-22.7323,69.7741],[-22.1575,70.0561],[-23.5874,70.084],[-24.5847,70.304],[-25.4533,70.2871],[-26.252,70.1784],[-27.4749,70.2068],[-28.3845,70.458],[-28.0835,70.8973],[-27.6061,71.0682],[-26.3294,71.1324],[-25.6949,71.273],[-26.1202,71.6686],[-25.2913,71.5689],[-24.3864,71.1825],[-23.7537,70.5896],[-23.0842,70.4679],[-21.4708,70.5323],[-21.726,71.4046],[-22.4309,71.3412],[-22.8178,71.8697],[-23.9196,72.1885],[-25.073,72.6344],[-25.7782,72.6095],[-27.0377,72.7491],[-27.3572,72.8591],[-27.4406,73.287],[-26.8266,73.4075],[-25.7629,73.3538],[-25.0099,73.4746],[-24.0764,73.7557],[-22.8203,73.3275],[-21.7085,73.2739],[-21.4405,73.3937],[-20.3296,73.4196],[-20.3536,73.8106],[-22.0288,74.104],[-21.7623,74.3055],[-19.7162,74.2128],[-19.051,74.3347],[-19.0709,74.6089],[-20.6158,74.9543],[-20.6792,75.3082],[-19.5616,75.2277],[-19.1935,75.4435],[-19.5702,76.11],[-21.217,76.2666],[-22.3777,76.6359],[-21.7733,76.8238],[-21.1827,76.6975],[-19.9779,76.9463],[-18.057,76.8053],[-17.9201,77.0611],[-18.2534,77.3001],[-19.0644,77.2386],[-20.1049,77.3825],[-19.9437,77.6411],[-19.1773,77.8242],[-20.7767,77.9686],[-21.7676,77.7673],[-20.8788,78.8179],[-19.7632,78.8731],[-19.4813,79.4603],[-18.1023,79.6689],[-17.7692,79.9666],[-20.2674,79.9989],[-20.0447,80.2397],[-19.045,80.4262],[-16.4409,80.451],[-15.0126,80.8577],[-14.2019,81.2101],[-12.6445,81.3858],[-12.7051,81.6213],[-14.2525,81.8354],[-16.4654,81.9036],[-17.9635,81.5177],[-19.3174,81.597],[-21.1817,81.2866],[-23.3388,80.623],[-24.1096,80.7694],[-23.5329,81.0999],[-22.0529,81.5398],[-21.7979,81.757],[-22.9476,81.9002],[-24.8766,81.5954],[-25.9747,81.8311],[-30.6513,81.8107],[-32.4145,81.6516],[-32.5981,81.9736],[-31.1347,82.1981],[-28.3914,82.3104],[-25.4572,82.221],[-22.59,82.4191],[-22.4324,82.7433],[-25.3236,82.9999],[-26.4208,83.3423],[-32.5132,83.577],[-34.4269,83.403],[-36.4871,83.5113],[-38.5872,83.3824],[-38.5872,82.8277],[-40.1946,82.9668],[-41.8811,83.2628],[-45.2129,82.9667],[-43.9554,82.4905],[-44.3228,81.8231],[-45.5252,81.8205],[-49.6476,82.4781],[-50.9054,82.3681],[-49.846,81.8113],[-50.6261,81.7888],[-52.3643,82.1205],[-54.5752,82.3281],[-58.1333,82.0132],[-57.074,81.5477],[-57.4442,81.4239],[-60.0387,81.8833],[-61.1224,81.7976],[-61.1118,81.1824],[-63.7254,81.0862],[-66.5217,80.7113],[-67.1428,80.5621],[-67.4103,80.2107],[-64.6232,79.9492],[-64.8905,79.3824],[-65.1645,79.3104],[-58.8297,78.238],[-52.0586,74.7049],[-51.8203,74.2131],[-55.9885,73.9205],[-55.3535,73.3463],[-54.7304,73.0376],[-54.6261,72.7213],[-55.3661,72.7278],[-55.2976,72.1612],[-55.6264,71.7304],[-55.4766,71.4891],[-55.0124,71.3346],[-53.9882,71.4141],[-53.3229,71.8908],[-52.8134,71.7434],[-51.7201,71.5896],[-52.198,71.3554],[-51.6754,71.2244],[-50.7995,70.3854],[-51.1528,70.3233],[-52.3675,70.6669],[-53.6281,70.8186],[-54.3735,70.7247],[-53.6663,70.357],[-52.9091,70.2894],[-51.6365,69.9402],[-50.5726,69.8663],[-50.4566,69.7376],[-50.7674,69.3364],[-50.3665,69.1939],[-50.2665,68.9532],[-50.8744,68.9446],[-50.9538,68.5393],[-51.6787,68.5005],[-52.3369,68.6641],[-52.8425,68.5058],[-50.491,67.9726],[-50.4771,67.4822],[-52.8079,67.7748],[-53.4941,67.4735],[-53.1703,67.2858],[-53.4496,67.0844],[-53.2673,66.9224],[-52.3032,66.9095],[-52.448,66.6073],[-53.2217,66.5309],[-53.3481,66.3243],[-52.7297,66.2764],[-53.1084,66.034],[-53.1025,65.8732],[-52.536,65.4952],[-52.0777,65.3724],[-51.8048,64.2333],[-50.9937,64.6154],[-50.1445,64.7393],[-50.0426,64.4376],[-50.9879,64.0915],[-51.3658,63.726],[-51.1005,63.4695],[-50.6167,63.4348],[-50.4658,63.0507],[-49.8575,62.9665],[-50.1589,62.4624],[-50.0479,62.3141],[-49.1164,62.1038],[-49.1483,61.7723],[-48.9155,61.421],[-47.9692,61.0369],[-47.6305,60.5968],[-47.1594,60.8564],[-46.0719,60.9424],[-45.7709,61.1041],[-45.4603,60.8946],[-45.6217,60.6006],[-45.362,60.4615],[-44.6822,60.2884],[-44.7531,60.0307],[-44.4674,59.7609],[-44.0523,60.1642],[-43.1436,59.8188],[-42.962,60.0341],[-43.1541,60.3053],[-43.4971,60.479],[-42.7849,60.5292],[-42.8244,60.8016]]],[[[11.657,54.904],[11.276,54.95],[11.032,54.756],[11.456,54.619],[11.785,54.64],[11.657,54.904]]],[[[8.214,55.3986],[8.5596,55.3561],[8.596,54.7614],[8.7421,54.6078],[8.9506,54.4186],[8.884,54.2294],[9.0562,54.3486],[9.4414,54.2468],[9.4487,54.1887],[9.674,54.1887],[9.7394,54.2759],[9.8848,54.2541],[10.1417,54.3368],[10.0649,54.4339],[9.8648,54.4114],[9.978,54.4901],[9.8644,54.7263],[9.421,54.9765],[9.5439,55.3513],[9.7045,55.4835],[10.153,55.084],[10.74,55.067],[10.835,55.294],[10.31,55.617],[9.905,55.506],[9.6901,55.6049],[10.1471,55.7649],[10.1752,56.0759],[10.7507,56.0973],[10.8258,56.4433],[10.3138,56.4695],[10.2297,56.6051],[10.2162,56.8498],[9.3701,56.8823],[9.3119,56.4811],[8.8686,56.6161],[8.6749,56.3577],[8.1834,56.4315],[8.1166,56.0923],[8.317,55.8489],[8.0346,55.4759],[8.214,55.3986]]],[[[-22.3729,63.7732],[-21.5475,63.7176],[-20.4039,63.6983],[-19.8267,63.4783],[-18.6419,63.3238],[-17.9441,63.4248],[-17.5915,63.6893],[-16.5338,63.7841],[-15.6341,64.0575],[-15.2665,64.2802],[-14.8212,64.195],[-14.3659,64.4756],[-14.3481,64.6695],[-13.6942,64.7786],[-13.5256,65.1833],[-13.6469,65.4953],[-14.4001,65.5667],[-14.7541,65.6971],[-14.6407,65.9453],[-15.574,66.2068],[-15.8599,66.4187],[-16.3852,66.4544],[-16.3757,66.1321],[-16.9221,65.9776],[-18.0225,66.0778],[-17.861,65.8371],[-18.1279,65.7855],[-18.6763,66.0912],[-19.2745,65.9293],[-19.1559,65.7253],[-19.556,65.7683],[-20.2174,66.0006],[-20.1684,65.5559],[-21.0797,65.2054],[-21.4947,65.568],[-21.2962,65.6994],[-21.4432,66.1299],[-21.7791,66.2537],[-22.6764,66.3913],[-22.5601,66.1132],[-22.4741,65.9964],[-23.4261,65.8267],[-23.267,65.7249],[-23.9726,65.6871],[-24.1469,65.4393],[-23.6785,65.3167],[-22.8137,65.4709],[-21.9548,65.378],[-21.7289,65.1825],[-21.9783,64.9503],[-23.1356,64.8473],[-23.6112,64.7457],[-23.5083,64.559],[-22.2786,64.6188],[-22.0862,64.4396],[-21.4885,64.3761],[-21.8041,64.1104],[-22.5066,63.8658],[-22.3729,63.7732]]],[[[10.4012,57.5059],[10.2895,57.6719],[9.8493,57.5818],[9.3024,57.1658],[8.3589,57.0227],[8.1835,56.7985],[8.3682,56.6669],[8.666,56.7005],[8.847,56.9863],[10.2566,57.0059],[10.4628,57.2417],[10.4012,57.5059]]],[[[12.4692,55.7106],[12.444,55.9677],[12.088,55.967],[12.0526,55.7031],[11.7281,55.6619],[11.5677,55.8848],[11.1019,55.6337],[11.2301,55.3368],[11.5848,55.1622],[11.9696,54.9542],[12.3014,55.1703],[12.1584,55.3791],[12.4692,55.7106]]],[[[18.4556,57.1569],[18.7119,57.2417],[18.8092,57.7036],[18.4672,57.8119],[18.1114,57.5194],[18.1733,57.1419],[18.4556,57.1569]]],[[[-1.2683,60.0936],[-1.0414,60.4469],[-1.6669,60.2997],[-1.2683,60.0936]]],[[[-22.2505,72.498],[-23.131,72.6775],[-23.5854,72.4404],[-22.1457,72.0273],[-21.8095,72.1454],[-22.2505,72.498]]],[[[-51.9279,69.5155],[-52.084,69.7725],[-53.6167,70.1578],[-54.5937,70.2402],[-54.6869,69.707],[-54.4859,69.5636],[-53.5515,69.2784],[-52.5211,69.4766],[-51.9279,69.5155]]],[[[27.7715,58.8912],[28.2655,59.0866],[29.8859,59.1104],[30.2282,58.8384],[30.6613,59.2526],[31.6538,59.5256],[31.6064,60.1336],[30.9285,61.0997],[30.1793,61.3727],[29.7271,61.8479],[31.0598,62.3069],[31.3953,62.5428],[32.267,62.6622],[32.2231,62.8476],[31.2837,62.9592],[31.1812,63.3298],[30.4343,63.4158],[30.4455,63.7148],[30.8694,64.1616],[30.065,64.5598],[30.3975,65.1587],[30.4069,65.7896],[30.9965,65.7619],[31.1551,65.9142],[30.7887,66.2299],[30.8673,66.7514],[31.116,67.0668],[30.4687,67.4859],[27.0978,66.8335],[26.4793,65.5718],[25.6259,66.6997],[21.8792,66.9673],[18.534,66.4321],[18.4002,67.2349],[18.9587,68.2937],[19.58,69.1811],[18.9848,69.3154],[17.5659,68.9744],[17.4069,68.7715],[16.8548,68.5578],[17.1264,68.4161],[16.5219,68.3409],[16.6485,68.0457],[16.0711,68.0447],[15.5722,67.8207],[15.7618,67.6763],[15.3845,67.4644],[14.9762,67.5229],[14.6165,67.2453],[14.7777,67.2165],[13.7472,66.9224],[13.9916,66.6875],[13.3832,66.679],[13.2554,66.3925],[13.581,66.1881],[13.1519,66.1361],[12.7091,65.9089],[12.2841,65.4349],[12.4962,65.3845],[12.5265,65.109],[12.1121,65.1299],[11.4065,64.617],[11.5077,64.5167],[10.9966,64.4942],[10.0662,64.0555],[9.8321,63.6836],[9.4409,63.4975],[8.6059,63.3251],[7.9892,62.9403],[7.0882,62.9102],[7.1016,62.7046],[7.5467,62.5993],[7.2893,62.4856],[6.613,62.5833],[6.5325,62.3357],[6.0535,62.3348],[5.5646,62.1503],[5.5282,61.9326],[5.8339,61.8194],[5.149,61.7409],[5.1196,61.1371],[5.387,61.0256],[5.1085,60.9061],[5.0755,60.5917],[5.5511,60.5089],[5.0962,60.2641],[5.2791,60.1253],[5.8941,60.1613],[5.694,59.7529],[6.1854,59.8243],[5.7411,59.628],[5.4186,59.5152],[5.1766,59.3074],[5.3503,59.3905],[5.5285,59.2659],[5.6829,59.4142],[5.7995,59.432],[6.1134,59.527],[6.0203,59.254],[6.2375,59.2837],[5.8223,59.017],[6.2661,58.9933],[6.0936,58.798],[5.6658,58.8216],[5.531,58.8808],[5.3997,58.7152],[5.6155,58.4552],[5.8738,58.4316],[6.6517,58.172],[6.6437,58.0424],[6.9586,57.9717],[8.1537,58.0895],[8.1752,58.172],[9.1459,58.6561],[9.3462,58.8453],[9.6976,58.9992],[10.1723,58.9874],[10.3633,59.2125],[10.3786,59.3667],[10.6336,59.4499],[10.6568,59.2244],[11.1789,59.0703],[11.1404,58.8512],[11.2214,58.3083],[11.4067,58.3313],[11.6139,58.2473],[11.8019,58.1779],[11.6098,57.8069],[11.7364,57.6982],[11.8766,57.3252],[12.2886,56.8799],[12.8716,56.5115],[12.5134,56.1206],[12.9859,55.6666],[12.8024,55.3529],[13.3019,55.3007],[13.8233,55.4218],[14.1172,55.3471],[14.2864,55.5155],[14.126,55.6666],[14.2589,55.8993],[14.6529,56.1206],[15.2208,56.0804],[15.497,56.1672],[15.7705,56.0332],[16.0314,56.3531],[16.0632,56.3962],[16.3762,56.8224],[16.3945,57.0743],[16.6587,57.443],[16.4765,57.7021],[16.7246,57.8893],[16.744,58.312],[16.4429,58.6344],[17.0807,58.6499],[17.5822,58.893],[17.9401,58.9085],[18.372,59.1571],[18.2734,59.2867],[17.3581,59.2452],[16.9998,59.3593],[17.0706,59.5461],[18.0301,59.3593],[18.6393,59.5669],[19.0373,59.8632],[18.8041,60.1084],[18.4169,60.1816],[17.9307,60.5903],[17.7065,60.5536],[17.1462,60.9528],[17.0652,61.5384],[17.387,61.6584],[17.4968,62.0881],[17.9363,62.548],[17.8682,62.7886],[18.3032,62.7894],[18.4866,62.9812],[19.0759,63.2025],[19.3182,63.4448],[19.6703,63.3885],[20.7007,63.8181],[21.0489,64.2192],[21.3858,64.3846],[20.9212,64.7138],[21.4894,65.0172],[21.2773,65.2123],[21.9575,65.4457],[22.2016,65.7153],[22.6456,65.9348],[23.204,65.6808],[24.2148,65.7859],[24.5911,65.5828],[25.2515,65.4169],[24.9319,64.816],[24.4701,64.6355],[22.8255,63.5809],[22.4758,63.6016],[22.2924,63.2027],[22.075,63.1028],[21.4947,63.123],[21.4813,62.8888],[21.1948,62.7607],[21.0337,62.4773],[21.3376,62.3436],[21.2112,61.8709],[21.561,61.4849],[21.4273,61.0151],[21.5602,60.5125],[22.2207,60.2588],[22.6246,60.2011],[23.2014,59.8185],[23.6647,59.8356],[24.9695,60.0868],[25.5805,60.2623],[26.9223,60.3161],[28.5215,60.6233],[28.4352,60.3373],[28.969,60.1088],[29.6873,60.131],[30.1266,59.806],[29.7655,59.7362],[29.0761,59.9078],[28.7959,59.6722],[28.4444,59.7337],[27.8936,59.3461],[27.702,59.2975],[27.6612,58.9376],[27.7715,58.8912]]]]},"properties":{"NAME":"Kalmar Union","ABBREVN":"Kalmar Union","SUBJECTO":"Kalmar Union","BORDERPRECISION":1,"PARTOF":"Kalmar Union"}},
{"type":"Feature","geometry":{"type":"MultiPolygon","coordinates":[[[[-75.3092,67.458],[-75.1463,67.577],[-75.1195,68.113],[-75.8847,68.3431],[-76.7942,68.1472],[-77.2475,67.6548],[-77.0648,67.3287],[-76.2692,67.2488],[-75.3092,67.458]]],[[[-98.3043,69.3913],[-99.1715,69.1255],[-99.365,68.9745],[-97.6056,68.6396],[-96.7936,68.5286],[-96.2127,68.5372],[-95.5146,68.8087],[-96.0072,69.041],[-96.1822,69.297],[-97.7416,69.8316],[-98.2526,69.6941],[-98.3043,69.3913]]],[[[-97.0824,73.6673],[-96.9367,73.7877],[-97.9566,73.9221],[-99.2194,73.7433],[-99.6677,73.9189],[-100.9138,73.7081],[-99.955,73.2629],[-100.8349,72.7455],[-101.5207,72.8708],[-102.2792,73.1472],[-102.6687,72.8528],[-101.6537,72.3731],[-100.3189,72.1397],[-98.939,71.3922],[-98.3719,71.37],[-97.8419,71.6904],[-97.284,71.6524],[-96.8496,71.8798],[-96.6575,72.3431],[-96.3509,72.5012],[-96.6885,72.8165],[-98.3937,73.1306],[-97.0824,73.6673]]],[[[-108.3963,76.3034],[-108.3887,76.4895],[-108.965,76.871],[-109.7145,76.7502],[-110.3825,76.4349],[-109.353,76.0994],[-109.1438,75.7142],[-109.9119,75.6294],[-111.3856,75.6599],[-112.8512,76.2275],[-113.5486,76.1335],[-114.3724,76.4696],[-116.2964,76.2378],[-116.15,75.9345],[-115.5822,75.6853],[-116.9978,75.6492],[-117.3966,75.4071],[-116.5721,75.2014],[-115.9421,75.3103],[-115.1859,75.1543],[-113.5153,75.29],[-112.8115,75.4158],[-111.1497,75.3525],[-111.3673,75.1037],[-114.2173,74.8446],[-114.0933,74.6744],[-113.1061,74.5143],[-112.2028,74.4998],[-110.8692,74.721],[-109.0703,75.1329],[-107.4796,75.0121],[-106.371,75.0554],[-105.7735,75.2301],[-105.498,75.8466],[-105.9172,76.0218],[-106.8419,75.9697],[-108.1633,76.0092],[-108.3963,76.3034]]],[[[-94.1086,72.222],[-93.6393,72.5299],[-94.2658,72.8527],[-92.6243,72.8083],[-92.0006,72.8411],[-91.3196,73.2552],[-90,73.5908],[-90,73.9998],[-91.5242,74.0546],[-92.6933,74.0122],[-93.899,74.1628],[-95.0685,74.0641],[-95.6408,73.1437],[-95.0584,72.2831],[-94.1086,72.222]]],[[[-80.7661,75.6096],[-81.7031,75.875],[-83.5587,75.9049],[-85.2033,75.7429],[-86.618,75.4322],[-87.2929,75.6555],[-88.6474,75.5946],[-90,75.9501],[-90,76.5908],[-92.2471,76.6219],[-93.0639,76.3748],[-92.2241,75.9472],[-92.1012,75.6381],[-92.3655,75.4213],[-91.8668,74.7889],[-91.054,74.9773],[-89.6981,74.6146],[-88.9471,74.9324],[-88.3902,74.9905],[-88.1436,74.569],[-87.4898,74.5378],[-86.3057,74.621],[-86.2116,74.8157],[-85.1182,74.6232],[-82.936,74.684],[-82.373,74.5555],[-80.3493,74.6159],[-80.4999,75.0301],[-79.4952,75.2798],[-79.7392,75.4701],[-80.7661,75.6096]]],[[[-65.1645,79.3104],[-65.4849,79.1582],[-67.9691,79.1268],[-69.2663,78.7962],[-72.3832,78.5257],[-72.5254,78.1661],[-71.8884,77.9494],[-71.0452,77.9163],[-69.6875,77.5551],[-67.8518,77.5931],[-66.8047,77.7768],[-66.1534,77.5532],[-66.7838,77.2593],[-67.7363,77.1889],[-71.1839,77.2595],[-71.4483,77.1219],[-70.5,76.8333],[-68.3763,76.7778],[-68.1444,76.5998],[-69.0448,76.2938],[-67.0367,75.9362],[-66.5404,75.9707],[-66.6839,76.3067],[-65.4745,76.0986],[-63.6508,76.3799],[-61.5075,76.2575],[-59.7835,75.9165],[-58.6357,75.7933],[-58.2285,75.6106],[-58.2053,75.2952],[-57.7743,75.0895],[-56.9394,74.919],[-55.9885,73.9205],[-51.8203,74.2131],[-52.0586,74.7049],[-58.8297,78.238],[-65.1645,79.3104]]],[[[-107.5273,72.0164],[-108.3479,71.913],[-108.9863,72.7302],[-109.8335,72.9504],[-110.5246,72.9967],[-110.0794,72.5622],[-111.7255,72.3306],[-111.6408,72.7253],[-112.8389,72.9527],[-113.7535,72.6976],[-114.4727,72.6251],[-114.4629,72.9893],[-114.1851,73.2442],[-114.647,73.3549],[-116.0592,73.1214],[-117.2197,72.8573],[-118.3988,72.4757],[-118.9856,72.0342],[-117.3139,71.4746],[-115.6935,71.5789],[-115.7423,71.2986],[-117.4102,71.2022],[-118.4988,71.0528],[-117.7607,70.7217],[-116.2966,70.7707],[-113.7641,70.7369],[-112.8902,70.646],[-111.8499,70.4247],[-111.7305,70.2559],[-112.9911,70.2382],[-115.1466,70.2725],[-116.2141,70.2322],[-117.1929,70.123],[-117.5682,69.9922],[-116.6562,69.5159],[-115.9066,69.3509],[-113.9246,69.2489],[-113.5391,69.1138],[-113.602,68.7224],[-113.1522,68.5956],[-111.6294,68.6059],[-110.4482,68.6531],[-109.2094,68.8132],[-108.6456,69.0023],[-107.5362,69.0571],[-106.8538,69.4509],[-106.3753,69.4821],[-105.9304,69.2336],[-104.1878,68.8978],[-103.1782,68.8545],[-102.2779,68.954],[-101.8084,69.1356],[-102.198,69.4823],[-103.2675,69.3291],[-103.3613,69.6391],[-102.2395,69.8763],[-101.4493,69.6654],[-100.8913,69.674],[-101.0552,70.0308],[-102.4357,70.4654],[-103.1163,70.5103],[-103.8636,70.7015],[-104.5946,71.0479],[-104.4671,71.6545],[-105.0104,72.0447],[-105.3126,72.6501],[-105.6093,72.8711],[-106.5232,73.1949],[-108.1815,73.3829],[-108.284,73.2234],[-108.0866,72.6291],[-107.5273,72.0164]]],[[[-92.8939,62.126],[-92.1022,62.4118],[-91.8909,62.6036],[-92.4553,62.7941],[-92.2902,62.9152],[-91.4175,62.8529],[-90,62.9462],[-90,63.3024],[-91.0267,63.3946],[-92.351,63.5848],[-93.3169,63.9736],[-90,63.6091],[-89.9727,64.1905],[-89.0774,63.9629],[-88.3771,64.0573],[-87.4352,64.5689],[-87.1573,65.0596],[-88.1714,65.1304],[-88.9044,65.3252],[-90,65.7679],[-89.5087,65.9292],[-88.642,65.7117],[-87.7869,65.3491],[-87.254,65.4301],[-86.0587,66.0748],[-85.9871,66.1628],[-86.8531,66.462],[-86.739,66.5651],[-85.3868,66.6118],[-84.9495,66.2747],[-83.7405,66.3063],[-84.4077,66.7094],[-85.0216,66.9441],[-84.7139,67.0703],[-84.2264,66.9309],[-83.482,66.4977],[-83.1387,66.3735],[-82.33,66.6396],[-81.4992,67.0689],[-81.295,67.4987],[-82.1783,67.9954],[-82.6873,68.6975],[-82.2096,68.8185],[-81.8865,68.579],[-81.3699,68.7224],[-81.4799,69.1886],[-82.1605,69.2477],[-82.7567,69.5488],[-84.3135,69.8262],[-85.1134,69.8171],[-85.3811,69.6953],[-85.4207,69.2944],[-84.5644,68.987],[-84.6246,68.7539],[-85.3998,68.76],[-85.7817,68.0408],[-86.395,67.6749],[-86.4884,67.3778],[-87.3254,67.1689],[-88.3239,67.8125],[-88.4815,67.991],[-88.3711,68.3123],[-87.7903,68.478],[-88.0974,68.8526],[-88.905,69.2276],[-89.4411,69.0457],[-89.7356,68.5343],[-90,68.3691],[-90,69.489],[-91.1725,69.6467],[-91.9773,69.6073],[-92.6712,69.7424],[-92.2708,70.1161],[-91.6577,70.2858],[-93.0995,70.9688],[-92.9889,71.2402],[-93.2712,71.5585],[-94.4172,71.8843],[-95.4106,71.859],[-95.9575,71.3512],[-96.3983,71.2028],[-96.6997,70.8384],[-95.9467,70.5699],[-96.4741,70.2998],[-96.127,69.9408],[-95.3096,69.7375],[-94.4232,69.6937],[-94.0367,69.5505],[-92.9925,69.5146],[-92.9561,69.0843],[-93.5271,69.219],[-94.3425,69.1119],[-94.5831,68.8781],[-93.6358,68.925],[-93.4141,68.5425],[-94.084,68.4513],[-94.637,68.069],[-95.3225,68.0603],[-95.5004,67.7247],[-95.2587,67.0284],[-96.2596,67.3151],[-96.3402,67.5448],[-96.2079,68.0736],[-97.5718,68.3699],[-98.3671,68.361],[-98.4071,68.159],[-97.7876,68.1303],[-97.1586,67.9674],[-97.1512,67.7365],[-97.4955,67.5872],[-98.3549,67.9353],[-99.3677,67.7919],[-101.002,67.7963],[-101.913,67.7053],[-102.7631,67.8004],[-103.3075,67.9335],[-103.5827,68.1195],[-104.4543,68.1029],[-105.636,68.3549],[-106.2119,68.1071],[-107.662,67.9626],[-107.5938,67.3383],[-107.1282,66.9618],[-107.6111,66.8797],[-107.5276,66.563],[-108.4852,67.0701],[-108.095,67.3596],[-108.8354,67.6106],[-109.4888,67.6911],[-110.1334,67.9058],[-110.532,67.92],[-111.7798,67.7464],[-112.5025,67.693],[-114.0663,67.7346],[-115.5617,67.8957],[-115.4021,68.2169],[-114.1087,68.3465],[-114.3896,68.6083],[-115.2851,68.8921],[-116.8132,68.9118],[-117.8323,69.0078],[-120.2216,69.4184],[-122.3261,69.8845],[-123.0507,69.8603],[-123.8028,69.4345],[-124.6,69.4632],[-124.7069,69.9408],[-125.3862,69.818],[-125.1877,69.4092],[-125.974,69.4304],[-126.7952,69.785],[-127.3517,70.3803],[-127.8055,70.3102],[-127.9398,70.0799],[-129.0131,69.7202],[-129.9427,69.6426],[-130.8958,69.3003],[-131.673,69.2762],[-132.175,68.981],[-132.7133,68.8671],[-132.789,68.7091],[-133.7196,68.9179],[-133.4132,69.137],[-132.6179,69.2517],[-132.3032,69.4867],[-131.1946,69.6858],[-130.0498,69.9689],[-130.2418,70.2059],[-131.0591,70.1583],[-131.4462,69.9663],[-132.508,69.8579],[-133.6476,69.5069],[-134.776,69.573],[-135.4392,69.5263],[-136.044,69.336],[-135.6989,68.9895],[-136.2031,68.8756],[-137.7285,69.0158],[-138.9955,69.3683],[-140.3346,69.6232],[-141.1614,69.5989],[-143.3076,70.1968],[-145.2725,70.1164],[-146.1826,70.2681],[-147.7235,70.3267],[-149.2863,70.5392],[-150.6386,70.4751],[-152.1371,70.5339],[-152.9712,70.934],[-154.4613,70.9932],[-155.0999,71.0773],[-155.4748,70.8519],[-156.138,70.9281],[-156.0432,71.223],[-156.9047,71.3459],[-157.8119,70.9714],[-158.8552,70.8843],[-160.2403,70.8585],[-159.861,70.5404],[-143.608,68.6496],[-128.3675,66.8766],[-98.7343,65.6289],[-92.8939,62.126]]],[[[-101.7463,76.5445],[-101.6755,76.0635],[-102.5336,75.7686],[-102.1496,75.644],[-100.6194,75.7889],[-99.8957,75.615],[-100.474,75.3147],[-99.9442,75.0841],[-98.0016,75.1621],[-98.1515,75.6016],[-97.6667,75.8614],[-97.8165,76.4757],[-98.6148,76.6778],[-99.0244,76.4226],[-100.0674,76.675],[-100.6937,76.6059],[-99.9122,76.1678],[-101.7463,76.5445]]],[[[-74.5591,64.7801],[-73.6656,64.6018],[-73.1636,64.574],[-73.148,64.3441],[-72.3879,63.8582],[-71.8786,63.8019],[-71.2581,63.5673],[-71.6217,63.2101],[-71.3189,63.0613],[-70.0752,62.7723],[-69.5595,62.7094],[-69.1553,62.4196],[-68.014,62.259],[-66.765,61.9436],[-65.9403,61.79],[-66.3323,62.3188],[-67.2638,62.8557],[-68.4765,63.3371],[-68.836,63.6504],[-68.486,63.7368],[-67.6816,63.4527],[-67.1442,63.3753],[-66.496,63.0774],[-65.1561,62.9875],[-64.735,63.0665],[-65.2095,63.6429],[-65.0015,63.7647],[-64.4739,63.7443],[-65.3086,64.1794],[-65.3271,64.3587],[-66.1925,64.8894],[-66.5977,64.7662],[-67.3294,65.584],[-67.8652,65.6267],[-68.2518,66.0642],[-67.6142,65.9118],[-67.161,65.9858],[-67.7599,66.3729],[-67.2559,66.6163],[-66.9128,66.5949],[-65.7174,66.0543],[-65.0338,65.9532],[-65.1778,65.6536],[-64.8437,65.3776],[-64.4253,65.502],[-64.1836,65.1899],[-63.352,65.0247],[-63.5113,65.431],[-63.3809,65.927],[-62.8448,65.6143],[-62.094,66.0611],[-62.6551,66.3385],[-62.2977,66.4346],[-61.4948,66.3406],[-61.2106,66.635],[-62.0961,67.0166],[-62.5205,66.8461],[-63.1649,66.926],[-62.9914,67.1774],[-64.6138,67.1153],[-64.6014,67.315],[-63.933,67.4126],[-64.8289,67.9533],[-65.53,67.8701],[-66.4071,68.0248],[-66.7447,67.9273],[-67.0316,68.3073],[-68.6653,68.7161],[-68.7755,68.8436],[-67.9797,68.9879],[-68.5332,69.2505],[-66.6681,69.1861],[-67.4398,69.5017],[-68.0399,69.5308],[-68.043,69.7731],[-67.0443,69.7977],[-67.5755,70.1853],[-69.4627,69.9601],[-69.5911,70.1969],[-68.7496,70.3901],[-68.4694,70.5597],[-69.0916,70.782],[-70.2929,70.6179],[-70.6516,70.7636],[-70.6666,71.0805],[-71.8815,70.9312],[-71.2525,71.3508],[-71.664,71.5133],[-72.5346,71.6285],[-73.2752,71.1608],[-73.6718,71.5563],[-74.1119,71.688],[-74.8095,71.4219],[-75.2039,71.569],[-74.3127,72.0394],[-75.322,72.5484],[-76.15,72.5705],[-77.1187,72.7108],[-77.896,72.7014],[-78.3634,72.5821],[-78.6664,72.3138],[-78.5744,71.9296],[-79.0563,71.96],[-79.1254,72.2894],[-79.9533,72.3429],[-80.0808,72.1384],[-81.0268,72.0503],[-81.0436,72.3801],[-80.4887,73.037],[-81.5318,73.6884],[-82.6968,73.7822],[-84.5055,73.4911],[-84.8623,73.3548],[-83.8848,73.0704],[-85.107,73.084],[-85.5057,72.9404],[-85.5044,72.6082],[-84.8311,72.4676],[-85.6025,72.0104],[-85.2047,71.7687],[-84.6889,71.6604],[-84.4884,71.3493],[-84.7826,71.0617],[-85.891,71.1217],[-85.2431,71.4645],[-86.3325,71.9934],[-86.2142,72.4492],[-86.7794,72.6927],[-86.662,73.0969],[-85.2542,73.7775],[-85.6398,73.8649],[-86.8924,73.8305],[-88.0992,73.6361],[-89.1002,73.1957],[-89.6386,72.7823],[-89.8209,72.348],[-89.3341,72.1681],[-89.814,71.979],[-89.9972,71.5413],[-87.9492,71.3506],[-87.1688,71.0186],[-87.7047,70.9248],[-89.1498,70.9685],[-89.0185,70.6753],[-87.948,70.3849],[-86.3733,70.4647],[-86.3719,70.1961],[-85.9839,70.1126],[-84.8737,70.1146],[-83.3129,69.9571],[-82.9262,70.0112],[-82.2692,69.8604],[-81.138,70.0145],[-80.7126,70.1531],[-79.8256,69.9181],[-79.2414,69.8812],[-78.7129,70.0114],[-78.941,70.2713],[-80.2184,70.5916],[-79.1011,70.6553],[-77.6986,70.1357],[-77.6223,69.8918],[-76.9715,69.802],[-75.5517,69.2223],[-75.6247,69.1016],[-76.6426,69.0319],[-76.5464,68.7314],[-75.1991,68.8616],[-74.7523,69.043],[-74.4053,68.6604],[-73.9371,68.444],[-73.1849,68.2958],[-72.354,67.5303],[-72.3049,67.2636],[-72.8735,66.8857],[-73.036,66.6423],[-73.9943,66.2659],[-74.2799,66.0602],[-73.4199,65.5289],[-74.6648,65.3228],[-75.789,65.1972],[-76.6551,65.3409],[-77.3584,65.3759],[-77.387,65.0636],[-77.8666,64.9902],[-78.1267,64.651],[-77.7375,64.3929],[-76.5261,64.2301],[-75.9355,64.2671],[-75.4518,64.5481],[-74.6851,64.3986],[-74.4312,64.435],[-74.5591,64.7801]]],[[[-64.5972,58.1504],[-64.2872,57.7941],[-62.3657,55.5861],[-62.2767,55.5871],[-61.9328,56.2808],[-62.1841,56.796],[-61.5446,56.7292],[-61.3353,56.8113],[-61.4761,57.1041],[-61.8224,57.1921],[-62.186,57.4372],[-61.8284,57.5541],[-62.0147,57.8412],[-62.5767,58.0389],[-62.887,58.6564],[-63.4758,59.1583],[-63.7441,59.517],[-64.6706,60.1809],[-64.9879,59.8191],[-65.429,59.7767],[-65.5554,59.5758],[-65.2626,59.3482],[-65.7187,59.0575],[-65.8614,58.7953],[-66.4746,58.808],[-66.8209,58.3877],[-67.7724,58.2485],[-68.5694,58.7833],[-69.2142,58.7477],[-69.7258,58.5609],[-69.8942,58.6845],[-69.8324,58.9877],[-69.476,58.9745],[-69.3426,59.2093],[-69.7043,60.3178],[-69.3895,60.6745],[-69.3838,60.8564],[-70.0283,60.8832],[-70.9092,61.0426],[-71.6734,61.2657],[-71.7239,61.5467],[-73.3946,62.355],[-73.6597,62.3899],[-74.7078,62.1758],[-75.6946,62.2163],[-76.9896,62.4898],[-77.3616,62.5175],[-77.8676,62.29],[-77.9854,61.8589],[-77.4622,61.4726],[-77.6884,61.1561],[-78.1765,60.7418],[-77.3885,60.6943],[-77.5072,60.4146],[-77.2148,59.7475],[-77.6615,59.5736],[-78.042,58.9928],[-78.4688,58.7095],[-78.3368,58.5515],[-77.4044,58.1136],[-76.7724,57.6625],[-76.5545,57.2801],[-76.4386,56.8097],[-76.5694,56.2721],[-77.2338,55.6065],[-78.5893,54.922],[-79.5451,54.6919],[-75.3701,54.6621],[-75.0514,56.7185],[-74.5237,60.1234],[-68.8329,57.3399],[-68.2138,57.037],[-66.4598,57.577],[-64.5972,58.1504]]],[[[-84.1224,65.3414],[-84.605,65.1807],[-85.1984,65.3758],[-85.0579,65.6091],[-85.5575,65.8636],[-86.016,65.1054],[-86.2428,64.5423],[-86.0611,64.1405],[-87.0529,63.752],[-87.1012,63.5447],[-85.6007,63.7476],[-85.4321,63.5978],[-85.4628,63.2055],[-84.6547,63.3139],[-84.0871,63.6718],[-83.4958,63.7444],[-83.5174,64.0521],[-83.1885,64.1818],[-82.731,64.0751],[-82.1977,63.6896],[-80.696,63.4996],[-80.1794,63.722],[-80.953,63.9781],[-81.8721,63.9907],[-81.8314,64.4068],[-82.1096,64.6436],[-83.0854,64.865],[-84.1224,65.3414]]]]},"properties":{"NAME":"Thule","ABBREVN":"Thule","SUBJECTO":"Thule","BORDERPRECISION":1,"PARTOF":"Thule"}},
{"type":"Feature","geometry":{"type":"Polygon","coordinates":[[[87.2063,49.606],[87.7744,49.2823],[85.5156,48.411],[77.1813,46.7829],[74.0657,45.5421],[68.2275,42.2424],[64.5311,40.1532],[65.0771,39.5343],[68.5784,37.1284],[71.3423,35.7752],[72.0265,35.608],[74.6592,34.9644],[75.9133,34.9299],[77.9776,34.8731],[79.4844,34.8316],[82.6934,34.7433],[86.821,35.1119],[89.9168,35.1856],[90,35.6278],[89.9168,35.9964],[90,36.5123],[91.6858,36.3649],[95.5186,37.102],[95.1501,37.6916],[95.5923,38.9447],[99.2776,38.9817],[102.9263,39.0184],[119.6043,42.0296],[131.8652,43.2904],[132.1818,43.1946],[132.4847,42.8805],[132.8274,42.8619],[132.9528,42.6695],[134.1389,42.993],[134.5686,43.2122],[134.9624,43.515],[135.4148,44.0368],[136.034,44.3984],[136.4941,44.966],[137.7205,45.9967],[137.9846,46.2693],[138.3516,46.8732],[138.9493,47.3224],[139.2137,47.8106],[140.081,48.5026],[140.3282,49.3579],[140.457,50.104],[140.3235,50.5178],[140.4045,50.8274],[140.7303,51.4413],[141.2571,52.1035],[140.9395,52.2618],[141.0905,52.5869],[140.8282,52.8252],[141.1212,53.0516],[140.3213,53.5356],[140.1025,53.8017],[139.378,54.0804],[138.4168,54.0919],[138.4095,53.8051],[137.9794,53.4646],[137.2392,53.4565],[137.1217,53.5894],[137.3829,53.8098],[137.0407,53.8625],[136.4871,53.6548],[126.4368,54.9172],[118.1096,56.8932],[109.0768,57.5989],[102.5857,57.2955],[87.2063,49.606]]]},"properties":{"NAME":"Chagatai Khanate","ABBREVN":"Chagatai Khanate","SUBJECTO":"Chagatai Khanate","BORDERPRECISION":1,"PARTOF":"Chagatai Khanate"}},
{"type":"Feature","geometry":{"type":"Polygon","coordinates":[[[102.5857,57.2955],[93.975,56.8932],[85.0833,58.1634],[77.0384,61.9741],[75.2386,62.1341],[75.6641,58.615],[78.3979,58.5889],[82.5362,57.0804],[79.3008,54.399],[78.8045,54.3936],[87.2063,49.606],[102.5857,57.2955]]]},"properties":{"NAME":"Oirat Confederation","ABBREVN":"Oirat Confederation","SUBJECTO":"Oirat Confederation","BORDERPRECISION":1,"PARTOF":"Oirat Confederation"}},
{"type":"Feature","geometry":{"type":"Polygon","coordinates":[[[59.9837,26.5119],[60.9283,26.5833],[65.5194,26.9302],[66.9935,27.741],[68.5659,29.1026],[69.5685,29.9559],[70.2423,31.1351],[70.3416,31.3842],[72.0265,35.608],[71.3423,35.7752],[68.5784,37.1284],[65.0771,39.5343],[64.5311,40.1532],[68.2275,42.2424],[66.6661,44.4266],[61.2712,46.2556],[60.9989,45.9216],[61.0206,45.4873],[61.1746,45.1876],[61.68,45.1068],[61.7274,44.9338],[61.1094,44.7167],[60.9436,44.4411],[60.0769,43.6086],[59.7157,43.6693],[59.5054,43.9141],[58.8786,43.8493],[55.6424,40.0503],[54.0714,38.8969],[53.9373,38.5713],[53.8799,38.0254],[54.0674,36.9415],[53.9845,36.7819],[57.1903,30.7631],[59.1804,28.4781],[59.9837,26.5119]]]},"properties":{"NAME":"Timurid Emirates","ABBREVN":"Timurid Em.","SUBJECTO":"Timurid Emirates","BORDERPRECISION":1,"PARTOF":"Timurid Emirates"}},
{"type":"Feature","geometry":{"type":"MultiPolygon","coordinates":[[[[8.5824,39.0658],[8.8196,38.9769],[9.0625,39.2199],[9.4789,39.1442],[9.698,39.6935],[9.6308,40.0959],[9.7937,40.5637],[9.5909,40.9029],[9.3062,41.1844],[8.7661,40.8628],[8.2407,40.8553],[8.2016,40.663],[8.4282,40.4649],[8.5085,39.9465],[8.3742,39.3078],[8.5824,39.0658]]],[[[13.7605,41.2067],[14.0509,40.7675],[14.3703,40.8515],[14.951,40.5515],[15.0273,40.2122],[15.432,39.989],[15.6662,40.0919],[15.8247,39.6606],[15.9896,39.4284],[16.0826,39.0125],[16.2122,38.778],[15.9898,38.7348],[15.6275,38.0042],[16.0529,37.9312],[16.3307,38.3207],[16.572,38.4571],[16.5222,38.725],[16.7977,38.9259],[17.0947,38.915],[17.1491,39.4218],[16.5321,39.6975],[16.7276,40.1836],[17.0841,40.5251],[17.4017,40.2919],[17.8496,40.2435],[18.0171,39.9479],[18.3649,39.7467],[18.5226,40.0941],[18.3836,40.3078],[18.0339,40.5967],[16.946,41.0938],[15.991,41.4061],[15.8733,41.5021],[16.1984,41.7457],[16.0128,41.9043],[15.4486,41.8567],[14.9224,41.9718],[14.5193,42.2297],[14.0764,42.6338],[13.7136,42.3976],[13.4147,42.3644],[13.6471,41.7998],[13.863,41.75],[13.9792,41.3349],[13.7605,41.2067]]],[[[14.2159,37.0493],[14.622,36.7761],[15.0273,36.7451],[15.3013,37.0579],[15.1162,37.2869],[15.181,37.6823],[15.4729,38.1101],[15.3867,38.2055],[14.7659,38.0576],[13.8095,37.9664],[13.3225,38.2205],[13.066,38.0669],[12.7828,38.1174],[12.4541,37.766],[12.6369,37.5815],[13.0116,37.5249],[13.8684,37.157],[14.2159,37.0493]]],[[[-0.9074,42.8813],[-1.6643,42.1254],[-1.6049,41.7688],[-2.13,41.8166],[-2.1493,41.4931],[-2.3014,41.2649],[-2.0352,41.2268],[-1.921,40.6182],[-2.3014,40.39],[-2.3014,40.2379],[-1.9971,40.0857],[-1.8069,39.8575],[-1.9971,39.5913],[-1.8069,39.4772],[-2.0352,39.2489],[-2.0352,38.6023],[-1.8069,38.5262],[-1.8069,38.26],[-1.6548,38.1839],[-1.6548,37.9177],[-2.0352,37.8416],[-1.921,37.6514],[-2.1493,37.233],[-1.9405,36.9516],[-1.8169,37.2925],[-1.3646,37.5484],[-0.9183,37.5703],[-0.6647,38.1766],[-0.4352,38.4303],[0.1726,38.7383],[-0.1657,38.9541],[-0.3948,39.4345],[-0.1606,39.886],[0.2379,40.2402],[0.8792,41.0217],[1.3112,41.1573],[2.0807,41.2985],[2.2006,41.4461],[3.1289,41.8572],[3.0019,42.7708],[2.2721,42.6901],[1.7282,42.501],[1.5772,42.6479],[1.3075,42.6352],[0.7442,42.7719],[0.5919,42.6283],[-0.1656,42.6488],[-0.4099,42.7856],[-0.612,42.7309],[-0.9074,42.8813]]]]},"properties":{"NAME":"Aragón","ABBREVN":"Aragón","SUBJECTO":"Aragón","BORDERPRECISION":1,"PARTOF":"Aragón"}},
{"type":"Feature","geometry":{"type":"Polygon","coordinates":[[[77.9974,16.4653],[78.3217,17.4154],[78.1733,19.0127],[77.3874,18.7709],[77.0712,17.3612],[77.1739,16.6583],[77.9974,16.4653]]]},"properties":{"NAME":"Bidar","ABBREVN":"Bidar","SUBJECTO":"Bidar","BORDERPRECISION":1,"PARTOF":"Deccan Sultanates"}},
{"type":"Feature","geometry":{"type":"Polygon","coordinates":[[[77.9974,16.4653],[77.1739,16.6583],[77.0712,17.3612],[77.3874,18.7709],[77.2551,18.7302],[75.4124,18.4999],[73.3957,16.6164],[73.4942,16.288],[74.3759,16.3116],[75.0669,15.9661],[76.1034,15.9661],[76.9096,16.3116],[77.4854,16.3116],[77.9224,16.2456],[77.9974,16.4653]]]},"properties":{"NAME":"Bijapur","ABBREVN":"Bijapur","SUBJECTO":"Bijapur","BORDERPRECISION":1,"PARTOF":"Deccan Sultanates"}},
{"type":"Feature","geometry":{"type":"Polygon","coordinates":[[[76.9282,23.8969],[73.7131,22.9453],[74.2714,21.9057],[73.4853,19.9066],[72.7892,19.8832],[72.8534,19.2447],[73.0642,18.0317],[73.3957,16.6164],[75.4124,18.4999],[77.2551,18.7302],[77.3874,18.7709],[78.1733,19.0127],[78.5334,19.1235],[78.5728,20.4383],[76.0926,21.047],[76.9282,23.8969]]]},"properties":{"NAME":"Ahmadnagar","ABBREVN":"Ahmadnagar","SUBJECTO":"Ahmadnagar","BORDERPRECISION":1,"PARTOF":"Deccan Sultanates"}},
{"type":"Feature","geometry":{"type":"Polygon","coordinates":[[[82.3231,17.0041],[79.9555,17.6037],[79.3281,17.233],[78.8675,18.2695],[79.213,18.8454],[78.7523,19.1909],[78.5334,19.1235],[78.1733,19.0127],[78.3217,17.4154],[77.9974,16.4653],[77.9224,16.2456],[79.4319,16.0175],[80.4598,15.7731],[80.736,15.8373],[80.9631,15.7234],[81.0879,15.8268],[81.2531,16.2259],[81.3691,16.3469],[81.789,16.3287],[82.0814,16.4627],[82.2346,16.6473],[82.3231,17.0041]]]},"properties":{"NAME":"Golkonda","ABBREVN":"Golkonda","SUBJECTO":"Golkonda","BORDERPRECISION":1,"PARTOF":"Deccan Sultanates"}},
{"type":"Feature","geometry":{"type":"Polygon","coordinates":[[[82.546,23.2448],[80.9244,23.6871],[78.9509,23.9593],[78.2771,24.2962],[76.9282,23.8969],[76.0926,21.047],[78.5728,20.4383],[78.5334,19.1235],[78.7523,19.1909],[79.213,18.8454],[78.8675,18.2695],[79.3281,17.233],[81.8619,18.7302],[84.3039,20.7519],[82.546,23.2448]]]},"properties":{"NAME":"Islamic states","ABBREVN":"Islamic states","SUBJECTO":"Islamic states","BORDERPRECISION":1,"PARTOF":"Islamic states"}},
{"type":"Feature","geometry":{"type":"Polygon","coordinates":[[[101.6574,19.6612],[100.4353,20.0358],[100.4306,20.2262],[100.2448,20.3839],[99.8412,20.4819],[98.67,18.3973],[97.5732,16.4451],[97.7423,15.0097],[97.823,14.616],[98.1989,13.6448],[98.4859,13.1118],[98.5968,12.7372],[98.6765,12.0512],[98.5883,11.8223],[98.7384,11.4351],[98.6053,10.863],[98.3979,10.5639],[98.4317,10.2019],[98.6326,10.1007],[98.2506,8.9371],[98.1772,8.6002],[98.2924,8.1557],[98.5446,8.2643],[99.0245,7.8714],[99.2939,7.3192],[99.5717,7.2626],[99.663,6.71],[99.8338,6.5388],[100.222,6.5206],[100.1391,6.1773],[100.3797,5.0214],[100.6076,4.5517],[100.5766,4.2022],[100.6643,3.9037],[101.0669,3.5361],[101.2643,3.2252],[101.837,3.4602],[103.3339,3.3937],[103.3078,3.7951],[103.3681,4.1828],[103.3418,4.8054],[102.8023,5.5604],[102.3251,6.0994],[102.0897,6.1434],[101.6796,6.4643],[101.5599,6.7395],[100.6149,6.9789],[100.3446,7.4405],[100.3019,7.8868],[100.1315,8.5321],[99.8659,8.7119],[99.898,9.0678],[99.724,9.258],[99.2985,9.1618],[99.1187,9.371],[99.0713,9.8983],[99.1862,10.4894],[99.5013,11.2461],[99.8953,12.0792],[99.8337,12.5238],[100.0232,12.9944],[99.9303,13.261],[100.2397,13.4904],[100.9087,13.4473],[100.957,13.3649],[100.8716,12.6785],[101.3291,12.5588],[101.5866,12.661],[101.9186,12.5855],[102.3239,12.1861],[102.6708,12.0377],[102.7359,12.117],[103.6565,12.8464],[105.0156,13.406],[106.0607,13.3427],[107.4803,13.2566],[107.5146,13.422],[107.3097,13.878],[107.2967,14.1765],[107.4634,14.9968],[107.3381,15.4533],[107.0998,15.6678],[107.1686,15.9921],[107.1075,16.1696],[106.6382,16.4843],[106.4264,16.7181],[106.1698,17.1293],[105.5735,17.8809],[104.933,17.4509],[104.1113,17.9987],[101.646,17.9987],[101.6574,19.6612]]]},"properties":{"NAME":"Ayutthaya","ABBREVN":"Ayutthaya","SUBJECTO":"Ayutthaya","BORDERPRECISION":1,"PARTOF":"Ayutthaya"}},
{"type":"Feature","geometry":{"type":"Polygon","coordinates":[[[32.1587,69.6901],[31.3313,69.6628],[30.3613,69.7668],[29.7286,69.6976],[28.7301,70.1359],[30.2519,70.1311],[30.7988,70.308],[30.462,70.5373],[29.7412,70.605],[28.7948,70.8648],[28.3889,70.5718],[27.9853,70.717],[28.3084,70.9486],[27.516,70.9703],[27.1311,70.5771],[26.6174,70.392],[26.2627,70.7907],[25.574,70.3671],[25.2307,70.5582],[25.389,70.9046],[24.5705,70.7414],[24.2077,70.4719],[23.8273,70.4788],[23.2036,69.9428],[22.7456,70.1706],[22.3064,70.2156],[21.9081,69.804],[21.412,70.0154],[21.1027,69.8177],[20.1577,69.7478],[19.8212,69.3697],[18.9587,68.2937],[18.4002,67.2349],[18.534,66.4321],[21.8792,66.9673],[25.6259,66.6997],[26.4793,65.5718],[27.0978,66.8335],[30.4687,67.4859],[28.9022,68.356],[30.1442,69.2621],[32.1587,69.6901]]]},"properties":{"NAME":"Sámi","ABBREVN":"Sámi","SUBJECTO":"Sámi","BORDERPRECISION":1,"PARTOF":"Sámi"}},
{"type":"Feature","geometry":{"type":"Polygon","coordinates":[[[67.8521,61.6736],[68.8059,62.5848],[70.9703,64.2448],[72.3617,62.9386],[74.3715,63.079],[75.2386,62.1341],[77.0384,61.9741],[85.0833,58.1634],[93.975,56.8932],[102.5857,57.2955],[109.0768,57.5989],[118.1096,56.8932],[126.4368,54.9172],[136.4871,53.6548],[136.3435,53.8878],[136.4916,54.4555],[135.7258,54.4073],[135.0945,54.4328],[134.902,54.5594],[134.9852,54.8539],[135.2695,55.0287],[136.5213,55.5899],[137.2291,55.9827],[138.3459,56.8042],[138.8668,57.1245],[140.0287,57.6441],[140.5874,58.2393],[141.3496,58.5009],[141.9238,58.9409],[142.8459,59.2725],[145.4041,59.3255],[145.5128,59.0369],[145.957,58.9829],[146.054,59.2511],[146.9996,59.191],[147.9192,59.2615],[148.4161,59.0974],[148.7472,59.2974],[148.7284,59.4763],[149.0453,59.5872],[149.7296,59.5953],[150.1201,59.3895],[151.1402,59.4396],[151.5236,59.3439],[151.8573,59.0558],[151.0562,58.9238],[151.3545,58.6911],[152.1912,58.9259],[152.5042,58.7687],[153.1399,59.0101],[153.9244,58.9223],[154.9059,59.1028],[154.7528,59.2812],[154.1818,59.3008],[153.943,59.5688],[154.3157,59.9833],[155.1518,60.3944],[155.7339,60.5554],[155.6667,60.778],[156.4184,61.1213],[156.4232,61.401],[157.098,61.6334],[158.8413,61.784],[159.4546,61.5608],[159.9658,61.765],[160.1493,61.6602],[159.7435,61.0996],[160.2356,60.947],[160.0071,60.5913],[160.645,60.7178],[162.2352,61.5099],[162.7488,61.609],[162.7106,61.7632],[163.0092,62.1783],[162.9902,62.3261],[164.1377,62.5327],[165.0672,62.4357],[165.2857,62.2881],[164.2772,62.2229],[164.0083,62.1309],[163.9423,61.7374],[163.5757,61.3305],[163.7927,61.1282],[163.3293,60.6949],[162.3811,60.4636],[161.8179,60.268],[161.5352,59.9417],[160.8442,59.5542],[159.6491,58.9537],[159.3927,58.6104],[158.3263,58.0268],[157.5112,57.7455],[156.7769,57.5805],[156.8777,57.3627],[156.5579,56.9475],[155.6276,56.2679],[155.4535,55.2758],[155.4652,54.9198],[155.7075,54.065],[155.7108,53.8049],[156.0381,52.7815],[156.3332,52.2716],[156.3619,51.9142],[156.6964,50.9577],[157.2095,51.229],[157.8978,51.666],[158.3895,52.2027],[158.4614,52.826],[159.3198,53.1265],[159.8969,53.2406],[159.6835,53.5794],[159.6951,53.8592],[159.9311,54.0864],[160.6829,54.4483],[161.5666,54.4232],[162.0082,54.7382],[161.6474,54.9851],[161.5027,55.2874],[161.8613,55.8609],[162.3176,56.2401],[162.7713,55.9166],[163.166,56.1065],[163.098,56.5597],[162.7443,56.5997],[162.5124,57.0335],[163.1278,57.5516],[162.8257,57.701],[162.2037,57.6794],[161.7999,57.8627],[161.8044,58.1017],[162.22,58.4855],[162.9074,58.8913],[162.8352,59.0559],[163.2545,59.2904],[163.0429,59.462],[163.3887,59.8141],[163.7668,59.8838],[164.1105,60.0782],[164.5846,59.6647],[164.8816,59.7341],[164.933,59.9619],[165.4154,60.1152],[165.78,60.3541],[166.2034,60.3526],[165.945,59.7706],[166.0272,59.7087],[167.104,60.271],[168.2109,60.4329],[169.1541,60.4346],[169.4557,60.2963],[169.6136,60.0122],[169.8775,59.8746],[170.2731,60.0134],[170.3368,60.2771],[171.0724,60.4521],[171.2484,60.6542],[172.0001,60.8576],[172.4924,61.2633],[172.9183,61.2781],[173.4809,61.6011],[173.9268,61.616],[174.5423,61.8907],[175.1726,61.9691],[176.5491,62.3797],[176.832,62.6764],[177.2908,62.4868],[178.7377,62.2993],[179.2422,62.5257],[179.2877,62.8151],[178.3444,63.458],[178.4026,63.6641],[178.1473,64.1566],[177.5347,64.0897],[177.0816,64.303],[177.0816,64.5174],[176.4678,64.409],[175.8998,64.5474],[176.3317,64.7729],[177.2515,64.8561],[177.4267,64.6067],[178.0044,64.5477],[178.726,64.6063],[180,64.9535],[180,65.0519],[180,65.311],[180,65.3816],[180,65.9631],[180,66.9631],[180,67.9631],[180,68.9199],[178.965,69.2291],[177.705,69.4896],[177.0792,69.5336],[175.611,69.7794],[173.6367,69.7607],[172.3592,69.9092],[170.4517,70.0192],[170.0563,69.6109],[170.4313,69.5589],[170.9049,69.0343],[170.8328,68.9219],[169.3886,68.7175],[168.9861,68.9634],[168.1,69.2315],[167.3201,69.6586],[166.3092,69.3783],[164.6365,69.4128],[164.0537,69.66],[163.0382,69.5452],[161.961,69.5282],[161.1708,69.1586],[160.674,69.2703],[160.6816,69.5785],[159.673,69.6519],[159.4438,69.7646],[159.6279,70.2198],[159.2292,70.5475],[158.4087,70.8142],[157.3964,70.9275],[156.0432,70.9866],[155.0492,70.9385],[153.4044,70.7282],[152.134,70.6644],[151.48,71.0858],[150.6937,71.3467],[149.7154,71.4376],[148.7109,71.6294],[149.722,71.8952],[148.698,72.1662],[146.9151,72.2019],[146.1861,71.8421],[145.1004,71.5762],[144.8808,71.7231],[145.6782,71.9267],[145.6,72.4262],[144.5618,72.4556],[141.294,72.7871],[140.5891,72.4952],[139.3118,72.3832],[139.8479,72.2356],[139.7445,71.4036],[139.1588,71.418],[138.6749,71.6184],[138.1194,71.4702],[138.0758,71.246],[137.6297,71.0754],[136.765,71.4058],[135.5106,71.5118],[134.2414,71.2619],[133.1384,71.4532],[132.2836,71.6609],[131.4127,70.8638],[130.7793,70.6783],[130.1717,70.8153],[129.3552,71.1757],[128.4325,71.7546],[127.1209,72.2119],[126.2253,72.2493],[126.2164,72.3823],[127.3135,72.7139],[128.5249,72.9523],[128.4989,73.1259],[127.7196,73.4015],[125.7173,73.3978],[124.8177,73.6582],[124.2222,73.6969],[123.4099,73.4808],[123.5148,73.172],[122.8824,72.7528],[122.2433,72.9091],[120.5785,72.8351],[118.4978,73.0362],[118.4604,73.5192],[116.6711,73.6192],[114.1867,73.551],[113.3117,73.3827],[113.2216,73.7481],[111.7617,73.6578],[110.5513,74.0384],[110.1784,73.7982],[110.4423,73.5679],[109.9906,73.44],[107.8043,73.1428],[106.5015,73.0613],[106.087,72.8554],[105.2788,72.7515],[106.2083,73.2585],[107.2655,73.5222],[108.3399,73.6912],[111.5866,74.731],[112.5771,74.8862],[113.625,75.2727],[113.1134,75.4944],[113.723,75.8688],[113.533,76.0937],[112.5885,76.2592],[111.4273,76.5681],[109.6564,76.6913],[108.2445,76.6464],[107.666,76.4431],[106.404,76.4323],[107.0714,76.771],[105.5281,76.98],[104.7823,77.1488],[105.4697,77.3293],[105.0625,77.5685],[103.3933,77.5578],[101.6905,77.2026],[101.1665,77.0058],[101.3895,76.625],[100.8303,76.4554],[99.9832,76.437],[99.4672,75.9669],[98.2887,76.0565],[97.1164,75.8708],[95.9818,75.902],[95.9673,76.1692],[94.6943,76.1836],[93.5921,75.8808],[91.6347,75.6527],[90,75.6015],[89.2847,75.4661],[86.9583,74.7821],[86.8135,74.4353],[87.5406,74.0997],[87.6908,73.9],[87.1397,73.6041],[86.4921,73.8738],[85.8562,73.8248],[85.0015,73.5762],[84.6161,73.7427],[83.0204,73.6123],[80.8382,73.5526],[80.464,73.3136],[80.8289,73.0135],[80.9823,72.447],[82.3206,72.2223],[82.4363,72.0506],[83.5611,71.6244],[83.168,71.1822],[83.677,70.4603],[83.0759,70.5818],[82.8037,70.8193],[82.0456,70.4189],[82.2153,71.2036],[82.8801,71.4913],[81.6714,71.5743],[80.8283,71.767],[80.3387,72.0076],[79.2226,72.2713],[78.0857,72.1753],[78.1264,71.8476],[77.0749,71.8924],[76.3329,71.7197],[76.8661,71.449],[78.1369,71.3739],[78.6085,70.8499],[78.1047,70.8413],[77.7362,71.0255],[75.6706,71.1991],[75.2843,71.4461],[75.2966,71.8969],[75.5825,72.1706],[75.6173,72.6255],[75.1199,72.6875],[74.9987,72.1304],[74.5866,71.8722],[73.5914,71.7069],[73.2169,71.4577],[73.698,71.1414],[74.2496,70.5729],[73.6541,69.7565],[73.9145,69.1543],[74.9017,69.081],[75.598,69.21],[77.406,68.9356],[77.6358,68.8162],[77.9775,68.1451],[77.5142,67.9733],[78.5357,67.6118],[78.089,67.4113],[77.5048,67.4324],[76.9549,67.6533],[77.1079,68.1138],[77.0398,68.4638],[76.3278,68.7763],[75.5372,68.7749],[74.505,68.5935],[74.3951,68.347],[74.6694,68.1017],[74.7417,67.6862],[73.9845,67.2634],[73.6902,66.8651],[72.5574,66.496],[72.2088,66.1735],[70.4736,66.236],[69.7673,66.3297],[69.1726,66.5483],[69.0848,66.6875],[68.0973,66.3766],[66.508,66.5316],[65.6379,65.6878],[65.4767,64.6878],[66.0417,63.5991],[65.0623,62.9693],[65.9787,62.3885],[66.9892,62.2165],[67.8521,61.6736]]]},"properties":{"NAME":"Siberians","ABBREVN":"Siberians","SUBJECTO":"Siberians","BORDERPRECISION":1,"PARTOF":"Siberians"}},
{"type":"Feature","geometry":{"type":"Polygon","coordinates":[[[56.3718,57.3639],[52.8539,46.9383],[52.8615,46.9372],[53.1852,46.8652],[53.2841,46.6764],[53.1223,46.4966],[53.2572,46.3167],[53.1492,45.957],[52.6097,45.3996],[51.5127,45.3726],[51.3419,45.0579],[51.0991,44.878],[51.5757,44.5543],[51.3329,44.4824],[50.8743,44.6262],[50.3348,44.5633],[50.3887,44.2935],[50.9552,44.2036],[51.171,43.7181],[51.4588,43.3854],[51.4228,43.1696],[51.7375,43.1786],[52.0702,42.8279],[52.295,42.8728],[52.7626,42.7559],[52.6727,42.2794],[52.5198,42.0726],[52.5593,41.7578],[52.6922,41.5309],[52.9412,41.7703],[53.0657,42.0289],[53.7362,42.1343],[53.9852,42.1055],[54.1672,41.483],[54.7514,41.1382],[54.8185,40.8796],[54.4545,40.7167],[53.8416,40.6401],[53.6117,40.7455],[53.2573,40.7646],[53.0562,41.052],[52.8455,40.1804],[53.0466,39.9984],[53.6883,39.9792],[53.5159,39.7781],[53.5829,39.3184],[54.0714,38.8969],[55.6424,40.0503],[58.8786,43.8493],[58.7799,43.7471],[58.3673,43.7371],[58.3999,44.1667],[58.1985,44.5197],[58.2321,44.8513],[58.4041,45.253],[58.8154,45.9312],[59.3287,46.0259],[59.5498,45.9943],[59.5308,46.3427],[60.3,46.1638],[60.0092,46.5606],[60.2705,46.6997],[60.9381,46.4898],[61.2496,46.6115],[61.5615,46.5972],[61.2712,46.2556],[66.6661,44.4266],[68.2275,42.2424],[74.0657,45.5421],[77.1813,46.7829],[85.5156,48.411],[87.7744,49.2823],[87.2063,49.606],[78.8045,54.3936],[68.5914,54.282],[64.6788,55.9738],[64.2273,57.6618],[64.6316,58.4846],[65.8985,59.729],[65.406,60.0017],[62.9728,59.3185],[61.3074,58.8358],[60.1421,58.1467],[58.581,57.5802],[56.3718,57.3639]]]},"properties":{"NAME":"White Horde","ABBREVN":"White Horde","SUBJECTO":"White Horde","BORDERPRECISION":1,"PARTOF":"White Horde"}},
{"type":"Feature","geometry":{"type":"Polygon","coordinates":[[[56.3438,57.3592],[52.7836,46.9486],[52.8615,46.9372],[52.8539,46.9383],[56.3718,57.3639],[56.3438,57.3592]]]},"properties":{"NAME":null,"ABBREVN":null,"SUBJECTO":null,"BORDERPRECISION":1,"PARTOF":null}},
{"type":"Feature","geometry":{"type":"Polygon","coordinates":[[[56.3718,57.3639],[56.3444,57.3612],[56.3438,57.3592],[56.3718,57.3639]]]},"properties":{"NAME":null,"ABBREVN":null,"SUBJECTO":null,"BORDERPRECISION":1,"PARTOF":null}},
{"type":"Feature","geometry":{"type":"Polygon","coordinates":[[[39.1262,55.1714],[38.2154,55.1479],[38.3198,54.5943],[38.1761,53.9731],[38.7922,53.9833],[39.5757,53.8911],[40.5136,53.8517],[40.983,54.1163],[41.2282,54.5282],[41.3634,54.9352],[41.1599,54.998],[40.9214,54.5262],[40.2074,54.5867],[39.6982,54.7877],[39.5977,55.0256],[39.1262,55.1714]]]},"properties":{"NAME":"Ryazan","ABBREVN":"Ryazan","SUBJECTO":"Ryazan","BORDERPRECISION":1,"PARTOF":"Ryazan"}},
{"type":"Feature","geometry":{"type":"Polygon","coordinates":[[[56.3438,57.3592],[54.596,57.0694],[51.6942,57.0301],[49.7474,56.7308],[46.8753,56.4454],[45.7182,55.3481],[44.9039,55.0923],[44.8875,55.0181],[43.9739,54.8232],[43.6312,54.5411],[43.8632,54.2957],[43.5594,53.9836],[43.6536,53.8366],[44.4351,53.7193],[44.3366,53.1129],[43.9907,52.6185],[43.2678,52.3112],[42.07,52.2921],[41.3005,52.3053],[39.6399,51.7485],[37.6993,52.7364],[36.86,52.0946],[37.6006,51.4034],[38.2917,51.2059],[38.1361,49.049],[40.0265,49.0804],[42.587,50.9097],[43.6731,50.8603],[44.3643,49.4286],[42.5242,47.051],[42.4115,46.7268],[41.3096,43.5572],[43.6169,43.7728],[45.3822,42.6231],[45.8077,42.538],[45.7545,42.2508],[46.0417,42.0487],[46.4991,41.9636],[46.914,41.7508],[47.3501,41.4423],[47.3501,41.304],[47.9883,41.2189],[48.2237,41.4711],[47.2486,42.7849],[47.1948,43.3759],[47.4934,43.5832],[47.5653,43.844],[47.3315,44.1856],[46.8459,44.4464],[46.8729,44.6802],[47.1697,44.86],[47.5563,45.4535],[47.6732,45.7502],[47.871,45.6783],[48.3026,45.7682],[48.8331,46.0829],[49.0579,46.1369],[49.5345,46.5415],[49.9481,46.5595],[50.6315,46.9102],[51.3689,47.09],[51.7915,47.0091],[52.1422,46.8382],[52.5558,46.9821],[52.7836,46.9486],[56.3438,57.3592]]]},"properties":{"NAME":"Golden Horde","ABBREVN":"Golden Horde","SUBJECTO":"Golden Horde","BORDERPRECISION":1,"PARTOF":"Golden Horde"}},
{"type":"Feature","geometry":{"type":"Polygon","coordinates":[[[32.9073,52.4009],[32.6885,52.2061],[32.9435,51.8968],[33.3956,51.7799],[33.6208,52.0705],[33.6545,52.3626],[32.9073,52.4009]]]},"properties":{"NAME":"Novgorod-Seversky","ABBREVN":"Novgorod-Seversky","SUBJECTO":"Novgorod-Seversky","BORDERPRECISION":1,"PARTOF":"Novgorod-Seversky"}},
{"type":"Feature","geometry":{"type":"MultiPolygon","coordinates":[[[[50.3203,69.1505],[49.3128,69.4964],[48.5825,69.425],[48.2692,69.215],[48.2255,68.8828],[48.59,68.7286],[49.4358,68.8086],[50.3203,69.1505]]],[[[59.6408,70.1964],[59.0442,70.4475],[58.5942,70.2592],[58.6711,70.0103],[60.2056,69.6794],[60.4775,69.9161],[59.6408,70.1964]]],[[[27.581,58.2311],[27.973,58.1326],[28.3832,58.179],[29.8727,58.1144],[29.9201,57.763],[30.4858,57.3757],[31.0071,57.2592],[31.1698,57.112],[30.9914,56.8107],[30.5762,56.8078],[31.107,56.4098],[31.2291,56.1664],[30.7767,56.0721],[30.9017,55.8995],[31.8037,56.0299],[31.7228,55.5494],[31.0425,55.324],[31.3654,54.9442],[31.3512,54.8244],[32.208,54.864],[32.2648,54.3167],[32.635,53.9702],[32.5012,53.6611],[32.5553,53.3192],[32.1498,53.0377],[31.6381,53.2873],[31.3711,53.0654],[31.5617,52.3979],[31.8887,52.138],[31.3039,52.1545],[30.5084,51.7964],[30.8541,51.5406],[31.5292,51.5652],[31.9939,51.3791],[32.4178,51.5553],[33.0499,51.3749],[33.5265,51.5711],[33.693,51.3424],[34.1167,51.2541],[34.1925,51.5046],[34.8714,51.4565],[34.8344,51.8419],[35.3495,51.9243],[35.7948,51.7983],[36.3401,51.9631],[36.5252,52.3646],[36.8243,52.3896],[36.86,52.0946],[37.6993,52.7364],[39.6399,51.7485],[41.3005,52.3053],[42.07,52.2921],[43.2678,52.3112],[43.9907,52.6185],[44.3366,53.1129],[44.4351,53.7193],[43.6536,53.8366],[43.5594,53.9836],[43.8632,54.2957],[43.6312,54.5411],[43.9739,54.8232],[44.8875,55.0181],[44.9039,55.0923],[45.7182,55.3481],[46.8753,56.4454],[49.7474,56.7308],[51.6942,57.0301],[54.596,57.0694],[56.3438,57.3592],[56.3444,57.3612],[56.3718,57.3639],[58.581,57.5802],[60.1421,58.1467],[61.3074,58.8358],[62.9728,59.3185],[65.406,60.0017],[65.8985,59.729],[66.1236,59.6045],[66.8163,59.6313],[68.6218,59.808],[69.666,60.671],[69.3847,60.9141],[68.4428,61.0981],[68.2275,61.5325],[67.8521,61.6736],[66.9892,62.2165],[65.9787,62.3885],[65.0623,62.9693],[66.0417,63.5991],[65.4767,64.6878],[65.6379,65.6878],[66.508,66.5316],[68.0973,66.3766],[69.0848,66.6875],[69.7915,66.7549],[70.8399,66.5514],[71.3495,66.6624],[71.3995,66.9491],[71.9305,67.1563],[72.8377,67.6456],[73.3936,68.3824],[72.8462,68.6352],[72.5255,69.0691],[72.5515,69.6563],[72.4369,70.187],[72.7742,70.4552],[72.6797,70.8235],[71.7976,71.4318],[72.4983,71.9618],[72.8448,72.4946],[72.714,72.7696],[71.6629,72.8307],[70.2144,72.7335],[69.3431,72.8343],[69.0567,72.6447],[68.8121,72.0955],[68.3162,71.6349],[66.818,71.1054],[66.7748,70.7356],[67.2853,70.7058],[67.4218,70.2234],[66.9649,69.9558],[66.8844,69.6231],[67.7787,69.5569],[68.1059,69.4293],[68.0935,69.1359],[68.5118,68.8367],[69.109,68.8303],[68.4879,68.2242],[68.2154,68.2014],[66.5843,68.8855],[65.3554,69.1834],[64.873,69.2277],[63.9232,69.4592],[62.2813,69.7051],[61.03,69.7406],[60.3692,69.4677],[60.986,69.0026],[60.9341,68.8151],[60.5121,68.5899],[59.9254,68.5813],[59.7623,68.2974],[59.1198,68.3931],[59.3459,68.6999],[58.7704,68.856],[57.9592,68.7048],[57.5259,68.4946],[57.0242,68.4489],[56.1951,68.5669],[55.3354,68.4831],[54.7523,68.0498],[54.3797,68.1607],[53.6257,68.0477],[53.8891,68.787],[53.0058,68.6806],[52.7197,68.3514],[51.8308,68.4094],[50.4959,68.1535],[48.0807,67.5625],[47.7062,66.8901],[47.5712,66.8163],[46.4021,66.7186],[45.7154,66.8496],[44.8712,67.3124],[45.4626,67.6391],[46.6341,67.7005],[45.8634,68.3833],[44.6678,68.3886],[44.012,68.4919],[43.8222,68.3273],[44.1687,68.097],[44.2158,67.7183],[43.7036,67.2659],[44.2192,67.0898],[44.3836,66.612],[43.8762,66.011],[43.2414,66.2509],[42.2108,66.41],[41.3542,65.9552],[39.9513,65.5812],[39.9794,65.1531],[40.4621,64.7503],[39.9971,64.5412],[39.1934,64.511],[37.6041,64.8528],[36.8839,65.0677],[36.5685,64.7646],[36.9967,64.4066],[37.8799,64.3079],[38.0539,64.1293],[37.9449,63.8504],[37.4105,63.7495],[36.24,63.9186],[36.0155,64.197],[35.0818,64.2883],[34.2934,65.3962],[34.6012,65.4839],[34.7262,65.797],[34.5437,66.0008],[33.4697,66.3131],[32.7535,66.649],[32.2194,66.9937],[32.991,66.9878],[33.4375,66.7017],[34.153,66.6296],[35.7717,66.2589],[38.0479,66.0074],[39.19,66.0387],[39.9775,66.2009],[40.8364,66.5614],[41.2553,66.937],[41.0169,67.2019],[40.8261,67.66],[39.9181,67.9404],[38.6685,68.1463],[37.2459,68.7935],[35.4366,69.1504],[33.6284,69.2147],[32.5963,69.4236],[32.1587,69.6901],[30.1442,69.2621],[28.9022,68.356],[30.4687,67.4859],[31.116,67.0668],[30.8673,66.7514],[30.7887,66.2299],[31.1551,65.9142],[30.9965,65.7619],[30.4069,65.7896],[30.3975,65.1587],[30.065,64.5598],[30.8694,64.1616],[30.4455,63.7148],[30.4343,63.4158],[31.1812,63.3298],[31.2837,62.9592],[32.2231,62.8476],[32.267,62.6622],[31.3953,62.5428],[31.0598,62.3069],[29.7271,61.8479],[30.1793,61.3727],[30.9285,61.0997],[31.6064,60.1336],[31.6538,59.5256],[30.6613,59.2526],[30.2282,58.8384],[29.8859,59.1104],[28.2655,59.0866],[27.7715,58.8912],[27.6505,58.8433],[27.581,58.2311]],[[39.1262,55.1714],[39.5977,55.0256],[39.6982,54.7877],[40.2074,54.5867],[40.9214,54.5262],[41.1599,54.998],[41.3634,54.9352],[41.2282,54.5282],[40.983,54.1163],[40.5136,53.8517],[39.5757,53.8911],[38.7922,53.9833],[38.1761,53.9731],[38.3198,54.5943],[38.2154,55.1479],[39.1262,55.1714]],[[32.9073,52.4009],[33.6545,52.3626],[33.6208,52.0705],[33.3956,51.7799],[32.9435,51.8968],[32.6885,52.2061],[32.9073,52.4009]]]]},"properties":{"NAME":"Grand Duchy of Moscow","ABBREVN":"Muscovy","SUBJECTO":"Grand Duchy of Moscow","BORDERPRECISION":1,"PARTOF":"Grand Duchy of Moscow"}},
{"type":"Feature","geometry":{"type":"Polygon","coordinates":[[[67.8521,61.6736],[68.2275,61.5325],[68.4428,61.0981],[69.3847,60.9141],[69.666,60.671],[68.6218,59.808],[66.8163,59.6313],[66.1236,59.6045],[65.8985,59.729],[64.6316,58.4846],[64.2273,57.6618],[64.6788,55.9738],[68.5914,54.282],[79.3008,54.399],[82.5362,57.0804],[78.3979,58.5889],[75.6641,58.615],[75.2386,62.1341],[74.3715,63.079],[72.3617,62.9386],[70.9703,64.2448],[68.8059,62.5848],[67.8521,61.6736]]]},"properties":{"NAME":"Khanate of Sibir","ABBREVN":"Khanate of Sibir","SUBJECTO":"Khanate of Sibir","BORDERPRECISION":1,"PARTOF":"Khanate of Sibir"}},
{"type":"Feature","geometry":{"type":"MultiPolygon","coordinates":[[[[27.7715,58.8912],[27.6612,58.9376],[27.6505,58.8433],[27.7715,58.8912]]],[[[27.8227,56.7255],[28.8127,56.8835],[29.0595,56.5379],[29.9482,56.5379],[30.6887,55.8961],[30.7767,56.0721],[31.2291,56.1664],[31.107,56.4098],[30.5762,56.8078],[30.9914,56.8107],[31.1698,57.112],[31.0071,57.2592],[30.4858,57.3757],[29.9201,57.763],[29.8727,58.1144],[28.3832,58.179],[27.973,58.1326],[27.581,58.2311],[27.5107,57.6114],[27.795,57.4659],[27.6334,57.0962],[27.9294,56.9399],[27.8227,56.7255]]]]},"properties":{"NAME":"Pskov","ABBREVN":"Pskov","SUBJECTO":"Pskov","BORDERPRECISION":1,"PARTOF":"Pskov"}},
{"type":"Feature","geometry":{"type":"MultiPolygon","coordinates":[[[[178.1755,-18.2417],[178.2733,-18.1475],[178.6933,-18.025],[178.5911,-17.6358],[178.1705,-17.3425],[177.8203,-17.3647],[177.5103,-17.5094],[177.4297,-17.7617],[177.2567,-17.8742],[177.3333,-18.1194],[177.8641,-18.2639],[178.1755,-18.2417]]],[[[179.5686,-16.7581],[179.5916,-16.5397],[179.7569,-16.4422],[180,-16.1727],[180,-16.1547],[179.7708,-16.2036],[179.5033,-16.2739],[179.4005,-16.4131],[178.9819,-16.4697],[178.7077,-16.6753],[178.6902,-16.9925],[179.2064,-16.7053],[179.5686,-16.7581]]],[[[-171.4653,-14.0528],[-171.8223,-13.8075],[-171.9111,-14.0125],[-171.4653,-14.0528]]],[[[-172.2225,-13.5631],[-172.3608,-13.4606],[-172.7797,-13.5397],[-172.5325,-13.8008],[-172.2105,-13.8053],[-172.2225,-13.5631]]]]},"properties":{"NAME":"Tuʻi Tonga Empire","ABBREVN":"Tuʻi Tonga Empire","SUBJECTO":"Tuʻi Tonga Empire","BORDERPRECISION":1,"PARTOF":"Tuʻi Tonga Empire"}},
{"type":"Feature","geometry":{"type":"Polygon","coordinates":[[[-109.2414,-27.1331],[-109.3658,-27.0633],[-109.4278,-27.2019],[-109.2414,-27.1331]]]},"properties":{"NAME":"Polynesians","ABBREVN":"Polynesians","SUBJECTO":"Polynesians","BORDERPRECISION":1,"PARTOF":"Polynesians"}},
{"type":"Feature","geometry":{"type":"MultiPolygon","coordinates":[[[[23.6605,38.4036],[24.0254,38.3857],[24.1319,38.6534],[23.7898,38.7186],[23.2424,39.0441],[23.0143,38.9614],[23.6377,38.5226],[23.6605,38.4036]]],[[[27.7889,36.2517],[27.7997,35.8933],[28.1414,36.2105],[27.7889,36.2517]]],[[[41.484,41.4365],[41.2931,41.2858],[40.361,40.9634],[40.0067,40.9563],[39.3702,41.064],[38.6512,40.9216],[37.8218,41.0096],[37.2528,41.0277],[36.817,41.2897],[36.3829,41.2375],[36.1614,41.3525],[35.9578,41.6856],[35.4114,41.6268],[35.0988,41.8059],[35.0019,42.0432],[34.6629,41.8756],[33.5555,41.9825],[33.1555,41.9496],[32.419,41.7492],[31.3857,41.285],[31.2177,41.0541],[30.7448,41.0403],[30.2561,41.1847],[30.1376,41.1318],[29.1612,41.2164],[29.0145,40.9787],[29.5252,40.6883],[28.9016,40.6201],[28.8732,40.4719],[27.9082,40.3506],[27.7639,40.2873],[26.7653,40.3769],[26.1276,39.8786],[26.139,39.4397],[26.8043,39.5672],[26.7079,39.1821],[26.8708,39.056],[26.9664,38.7699],[26.6957,38.6408],[26.9974,38.4001],[26.7425,38.2784],[26.4687,38.4448],[26.3932,38.1044],[26.6793,38.1049],[27.1398,37.8891],[27.1604,37.3601],[27.3646,37.3286],[27.5256,37.1314],[27.3081,36.9207],[27.9988,36.9094],[27.9119,36.6989],[28.0142,36.5272],[28.4698,36.7383],[28.8135,36.5352],[29.0023,36.6948],[29.2982,36.1731],[29.662,36.0783],[30.1661,36.1876],[30.4728,36.1883],[30.5936,36.7617],[30.9053,36.7942],[31.3707,36.7123],[31.902,36.4969],[32.335,36.1284],[32.6403,36.008],[33.1713,35.9709],[33.7532,36.1466],[34.4851,36.6268],[34.6624,36.6478],[35.2205,36.388],[35.4946,36.4431],[35.8909,36.7711],[36.7893,37.0006],[36.4944,37.3692],[38.6097,38.368],[39.1479,38.6222],[41.2118,40.2438],[41.484,41.4365]]],[[[17.3041,43.0762],[18.0014,42.6945],[18.5286,42.3527],[18.9099,42.2178],[19.143,41.9321],[19.607,41.7615],[19.6194,41.5593],[19.417,41.3453],[19.53,41.2184],[19.5273,40.8659],[19.3392,40.5887],[19.4945,40.4027],[19.3691,40.2603],[19.8036,40.017],[20.0286,39.8138],[20.2118,39.4049],[20.6778,39.0804],[21.0072,39.113],[21.0065,38.8705],[20.7718,38.8509],[21.1724,38.3478],[21.8265,38.464],[22.3337,38.4267],[22.8756,38.2046],[22.7472,37.9526],[21.9058,38.2697],[21.7145,38.1354],[21.4405,38.1795],[21.2284,37.9049],[21.2963,37.7265],[21.6137,37.4148],[21.5314,37.1151],[21.7809,36.8225],[21.9842,37.0205],[22.1914,36.8552],[22.3903,36.5244],[22.6736,36.7543],[22.9826,36.6148],[22.8869,37.0467],[22.6387,37.4923],[22.9421,37.5184],[23.1096,37.3466],[23.3122,37.5481],[23.0489,37.6426],[22.9806,37.9578],[23.4957,38.0681],[23.8355,37.6846],[23.9873,37.7634],[23.8039,38.3465],[23.5558,38.3518],[23.1695,38.667],[22.6023,38.8562],[22.8711,39.0243],[22.7203,39.2873],[23.0742,39.4135],[22.8134,39.6027],[22.4674,40.1185],[22.6023,40.3972],[23.5958,40.1923],[23.886,40.7329],[24.2191,40.8297],[25.0463,40.9523],[25.9929,40.8525],[26.124,40.6028],[26.5565,40.4983],[26.1948,40.3031],[26.2552,40.0816],[26.6136,40.398],[27.2638,40.6672],[27.4742,40.9628],[27.9322,40.9575],[28.1733,41.0579],[28.8278,40.9147],[29.0124,41.2548],[28.3715,41.4331],[28.1044,41.593],[27.9134,42.0781],[27.502,42.5163],[27.8362,42.7355],[28.0346,43.3919],[28.4457,43.4764],[28.5731,44.1978],[28.6862,44.4881],[29.0897,44.8757],[29.4575,44.9151],[29.7108,45.2583],[29.5004,45.5234],[29.6295,45.7504],[30.0688,45.8614],[30.8329,46.5766],[31.0872,46.6355],[31.8499,46.6299],[32.0074,46.9059],[30.8862,47.4538],[28.3683,45.3309],[26.5395,45.2504],[24.1803,45.8561],[23.5426,45.8561],[20.8008,44.9315],[20.2907,44.8997],[19.7851,44.9361],[18.9386,44.3928],[17.7538,44.3928],[17.4575,44.146],[16.8651,44.2447],[16.7015,43.8467],[16.6398,43.3897],[16.9923,43.3227],[17.3262,43.3368],[17.3041,43.0762]]]]},"properties":{"NAME":"Ottoman Empire","ABBREVN":"Ottoman Emp.","SUBJECTO":"Ottoman Empire","BORDERPRECISION":1,"PARTOF":"Ottoman Empire"}}
]}