{"type":"FeatureCollection","features":[{"type":"Feature","properties":{"NAME":"United States of America","ABBREVN":"United States of America","SUBJECTO":"United States of America","BORDERPRECISION":3,"PARTOF":"United States of America","SHAPE_HASH":"a4c65d5892"},"geometry":{"type":"MultiPolygon","coordinates":[[[[-72.39,41.08],[-72.35,41],[-72.08,40.98],[-72.54,40.83],[-73.56,40.65],[-73.62,40.59],[-74.03,40.65],[-73.92,40.79],[-73.84,40.8],[-73.59,40.92],[-73.23,40.91],[-73.04,40.97],[-72.64,40.98],[-72.39,41.08]]],[[[-68.3,44.45],[-68.19,44.33],[-68.33,44.24],[-68.43,44.32],[-68.3,44.45]]],[[[-122.6,48.4],[-122.66,48.24],[-122.37,48.04],[-122.53,47.98],[-122.76,48.24],[-122.6,48.4]]],[[[-87.46,30.3],[-87.87,30.23],[-87.76,30.3],[-87.91,30.41],[-87.91,30.57],[-88.02,30.7],[-88.1,30.51],[-88.11,30.37],[-88.35,30.4],[-88.46,30.32],[-88.72,30.35],[-88.83,30.41],[-89.31,30.31],[-89.45,30.18],[-89.59,30.15],[-89.98,30.27],[-90.06,30.36],[-90.24,30.38],[-90.41,30.2],[-90.41,30.1],[-90.17,30.02],[-89.81,30.1],[-89.82,29.95],[-89.59,29.9],[-89.48,30.07],[-89.4,30.05],[-89.33,29.88],[-89.48,29.83],[-89.66,29.67],[-89.68,29.53],[-89.46,29.4],[-89.19,29.34],[-89.01,29.2],[-89.15,29.04],[-89.39,29.09],[-89.48,29.23],[-89.77,29.34],[-89.77,29.41],[-90.03,29.43],[-90.05,29.22],[-90.24,29.12],[-90.27,29.26],[-90.44,29.33],[-90.7,29.12],[-90.88,29.13],[-91.25,29.24],[-91.27,29.47],[-91.54,29.54],[-91.63,29.74],[-91.9,29.84],[-92.15,29.77],[-92.1,29.62],[-92.27,29.54],[-92.69,29.6],[-93.12,29.76],[-93.3,29.79],[-93.67,29.76],[-93.82,29.71],[-93.77,29.98],[-93.85,29.99],[-93.96,29.82],[-93.86,29.68],[-94.04,29.68],[-94.52,29.52],[-94.73,29.61],[-94.76,29.79],[-94.96,29.7],[-95.02,29.57],[-94.9,29.42],[-94.9,29.31],[-95.09,29.18],[-95.15,29.05],[-95.3,28.93],[-95.62,28.76],[-95.8,28.74],[-96.13,28.6],[-96.44,28.76],[-96.4,28.44],[-96.62,28.32],[-96.8,28.47],[-96.78,28.24],[-96.88,28.14],[-97.03,28.19],[-97.17,28.16],[-97.21,28.07],[-97.02,28.03],[-97.19,27.82],[-97.49,27.88],[-97.28,27.66],[-97.41,27.33],[-97.48,27.03],[-97.56,27.01],[-97.56,26.84],[-97.49,26.79],[-97.41,26.41],[-97.32,26.25],[-97.24,25.98],[-97.14,25.97],[-97.42,25.84],[-97.68,26.04],[-97.85,26.06],[-98.06,26.04],[-98.29,26.1],[-98.44,26.22],[-98.6,26.26],[-98.78,26.35],[-99.1,26.44],[-99.2,26.71],[-99.46,27.05],[-99.44,27.26],[-99.5,27.57],[-99.71,27.67],[-99.86,27.81],[-99.88,27.9],[-100.08,28.16],[-100.28,28.28],[-100.36,28.52],[-100.62,28.93],[-100.67,29.11],[-100.8,29.26],[-101.04,29.46],[-101.22,29.54],[-101.36,29.66],[-101.41,29.77],[-101.63,29.77],[-101.83,29.8],[-102.1,29.8],[-102.3,29.89],[-102.5,29.78],[-102.67,29.74],[-102.9,29.25],[-103.16,28.98],[-103.37,29.02],[-103.53,29.13],[-104.02,29.32],[-104.23,29.49],[-104.42,29.57],[-104.54,29.67],[-104.68,29.94],[-104.67,30.17],[-104.87,30.47],[-104.9,30.57],[-105.12,30.75],[-105.39,30.87],[-105.6,31.08],[-105.77,31.18],[-106.01,31.4],[-106.21,31.47],[-106.4,31.75],[-106.53,31.78],[-108.21,31.78],[-108.21,31.33],[-109.51,31.33],[-111.05,31.33],[-111.95,31.62],[-113.34,32.06],[-114.8,32.5],[-114.72,32.72],[-115.91,32.63],[-117.12,32.54],[-117.12,32.64],[-117.26,32.77],[-117.25,32.89],[-117.32,33.11],[-117.49,33.34],[-118.11,33.76],[-118.4,33.75],[-118.42,33.92],[-118.55,34.06],[-118.84,34.03],[-119.13,34.11],[-119.31,34.28],[-119.54,34.41],[-119.8,34.43],[-120.13,34.48],[-120.45,34.46],[-120.63,34.58],[-120.59,34.71],[-120.62,34.9],[-120.6,35.1],[-120.86,35.23],[-120.84,35.36],[-121,35.48],[-121.43,35.89],[-121.47,36],[-121.67,36.18],[-121.87,36.32],[-121.94,36.59],[-121.8,36.67],[-121.76,36.81],[-121.85,36.95],[-122.18,37.02],[-122.38,37.2],[-122.38,37.37],[-122.5,37.59],[-122.48,37.79],[-122.38,37.81],[-122.36,37.62],[-122.06,37.46],[-122.17,37.71],[-122.39,37.96],[-122.23,38.06],[-122.37,38.16],[-122.48,38.12],[-122.51,37.83],[-122.78,38],[-122.96,38.06],[-122.93,38.16],[-123.11,38.46],[-123.31,38.57],[-123.45,38.73],[-123.7,38.93],[-123.69,39.12],[-123.8,39.35],[-123.74,39.55],[-123.87,39.87],[-124.06,40.09],[-124.33,40.27],[-124.38,40.45],[-124.28,40.69],[-124.14,40.81],[-124.1,40.99],[-124.12,41.16],[-124.05,41.39],[-124.12,41.68],[-124.22,41.82],[-124.19,42],[-124.34,42.12],[-124.42,42.48],[-124.39,42.67],[-124.48,42.75],[-124.51,42.91],[-124.43,43.04],[-124.38,43.32],[-124.28,43.44],[-124.15,43.79],[-124.02,44.89],[-123.94,45.18],[-123.94,45.52],[-123.9,45.67],[-123.95,45.77],[-123.91,46.03],[-123.95,46.18],[-123.6,46.2],[-123.69,46.3],[-123.86,46.26],[-124,46.32],[-123.88,46.53],[-124.08,46.75],[-124.1,46.86],[-123.97,46.93],[-124.3,47.37],[-124.36,47.67],[-124.46,47.82],[-124.62,47.93],[-124.67,48.04],[-124.71,48.4],[-124.64,48.4],[-124.04,48.19],[-123.24,48.13],[-123.11,48.19],[-122.78,48.09],[-122.63,47.92],[-122.51,47.92],[-122.46,47.76],[-122.6,47.71],[-122.51,47.5],[-122.55,47.29],[-122.85,47.31],[-122.94,47.21],[-122.72,47.12],[-122.53,47.28],[-122.31,47.37],[-122.42,47.67],[-122.29,47.96],[-122.39,48.31],[-122.49,48.45],[-122.44,48.59],[-122.5,48.74],[-122.65,48.76],[-122.81,48.94],[-122.76,49],[-121.08,49],[-119.47,49],[-117.87,49],[-116.05,49],[-114.34,49],[-113.23,49],[-111.37,49],[-110.1,49],[-108.17,49],[-106.74,49],[-104.84,49],[-103.74,49],[-102.34,49],[-100.5,49],[-98.5,49],[-97.22,49],[-95.15,49],[-95.15,49.33],[-94.93,49.36],[-94.82,49.31],[-94.72,48.97],[-94.71,48.8],[-94.5,48.7],[-93.86,48.63],[-93.79,48.52],[-93.5,48.54],[-93.24,48.64],[-92.95,48.62],[-92.7,48.49],[-92.26,48.35],[-92.04,48.35],[-91.99,48.26],[-91.74,48.19],[-91.65,48.1],[-91.42,48.04],[-91.24,48.08],[-90.9,48.24],[-90.75,48.09],[-90.15,48.12],[-89.9,47.99],[-89.76,48.03],[-89.36,47.98],[-88.69,48.26],[-88.37,48.31],[-87.44,47.96],[-86.05,47.4],[-84.86,46.91],[-84.78,46.65],[-84.56,46.47],[-84.19,46.55],[-84.1,46.24],[-83.95,46.07],[-83.84,46.13],[-83.57,46.1],[-83.45,46.01],[-83.6,45.83],[-82.54,45.36],[-82.33,44.46],[-82.13,43.59],[-82.42,43.02],[-82.52,42.63],[-82.84,42.4],[-83.08,42.3],[-83.17,42.05],[-83.08,41.87],[-82.7,41.68],[-82.43,41.68],[-81.25,42.22],[-80.09,42.4],[-78.99,42.82],[-78.92,42.94],[-79.08,43.09],[-79.05,43.26],[-79.18,43.47],[-78.72,43.63],[-77.89,43.64],[-76.81,43.63],[-76.44,44.1],[-76.06,44.34],[-75.87,44.4],[-75.68,44.59],[-75.31,44.84],[-74.85,45.02],[-74.25,44.99],[-72.78,45.02],[-71.49,45.02],[-71.4,45.21],[-71.3,45.3],[-71.14,45.25],[-71.02,45.33],[-70.88,45.24],[-70.7,45.46],[-70.63,45.63],[-70.47,45.71],[-70.26,45.91],[-70.29,46.2],[-70.06,46.43],[-70.01,46.7],[-69.24,47.47],[-69.05,47.43],[-69.03,47.26],[-68.89,47.19],[-68.31,47.37],[-68.19,47.33],[-67.79,47.07],[-67.77,45.96],[-67.79,45.7],[-67.41,45.59],[-67.48,45.5],[-67.46,45.28],[-67.34,45.15],[-67.21,45.18],[-67.03,44.98],[-66.97,44.83],[-67.19,44.66],[-67.42,44.63],[-67.56,44.55],[-67.78,44.55],[-68.06,44.35],[-68.11,44.45],[-68.32,44.47],[-68.62,44.31],[-68.81,44.33],[-68.79,44.46],[-68.98,44.44],[-69.07,44.07],[-69.25,43.94],[-69.37,44.05],[-69.5,43.85],[-69.65,43.9],[-69.8,43.79],[-69.99,43.88],[-70.17,43.78],[-70.35,43.44],[-70.57,43.3],[-70.57,43.23],[-70.79,42.94],[-70.81,42.72],[-70.63,42.6],[-70.87,42.54],[-71.04,42.37],[-70.96,42.24],[-70.72,42.21],[-70.53,41.93],[-70.53,41.81],[-70.29,41.71],[-69.93,41.83],[-69.94,41.67],[-70.42,41.63],[-70.65,41.54],[-70.63,41.7],[-70.73,41.73],[-70.93,41.55],[-71.21,41.55],[-71.39,41.81],[-71.43,41.46],[-71.51,41.37],[-71.78,41.33],[-71.96,41.35],[-72.53,41.26],[-72.94,41.27],[-73.56,41.02],[-73.65,41.01],[-73.82,40.83],[-73.93,40.8],[-74.25,40.55],[-74.2,40.44],[-74,40.46],[-73.95,40.3],[-74.15,39.7],[-74.46,39.42],[-74.42,39.35],[-74.6,39.26],[-74.82,38.97],[-74.95,39.01],[-74.92,39.19],[-75.4,39.25],[-75.39,39.08],[-75.19,38.82],[-75.06,38.59],[-75.09,38.33],[-75.36,38.08],[-75.66,37.5],[-75.84,37.37],[-75.87,37.22],[-76.02,37.27],[-75.92,37.61],[-75.66,37.84],[-75.64,37.96],[-75.88,37.99],[-75.91,38.15],[-76.24,38.37],[-76.32,38.49],[-76.27,38.62],[-76.33,38.76],[-76.14,38.89],[-76.3,39.03],[-76.17,39.32],[-75.98,39.39],[-75.84,39.57],[-76.08,39.55],[-76.48,39.3],[-76.39,39.01],[-76.52,38.85],[-76.51,38.53],[-76.38,38.37],[-76.38,38.22],[-76.31,38.05],[-76.63,38.24],[-76.87,38.27],[-76.93,38.2],[-76.59,38.12],[-76.5,38.02],[-76.23,37.88],[-76.29,37.57],[-76.24,37.37],[-76.45,37.26],[-76.29,37.14],[-76.39,36.97],[-76.61,37.13],[-76.64,37.05],[-76.33,36.86],[-76.31,36.94],[-75.99,36.91],[-75.91,36.67],[-76.03,36.5],[-75.92,36.35],[-75.95,36.19],[-76.5,36.01],[-76.73,36.05],[-76.73,35.94],[-76.42,35.98],[-76.3,35.95],[-76.08,35.99],[-75.99,35.88],[-75.85,35.98],[-75.72,35.81],[-75.74,35.62],[-75.89,35.58],[-76.15,35.34],[-76.46,35.37],[-76.66,35.17],[-76.73,35],[-76.49,35.01],[-76.34,34.88],[-76.5,34.74],[-76.68,34.8],[-77.09,34.68],[-77.68,34.37],[-77.84,34.19],[-77.88,34.03],[-78.03,33.89],[-78.24,33.92],[-78.6,33.87],[-78.88,33.69],[-79.14,33.42],[-79.21,33.17],[-79.39,33.01],[-79.57,33.02],[-79.61,32.92],[-79.99,32.62],[-80.22,32.54],[-80.43,32.4],[-80.46,32.32],[-80.63,32.26],[-80.88,32.08],[-80.85,31.97],[-81.12,31.73],[-81.17,31.56],[-81.29,31.32],[-81.28,31.22],[-81.49,31.11],[-81.42,31.03],[-81.53,30.85],[-81.44,30.64],[-81.39,30.28],[-81.26,29.8],[-80.97,29.15],[-80.6,28.61],[-80.82,28.65],[-80.76,28.42],[-80.4,27.7],[-80.22,27.19],[-80.08,26.99],[-80.03,26.63],[-80.14,25.91],[-80.19,25.74],[-80.31,25.6],[-80.38,25.32],[-80.49,25.22],[-80.68,25.16],[-81.09,25.12],[-80.95,25.3],[-81.13,25.38],[-81.33,25.79],[-81.56,25.92],[-81.74,25.96],[-81.82,26.17],[-81.88,26.45],[-82.07,26.55],[-82.08,26.71],[-82.02,26.96],[-82.19,26.94],[-82.29,26.83],[-82.4,26.96],[-82.57,27.39],[-82.62,27.55],[-82.39,27.82],[-82.42,27.92],[-82.69,28.03],[-82.71,27.93],[-82.6,27.87],[-82.64,27.7],[-82.72,27.66],[-82.85,27.86],[-82.75,28.23],[-82.66,28.44],[-82.63,28.88],[-82.75,29.01],[-82.8,29.15],[-83.07,29.22],[-83.22,29.42],[-83.4,29.53],[-83.43,29.67],[-83.54,29.72],[-83.63,29.88],[-84.01,30.1],[-84.21,30.11],[-84.46,30],[-84.52,29.91],[-84.87,29.74],[-85.3,29.69],[-85.36,29.9],[-85.76,30.24],[-85.83,30.2],[-86.09,30.3],[-86.26,30.5],[-86.44,30.5],[-86.6,30.42],[-86.94,30.45],[-87.01,30.52],[-87.16,30.52],[-87.31,30.32],[-87.46,30.3]]]]}},{"type":"Feature","properties":{"NAME":"Alaska","ABBREVN":"Alaska","SUBJECTO":"Alaska","BORDERPRECISION":3,"PARTOF":"Alaska","SHAPE_HASH":"7425f89cd6"},"geometry":{"type":"MultiPolygon","coordinates":[[[[-177.81,51.72],[-178.22,51.87],[-177.94,51.92],[-177.81,51.72]]],[[[-176.55,51.84],[-176.42,51.75],[-176.91,51.6],[-176.97,51.66],[-176.78,51.83],[-176.78,51.93],[-176.61,51.99],[-176.55,51.84]]],[[[-173.99,52.29],[-174.14,52.12],[-174.72,52],[-175.01,52.07],[-174.5,52.13],[-174.43,52.32],[-174.18,52.42],[-173.99,52.29]]],[[[-165.7,54.08],[-165.97,54.06],[-165.94,54.22],[-165.7,54.08]]],[[[-168.33,53.21],[-168.47,53.05],[-168.87,52.9],[-168.79,53.15],[-168.61,53.27],[-168.37,53.25],[-168.41,53.41],[-168.24,53.53],[-168.01,53.56],[-167.8,53.5],[-167.87,53.37],[-168.33,53.21]]],[[[-166.64,53.87],[-166.25,53.88],[-166.28,53.68],[-166.54,53.63],[-166.76,53.45],[-167.14,53.42],[-167.5,53.28],[-167.69,53.38],[-167.16,53.46],[-167.16,53.6],[-167.03,53.7],[-167.16,53.85],[-167.02,53.96],[-166.75,54.01],[-166.64,53.87]]],[[[-135.72,56.99],[-135.83,56.99],[-135.84,57.32],[-135.62,57.28],[-135.55,57.13],[-135.72,56.99]]],[[[-134.69,58.17],[-134.17,58.16],[-134.14,58.05],[-133.91,57.81],[-134.27,57.87],[-133.87,57.49],[-133.86,57.37],[-134.48,57.03],[-134.59,57.04],[-134.61,57.22],[-134.5,57.37],[-134.66,57.6],[-134.79,58.11],[-134.69,58.17]]],[[[-171.47,63.61],[-171.27,63.63],[-170.91,63.57],[-170.49,63.7],[-170.1,63.62],[-169.84,63.45],[-169.52,63.35],[-168.72,63.31],[-168.87,63.15],[-169.32,63.18],[-169.51,63.09],[-170.22,63.21],[-170.23,63.28],[-170.86,63.46],[-171.45,63.31],[-171.74,63.38],[-171.85,63.51],[-171.74,63.67],[-171.47,63.61]]],[[[-146.34,60.41],[-146.47,60.3],[-146.7,60.41],[-146.54,60.48],[-146.34,60.41]]],[[[-153.25,57],[-153.4,57.06],[-153.28,57.2],[-152.96,57.18],[-153.25,57]]],[[[-135.95,57.53],[-135.99,57.63],[-136.35,57.83],[-136.31,57.99],[-136.43,58.11],[-136.35,58.22],[-135.96,58.2],[-135.81,58.27],[-135.41,58.14],[-134.94,58.03],[-135.05,57.87],[-134.91,57.75],[-134.85,57.46],[-135.12,57.5],[-135.75,57.75],[-135.57,57.59],[-135.55,57.47],[-135.84,57.39],[-135.95,57.53]]],[[[-160.95,58.56],[-161.06,58.7],[-160.69,58.81],[-160.95,58.56]]],[[[-152.91,58],[-153.42,58.06],[-153.26,58.14],[-152.91,58]]],[[[-152.41,58.36],[-152.28,58.42],[-151.98,58.34],[-152.59,58.13],[-152.78,58],[-153.04,58.05],[-153.23,58.16],[-153.04,58.3],[-152.8,58.28],[-152.79,58.41],[-152.65,58.48],[-152.41,58.36]]],[[[-166.11,60.41],[-166.07,60.33],[-165.68,60.3],[-165.67,60.06],[-165.56,59.93],[-166.23,59.84],[-166.6,59.85],[-167.13,60],[-167.42,60.19],[-166.8,60.27],[-166.46,60.38],[-166.11,60.41]]],[[[-147.71,59.81],[-147.89,59.84],[-147.67,60.01],[-147.4,60.11],[-147.1,60.38],[-146.92,60.31],[-147.71,59.81]]],[[[-163.42,54.92],[-163.37,54.79],[-163.14,54.76],[-163.59,54.61],[-164.17,54.61],[-164.47,54.41],[-164.86,54.43],[-164.93,54.6],[-164.7,54.67],[-164.49,54.91],[-164.24,54.89],[-163.93,55.03],[-163.54,55.05],[-163.42,54.92]]],[[[-132.18,56.17],[-132.12,55.94],[-132.32,55.91],[-132.45,56.05],[-132.71,56.14],[-132.52,56.34],[-132.4,56.22],[-132.18,56.17]]],[[[-133.64,55.93],[-133.68,56.06],[-133.57,56.13],[-133.28,56.13],[-133.36,56.01],[-133.64,55.93]]],[[[-132.25,56.2],[-132.33,56.4],[-132.04,56.36],[-131.95,56.23],[-132.01,56.13],[-132.25,56.2]]],[[[-133.99,56.87],[-133.73,56.77],[-133.69,56.6],[-133.91,56.62],[-133.85,56.35],[-133.95,56.09],[-134.22,56.07],[-134.28,56.35],[-134.06,56.55],[-134.3,56.56],[-134.4,56.85],[-134.19,56.93],[-133.99,56.87]]],[[[-132.82,56.23],[-133.04,56.33],[-132.99,56.42],[-132.73,56.46],[-132.63,56.3],[-132.82,56.23]]],[[[-159.84,55.14],[-160.12,55.02],[-160.19,55.11],[-159.84,55.14]]],[[[-132.67,54.68],[-132.84,54.69],[-133.12,54.94],[-133.21,55.09],[-132.99,55.12],[-132.9,54.91],[-132.67,54.68]]],[[[-160.7,55.4],[-160.55,55.15],[-160.8,55.13],[-160.85,55.33],[-160.7,55.4]]],[[[-131.39,55.21],[-131.38,55.01],[-131.59,54.99],[-131.58,55.25],[-131.39,55.21]]],[[[-131.06,55.81],[-130.93,55.64],[-130.97,55.39],[-131.06,55.26],[-131.25,55.2],[-131.55,55.29],[-131.82,55.45],[-131.7,55.53],[-131.7,55.67],[-131.53,55.9],[-131.23,55.95],[-131.06,55.81]]],[[[-133.49,56.34],[-133.18,56.33],[-133.02,56.17],[-133.07,56.05],[-132.82,56.03],[-132.62,55.92],[-132.44,55.69],[-132.25,55.54],[-132.28,55.46],[-132,55.11],[-131.95,54.79],[-132.01,54.69],[-132.29,54.71],[-132.22,54.81],[-132.49,54.98],[-132.51,55.11],[-133.21,55.28],[-133.06,55.62],[-133.26,55.57],[-133.37,55.72],[-133.14,55.82],[-133.26,55.95],[-133.27,56.15],[-133.56,56.18],[-133.49,56.34]]],[[[-132.9,56.62],[-132.8,56.79],[-132.53,56.59],[-132.77,56.49],[-132.9,56.62]]],[[[-132.97,56.61],[-133.19,56.45],[-133.64,56.44],[-133.74,56.89],[-134.02,57.01],[-133.84,57.08],[-133.32,56.99],[-133.08,56.99],[-132.93,56.85],[-132.97,56.61]]],[[[-134.95,57.36],[-134.84,57.25],[-134.62,56.73],[-134.62,56.25],[-134.76,56.22],[-135.37,56.83],[-135.36,57.07],[-135.52,57.35],[-135.52,57.51],[-135.35,57.55],[-134.95,57.36]]],[[[-137.04,59.07],[-136.81,59.17],[-136.58,59.16],[-136.46,59.3],[-136.46,59.47],[-136.3,59.47],[-136.21,59.64],[-135.95,59.67],[-135.47,59.8],[-135.01,59.57],[-135.09,59.43],[-134.95,59.28],[-134.69,59.24],[-134.47,59.13],[-134.24,58.85],[-133.83,58.73],[-133.43,58.46],[-133.43,58.36],[-133.14,58.14],[-133.09,58.04],[-132.37,57.38],[-132.23,57.2],[-132.32,57.09],[-132.03,57.04],[-132.1,56.87],[-131.86,56.8],[-131.82,56.6],[-131.55,56.6],[-131.06,56.4],[-130.77,56.37],[-130.46,56.24],[-130.37,56.12],[-130.09,56.12],[-130.01,55.91],[-130.17,55.76],[-130.14,55.54],[-129.99,55.28],[-130.37,54.9],[-130.58,54.8],[-130.93,54.82],[-130.96,55.06],[-131.07,55.19],[-130.86,55.31],[-130.91,55.74],[-131.17,55.94],[-131.4,55.99],[-131.76,55.81],[-131.96,55.5],[-132.19,55.61],[-132.25,55.72],[-132.05,55.82],[-131.95,55.96],[-131.9,56.23],[-131.99,56.36],[-132.19,56.42],[-132.44,56.6],[-132.5,56.75],[-132.77,56.84],[-132.91,57.03],[-133.49,57.17],[-133.44,57.36],[-133.7,57.79],[-134.06,58.08],[-134.09,58.19],[-134.24,58.21],[-134.49,58.35],[-134.76,58.38],[-134.77,58.46],[-135.06,58.75],[-135.23,59.13],[-135.39,58.96],[-135.05,58.34],[-135.09,58.23],[-135.32,58.25],[-135.47,58.47],[-135.91,58.38],[-135.84,58.54],[-136.07,58.82],[-136.24,58.75],[-136.68,58.91],[-137.04,59.07]]],[[[-153.19,57.84],[-153.03,57.93],[-152.62,57.93],[-152.33,57.82],[-152.55,57.7],[-152.44,57.6],[-152.16,57.63],[-152.34,57.43],[-152.63,57.4],[-152.7,57.27],[-152.91,57.33],[-153.1,57.21],[-153.26,57.23],[-153.37,57.17],[-153.55,56.98],[-153.99,56.74],[-154.07,56.84],[-153.86,56.93],[-154.11,57.12],[-154.24,56.87],[-154.53,57],[-154.54,57.18],[-154.8,57.28],[-154.73,57.42],[-154.52,57.58],[-154.21,57.67],[-154,57.64],[-153.94,57.78],[-153.73,57.9],[-153.57,57.83],[-153.51,57.63],[-153.19,57.84]]],[[[-141,69.64],[-141,68.97],[-141,67.73],[-141,66.87],[-141,66.1],[-141,65.13],[-141,63.83],[-141,62.73],[-141,60.97],[-141,60.31],[-140.52,60.22],[-140.45,60.31],[-139.98,60.19],[-139.68,60.34],[-139.07,60.34],[-139.19,60.1],[-139.05,60],[-138.69,59.91],[-138.62,59.77],[-137.59,59.24],[-137.48,58.99],[-137.07,59.06],[-136.99,58.89],[-136.58,58.84],[-136.19,58.61],[-136.03,58.39],[-136.08,58.34],[-136.7,58.24],[-136.86,58.38],[-137.27,58.46],[-137.59,58.59],[-137.91,58.79],[-137.96,58.9],[-138.39,59.1],[-139.16,59.3],[-139.23,59.38],[-139.71,59.5],[-139.53,59.68],[-139.62,59.89],[-140.23,59.71],[-140.88,59.75],[-141.38,59.87],[-141.4,60.02],[-141.73,59.95],[-141.88,60.01],[-142.72,60.11],[-143.19,60.06],[-143.97,60.01],[-144.25,60.19],[-144.62,60.2],[-144.93,60.29],[-144.86,60.62],[-145.23,60.37],[-145.38,60.36],[-145.65,60.47],[-145.83,60.62],[-146.22,60.63],[-146.13,60.85],[-146.55,60.82],[-146.76,60.95],[-147.09,61.01],[-147.37,60.89],[-147.54,60.92],[-147.79,60.82],[-148.17,61.02],[-148.3,60.85],[-148.19,60.55],[-147.96,60.51],[-148.31,60.26],[-148.44,59.95],[-148.89,59.95],[-149.2,59.99],[-149.37,60.12],[-149.79,59.67],[-149.92,59.71],[-150.25,59.49],[-150.72,59.42],[-150.87,59.33],[-151.42,59.26],[-151.75,59.16],[-151.98,59.3],[-151.9,59.41],[-151.22,59.59],[-151.73,59.67],[-151.88,59.78],[-151.72,60.01],[-151.45,60.19],[-151.3,60.39],[-151.28,60.54],[-151.42,60.71],[-151.05,60.79],[-150.67,60.96],[-150.34,61.03],[-150.05,60.91],[-149.84,60.97],[-149.17,60.89],[-149.15,60.94],[-149.62,60.99],[-150.06,61.16],[-149.96,61.27],[-150.48,61.25],[-150.63,61.29],[-151.03,61.18],[-151.2,61.04],[-151.49,61.01],[-151.8,60.85],[-151.85,60.74],[-152.33,60.49],[-152.42,60.29],[-152.77,60.19],[-152.59,60.05],[-152.72,59.92],[-153.03,59.89],[-153.04,59.71],[-153.2,59.65],[-153.47,59.66],[-153.74,59.44],[-154.08,59.37],[-154.26,59.13],[-154.04,59.08],[-153.71,59.07],[-153.42,58.98],[-153.26,58.86],[-153.61,58.63],[-153.91,58.58],[-154.1,58.48],[-154.06,58.36],[-154.24,58.13],[-154.44,58.14],[-154.57,58.02],[-155.03,58.01],[-155.07,57.89],[-155.39,57.72],[-155.62,57.78],[-155.73,57.55],[-156.21,57.48],[-156.36,57.31],[-156.34,57.17],[-156.55,56.98],[-156.94,56.96],[-157.19,56.77],[-157.45,56.84],[-157.68,56.61],[-157.88,56.47],[-158.11,56.51],[-158.34,56.48],[-158.52,56.35],[-158.22,56.28],[-158.66,56.11],[-158.94,55.93],[-159.36,55.87],[-159.47,55.82],[-159.98,55.82],[-160.14,55.66],[-160.42,55.63],[-160.76,55.45],[-160.95,55.5],[-161.25,55.35],[-161.51,55.37],[-161.4,55.63],[-161.61,55.61],[-161.7,55.4],[-161.93,55.22],[-162.27,55.02],[-162.45,55.04],[-162.57,55.29],[-162.71,55.21],[-162.6,55.12],[-162.65,55],[-163.05,54.93],[-163.24,54.84],[-163.33,55.12],[-162.94,55.18],[-162.89,55.27],[-162.63,55.35],[-162.26,55.67],[-161.78,55.89],[-161.39,55.96],[-161.07,55.93],[-160.81,55.73],[-160.66,55.85],[-160.25,55.77],[-160.24,55.84],[-160.57,55.99],[-160.39,56.24],[-159.84,56.54],[-158.98,56.78],[-158.64,56.76],[-158.7,56.98],[-158.29,57.32],[-158.12,57.36],[-157.94,57.49],[-157.63,57.61],[-157.71,57.66],[-157.61,58.08],[-157.54,58.17],[-157.55,58.39],[-157.47,58.5],[-157.07,58.74],[-157.19,58.85],[-158.09,58.62],[-158.32,58.65],[-158.53,58.79],[-158.49,59],[-158.91,58.72],[-158.76,58.5],[-158.8,58.42],[-159.06,58.43],[-159.35,58.72],[-159.6,58.9],[-159.81,58.81],[-160.26,58.92],[-160.49,59.03],[-160.84,58.87],[-161.25,58.79],[-161.36,58.66],[-161.63,58.6],[-161.85,58.67],[-161.66,58.8],[-161.79,58.87],[-161.7,59.11],[-161.99,59.15],[-161.96,59.38],[-161.71,59.5],[-162.2,60.01],[-162.38,60.33],[-162.54,59.99],[-163.1,59.86],[-163.66,59.79],[-164.07,59.82],[-164.19,60.02],[-164.42,60.09],[-164.65,60.24],[-165.04,60.36],[-165.27,60.6],[-165.01,60.7],[-164.85,60.87],[-164.66,60.82],[-163.81,60.74],[-163.65,60.59],[-163.41,60.76],[-163.74,60.99],[-163.96,60.87],[-164.55,60.85],[-165.37,61.2],[-165.6,61.11],[-165.7,61.3],[-166.09,61.52],[-166.09,61.82],[-165.63,61.85],[-165.75,61.99],[-165.68,62.14],[-165.27,62.43],[-164.79,62.65],[-164.88,62.84],[-164.58,63.13],[-164.15,63.26],[-163.73,63.21],[-163.33,63.03],[-163.07,63.06],[-162.64,63.25],[-162.31,63.54],[-161.96,63.45],[-161.44,63.46],[-161.15,63.51],[-160.82,63.72],[-160.78,63.87],[-160.93,64.05],[-160.95,64.2],[-161.17,64.35],[-161.42,64.43],[-161.39,64.54],[-161.02,64.51],[-160.81,64.63],[-160.87,64.79],[-161.2,64.93],[-161.38,64.79],[-161.74,64.8],[-162.11,64.72],[-162.61,64.5],[-162.63,64.39],[-163.17,64.66],[-163.35,64.59],[-163.04,64.49],[-163.14,64.41],[-163.49,64.55],[-163.82,64.59],[-164.35,64.58],[-164.58,64.52],[-164.93,64.53],[-165.03,64.44],[-166.12,64.57],[-166.49,64.74],[-166.39,64.89],[-166.7,65],[-166.48,65.23],[-166.63,65.36],[-167.46,65.42],[-168.09,65.6],[-167.56,65.72],[-167.51,65.83],[-167.16,65.86],[-166.7,66.07],[-166.29,66.17],[-166.06,66.12],[-165.64,66.36],[-164.42,66.59],[-163.77,66.6],[-163.95,66.2],[-163.66,66.07],[-163.13,66.07],[-162.79,66.1],[-162.38,66.03],[-162.06,66.07],[-161.84,66.01],[-161.58,66.25],[-161.08,66.23],[-161.12,66.34],[-161.52,66.4],[-161.87,66.37],[-161.88,66.51],[-162.24,66.72],[-162.5,66.74],[-162.61,66.91],[-162.33,66.96],[-162.12,66.8],[-162.08,66.66],[-161.89,66.54],[-161.57,66.45],[-161.19,66.54],[-160.82,66.38],[-160.26,66.39],[-160.24,66.64],[-160.67,66.6],[-161.14,66.65],[-161.5,66.53],[-161.9,66.73],[-161.72,66.95],[-161.9,67.05],[-162.46,67],[-162.95,67.03],[-163.76,67.13],[-163.83,67.36],[-164.12,67.61],[-165.48,68.07],[-165.82,68.11],[-166.55,68.35],[-166.23,68.57],[-166.23,68.87],[-165.73,68.86],[-164.24,68.94],[-163.56,69.15],[-163.12,69.38],[-162.96,69.78],[-162.51,69.97],[-162.35,70.11],[-161.94,70.31],[-161.34,70.25],[-160.75,70.38],[-159.98,70.64],[-159.52,70.83],[-159.22,70.7],[-158.92,70.8],[-157.98,70.84],[-157.28,71.05],[-156.84,71.29],[-155.59,71.17],[-155.74,71],[-156.09,70.97],[-155.95,70.85],[-155.62,70.84],[-155.09,71.15],[-154.6,71],[-154.61,70.83],[-154.13,70.79],[-153.92,70.89],[-153.25,70.93],[-152.38,70.86],[-152.53,70.54],[-151.74,70.56],[-151.36,70.42],[-150.78,70.5],[-150.4,70.43],[-149.88,70.52],[-149.17,70.49],[-148.22,70.36],[-147.69,70.21],[-147.16,70.16],[-146.54,70.19],[-145.8,70.15],[-145.2,70],[-144.71,69.97],[-144.04,70.08],[-143.29,70.11],[-142.64,70.02],[-142.26,69.85],[-141,69.64]]]]}},{"type":"Feature","properties":{"NAME":"Hawaii","ABBREVN":"Hawaii","SUBJECTO":"Hawaii","BORDERPRECISION":3,"PARTOF":"Hawaii","SHAPE_HASH":"308e978fdd"},"geometry":{"type":"MultiPolygon","coordinates":[[[[-155.01,19.33],[-155.29,19.28],[-155.52,19.12],[-155.66,18.93],[-155.91,19.16],[-155.88,19.36],[-156.05,19.74],[-155.81,20],[-155.87,20.11],[-155.85,20.28],[-155.57,20.13],[-155.21,20],[-155.09,19.88],[-154.97,19.65],[-154.8,19.54],[-154.83,19.46],[-155.01,19.33]]],[[[-156.84,20.77],[-156.97,20.74],[-157.06,20.89],[-156.92,20.93],[-156.84,20.77]]],[[[-156.37,20.92],[-156.23,20.94],[-156,20.79],[-156.14,20.63],[-156.38,20.58],[-156.44,20.61],[-156.47,20.79],[-156.63,20.83],[-156.7,20.93],[-156.6,21.05],[-156.48,20.9],[-156.37,20.92]]],[[[-156.81,21.17],[-156.88,21.05],[-157.05,21.11],[-157.26,21.09],[-157.19,21.21],[-156.81,21.17]]],[[[-157.73,21.41],[-157.67,21.32],[-157.81,21.26],[-157.9,21.34],[-158.1,21.3],[-158.27,21.58],[-157.93,21.67],[-157.84,21.47],[-157.73,21.41]]],[[[-159.43,21.88],[-159.75,21.98],[-159.71,22.15],[-159.55,22.24],[-159.4,22.24],[-159.29,22.13],[-159.33,21.97],[-159.43,21.88]]]]}},{"type":"Feature","properties":{"NAME":"Puerto Rico","ABBREVN":"Puerto Rico","SUBJECTO":"Puerto Rico","BORDERPRECISION":3,"PARTOF":"Puerto Rico","SHAPE_HASH":"235d743d35"},"geometry":{"type":"Polygon","coordinates":[[[-65.84,18.06],[-65.94,17.97],[-66.2,17.92],[-66.45,17.98],[-66.71,17.98],[-66.95,17.93],[-67.2,17.95],[-67.16,18.19],[-67.27,18.37],[-67.14,18.51],[-66.77,18.49],[-65.9,18.45],[-65.63,18.36],[-65.61,18.22],[-65.84,18.06]]]}},{"type":"Feature","properties":{"NAME":"Canada","ABBREVN":"Canada","SUBJECTO":"Canada","BORDERPRECISION":3,"PARTOF":"Canada","SHAPE_HASH":"7319f4e2fa"},"geometry":{"type":"MultiPolygon","coordinates":[[[[-68.25,60.23],[-68.38,60.3],[-68.12,60.57],[-67.8,60.46],[-67.97,60.31],[-68.25,60.23]]],[[[-64.82,61.36],[-64.88,61.32],[-65.48,61.59],[-65.44,61.66],[-65.04,61.69],[-64.73,61.66],[-64.71,61.44],[-64.82,61.36]]],[[[-130.26,54],[-130.35,53.84],[-130.66,53.99],[-130.41,54.1],[-130.26,54]]],[[[-79.62,56.39],[-79.71,56.3],[-79.99,56.2],[-80.05,56.31],[-79.62,56.39]]],[[[-79.22,55.96],[-79.6,55.88],[-79.6,56.09],[-79.91,55.84],[-79.96,55.96],[-79.67,56.19],[-79.41,56.21],[-79.29,56.57],[-79.14,56.54],[-79.04,56.36],[-79.08,56.17],[-79.22,55.96]]],[[[-129.08,53.46],[-129.17,53.59],[-129.01,53.69],[-128.87,53.66],[-129.08,53.46]]],[[[-77.94,63.47],[-77.68,63.43],[-77.5,63.27],[-77.57,63.2],[-77.95,63.09],[-78.56,63.4],[-78.21,63.5],[-77.94,63.47]]],[[[-64.65,62.54],[-64.39,62.46],[-64.59,62.37],[-64.95,62.43],[-64.85,62.56],[-64.65,62.54]]],[[[-79.54,62.41],[-79.26,62.25],[-79.33,62.02],[-79.63,61.67],[-79.95,61.68],[-80.28,61.81],[-80.27,62.11],[-80.01,62.36],[-79.54,62.41]]],[[[-81.91,62.95],[-81.93,62.72],[-82.38,62.54],[-82.77,62.29],[-83.13,62.17],[-83.28,62.25],[-83.68,62.14],[-83.73,62.29],[-83.94,62.42],[-83.56,62.68],[-83.53,62.82],[-83.3,62.93],[-83.12,62.85],[-82.76,62.93],[-82.43,62.93],[-82.24,62.99],[-81.91,62.95]]],[[[-70.71,62.81],[-70.4,62.72],[-70.22,62.6],[-70.41,62.53],[-70.82,62.61],[-70.85,62.77],[-70.71,62.81]]],[[[-65.49,64.52],[-65.67,64.56],[-65.38,64.72],[-65.21,64.63],[-65.49,64.52]]],[[[-76.68,63.37],[-76.98,63.41],[-77.46,63.65],[-77.02,63.66],[-76.71,63.57],[-76.68,63.37]]],[[[-85.5,65.8],[-85.16,65.78],[-85.05,65.61],[-85.27,65.51],[-85.04,65.43],[-84.93,65.21],[-84.59,65.48],[-84.15,65.34],[-84.14,65.22],[-83.9,65.17],[-83.41,65.14],[-83.2,64.94],[-82.85,64.87],[-82.7,64.78],[-82.36,64.76],[-81.76,64.5],[-81.75,64.27],[-81.61,64.13],[-80.96,63.99],[-80.89,64.12],[-80.53,63.98],[-80.57,63.89],[-80.22,63.81],[-80.59,63.64],[-81.11,63.46],[-82.06,63.69],[-82.35,63.65],[-82.54,63.77],[-82.37,63.91],[-82.53,63.97],[-83.14,64],[-83.01,64.19],[-83.55,64.1],[-83.68,64.01],[-83.6,63.82],[-84.12,63.6],[-84.39,63.56],[-84.48,63.38],[-84.89,63.21],[-85.27,63.12],[-85.49,63.12],[-85.64,63.25],[-85.61,63.67],[-85.72,63.72],[-86.3,63.64],[-86.6,63.67],[-86.78,63.58],[-87.12,63.56],[-87.23,63.65],[-86.94,63.9],[-86.23,64.08],[-86.35,64.29],[-86.37,64.63],[-86.15,64.93],[-86.15,65.39],[-86.01,65.71],[-85.79,65.85],[-85.5,65.8]]],[[[-84.67,65.56],[-85.12,65.76],[-85.18,65.95],[-84.91,66],[-84.58,65.63],[-84.67,65.56]]],[[[-83.92,66.01],[-83.68,65.91],[-83.73,65.8],[-83.26,65.65],[-83.84,65.65],[-84.13,65.76],[-84.12,65.9],[-84.38,66],[-84.43,66.14],[-83.92,66.01]]],[[[-64.07,46.75],[-63.83,46.61],[-63.31,46.49],[-63.22,46.41],[-62.59,46.47],[-62.17,46.49],[-62.01,46.42],[-62.33,46.31],[-62.55,45.97],[-62.84,45.97],[-63.11,46.21],[-63.23,46.14],[-63.65,46.23],[-63.75,46.39],[-64.13,46.41],[-64.11,46.62],[-64.39,46.62],[-64.38,46.75],[-64.18,46.95],[-63.97,46.9],[-64.07,46.75]]],[[[-61.43,45.67],[-61.53,45.99],[-61.46,46.14],[-61.3,46.23],[-61.09,46.45],[-60.89,46.77],[-60.69,46.91],[-60.6,47.03],[-60.43,46.97],[-60.31,46.84],[-60.48,46.39],[-60.46,46.26],[-60.74,46.06],[-60.81,45.93],[-60.99,45.88],[-61.12,45.76],[-61.07,45.69],[-60.81,45.72],[-60.69,45.89],[-60.79,45.94],[-60.31,46.21],[-60.1,46.25],[-59.81,46.11],[-59.84,45.94],[-60.13,45.87],[-60.23,45.7],[-60.51,45.62],[-60.96,45.6],[-61.17,45.55],[-61.34,45.57],[-61.43,45.67]]],[[[-126.67,49.58],[-126.97,49.74],[-126.94,49.83],[-126.68,49.83],[-126.61,49.65],[-126.67,49.58]]],[[[-62.17,49.4],[-61.88,49.35],[-61.66,49.14],[-61.8,49.08],[-62.2,49.08],[-63.09,49.23],[-63.57,49.4],[-63.67,49.54],[-63.92,49.67],[-64.42,49.8],[-64.45,49.9],[-64.23,49.95],[-63.14,49.78],[-62.55,49.6],[-62.17,49.4]]],[[[-127.87,51.45],[-128.07,51.47],[-128.15,51.6],[-128,51.72],[-127.87,51.45]]],[[[-79.25,52.07],[-79.37,51.94],[-79.65,51.99],[-79.34,52.11],[-79.25,52.07]]],[[[-128.05,51.75],[-128.25,51.87],[-128.15,52.04],[-127.95,51.98],[-128.05,51.75]]],[[[-80.67,52.75],[-81.02,52.75],[-81.25,52.83],[-81.92,52.96],[-82.06,53.02],[-81.86,53.18],[-81.38,53.22],[-81.11,53.2],[-80.77,52.94],[-80.67,52.75]]],[[[-128.96,52.46],[-129.11,52.56],[-129.29,52.76],[-129.22,52.81],[-128.92,52.61],[-128.96,52.46]]],[[[-128.52,52.94],[-128.6,52.61],[-128.75,52.6],[-129.05,52.73],[-129.19,53.02],[-129.08,53.09],[-129.02,53.31],[-128.61,53.15],[-128.52,52.94]]],[[[-127.71,51.98],[-127.9,52],[-127.75,52.25],[-127.51,52.31],[-127.26,52.44],[-127.21,52.33],[-127.65,52.12],[-127.71,51.98]]],[[[-128.39,52.37],[-128.46,52.38],[-128.44,52.75],[-128.28,52.49],[-128.39,52.37]]],[[[-132.41,53.13],[-132.07,53.16],[-131.8,53.25],[-131.63,53.08],[-131.62,52.92],[-131.86,52.86],[-131.66,52.58],[-131.01,52.22],[-131.26,52.12],[-131.55,52.33],[-131.56,52.43],[-131.77,52.51],[-132.22,52.81],[-132.49,53.03],[-132.41,53.13]]],[[[-126.07,49.39],[-126.58,49.41],[-126.59,49.7],[-126.68,49.88],[-127.13,49.85],[-127.24,49.97],[-127.55,50.13],[-127.78,50.08],[-127.8,50.32],[-127.98,50.34],[-127.92,50.46],[-128.13,50.47],[-128.32,50.61],[-128.41,50.77],[-128.05,50.87],[-127.91,50.87],[-127.51,50.77],[-127.23,50.64],[-126.56,50.48],[-126.15,50.46],[-125.94,50.38],[-125.46,50.33],[-125.36,50.14],[-125.17,49.91],[-124.9,49.73],[-124.92,49.63],[-124.79,49.46],[-124.53,49.37],[-123.94,49.21],[-123.81,49.12],[-123.76,48.98],[-123.41,48.68],[-123.28,48.45],[-123.42,48.43],[-123.55,48.31],[-123.92,48.37],[-124.72,48.59],[-125.1,48.72],[-125.18,48.8],[-125.13,48.99],[-125.5,48.92],[-125.75,49.06],[-125.8,49.31],[-125.97,49.23],[-126.07,49.39]]],[[[-126.26,50.66],[-126.46,50.64],[-126.55,50.73],[-126.28,50.83],[-126.26,50.66]]],[[[-132.51,53.16],[-132.72,53.32],[-132.52,53.41],[-132.86,53.46],[-132.99,53.59],[-132.98,53.74],[-133.14,53.91],[-133.04,54.04],[-133.07,54.17],[-132.78,54.12],[-132.29,54.11],[-132.11,53.87],[-132.23,53.78],[-132.47,53.71],[-132.42,53.61],[-132.16,53.72],[-132.08,53.87],[-132.13,53.98],[-131.73,54.11],[-131.68,54.02],[-131.87,53.79],[-131.93,53.61],[-131.91,53.36],[-131.99,53.25],[-132.19,53.16],[-132.51,53.16]]],[[[-129.88,53.39],[-129.73,53.21],[-129.93,53.16],[-130.2,53.38],[-130.31,53.39],[-130.53,53.55],[-130.46,53.64],[-129.88,53.39]]],[[[-129.96,53.81],[-129.43,53.41],[-129.56,53.21],[-129.86,53.46],[-129.88,53.58],[-130.29,53.84],[-130.2,53.91],[-129.96,53.81]]],[[[-86.32,78.88],[-85.9,79.06],[-85.3,78.98],[-86.32,78.88]]],[[[-99.47,80.11],[-98.86,80.08],[-98.65,79.79],[-99.3,79.75],[-99.56,79.89],[-100.07,79.88],[-100.19,80.03],[-99.47,80.11]]],[[[-96.77,78.68],[-96.01,78.49],[-95.48,78.51],[-94.9,78.4],[-95.36,78.24],[-94.91,78.12],[-95.32,77.97],[-96.29,77.86],[-97,77.92],[-97.76,78.03],[-97.64,78.21],[-98.36,78.45],[-98.37,78.77],[-97.66,78.81],[-96.77,78.68]]],[[[-109.41,78.56],[-109.4,78.31],[-110.35,78.28],[-111.28,78.37],[-111.82,78.27],[-112.13,78.37],[-113.03,78.27],[-113.12,78.42],[-112.36,78.53],[-111.46,78.59],[-111.16,78.69],[-110.41,78.76],[-109.41,78.56]]],[[[-103.59,79.33],[-103.08,79.28],[-102.61,79.09],[-101.88,79.09],[-100.99,78.93],[-101.2,78.82],[-100.35,78.83],[-99.54,78.58],[-99.86,78.44],[-99.79,78.3],[-98.95,78.06],[-99.02,77.89],[-99.91,77.78],[-100.61,77.88],[-101.02,78.19],[-102.13,78.28],[-102.59,78.24],[-103.13,78.37],[-103.96,78.23],[-104.49,78.27],[-105.05,78.49],[-104.83,78.57],[-103.53,78.5],[-103.32,78.73],[-104.08,78.98],[-104.9,79.05],[-105.6,79.05],[-105.48,79.31],[-103.98,79.37],[-103.59,79.33]]],[[[-96.68,80.04],[-95.85,80.05],[-95.26,80.12],[-96.43,80.27],[-96.6,80.36],[-95.62,80.39],[-96.02,80.58],[-94.55,80.6],[-94.66,80.73],[-95.5,80.81],[-95.18,81.02],[-93.3,81.08],[-93.26,81.21],[-94.39,81.25],[-94.04,81.36],[-93.18,81.36],[-92.12,81.23],[-91.12,80.75],[-90.71,80.71],[-90.74,80.56],[-89.24,80.52],[-89.26,80.29],[-88.66,80.27],[-88.46,80.44],[-87.68,80.41],[-87.56,80.18],[-86.96,79.91],[-87.16,79.57],[-86.58,79.66],[-85.63,79.6],[-84.93,79.26],[-86.34,79.09],[-87.53,78.69],[-87.87,78.69],[-87.98,78.49],[-88.56,78.44],[-88.82,78.15],[-89.61,78.3],[-90.51,78.32],[-90.33,78.15],[-90.97,78.14],[-92.11,78.22],[-92.95,78.43],[-93.81,78.77],[-94.24,79],[-92.15,79.34],[-93.01,79.39],[-94.06,79.38],[-95.16,79.28],[-95.78,79.42],[-95.9,79.65],[-96.36,79.82],[-96.68,80.04]]],[[[-105.01,77.41],[-104.39,77.27],[-104.74,77.11],[-105.25,77.19],[-105.57,77.32],[-105.69,77.5],[-106.09,77.72],[-105.51,77.72],[-104.96,77.51],[-105.01,77.41]]],[[[-90.6,77.63],[-90.24,77.61],[-89.72,77.46],[-89.64,77.34],[-90.37,77.2],[-91.15,77.36],[-91.18,77.61],[-90.6,77.63]]],[[[-114.07,77.98],[-113.58,77.81],[-114.33,77.71],[-115.08,77.94],[-114.4,78.07],[-114.07,77.98]]],[[[-109.61,78.07],[-109.68,77.97],[-110.87,77.86],[-110.63,77.76],[-110.09,77.77],[-110.08,77.56],[-110.88,77.41],[-111.3,77.42],[-112.03,77.32],[-113.2,77.53],[-113.21,77.91],[-111.32,78.08],[-110.24,78.11],[-109.61,78.07]]],[[[-95.39,77.74],[-94.75,77.79],[-93.24,77.73],[-93.57,77.44],[-94.34,77.47],[-95.86,77.46],[-96.32,77.6],[-95.93,77.75],[-95.39,77.74]]],[[[-101.71,77.9],[-101.16,77.82],[-101.1,77.72],[-101.8,77.68],[-102.44,77.73],[-102.39,77.88],[-101.71,77.9]]],[[[-103.92,75.05],[-104.46,75.03],[-104.85,75.11],[-104.77,75.28],[-104.5,75.41],[-103.81,75.35],[-103.59,75.17],[-103.92,75.05]]],[[[-95.92,75.56],[-96.17,75.46],[-96.66,75.39],[-97.05,75.49],[-96.47,75.59],[-95.92,75.56]]],[[[-94.36,75.59],[-93.49,75.26],[-93.41,74.88],[-93.46,74.71],[-93.74,74.64],[-94.55,74.62],[-95.55,74.76],[-96.62,74.99],[-96.46,75.2],[-95.77,75.4],[-95.76,75.51],[-94.91,75.64],[-94.36,75.59]]],[[[-118.32,75.57],[-118.58,75.5],[-119.4,75.61],[-118.62,75.92],[-118.15,75.97],[-117.78,76.11],[-117.47,76.09],[-117.97,75.73],[-118.32,75.57]]],[[[-98.36,76.6],[-97.76,76.51],[-97.73,76.28],[-97.49,76.14],[-97.6,75.85],[-97.93,75.74],[-97.43,75.69],[-98.04,75.48],[-98.1,75.29],[-97.62,75.12],[-97.95,75.02],[-99.54,74.97],[-100.39,75.04],[-100.4,75.27],[-100.61,75.43],[-100.04,75.55],[-99.74,75.69],[-101.23,75.59],[-102.67,75.51],[-102.57,75.72],[-102.29,75.86],[-101.56,75.93],[-102.11,76.22],[-101.86,76.45],[-101.43,76.43],[-101,76.24],[-100.08,76.04],[-100.37,76.28],[-100.95,76.47],[-100.22,76.64],[-98.36,76.6]]],[[[-108.65,76.81],[-108.46,76.74],[-108.62,76.57],[-108.56,76.41],[-108.08,76.28],[-108.41,76.15],[-107.08,75.89],[-106.64,76.05],[-105.84,76],[-105.45,75.84],[-105.39,75.65],[-105.87,75.17],[-106.24,75.02],[-106.73,75],[-107.21,74.91],[-107.89,75],[-108.38,74.91],[-108.83,75.07],[-109.58,74.86],[-110.35,74.85],[-110.83,74.65],[-111.68,74.49],[-112.37,74.42],[-113.01,74.4],[-113.7,74.45],[-114.44,74.66],[-114.21,74.76],[-113.28,74.85],[-112.87,74.98],[-111.54,75.01],[-111.03,75.17],[-113.89,75.05],[-114.14,75.24],[-114.47,75.06],[-115.06,74.96],[-115.68,74.96],[-116.16,75.04],[-116.28,75.21],[-116.72,75.12],[-117.47,75.19],[-117.67,75.29],[-117.26,75.47],[-116.7,75.89],[-116.64,76.11],[-115.76,76.23],[-115.91,76.35],[-115.51,76.45],[-114.91,76.52],[-114.21,76.47],[-114.06,76.22],[-113,76.27],[-112.43,76.16],[-112.39,76.04],[-111.76,75.94],[-111.45,75.83],[-111.41,75.62],[-111.22,75.52],[-110.77,75.57],[-108.92,75.52],[-108.83,75.69],[-109.63,75.8],[-109.66,75.95],[-109.31,76.1],[-109.7,76.22],[-110.38,76.3],[-110.38,76.43],[-109.81,76.49],[-109.51,76.71],[-109.13,76.82],[-108.65,76.81]]],[[[-95.13,76.36],[-95.85,76.4],[-96.02,76.55],[-96.53,76.69],[-96.32,76.8],[-96.83,76.93],[-96.39,77.03],[-95.74,77.07],[-94.52,76.97],[-94.21,76.89],[-93.65,76.91],[-93.05,76.62],[-92.33,76.6],[-91.39,76.69],[-90.57,76.56],[-90.41,76.4],[-89.3,76.3],[-89.38,76.18],[-90.37,76.18],[-90.2,76.06],[-89.62,75.86],[-89.16,75.75],[-89.26,75.63],[-89.1,75.48],[-88.6,75.66],[-88.2,75.52],[-87.24,75.62],[-86.81,75.48],[-86.37,75.42],[-85.91,75.54],[-85.33,75.56],[-85.07,75.65],[-84.65,75.65],[-83.93,75.81],[-83.12,75.73],[-82.28,75.84],[-81.21,75.77],[-81.26,75.65],[-80.27,75.62],[-79.49,75.38],[-79.63,75.17],[-80.43,75.03],[-80.03,74.98],[-79.59,75.02],[-79.37,74.88],[-80.1,74.79],[-80.25,74.58],[-81.28,74.56],[-81.81,74.46],[-82.78,74.52],[-83.33,74.75],[-83.45,74.59],[-84.29,74.5],[-86.01,74.48],[-87.71,74.46],[-88.53,74.5],[-88.35,74.78],[-89.01,74.78],[-89.13,74.61],[-89.94,74.53],[-90.61,74.62],[-91.55,74.65],[-92.01,74.78],[-92.01,74.89],[-92.49,75.21],[-92.43,75.39],[-92.01,75.59],[-92.14,75.88],[-92.44,75.94],[-92.8,76.21],[-93.35,76.36],[-93.78,76.25],[-94.79,76.28],[-95.13,76.36]]],[[[-78.93,75.88],[-79.75,75.88],[-79.27,76.03],[-78.93,75.88]]],[[[-94.41,75.75],[-94.74,75.76],[-94.9,75.92],[-94.54,75.99],[-94.41,75.75]]],[[[-103.14,75.74],[-103.08,75.89],[-102.16,75.99],[-102.64,75.76],[-103.14,75.74]]],[[[-102.76,76.07],[-102.37,76.01],[-103.34,75.91],[-103.52,75.98],[-102.76,76.07]]],[[[-121.02,75.95],[-122.14,76.03],[-122.85,76.21],[-122.4,76.4],[-121.55,76.43],[-121.21,76.65],[-120.58,76.75],[-120.09,77],[-119.39,77.18],[-119.15,77.33],[-118.65,77.36],[-117.28,77.29],[-116.83,77.53],[-116.2,77.52],[-115.39,77.31],[-116.27,77.19],[-115.89,76.7],[-116.32,76.58],[-117.04,76.54],[-116.94,76.35],[-117.58,76.27],[-118.05,76.41],[-117.91,76.69],[-118.68,76.45],[-119.08,76.08],[-119.5,76.04],[-119.61,75.91],[-120.33,75.81],[-120.41,75.96],[-121.01,76.14],[-121.02,75.95]]],[[[-113.46,76.77],[-113.62,76.71],[-114.86,76.76],[-114.59,76.87],[-113.89,76.89],[-113.46,76.77]]],[[[-104.05,76.57],[-103.04,76.45],[-103.28,76.34],[-104.34,76.32],[-104.39,76.46],[-104.05,76.57]]],[[[-102.54,76.22],[-102.78,76.09],[-103.82,76.03],[-104.4,76.08],[-104.32,76.21],[-102.77,76.31],[-102.54,76.22]]],[[[-89.93,76.48],[-90.18,76.52],[-90.6,76.74],[-90.03,76.84],[-89.67,76.73],[-89.93,76.48]]],[[[-64.72,82.85],[-63.67,82.83],[-63.68,82.72],[-62.94,82.58],[-61.5,82.47],[-61.16,82.24],[-62.31,82.01],[-64.47,81.72],[-65.34,81.74],[-65.87,81.63],[-68.49,81.3],[-68.12,81.28],[-65.72,81.49],[-64.53,81.54],[-64.62,81.4],[-65.44,81.26],[-66.01,81.22],[-66.75,81.02],[-67.56,80.94],[-68.95,80.6],[-69.3,80.42],[-69.96,80.25],[-70.76,80.13],[-70.49,80.05],[-71.14,79.78],[-72.22,79.66],[-73.38,79.75],[-73.17,79.54],[-75.01,79.37],[-76.18,79.46],[-75.99,79.24],[-74.53,79.23],[-74.58,79.02],[-76.14,79.12],[-77.15,79.07],[-75.73,78.97],[-74.76,78.82],[-74.79,78.59],[-75.83,78.5],[-75.09,78.37],[-75.68,78.2],[-75.62,78.12],[-76.86,77.9],[-77.16,77.95],[-78.42,77.91],[-77.95,77.8],[-77.72,77.6],[-78.26,77.38],[-78.74,77.31],[-80.04,77.27],[-81.74,77.44],[-81.42,77.31],[-80.28,77.21],[-79.26,77.22],[-79,77.1],[-79.33,76.98],[-78.88,76.92],[-78.38,77],[-77.89,76.95],[-77.78,76.65],[-78.37,76.46],[-78.94,76.45],[-79.26,76.31],[-79.57,76.31],[-80.7,76.16],[-81.1,76.21],[-80.78,76.42],[-81.28,76.53],[-82.29,76.4],[-84.24,76.44],[-84.4,76.33],[-85.17,76.28],[-86.37,76.39],[-87.65,76.34],[-89.22,76.43],[-89.61,76.62],[-89.52,76.85],[-88.71,77.01],[-88.43,77.12],[-87.69,77.14],[-87.18,77.2],[-87.24,77.36],[-87.7,77.36],[-87.7,77.54],[-88.22,77.66],[-88.07,77.82],[-87.29,77.9],[-86.22,77.79],[-85.72,77.46],[-84.97,77.38],[-84.01,77.4],[-83.92,77.49],[-84.86,77.54],[-85.3,77.66],[-85.19,77.78],[-85.67,77.94],[-85.07,78.06],[-85.42,78.12],[-86.12,78.06],[-87.53,78.14],[-87.53,78.41],[-86.62,78.8],[-84.77,78.87],[-83.85,78.85],[-82.99,78.7],[-82.92,78.93],[-84.33,78.97],[-84.79,79.07],[-84.3,79.19],[-84.49,79.41],[-85.03,79.61],[-85.49,79.7],[-86.5,79.77],[-86.44,80],[-86.66,80.12],[-86.51,80.3],[-85.9,80.33],[-85.1,80.26],[-83.78,80.25],[-82.1,79.84],[-81.64,79.91],[-82.17,80.01],[-83.2,80.31],[-80.66,80.46],[-79.91,80.62],[-78.62,80.77],[-77.64,80.83],[-77.58,80.91],[-79.61,80.82],[-80.96,80.65],[-82.35,80.56],[-83.7,80.75],[-83.79,80.57],[-84.31,80.51],[-86.18,80.53],[-86.74,80.6],[-85.84,80.93],[-86.35,80.93],[-87.27,80.63],[-88.22,80.69],[-89.29,80.85],[-90.35,81.17],[-89.91,81.31],[-90.8,81.47],[-89.87,81.6],[-90.72,81.67],[-90.99,81.56],[-91.94,81.63],[-91.49,81.77],[-90.44,81.89],[-89,81.92],[-88.63,82.06],[-86.75,82.14],[-86.67,82.23],[-85.36,82.28],[-85.71,82.46],[-84.62,82.45],[-83.01,82.22],[-82.22,82.67],[-81.58,82.79],[-80.5,82.8],[-80.1,82.94],[-79.46,82.97],[-78.23,82.86],[-77.34,82.97],[-76.03,83.05],[-74.44,83.03],[-73.63,82.94],[-72.23,83.1],[-69.74,83.05],[-68.18,82.95],[-66.33,82.93],[-67.52,82.65],[-65.26,82.88],[-64.72,82.85]]],[[[-86.43,68.07],[-86.4,67.85],[-86.58,67.73],[-86.86,67.8],[-86.99,68.07],[-86.67,68.31],[-86.41,68.2],[-86.43,68.07]]],[[[-75.58,68.3],[-75.13,68.23],[-75,68.12],[-75.16,67.95],[-75.03,67.62],[-75.39,67.35],[-75.95,67.25],[-76.66,67.22],[-77.05,67.26],[-77.25,67.45],[-77.32,67.7],[-77.2,67.88],[-76.86,68.16],[-76.61,68.28],[-76.27,68.33],[-75.58,68.3]]],[[[-78.29,71.98],[-78.43,72.12],[-78.87,72.23],[-78.47,72.39],[-78.56,72.5],[-78.16,72.66],[-77.58,72.76],[-76.75,72.72],[-76.65,72.64],[-75.76,72.58],[-75.22,72.5],[-74.8,72.1],[-74.31,72.08],[-74.12,71.96],[-74.27,71.73],[-73.93,71.77],[-73.62,71.72],[-73.62,71.29],[-72.77,71.46],[-72.53,71.66],[-71.55,71.5],[-71.12,71.26],[-71.48,71.06],[-72.08,71.07],[-72.32,70.89],[-72,70.79],[-71.29,70.91],[-71.16,71.03],[-70.84,71.11],[-70.52,70.93],[-70.74,70.75],[-69.91,70.88],[-69.97,70.73],[-69.46,70.79],[-68.32,70.56],[-68.45,70.4],[-69.22,70.19],[-67.8,70.26],[-67.22,69.94],[-67.13,69.73],[-68,69.77],[-68.54,69.58],[-67.98,69.46],[-67.18,69.45],[-66.79,69.34],[-66.65,69.2],[-67.68,69.17],[-68.18,69.31],[-68.18,69.15],[-67.72,69.03],[-68.04,68.94],[-68.17,68.81],[-68.94,68.79],[-68.05,68.68],[-68.22,68.59],[-67.87,68.51],[-67.67,68.56],[-66.91,68.45],[-67.05,68.36],[-66.78,68.24],[-66.85,68.12],[-66.32,68.12],[-65.99,67.92],[-64.97,68.05],[-64.73,67.99],[-65.02,67.86],[-64.51,67.81],[-64.07,67.61],[-63.91,67.3],[-63.46,67.22],[-63.28,67.31],[-63.02,67.18],[-63.27,67.11],[-63.22,66.9],[-62.97,66.96],[-62.42,66.92],[-62.28,67.04],[-61.75,66.95],[-61.26,66.63],[-61.58,66.48],[-61.46,66.37],[-61.88,66.28],[-62.21,66.32],[-62.67,66.22],[-62.18,66.15],[-61.96,66.02],[-62.41,65.97],[-62.65,65.59],[-62.9,65.64],[-63.32,65.6],[-63.4,65.43],[-63.38,65.11],[-63.53,64.97],[-64.13,65.04],[-64.31,65.16],[-64.52,65.11],[-65.07,65.38],[-65.5,65.74],[-65.36,65.9],[-65.93,65.96],[-65.91,66.09],[-66.49,66.2],[-66.57,66.36],[-66.77,66.38],[-66.85,66.58],[-67.11,66.49],[-67.19,66.35],[-67.72,66.26],[-67.16,66.04],[-67.19,65.91],[-67.74,65.89],[-68.15,65.93],[-68.15,65.8],[-67.82,65.77],[-67.94,65.62],[-67.4,65.68],[-67.46,65.5],[-67.06,65.42],[-67.12,65.31],[-66.95,65.12],[-66.02,64.85],[-65.72,64.84],[-65.56,64.73],[-65.73,64.5],[-65.51,64.5],[-65.21,64.53],[-65.07,64.43],[-65.2,64.31],[-65.43,64.3],[-65.05,64.07],[-64.63,63.97],[-64.97,63.85],[-64.95,63.78],[-64.53,63.68],[-64.49,63.29],[-64.77,63.32],[-64.94,63.63],[-65.1,63.54],[-64.91,63.24],[-64.63,62.9],[-65.19,62.87],[-64.95,62.65],[-65.21,62.57],[-65.36,62.69],[-65.34,62.84],[-65.61,62.82],[-65.75,62.92],[-66.05,62.99],[-66.68,63.02],[-67.02,63.25],[-67.5,63.44],[-67.68,63.62],[-67.86,63.46],[-68.65,63.75],[-68.8,63.73],[-68.76,63.55],[-68.27,63.29],[-68.19,63.19],[-67.64,63.1],[-67.19,62.87],[-66.96,62.68],[-66.61,62.61],[-66.21,62.33],[-66.13,62.09],[-65.96,61.89],[-66.28,61.86],[-66.63,61.92],[-66.75,62.01],[-67.1,62.03],[-67.35,62.12],[-68,62.21],[-68.62,62.26],[-69.23,62.46],[-69.73,62.78],[-70.23,62.75],[-70.5,62.87],[-70.83,62.9],[-71.13,63.07],[-71.26,63],[-71.71,63.18],[-71.8,63.38],[-71.41,63.49],[-71.23,63.6],[-71.7,63.7],[-71.96,63.65],[-72.63,63.85],[-72.59,64.02],[-72.84,64.02],[-72.9,64.16],[-73.22,64.31],[-73.38,64.27],[-73.47,64.61],[-73.67,64.58],[-74.1,64.37],[-74.23,64.59],[-74.47,64.56],[-74.69,64.39],[-75.21,64.43],[-75.49,64.54],[-75.85,64.61],[-75.87,64.47],[-75.72,64.38],[-76.25,64.36],[-76.3,64.28],[-76.72,64.24],[-77.43,64.32],[-77.97,64.45],[-78.18,64.57],[-78.07,64.81],[-78.15,64.95],[-77.97,65.04],[-77.32,65.19],[-77.51,65.32],[-77.42,65.45],[-76.63,65.4],[-75.94,65.29],[-75.11,65.27],[-75.1,65.39],[-74.59,65.33],[-74.18,65.53],[-73.85,65.53],[-73.5,65.47],[-73.71,65.76],[-74.06,65.88],[-74.47,66.13],[-73.44,66.55],[-73.11,66.72],[-72.74,67.06],[-72.37,67.11],[-72.26,67.25],[-72.61,67.79],[-72.94,67.93],[-72.99,68.21],[-73.27,68.28],[-73.63,68.25],[-73.85,68.34],[-73.87,68.49],[-73.7,68.66],[-74.11,68.69],[-73.92,68.51],[-74.39,68.54],[-74.72,68.77],[-74.72,68.93],[-75.05,69.01],[-75.2,68.89],[-75.54,68.9],[-76.43,68.68],[-76.67,68.76],[-76.53,68.87],[-76.54,69.04],[-76,69],[-75.6,69.09],[-75.61,69.24],[-76.69,69.56],[-76.84,69.81],[-77.65,69.77],[-77.68,70.18],[-77.89,70.26],[-78.35,70.2],[-78.75,70.44],[-79.42,70.49],[-79.57,70.39],[-79.06,70.34],[-78.75,70.17],[-78.66,70],[-78.79,69.89],[-79.69,69.85],[-79.89,69.97],[-81.23,70.1],[-81.46,70.1],[-80.77,69.77],[-81.08,69.76],[-81.43,69.91],[-81.74,69.87],[-82.53,69.86],[-83.15,70.01],[-83.61,69.95],[-84.78,70.02],[-85.17,70.09],[-85.73,69.99],[-86.23,70.1],[-86.64,70.32],[-86.98,70.28],[-87.56,70.32],[-87.8,70.24],[-88.26,70.33],[-88.9,70.53],[-89.08,70.7],[-89.37,70.82],[-89.11,71.03],[-88.62,71.04],[-88.03,70.93],[-87.37,70.94],[-87.28,71.03],[-88.13,71.22],[-88.58,71.23],[-89.82,71.33],[-89.98,71.45],[-90,71.63],[-89.81,71.75],[-90.05,71.95],[-89.9,72.19],[-89.96,72.31],[-89.74,72.62],[-89.29,72.8],[-89.36,72.99],[-89,73.28],[-88.29,73.57],[-87.74,73.71],[-86.72,73.84],[-86.11,73.85],[-85.11,73.81],[-84.98,73.66],[-85.6,73.49],[-86.14,73.23],[-86.33,73.04],[-86.65,72.87],[-86.7,72.65],[-86.26,72.45],[-86.43,72.28],[-86.42,72.02],[-86.11,71.78],[-85.5,71.51],[-84.94,71.42],[-84.64,71.58],[-85.29,71.67],[-85.57,71.78],[-85.56,71.9],[-85.85,71.96],[-85.44,72.13],[-85.5,72.25],[-85.14,72.36],[-85.52,72.46],[-85.7,72.64],[-85.69,72.9],[-85.44,73.12],[-84.98,73.36],[-83.99,73.5],[-82.82,73.73],[-81.57,73.72],[-81.2,73.48],[-81.21,73.27],[-80.55,73.1],[-80.64,72.93],[-80.25,72.73],[-80.65,72.55],[-80.51,72.49],[-80.9,72.19],[-80.58,72.09],[-80.24,72.2],[-79.87,72.48],[-79.6,72.33],[-79.35,72.4],[-78.95,72.19],[-78.55,72.11],[-78.29,71.98]]],[[[-123.04,49],[-123.09,49],[-123.21,49.13],[-123.27,49.6],[-123.49,49.51],[-123.54,49.38],[-123.96,49.51],[-124.07,49.64],[-123.98,49.8],[-124.41,49.76],[-124.74,49.96],[-124.6,50.24],[-124.71,50.32],[-125.07,50.32],[-125.34,50.48],[-125.55,50.5],[-125.7,50.43],[-125.86,50.5],[-126.19,50.49],[-126.27,50.63],[-126.11,50.75],[-126.2,50.86],[-126.49,50.82],[-126.81,50.91],[-127.02,50.82],[-127.43,50.94],[-127.79,51.17],[-127.78,51.35],[-127.64,51.46],[-127.88,51.67],[-127.86,51.9],[-127.66,51.95],[-127.24,52.25],[-127.15,52.35],[-127.26,52.47],[-127.61,52.29],[-127.86,52.21],[-128.24,52.56],[-128.12,52.76],[-128.43,52.82],[-128.54,53.13],[-128.85,53.28],[-128.97,53.55],[-128.79,53.56],[-128.52,53.4],[-128.43,53.43],[-128.81,53.62],[-128.93,53.77],[-129.24,53.61],[-129.24,53.43],[-129.35,53.41],[-129.63,53.59],[-130.1,53.94],[-130.05,54.15],[-130.19,54.19],[-130.28,54.35],[-130.46,54.34],[-130.44,54.62],[-130.2,54.73],[-130.08,54.99],[-130.16,55.08],[-129.95,55.29],[-130.1,55.56],[-130.13,55.74],[-130.01,55.91],[-130.09,56.12],[-130.37,56.12],[-130.46,56.24],[-130.77,56.37],[-131.06,56.4],[-131.55,56.6],[-131.82,56.6],[-131.86,56.8],[-132.1,56.87],[-132.03,57.04],[-132.32,57.09],[-132.23,57.2],[-132.37,57.38],[-133.09,58.04],[-133.14,58.14],[-133.43,58.36],[-133.43,58.46],[-133.83,58.73],[-134.24,58.85],[-134.47,59.13],[-134.69,59.24],[-134.95,59.28],[-135.09,59.43],[-135.01,59.57],[-135.47,59.8],[-135.95,59.67],[-136.21,59.64],[-136.3,59.47],[-136.46,59.47],[-136.46,59.3],[-136.58,59.16],[-136.81,59.17],[-137.04,59.07],[-137.07,59.06],[-137.48,58.99],[-137.59,59.24],[-138.62,59.77],[-138.69,59.91],[-139.05,60],[-139.19,60.1],[-139.07,60.34],[-139.68,60.34],[-139.98,60.19],[-140.45,60.31],[-140.52,60.22],[-141,60.31],[-141,60.97],[-141,62.73],[-141,63.83],[-141,65.13],[-141,66.1],[-141,66.87],[-141,67.73],[-141,68.97],[-141,69.64],[-140.49,69.6],[-139.89,69.62],[-139.11,69.5],[-138.61,69.25],[-137.26,68.95],[-136.68,68.87],[-136.48,68.91],[-136.03,68.87],[-135.54,68.75],[-135.62,68.89],[-135.23,68.93],[-134.98,68.88],[-134.71,68.89],[-134.4,68.69],[-134.23,68.7],[-134.63,69.01],[-134.35,69.1],[-134.16,69.26],[-133.66,69.39],[-133.21,69.4],[-132.79,69.66],[-132.54,69.63],[-131.84,69.77],[-131.45,69.92],[-131.08,69.89],[-131.02,70.03],[-130.41,70.14],[-130.18,70.05],[-129.89,70.09],[-129.73,70.25],[-129.41,70.1],[-129.5,70.02],[-130.5,69.78],[-130.92,69.57],[-131.19,69.62],[-132,69.53],[-132.12,69.36],[-132.76,69.25],[-132.91,69.04],[-133.18,69.04],[-133.23,68.91],[-132.83,68.92],[-132.87,69.06],[-132.41,69.12],[-131.45,69.45],[-131.06,69.51],[-130.71,69.46],[-130.36,69.68],[-129.32,69.85],[-129.15,69.7],[-128.93,69.68],[-128.32,69.95],[-128.36,70.1],[-127.87,70.26],[-128.2,70.4],[-128,70.59],[-127.43,70.39],[-127.12,70.24],[-126.68,69.75],[-126.11,69.47],[-125.42,69.31],[-125.12,69.47],[-125.41,69.64],[-124.76,69.97],[-124.36,70.07],[-124.5,69.72],[-124.06,69.67],[-124.52,69.4],[-124.22,69.35],[-123.47,69.38],[-123.17,69.5],[-123.11,69.78],[-122.05,69.81],[-121.42,69.76],[-120.88,69.64],[-120.23,69.39],[-119.98,69.34],[-119.23,69.29],[-118.65,69.21],[-118.46,69.12],[-117.87,68.99],[-117.15,68.89],[-116.51,68.86],[-116.2,68.98],[-115.88,68.92],[-115.59,68.97],[-114.98,68.86],[-114.07,68.47],[-114.02,68.24],[-114.7,68.25],[-114.93,68.15],[-115.23,68.18],[-115.21,67.98],[-115.5,67.93],[-115.01,67.79],[-114.78,67.81],[-114.3,67.72],[-113.85,67.69],[-113.25,67.7],[-113.05,67.67],[-112.4,67.68],[-111.91,67.75],[-111.66,67.73],[-111.15,67.83],[-111.01,67.76],[-110.34,67.97],[-110.08,68.01],[-109.82,67.86],[-109.73,67.72],[-109.06,67.71],[-108.92,67.53],[-108.58,67.61],[-108.44,67.43],[-108.02,67.29],[-107.87,67.14],[-108.15,67.07],[-108.16,66.96],[-107.94,66.78],[-107.75,66.92],[-107.3,67],[-107.31,67.13],[-107.53,67.21],[-107.65,67.36],[-107.58,67.49],[-107.97,67.68],[-107.94,67.85],[-107.76,68],[-106.85,68.12],[-106.8,68.21],[-106.46,68.34],[-105.73,68.42],[-105.9,68.64],[-106.54,68.51],[-107.13,68.28],[-107.55,68.35],[-108.16,68.17],[-108.33,68.2],[-108.57,68.41],[-108.35,68.6],[-107.8,68.65],[-106.64,68.82],[-106.21,68.94],[-105.81,68.88],[-105.48,68.72],[-105.39,68.41],[-105.1,68.27],[-104.84,68.31],[-104.6,68.23],[-104.5,68.03],[-103.84,68.02],[-103.55,68.06],[-102.83,67.83],[-102.25,67.73],[-101.93,67.76],[-101.67,67.69],[-101.01,67.74],[-100.72,67.83],[-100.18,67.84],[-99.41,67.79],[-99.21,67.71],[-98.36,67.8],[-98.72,67.95],[-98.54,68.06],[-98.09,67.77],[-97.55,67.6],[-97.14,67.67],[-97.12,67.79],[-97.65,68.01],[-98.18,67.88],[-98.58,68.15],[-98.71,68.36],[-97.9,68.39],[-97.84,68.54],[-97.26,68.47],[-96.92,68.24],[-96.68,68.28],[-96.02,68.11],[-96.21,67.82],[-96.17,67.64],[-96.44,67.54],[-96.19,67.42],[-96.25,67.25],[-96.1,67.22],[-95.75,67.37],[-95.35,67.15],[-95.17,67.28],[-95.33,67.35],[-95.32,67.53],[-95.69,67.7],[-95.35,68.07],[-94.87,68.03],[-94.2,68.27],[-94,68.46],[-93.66,68.52],[-93.71,68.66],[-93.57,68.84],[-93.64,68.96],[-93.93,68.97],[-94.09,68.76],[-94.62,68.76],[-94.6,68.96],[-94.22,69.03],[-94.32,69.15],[-94.28,69.44],[-94.63,69.68],[-94.85,69.57],[-95.4,69.68],[-95.65,69.78],[-95.97,69.78],[-96.53,70.13],[-96.53,70.34],[-96.23,70.56],[-96.61,70.79],[-96.49,71.04],[-96.5,71.28],[-96.13,71.41],[-95.67,71.29],[-95.45,71.37],[-95.55,71.49],[-95.94,71.55],[-95.54,71.7],[-95.3,71.72],[-95.22,71.94],[-94.57,72],[-94.49,71.82],[-93.82,71.77],[-93.81,71.65],[-93.21,71.46],[-92.98,71.35],[-92.85,71.15],[-92.98,70.83],[-92.62,70.68],[-92.2,70.61],[-92.24,70.49],[-91.7,70.34],[-91.58,70.14],[-92.03,70.13],[-91.94,70.02],[-92.54,69.78],[-92.12,69.55],[-91.8,69.5],[-91.49,69.66],[-91.1,69.63],[-91.11,69.51],[-90.74,69.38],[-90.81,69.26],[-90.44,68.87],[-90.47,68.53],[-90.6,68.45],[-90.12,68.26],[-89.91,68.47],[-89.95,68.6],[-89.69,68.82],[-89.76,68.95],[-89.31,69.25],[-88.97,69.24],[-88.86,69.15],[-88.2,68.91],[-87.97,68.76],[-87.79,68.33],[-87.94,68.2],[-88.39,68.29],[-88.28,68.11],[-88.37,68.03],[-88.16,67.68],[-87.96,67.61],[-87.24,67.22],[-87.09,67.35],[-86.77,67.42],[-86.51,67.37],[-86.52,67.68],[-86.35,67.83],[-85.9,68.05],[-85.84,68.32],[-85.71,68.41],[-85.67,68.72],[-85.37,68.76],[-84.79,68.73],[-85,68.88],[-84.95,69.02],[-85.5,69.31],[-85.55,69.86],[-85.07,69.77],[-84.34,69.85],[-83.74,69.71],[-83.36,69.68],[-82.7,69.7],[-82.65,69.57],[-82.23,69.39],[-82.29,69.25],[-81.71,69.26],[-81.34,69.18],[-81.33,69.1],[-81.83,68.91],[-81.35,68.86],[-81.26,68.64],[-81.96,68.42],[-82.07,68.5],[-82.49,68.45],[-82.11,68.08],[-82.1,67.9],[-81.42,67.61],[-81.24,67.47],[-81.5,67],[-81.93,66.98],[-82.18,66.77],[-82.69,66.56],[-83.02,66.54],[-83.36,66.35],[-83.57,66.37],[-83.68,66.52],[-83.92,66.45],[-83.68,66.21],[-83.84,66.15],[-84.32,66.3],[-84.45,66.16],[-84.88,66.27],[-85.3,66.31],[-85.46,66.58],[-85.85,66.5],[-86.58,66.52],[-86.81,66.44],[-86.65,66.32],[-85.92,66.18],[-85.98,66.03],[-86.42,65.89],[-86.45,65.74],[-87.36,65.33],[-87.97,65.33],[-88.33,65.49],[-89.13,65.74],[-89.67,65.94],[-89.83,65.83],[-89.74,65.72],[-89.06,65.33],[-88.36,65.27],[-87.6,65.29],[-87.08,65.24],[-86.94,65.14],[-87.58,64.57],[-87.79,64.52],[-87.99,64.19],[-88.68,63.98],[-89.25,63.96],[-89.56,64.01],[-90.21,63.99],[-89.97,63.81],[-90.15,63.63],[-90.85,63.56],[-91.41,63.71],[-92.07,63.74],[-92.71,63.85],[-92.96,63.93],[-93.6,64.04],[-93.77,63.96],[-93.53,63.84],[-93.27,63.93],[-92.65,63.79],[-92.1,63.7],[-91.7,63.69],[-91.6,63.58],[-90.95,63.44],[-90.74,63.36],[-90.63,63.06],[-90.78,62.94],[-91.04,62.94],[-91.36,62.79],[-91.99,62.85],[-92.46,62.8],[-92.16,62.6],[-92.71,62.47],[-92.77,62.22],[-93.28,61.89],[-93.26,61.74],[-93.65,61.63],[-93.98,61.46],[-93.86,61.39],[-94.23,60.94],[-94.35,60.86],[-94.51,60.55],[-94.67,60.52],[-94.62,60.38],[-94.71,60.08],[-94.82,59.96],[-94.82,59.64],[-94.68,59.36],[-94.77,59.3],[-94.79,59.09],[-94.45,58.74],[-93.72,58.78],[-93.48,58.73],[-93.15,58.74],[-93.13,58.53],[-92.81,58.07],[-92.72,57.8],[-92.45,57.44],[-92.42,57.33],[-92.51,57.02],[-91.95,57.06],[-91.16,57.24],[-90.82,57.26],[-90.41,57.18],[-89.97,57],[-89.07,56.85],[-88.81,56.82],[-88.65,56.7],[-88.32,56.54],[-87.98,56.44],[-87.55,56.05],[-87.2,55.94],[-86.97,55.93],[-86.48,55.81],[-86.27,55.73],[-85.73,55.64],[-85.39,55.41],[-84.97,55.3],[-84.54,55.25],[-83.9,55.32],[-83.18,55.2],[-82.96,55.23],[-82.87,55.15],[-82.51,55.15],[-82.29,55.04],[-82.22,54.79],[-82.44,54.33],[-82.43,54.2],[-82.25,54.07],[-82.13,53.76],[-82.21,53.61],[-82.12,53.27],[-82.25,53.19],[-82.27,52.96],[-82.1,52.88],[-81.73,52.54],[-81.55,52.45],[-81.56,52.32],[-81.35,52.1],[-80.99,52.01],[-80.9,51.89],[-80.61,51.73],[-80.43,51.36],[-79.74,51.21],[-79.67,51.4],[-79.35,51.66],[-78.89,51.39],[-78.78,51.47],[-78.79,51.61],[-79.03,51.77],[-78.84,51.84],[-78.77,51.97],[-78.58,52.11],[-78.5,52.26],[-78.51,52.46],[-78.69,52.6],[-78.88,52.9],[-78.89,53.22],[-78.95,53.39],[-78.92,53.56],[-79.15,53.7],[-79.05,53.83],[-79.12,54.08],[-79.35,54.2],[-79.51,54.43],[-79.52,54.59],[-79.76,54.65],[-79.49,54.74],[-78.97,54.84],[-78.84,54.91],[-78.37,55.03],[-77.87,55.24],[-77.22,55.59],[-76.81,55.97],[-76.65,56.07],[-76.54,56.3],[-76.51,56.81],[-76.53,57.09],[-76.66,57.4],[-76.86,57.72],[-77.15,58.02],[-77.65,58.28],[-78.02,58.39],[-78.47,58.7],[-78.56,58.96],[-78.31,58.93],[-78.09,59.16],[-77.68,59.4],[-77.8,59.68],[-77.3,59.8],[-77.52,60.04],[-77.47,60.22],[-77.75,60.4],[-77.57,60.53],[-77.83,60.64],[-77.86,60.76],[-78.17,60.86],[-77.86,61.05],[-77.7,61.22],[-77.76,61.41],[-77.61,61.5],[-77.82,61.68],[-77.98,61.7],[-78.14,62.02],[-78.15,62.28],[-78.09,62.35],[-77.51,62.56],[-76.75,62.51],[-76.66,62.47],[-75.71,62.3],[-75.58,62.24],[-75.31,62.31],[-74.76,62.21],[-74.14,62.33],[-73.68,62.48],[-73.21,62.31],[-72.9,62.14],[-72.62,62.11],[-72.59,61.92],[-72.2,61.86],[-72.04,61.72],[-71.57,61.61],[-71.79,61.52],[-71.6,61.25],[-71.29,61.15],[-70.54,61.06],[-70.11,61.06],[-70.09,60.9],[-69.93,60.81],[-69.51,61.07],[-69.37,60.81],[-69.71,60.68],[-69.66,60.58],[-69.76,60.31],[-69.61,60.21],[-69.72,59.96],[-69.54,59.67],[-69.75,59.5],[-69.63,59.3],[-69.41,59.36],[-69.24,59.23],[-69.54,59.17],[-69.46,58.88],[-69.93,58.73],[-69.82,58.59],[-69.39,58.86],[-68.76,58.91],[-68.39,58.81],[-68.29,58.54],[-68.01,58.58],[-67.67,58.42],[-67.74,58.32],[-67.59,58.21],[-66.94,58.5],[-66.65,58.54],[-66.47,58.82],[-66.1,58.77],[-65.89,59],[-65.65,59.08],[-65.55,59.49],[-65.42,59.51],[-65.53,59.72],[-65.22,59.89],[-64.84,60.33],[-64.54,60.31],[-64.86,60.24],[-64.6,60.12],[-64.81,59.98],[-64.77,59.7],[-64.83,59.54],[-64.5,59.43],[-64.54,59.29],[-64.46,58.98],[-64.71,59.07],[-64.88,58.93],[-64.33,58.89],[-64.15,58.75],[-63.71,58.88],[-63.56,58.72],[-64.03,58.69],[-64.04,58.52],[-63.82,58.48],[-64.16,58.34],[-64.2,58.25],[-64.43,58.09],[-64.21,58.04],[-64.08,57.78],[-63.64,57.64],[-63.77,57.57],[-63.74,57.41],[-63.79,57.11],[-64.12,56.69],[-63.87,56.45],[-64.1,56.43],[-64.14,56.3],[-63.88,56.21],[-64.02,56.08],[-63.59,56.02],[-63.71,55.85],[-63.46,55.61],[-63.1,55.33],[-63.51,55.19],[-63.56,55.06],[-63.44,54.97],[-63.67,54.61],[-63.98,54.63],[-64.33,54.75],[-64.84,54.74],[-65.16,54.7],[-65.45,54.75],[-65.7,54.72],[-65.87,54.91],[-66.26,55],[-66.53,55.22],[-66.78,55.27],[-66.72,54.97],[-66.61,54.8],[-66.74,54.73],[-67.03,54.9],[-67.45,55.03],[-67.22,54.61],[-67.33,54.51],[-67.61,54.56],[-67.59,54.38],[-67.49,54.23],[-67.72,54.13],[-67.76,54.01],[-67.43,53.79],[-67.49,53.61],[-67.19,53.56],[-66.91,53.31],[-66.95,53.11],[-67.07,52.96],[-67.09,52.73],[-66.67,52.73],[-66.65,52.9],[-66.35,52.98],[-66.44,52.7],[-66.37,52.41],[-66.49,52.32],[-66.08,52.22],[-65.93,52.05],[-65.64,52.08],[-65.49,52.19],[-65.1,52.17],[-64.87,52.04],[-64.84,51.93],[-64.6,51.84],[-64.71,51.76],[-64.58,51.56],[-64.34,51.69],[-64.36,51.85],[-64.25,52.13],[-64.13,52.22],[-64.08,52.38],[-64.21,52.54],[-64.2,52.8],[-63.95,52.87],[-63.87,53.1],[-63.63,53.09],[-63.54,52.98],[-63.6,52.77],[-63.38,52.67],[-63.84,52.62],[-64.08,52.47],[-63.93,52.42],[-63.82,52.24],[-63.85,52.1],[-63.75,52],[-62.15,52],[-60.85,52],[-59.35,52],[-58.22,52],[-57.11,52],[-57.1,51.42],[-57.24,51.5],[-57.45,51.45],[-57.74,51.47],[-58.01,51.31],[-58.21,51.27],[-58.62,51.28],[-58.59,51.18],[-58.92,51.05],[-58.95,50.83],[-59.12,50.8],[-59.46,50.62],[-59.59,50.48],[-59.81,50.43],[-59.85,50.33],[-60.01,50.25],[-61.29,50.2],[-61.72,50.09],[-61.86,50.23],[-63.11,50.29],[-63.23,50.23],[-63.81,50.31],[-64.16,50.26],[-64.47,50.32],[-64.9,50.27],[-65.46,50.3],[-65.69,50.26],[-66,50.27],[-66.09,50.19],[-66.47,50.26],[-66.72,50.08],[-66.92,50],[-67.12,49.83],[-67.24,49.58],[-67.23,49.48],[-67.37,49.33],[-67.57,49.33],[-68.13,49.26],[-68.19,49.11],[-68.59,49.05],[-68.7,48.94],[-69.06,48.77],[-69.15,48.59],[-69.44,48.31],[-69.73,48.11],[-69.93,47.77],[-70.13,47.65],[-70.23,47.5],[-70.46,47.43],[-70.73,47.1],[-70.97,47],[-70.99,46.85],[-70.49,47.03],[-70.04,47.39],[-69.45,47.98],[-69.02,48.25],[-68.54,48.45],[-68.24,48.63],[-67.97,48.7],[-67.53,48.86],[-67.09,48.96],[-66.72,49.09],[-66.08,49.22],[-65.5,49.26],[-65,49.22],[-64.6,49.11],[-64.23,48.9],[-64.17,48.63],[-64.32,48.44],[-64.69,48.34],[-64.77,48.2],[-64.93,48.17],[-65.2,48.03],[-65.46,48],[-65.76,48.11],[-65.9,48.2],[-66.13,48.11],[-66.26,48],[-65.88,47.92],[-65.72,47.81],[-65.63,47.62],[-65.2,47.82],[-64.8,47.81],[-64.67,47.72],[-64.86,47.58],[-64.91,47.35],[-65.14,47.19],[-65.02,47.09],[-64.8,47.08],[-64.9,46.85],[-64.72,46.69],[-64.61,46.37],[-64.5,46.24],[-64.24,46.23],[-63.83,46.15],[-63.91,45.98],[-63.71,45.84],[-63.48,45.88],[-63.36,45.75],[-63.09,45.8],[-62.68,45.76],[-62.46,45.61],[-61.92,45.84],[-61.88,45.69],[-61.62,45.61],[-61.47,45.68],[-61.14,45.35],[-61.35,45.18],[-61.64,45.12],[-62.03,44.98],[-62.48,44.9],[-62.55,44.82],[-63.02,44.77],[-63.28,44.63],[-63.55,44.59],[-63.63,44.44],[-64.01,44.51],[-64.17,44.59],[-64.31,44.53],[-64.36,44.27],[-64.62,44.13],[-64.67,43.99],[-64.81,43.95],[-65.03,43.7],[-65.33,43.68],[-65.38,43.58],[-65.72,43.5],[-65.77,43.68],[-66.12,43.76],[-66.15,44.01],[-66.2,44.09],[-66.12,44.34],[-65.65,44.76],[-64.87,45.14],[-64.46,45.25],[-64.38,45.14],[-63.81,45.3],[-63.75,45.4],[-64.07,45.41],[-64.36,45.38],[-64.53,45.41],[-64.94,45.33],[-64.91,45.41],[-64.29,45.77],[-64.58,45.83],[-64.76,45.62],[-65.33,45.45],[-65.53,45.34],[-65.89,45.21],[-66.09,45.3],[-66.21,45.16],[-66.43,45.08],[-66.49,45.15],[-66.75,45.06],[-66.97,45.18],[-67.21,45.18],[-67.34,45.15],[-67.46,45.28],[-67.48,45.5],[-67.41,45.59],[-67.79,45.7],[-67.77,45.96],[-67.79,47.07],[-68.19,47.33],[-68.31,47.37],[-68.89,47.19],[-69.03,47.26],[-69.05,47.43],[-69.24,47.47],[-70.01,46.7],[-70.06,46.43],[-70.29,46.2],[-70.26,45.91],[-70.47,45.71],[-70.63,45.63],[-70.7,45.46],[-70.88,45.24],[-71.02,45.33],[-71.14,45.25],[-71.3,45.3],[-71.4,45.21],[-71.49,45.02],[-72.78,45.02],[-74.25,44.99],[-74.85,45.02],[-75.31,44.84],[-75.68,44.59],[-75.87,44.4],[-76.06,44.34],[-76.44,44.1],[-76.81,43.63],[-77.89,43.64],[-78.72,43.63],[-79.18,43.47],[-79.05,43.26],[-79.08,43.09],[-78.92,42.94],[-78.99,42.82],[-80.09,42.4],[-81.25,42.22],[-82.43,41.68],[-82.7,41.68],[-83.08,41.87],[-83.17,42.05],[-83.08,42.3],[-82.84,42.4],[-82.52,42.63],[-82.42,43.02],[-82.13,43.59],[-82.33,44.46],[-82.54,45.36],[-83.6,45.83],[-83.45,46.01],[-83.57,46.1],[-83.84,46.13],[-83.95,46.07],[-84.1,46.24],[-84.19,46.55],[-84.56,46.47],[-84.78,46.65],[-84.86,46.91],[-86.05,47.4],[-87.44,47.96],[-88.37,48.31],[-88.69,48.26],[-89.36,47.98],[-89.76,48.03],[-89.9,47.99],[-90.15,48.12],[-90.75,48.09],[-90.9,48.24],[-91.24,48.08],[-91.42,48.04],[-91.65,48.1],[-91.74,48.19],[-91.99,48.26],[-92.04,48.35],[-92.26,48.35],[-92.7,48.49],[-92.95,48.62],[-93.24,48.64],[-93.5,48.54],[-93.79,48.52],[-93.86,48.63],[-94.5,48.7],[-94.71,48.8],[-94.72,48.97],[-94.82,49.31],[-94.93,49.36],[-95.15,49.33],[-95.15,49],[-97.22,49],[-98.5,49],[-100.5,49],[-102.34,49],[-103.74,49],[-104.84,49],[-106.74,49],[-108.17,49],[-110.1,49],[-111.37,49],[-113.23,49],[-114.34,49],[-116.05,49],[-117.87,49],[-119.47,49],[-121.08,49],[-122.76,49],[-122.94,49.08],[-123.04,49]]],[[[-73.65,68.01],[-73.42,67.98],[-73.43,67.76],[-74.48,67.79],[-74.77,67.97],[-74.73,68.07],[-74.24,68.14],[-74.16,68.07],[-73.65,68.01]]],[[[-135.36,68.93],[-135.77,68.9],[-136,68.95],[-135.97,69.21],[-135.8,69.32],[-135.24,69.33],[-135.15,69.48],[-134.69,69.48],[-134.24,69.58],[-133.85,69.45],[-134.21,69.27],[-134.39,69.12],[-134.58,69.1],[-134.67,68.96],[-134.97,68.89],[-135.2,68.93],[-135.36,68.93]]],[[[-71.47,71.01],[-71.39,70.92],[-71.99,70.81],[-72.2,70.88],[-72.01,71.04],[-71.47,71.01]]],[[[-120.15,74.27],[-118.84,74.19],[-118.18,74.27],[-117.51,74.24],[-116.78,74.06],[-116.34,73.87],[-115.4,73.57],[-115.32,73.48],[-115.86,73.33],[-116.46,73.26],[-116.95,73.12],[-119.16,72.62],[-119.31,72.36],[-120.15,72.15],[-120.45,71.92],[-120.38,71.69],[-120.6,71.49],[-121.44,71.38],[-121.78,71.44],[-122.12,71.27],[-123.09,71.08],[-123.43,71.24],[-123.67,71.5],[-124.02,71.69],[-124.68,71.8],[-125.25,71.95],[-125.76,71.95],[-125.71,72.16],[-125.43,72.41],[-125.03,72.57],[-124.96,72.86],[-124.48,72.93],[-124.86,73.08],[-124.44,73.42],[-124.16,73.49],[-123.84,73.82],[-124.22,73.87],[-124.43,74.13],[-124.76,74.34],[-123.21,74.44],[-122.34,74.47],[-121.77,74.54],[-121.25,74.53],[-120.91,74.42],[-120.15,74.27]]],[[[-96.52,71.93],[-97.08,71.7],[-97.43,71.62],[-97.98,71.66],[-98.19,71.42],[-98.55,71.29],[-98.94,71.37],[-99.23,71.34],[-99.68,71.76],[-100.32,71.98],[-100.64,72.19],[-101.02,72.19],[-101.28,72.33],[-101.78,72.3],[-102.08,72.52],[-102.74,72.72],[-102.51,73.03],[-101.97,73.07],[-101.52,72.87],[-101.3,72.71],[-100.88,72.69],[-100.45,72.74],[-100.03,72.93],[-100.24,73.14],[-100.6,73.14],[-100.83,73.26],[-101.62,73.49],[-101.21,73.6],[-101.01,73.8],[-100.42,73.85],[-99.98,73.95],[-99.23,73.74],[-98.07,73.82],[-97.8,73.91],[-97.22,73.86],[-96.97,73.64],[-97.44,73.53],[-97.17,73.35],[-97.65,73.32],[-98.45,73.02],[-97.86,73.05],[-97.23,72.94],[-97.27,72.85],[-96.92,72.68],[-96.61,72.75],[-96.3,72.43],[-96.67,72.31],[-96.49,72.13],[-96.52,71.93]]],[[[-96.81,72.93],[-97.09,72.98],[-97.06,73.14],[-96.78,73.18],[-96.57,73.03],[-96.81,72.93]]],[[[-95.16,71.96],[-95.21,72.21],[-95.13,72.46],[-95.36,72.64],[-95.6,72.7],[-95.68,73.08],[-95.58,73.13],[-95.7,73.55],[-95.68,73.72],[-95.3,73.77],[-95.25,74.01],[-94.75,74.09],[-93.52,74.17],[-92.64,74.1],[-92.27,73.99],[-91.57,74.03],[-91.1,74.01],[-90.2,73.9],[-90.85,73.54],[-92.07,72.75],[-92.39,72.71],[-93.25,72.79],[-93.8,72.7],[-93.47,72.45],[-93.82,72.3],[-94.04,72.14],[-94.07,71.98],[-94.45,72.02],[-95.16,71.96]]],[[[-80.15,73.7],[-79.45,73.63],[-78.21,73.67],[-77.2,73.5],[-77.05,73.36],[-76.71,73.32],[-76.58,73.15],[-76.31,73.1],[-76.34,72.81],[-77.23,72.85],[-77.71,72.9],[-78.27,72.89],[-79.16,72.75],[-79.62,72.76],[-80,72.87],[-80.18,73.05],[-80.22,73.24],[-80.88,73.33],[-80.86,73.74],[-80.35,73.76],[-80.15,73.7]]],[[[-105.1,73.74],[-104.49,73.55],[-104.57,73.33],[-104.98,73.02],[-105.33,72.91],[-105.73,73.05],[-106.45,73.4],[-107.01,73.51],[-106.57,73.71],[-105.1,73.74]]],[[[-98.92,73.81],[-99.43,73.9],[-98.94,74],[-97.81,74.12],[-97.65,74.05],[-98.15,73.87],[-98.92,73.81]]],[[[-78.46,69.39],[-78.21,69.3],[-78.47,69.19],[-78.84,68.91],[-79.29,68.83],[-79.4,68.92],[-79.22,69.08],[-78.86,69.14],[-78.72,69.33],[-78.46,69.39]]],[[[-100.17,68.8],[-100.62,68.76],[-100.54,69.04],[-100.14,68.91],[-100.17,68.8]]],[[[-74.78,68.41],[-74.81,68.32],[-75.42,68.52],[-75.25,68.72],[-75.01,68.67],[-74.78,68.41]]],[[[-101.7,68.64],[-101.84,68.57],[-102.31,68.68],[-101.95,68.82],[-101.69,68.77],[-101.7,68.64]]],[[[-97.36,69.69],[-96.87,69.49],[-96.5,69.41],[-96.04,69.23],[-95.84,68.92],[-95.55,68.83],[-95.86,68.65],[-96.3,68.47],[-96.53,68.44],[-96.92,68.52],[-97.47,68.53],[-97.73,68.63],[-98.29,68.75],[-98.52,68.75],[-98.88,68.85],[-99.18,68.82],[-99.43,68.89],[-99.59,69.02],[-99.48,69.13],[-99.01,69.14],[-98.72,69.19],[-98.56,69.4],[-98.6,69.54],[-98.32,69.72],[-97.88,69.88],[-97.36,69.69]]],[[[-76.95,69.4],[-76.65,69.33],[-76.93,69.22],[-77.29,69.15],[-77.35,69.4],[-76.95,69.4]]],[[[-96.66,69.57],[-96.15,69.56],[-96.14,69.35],[-96.55,69.47],[-96.66,69.57]]],[[[-95.49,69.57],[-95.36,69.51],[-95.52,69.33],[-95.8,69.48],[-95.49,69.57]]],[[[-77.96,69.67],[-78.51,69.49],[-78.58,69.63],[-77.96,69.67]]],[[[-79.43,69.79],[-79.33,69.7],[-79.63,69.61],[-80.21,69.59],[-80.73,69.75],[-80.24,69.8],[-79.97,69.72],[-79.68,69.81],[-79.43,69.79]]],[[[-114,72.8],[-114.23,72.79],[-114.56,72.56],[-113.9,72.66],[-113.3,72.95],[-113.01,73.01],[-111.53,72.8],[-111.23,72.72],[-111.27,72.57],[-111,72.47],[-110.73,72.57],[-110.32,72.55],[-110.05,72.44],[-109.78,72.5],[-109.95,72.61],[-109.77,72.72],[-110.55,72.85],[-110.51,73.02],[-109.75,72.88],[-108.71,72.58],[-108.66,72.34],[-108.19,71.96],[-108.24,71.72],[-107.63,71.73],[-107.26,71.89],[-107.78,72.14],[-107.88,72.57],[-108,72.62],[-108.27,73.17],[-107.62,73.32],[-107.18,73.19],[-106.75,73.29],[-106.24,73.09],[-105.56,72.91],[-105.32,72.74],[-105.29,72.46],[-104.96,72.18],[-105.03,72.12],[-104.38,71.6],[-104.34,71.4],[-104.49,71.32],[-104.58,71.06],[-104.12,70.91],[-103.99,70.75],[-103.48,70.59],[-103.13,70.57],[-102.12,70.34],[-101.62,70.16],[-100.98,70.16],[-100.88,69.77],[-100.96,69.66],[-101.96,69.75],[-102.24,69.92],[-102.48,69.69],[-102.51,69.56],[-102.82,69.53],[-103.32,69.69],[-103.51,69.62],[-103.04,69.51],[-102.72,69.38],[-102.31,69.5],[-101.93,69.41],[-101.93,69.26],[-101.75,69.16],[-101.81,69],[-102.76,68.88],[-103.51,68.8],[-104.1,68.86],[-104.44,68.94],[-104.58,68.86],[-105.14,68.9],[-105.16,69.07],[-105.55,69.15],[-106.19,69.14],[-106.41,69.18],[-106.32,69.39],[-106.61,69.5],[-106.99,69.34],[-106.93,69.23],[-107.31,69.03],[-107.98,68.93],[-108.49,68.95],[-108.93,68.74],[-109.65,68.63],[-110.24,68.63],[-111.25,68.51],[-111.6,68.54],[-112.67,68.47],[-113.26,68.45],[-113.67,68.81],[-113.55,69.05],[-113.69,69.19],[-114.28,69.28],[-115.25,69.25],[-115.92,69.29],[-116.53,69.41],[-116.58,69.56],[-117.24,69.76],[-117.43,69.98],[-117.08,70.11],[-116.07,70.21],[-114.51,70.31],[-113.65,70.26],[-113.43,70.28],[-112.67,70.2],[-112.11,70.28],[-112.12,70.47],[-112.94,70.57],[-113.49,70.68],[-113.94,70.72],[-114.17,70.66],[-115.14,70.6],[-115.89,70.6],[-116.37,70.64],[-116.91,70.6],[-117.55,70.6],[-117.74,70.71],[-118.17,70.83],[-118.41,71],[-117.85,71.16],[-116.99,71.24],[-116.21,71.36],[-115.71,71.56],[-116.81,71.44],[-117.53,71.38],[-118.11,71.37],[-118.31,71.46],[-118.18,71.6],[-118.85,71.66],[-119.13,71.77],[-119.09,71.91],[-118.58,72.18],[-118.12,72.22],[-118.45,72.35],[-118.53,72.5],[-117.9,72.69],[-117.35,72.92],[-115.61,73.19],[-114.56,73.38],[-114.28,73.33],[-113.96,73.12],[-114,72.8]]]]}},{"type":"Feature","properties":{"NAME":"Newfoundland","ABBREVN":"Newfoundland","SUBJECTO":"Newfoundland","BORDERPRECISION":3,"PARTOF":"Newfoundland","SHAPE_HASH":"03561cf236"},"geometry":{"type":"MultiPolygon","coordinates":[[[[-54.57,49.56],[-54.87,49.49],[-54.89,49.59],[-54.57,49.56]]],[[[-54,49.65],[-54.27,49.57],[-54.28,49.72],[-54.09,49.75],[-54,49.65]]],[[[-60.94,56.01],[-61.22,56.05],[-61.09,56.17],[-60.94,56.01]]],[[[-53.69,48.06],[-53.62,48],[-53.84,47.7],[-53.76,47.61],[-53.55,47.54],[-53.46,47.81],[-53.27,48.01],[-52.93,48.08],[-53.06,47.92],[-53.26,47.55],[-53.18,47.43],[-52.91,47.55],[-52.7,47.75],[-52.62,47.51],[-52.79,47.31],[-52.94,46.8],[-53.1,46.64],[-53.36,46.74],[-53.53,46.62],[-53.65,46.8],[-53.59,47.16],[-53.95,46.86],[-54.19,46.82],[-54.16,46.98],[-53.99,47.27],[-53.88,47.35],[-53.89,47.58],[-53.98,47.76],[-54.22,47.77],[-54.51,47.37],[-54.86,47.39],[-55.04,47.22],[-55.07,47.09],[-55.26,46.91],[-55.8,46.86],[-55.97,46.91],[-55.87,47.07],[-55.49,47.14],[-55.29,47.27],[-55.18,47.46],[-54.95,47.51],[-54.96,47.6],[-55.26,47.65],[-55.59,47.4],[-55.8,47.49],[-55.91,47.68],[-56.19,47.63],[-56.62,47.61],[-56.84,47.52],[-57.01,47.58],[-57.53,47.63],[-57.66,47.6],[-58.03,47.7],[-58.69,47.6],[-59.16,47.56],[-59.3,47.61],[-59.33,47.81],[-59.4,47.89],[-59.24,48.02],[-58.96,48.15],[-58.42,48.51],[-58.73,48.56],[-58.66,48.74],[-58.54,48.87],[-58.4,49.13],[-58.18,49.06],[-58.06,49.15],[-58.2,49.24],[-58.22,49.4],[-57.97,49.55],[-57.93,49.72],[-57.63,50.14],[-57.37,50.59],[-57.38,50.69],[-57.09,50.78],[-56.93,50.92],[-56.79,51.24],[-56.62,51.37],[-56.11,51.52],[-55.88,51.49],[-55.52,51.6],[-55.41,51.56],[-55.49,51.38],[-55.61,51.3],[-56.03,51.38],[-55.96,51.2],[-55.71,51.18],[-55.73,51.08],[-56.42,50.34],[-56.51,50.21],[-56.74,50.02],[-56.71,49.7],[-56.41,49.91],[-56.33,50.03],[-56.12,50.15],[-56.01,50.03],[-55.75,49.92],[-55.99,49.75],[-55.83,49.69],[-55.88,49.58],[-55.72,49.47],[-55.31,49.53],[-55.12,49.47],[-55.23,49.25],[-54.82,49.27],[-54.58,49.49],[-54.18,49.37],[-54.05,49.48],[-53.51,49.28],[-53.59,49.04],[-53.8,49.02],[-53.85,48.77],[-53.67,48.64],[-53.53,48.45],[-53.43,48.62],[-53.22,48.56],[-53.07,48.7],[-52.98,48.6],[-53.05,48.44],[-53.67,48.16],[-53.9,48.23],[-53.91,48.08],[-53.69,48.06]]],[[[-57.1,51.42],[-57.11,52],[-58.22,52],[-59.35,52],[-60.85,52],[-62.15,52],[-63.75,52],[-63.85,52.1],[-63.82,52.24],[-63.93,52.42],[-64.08,52.47],[-63.84,52.62],[-63.38,52.67],[-63.6,52.77],[-63.54,52.98],[-63.63,53.09],[-63.87,53.1],[-63.95,52.87],[-64.2,52.8],[-64.21,52.54],[-64.08,52.38],[-64.13,52.22],[-64.25,52.13],[-64.36,51.85],[-64.34,51.69],[-64.58,51.56],[-64.71,51.76],[-64.6,51.84],[-64.84,51.93],[-64.87,52.04],[-65.1,52.17],[-65.49,52.19],[-65.64,52.08],[-65.93,52.05],[-66.08,52.22],[-66.49,52.32],[-66.37,52.41],[-66.44,52.7],[-66.35,52.98],[-66.65,52.9],[-66.67,52.73],[-67.09,52.73],[-67.07,52.96],[-66.95,53.11],[-66.91,53.31],[-67.19,53.56],[-67.49,53.61],[-67.43,53.79],[-67.76,54.01],[-67.72,54.13],[-67.49,54.23],[-67.59,54.38],[-67.61,54.56],[-67.33,54.51],[-67.22,54.61],[-67.45,55.03],[-67.03,54.9],[-66.74,54.73],[-66.61,54.8],[-66.72,54.97],[-66.78,55.27],[-66.53,55.22],[-66.26,55],[-65.87,54.91],[-65.7,54.72],[-65.45,54.75],[-65.16,54.7],[-64.84,54.74],[-64.33,54.75],[-63.98,54.63],[-63.67,54.61],[-63.44,54.97],[-63.56,55.06],[-63.51,55.19],[-63.1,55.33],[-63.46,55.61],[-63.71,55.85],[-63.59,56.02],[-64.02,56.08],[-63.88,56.21],[-64.14,56.3],[-64.1,56.43],[-63.87,56.45],[-64.12,56.69],[-63.79,57.11],[-63.74,57.41],[-63.77,57.57],[-63.64,57.64],[-64.08,57.78],[-64.21,58.04],[-64.43,58.09],[-64.2,58.25],[-64.16,58.34],[-63.82,58.48],[-64.04,58.52],[-64.03,58.69],[-63.56,58.72],[-63.71,58.88],[-64.15,58.75],[-64.33,58.89],[-64.88,58.93],[-64.71,59.07],[-64.46,58.98],[-64.54,59.29],[-64.5,59.43],[-64.83,59.54],[-64.77,59.7],[-64.81,59.98],[-64.49,60.06],[-64.15,59.98],[-64.18,59.78],[-64.06,59.63],[-63.73,59.52],[-63.79,59.37],[-63.54,59.35],[-63.39,59.27],[-63.42,59.13],[-63.13,59.05],[-63.16,58.92],[-62.92,58.82],[-62.85,58.69],[-63.04,58.45],[-62.56,58.48],[-62.66,58.17],[-62.37,58.11],[-62.14,57.84],[-61.99,57.77],[-61.9,57.62],[-62.04,57.45],[-61.8,57.36],[-61.95,57.25],[-61.86,57.17],[-61.48,57.16],[-61.49,56.98],[-61.65,56.88],[-61.67,56.81],[-61.9,56.79],[-61.91,56.64],[-61.71,56.57],[-61.79,56.39],[-61.54,56.2],[-61.42,55.96],[-61.15,55.97],[-60.95,55.87],[-60.33,55.78],[-60.41,55.67],[-60.32,55.57],[-60.35,55.4],[-60.47,55.29],[-59.92,55.23],[-59.8,55.11],[-59.13,55.19],[-58.96,55.13],[-59,55.03],[-58.9,54.84],[-58.56,54.78],[-58.24,54.79],[-58.15,54.74],[-57.84,54.73],[-57.65,54.63],[-57.35,54.57],[-57.42,54.46],[-57.63,54.38],[-58.05,54.38],[-58.24,54.25],[-58.42,54.22],[-58.61,54.04],[-58.84,54.05],[-58.98,53.97],[-59.63,53.82],[-59.85,53.84],[-60.08,53.76],[-60.19,53.34],[-60.13,53.28],[-59.75,53.52],[-59.52,53.55],[-59.33,53.65],[-59.08,53.68],[-59.06,53.8],[-58.87,53.9],[-58.55,54.01],[-58.21,54.07],[-58.36,54.21],[-58.03,54.24],[-57.86,54.2],[-57.47,54.19],[-57.22,53.92],[-57.08,53.82],[-57.15,53.74],[-57.49,53.63],[-57.24,53.5],[-57.01,53.71],[-56.66,53.72],[-56.62,53.65],[-56.34,53.59],[-56.03,53.58],[-56.08,53.48],[-55.81,53.34],[-55.75,53.14],[-55.92,53.03],[-55.81,52.83],[-56.06,52.77],[-55.96,52.68],[-55.99,52.51],[-55.65,52.43],[-55.86,52.33],[-55.68,52.21],[-55.7,52.09],[-56.21,51.79],[-56.47,51.71],[-56.95,51.42],[-57.1,51.42]]],[[[-61.43,56.93],[-61.38,56.63],[-61.64,56.74],[-61.63,56.86],[-61.43,56.93]]],[[[-64.81,59.98],[-64.6,60.12],[-64.86,60.24],[-64.54,60.31],[-64.38,60.16],[-64.48,60.08],[-64.81,59.98]]]]}},{"type":"Feature","properties":{"NAME":"Bahamas","ABBREVN":"Bahamas","SUBJECTO":"Bahamas","BORDERPRECISION":3,"PARTOF":"Bahamas","SHAPE_HASH":"3284ad112d"},"geometry":{"type":"MultiPolygon","coordinates":[[[[-73.04,21.14],[-73.15,20.98],[-73.46,20.92],[-73.7,21],[-73.53,21.19],[-73.26,21.14],[-73.14,21.19],[-73.04,21.14]]],[[[-72.83,22.38],[-73.08,22.34],[-73.07,22.44],[-72.83,22.38]]],[[[-74.02,22.71],[-74.08,22.66],[-74.27,22.71],[-74.3,22.84],[-74.02,22.71]]],[[[-77.73,26.91],[-77.5,26.87],[-77.28,26.62],[-77.04,26.5],[-77.03,26.36],[-77.15,26.26],[-77.19,25.93],[-77.4,26.03],[-77.22,26.15],[-77.23,26.41],[-77.15,26.52],[-77.35,26.64],[-77.53,26.86],[-77.73,26.91]]],[[[-77.92,26.75],[-78.02,26.66],[-78.37,26.61],[-78.68,26.49],[-78.7,26.58],[-78.52,26.73],[-78.36,26.69],[-78.11,26.7],[-77.92,26.75]]],[[[-76.4,25.33],[-76.13,25.14],[-76.11,25.07],[-76.17,24.69],[-76.34,24.82],[-76.21,24.87],[-76.14,25.01],[-76.17,25.14],[-76.4,25.33]]],[[[-78.29,24.77],[-78.21,24.86],[-78.16,25.03],[-78.2,25.2],[-77.99,25.15],[-77.88,24.85],[-77.77,24.73],[-77.75,24.45],[-78.02,24.27],[-78.09,24.38],[-78.36,24.53],[-78.19,24.61],[-78.29,24.77]]],[[[-77.67,24.12],[-77.55,24.12],[-77.52,23.92],[-77.55,23.75],[-77.75,23.78],[-77.88,24.07],[-77.85,24.16],[-77.72,24.27],[-77.67,24.12]]]]}},{"type":"Feature","properties":{"NAME":"Cuba","ABBREVN":"Cuba","SUBJECTO":"Cuba","BORDERPRECISION":3,"PARTOF":"Cuba","SHAPE_HASH":"0e2d1b4134"},"geometry":{"type":"MultiPolygon","coordinates":[[[[-77.34,21.64],[-77.14,21.65],[-76.95,21.45],[-76.49,21.28],[-76.36,21.27],[-76.02,21.08],[-75.71,21.12],[-75.58,21.01],[-75.63,20.85],[-75.77,20.83],[-75.72,20.69],[-75.44,20.73],[-74.98,20.69],[-74.75,20.59],[-74.5,20.35],[-74.38,20.29],[-74.23,20.31],[-74.13,20.2],[-74.25,20.08],[-74.82,20.03],[-75.09,19.89],[-75.36,19.88],[-75.6,19.89],[-75.72,19.95],[-76.25,19.99],[-76.49,19.95],[-76.8,19.93],[-77.01,19.88],[-77.29,19.91],[-77.35,19.86],[-77.65,19.82],[-77.74,19.87],[-77.6,20.05],[-77.4,20.2],[-77.17,20.3],[-77.08,20.47],[-77.2,20.63],[-77.32,20.71],[-77.53,20.68],[-77.86,20.73],[-78.05,20.7],[-78.27,20.9],[-78.5,21.03],[-78.51,21.17],[-78.6,21.48],[-78.76,21.64],[-79.2,21.54],[-79.46,21.59],[-79.65,21.69],[-79.89,21.75],[-79.99,21.72],[-80.1,21.82],[-80.29,21.9],[-80.43,22.04],[-80.56,22.06],[-80.91,22.04],[-81.11,22.1],[-81.35,22.08],[-81.41,22.18],[-81.62,22.21],[-81.82,22.18],[-82.15,22.38],[-82.12,22.43],[-81.7,22.45],[-81.64,22.57],[-81.89,22.68],[-82.62,22.68],[-83.08,22.48],[-83.17,22.33],[-83.25,22.35],[-83.37,22.2],[-83.49,22.18],[-83.91,22.17],[-84.01,22.05],[-84,21.94],[-84.27,21.89],[-84.43,21.78],[-84.51,22.05],[-84.32,22.08],[-84.44,22.2],[-84.39,22.35],[-84.07,22.66],[-83.44,22.9],[-83.22,23],[-82.59,23.05],[-82.41,23.14],[-82.23,23.19],[-81.58,23.15],[-81.5,23.06],[-81.3,23.14],[-81.17,23.03],[-80.98,23.08],[-80.63,23.09],[-80.54,22.99],[-80.28,22.91],[-80.04,22.95],[-79.85,22.8],[-79.68,22.76],[-79.54,22.56],[-79.26,22.37],[-78.79,22.4],[-78.57,22.32],[-78.31,22.17],[-78.06,22.08],[-77.9,21.89],[-77.66,21.78],[-77.46,21.78],[-77.34,21.64]]],[[[-82.54,21.58],[-82.71,21.49],[-82.9,21.43],[-83.07,21.46],[-82.94,21.6],[-83.09,21.79],[-82.97,21.94],[-82.72,21.89],[-82.6,21.74],[-82.54,21.58]]],[[[-77.85,22.09],[-77.65,22.07],[-77.71,21.91],[-77.89,22],[-77.85,22.09]]],[[[-77.9,22.1],[-78.04,22.19],[-78,22.29],[-77.86,22.22],[-77.9,22.1]]]]}},{"type":"Feature","properties":{"NAME":"Haiti","ABBREVN":"Haiti","SUBJECTO":"Haiti","BORDERPRECISION":3,"PARTOF":"Haiti","SHAPE_HASH":"2d93f46fc7"},"geometry":{"type":"MultiPolygon","coordinates":[[[[-72.8,18.73],[-73.22,18.83],[-73.2,18.97],[-72.85,18.83],[-72.8,18.73]]],[[[-71.75,19.7],[-71.69,19.49],[-71.74,19.29],[-71.64,19.14],[-71.78,18.96],[-71.72,18.88],[-71.73,18.71],[-71.83,18.63],[-72,18.6],[-71.9,18.44],[-71.69,18.32],[-71.77,18.2],[-71.76,18.04],[-71.93,18.18],[-72.07,18.24],[-72.38,18.23],[-72.81,18.14],[-73.27,18.22],[-73.39,18.26],[-73.79,18.17],[-73.88,18.02],[-73.96,18.14],[-74.19,18.29],[-74.37,18.29],[-74.47,18.45],[-74.42,18.61],[-74.17,18.67],[-74.02,18.6],[-73.66,18.5],[-73.52,18.52],[-73.07,18.45],[-72.74,18.42],[-72.59,18.56],[-72.35,18.54],[-72.32,18.67],[-72.55,18.78],[-72.8,19.03],[-72.8,19.22],[-72.72,19.45],[-73.01,19.6],[-73.37,19.62],[-73.47,19.69],[-73.42,19.82],[-73.15,19.92],[-72.79,19.94],[-72.49,19.82],[-72.19,19.74],[-71.75,19.7]]]]}},{"type":"Feature","properties":{"NAME":"Dominican Republic","ABBREVN":"Dominican Republic","SUBJECTO":"Dominican Republic","BORDERPRECISION":3,"PARTOF":"Dominican Republic","SHAPE_HASH":"78b51e2e30"},"geometry":{"type":"Polygon","coordinates":[[[-71.76,18.04],[-71.77,18.2],[-71.69,18.32],[-71.9,18.44],[-72,18.6],[-71.83,18.63],[-71.73,18.71],[-71.72,18.88],[-71.78,18.96],[-71.64,19.14],[-71.74,19.29],[-71.69,19.49],[-71.75,19.7],[-71.77,19.78],[-71.67,19.89],[-71.48,19.9],[-71.26,19.82],[-71,19.93],[-70.84,19.9],[-70.63,19.76],[-70.46,19.78],[-70.28,19.65],[-70.1,19.62],[-70.03,19.68],[-69.88,19.61],[-69.88,19.44],[-69.73,19.29],[-69.53,19.33],[-69.16,19.29],[-69.24,19.18],[-69.59,19.22],[-69.62,19.09],[-69.47,19.11],[-69.19,19.01],[-68.92,19.03],[-68.73,18.95],[-68.36,18.65],[-68.34,18.57],[-68.46,18.35],[-68.61,18.37],[-68.64,18.21],[-68.76,18.22],[-68.86,18.38],[-69.19,18.43],[-69.52,18.4],[-69.88,18.47],[-70.01,18.42],[-70.16,18.23],[-70.38,18.24],[-70.51,18.19],[-70.57,18.36],[-70.66,18.43],[-70.74,18.35],[-70.94,18.25],[-71.08,18.3],[-71.06,18.15],[-71.42,17.6],[-71.63,17.84],[-71.68,17.98],[-71.76,18.04]]]}},{"type":"Feature","properties":{"NAME":"Jamaica","ABBREVN":"Jamaica","SUBJECTO":"Jamaica","BORDERPRECISION":3,"PARTOF":"Jamaica","SHAPE_HASH":"c9c2974c2b"},"geometry":{"type":"Polygon","coordinates":[[[-76.66,17.93],[-76.85,17.98],[-76.92,17.85],[-77.08,17.9],[-77.24,17.73],[-77.41,17.86],[-77.73,17.85],[-77.85,18.01],[-77.94,18.03],[-78.04,18.18],[-78.34,18.22],[-78.34,18.36],[-78.21,18.45],[-78.02,18.45],[-77.86,18.52],[-77.64,18.48],[-77.25,18.45],[-76.9,18.37],[-76.79,18.27],[-76.34,18.15],[-76.22,17.9],[-76.35,17.86],[-76.61,17.87],[-76.66,17.93]]]}},{"type":"Feature","properties":{"NAME":"Trinidad and Tobago","ABBREVN":"Trinidad and Tobago","SUBJECTO":"Trinidad and Tobago","BORDERPRECISION":3,"PARTOF":"Trinidad and Tobago","SHAPE_HASH":"4248296a05"},"geometry":{"type":"Polygon","coordinates":[[[-60.94,10.77],[-61.03,10.68],[-61.05,10.49],[-61,10.35],[-61,10.15],[-61.2,10.07],[-61.81,10.08],[-61.82,10.13],[-61.5,10.24],[-61.45,10.29],[-61.46,10.57],[-61.6,10.74],[-61.2,10.79],[-61.03,10.84],[-60.94,10.77]]]}},{"type":"Feature","properties":{"NAME":"Barbados","ABBREVN":"Barbados","SUBJECTO":"Barbados","BORDERPRECISION":3,"PARTOF":"Barbados","SHAPE_HASH":"4ec7b95eec"},"geometry":{"type":"Polygon","coordinates":[[[-59.54,13.06],[-59.64,13.15],[-59.59,13.33],[-59.43,13.17],[-59.54,13.06]]]}},{"type":"Feature","properties":{"NAME":"Guadeloupe","ABBREVN":"Guadeloupe","SUBJECTO":"Guadeloupe","BORDERPRECISION":3,"PARTOF":"Guadeloupe","SHAPE_HASH":"e8faff5c88"},"geometry":{"type":"Polygon","coordinates":[[[-61.54,16.29],[-61.53,16.45],[-61.41,16.47],[-61.36,16.34],[-61.23,16.25],[-61.58,16.2],[-61.55,16.05],[-61.69,15.95],[-61.76,16.05],[-61.79,16.24],[-61.73,16.36],[-61.54,16.29]]]}},{"type":"Feature","properties":{"NAME":"Martinique","ABBREVN":"Martinique","SUBJECTO":"Martinique","BORDERPRECISION":3,"PARTOF":"Martinique","SHAPE_HASH":"2956e7251d"},"geometry":{"type":"Polygon","coordinates":[[[-60.86,14.4],[-61.03,14.47],[-61.23,14.81],[-61.17,14.88],[-61.04,14.83],[-60.83,14.57],[-60.86,14.4]]]}},{"type":"Feature","properties":{"NAME":"Mexico","ABBREVN":"Mexico","SUBJECTO":"Mexico","BORDERPRECISION":3,"PARTOF":"Mexico","SHAPE_HASH":"f5ce3f2f36"},"geometry":{"type":"MultiPolygon","coordinates":[[[[-86.74,20.59],[-86.89,20.35],[-87.02,20.39],[-86.94,20.54],[-86.74,20.59]]],[[[-111.7,24.36],[-111.94,24.49],[-111.84,24.54],[-111.7,24.36]]],[[[-117.12,32.54],[-115.91,32.63],[-114.72,32.72],[-114.8,32.5],[-113.34,32.06],[-111.95,31.62],[-111.05,31.33],[-109.51,31.33],[-108.21,31.33],[-108.21,31.78],[-106.53,31.78],[-106.4,31.75],[-106.21,31.47],[-106.01,31.4],[-105.77,31.18],[-105.6,31.08],[-105.39,30.87],[-105.12,30.75],[-104.9,30.57],[-104.87,30.47],[-104.67,30.17],[-104.68,29.94],[-104.54,29.67],[-104.42,29.57],[-104.23,29.49],[-104.02,29.32],[-103.53,29.13],[-103.37,29.02],[-103.16,28.98],[-102.9,29.25],[-102.67,29.74],[-102.5,29.78],[-102.3,29.89],[-102.1,29.8],[-101.83,29.8],[-101.63,29.77],[-101.41,29.77],[-101.36,29.66],[-101.22,29.54],[-101.04,29.46],[-100.8,29.26],[-100.67,29.11],[-100.62,28.93],[-100.36,28.52],[-100.28,28.28],[-100.08,28.16],[-99.88,27.9],[-99.86,27.81],[-99.71,27.67],[-99.5,27.57],[-99.44,27.26],[-99.46,27.05],[-99.2,26.71],[-99.1,26.44],[-98.78,26.35],[-98.6,26.26],[-98.44,26.22],[-98.29,26.1],[-98.06,26.04],[-97.85,26.06],[-97.68,26.04],[-97.42,25.84],[-97.14,25.97],[-97.16,25.77],[-97.25,25.51],[-97.51,25.04],[-97.65,24.52],[-97.7,24.26],[-97.77,23.3],[-97.74,22.91],[-97.88,22.66],[-97.78,22.27],[-97.77,22.12],[-97.67,21.67],[-97.5,21.43],[-97.18,20.68],[-97.09,20.57],[-96.67,20.16],[-96.44,19.86],[-96.3,19.34],[-96.14,19.23],[-96.08,19.1],[-95.96,18.99],[-95.8,18.75],[-95.4,18.7],[-95.22,18.71],[-95.03,18.57],[-94.78,18.51],[-94.73,18.39],[-94.57,18.18],[-94.47,18.15],[-94.02,18.25],[-93.79,18.26],[-93.58,18.36],[-93.59,18.42],[-93.18,18.44],[-93.17,18.37],[-92.92,18.45],[-92.74,18.56],[-92.41,18.68],[-91.96,18.72],[-91.9,18.55],[-91.77,18.45],[-91.5,18.44],[-91.44,18.54],[-91.19,18.65],[-91.39,18.91],[-91.13,19.03],[-90.91,19.18],[-90.73,19.36],[-90.68,19.77],[-90.46,19.98],[-90.5,20.08],[-90.48,20.55],[-90.46,20.73],[-90.35,21.01],[-90.11,21.16],[-89.7,21.3],[-89.1,21.36],[-88.71,21.45],[-88.59,21.54],[-88.27,21.55],[-87.99,21.6],[-87.71,21.53],[-87.25,21.44],[-87.15,21.48],[-87.15,21.6],[-87.01,21.58],[-86.83,21.43],[-86.78,21.15],[-86.91,20.8],[-87.07,20.61],[-87.23,20.5],[-87.43,20.22],[-87.47,20.09],[-87.45,19.93],[-87.73,19.6],[-87.67,19.55],[-87.42,19.6],[-87.49,19.29],[-87.6,19.05],[-87.65,18.76],[-87.73,18.66],[-87.76,18.41],[-87.84,18.27],[-87.93,18.42],[-88.07,18.49],[-88,18.68],[-88.04,18.87],[-88.3,18.48],[-88.47,18.48],[-88.68,18.19],[-88.84,17.9],[-89.02,18],[-89.14,17.95],[-89.14,17.82],[-90.24,17.82],[-90.98,17.82],[-90.98,17.26],[-91.44,17.26],[-91.27,17.13],[-91.06,16.92],[-90.8,16.81],[-90.66,16.64],[-90.65,16.52],[-90.38,16.38],[-90.44,16.31],[-90.45,16.08],[-90.63,16.08],[-91.73,16.08],[-92.21,15.26],[-92.07,15.08],[-92.18,14.85],[-92.15,14.7],[-92.25,14.55],[-92.75,15.05],[-92.81,15.14],[-93.09,15.35],[-93.21,15.49],[-93.79,15.92],[-93.94,16.09],[-94.27,16.22],[-94.69,16.19],[-94.58,16.32],[-94.77,16.33],[-94.86,16.43],[-95.03,16.32],[-95.04,16.26],[-95.21,16.15],[-95.42,15.98],[-95.75,15.89],[-96.18,15.69],[-96.44,15.69],[-96.48,15.64],[-96.84,15.73],[-97.14,15.9],[-97.79,15.97],[-98.13,16.21],[-98.55,16.32],[-98.78,16.55],[-99.69,16.71],[-99.85,16.8],[-99.87,16.87],[-100.23,16.98],[-101.01,17.27],[-101.1,17.36],[-101.45,17.54],[-101.64,17.68],[-101.79,17.88],[-101.95,17.98],[-102.15,17.92],[-102.57,18.04],[-102.75,18.07],[-103.04,18.19],[-103.36,18.27],[-103.5,18.35],[-103.56,18.48],[-103.73,18.67],[-104,18.9],[-104.32,19.01],[-104.33,19.1],[-104.68,19.18],[-105.02,19.37],[-105.12,19.58],[-105.21,19.62],[-105.46,19.92],[-105.53,20.04],[-105.68,20.42],[-105.55,20.49],[-105.34,20.52],[-105.24,20.63],[-105.32,20.77],[-105.54,20.79],[-105.23,21.11],[-105.19,21.44],[-105.25,21.51],[-105.44,21.61],[-105.46,21.7],[-105.65,21.98],[-105.65,22.34],[-105.82,22.66],[-106.08,22.89],[-106.37,23.18],[-106.53,23.41],[-106.8,23.65],[-106.9,23.84],[-107.04,23.98],[-107.52,24.33],[-107.6,24.43],[-107.81,24.59],[-108,24.65],[-108.05,24.83],[-108.18,24.94],[-108.06,25.09],[-108.35,25.17],[-108.46,25.27],[-108.73,25.4],[-108.77,25.54],[-108.92,25.46],[-109.03,25.46],[-108.88,25.67],[-109.14,25.58],[-109.17,25.64],[-109.44,25.82],[-109.42,26.04],[-109.15,26.37],[-109.44,26.72],[-109.52,26.76],[-109.68,26.67],[-109.82,26.75],[-109.92,27.06],[-110.34,27.18],[-110.53,27.37],[-110.63,27.66],[-110.56,27.83],[-110.79,27.92],[-110.87,27.84],[-111.1,27.94],[-111.27,28.09],[-111.46,28.38],[-111.7,28.47],[-111.92,28.79],[-112.16,28.97],[-112.2,29.26],[-112.33,29.33],[-112.38,29.49],[-112.58,29.71],[-112.74,29.97],[-112.75,30.2],[-112.86,30.4],[-113.08,30.7],[-113.12,30.81],[-113.04,31.11],[-113.09,31.23],[-113.48,31.28],[-113.61,31.35],[-113.67,31.52],[-113.97,31.66],[-113.99,31.52],[-114.22,31.52],[-114.58,31.76],[-114.82,31.74],[-114.79,31.63],[-114.86,31.5],[-114.88,31.15],[-114.82,30.99],[-114.71,30.93],[-114.7,30.67],[-114.63,30.48],[-114.66,30.2],[-114.55,30],[-114.38,29.8],[-114.21,29.76],[-114.03,29.59],[-113.85,29.46],[-113.67,29.28],[-113.55,29.1],[-113.54,28.95],[-113.36,28.94],[-113.29,28.81],[-113.18,28.78],[-113.12,28.49],[-112.86,28.42],[-112.87,28.28],[-112.79,28.18],[-112.73,27.98],[-112.75,27.84],[-112.57,27.63],[-112.32,27.5],[-112.23,27.23],[-112.09,27.13],[-111.91,26.84],[-111.75,26.85],[-111.56,26.72],[-111.55,26.56],[-111.4,26.34],[-111.35,26.14],[-111.36,25.96],[-111.3,25.78],[-111.17,25.58],[-111.02,25.52],[-111.02,25.41],[-110.86,25.09],[-110.75,25.02],[-110.67,24.8],[-110.73,24.63],[-110.69,24.39],[-110.61,24.29],[-110.4,24.18],[-110.21,24.35],[-109.97,24.1],[-109.8,24.01],[-109.81,23.89],[-109.7,23.79],[-109.68,23.66],[-109.48,23.58],[-109.41,23.46],[-109.44,23.23],[-109.52,23.12],[-109.82,22.91],[-109.96,22.86],[-110.08,22.99],[-110.17,23.33],[-110.31,23.56],[-110.63,23.73],[-111.02,24.09],[-111.47,24.34],[-111.65,24.55],[-111.79,24.56],[-111.86,24.7],[-112.09,24.76],[-112.17,24.96],[-112.06,25.37],[-112.1,25.73],[-112.19,25.96],[-112.33,26.08],[-112.36,26.22],[-112.67,26.33],[-112.89,26.52],[-112.98,26.55],[-113.28,26.78],[-113.43,26.84],[-113.6,26.74],[-113.72,26.83],[-113.84,26.98],[-114,26.98],[-114.17,27.15],[-114.33,27.16],[-114.48,27.24],[-114.52,27.42],[-114.89,27.69],[-114.99,27.72],[-115.02,27.85],[-114.61,27.77],[-114.31,27.87],[-114.14,28.06],[-114.15,28.31],[-114.06,28.52],[-114.17,28.67],[-114.31,28.75],[-114.44,28.91],[-114.56,28.98],[-114.95,29.37],[-115.19,29.44],[-115.51,29.63],[-115.7,29.77],[-115.85,30.37],[-116.03,30.6],[-116.06,30.8],[-116.26,30.96],[-116.32,31.17],[-116.48,31.39],[-116.68,31.56],[-116.6,31.82],[-116.84,31.99],[-116.91,32.22],[-117.03,32.3],[-117.12,32.54]]],[[[-112.26,28.78],[-112.38,28.78],[-112.56,28.88],[-112.48,29.15],[-112.27,29.22],[-112.2,29.03],[-112.26,28.78]]],[[[-113.13,29.03],[-113.24,29.06],[-113.6,29.43],[-113.58,29.59],[-113.4,29.48],[-113.38,29.32],[-113.2,29.23],[-113.13,29.03]]],[[[-115.14,28.15],[-115.17,28.03],[-115.32,28.14],[-115.18,28.31],[-115.14,28.15]]]]}},{"type":"Feature","properties":{"NAME":"Belize","ABBREVN":"Belize","SUBJECTO":"Belize","BORDERPRECISION":3,"PARTOF":"Belize","SHAPE_HASH":"8e85b8e228"},"geometry":{"type":"Polygon","coordinates":[[[-89.14,17.82],[-89.14,17.95],[-89.02,18],[-88.84,17.9],[-88.68,18.19],[-88.47,18.48],[-88.3,18.48],[-88.32,18.36],[-88.1,18.37],[-88.09,18.12],[-88.2,17.89],[-88.28,17.58],[-88.25,17.47],[-88.29,17.12],[-88.21,16.96],[-88.28,16.89],[-88.3,16.64],[-88.53,16.3],[-88.73,16.23],[-88.92,15.99],[-88.91,15.89],[-89.22,15.92],[-89.15,17.01],[-89.14,17.82]]]}},{"type":"Feature","properties":{"NAME":"Guatemala","ABBREVN":"Guatemala","SUBJECTO":"Guatemala","BORDERPRECISION":3,"PARTOF":"Guatemala","SHAPE_HASH":"de702e5eb4"},"geometry":{"type":"Polygon","coordinates":[[[-92.25,14.55],[-92.15,14.7],[-92.18,14.85],[-92.07,15.08],[-92.21,15.26],[-91.73,16.08],[-90.63,16.08],[-90.45,16.08],[-90.44,16.31],[-90.38,16.38],[-90.65,16.52],[-90.66,16.64],[-90.8,16.81],[-91.06,16.92],[-91.27,17.13],[-91.44,17.26],[-90.98,17.26],[-90.98,17.82],[-90.24,17.82],[-89.14,17.82],[-89.15,17.01],[-89.22,15.92],[-88.91,15.89],[-88.75,15.84],[-88.6,15.73],[-88.5,15.85],[-88.22,15.73],[-88.67,15.35],[-88.98,15.14],[-89.15,15.08],[-89.22,14.84],[-89.14,14.68],[-89.35,14.43],[-89.57,14.41],[-89.52,14.23],[-89.69,14.17],[-89.75,14.07],[-89.89,14.04],[-90.09,13.87],[-90.1,13.75],[-90.41,13.87],[-90.63,13.93],[-91.08,13.91],[-91.38,13.98],[-91.81,14.21],[-92.25,14.55]]]}},{"type":"Feature","properties":{"NAME":"Honduras","ABBREVN":"Honduras","SUBJECTO":"Honduras","BORDERPRECISION":3,"PARTOF":"Honduras","SHAPE_HASH":"96293d5f5b"},"geometry":{"type":"Polygon","coordinates":[[[-89.35,14.43],[-89.14,14.68],[-89.22,14.84],[-89.15,15.08],[-88.98,15.14],[-88.67,15.35],[-88.22,15.73],[-88.11,15.7],[-87.92,15.86],[-87.71,15.92],[-87.53,15.8],[-87.31,15.84],[-86.96,15.76],[-86.49,15.8],[-86.36,15.77],[-86.12,15.9],[-85.99,15.9],[-85.76,16],[-85.5,15.89],[-85.11,15.93],[-85,15.99],[-84.68,15.88],[-84.6,15.78],[-84.44,15.83],[-84.26,15.83],[-84.01,15.54],[-84.2,15.52],[-84.1,15.37],[-83.91,15.24],[-83.63,15.27],[-83.57,15.16],[-83.36,15.22],[-83.28,15.07],[-83.16,14.98],[-83.38,15.02],[-83.84,14.79],[-84.2,14.72],[-84.48,14.62],[-84.69,14.68],[-84.8,14.81],[-84.91,14.81],[-85.03,14.67],[-85.03,14.58],[-85.15,14.49],[-85.16,14.34],[-85.38,14.24],[-85.44,14.12],[-85.73,13.96],[-85.79,13.84],[-86.07,14.06],[-86.33,13.76],[-86.57,13.78],[-86.76,13.75],[-86.75,13.57],[-86.7,13.3],[-86.9,13.25],[-86.92,13.08],[-87.02,12.99],[-87.31,12.98],[-87.34,13.09],[-87.61,13.38],[-87.82,13.41],[-87.7,13.82],[-87.8,13.9],[-88.01,13.88],[-88.06,13.96],[-88.2,13.99],[-88.26,13.91],[-88.49,13.87],[-88.5,13.98],[-88.81,14.1],[-88.96,14.19],[-89.03,14.33],[-89.12,14.32],[-89.35,14.43]]]}},{"type":"Feature","properties":{"NAME":"El Salvador","ABBREVN":"El Salvador","SUBJECTO":"El Salvador","BORDERPRECISION":3,"PARTOF":"El Salvador","SHAPE_HASH":"ead7d418be"},"geometry":{"type":"Polygon","coordinates":[[[-90.1,13.75],[-90.09,13.87],[-89.89,14.04],[-89.75,14.07],[-89.69,14.17],[-89.52,14.23],[-89.57,14.41],[-89.35,14.43],[-89.12,14.32],[-89.03,14.33],[-88.96,14.19],[-88.81,14.1],[-88.5,13.98],[-88.49,13.87],[-88.26,13.91],[-88.2,13.99],[-88.06,13.96],[-88.01,13.88],[-87.8,13.9],[-87.7,13.82],[-87.82,13.41],[-87.8,13.26],[-87.94,13.16],[-88.22,13.16],[-88.76,13.24],[-89.3,13.48],[-89.82,13.54],[-89.85,13.61],[-90.1,13.75]]]}},{"type":"Feature","properties":{"NAME":"Nicaragua","ABBREVN":"Nicaragua","SUBJECTO":"Nicaragua","BORDERPRECISION":3,"PARTOF":"Nicaragua","SHAPE_HASH":"4f965fb920"},"geometry":{"type":"Polygon","coordinates":[[[-87.31,12.98],[-87.02,12.99],[-86.92,13.08],[-86.9,13.25],[-86.7,13.3],[-86.75,13.57],[-86.76,13.75],[-86.57,13.78],[-86.33,13.76],[-86.07,14.06],[-85.79,13.84],[-85.73,13.96],[-85.44,14.12],[-85.38,14.24],[-85.16,14.34],[-85.15,14.49],[-85.03,14.58],[-85.03,14.67],[-84.91,14.81],[-84.8,14.81],[-84.69,14.68],[-84.48,14.62],[-84.2,14.72],[-83.84,14.79],[-83.38,15.02],[-83.16,14.98],[-83.35,14.9],[-83.33,14.74],[-83.21,14.45],[-83.19,14.3],[-83.4,14.01],[-83.47,13.82],[-83.55,13.45],[-83.56,13.17],[-83.5,12.9],[-83.54,12.65],[-83.5,12.39],[-83.63,12.48],[-83.74,12.48],[-83.67,12.28],[-83.68,12.05],[-83.83,11.88],[-83.7,11.84],[-83.66,11.66],[-83.76,11.55],[-83.87,11.31],[-83.81,11.08],[-83.65,10.93],[-83.65,10.82],[-83.92,10.71],[-84,10.77],[-84.19,10.78],[-84.34,10.95],[-84.67,11.08],[-84.9,10.94],[-85.61,11.21],[-85.69,11.08],[-85.79,11.11],[-85.92,11.3],[-86.18,11.52],[-86.5,11.76],[-86.72,12.09],[-86.78,12.21],[-87.02,12.35],[-87.36,12.63],[-87.44,12.73],[-87.69,12.92],[-87.59,13.05],[-87.37,12.91],[-87.31,12.98]]]}},{"type":"Feature","properties":{"NAME":"Costa Rica","ABBREVN":"Costa Rica","SUBJECTO":"Costa Rica","BORDERPRECISION":3,"PARTOF":"Costa Rica","SHAPE_HASH":"4a66bfda0e"},"geometry":{"type":"Polygon","coordinates":[[[-85.69,11.08],[-85.61,11.21],[-84.9,10.94],[-84.67,11.08],[-84.34,10.95],[-84.19,10.78],[-84,10.77],[-83.92,10.71],[-83.65,10.82],[-83.65,10.93],[-83.46,10.48],[-83.1,10.01],[-83.01,9.95],[-82.76,9.65],[-82.56,9.56],[-82.61,9.49],[-82.84,9.61],[-82.93,9.47],[-82.93,9.06],[-82.74,8.98],[-82.72,8.92],[-82.88,8.83],[-82.92,8.74],[-82.84,8.64],[-82.83,8.47],[-83.03,8.31],[-82.93,8.26],[-82.89,8.1],[-82.97,8.23],[-83.14,8.36],[-83.1,8.45],[-83.18,8.6],[-83.33,8.67],[-83.29,8.37],[-83.6,8.47],[-83.73,8.59],[-83.59,8.84],[-83.63,9.04],[-83.95,9.31],[-84.15,9.38],[-84.23,9.47],[-84.62,9.58],[-84.63,9.77],[-84.75,9.97],[-84.85,9.97],[-85.07,10.16],[-85.24,10.21],[-85.24,10.11],[-85.14,9.99],[-84.93,9.89],[-84.95,9.73],[-85.14,9.59],[-85.34,9.83],[-85.66,9.9],[-85.8,10.1],[-85.86,10.37],[-85.63,10.62],[-85.73,10.93],[-85.69,11.08]]]}},{"type":"Feature","properties":{"NAME":"Panama","ABBREVN":"Panama","SUBJECTO":"Panama","BORDERPRECISION":3,"PARTOF":"Panama","SHAPE_HASH":"127b9d51a6"},"geometry":{"type":"MultiPolygon","coordinates":[[[[-81.68,7.39],[-81.75,7.35],[-81.88,7.51],[-81.76,7.63],[-81.68,7.39]]],[[[-78.85,8.29],[-78.96,8.29],[-78.96,8.44],[-78.83,8.39],[-78.85,8.29]]],[[[-82.89,8.1],[-82.93,8.26],[-83.03,8.31],[-82.83,8.47],[-82.84,8.64],[-82.92,8.74],[-82.88,8.83],[-82.72,8.92],[-82.74,8.98],[-82.93,9.06],[-82.93,9.47],[-82.84,9.61],[-82.61,9.49],[-82.56,9.56],[-82.36,9.41],[-82.38,9.29],[-82.24,9],[-82.06,8.93],[-81.82,8.95],[-81.79,9],[-81.51,8.79],[-81.2,8.78],[-80.84,8.88],[-80.64,9.04],[-80.41,9.13],[-80.09,9.22],[-79.97,9.35],[-79.81,9.4],[-79.63,9.59],[-79.07,9.49],[-79.05,9.43],[-78.55,9.43],[-78.37,9.34],[-78.03,9.23],[-77.81,9.05],[-77.7,8.88],[-77.37,8.67],[-77.48,8.52],[-77.38,8.4],[-77.36,8.29],[-77.22,8.09],[-77.22,7.94],[-77.37,7.78],[-77.33,7.7],[-77.58,7.53],[-77.66,7.68],[-77.75,7.61],[-77.89,7.23],[-78.16,7.51],[-78.28,7.71],[-78.43,8.05],[-78.32,8.06],[-78.24,8.18],[-78.3,8.25],[-78.23,8.38],[-78.49,8.45],[-78.51,8.62],[-78.61,8.66],[-78.91,8.91],[-79.13,9.01],[-79.48,9],[-79.58,8.88],[-79.76,8.79],[-79.78,8.61],[-79.95,8.45],[-80.23,8.3],[-80.38,8.29],[-80.48,8.2],[-80.48,8.08],[-80.06,7.64],[-79.99,7.52],[-80.16,7.41],[-80.28,7.43],[-80.44,7.24],[-80.71,7.21],[-80.88,7.22],[-80.95,7.56],[-81.04,7.68],[-81.06,7.87],[-81.17,7.8],[-81.22,7.61],[-81.5,7.7],[-81.57,7.76],[-81.62,7.97],[-81.74,8.16],[-82.22,8.22],[-82.29,8.31],[-82.5,8.27],[-82.67,8.32],[-82.84,8.27],[-82.89,8.1]]]]}},{"type":"Feature","properties":{"NAME":"Colombia","ABBREVN":"Colombia","SUBJECTO":"Colombia","BORDERPRECISION":3,"PARTOF":"Colombia","SHAPE_HASH":"59215f5b57"},"geometry":{"type":"Polygon","coordinates":[[[-77.89,7.23],[-77.75,7.61],[-77.66,7.68],[-77.58,7.53],[-77.33,7.7],[-77.37,7.78],[-77.22,7.94],[-77.22,8.09],[-77.36,8.29],[-77.38,8.4],[-77.48,8.52],[-77.37,8.67],[-77.24,8.46],[-77.13,8.41],[-76.73,8.04],[-76.77,8.41],[-76.93,8.54],[-76.88,8.62],[-76.67,8.68],[-76.26,9],[-76.17,9.24],[-76.09,9.34],[-75.92,9.42],[-75.69,9.41],[-75.59,9.61],[-75.66,9.76],[-75.53,10.18],[-75.55,10.42],[-75.5,10.55],[-75.22,10.81],[-75.04,10.91],[-74.86,11.12],[-74.51,10.99],[-74.59,10.88],[-74.46,10.74],[-74.36,10.78],[-74.23,11.12],[-74.24,11.24],[-74.16,11.33],[-74.04,11.36],[-73.79,11.27],[-73.38,11.27],[-73.28,11.3],[-73.14,11.42],[-72.77,11.69],[-72.42,11.8],[-72.23,11.92],[-72.14,12.11],[-72.14,12.25],[-71.86,12.21],[-71.81,12.31],[-71.53,12.45],[-71.22,12.3],[-71.11,12.1],[-71.17,11.98],[-71.32,11.86],[-71.77,11.7],[-71.97,11.67],[-72.21,11.25],[-72.32,11.16],[-72.47,11.13],[-72.63,10.9],[-72.9,10.44],[-72.94,10.12],[-73,9.77],[-73.08,9.61],[-73.25,9.41],[-73.38,9.17],[-73.22,9.17],[-73.01,9.3],[-72.96,9.18],[-72.78,9.08],[-72.66,8.64],[-72.38,8.34],[-72.33,8.09],[-72.46,7.92],[-72.47,7.5],[-72.4,7.41],[-72.15,7.33],[-72.15,7.2],[-71.99,7.02],[-71.83,6.99],[-71.6,7.06],[-71.33,7.02],[-71.18,6.96],[-71.03,6.98],[-70.86,7.08],[-70.72,7.1],[-70.55,7.06],[-70.29,6.94],[-70.12,6.98],[-69.43,6.12],[-69.32,6.15],[-69.2,6.1],[-69.09,6.2],[-68.83,6.19],[-68.64,6.14],[-68.48,6.19],[-68.32,6.17],[-68.16,6.22],[-67.96,6.22],[-67.83,6.31],[-67.64,6.29],[-67.5,6.21],[-67.41,6],[-67.62,5.79],[-67.65,5.48],[-67.85,5.31],[-67.8,4.97],[-67.86,4.56],[-67.78,4.33],[-67.81,4.23],[-67.71,4.05],[-67.6,3.74],[-67.51,3.74],[-67.4,3.51],[-67.31,3.45],[-67.35,3.31],[-67.44,3.25],[-67.83,2.88],[-67.61,2.79],[-67.33,2.47],[-67.19,2.39],[-67.22,2.28],[-66.99,1.7],[-66.88,1.22],[-67.08,1.17],[-67.06,1.52],[-67.16,1.82],[-67.34,2.11],[-67.42,2.14],[-67.59,2.05],[-67.77,1.82],[-67.99,1.75],[-68.09,1.93],[-68.2,1.98],[-68.26,1.85],[-68.15,1.72],[-69.37,1.73],[-69.55,1.78],[-69.84,1.7],[-69.84,1.07],[-69.61,1.08],[-69.44,1.04],[-69.34,1.07],[-69.23,1],[-69.14,0.86],[-69.13,0.64],[-69.29,0.62],[-69.46,0.74],[-69.68,0.68],[-69.8,0.6],[-70.04,0.59],[-70.06,-0.16],[-69.93,-0.3],[-69.61,-0.52],[-69.57,-0.63],[-69.61,-0.76],[-69.52,-0.93],[-69.43,-1],[-69.38,-1.34],[-69.45,-1.53],[-69.64,-2.53],[-69.88,-3.92],[-69.95,-4.21],[-70.12,-4.07],[-70.18,-3.94],[-70.32,-3.8],[-70.53,-3.86],[-70.72,-3.78],[-70.07,-2.76],[-70.3,-2.5],[-70.56,-2.49],[-70.66,-2.36],[-70.86,-2.23],[-71.19,-2.36],[-71.36,-2.35],[-71.52,-2.23],[-71.81,-2.23],[-71.89,-2.38],[-71.98,-2.37],[-72.23,-2.5],[-72.59,-2.41],[-72.88,-2.51],[-73.12,-2.33],[-73.06,-2.15],[-73.09,-1.92],[-73.2,-1.81],[-73.3,-1.87],[-73.42,-1.81],[-73.51,-1.75],[-73.45,-1.61],[-73.56,-1.38],[-73.65,-1.28],[-73.84,-1.27],[-74.08,-1.07],[-74.22,-1.03],[-74.28,-0.93],[-74.39,-0.54],[-74.61,-0.38],[-74.71,-0.36],[-74.77,-0.21],[-74.94,-0.2],[-75.14,-0.05],[-75.26,-0.12],[-75.58,0.03],[-75.76,0.05],[-75.91,0.16],[-76.04,0.34],[-76.24,0.4],[-76.4,0.39],[-76.41,0.27],[-76.87,0.24],[-77.08,0.36],[-77.22,0.34],[-77.42,0.41],[-77.46,0.66],[-77.66,0.75],[-78.1,0.92],[-78.35,1.07],[-78.47,1.19],[-78.68,1.29],[-78.81,1.44],[-78.86,1.55],[-79.03,1.6],[-78.97,1.75],[-78.88,1.83],[-78.59,1.77],[-78.55,1.92],[-78.65,2.06],[-78.69,2.19],[-78.57,2.43],[-78.35,2.44],[-78.27,2.52],[-78.12,2.49],[-77.9,2.58],[-77.79,2.57],[-77.78,2.76],[-77.42,3.26],[-77.36,3.41],[-77.14,3.67],[-77.13,3.77],[-77.29,3.85],[-77.43,4.03],[-77.43,4.18],[-77.34,4.22],[-77.38,4.34],[-77.31,4.55],[-77.37,5.15],[-77.35,5.24],[-77.4,5.46],[-77.53,5.52],[-77.42,5.62],[-77.33,5.62],[-77.25,5.79],[-77.34,5.99],[-77.49,6.19],[-77.41,6.24],[-77.34,6.57],[-77.41,6.69],[-77.67,6.88],[-77.68,7.06],[-77.89,7.23]]]}},{"type":"Feature","properties":{"NAME":"Venezuela","ABBREVN":"Venezuela","SUBJECTO":"Venezuela","BORDERPRECISION":3,"PARTOF":"Venezuela","SHAPE_HASH":"071e6d695d"},"geometry":{"type":"MultiPolygon","coordinates":[[[[-66.88,1.22],[-66.99,1.7],[-67.22,2.28],[-67.19,2.39],[-67.33,2.47],[-67.61,2.79],[-67.83,2.88],[-67.44,3.25],[-67.35,3.31],[-67.31,3.45],[-67.4,3.51],[-67.51,3.74],[-67.6,3.74],[-67.71,4.05],[-67.81,4.23],[-67.78,4.33],[-67.86,4.56],[-67.8,4.97],[-67.85,5.31],[-67.65,5.48],[-67.62,5.79],[-67.41,6],[-67.5,6.21],[-67.64,6.29],[-67.83,6.31],[-67.96,6.22],[-68.16,6.22],[-68.32,6.17],[-68.48,6.19],[-68.64,6.14],[-68.83,6.19],[-69.09,6.2],[-69.2,6.1],[-69.32,6.15],[-69.43,6.12],[-70.12,6.98],[-70.29,6.94],[-70.55,7.06],[-70.72,7.1],[-70.86,7.08],[-71.03,6.98],[-71.18,6.96],[-71.33,7.02],[-71.6,7.06],[-71.83,6.99],[-71.99,7.02],[-72.15,7.2],[-72.15,7.33],[-72.4,7.41],[-72.47,7.5],[-72.46,7.92],[-72.33,8.09],[-72.38,8.34],[-72.66,8.64],[-72.78,9.08],[-72.96,9.18],[-73.01,9.3],[-73.22,9.17],[-73.38,9.17],[-73.25,9.41],[-73.08,9.61],[-73,9.77],[-72.94,10.12],[-72.9,10.44],[-72.63,10.9],[-72.47,11.13],[-72.32,11.16],[-72.21,11.25],[-71.97,11.67],[-71.77,11.7],[-71.32,11.86],[-71.48,11.71],[-71.82,11.65],[-71.95,11.59],[-71.95,11.42],[-71.74,11.03],[-71.66,10.78],[-71.58,10.72],[-71.63,10.48],[-71.76,10.37],[-71.84,10.22],[-72.13,9.82],[-71.91,9.49],[-71.73,9.38],[-71.76,9.12],[-71.62,9.04],[-71.5,9.05],[-71.24,9.16],[-71.07,9.31],[-71.09,9.54],[-71.05,9.7],[-71.07,9.85],[-71.27,10.15],[-71.39,10.28],[-71.55,10.57],[-71.53,10.73],[-71.45,10.8],[-71.41,10.98],[-71.28,10.99],[-70.89,11.19],[-70.51,11.25],[-70.03,11.44],[-69.8,11.43],[-69.74,11.5],[-69.82,11.69],[-70.18,11.6],[-70.29,11.86],[-70.19,12.11],[-70.01,12.2],[-69.93,12.17],[-69.82,11.99],[-69.8,11.79],[-69.72,11.57],[-69.63,11.47],[-69.27,11.53],[-68.84,11.45],[-68.42,11.18],[-68.24,10.87],[-68.33,10.77],[-68.25,10.59],[-68.17,10.5],[-67.87,10.46],[-67.54,10.53],[-67.28,10.55],[-67,10.61],[-66.23,10.64],[-65.94,10.3],[-65.73,10.22],[-65.08,10.06],[-64.83,10.08],[-64.58,10.26],[-64.48,10.24],[-64.37,10.38],[-64.18,10.46],[-63.81,10.44],[-63.84,10.65],[-63.53,10.63],[-63.17,10.72],[-62.91,10.7],[-62.7,10.75],[-62.19,10.69],[-61.98,10.73],[-61.95,10.65],[-62.25,10.63],[-62.33,10.53],[-62.67,10.57],[-62.83,10.54],[-62.83,10.43],[-62.61,10.22],[-62.49,10.15],[-62.3,9.72],[-62.21,9.91],[-62.05,9.98],[-61.81,9.76],[-61.77,9.83],[-61.45,9.79],[-61.26,9.59],[-60.99,9.55],[-60.8,9.38],[-61.1,8.96],[-61.25,8.58],[-61.44,8.6],[-61.6,8.56],[-61.33,8.43],[-61.17,8.5],[-61.02,8.47],[-60.98,8.56],[-60.72,8.6],[-60.47,8.53],[-60.41,8.62],[-60.24,8.63],[-59.99,8.54],[-59.88,8.4],[-59.8,8.28],[-59.98,8.17],[-60.01,8.06],[-60.12,8.03],[-60.32,7.88],[-60.51,7.82],[-60.59,7.64],[-60.72,7.54],[-60.61,7.38],[-60.62,7.19],[-60.46,7.2],[-60.28,7.12],[-60.41,6.95],[-60.64,6.83],[-60.94,6.72],[-61.13,6.71],[-61.2,6.58],[-61.14,6.41],[-61.16,6.18],[-61.39,5.94],[-60.75,5.22],[-60.71,5.21],[-60.66,5.18],[-60.58,4.95],[-60.72,4.78],[-60.89,4.71],[-60.99,4.52],[-61.31,4.51],[-61.49,4.41],[-61.55,4.25],[-61.76,4.24],[-61.85,4.16],[-61.99,4.17],[-62.14,4.09],[-62.44,4.18],[-62.6,4.04],[-62.76,4.02],[-62.78,3.91],[-62.73,3.73],[-62.78,3.6],[-62.88,3.56],[-62.99,3.6],[-63.29,3.94],[-63.42,3.97],[-63.53,3.87],[-63.64,3.95],[-63.85,3.96],[-64.05,3.91],[-64.13,4.11],[-64.38,4.15],[-64.55,4.12],[-64.71,4.14],[-64.63,3.97],[-64.45,3.79],[-64.31,3.72],[-64.19,3.59],[-64.24,3.43],[-64.21,3.19],[-63.99,2.72],[-64.03,2.47],[-63.82,2.43],[-63.37,2.42],[-63.4,2.15],[-63.61,2.11],[-63.74,2],[-63.94,1.98],[-64.05,1.89],[-64.06,1.68],[-64.11,1.58],[-64.26,1.48],[-64.39,1.51],[-64.53,1.43],[-64.6,1.33],[-64.76,1.24],[-64.82,1.28],[-65.15,1.1],[-65.19,0.93],[-65.29,0.93],[-65.39,0.84],[-65.44,0.7],[-65.58,0.73],[-65.51,0.9],[-65.6,0.99],[-65.74,0.98],[-65.98,0.8],[-66.13,0.73],[-66.34,0.77],[-66.88,1.22]]],[[[-63.8,11.02],[-63.89,10.9],[-64.06,10.86],[-64.14,10.95],[-64.41,10.97],[-64.38,11.06],[-64.22,11.09],[-64.02,11],[-63.88,11.18],[-63.8,11.02]]]]}},{"type":"Feature","properties":{"NAME":"Guyana","ABBREVN":"Guyana","SUBJECTO":"Guyana","BORDERPRECISION":3,"PARTOF":"Guyana","SHAPE_HASH":"3d03e76c2e"},"geometry":{"type":"Polygon","coordinates":[[[-60.71,5.21],[-60.75,5.22],[-61.39,5.94],[-61.16,6.18],[-61.14,6.41],[-61.2,6.58],[-61.13,6.71],[-60.94,6.72],[-60.64,6.83],[-60.41,6.95],[-60.28,7.12],[-60.46,7.2],[-60.62,7.19],[-60.61,7.38],[-60.72,7.54],[-60.59,7.64],[-60.51,7.82],[-60.32,7.88],[-60.12,8.03],[-60.01,8.06],[-59.98,8.17],[-59.8,8.28],[-59.88,8.4],[-59.76,8.41],[-59.15,8.06],[-58.64,7.57],[-58.47,7.34],[-58.48,7.01],[-58.59,6.8],[-58.55,6.68],[-58.42,6.87],[-58.32,6.89],[-57.97,6.78],[-57.88,6.67],[-57.64,6.49],[-57.52,6.29],[-57.34,6.27],[-57.18,6.11],[-57.14,5.95],[-57.18,5.64],[-57.25,5.49],[-57.32,5.3],[-57.24,5.26],[-57.33,5.03],[-57.42,4.99],[-57.68,5.01],[-57.84,4.93],[-57.92,4.82],[-57.84,4.67],[-57.95,4.29],[-58.07,4.16],[-58.04,4],[-57.88,3.81],[-57.84,3.67],[-57.65,3.52],[-57.64,3.36],[-57.43,3.35],[-57.3,3.38],[-57.28,3.14],[-57.22,3.07],[-57.2,2.82],[-57.12,2.76],[-56.94,2.48],[-56.81,2.19],[-56.68,2.03],[-56.56,2.02],[-56.47,1.94],[-56.63,1.94],[-56.77,1.88],[-57,1.92],[-57.07,2.02],[-57.24,1.95],[-57.33,1.97],[-57.56,1.7],[-57.76,1.72],[-57.97,1.61],[-58.01,1.52],[-58.3,1.58],[-58.52,1.27],[-58.69,1.28],[-58.81,1.19],[-58.92,1.3],[-59.24,1.39],[-59.51,1.69],[-59.65,1.74],[-59.75,1.86],[-59.73,2.24],[-59.89,2.36],[-59.93,2.57],[-59.99,2.69],[-59.96,3.03],[-59.81,3.36],[-59.83,3.52],[-59.67,3.71],[-59.57,3.9],[-59.58,4],[-59.71,4.17],[-59.67,4.38],[-59.94,4.51],[-60.15,4.52],[-60.03,4.71],[-59.98,5.02],[-60.11,5.25],[-60.2,5.27],[-60.32,5.2],[-60.71,5.21]]]}},{"type":"Feature","properties":{"NAME":"Surinam","ABBREVN":"Surinam","SUBJECTO":"Surinam","BORDERPRECISION":3,"PARTOF":"Surinam","SHAPE_HASH":"462ea5526b"},"geometry":{"type":"Polygon","coordinates":[[[-56.47,1.94],[-56.56,2.02],[-56.68,2.03],[-56.81,2.19],[-56.94,2.48],[-57.12,2.76],[-57.2,2.82],[-57.22,3.07],[-57.28,3.14],[-57.3,3.38],[-57.43,3.35],[-57.64,3.36],[-57.65,3.52],[-57.84,3.67],[-57.88,3.81],[-58.04,4],[-58.07,4.16],[-57.95,4.29],[-57.84,4.67],[-57.92,4.82],[-57.84,4.93],[-57.68,5.01],[-57.42,4.99],[-57.33,5.03],[-57.24,5.26],[-57.32,5.3],[-57.25,5.49],[-57.17,5.54],[-57.13,5.77],[-57.07,5.94],[-56.96,6],[-56.48,5.95],[-55.89,5.78],[-55.86,5.95],[-55.55,5.98],[-55.26,5.92],[-55.05,6],[-54.78,5.98],[-54.2,5.88],[-54.03,5.82],[-54.01,5.72],[-54.05,5.53],[-54.19,5.32],[-54.35,5.15],[-54.46,5],[-54.48,4.75],[-54.42,4.56],[-54.44,4.41],[-54.37,4.16],[-54.36,4.04],[-54.19,3.81],[-54.13,3.79],[-53.99,3.6],[-54,3.45],[-54.21,3.12],[-54.16,2.95],[-54.2,2.8],[-54.37,2.5],[-54.5,2.37],[-54.6,2.33],[-54.69,2.45],[-54.87,2.44],[-54.97,2.55],[-55.71,2.4],[-55.98,2.52],[-56.12,2.25],[-55.9,2.05],[-55.9,1.9],[-56.03,1.84],[-56.47,1.94]]]}},{"type":"Feature","properties":{"NAME":"French Guyana","ABBREVN":"French Guyana","SUBJECTO":"French Guyana","BORDERPRECISION":3,"PARTOF":"French Guyana","SHAPE_HASH":"b7be43513c"},"geometry":{"type":"Polygon","coordinates":[[[-54.35,5.15],[-54.19,5.32],[-54.05,5.53],[-54.01,5.72],[-53.89,5.75],[-53.44,5.56],[-53.28,5.56],[-53.05,5.46],[-52.95,5.46],[-52.42,4.98],[-52.3,4.95],[-52.13,4.77],[-51.8,4.61],[-51.65,4.13],[-52.09,4.4],[-52.37,4.62],[-52.91,4.98],[-53.13,5.12],[-53.49,5.2],[-53.83,5.26],[-53.86,4.94],[-54.1,4.94],[-54.18,4.97],[-54.35,5.15]]]}},{"type":"Feature","properties":{"NAME":"Ecuador","ABBREVN":"Ecuador","SUBJECTO":"Ecuador","BORDERPRECISION":3,"PARTOF":"Ecuador","SHAPE_HASH":"ed9601212b"},"geometry":{"type":"MultiPolygon","coordinates":[[[[-78.81,1.44],[-78.68,1.29],[-78.47,1.19],[-78.35,1.07],[-78.1,0.92],[-77.66,0.75],[-77.46,0.66],[-77.42,0.41],[-77.22,0.34],[-77.08,0.36],[-76.87,0.24],[-76.41,0.27],[-76.4,0.39],[-76.24,0.4],[-76.04,0.34],[-75.91,0.16],[-75.76,0.05],[-75.58,0.03],[-75.26,-0.12],[-75.14,-0.05],[-74.94,-0.2],[-74.77,-0.21],[-74.71,-0.36],[-74.61,-0.38],[-74.39,-0.54],[-74.28,-0.93],[-74.22,-1.03],[-74.08,-1.07],[-73.84,-1.27],[-73.65,-1.28],[-73.56,-1.38],[-73.45,-1.61],[-73.51,-1.75],[-73.42,-1.81],[-73.68,-2.21],[-74.92,-2.8],[-76.14,-3.36],[-76.36,-3.47],[-76.75,-3.62],[-77.3,-3.77],[-77.68,-3.83],[-77.86,-4.01],[-78.12,-4.16],[-78.4,-4.4],[-78.86,-4.66],[-78.93,-4.87],[-79.01,-4.97],[-79.29,-4.96],[-79.45,-4.8],[-79.54,-4.52],[-79.67,-4.43],[-79.82,-4.48],[-80.13,-4.28],[-80.39,-4.48],[-80.48,-4.39],[-80.45,-4.22],[-80.5,-4.05],[-80.32,-4.01],[-80.15,-3.88],[-80.26,-3.42],[-80.34,-3.38],[-80.14,-3.33],[-79.96,-3.21],[-79.88,-3.02],[-79.75,-2.48],[-80,-2.61],[-80.11,-2.51],[-80.25,-2.73],[-80.46,-2.63],[-80.68,-2.4],[-80.89,-2.32],[-80.85,-2.18],[-80.75,-2.08],[-80.73,-1.91],[-80.85,-1.59],[-80.76,-1.32],[-80.89,-1.14],[-80.91,-1.04],[-80.84,-0.93],[-80.62,-0.93],[-80.43,-0.57],[-80.5,-0.37],[-80.34,-0.19],[-80.24,-0.14],[-80.05,0.13],[-80.02,0.59],[-80.11,0.68],[-80.05,0.83],[-79.86,0.87],[-79.74,0.97],[-79.55,0.99],[-79.44,1.08],[-79.17,1.09],[-79.08,1.19],[-78.89,1.24],[-78.81,1.44]]],[[[-80.19,-3.03],[-80.27,-3.02],[-80.27,-2.86],[-80.21,-2.73],[-80,-2.67],[-79.92,-2.76],[-80.12,-2.89],[-80.19,-3.03]]],[[[-89.44,-0.94],[-89.62,-0.9],[-89.42,-0.72],[-89.26,-0.75],[-89.44,-0.94]]],[[[-91.22,-0.01],[-91.17,-0.24],[-90.96,-0.42],[-90.96,-0.55],[-90.81,-0.73],[-90.93,-0.97],[-91.17,-1.03],[-91.42,-1.02],[-91.49,-0.92],[-91.45,-0.8],[-91.31,-0.69],[-91.16,-0.68],[-91.15,-0.55],[-91.41,-0.23],[-91.42,-0.04],[-91.6,-0.01],[-91.39,0.12],[-91.22,-0.01]]],[[[-91.41,-0.46],[-91.61,-0.45],[-91.63,-0.29],[-91.48,-0.25],[-91.4,-0.33],[-91.41,-0.46]]],[[[-90.55,-0.3],[-90.6,-0.38],[-90.83,-0.34],[-90.87,-0.27],[-90.79,-0.15],[-90.64,-0.2],[-90.55,-0.3]]],[[[-90.25,-0.75],[-90.43,-0.77],[-90.54,-0.69],[-90.45,-0.51],[-90.29,-0.5],[-90.19,-0.55],[-90.25,-0.75]]]]}},{"type":"Feature","properties":{"NAME":"Peru","ABBREVN":"Peru","SUBJECTO":"Peru","BORDERPRECISION":3,"PARTOF":"Peru","SHAPE_HASH":"15d6da5d0e"},"geometry":{"type":"Polygon","coordinates":[[[-73.42,-1.81],[-73.3,-1.87],[-73.2,-1.81],[-73.09,-1.92],[-73.06,-2.15],[-73.12,-2.33],[-72.88,-2.51],[-72.59,-2.41],[-72.23,-2.5],[-71.98,-2.37],[-71.89,-2.38],[-71.81,-2.23],[-71.52,-2.23],[-71.36,-2.35],[-71.19,-2.36],[-70.86,-2.23],[-70.66,-2.36],[-70.56,-2.49],[-70.3,-2.5],[-70.07,-2.76],[-70.72,-3.78],[-70.53,-3.86],[-70.32,-3.8],[-70.18,-3.94],[-70.12,-4.07],[-69.95,-4.21],[-70.02,-4.34],[-70.2,-4.33],[-70.3,-4.25],[-70.32,-4.14],[-70.58,-4.2],[-70.76,-4.15],[-70.83,-4.19],[-70.96,-4.38],[-71.17,-4.36],[-71.65,-4.51],[-71.9,-4.52],[-72.23,-4.75],[-72.38,-4.78],[-72.4,-4.87],[-72.62,-5.02],[-72.9,-5.17],[-72.96,-5.45],[-72.96,-5.65],[-73.13,-5.88],[-73.23,-6.09],[-73.12,-6.38],[-73.22,-6.57],[-73.36,-6.58],[-73.68,-6.8],[-73.75,-6.89],[-73.8,-7.08],[-73.72,-7.22],[-73.74,-7.33],[-73.93,-7.36],[-73.96,-7.53],[-73.82,-7.73],[-73.69,-7.8],[-73.76,-7.97],[-73.65,-8.02],[-73.53,-8.35],[-73.4,-8.45],[-73.35,-8.6],[-73.18,-8.7],[-73.06,-8.9],[-72.96,-8.99],[-72.97,-9.14],[-73.2,-9.4],[-72.73,-9.41],[-72.4,-9.48],[-72.3,-9.53],[-72.26,-9.76],[-72.15,-9.89],[-72.19,-10],[-71.37,-10],[-71.18,-9.93],[-71.01,-9.82],[-70.88,-9.67],[-70.59,-9.44],[-70.6,-9.78],[-70.63,-9.83],[-70.63,-11.01],[-70.53,-10.94],[-70.33,-11.07],[-70.15,-11.03],[-69.93,-10.91],[-69.74,-10.96],[-69.57,-10.95],[-68.93,-12],[-68.68,-12.5],[-68.82,-12.73],[-68.97,-12.87],[-68.96,-13.51],[-69.06,-13.71],[-68.98,-13.97],[-68.9,-14.03],[-68.86,-14.2],[-69,-14.25],[-68.99,-14.38],[-69.24,-14.59],[-69.25,-14.69],[-69.36,-14.8],[-69.38,-14.96],[-69.14,-15.23],[-69.27,-15.33],[-69.42,-15.62],[-69.21,-16.16],[-69.14,-16.22],[-68.97,-16.21],[-68.83,-16.35],[-68.99,-16.42],[-69.04,-16.55],[-69.01,-16.66],[-69.19,-16.78],[-69.41,-17.07],[-69.62,-17.21],[-69.5,-17.38],[-69.5,-17.51],[-69.68,-17.66],[-69.81,-17.65],[-69.85,-17.75],[-69.77,-17.95],[-69.84,-18.13],[-69.96,-18.25],[-70.13,-18.32],[-70.41,-18.34],[-70.65,-18.19],[-71.02,-17.88],[-71.3,-17.71],[-71.36,-17.62],[-71.4,-17.4],[-71.54,-17.27],[-71.81,-17.2],[-71.93,-17.09],[-72.23,-16.9],[-72.36,-16.76],[-72.49,-16.69],[-72.79,-16.63],[-72.91,-16.54],[-73.23,-16.41],[-73.41,-16.3],[-73.84,-16.16],[-74.05,-15.97],[-74.42,-15.82],[-74.48,-15.72],[-75.05,-15.47],[-75.23,-15.22],[-75.4,-15.09],[-75.55,-14.89],[-75.93,-14.65],[-75.99,-14.47],[-76.09,-14.38],[-76.14,-14.23],[-76.23,-14.16],[-76.27,-13.85],[-76.2,-13.64],[-76.18,-13.46],[-76.25,-13.33],[-76.49,-13.05],[-76.52,-12.9],[-76.64,-12.75],[-76.8,-12.39],[-77.14,-12],[-77.2,-11.66],[-77.37,-11.45],[-77.65,-11.3],[-77.61,-11.18],[-77.68,-10.93],[-77.78,-10.75],[-78.07,-10.32],[-78.26,-9.87],[-78.25,-9.8],[-78.38,-9.62],[-78.41,-9.43],[-78.49,-9.33],[-78.52,-9.17],[-78.64,-9.07],[-78.73,-8.83],[-78.77,-8.59],[-78.93,-8.42],[-78.99,-8.22],[-79.16,-8.04],[-79.32,-7.92],[-79.46,-7.66],[-79.59,-7.46],[-79.58,-7.4],[-79.72,-7.12],[-79.95,-6.87],[-79.98,-6.77],[-80.12,-6.65],[-80.53,-6.43],[-80.67,-6.32],[-81.07,-6.16],[-81.17,-6.09],[-81.15,-5.86],[-80.98,-5.87],[-80.89,-5.79],[-80.87,-5.64],[-80.96,-5.44],[-81.2,-5.2],[-81.12,-4.95],[-81.36,-4.69],[-81.3,-4.55],[-81.26,-4.25],[-81.06,-4.08],[-80.99,-3.96],[-80.88,-3.89],[-80.82,-3.75],[-80.6,-3.62],[-80.53,-3.51],[-80.38,-3.48],[-80.34,-3.38],[-80.26,-3.42],[-80.15,-3.88],[-80.32,-4.01],[-80.5,-4.05],[-80.45,-4.22],[-80.48,-4.39],[-80.39,-4.48],[-80.13,-4.28],[-79.82,-4.48],[-79.67,-4.43],[-79.54,-4.52],[-79.45,-4.8],[-79.29,-4.96],[-79.01,-4.97],[-78.93,-4.87],[-78.86,-4.66],[-78.4,-4.4],[-78.12,-4.16],[-77.86,-4.01],[-77.68,-3.83],[-77.3,-3.77],[-76.75,-3.62],[-76.36,-3.47],[-76.14,-3.36],[-74.92,-2.8],[-73.68,-2.21],[-73.42,-1.81]]]}},{"type":"Feature","properties":{"NAME":"Brazil","ABBREVN":"Brazil","SUBJECTO":"Brazil","BORDERPRECISION":3,"PARTOF":"Brazil","SHAPE_HASH":"083289aba6"},"geometry":{"type":"MultiPolygon","coordinates":[[[[-69.95,-4.21],[-69.88,-3.92],[-69.64,-2.53],[-69.45,-1.53],[-69.38,-1.34],[-69.43,-1],[-69.52,-0.93],[-69.61,-0.76],[-69.57,-0.63],[-69.61,-0.52],[-69.93,-0.3],[-70.06,-0.16],[-70.04,0.59],[-69.8,0.6],[-69.68,0.68],[-69.46,0.74],[-69.29,0.62],[-69.13,0.64],[-69.14,0.86],[-69.23,1],[-69.34,1.07],[-69.44,1.04],[-69.61,1.08],[-69.84,1.07],[-69.84,1.7],[-69.55,1.78],[-69.37,1.73],[-68.15,1.72],[-68.26,1.85],[-68.2,1.98],[-68.09,1.93],[-67.99,1.75],[-67.77,1.82],[-67.59,2.05],[-67.42,2.14],[-67.34,2.11],[-67.16,1.82],[-67.06,1.52],[-67.08,1.17],[-66.88,1.22],[-66.34,0.77],[-66.13,0.73],[-65.98,0.8],[-65.74,0.98],[-65.6,0.99],[-65.51,0.9],[-65.58,0.73],[-65.44,0.7],[-65.39,0.84],[-65.29,0.93],[-65.19,0.93],[-65.15,1.1],[-64.82,1.28],[-64.76,1.24],[-64.6,1.33],[-64.53,1.43],[-64.39,1.51],[-64.26,1.48],[-64.11,1.58],[-64.06,1.68],[-64.05,1.89],[-63.94,1.98],[-63.74,2],[-63.61,2.11],[-63.4,2.15],[-63.37,2.42],[-63.82,2.43],[-64.03,2.47],[-63.99,2.72],[-64.21,3.19],[-64.24,3.43],[-64.19,3.59],[-64.31,3.72],[-64.45,3.79],[-64.63,3.97],[-64.71,4.14],[-64.55,4.12],[-64.38,4.15],[-64.13,4.11],[-64.05,3.91],[-63.85,3.96],[-63.64,3.95],[-63.53,3.87],[-63.42,3.97],[-63.29,3.94],[-62.99,3.6],[-62.88,3.56],[-62.78,3.6],[-62.73,3.73],[-62.78,3.91],[-62.76,4.02],[-62.6,4.04],[-62.44,4.18],[-62.14,4.09],[-61.99,4.17],[-61.85,4.16],[-61.76,4.24],[-61.55,4.25],[-61.49,4.41],[-61.31,4.51],[-60.99,4.52],[-60.89,4.71],[-60.72,4.78],[-60.58,4.95],[-60.66,5.18],[-60.71,5.21],[-60.32,5.2],[-60.2,5.27],[-60.11,5.25],[-59.98,5.02],[-60.03,4.71],[-60.15,4.52],[-59.94,4.51],[-59.67,4.38],[-59.71,4.17],[-59.58,4],[-59.57,3.9],[-59.67,3.71],[-59.83,3.52],[-59.81,3.36],[-59.96,3.03],[-59.99,2.69],[-59.93,2.57],[-59.89,2.36],[-59.73,2.24],[-59.75,1.86],[-59.65,1.74],[-59.51,1.69],[-59.24,1.39],[-58.92,1.3],[-58.81,1.19],[-58.69,1.28],[-58.52,1.27],[-58.3,1.58],[-58.01,1.52],[-57.97,1.61],[-57.76,1.72],[-57.56,1.7],[-57.33,1.97],[-57.24,1.95],[-57.07,2.02],[-57,1.92],[-56.77,1.88],[-56.63,1.94],[-56.47,1.94],[-56.03,1.84],[-55.9,1.9],[-55.9,2.05],[-56.12,2.25],[-55.98,2.52],[-55.71,2.4],[-54.97,2.55],[-54.87,2.44],[-54.69,2.45],[-54.6,2.33],[-54.46,2.21],[-54.11,2.11],[-53.75,2.37],[-53.53,2.25],[-53.32,2.35],[-53.23,2.26],[-52.95,2.18],[-52.68,2.37],[-52.54,2.57],[-52.55,2.62],[-52.35,3.04],[-52.34,3.16],[-52.23,3.25],[-52,3.63],[-51.93,3.78],[-51.77,3.98],[-51.64,4.05],[-51.54,4.15],[-51.55,4.39],[-51.33,4.23],[-51.2,4.07],[-51.17,3.9],[-51.08,3.89],[-51.07,3.38],[-51.02,3.11],[-50.85,2.74],[-50.68,2.16],[-50.45,1.83],[-50.19,1.83],[-49.93,1.71],[-49.88,1.45],[-49.94,1.12],[-50.24,0.89],[-50.31,0.75],[-50.45,0.66],[-50.57,0.42],[-50.76,0.2],[-50.94,0.15],[-51.1,-0.06],[-51.3,-0.19],[-51.45,-0.49],[-51.7,-0.75],[-51.71,-1.02],[-51.94,-1.2],[-51.93,-1.33],[-52.01,-1.41],[-52.23,-1.34],[-52.71,-1.6],[-52.29,-1.53],[-52.23,-1.65],[-52.02,-1.62],[-51.87,-1.55],[-51.66,-1.4],[-51.45,-1.33],[-51.25,-1.21],[-51.04,-1.05],[-51,-0.93],[-50.83,-0.93],[-50.8,-1.17],[-50.84,-1.34],[-50.81,-1.44],[-50.76,-1.55],[-50.68,-1.64],[-50.67,-1.77],[-50.78,-1.89],[-51.26,-1.75],[-50.99,-2.03],[-50.82,-1.96],[-50.68,-1.81],[-50.45,-1.86],[-50.37,-1.95],[-50.27,-1.88],[-50,-1.82],[-49.84,-1.9],[-49.57,-1.85],[-49.44,-1.75],[-49.29,-1.79],[-49.51,-2.26],[-49.43,-2.4],[-49.26,-2],[-49.17,-1.88],[-48.97,-1.84],[-48.73,-1.5],[-48.61,-1.47],[-48.5,-1.62],[-48.48,-1.3],[-48.34,-1.32],[-48.27,-1.12],[-48.31,-0.98],[-48.24,-0.87],[-48.06,-0.71],[-47.96,-0.78],[-47.77,-0.64],[-47.66,-0.74],[-47.59,-0.65],[-47.43,-0.58],[-47.29,-0.6],[-47.07,-0.75],[-46.96,-0.7],[-46.93,-0.84],[-46.63,-0.83],[-46.54,-1.03],[-46.45,-1.04],[-46.19,-0.96],[-46.16,-1.15],[-46.05,-1.21],[-45.98,-1.08],[-45.86,-1.26],[-45.72,-1.22],[-45.36,-1.34],[-45.3,-1.42],[-45.37,-1.54],[-45.37,-1.72],[-45.22,-1.68],[-45.24,-1.57],[-45.09,-1.46],[-44.83,-1.58],[-44.8,-1.7],[-44.7,-1.82],[-44.54,-1.83],[-44.49,-1.99],[-44.5,-2.15],[-44.39,-2.2],[-44.36,-2.34],[-44.58,-2.57],[-44.65,-2.77],[-44.69,-3],[-44.62,-3.11],[-44.48,-3.01],[-44.41,-2.87],[-44.37,-2.56],[-44.1,-2.41],[-43.93,-2.55],[-43.71,-2.51],[-43.45,-2.54],[-43.48,-2.38],[-43.35,-2.37],[-42.93,-2.47],[-42.71,-2.56],[-42.5,-2.73],[-42.23,-2.81],[-41.95,-2.84],[-41.87,-2.73],[-41.67,-2.88],[-41.26,-2.93],[-41.22,-2.88],[-40.79,-2.87],[-40.47,-2.8],[-40,-2.85],[-39.74,-3.02],[-39.38,-3.19],[-39.07,-3.38],[-38.99,-3.4],[-38.85,-3.54],[-38.66,-3.68],[-38.5,-3.72],[-38.34,-3.91],[-38.26,-3.95],[-38.01,-4.25],[-37.81,-4.39],[-37.71,-4.52],[-37.55,-4.64],[-37.27,-4.74],[-37.16,-4.93],[-36.88,-4.95],[-36.68,-5.1],[-36.47,-5.08],[-36.29,-5.11],[-36,-5.05],[-35.6,-5.11],[-35.41,-5.22],[-35.23,-5.58],[-35.1,-6.09],[-34.98,-6.41],[-34.95,-6.68],[-34.79,-7.17],[-34.8,-7.64],[-34.88,-7.75],[-34.82,-7.94],[-34.94,-8.34],[-35.18,-8.99],[-35.33,-9.23],[-35.62,-9.56],[-35.85,-9.78],[-36.04,-10.07],[-36.29,-10.3],[-36.4,-10.49],[-36.56,-10.55],[-37.03,-10.86],[-37.32,-11.42],[-37.42,-11.55],[-37.7,-12.13],[-37.93,-12.43],[-38,-12.58],[-38.32,-12.94],[-38.53,-13.02],[-38.48,-12.85],[-38.51,-12.73],[-38.61,-12.72],[-38.72,-12.62],[-38.76,-12.98],[-38.85,-13.17],[-38.93,-13.23],[-38.96,-13.38],[-39.06,-13.49],[-38.96,-13.69],[-39.03,-13.84],[-38.92,-14.04],[-38.99,-14.2],[-39.07,-14.65],[-39,-14.98],[-38.99,-15.26],[-38.94,-15.66],[-38.87,-15.87],[-39.01,-16.29],[-39.14,-16.94],[-39.21,-17.17],[-39.18,-17.61],[-39.13,-17.69],[-39.28,-17.87],[-39.45,-17.95],[-39.63,-18.19],[-39.71,-18.46],[-39.75,-18.71],[-39.69,-19.3],[-39.71,-19.45],[-39.81,-19.64],[-40.01,-19.74],[-40.13,-19.96],[-40.19,-20.19],[-40.42,-20.62],[-40.63,-20.83],[-40.76,-20.85],[-40.84,-21.09],[-40.96,-21.24],[-41.04,-21.58],[-40.97,-21.96],[-41.2,-22.13],[-41.58,-22.24],[-41.76,-22.35],[-41.97,-22.53],[-41.99,-22.83],[-42.15,-22.95],[-42.57,-22.94],[-42.94,-22.98],[-43.13,-22.89],[-43.03,-22.74],[-43.08,-22.67],[-43.25,-22.74],[-43.15,-22.95],[-43.29,-23.01],[-43.61,-23.02],[-43.86,-22.9],[-44.04,-22.94],[-44.24,-23.05],[-44.32,-22.92],[-44.47,-23.01],[-44.68,-23.06],[-44.71,-23.22],[-44.5,-23.29],[-44.84,-23.39],[-44.91,-23.34],[-45.06,-23.5],[-45.41,-23.63],[-45.39,-23.8],[-45.84,-23.76],[-46.13,-23.86],[-46.27,-23.99],[-46.44,-24.02],[-46.97,-24.3],[-47.01,-24.39],[-47.21,-24.56],[-47.55,-24.71],[-48.05,-25.05],[-47.91,-25.15],[-48.08,-25.31],[-48.39,-25.3],[-48.48,-25.48],[-48.38,-25.55],[-48.52,-25.78],[-48.6,-25.82],[-48.58,-26.18],[-48.76,-26.29],[-48.61,-26.44],[-48.68,-26.71],[-48.63,-26.77],[-48.61,-27.11],[-48.64,-27.65],[-48.56,-27.86],[-48.65,-28.23],[-48.84,-28.62],[-48.95,-28.65],[-49.39,-28.97],[-49.63,-29.22],[-49.9,-29.58],[-50.08,-29.9],[-50.27,-30.39],[-50.37,-30.56],[-50.75,-31.08],[-51.06,-31.41],[-51.48,-31.73],[-51.64,-31.76],[-51.41,-31.52],[-51.32,-31.52],[-51.19,-31.4],[-51.16,-31.08],[-51.01,-31.09],[-50.96,-30.93],[-50.77,-30.82],[-50.69,-30.72],[-50.69,-30.47],[-50.57,-30.46],[-50.54,-30.31],[-50.91,-30.32],[-51.13,-30.26],[-51.29,-30.29],[-51.21,-30.4],[-51.48,-30.93],[-51.51,-31.1],[-51.66,-31.22],[-51.92,-31.31],[-52.09,-31.69],[-52.22,-31.74],[-52.18,-31.94],[-52.25,-32.06],[-52.09,-32.16],[-52.23,-32.25],[-52.38,-32.5],[-52.46,-32.76],[-52.64,-33.13],[-52.74,-33.25],[-53.31,-33.71],[-53.4,-33.75],[-53.53,-33.66],[-53.5,-33.43],[-53.53,-33.2],[-53.48,-33.07],[-53.3,-32.95],[-53.1,-32.72],[-53.19,-32.63],[-53.4,-32.57],[-53.63,-32.36],[-53.66,-32.21],[-53.92,-31.94],[-54.16,-31.89],[-54.46,-31.67],[-54.47,-31.58],[-54.59,-31.46],[-54.81,-31.44],[-54.98,-31.32],[-55.09,-31.33],[-55.25,-31.23],[-55.42,-30.96],[-55.58,-30.85],[-55.84,-31.07],[-56.01,-31.07],[-56,-30.8],[-56.24,-30.56],[-56.39,-30.46],[-56.79,-30.12],[-57.07,-30.11],[-57.21,-30.29],[-57.5,-30.28],[-57.58,-30.19],[-57.33,-29.98],[-57.28,-29.81],[-57.1,-29.76],[-56.7,-29.34],[-56.62,-29.17],[-56.43,-29.07],[-56.28,-28.78],[-56.17,-28.73],[-56.01,-28.56],[-55.89,-28.37],[-55.63,-28.14],[-55.45,-28.09],[-55.32,-27.92],[-55.02,-27.83],[-54.91,-27.73],[-54.81,-27.54],[-54.69,-27.56],[-54.28,-27.42],[-54.01,-27.19],[-53.81,-27.13],[-53.7,-26.88],[-53.74,-26.7],[-53.71,-26.36],[-53.66,-26.19],[-53.83,-25.95],[-53.83,-25.8],[-53.89,-25.63],[-54.11,-25.5],[-54.45,-25.63],[-54.6,-25.57],[-54.62,-25.45],[-54.43,-25.15],[-54.45,-25.02],[-54.31,-24.6],[-54.33,-24.52],[-54.25,-24.35],[-54.34,-24.15],[-54.27,-24.07],[-54.41,-23.92],[-54.63,-23.8],[-54.92,-23.97],[-55.17,-24.02],[-55.35,-23.99],[-55.42,-23.92],[-55.43,-23.75],[-55.52,-23.61],[-55.55,-23.14],[-55.65,-22.81],[-55.61,-22.64],[-55.71,-22.57],[-55.74,-22.4],[-55.85,-22.29],[-56.2,-22.27],[-56.5,-22.09],[-56.63,-22.25],[-56.7,-22.22],[-56.88,-22.27],[-57.15,-22.2],[-57.37,-22.22],[-57.82,-22.14],[-57.99,-22.09],[-57.93,-21.66],[-57.95,-21.51],[-57.85,-21.34],[-57.81,-20.98],[-57.86,-20.73],[-57.97,-20.71],[-58.01,-20.51],[-58.14,-20.28],[-58.16,-20.17],[-57.85,-19.98],[-58.12,-19.74],[-57.78,-19.05],[-57.77,-18.91],[-57.55,-18.25],[-57.52,-18.2],[-57.72,-17.84],[-57.75,-17.59],[-57.9,-17.46],[-57.98,-17.5],[-58.39,-17.26],[-58.46,-16.9],[-58.47,-16.64],[-58.35,-16.51],[-58.33,-16.28],[-58.44,-16.33],[-59.49,-16.29],[-60.16,-16.26],[-60.23,-15.48],[-60.57,-15.1],[-60.26,-15.09],[-60.28,-14.62],[-60.48,-14.17],[-60.38,-13.99],[-60.48,-13.8],[-60.68,-13.74],[-60.96,-13.58],[-61.04,-13.49],[-61.49,-13.55],[-61.59,-13.51],[-61.81,-13.55],[-61.87,-13.45],[-62.09,-13.27],[-62.11,-13.15],[-62.38,-13.15],[-62.77,-13.01],[-62.99,-12.84],[-63.07,-12.66],[-63.25,-12.71],[-63.42,-12.65],[-63.47,-12.57],[-63.67,-12.47],[-63.8,-12.46],[-63.93,-12.55],[-64.37,-12.47],[-64.5,-12.37],[-64.52,-12.24],[-64.74,-12.15],[-64.79,-12.04],[-64.98,-12.01],[-65.06,-11.75],[-65.21,-11.71],[-65.17,-11.61],[-65.31,-11.49],[-65.4,-11.17],[-65.3,-10.99],[-65.32,-10.88],[-65.44,-10.62],[-65.44,-10.47],[-65.29,-10.22],[-65.34,-9.95],[-65.3,-9.84],[-65.44,-9.68],[-65.57,-9.84],[-65.75,-9.77],[-66.08,-9.78],[-66.44,-9.89],[-66.63,-9.91],[-66.89,-10.09],[-67.08,-10.27],[-67.33,-10.36],[-67.58,-10.5],[-67.74,-10.71],[-67.82,-10.67],[-68.02,-10.66],[-68.12,-10.76],[-68.28,-10.98],[-68.58,-11.1],[-68.77,-11.14],[-68.85,-11.02],[-69.08,-10.97],[-69.41,-10.94],[-69.57,-10.95],[-69.74,-10.96],[-69.93,-10.91],[-70.15,-11.03],[-70.33,-11.07],[-70.53,-10.94],[-70.63,-11.01],[-70.63,-9.83],[-70.6,-9.78],[-70.59,-9.44],[-70.88,-9.67],[-71.01,-9.82],[-71.18,-9.93],[-71.37,-10],[-72.19,-10],[-72.15,-9.89],[-72.26,-9.76],[-72.3,-9.53],[-72.4,-9.48],[-72.73,-9.41],[-73.2,-9.4],[-72.97,-9.14],[-72.96,-8.99],[-73.06,-8.9],[-73.18,-8.7],[-73.35,-8.6],[-73.4,-8.45],[-73.53,-8.35],[-73.65,-8.02],[-73.76,-7.97],[-73.69,-7.8],[-73.82,-7.73],[-73.96,-7.53],[-73.93,-7.36],[-73.74,-7.33],[-73.72,-7.22],[-73.8,-7.08],[-73.75,-6.89],[-73.68,-6.8],[-73.36,-6.58],[-73.22,-6.57],[-73.12,-6.38],[-73.23,-6.09],[-73.13,-5.88],[-72.96,-5.65],[-72.96,-5.45],[-72.9,-5.17],[-72.62,-5.02],[-72.4,-4.87],[-72.38,-4.78],[-72.23,-4.75],[-71.9,-4.52],[-71.65,-4.51],[-71.17,-4.36],[-70.96,-4.38],[-70.83,-4.19],[-70.76,-4.15],[-70.58,-4.2],[-70.32,-4.14],[-70.3,-4.25],[-70.2,-4.33],[-70.02,-4.34],[-69.95,-4.21]]],[[[-48.71,-26.31],[-48.54,-26.17],[-48.49,-26.24],[-48.58,-26.39],[-48.71,-26.31]]],[[[-50.81,-1.33],[-50.78,-1.15],[-50.78,-0.66],[-50.73,-0.6],[-50.7,-0.39],[-50.56,-0.18],[-50.41,-0.11],[-50.14,-0.13],[-49.65,-0.25],[-49.41,-0.22],[-49.19,-0.14],[-48.83,-0.21],[-48.41,-0.26],[-48.43,-0.44],[-48.53,-0.88],[-48.62,-0.94],[-48.63,-1.07],[-48.76,-1.23],[-48.85,-1.46],[-49.17,-1.61],[-49.38,-1.65],[-49.51,-1.63],[-49.67,-1.78],[-49.81,-1.81],[-50.05,-1.71],[-50.11,-1.75],[-50.37,-1.84],[-50.58,-1.8],[-50.65,-1.64],[-50.8,-1.44],[-50.81,-1.33]]],[[[-48.54,-27.82],[-48.5,-27.56],[-48.52,-27.43],[-48.37,-27.45],[-48.41,-27.6],[-48.54,-27.82]]],[[[-45.22,-23.78],[-45.22,-23.95],[-45.42,-23.94],[-45.44,-23.87],[-45.32,-23.73],[-45.22,-23.78]]],[[[-50.01,0.92],[-50.05,0.81],[-50.17,0.75],[-50.2,0.88],[-50.01,0.92]]],[[[-50.24,0.35],[-50.31,0.51],[-50.23,0.59],[-50.08,0.65],[-50.02,0.55],[-50.24,0.35]]],[[[-50.38,2.13],[-50.3,1.98],[-50.43,1.9],[-50.5,2.02],[-50.38,2.13]]],[[[-49.63,0.24],[-49.83,0.1],[-49.99,-0.07],[-50.1,0.01],[-50.37,0.03],[-50.39,0.19],[-50.17,0.21],[-50.06,0.29],[-49.7,0.33],[-49.63,0.24]]],[[[-50.45,-0.02],[-50.59,0.02],[-50.65,0.13],[-50.58,0.21],[-50.47,0.15],[-50.45,-0.02]]],[[[-50.42,0.21],[-50.48,0.28],[-50.43,0.54],[-50.36,0.61],[-50.34,0.25],[-50.42,0.21]]],[[[-51.88,-1.47],[-51.95,-1.42],[-51.87,-1.17],[-51.72,-1.14],[-51.65,-1.05],[-51.66,-0.9],[-51.55,-0.66],[-51.38,-0.54],[-51.2,-0.53],[-51.15,-0.66],[-51.28,-1.02],[-51.47,-1.23],[-51.8,-1.45],[-51.88,-1.47]]],[[[-51.13,-0.96],[-51.07,-0.7],[-50.86,-0.57],[-50.82,-0.69],[-50.93,-0.73],[-51.13,-0.96]]],[[[-51.34,-0.46],[-51.36,-0.41],[-51.26,-0.23],[-51.14,-0.29],[-51.34,-0.46]]],[[[-49.68,-0.15],[-49.85,-0.06],[-49.65,0.08],[-49.44,0.05],[-49.44,-0.12],[-49.68,-0.15]]],[[[-50.65,-0.01],[-50.56,-0.06],[-50.86,-0.28],[-51.02,-0.23],[-50.93,-0.09],[-50.65,-0.01]]]]}},{"type":"Feature","properties":{"NAME":"Bolivia","ABBREVN":"Bolivia","SUBJECTO":"Bolivia","BORDERPRECISION":3,"PARTOF":"Bolivia","SHAPE_HASH":"8e1983498d"},"geometry":{"type":"Polygon","coordinates":[[[-69.5,-17.51],[-69.5,-17.38],[-69.62,-17.21],[-69.41,-17.07],[-69.19,-16.78],[-69.01,-16.66],[-69.04,-16.55],[-68.99,-16.42],[-68.83,-16.35],[-68.97,-16.21],[-69.14,-16.22],[-69.21,-16.16],[-69.42,-15.62],[-69.27,-15.33],[-69.14,-15.23],[-69.38,-14.96],[-69.36,-14.8],[-69.25,-14.69],[-69.24,-14.59],[-68.99,-14.38],[-69,-14.25],[-68.86,-14.2],[-68.9,-14.03],[-68.98,-13.97],[-69.06,-13.71],[-68.96,-13.51],[-68.97,-12.87],[-68.82,-12.73],[-68.68,-12.5],[-68.93,-12],[-69.57,-10.95],[-69.41,-10.94],[-69.08,-10.97],[-68.85,-11.02],[-68.77,-11.14],[-68.58,-11.1],[-68.28,-10.98],[-68.12,-10.76],[-68.02,-10.66],[-67.82,-10.67],[-67.74,-10.71],[-67.58,-10.5],[-67.33,-10.36],[-67.08,-10.27],[-66.89,-10.09],[-66.63,-9.91],[-66.44,-9.89],[-66.08,-9.78],[-65.75,-9.77],[-65.57,-9.84],[-65.44,-9.68],[-65.3,-9.84],[-65.34,-9.95],[-65.29,-10.22],[-65.44,-10.47],[-65.44,-10.62],[-65.32,-10.88],[-65.3,-10.99],[-65.4,-11.17],[-65.31,-11.49],[-65.17,-11.61],[-65.21,-11.71],[-65.06,-11.75],[-64.98,-12.01],[-64.79,-12.04],[-64.74,-12.15],[-64.52,-12.24],[-64.5,-12.37],[-64.37,-12.47],[-63.93,-12.55],[-63.8,-12.46],[-63.67,-12.47],[-63.47,-12.57],[-63.42,-12.65],[-63.25,-12.71],[-63.07,-12.66],[-62.99,-12.84],[-62.77,-13.01],[-62.38,-13.15],[-62.11,-13.15],[-62.09,-13.27],[-61.87,-13.45],[-61.81,-13.55],[-61.59,-13.51],[-61.49,-13.55],[-61.04,-13.49],[-60.96,-13.58],[-60.68,-13.74],[-60.48,-13.8],[-60.38,-13.99],[-60.48,-14.17],[-60.28,-14.62],[-60.26,-15.09],[-60.57,-15.1],[-60.23,-15.48],[-60.16,-16.26],[-59.49,-16.29],[-58.44,-16.33],[-58.33,-16.28],[-58.35,-16.51],[-58.47,-16.64],[-58.46,-16.9],[-58.39,-17.26],[-57.98,-17.5],[-57.9,-17.46],[-57.75,-17.59],[-57.72,-17.84],[-57.52,-18.2],[-57.55,-18.25],[-57.77,-18.91],[-57.78,-19.05],[-58.12,-19.74],[-57.85,-19.98],[-58.16,-20.17],[-58.15,-19.83],[-59.1,-19.35],[-59.98,-19.3],[-60.61,-19.46],[-61.74,-19.64],[-61.91,-20.08],[-62.27,-20.56],[-62.26,-21.06],[-62.63,-22.22],[-62.65,-22.24],[-62.77,-22.15],[-62.82,-22],[-63.94,-22],[-64.13,-22.41],[-64.28,-22.65],[-64.3,-22.83],[-64.45,-22.64],[-64.46,-22.51],[-64.59,-22.21],[-64.99,-22.09],[-65.75,-22.11],[-65.93,-21.93],[-66.08,-21.83],[-66.24,-21.8],[-66.35,-22.12],[-66.74,-22.23],[-66.77,-22.43],[-67.02,-22.52],[-67.01,-22.63],[-67.18,-22.82],[-67.58,-22.9],[-67.88,-22.83],[-67.85,-22.55],[-67.93,-22.3],[-67.94,-22.1],[-68.09,-21.96],[-68.09,-21.82],[-68.19,-21.61],[-68.19,-21.3],[-68.42,-20.94],[-68.53,-20.93],[-68.56,-20.73],[-68.47,-20.63],[-68.69,-20.5],[-68.7,-20.34],[-68.78,-20.09],[-68.58,-20.05],[-68.52,-19.92],[-68.69,-19.7],[-68.44,-19.43],[-68.9,-19.06],[-68.93,-18.88],[-69.02,-18.66],[-69.02,-18.48],[-69.14,-18.13],[-69.07,-18.04],[-69.29,-17.98],[-69.36,-17.75],[-69.49,-17.63],[-69.5,-17.51]]]}},{"type":"Feature","properties":{"NAME":"Paraguay","ABBREVN":"Paraguay","SUBJECTO":"Paraguay","BORDERPRECISION":3,"PARTOF":"Paraguay","SHAPE_HASH":"be107491a1"},"geometry":{"type":"Polygon","coordinates":[[[-58.16,-20.17],[-58.14,-20.28],[-58.01,-20.51],[-57.97,-20.71],[-57.86,-20.73],[-57.81,-20.98],[-57.85,-21.34],[-57.95,-21.51],[-57.93,-21.66],[-57.99,-22.09],[-57.82,-22.14],[-57.37,-22.22],[-57.15,-22.2],[-56.88,-22.27],[-56.7,-22.22],[-56.63,-22.25],[-56.5,-22.09],[-56.2,-22.27],[-55.85,-22.29],[-55.74,-22.4],[-55.71,-22.57],[-55.61,-22.64],[-55.65,-22.81],[-55.55,-23.14],[-55.52,-23.61],[-55.43,-23.75],[-55.42,-23.92],[-55.35,-23.99],[-55.17,-24.02],[-54.92,-23.97],[-54.63,-23.8],[-54.41,-23.92],[-54.27,-24.07],[-54.34,-24.15],[-54.25,-24.35],[-54.33,-24.52],[-54.31,-24.6],[-54.45,-25.02],[-54.43,-25.15],[-54.62,-25.45],[-54.6,-25.57],[-54.6,-25.94],[-54.66,-25.98],[-54.64,-26.21],[-54.69,-26.43],[-54.95,-26.77],[-55.25,-26.94],[-55.42,-26.99],[-55.55,-27.11],[-55.6,-27.34],[-55.73,-27.44],[-55.89,-27.33],[-56.14,-27.31],[-56.4,-27.58],[-56.55,-27.45],[-56.73,-27.51],[-56.88,-27.42],[-57.08,-27.49],[-57.62,-27.37],[-57.73,-27.31],[-58.01,-27.27],[-58.51,-27.29],[-58.65,-27.19],[-58.39,-26.91],[-58.32,-26.87],[-58.18,-26.66],[-58.21,-26.42],[-58.14,-26.21],[-57.86,-26],[-57.9,-25.96],[-57.75,-25.74],[-57.58,-25.55],[-57.63,-25.39],[-57.76,-25.17],[-57.88,-25.08],[-58.18,-24.98],[-58.35,-24.97],[-58.45,-24.86],[-58.81,-24.78],[-58.94,-24.69],[-59.34,-24.49],[-59.47,-24.35],[-60.04,-24.01],[-60.28,-24.04],[-60.58,-23.95],[-60.61,-23.89],[-61.01,-23.81],[-61.11,-23.61],[-61.45,-23.42],[-61.99,-23.01],[-62.15,-22.76],[-62.29,-22.5],[-62.52,-22.37],[-62.65,-22.24],[-62.63,-22.22],[-62.26,-21.06],[-62.27,-20.56],[-61.91,-20.08],[-61.74,-19.64],[-60.61,-19.46],[-59.98,-19.3],[-59.1,-19.35],[-58.15,-19.83],[-58.16,-20.17]]]}},{"type":"Feature","properties":{"NAME":"Chile","ABBREVN":"Chile","SUBJECTO":"Chile","BORDERPRECISION":3,"PARTOF":"Chile","SHAPE_HASH":"0cbed648ba"},"geometry":{"type":"MultiPolygon","coordinates":[[[[-67.78,-54.92],[-67.39,-54.92],[-67.19,-54.96],[-67.06,-55.07],[-67.24,-55.31],[-68.15,-55.21],[-68.21,-54.91],[-67.78,-54.92]]],[[[-69.68,-55.23],[-70.01,-55.13],[-69.79,-55.05],[-69.19,-54.99],[-68.83,-54.98],[-68.51,-54.93],[-68.34,-55],[-68.38,-55.19],[-68.21,-55.29],[-68.17,-55.47],[-67.98,-55.67],[-68.1,-55.72],[-68.36,-55.48],[-68.97,-55.43],[-69.03,-55.27],[-69.27,-55.23],[-69.49,-55.41],[-69.7,-55.31],[-69.68,-55.23]]],[[[-70.51,-54.97],[-70.26,-55.11],[-70.53,-55.21],[-71.01,-55.05],[-70.88,-54.94],[-70.51,-54.97]]],[[[-69.92,-54.98],[-69.69,-54.87],[-69.37,-54.91],[-69.5,-55.01],[-69.91,-55.04],[-69.92,-54.98]]],[[[-71.26,-54.08],[-71.01,-54.1],[-70.99,-54.27],[-71.11,-54.38],[-71.66,-54.23],[-71.64,-54.11],[-71.66,-53.99],[-71.47,-53.94],[-71.26,-54.08]]],[[[-72.32,-54.26],[-72.51,-54.2],[-72.33,-54.07],[-72.21,-54.15],[-72.32,-54.26]]],[[[-73.89,-41.82],[-73.5,-41.84],[-73.53,-41.97],[-73.39,-42.19],[-73.39,-42.31],[-73.68,-42.38],[-73.81,-42.61],[-73.5,-42.8],[-73.65,-42.94],[-73.5,-43.09],[-73.74,-43.12],[-73.71,-43.37],[-74.28,-43.31],[-74.41,-43.25],[-74.18,-42.89],[-74.14,-42.65],[-74.21,-42.5],[-74.17,-42.23],[-74.08,-42.14],[-74.01,-41.91],[-73.89,-41.82]]],[[[-73.37,-44.8],[-73.46,-44.65],[-73.28,-44.58],[-73.22,-44.42],[-72.99,-44.37],[-72.72,-44.54],[-72.87,-44.74],[-73.06,-44.87],[-73.28,-44.94],[-73.37,-44.8]]],[[[-73.86,-43.76],[-73.76,-43.89],[-74.02,-43.92],[-74.15,-43.82],[-73.86,-43.76]]],[[[-74.32,-47.98],[-74.5,-47.92],[-74.27,-47.8],[-73.9,-47.89],[-74.32,-47.98]]],[[[-74.8,-46.03],[-74.92,-46.11],[-75.06,-45.99],[-74.8,-45.82],[-74.8,-46.03]]],[[[-73.98,-44.98],[-74.35,-44.98],[-74.19,-44.87],[-73.96,-44.91],[-73.98,-44.98]]],[[[-73.85,-45],[-73.72,-45.1],[-73.83,-45.24],[-73.98,-45.25],[-74.24,-45.08],[-73.85,-45]]],[[[-74.4,-45.77],[-74.46,-45.51],[-74.26,-45.52],[-74.23,-45.68],[-74.4,-45.77]]],[[[-73.63,-45.75],[-73.78,-45.67],[-73.71,-45.45],[-73.58,-45.51],[-73.63,-45.75]]],[[[-73.6,-44.71],[-73.76,-44.74],[-73.82,-44.58],[-73.66,-44.56],[-73.6,-44.71]]],[[[-74.21,-44.78],[-74.33,-44.79],[-74.41,-44.63],[-74,-44.61],[-73.88,-44.69],[-74.21,-44.78]]],[[[-75.03,-50.19],[-75.06,-50.3],[-75.2,-50.43],[-75.44,-50.37],[-75.16,-50.17],[-75.03,-50.19]]],[[[-75.31,-49.67],[-75.43,-49.77],[-75.59,-49.79],[-75.56,-49.63],[-75.31,-49.67]]],[[[-75.29,-49.09],[-75.52,-49.27],[-75.65,-49.22],[-75.35,-48.99],[-75.29,-49.09]]],[[[-74.89,-49.13],[-75.05,-49.21],[-75.24,-49.15],[-75.12,-49.02],[-74.89,-49.13]]],[[[-74.61,-48.46],[-74.62,-48.69],[-74.93,-48.63],[-75.03,-48.51],[-74.8,-48.38],[-74.61,-48.46]]],[[[-74.54,-48.71],[-74.44,-49.22],[-74.52,-49.54],[-74.42,-49.68],[-74.47,-49.93],[-74.63,-50.05],[-74.77,-50.05],[-74.91,-49.93],[-75.14,-49.85],[-75.3,-49.63],[-75.29,-49.5],[-75.43,-49.46],[-75.47,-49.32],[-75.06,-49.22],[-74.92,-49.34],[-74.83,-49.1],[-74.97,-48.99],[-75.05,-48.8],[-74.74,-48.68],[-74.54,-48.71]]],[[[-75.28,-48.89],[-75.5,-49.05],[-75.63,-48.98],[-75.63,-48.86],[-75.28,-48.89]]],[[[-74.84,-48.37],[-75.05,-48.44],[-75.26,-48.1],[-75.04,-48.1],[-74.81,-48.18],[-74.84,-48.37]]],[[[-75.32,-48.55],[-75.49,-48.69],[-75.67,-48.59],[-75.62,-48.45],[-75.34,-48.44],[-75.32,-48.55]]],[[[-75.32,-48.48],[-75.3,-48.44],[-75.4,-48.4],[-75.52,-48.42],[-75.58,-48.09],[-75.34,-48.01],[-75.2,-48.34],[-75.08,-48.51],[-75.08,-48.62],[-75.24,-48.71],[-75.32,-48.48]]],[[[-74.81,-47.9],[-74.81,-48.04],[-74.96,-48.06],[-75.05,-47.94],[-74.81,-47.9]]],[[[-68.62,-52.65],[-68.63,-54],[-68.64,-54.79],[-68.64,-54.8],[-68.64,-54.89],[-69.11,-54.95],[-69.74,-54.81],[-70.25,-54.86],[-70.32,-54.79],[-70.63,-54.81],[-70.93,-54.72],[-71.49,-54.69],[-71.68,-54.61],[-71.6,-54.41],[-71.36,-54.37],[-70.97,-54.47],[-70.81,-54.27],[-70.92,-54.14],[-70.34,-54.32],[-70.06,-54.25],[-69.85,-54.33],[-69.39,-54.39],[-69.23,-54.47],[-68.99,-54.43],[-69.57,-54.23],[-69.88,-54.17],[-70.07,-54.08],[-70.18,-53.77],[-69.91,-53.65],[-69.77,-53.65],[-69.37,-53.51],[-69.38,-53.33],[-69.89,-53.35],[-70.2,-53.47],[-70.45,-53.36],[-70.46,-53.04],[-70.17,-53.01],[-70.1,-52.92],[-70.37,-52.74],[-70.17,-52.72],[-70.01,-52.83],[-69.74,-52.76],[-69.61,-52.64],[-69.61,-52.53],[-69.42,-52.46],[-69.22,-52.65],[-69.11,-52.69],[-68.81,-52.58],[-68.62,-52.65]]],[[[-70.41,-18.34],[-70.13,-18.32],[-69.96,-18.25],[-69.84,-18.13],[-69.77,-17.95],[-69.85,-17.75],[-69.81,-17.65],[-69.68,-17.66],[-69.5,-17.51],[-69.49,-17.63],[-69.36,-17.75],[-69.29,-17.98],[-69.07,-18.04],[-69.14,-18.13],[-69.02,-18.48],[-69.02,-18.66],[-68.93,-18.88],[-68.9,-19.06],[-68.44,-19.43],[-68.69,-19.7],[-68.52,-19.92],[-68.58,-20.05],[-68.78,-20.09],[-68.7,-20.34],[-68.69,-20.5],[-68.47,-20.63],[-68.56,-20.73],[-68.53,-20.93],[-68.42,-20.94],[-68.19,-21.3],[-68.19,-21.61],[-68.09,-21.82],[-68.09,-21.96],[-67.94,-22.1],[-67.93,-22.3],[-67.85,-22.55],[-67.88,-22.83],[-67.58,-22.9],[-67.18,-22.82],[-67,-23],[-67.15,-23.39],[-67.34,-24.02],[-68.25,-24.4],[-68.39,-24.5],[-68.57,-24.78],[-68.36,-25.12],[-68.49,-25.17],[-68.6,-25.5],[-68.5,-25.72],[-68.4,-26.16],[-68.55,-26.28],[-68.58,-26.51],[-68.29,-26.91],[-68.32,-27.02],[-68.65,-27.14],[-68.81,-27.12],[-68.9,-27.36],[-69.11,-27.73],[-69.19,-27.97],[-69.3,-28],[-69.35,-28.13],[-69.66,-28.4],[-69.67,-28.58],[-69.75,-28.67],[-69.72,-28.8],[-69.84,-29.13],[-70.03,-29.29],[-69.92,-29.72],[-69.92,-30],[-69.83,-30.14],[-69.94,-30.37],[-70.13,-30.44],[-70.27,-30.68],[-70.33,-30.93],[-70.3,-31.03],[-70.52,-31.16],[-70.59,-31.56],[-70.43,-31.87],[-70.24,-31.94],[-70.35,-32.09],[-70.31,-32.28],[-70.24,-32.31],[-70.15,-32.51],[-70.14,-32.76],[-69.99,-32.88],[-70.1,-33.05],[-70.1,-33.18],[-69.8,-33.28],[-69.77,-33.39],[-69.87,-33.56],[-69.91,-33.78],[-69.82,-34.23],[-70.05,-34.29],[-70.05,-34.4],[-70.23,-34.66],[-70.36,-35],[-70.36,-35.14],[-70.54,-35.21],[-70.42,-35.36],[-70.42,-35.63],[-70.34,-35.81],[-70.41,-35.89],[-70.4,-36.08],[-70.59,-36.16],[-70.7,-36.27],[-70.71,-36.41],[-71.03,-36.48],[-71.19,-36.85],[-71.11,-37.11],[-71.2,-37.3],[-71.11,-37.46],[-71.18,-37.7],[-71,-38.07],[-70.97,-38.42],[-70.83,-38.56],[-70.86,-38.69],[-71.36,-38.89],[-71.42,-38.96],[-71.39,-39.24],[-71.49,-39.6],[-71.71,-39.63],[-71.63,-39.95],[-71.82,-40.2],[-71.66,-40.33],[-71.78,-40.41],[-71.86,-40.64],[-71.95,-40.73],[-71.85,-40.91],[-71.84,-41.06],[-71.9,-41.36],[-71.85,-41.55],[-71.91,-41.65],[-71.79,-41.86],[-71.73,-42.1],[-71.91,-42.18],[-72.04,-42.15],[-72.13,-42.29],[-72.04,-42.37],[-72.14,-42.59],[-72.1,-42.85],[-72.14,-43.01],[-72,-43.12],[-71.74,-43.18],[-71.73,-43.28],[-71.9,-43.33],[-71.94,-43.45],[-71.7,-43.6],[-71.81,-43.76],[-71.65,-43.92],[-71.78,-44.08],[-71.78,-44.41],[-71.4,-44.4],[-71.2,-44.43],[-71.11,-44.54],[-71.34,-44.8],[-71.52,-44.74],[-71.84,-44.79],[-72.05,-44.75],[-72.07,-44.9],[-71.58,-44.98],[-71.3,-45.31],[-71.47,-45.48],[-71.75,-45.56],[-71.79,-45.73],[-71.75,-45.85],[-71.6,-45.98],[-71.77,-46.12],[-71.69,-46.7],[-71.94,-46.82],[-71.98,-47.03],[-71.86,-47.14],[-72.16,-47.41],[-72.31,-47.43],[-72.33,-47.6],[-72.54,-47.92],[-72.32,-48.08],[-72.29,-48.35],[-72.6,-48.49],[-72.55,-48.78],[-72.78,-48.94],[-72.98,-48.98],[-73.18,-49.22],[-73.14,-49.3],[-73.46,-49.31],[-73.58,-49.54],[-73.45,-49.79],[-73.55,-49.94],[-73.47,-50],[-73.52,-50.15],[-73.35,-50.24],[-73.27,-50.36],[-73.18,-50.74],[-73.05,-50.76],[-72.77,-50.62],[-72.49,-50.6],[-72.24,-50.85],[-72.27,-51.01],[-72.4,-51.11],[-72.25,-51.24],[-72.4,-51.51],[-72.29,-51.7],[-71.96,-51.85],[-71.91,-52],[-70,-52],[-69.46,-52.14],[-69.23,-52.14],[-68.83,-52.28],[-68.51,-52.32],[-68.94,-52.29],[-69.15,-52.21],[-69.48,-52.29],[-69.49,-52.38],[-69.68,-52.53],[-69.81,-52.5],[-70.17,-52.59],[-70.5,-52.7],[-70.81,-52.73],[-70.81,-52.99],[-70.95,-53.19],[-70.99,-53.39],[-70.94,-53.56],[-70.98,-53.76],[-71.28,-53.89],[-71.7,-53.81],[-72.12,-53.69],[-72.45,-53.4],[-72.28,-53.25],[-72.02,-53.27],[-71.33,-53.1],[-71.13,-52.89],[-71.35,-52.79],[-71.9,-53],[-72.02,-53.12],[-72.42,-53.25],[-72.52,-53.37],[-72.4,-53.5],[-72.5,-53.55],[-73.3,-53.16],[-72.94,-53.16],[-72.88,-53.03],[-72.96,-52.86],[-72.72,-52.75],[-72.42,-52.81],[-72.17,-52.65],[-72.01,-52.63],[-71.72,-52.69],[-71.64,-52.56],[-72.13,-52.51],[-72.55,-52.54],[-72.75,-52.73],[-73.01,-52.85],[-72.98,-53.06],[-73.2,-53.11],[-73.45,-53],[-73.23,-52.79],[-73.39,-52.59],[-73.56,-52.69],[-73.67,-52.42],[-73.46,-52.17],[-73.26,-52.22],[-73.17,-52.11],[-72.99,-52.07],[-72.86,-51.96],[-72.69,-51.99],[-72.46,-51.92],[-72.57,-51.79],[-72.72,-51.84],[-73.24,-51.61],[-73.23,-51.71],[-73.03,-51.75],[-72.93,-51.86],[-73.14,-51.94],[-73.18,-52.09],[-73.35,-52.16],[-73.55,-52.06],[-73.79,-51.64],[-73.91,-51.62],[-73.9,-51.38],[-73.7,-51.42],[-73.78,-51.22],[-74.13,-51.19],[-74.25,-50.93],[-74.12,-50.77],[-74.29,-50.43],[-74.69,-50.21],[-74.64,-50.12],[-74.35,-50.09],[-74.32,-49.62],[-74.24,-49.57],[-74.4,-49.34],[-74.4,-48.96],[-74.45,-48.85],[-74.4,-48.61],[-74.11,-48.39],[-74.49,-48.13],[-74.65,-48.08],[-74.53,-47.96],[-74.35,-48.02],[-74.08,-48],[-73.77,-48.03],[-73.57,-47.91],[-73.71,-47.78],[-73.93,-47.85],[-74.06,-47.79],[-74.39,-47.75],[-74.55,-47.78],[-74.74,-47.71],[-74.54,-47.55],[-74.47,-47.37],[-74.32,-47.22],[-74.13,-47.21],[-73.94,-47.03],[-74.14,-46.99],[-74.34,-46.77],[-74.62,-46.79],[-74.57,-46.9],[-75.01,-46.75],[-75.19,-46.63],[-75.42,-46.72],[-75.34,-46.88],[-75.57,-46.94],[-75.71,-46.79],[-75.7,-46.63],[-75.52,-46.55],[-75.09,-46.22],[-74.96,-46.22],[-74.82,-46.11],[-74.67,-45.83],[-74.16,-45.8],[-74.06,-45.98],[-73.76,-46.24],[-73.81,-46.39],[-73.99,-46.56],[-73.83,-46.58],[-73.62,-46.08],[-73.67,-45.98],[-73.48,-45.72],[-73.57,-45.69],[-73.51,-45.46],[-73.4,-45.38],[-73.45,-45.2],[-73.31,-45.15],[-73.4,-45.03],[-72.94,-44.87],[-72.77,-44.75],[-72.61,-44.47],[-72.74,-44.46],[-72.93,-44.32],[-73.18,-44.25],[-73.28,-44.11],[-73.14,-44.02],[-73.02,-43.81],[-73.04,-43.58],[-73.12,-43.44],[-73.08,-43.31],[-72.91,-43.24],[-72.89,-43.04],[-72.75,-43.05],[-72.74,-42.91],[-72.86,-42.76],[-72.82,-42.5],[-72.68,-42.48],[-72.85,-42.29],[-72.57,-42.2],[-72.49,-42.12],[-72.62,-42.02],[-72.87,-41.93],[-72.65,-41.73],[-72.81,-41.52],[-72.94,-41.48],[-73.11,-41.58],[-73.06,-41.7],[-73.23,-41.79],[-73.5,-41.81],[-73.75,-41.75],[-73.67,-41.62],[-73.87,-41.48],[-73.86,-41.34],[-73.95,-41.18],[-73.99,-40.97],[-73.83,-40.62],[-73.75,-40.51],[-73.78,-40.42],[-73.73,-40.18],[-73.66,-40.11],[-73.68,-39.94],[-73.38,-39.85],[-73.38,-39.74],[-73.22,-39.42],[-73.23,-39.24],[-73.46,-38.69],[-73.54,-38.42],[-73.45,-38.06],[-73.54,-37.88],[-73.67,-37.73],[-73.69,-37.6],[-73.61,-37.52],[-73.68,-37.35],[-73.64,-37.2],[-73.44,-37.24],[-73.23,-37.19],[-73.16,-37.06],[-73.13,-36.68],[-72.98,-36.7],[-72.84,-36.33],[-72.8,-35.98],[-72.6,-35.82],[-72.65,-35.57],[-72.52,-35.49],[-72.42,-35.27],[-72.23,-35.12],[-72.19,-34.89],[-72.06,-34.65],[-72.05,-34.42],[-71.98,-34.35],[-72.02,-34.14],[-71.87,-33.93],[-71.81,-33.77],[-71.68,-33.72],[-71.64,-33.55],[-71.76,-33.11],[-71.57,-33.01],[-71.44,-32.63],[-71.41,-32.39],[-71.54,-32.19],[-71.51,-31.77],[-71.67,-31.13],[-71.65,-30.99],[-71.7,-30.76],[-71.68,-30.34],[-71.51,-30.28],[-71.39,-30.16],[-71.29,-29.91],[-71.34,-29.75],[-71.31,-29.42],[-71.34,-29.32],[-71.48,-29.22],[-71.5,-28.87],[-71.3,-28.67],[-71.28,-28.56],[-71.16,-28.35],[-71.14,-27.96],[-71.08,-27.78],[-70.91,-27.62],[-70.89,-27.49],[-70.97,-27.18],[-70.79,-26.99],[-70.82,-26.87],[-70.7,-26.6],[-70.64,-26.3],[-70.63,-26.04],[-70.73,-25.82],[-70.63,-25.57],[-70.45,-25.37],[-70.43,-25.2],[-70.5,-25.09],[-70.5,-24.96],[-70.58,-24.72],[-70.55,-24.33],[-70.5,-24.11],[-70.5,-23.78],[-70.39,-23.6],[-70.41,-23.5],[-70.62,-23.5],[-70.57,-23.07],[-70.42,-23.07],[-70.29,-22.89],[-70.31,-22.79],[-70.22,-22.16],[-70.15,-21.77],[-70.05,-21.43],[-70.07,-21.3],[-70.17,-21.01],[-70.13,-20.93],[-70.21,-20.8],[-70.16,-20.21],[-70.12,-19.97],[-70.17,-19.64],[-70.28,-19.29],[-70.27,-19.14],[-70.34,-18.83],[-70.35,-18.63],[-70.31,-18.44],[-70.41,-18.34]]],[[[-73.42,-53.56],[-73.38,-53.46],[-73.1,-53.51],[-73.08,-53.4],[-72.79,-53.48],[-72.67,-53.6],[-72.49,-53.57],[-72.37,-53.69],[-72.14,-53.8],[-72.32,-54],[-72.54,-54.1],[-72.82,-54.14],[-72.73,-53.85],[-73.01,-53.87],[-73.22,-53.99],[-73.38,-53.72],[-73.42,-53.56]]],[[[-74.36,-52.95],[-74.13,-52.94],[-73.3,-53.26],[-73.51,-53.29],[-73.89,-53.06],[-74.3,-53.1],[-74.36,-52.95]]],[[[-73.81,-52.7],[-73.92,-52.73],[-74.05,-52.57],[-73.83,-52.43],[-73.67,-52.48],[-73.81,-52.7]]],[[[-71.69,-54],[-71.65,-54.09],[-71.84,-54.34],[-72.2,-54.1],[-71.95,-53.85],[-71.66,-53.92],[-71.69,-54]]],[[[-70.52,-54.2],[-70.7,-54.18],[-70.88,-54.05],[-70.89,-53.87],[-70.49,-53.72],[-70.35,-54.02],[-70.58,-54.04],[-70.52,-54.2]]],[[[-74.67,-50.87],[-74.93,-50.85],[-74.96,-50.73],[-74.75,-50.7],[-74.67,-50.87]]],[[[-75.1,-50.51],[-75.28,-50.61],[-75.27,-50.75],[-75.45,-50.77],[-75.51,-50.65],[-75.37,-50.59],[-75.39,-50.46],[-75.1,-50.51]]],[[[-74.42,-51.06],[-74.49,-51],[-74.72,-51.11],[-74.89,-51.06],[-74.93,-50.89],[-74.69,-50.92],[-74.62,-50.78],[-74.41,-50.84],[-74.42,-51.06]]],[[[-74.54,-51.28],[-74.54,-51.36],[-74.79,-51.43],[-74.96,-51.32],[-74.79,-51.21],[-74.61,-51.19],[-74.54,-51.28]]],[[[-74.77,-52.09],[-74.74,-51.83],[-74.6,-51.85],[-74.77,-52.09]]],[[[-74.78,-51.82],[-74.88,-52.05],[-75.06,-51.97],[-74.78,-51.82]]],[[[-74.14,-51.95],[-74.43,-51.85],[-74.37,-51.74],[-74.09,-51.88],[-74.14,-51.95]]],[[[-74.06,-51.55],[-73.93,-51.77],[-74.2,-51.73],[-74.06,-51.55]]],[[[-75,-51.4],[-75.23,-51.47],[-75.22,-51.33],[-75,-51.4]]],[[[-73.69,-52.21],[-74.11,-52],[-74.03,-51.92],[-73.77,-52.07],[-73.69,-52.21]]],[[[-74.56,-50.42],[-74.36,-50.49],[-74.18,-50.77],[-74.32,-50.81],[-74.51,-50.74],[-74.57,-50.62],[-74.43,-50.53],[-74.56,-50.42]]]]}},{"type":"Feature","properties":{"NAME":"Argentina","ABBREVN":"Argentina","SUBJECTO":"Argentina","BORDERPRECISION":3,"PARTOF":"Argentina","SHAPE_HASH":"bec5534c54"},"geometry":{"type":"MultiPolygon","coordinates":[[[[-63.82,-54.72],[-64.26,-54.83],[-64.34,-54.73],[-63.82,-54.72]]],[[[-68.64,-54.79],[-68.63,-54],[-68.62,-52.65],[-68.26,-52.99],[-68.54,-53.13],[-68.43,-53.29],[-68.16,-53.3],[-67.97,-53.61],[-67.59,-53.83],[-67.56,-53.92],[-67.36,-54.03],[-66.69,-54.3],[-66.55,-54.41],[-66.24,-54.54],[-65.67,-54.67],[-65.14,-54.65],[-65.34,-54.92],[-65.94,-54.9],[-66.01,-54.95],[-66.65,-55.02],[-66.82,-54.94],[-67.49,-54.88],[-67.71,-54.89],[-68.25,-54.82],[-68.52,-54.86],[-68.64,-54.79]]],[[[-54.6,-25.57],[-54.45,-25.63],[-54.11,-25.5],[-53.89,-25.63],[-53.83,-25.8],[-53.83,-25.95],[-53.66,-26.19],[-53.71,-26.36],[-53.74,-26.7],[-53.7,-26.88],[-53.81,-27.13],[-54.01,-27.19],[-54.28,-27.42],[-54.69,-27.56],[-54.81,-27.54],[-54.91,-27.73],[-55.02,-27.83],[-55.32,-27.92],[-55.45,-28.09],[-55.63,-28.14],[-55.89,-28.37],[-56.01,-28.56],[-56.17,-28.73],[-56.28,-28.78],[-56.43,-29.07],[-56.62,-29.17],[-56.7,-29.34],[-57.1,-29.76],[-57.28,-29.81],[-57.33,-29.98],[-57.58,-30.19],[-57.67,-30.35],[-57.87,-30.5],[-57.8,-30.88],[-57.92,-31.27],[-58.07,-31.45],[-57.98,-31.62],[-58.04,-31.79],[-58.2,-31.89],[-58.15,-31.99],[-58.18,-32.16],[-58.1,-32.33],[-58.2,-32.45],[-58.22,-32.57],[-58.15,-33.05],[-58.43,-33.1],[-58.43,-33.26],[-58.51,-33.41],[-58.55,-33.66],[-58.39,-34.05],[-58.38,-34.19],[-58.5,-34.33],[-58.47,-34.54],[-58.16,-34.75],[-57.8,-34.88],[-57.34,-35.16],[-57.19,-35.32],[-57.13,-35.47],[-57.38,-35.78],[-57.38,-35.96],[-57.31,-36.09],[-57.1,-36.29],[-56.93,-36.37],[-56.77,-36.31],[-56.7,-36.41],[-56.66,-36.87],[-57.08,-37.45],[-57.48,-37.83],[-57.58,-38.14],[-57.84,-38.29],[-58.3,-38.48],[-58.77,-38.6],[-59.03,-38.69],[-59.91,-38.84],[-60.82,-38.97],[-61.16,-39],[-61.39,-38.98],[-61.54,-39.01],[-62.02,-38.94],[-62.21,-38.82],[-62.34,-39.08],[-62.33,-39.26],[-62.07,-39.51],[-62.12,-39.84],[-62.31,-39.89],[-62.37,-40.21],[-62.49,-40.3],[-62.42,-40.46],[-62.23,-40.66],[-62.32,-40.87],[-62.73,-41.05],[-63.14,-41.16],[-63.81,-41.16],[-63.99,-41.05],[-64.72,-40.83],[-64.78,-40.73],[-64.98,-40.72],[-65.13,-40.84],[-65.18,-40.99],[-65.07,-41.44],[-64.99,-41.52],[-64.99,-41.77],[-65.08,-41.98],[-64.88,-42.19],[-64.46,-42.27],[-64.6,-42.41],[-64.45,-42.45],[-64.14,-42.44],[-64.08,-42.27],[-63.87,-42.1],[-63.73,-42.1],[-63.59,-42.33],[-63.58,-42.62],[-63.68,-42.82],[-64.06,-42.89],[-64.25,-42.78],[-64.2,-42.65],[-64.45,-42.51],[-64.62,-42.52],[-64.95,-42.66],[-64.99,-42.79],[-64.59,-42.94],[-64.3,-42.99],[-64.59,-43.12],[-64.77,-43.15],[-65.03,-43.31],[-65.33,-43.66],[-65.32,-43.83],[-65.23,-44.11],[-65.31,-44.21],[-65.25,-44.31],[-65.39,-44.52],[-65.6,-44.62],[-65.71,-44.83],[-65.54,-44.89],[-65.61,-45.02],[-66.18,-44.96],[-66.52,-45.08],[-66.57,-45.16],[-66.85,-45.21],[-66.99,-45.28],[-67.18,-45.53],[-67.3,-45.6],[-67.38,-45.8],[-67.54,-45.93],[-67.62,-46.18],[-67.53,-46.42],[-67.34,-46.63],[-67.1,-46.76],[-66.71,-47.04],[-66.1,-47.09],[-65.99,-47.07],[-65.78,-47.2],[-65.73,-47.33],[-65.76,-47.54],[-65.9,-47.81],[-65.79,-47.93],[-65.97,-47.96],[-66.07,-48.1],[-66.47,-48.4],[-66.69,-48.46],[-66.83,-48.57],[-67.06,-48.63],[-67.24,-48.82],[-67.59,-49.04],[-67.61,-49.17],[-67.79,-49.33],[-67.69,-49.52],[-67.79,-49.9],[-68.06,-50.07],[-68.82,-50.31],[-69.07,-50.52],[-69.19,-50.97],[-68.95,-51.54],[-68.92,-51.7],[-68.69,-52.02],[-68.44,-52.24],[-68.44,-52.38],[-68.51,-52.32],[-68.83,-52.28],[-69.23,-52.14],[-69.46,-52.14],[-70,-52],[-71.91,-52],[-71.96,-51.85],[-72.29,-51.7],[-72.4,-51.51],[-72.25,-51.24],[-72.4,-51.11],[-72.27,-51.01],[-72.24,-50.85],[-72.49,-50.6],[-72.77,-50.62],[-73.05,-50.76],[-73.18,-50.74],[-73.27,-50.36],[-73.35,-50.24],[-73.52,-50.15],[-73.47,-50],[-73.55,-49.94],[-73.45,-49.79],[-73.58,-49.54],[-73.46,-49.31],[-73.14,-49.3],[-73.18,-49.22],[-72.98,-48.98],[-72.78,-48.94],[-72.55,-48.78],[-72.6,-48.49],[-72.29,-48.35],[-72.32,-48.08],[-72.54,-47.92],[-72.33,-47.6],[-72.31,-47.43],[-72.16,-47.41],[-71.86,-47.14],[-71.98,-47.03],[-71.94,-46.82],[-71.69,-46.7],[-71.77,-46.12],[-71.6,-45.98],[-71.75,-45.85],[-71.79,-45.73],[-71.75,-45.56],[-71.47,-45.48],[-71.3,-45.31],[-71.58,-44.98],[-72.07,-44.9],[-72.05,-44.75],[-71.84,-44.79],[-71.52,-44.74],[-71.34,-44.8],[-71.11,-44.54],[-71.2,-44.43],[-71.4,-44.4],[-71.78,-44.41],[-71.78,-44.08],[-71.65,-43.92],[-71.81,-43.76],[-71.7,-43.6],[-71.94,-43.45],[-71.9,-43.33],[-71.73,-43.28],[-71.74,-43.18],[-72,-43.12],[-72.14,-43.01],[-72.1,-42.85],[-72.14,-42.59],[-72.04,-42.37],[-72.13,-42.29],[-72.04,-42.15],[-71.91,-42.18],[-71.73,-42.1],[-71.79,-41.86],[-71.91,-41.65],[-71.85,-41.55],[-71.9,-41.36],[-71.84,-41.06],[-71.85,-40.91],[-71.95,-40.73],[-71.86,-40.64],[-71.78,-40.41],[-71.66,-40.33],[-71.82,-40.2],[-71.63,-39.95],[-71.71,-39.63],[-71.49,-39.6],[-71.39,-39.24],[-71.42,-38.96],[-71.36,-38.89],[-70.86,-38.69],[-70.83,-38.56],[-70.97,-38.42],[-71,-38.07],[-71.18,-37.7],[-71.11,-37.46],[-71.2,-37.3],[-71.11,-37.11],[-71.19,-36.85],[-71.03,-36.48],[-70.71,-36.41],[-70.7,-36.27],[-70.59,-36.16],[-70.4,-36.08],[-70.41,-35.89],[-70.34,-35.81],[-70.42,-35.63],[-70.42,-35.36],[-70.54,-35.21],[-70.36,-35.14],[-70.36,-35],[-70.23,-34.66],[-70.05,-34.4],[-70.05,-34.29],[-69.82,-34.23],[-69.91,-33.78],[-69.87,-33.56],[-69.77,-33.39],[-69.8,-33.28],[-70.1,-33.18],[-70.1,-33.05],[-69.99,-32.88],[-70.14,-32.76],[-70.15,-32.51],[-70.24,-32.31],[-70.31,-32.28],[-70.35,-32.09],[-70.24,-31.94],[-70.43,-31.87],[-70.59,-31.56],[-70.52,-31.16],[-70.3,-31.03],[-70.33,-30.93],[-70.27,-30.68],[-70.13,-30.44],[-69.94,-30.37],[-69.83,-30.14],[-69.92,-30],[-69.92,-29.72],[-70.03,-29.29],[-69.84,-29.13],[-69.72,-28.8],[-69.75,-28.67],[-69.67,-28.58],[-69.66,-28.4],[-69.35,-28.13],[-69.3,-28],[-69.19,-27.97],[-69.11,-27.73],[-68.9,-27.36],[-68.81,-27.12],[-68.65,-27.14],[-68.32,-27.02],[-68.29,-26.91],[-68.58,-26.51],[-68.55,-26.28],[-68.4,-26.16],[-68.5,-25.72],[-68.6,-25.5],[-68.49,-25.17],[-68.36,-25.12],[-68.57,-24.78],[-68.39,-24.5],[-68.25,-24.4],[-67.34,-24.02],[-67.15,-23.39],[-67,-23],[-67.18,-22.82],[-67.01,-22.63],[-67.02,-22.52],[-66.77,-22.43],[-66.74,-22.23],[-66.35,-22.12],[-66.24,-21.8],[-66.08,-21.83],[-65.93,-21.93],[-65.75,-22.11],[-64.99,-22.09],[-64.59,-22.21],[-64.46,-22.51],[-64.45,-22.64],[-64.3,-22.83],[-64.28,-22.65],[-64.13,-22.41],[-63.94,-22],[-62.82,-22],[-62.77,-22.15],[-62.65,-22.24],[-62.52,-22.37],[-62.29,-22.5],[-62.15,-22.76],[-61.99,-23.01],[-61.45,-23.42],[-61.11,-23.61],[-61.01,-23.81],[-60.61,-23.89],[-60.58,-23.95],[-60.28,-24.04],[-60.04,-24.01],[-59.47,-24.35],[-59.34,-24.49],[-58.94,-24.69],[-58.81,-24.78],[-58.45,-24.86],[-58.35,-24.97],[-58.18,-24.98],[-57.88,-25.08],[-57.76,-25.17],[-57.63,-25.39],[-57.58,-25.55],[-57.75,-25.74],[-57.9,-25.96],[-57.86,-26],[-58.14,-26.21],[-58.21,-26.42],[-58.18,-26.66],[-58.32,-26.87],[-58.39,-26.91],[-58.65,-27.19],[-58.51,-27.29],[-58.01,-27.27],[-57.73,-27.31],[-57.62,-27.37],[-57.08,-27.49],[-56.88,-27.42],[-56.73,-27.51],[-56.55,-27.45],[-56.4,-27.58],[-56.14,-27.31],[-55.89,-27.33],[-55.73,-27.44],[-55.6,-27.34],[-55.55,-27.11],[-55.42,-26.99],[-55.25,-26.94],[-54.95,-26.77],[-54.69,-26.43],[-54.64,-26.21],[-54.66,-25.98],[-54.6,-25.94],[-54.6,-25.57]]]]}},{"type":"Feature","properties":{"NAME":"Uruguay","ABBREVN":"Uruguay","SUBJECTO":"Uruguay","BORDERPRECISION":3,"PARTOF":"Uruguay","SHAPE_HASH":"1b0c36948b"},"geometry":{"type":"Polygon","coordinates":[[[-57.58,-30.19],[-57.5,-30.28],[-57.21,-30.29],[-57.07,-30.11],[-56.79,-30.12],[-56.39,-30.46],[-56.24,-30.56],[-56,-30.8],[-56.01,-31.07],[-55.84,-31.07],[-55.58,-30.85],[-55.42,-30.96],[-55.25,-31.23],[-55.09,-31.33],[-54.98,-31.32],[-54.81,-31.44],[-54.59,-31.46],[-54.47,-31.58],[-54.46,-31.67],[-54.16,-31.89],[-53.92,-31.94],[-53.66,-32.21],[-53.63,-32.36],[-53.4,-32.57],[-53.19,-32.63],[-53.1,-32.72],[-53.3,-32.95],[-53.48,-33.07],[-53.53,-33.2],[-53.5,-33.43],[-53.53,-33.66],[-53.4,-33.75],[-53.5,-33.9],[-53.54,-34.06],[-53.7,-34.19],[-53.84,-34.42],[-53.98,-34.5],[-54.14,-34.66],[-54.28,-34.69],[-54.83,-34.92],[-55.09,-34.89],[-55.25,-34.91],[-55.37,-34.81],[-55.69,-34.78],[-56.16,-34.93],[-56.32,-34.91],[-56.58,-34.76],[-56.9,-34.66],[-57.11,-34.46],[-57.55,-34.44],[-57.84,-34.49],[-58.08,-34.19],[-58.21,-34.12],[-58.4,-33.93],[-58.44,-33.55],[-58.35,-33.27],[-58.36,-33.13],[-58.09,-33.06],[-58.05,-32.93],[-58.12,-32.82],[-58.2,-32.45],[-58.1,-32.33],[-58.18,-32.16],[-58.15,-31.99],[-58.2,-31.89],[-58.04,-31.79],[-57.98,-31.62],[-58.07,-31.45],[-57.92,-31.27],[-57.8,-30.88],[-57.87,-30.5],[-57.67,-30.35],[-57.58,-30.19]]]}},{"type":"Feature","properties":{"NAME":"United Kingdom","ABBREVN":"United Kingdom","SUBJECTO":"United Kingdom","BORDERPRECISION":3,"PARTOF":"United Kingdom","SHAPE_HASH":"a01fa52e11"},"geometry":{"type":"MultiPolygon","coordinates":[[[[-1.24,50.58],[-1.52,50.7],[-1.3,50.77],[-1.06,50.69],[-1.24,50.58]]],[[[-6.27,54.1],[-6.62,54.04],[-6.87,54.34],[-7.06,54.41],[-7.15,54.23],[-7.32,54.11],[-7.56,54.13],[-8.06,54.37],[-8.17,54.46],[-7.83,54.55],[-7.93,54.7],[-7.55,54.76],[-7.33,55.05],[-7.25,55.07],[-7.09,55.04],[-6.97,55.16],[-6.52,55.23],[-6.15,55.22],[-6.04,55.06],[-5.57,54.68],[-5.65,54.49],[-5.56,54.29],[-5.87,54.21],[-6.04,54.03],[-6.27,54.1]]],[[[-5.1,55.44],[-5.34,55.48],[-5.4,55.6],[-5.16,55.68],[-5.1,55.44]]],[[[-6.08,55.78],[-6.03,55.67],[-6.32,55.62],[-6.25,55.77],[-6.08,55.78]]],[[[-5.79,56.51],[-5.65,56.45],[-5.84,56.31],[-6.26,56.26],[-6.12,56.47],[-6.33,56.54],[-6.14,56.65],[-5.79,56.51]]],[[[-2.79,58.95],[-3.19,58.91],[-3.35,58.97],[-3.35,59.11],[-3.07,59.12],[-2.79,58.95]]],[[[-1.1,60.28],[-1.26,60.13],[-1.66,60.23],[-1.66,60.3],[-1.32,60.36],[-1.59,60.51],[-1.3,60.63],[-1.29,60.47],[-1.04,60.44],[-1.1,60.28]]],[[[-2.88,56.45],[-2.8,56.35],[-2.58,56.28],[-2.83,56.18],[-2.98,56.19],[-3.4,56.01],[-3.05,55.94],[-2.79,56.06],[-2.63,56.05],[-2.08,55.87],[-1.82,55.63],[-1.64,55.58],[-1.48,55.09],[-1.3,54.77],[-1.17,54.65],[-0.56,54.48],[-0.38,54.26],[-0.17,54.08],[-0.13,53.86],[0.13,53.65],[-0.08,53.62],[0.17,53.46],[0.34,53.23],[0.33,53.09],[0.03,52.92],[0.38,52.78],[0.49,52.93],[0.67,52.98],[1.35,52.91],[1.65,52.77],[1.75,52.62],[1.75,52.46],[1.58,52.08],[1.18,51.79],[0.95,51.73],[0.95,51.61],[0.56,51.41],[0.91,51.34],[1.39,51.39],[1.36,51.13],[1.1,51.07],[0.97,50.94],[0.35,50.81],[0.22,50.74],[-0.25,50.83],[-0.75,50.77],[-0.93,50.84],[-1.14,50.78],[-1.33,50.79],[-1.59,50.72],[-1.93,50.71],[-1.96,50.6],[-2.39,50.64],[-2.47,50.59],[-2.77,50.71],[-3.25,50.67],[-3.49,50.55],[-3.65,50.23],[-3.81,50.22],[-3.94,50.31],[-4.17,50.38],[-4.76,50.31],[-5.05,50.17],[-5.09,50.02],[-5.26,50.01],[-5.47,50.12],[-5.43,50.19],[-5.05,50.43],[-5.02,50.54],[-4.78,50.59],[-4.56,50.78],[-4.52,51.01],[-4.3,51],[-4.23,51.19],[-3.79,51.24],[-3.3,51.18],[-3.03,51.21],[-2.96,51.37],[-2.65,51.56],[-2.97,51.54],[-3.18,51.4],[-3.54,51.4],[-3.84,51.62],[-4.21,51.53],[-4.26,51.68],[-4.44,51.74],[-4.71,51.65],[-5.01,51.7],[-5.24,51.92],[-5.08,52],[-4.83,52.02],[-4.72,52.11],[-4.5,52.14],[-4.23,52.25],[-4.06,52.49],[-4.13,52.6],[-4.05,52.72],[-4.13,52.91],[-4.41,52.88],[-4.36,53.03],[-4.33,53.11],[-4.2,53.21],[-3.85,53.28],[-3.59,53.28],[-3.07,53.41],[-3.11,53.56],[-2.98,53.69],[-3.05,53.91],[-2.83,54.09],[-2.93,54.15],[-3.15,54.08],[-3.38,54.24],[-3.63,54.51],[-3.39,54.88],[-3.62,54.88],[-3.96,54.77],[-4.35,54.7],[-4.85,54.87],[-5.11,54.83],[-5.18,54.99],[-4.87,55.22],[-4.84,55.32],[-4.61,55.49],[-4.69,55.6],[-4.91,55.7],[-5.02,55.87],[-5.34,55.9],[-5.49,55.64],[-5.6,55.31],[-5.79,55.3],[-5.61,55.76],[-5.68,55.99],[-5.52,56.16],[-5.6,56.26],[-5.43,56.43],[-5.6,56.52],[-5.89,56.56],[-6.19,56.68],[-6.19,56.75],[-5.92,56.89],[-5.78,57.08],[-5.55,57.25],[-5.82,57.36],[-5.87,57.47],[-5.82,57.82],[-5.61,57.92],[-5.46,57.86],[-5.19,57.95],[-5.39,58.26],[-5.2,58.25],[-5.11,58.51],[-5,58.62],[-4.6,58.53],[-3.78,58.57],[-3.35,58.66],[-3.02,58.64],[-3.06,58.45],[-3.21,58.31],[-4,57.95],[-3.82,57.8],[-4.04,57.56],[-3.6,57.64],[-3.34,57.72],[-3.04,57.66],[-2.9,57.71],[-2.51,57.67],[-1.92,57.67],[-1.77,57.46],[-2.05,57.22],[-2.19,56.9],[-2.48,56.72],[-2.49,56.61],[-2.88,56.45]]],[[[-4.33,53.15],[-4.57,53.27],[-4.56,53.39],[-4.27,53.39],[-4.1,53.25],[-4.22,53.2],[-4.33,53.15]]],[[[-7.23,57.34],[-7.26,57.15],[-7.42,57.18],[-7.42,57.39],[-7.23,57.34]]],[[[-5.66,57.21],[-5.93,57.04],[-6.18,57.17],[-6.32,57.16],[-6.48,57.3],[-6.79,57.45],[-6.64,57.61],[-6.3,57.69],[-6.14,57.57],[-6.13,57.31],[-5.66,57.21]]],[[[-7.07,57.64],[-7.15,57.51],[-7.54,57.59],[-7.19,57.69],[-7.07,57.64]]],[[[-6.2,58.36],[-6.32,58.26],[-6.47,57.95],[-6.97,57.73],[-7.07,57.82],[-6.83,57.9],[-7.11,57.99],[-7.04,58.24],[-6.55,58.36],[-6.29,58.49],[-6.2,58.36]]]]}},{"type":"Feature","properties":{"NAME":"Ireland","ABBREVN":"Ireland","SUBJECTO":"Ireland","BORDERPRECISION":3,"PARTOF":"Ireland","SHAPE_HASH":"bd663ddba5"},"geometry":{"type":"Polygon","coordinates":[[[-7.25,55.07],[-7.33,55.05],[-7.55,54.76],[-7.93,54.7],[-7.83,54.55],[-8.17,54.46],[-8.06,54.37],[-7.56,54.13],[-7.32,54.11],[-7.15,54.23],[-7.06,54.41],[-6.87,54.34],[-6.62,54.04],[-6.27,54.1],[-6.38,53.91],[-6.25,53.83],[-6.21,53.64],[-6.08,53.56],[-6.15,53.38],[-6.03,53.11],[-6.01,52.95],[-6.22,52.66],[-6.21,52.54],[-6.36,52.39],[-6.36,52.18],[-6.79,52.22],[-7,52.14],[-7.58,52.1],[-7.59,51.99],[-8.3,51.76],[-8.7,51.57],[-9.11,51.55],[-9.37,51.47],[-9.64,51.51],[-9.55,51.72],[-10.03,51.59],[-9.97,51.73],[-10.37,51.88],[-10.26,51.99],[-9.99,52.05],[-9.89,52.15],[-10.44,52.09],[-10.46,52.18],[-10.2,52.28],[-9.95,52.23],[-9.62,52.57],[-9.22,52.59],[-8.82,52.67],[-9.03,52.73],[-9.17,52.62],[-9.55,52.64],[-9.47,52.93],[-9.28,53.14],[-8.98,53.16],[-8.94,53.26],[-9.61,53.23],[-9.96,53.37],[-10.18,53.41],[-10.19,53.55],[-9.88,53.61],[-9.9,53.76],[-9.61,53.78],[-9.57,53.89],[-9.9,53.86],[-10,54.3],[-9.8,54.33],[-9.34,54.32],[-8.62,54.26],[-8.66,54.36],[-8.28,54.47],[-8.19,54.63],[-8.58,54.61],[-8.67,54.76],[-8.32,54.87],[-8.46,55],[-8.32,55.11],[-7.9,55.18],[-7.24,55.35],[-6.95,55.21],[-7.25,55.07]]]}},{"type":"Feature","properties":{"NAME":"Netherlands","ABBREVN":"Netherlands","SUBJECTO":"Netherlands","BORDERPRECISION":3,"PARTOF":"Netherlands","SHAPE_HASH":"10d11b0cd9"},"geometry":{"type":"MultiPolygon","coordinates":[[[[7.21,53.24],[7.21,53.01],[7.07,52.82],[7.03,52.63],[6.77,52.65],[6.76,52.46],[7.06,52.39],[7.05,52.24],[6.76,52.11],[6.78,51.92],[6.35,51.85],[6.18,51.9],[5.97,51.81],[6.2,51.51],[6.22,51.36],[6.08,51.24],[6.1,51.14],[5.87,51.05],[6.08,50.91],[6.01,50.76],[5.7,50.76],[5.65,50.88],[5.76,50.96],[5.85,51.15],[5.57,51.22],[5.51,51.29],[5.24,51.26],[4.77,51.5],[4.65,51.42],[4.4,51.45],[4.25,51.38],[3.93,51.43],[3.83,51.39],[3.54,51.46],[3.57,51.6],[4,51.59],[4.13,51.71],[4.02,51.79],[4.02,51.98],[4.14,52],[4.44,52.25],[4.57,52.45],[5.3,52.3],[5.42,52.25],[5.53,52.27],[5.77,52.4],[5.88,52.51],[5.86,52.61],[5.67,52.61],[5.6,52.75],[5.41,52.85],[5.37,53.07],[5.1,52.95],[5.2,52.76],[5.03,52.62],[5.09,52.43],[5.02,52.38],[4.58,52.48],[4.74,52.96],[5.05,52.94],[5.39,53.1],[5.46,53.23],[5.89,53.38],[6.3,53.4],[6.7,53.46],[7.21,53.24]]],[[[5.4,52.27],[5.14,52.38],[5.64,52.6],[5.83,52.57],[5.79,52.43],[5.55,52.35],[5.4,52.27]]],[[[4.24,51.35],[3.95,51.21],[3.37,51.37],[3.53,51.41],[3.73,51.35],[4.24,51.35]]]]}},{"type":"Feature","properties":{"NAME":"Belgium","ABBREVN":"Belgium","SUBJECTO":"Belgium","BORDERPRECISION":3,"PARTOF":"Belgium","SHAPE_HASH":"87a1bb833a"},"geometry":{"type":"Polygon","coordinates":[[[4.25,51.38],[4.4,51.45],[4.65,51.42],[4.77,51.5],[5.24,51.26],[5.51,51.29],[5.57,51.22],[5.85,51.15],[5.76,50.96],[5.65,50.88],[5.7,50.76],[6.01,50.76],[6.27,50.61],[6.39,50.32],[6.17,50.22],[6.13,50.13],[5.97,50.17],[5.78,49.96],[5.73,49.84],[5.9,49.64],[5.8,49.54],[5.52,49.51],[5.43,49.6],[4.99,49.8],[4.87,49.8],[4.82,49.99],[4.46,49.94],[4.15,50.01],[4.19,50.24],[4.04,50.36],[3.68,50.4],[3.61,50.49],[3.28,50.54],[3.16,50.78],[2.9,50.7],[2.65,50.82],[2.55,51.09],[3.1,51.31],[3.37,51.37],[3.95,51.21],[4.24,51.35],[4.25,51.38]]]}},{"type":"Feature","properties":{"NAME":"Luxembourg","ABBREVN":"Luxembourg","SUBJECTO":"Luxembourg","BORDERPRECISION":3,"PARTOF":"Luxembourg","SHAPE_HASH":"8db9121523"},"geometry":{"type":"Polygon","coordinates":[[[5.8,49.54],[5.9,49.64],[5.73,49.84],[5.78,49.96],[5.97,50.17],[6.13,50.13],[6.25,49.88],[6.43,49.81],[6.36,49.46],[6.24,49.51],[5.98,49.45],[5.8,49.54]]]}},{"type":"Feature","properties":{"NAME":"France","ABBREVN":"France","SUBJECTO":"France","BORDERPRECISION":3,"PARTOF":"France","SHAPE_HASH":"3921f54c4b"},"geometry":{"type":"MultiPolygon","coordinates":[[[[9.51,42.57],[9.56,42.27],[9.55,42.12],[9.43,41.98],[9.4,41.7],[9.22,41.37],[8.79,41.56],[8.92,41.69],[8.73,41.73],[8.78,41.93],[8.66,42.01],[8.57,42.22],[8.58,42.38],[8.72,42.57],[9.12,42.73],[9.34,42.74],[9.35,43],[9.46,42.99],[9.49,42.81],[9.45,42.68],[9.51,42.57]]],[[[2.55,51.09],[2.65,50.82],[2.9,50.7],[3.16,50.78],[3.28,50.54],[3.61,50.49],[3.68,50.4],[4.04,50.36],[4.19,50.24],[4.15,50.01],[4.46,49.94],[4.82,49.99],[4.87,49.8],[4.99,49.8],[5.43,49.6],[5.52,49.51],[5.8,49.54],[5.98,49.45],[6.24,49.51],[6.36,49.46],[6.54,49.42],[6.73,49.17],[6.93,49.22],[7.09,49.13],[7.29,49.11],[7.49,49.16],[7.67,49.04],[7.94,49.05],[8.2,48.96],[8.09,48.8],[7.8,48.58],[7.75,48.34],[7.58,48.12],[7.62,47.98],[7.51,47.7],[7.59,47.59],[7.39,47.43],[6.99,47.5],[6.88,47.36],[6.97,47.29],[6.63,47],[6.46,46.9],[6.46,46.78],[6.13,46.59],[6.07,46.43],[6.15,46.38],[6.52,46.46],[6.8,46.43],[6.78,46.15],[7.04,45.93],[6.81,45.83],[6.81,45.73],[7,45.53],[7.15,45.43],[7.13,45.26],[6.94,45.18],[6.63,45.12],[6.75,44.92],[7.03,44.83],[7.03,44.74],[6.85,44.54],[6.88,44.38],[7.03,44.25],[7.35,44.13],[7.61,44.18],[7.71,44.08],[7.5,43.87],[7.53,43.78],[7.16,43.66],[6.89,43.43],[6.64,43.31],[6.53,43.19],[6.06,43.1],[5.82,43.12],[5.68,43.19],[5.36,43.22],[5.36,43.33],[5.04,43.35],[5.06,43.47],[4.65,43.36],[4.51,43.46],[4.2,43.46],[4.06,43.56],[3.91,43.52],[3.55,43.32],[3.34,43.27],[3.14,43.14],[2.96,42.84],[3.04,42.73],[3.06,42.54],[3.17,42.44],[2.95,42.48],[2.53,42.33],[2.27,42.44],[2.02,42.35],[1.72,42.51],[1.74,42.62],[1.56,42.66],[1.45,42.6],[1.36,42.72],[1.17,42.71],[1.09,42.78],[0.72,42.86],[0.67,42.69],[0.43,42.69],[0.18,42.73],[0,42.69],[-0.31,42.84],[-0.56,42.78],[-0.75,42.96],[-0.94,42.95],[-1.3,43.07],[-1.44,43.05],[-1.41,43.27],[-1.78,43.36],[-1.59,43.44],[-1.44,43.64],[-1.21,44.63],[-1.25,44.76],[-1.14,45.49],[-0.92,45.45],[-0.8,45.49],[-1.09,45.66],[-1.23,45.79],[-1.07,45.9],[-1.05,46.04],[-1.15,46.15],[-1.11,46.32],[-1.27,46.3],[-1.79,46.49],[-1.86,46.64],[-2.1,46.81],[-2.13,46.9],[-1.99,47.04],[-2.28,47.24],[-2.54,47.3],[-2.48,47.5],[-2.69,47.6],[-3.09,47.59],[-3.51,47.76],[-3.84,47.8],[-3.98,47.89],[-4.18,47.8],[-4.34,47.85],[-4.42,47.96],[-4.71,48.07],[-4.35,48.11],[-4.31,48.2],[-4.76,48.34],[-4.73,48.56],[-4.54,48.64],[-3.99,48.72],[-3.58,48.68],[-3.58,48.79],[-3.12,48.87],[-2.69,48.5],[-2.31,48.68],[-2.04,48.6],[-1.64,48.62],[-1.56,48.75],[-1.56,49.02],[-1.61,49.22],[-1.81,49.38],[-1.84,49.71],[-1.62,49.66],[-1.38,49.71],[-1.24,49.48],[-1.11,49.37],[-0.42,49.34],[-0.23,49.28],[0.07,49.36],[0.08,49.52],[0.17,49.69],[0.64,49.87],[1.07,49.93],[1.44,50.1],[1.51,50.2],[1.58,50.53],[1.56,50.71],[1.63,50.88],[1.94,51],[2.55,51.09]]]]}},{"type":"Feature","properties":{"NAME":"Switzerland","ABBREVN":"Switzerland","SUBJECTO":"Switzerland","BORDERPRECISION":3,"PARTOF":"Switzerland","SHAPE_HASH":"d40ef01f3b"},"geometry":{"type":"Polygon","coordinates":[[[7.04,45.93],[6.78,46.15],[6.8,46.43],[6.52,46.46],[6.15,46.38],[6.07,46.43],[6.13,46.59],[6.46,46.78],[6.46,46.9],[6.63,47],[6.97,47.29],[6.88,47.36],[6.99,47.5],[7.39,47.43],[7.59,47.59],[7.65,47.55],[8.03,47.56],[8.2,47.62],[8.43,47.57],[8.41,47.7],[8.56,47.81],[8.8,47.74],[9.26,47.66],[9.57,47.54],[9.67,47.39],[9.54,47.28],[9.49,47.2],[9.6,47.06],[9.87,47.02],[9.88,46.94],[10.11,46.85],[10.39,47],[10.47,46.87],[10.45,46.54],[10.12,46.61],[10.05,46.45],[10.15,46.39],[10.07,46.22],[9.91,46.38],[9.71,46.3],[9.54,46.31],[9.46,46.47],[9.29,46.5],[9.24,46.23],[9.08,46.12],[8.95,45.85],[8.82,45.99],[8.82,46.1],[8.62,46.12],[8.45,46.25],[8.46,46.45],[8.3,46.42],[8.14,46.22],[8.15,46.15],[7.86,45.92],[7.54,45.98],[7.19,45.88],[7.04,45.93]]]}},{"type":"Feature","properties":{"NAME":"Spain","ABBREVN":"Spain","SUBJECTO":"Spain","BORDERPRECISION":3,"PARTOF":"Spain","SHAPE_HASH":"227a90fb04"},"geometry":{"type":"MultiPolygon","coordinates":[[[[-17.96,27.68],[-18.16,27.71],[-17.93,27.85],[-17.96,27.68]]],[[[-15.55,27.76],[-15.67,27.75],[-15.78,27.84],[-15.81,28.01],[-15.7,28.15],[-15.41,28.16],[-15.37,28.01],[-15.39,27.85],[-15.55,27.76]]],[[[-17.17,28.02],[-17.3,28.05],[-17.25,28.21],[-17.11,28.15],[-17.17,28.02]]],[[[-16.47,28.08],[-16.67,27.98],[-16.91,28.35],[-16.49,28.42],[-16.38,28.54],[-16.16,28.5],[-16.35,28.36],[-16.47,28.08]]],[[[-14.32,28.05],[-14.31,28.14],[-14.05,28.56],[-14.01,28.7],[-13.89,28.76],[-13.82,28.58],[-13.86,28.38],[-13.95,28.23],[-14.2,28.17],[-14.32,28.05]]],[[[-17.79,28.5],[-17.96,28.71],[-17.91,28.85],[-17.79,28.84],[-17.72,28.74],[-17.79,28.5]]],[[[-13.61,28.93],[-13.85,28.91],[-13.75,29.08],[-13.42,29.21],[-13.47,29.01],[-13.61,28.93]]],[[[1.37,38.83],[1.21,38.9],[1.3,39.03],[1.52,39.12],[1.62,39.03],[1.37,38.83]]],[[[3.18,39.76],[3.38,39.77],[3.48,39.72],[3.24,39.36],[3.06,39.26],[2.79,39.36],[2.73,39.53],[2.39,39.52],[2.39,39.61],[2.78,39.84],[3.07,39.92],[3.18,39.76]]],[[[4.31,39.89],[4.24,39.82],[3.97,39.93],[3.83,40.05],[4.17,40.05],[4.31,39.89]]],[[[1.72,42.51],[2.02,42.35],[2.27,42.44],[2.53,42.33],[2.95,42.48],[3.17,42.44],[3.12,42.14],[3.21,42.07],[3.2,41.89],[2.94,41.72],[2.27,41.46],[2.12,41.29],[1.5,41.18],[0.96,41.03],[0.7,40.8],[0.86,40.68],[0.61,40.63],[0.36,40.3],[0.05,40.03],[-0.18,39.74],[-0.34,39.44],[-0.24,39.14],[-0.06,38.9],[0.2,38.8],[0.21,38.73],[-0.15,38.54],[-0.38,38.44],[-0.51,38.33],[-0.76,37.85],[-0.86,37.72],[-0.74,37.59],[-0.92,37.55],[-1.24,37.58],[-1.68,37.35],[-1.79,37.23],[-1.9,36.97],[-2.12,36.73],[-2.35,36.84],[-2.56,36.81],[-2.64,36.7],[-2.77,36.68],[-2.92,36.75],[-3.26,36.75],[-3.43,36.69],[-3.6,36.75],[-3.85,36.75],[-4.4,36.72],[-4.64,36.51],[-4.91,36.5],[-5.17,36.41],[-5.31,36.23],[-5.43,36.17],[-5.45,36.05],[-5.61,36.01],[-5.8,36.08],[-5.91,36.18],[-6.04,36.18],[-6.23,36.4],[-6.17,36.51],[-6.44,36.72],[-6.36,36.86],[-6.58,37.02],[-7.05,37.21],[-7.28,37.2],[-7.43,37.25],[-7.52,37.55],[-7.42,37.74],[-7.32,37.82],[-7.25,37.98],[-7,38.03],[-7.09,38.18],[-7.32,38.44],[-7.27,38.7],[-7.08,38.84],[-6.96,39.02],[-7.24,39.21],[-7.38,39.49],[-7.5,39.6],[-7.26,39.67],[-7.02,39.67],[-6.87,40.02],[-7.01,40.13],[-6.86,40.27],[-6.8,40.52],[-6.8,40.86],[-6.93,41.02],[-6.77,41.07],[-6.64,41.24],[-6.51,41.27],[-6.3,41.44],[-6.19,41.58],[-6.3,41.66],[-6.55,41.69],[-6.55,41.92],[-7.06,41.95],[-7.42,41.82],[-7.61,41.84],[-7.69,41.9],[-8.09,41.81],[-8.22,41.91],[-8.08,42.06],[-8.2,42.15],[-8.64,42.05],[-8.75,41.95],[-8.88,41.88],[-8.9,42.11],[-8.81,42.19],[-8.88,42.42],[-8.72,42.7],[-9.06,42.58],[-9.09,42.74],[-9.19,42.95],[-9.21,43.16],[-8.94,43.24],[-8.82,43.33],[-8.7,43.29],[-8.33,43.4],[-8.27,43.55],[-7.9,43.76],[-7.46,43.73],[-7.25,43.56],[-6.94,43.58],[-6.6,43.56],[-6.1,43.56],[-5.85,43.65],[-5.68,43.54],[-5.4,43.55],[-5.2,43.48],[-4.65,43.41],[-4.22,43.4],[-3.81,43.49],[-3.55,43.51],[-3.15,43.35],[-2.93,43.44],[-2.51,43.38],[-2.16,43.29],[-1.78,43.36],[-1.41,43.27],[-1.44,43.05],[-1.3,43.07],[-0.94,42.95],[-0.75,42.96],[-0.56,42.78],[-0.31,42.84],[0,42.69],[0.18,42.73],[0.43,42.69],[0.67,42.69],[0.72,42.86],[1.09,42.78],[1.17,42.71],[1.36,42.72],[1.45,42.6],[1.45,42.45],[1.72,42.51]]]]}},{"type":"Feature","properties":{"NAME":"Portugal","ABBREVN":"Portugal","SUBJECTO":"Portugal","BORDERPRECISION":3,"PARTOF":"Portugal","SHAPE_HASH":"9553712fff"},"geometry":{"type":"MultiPolygon","coordinates":[[[[-16.96,32.83],[-16.72,32.75],[-16.82,32.65],[-16.94,32.64],[-17.2,32.73],[-17.19,32.87],[-16.96,32.83]]],[[[-8.75,41.95],[-8.64,42.05],[-8.2,42.15],[-8.08,42.06],[-8.22,41.91],[-8.09,41.81],[-7.69,41.9],[-7.61,41.84],[-7.42,41.82],[-7.06,41.95],[-6.55,41.92],[-6.55,41.69],[-6.3,41.66],[-6.19,41.58],[-6.3,41.44],[-6.51,41.27],[-6.64,41.24],[-6.77,41.07],[-6.93,41.02],[-6.8,40.86],[-6.8,40.52],[-6.86,40.27],[-7.01,40.13],[-6.87,40.02],[-7.02,39.67],[-7.26,39.67],[-7.5,39.6],[-7.38,39.49],[-7.24,39.21],[-6.96,39.02],[-7.08,38.84],[-7.27,38.7],[-7.32,38.44],[-7.09,38.18],[-7,38.03],[-7.25,37.98],[-7.32,37.82],[-7.42,37.74],[-7.52,37.55],[-7.43,37.25],[-7.76,37.03],[-7.97,37.01],[-8.18,37.09],[-8.66,37.11],[-8.93,37.02],[-8.91,37.16],[-8.8,37.44],[-8.8,38.37],[-8.9,38.52],[-9.18,38.42],[-9.18,38.54],[-9.02,38.73],[-9.32,38.68],[-9.48,38.71],[-9.42,39.08],[-9.34,39.22],[-9.36,39.36],[-9.23,39.44],[-9.09,39.62],[-8.86,40.14],[-8.88,40.24],[-8.65,41],[-8.79,41.42],[-8.88,41.84],[-8.75,41.95]]],[[[-27.08,38.63],[-27.3,38.66],[-27.28,38.8],[-27.07,38.76],[-27.08,38.63]]],[[[-25.55,37.83],[-25.33,37.86],[-25.14,37.84],[-25.17,37.74],[-25.46,37.71],[-25.55,37.83]]],[[[-28.04,38.41],[-28.43,38.41],[-28.32,38.53],[-28.04,38.41]]]]}},{"type":"Feature","properties":{"NAME":"Germany","ABBREVN":"Germany","SUBJECTO":"Germany","BORDERPRECISION":3,"PARTOF":"Germany","SHAPE_HASH":"6a865cd72f"},"geometry":{"type":"MultiPolygon","coordinates":[[[[20.98,55.28],[20.84,55.15],[20.53,54.96],[21.09,54.9],[21.22,54.93],[21.19,55.15],[21.38,55.28],[22.06,55.03],[22.53,55.06],[22.84,54.9],[22.87,54.81],[22.72,54.69],[22.69,54.49],[22.78,54.37],[22.56,54.27],[22.6,54.07],[22.76,53.94],[22.71,53.78],[22.44,53.71],[22.08,53.53],[21.86,53.47],[21.53,53.49],[21.3,53.46],[20.92,53.3],[20.52,53.34],[20.29,53.24],[19.94,53.46],[19.8,53.61],[19.59,53.57],[19.41,53.6],[18.76,53.6],[18.86,53.87],[18.78,54.15],[18.48,54.1],[18.24,54.15],[18.22,54.23],[18.45,54.31],[18.6,54.43],[18.84,54.35],[19.21,54.35],[19.37,54.27],[19.71,54.38],[20.04,54.56],[20.4,54.68],[20.01,54.72],[19.94,54.93],[20.36,54.94],[20.7,55.08],[20.94,55.29],[20.98,55.28]]],[[[6.01,50.76],[6.08,50.91],[5.87,51.05],[6.1,51.14],[6.08,51.24],[6.22,51.36],[6.2,51.51],[5.97,51.81],[6.18,51.9],[6.35,51.85],[6.78,51.92],[6.76,52.11],[7.05,52.24],[7.06,52.39],[6.76,52.46],[6.77,52.65],[7.03,52.63],[7.07,52.82],[7.21,53.01],[7.21,53.24],[7.05,53.34],[7.09,53.59],[7.29,53.68],[7.51,53.67],[8.01,53.71],[8.29,53.42],[8.33,53.62],[8.49,53.68],[8.55,53.82],[8.68,53.89],[8.98,53.89],[8.97,54.13],[8.69,54.27],[8.64,54.4],[8.89,54.41],[9.01,54.5],[8.55,54.87],[8.66,54.91],[8.93,54.91],[9.38,54.83],[9.97,54.76],[10.03,54.55],[10.12,54.49],[10.8,54.31],[11.07,54.38],[11.09,54.21],[10.76,54.04],[10.9,53.96],[11.18,54.01],[11.41,53.92],[11.7,54.15],[12.13,54.19],[12.33,54.29],[12.48,54.44],[12.9,54.44],[13.12,54.28],[13.48,54.12],[13.71,54.17],[13.96,53.77],[14.53,53.66],[14.62,53.77],[14.35,53.91],[14.75,54.03],[15.84,54.24],[16.22,54.27],[16.54,54.54],[16.94,54.61],[17.25,54.73],[18.04,54.83],[18.01,54.55],[17.55,54.25],[17.65,54.06],[17.24,54.08],[17.23,53.93],[17.49,53.74],[17.43,53.59],[17.13,53.26],[16.93,53.24],[16.66,53.04],[16.53,52.89],[16.1,52.9],[15.94,52.85],[15.79,52.46],[15.86,52.37],[15.89,52.07],[16.04,52.05],[16.38,51.8],[16.55,51.78],[16.86,51.59],[17.18,51.58],[17.26,51.65],[17.52,51.62],[17.85,51.13],[18.15,51.18],[18.43,51.11],[18.6,50.99],[18.58,50.62],[18.76,50.58],[18.93,50.34],[18.68,50.22],[18.26,50.13],[18.29,49.95],[18.08,49.89],[17.97,49.63],[17.44,49.67],[17.02,49.77],[16.79,49.67],[16.65,49.69],[16.64,49.84],[16.83,49.94],[16.83,50.02],[16.59,50.14],[16.37,50.36],[16.1,50.52],[15.92,50.44],[15.77,50.5],[15.59,50.7],[15.3,50.73],[14.93,50.64],[14.82,50.52],[14.52,50.47],[14.42,50.55],[13.84,50.53],[13.63,50.45],[13.74,50.24],[13.62,50.15],[13.27,50.07],[13.37,49.77],[13.33,49.63],[13.15,49.55],[13.14,49.38],[13.32,49.31],[13.55,49.11],[13.94,49.03],[14.25,49.04],[14.32,48.93],[14.62,48.83],[14.93,48.79],[14.82,48.79],[14.61,48.63],[14.18,48.6],[13.88,48.76],[13.73,48.52],[13.44,48.56],[13.4,48.37],[13.27,48.3],[12.87,48.2],[12.77,48.08],[13.01,47.85],[13.1,47.65],[13.05,47.5],[12.81,47.55],[12.74,47.68],[12.2,47.66],[11.68,47.58],[11.3,47.43],[10.98,47.4],[10.91,47.52],[10.69,47.55],[10.44,47.53],[10.47,47.44],[10.34,47.32],[10.04,47.5],[9.8,47.59],[9.57,47.54],[9.26,47.66],[8.8,47.74],[8.56,47.81],[8.41,47.7],[8.43,47.57],[8.2,47.62],[8.03,47.56],[7.65,47.55],[7.59,47.59],[7.51,47.7],[7.62,47.98],[7.58,48.12],[7.75,48.34],[7.8,48.58],[8.09,48.8],[8.2,48.96],[7.94,49.05],[7.67,49.04],[7.49,49.16],[7.29,49.11],[7.09,49.13],[6.93,49.22],[6.73,49.17],[6.54,49.42],[6.36,49.46],[6.43,49.81],[6.25,49.88],[6.13,50.13],[6.17,50.22],[6.39,50.32],[6.27,50.61],[6.01,50.76]]],[[[13.52,54.51],[13.51,54.34],[13.25,54.26],[13.12,54.34],[13.23,54.49],[13.52,54.51]]]]}},{"type":"Feature","properties":{"NAME":"Poland","ABBREVN":"Poland","SUBJECTO":"Poland","BORDERPRECISION":3,"PARTOF":"Poland","SHAPE_HASH":"811e539f35"},"geometry":{"type":"Polygon","coordinates":[[[18.6,54.43],[18.45,54.31],[18.22,54.23],[18.24,54.15],[18.48,54.1],[18.78,54.15],[18.86,53.87],[18.76,53.6],[19.41,53.6],[19.59,53.57],[19.8,53.61],[19.94,53.46],[20.29,53.24],[20.52,53.34],[20.92,53.3],[21.3,53.46],[21.53,53.49],[21.86,53.47],[22.08,53.53],[22.44,53.71],[22.71,53.78],[22.76,53.94],[22.6,54.07],[22.56,54.27],[22.78,54.37],[23,54.39],[23.46,54.17],[23.51,53.95],[23.95,53.94],[24.14,54.05],[24.62,54.24],[24.82,54.54],[24.81,54.65],[24.93,54.9],[25.04,54.99],[25.58,55.05],[25.92,55.23],[26.35,55.62],[26.57,55.7],[27.22,55.78],[27.66,55.78],[28.14,55.66],[28.29,55.52],[28.4,55.33],[28.37,55.18],[28.26,55.06],[27.88,54.93],[27.68,54.69],[27.52,54.58],[27.51,54.33],[27.3,54.24],[27.22,54.06],[26.92,53.81],[26.94,53.46],[26.87,53.38],[26.91,53.2],[26.79,53.06],[26.92,52.87],[27.1,52.83],[27.27,52.6],[27.64,52.52],[27.47,52.29],[27.61,52.03],[27.41,51.75],[27.68,51.54],[27.46,51.43],[27.42,51.22],[27.24,50.87],[27.27,50.62],[27.18,50.5],[26.91,50.48],[26.69,50.42],[26.31,50.19],[26.14,49.94],[26.24,49.73],[26.2,49.51],[26.2,49.02],[26.24,48.81],[26.37,48.51],[26.08,48.55],[25.92,48.63],[25.57,48.67],[25.41,48.53],[25.33,48.33],[25.08,48.26],[25.02,48.14],[24.67,47.9],[24.51,47.96],[24.58,48.08],[24.39,48.35],[24.13,48.41],[23.58,48.73],[23.17,48.79],[22.96,48.87],[22.84,49.01],[22.59,49.09],[22.23,49.15],[22.03,49.22],[21.96,49.34],[21.61,49.44],[21.28,49.46],[21.07,49.42],[20.91,49.3],[20.74,49.39],[20.36,49.39],[19.84,49.19],[19.78,49.41],[19.58,49.46],[19.45,49.6],[19.27,49.53],[19.19,49.41],[18.97,49.4],[18.85,49.52],[18.81,49.67],[18.63,49.74],[18.55,49.92],[18.29,49.95],[18.26,50.13],[18.68,50.22],[18.93,50.34],[18.76,50.58],[18.58,50.62],[18.6,50.99],[18.43,51.11],[18.15,51.18],[17.85,51.13],[17.52,51.62],[17.26,51.65],[17.18,51.58],[16.86,51.59],[16.55,51.78],[16.38,51.8],[16.04,52.05],[15.89,52.07],[15.86,52.37],[15.79,52.46],[15.94,52.85],[16.1,52.9],[16.53,52.89],[16.66,53.04],[16.93,53.24],[17.13,53.26],[17.43,53.59],[17.49,53.74],[17.23,53.93],[17.24,54.08],[17.65,54.06],[17.55,54.25],[18.01,54.55],[18.04,54.83],[18.34,54.84],[18.57,54.55],[18.6,54.43]]]}},{"type":"Feature","properties":{"NAME":"Austria","ABBREVN":"Austria","SUBJECTO":"Austria","BORDERPRECISION":3,"PARTOF":"Austria","SHAPE_HASH":"9f48ee178d"},"geometry":{"type":"Polygon","coordinates":[[[9.54,47.28],[9.67,47.39],[9.57,47.54],[9.8,47.59],[10.04,47.5],[10.34,47.32],[10.47,47.44],[10.44,47.53],[10.69,47.55],[10.91,47.52],[10.98,47.4],[11.3,47.43],[11.68,47.58],[12.2,47.66],[12.74,47.68],[12.81,47.55],[13.05,47.5],[13.1,47.65],[13.01,47.85],[12.77,48.08],[12.87,48.2],[13.27,48.3],[13.4,48.37],[13.44,48.56],[13.73,48.52],[13.88,48.76],[14.18,48.6],[14.61,48.63],[14.82,48.79],[14.93,48.79],[15.03,49.02],[15.36,48.98],[15.69,48.86],[15.85,48.86],[16.06,48.76],[16.33,48.73],[16.46,48.81],[16.89,48.73],[16.95,48.62],[16.84,48.36],[16.98,48.19],[17.17,48.02],[17.06,47.88],[17.05,47.71],[16.76,47.69],[16.64,47.76],[16.45,47.7],[16.71,47.54],[16.42,47.21],[16.5,47.01],[16.3,47.01],[16.11,46.87],[15.99,46.76],[15.41,46.65],[15.06,46.65],[14.87,46.61],[14.82,46.52],[14.55,46.41],[14.15,46.44],[13.94,46.52],[13.72,46.52],[13.26,46.56],[12.38,46.72],[12.16,46.93],[12.19,47.09],[11.76,46.98],[11.48,47.01],[11.18,46.97],[11.02,46.77],[10.89,46.77],[10.68,46.87],[10.47,46.87],[10.39,47],[10.11,46.85],[9.88,46.94],[9.87,47.02],[9.6,47.06],[9.54,47.28]]]}},{"type":"Feature","properties":{"NAME":"Hungary","ABBREVN":"Hungary","SUBJECTO":"Hungary","BORDERPRECISION":3,"PARTOF":"Hungary","SHAPE_HASH":"d7ec8c291c"},"geometry":{"type":"Polygon","coordinates":[[[16.11,46.87],[16.3,47.01],[16.5,47.01],[16.42,47.21],[16.71,47.54],[16.45,47.7],[16.64,47.76],[16.76,47.69],[17.05,47.71],[17.06,47.88],[17.17,48.02],[17.19,48.27],[17.28,48.36],[17.48,48.38],[17.81,48.24],[18.04,48.24],[18.36,48.37],[18.55,48.25],[18.78,48.36],[19.11,48.3],[19.37,48.36],[19.48,48.51],[19.68,48.42],[20.21,48.75],[20.75,48.76],[21,48.92],[21.19,48.97],[21.48,48.93],[21.67,48.73],[21.95,48.73],[22.12,48.68],[22.15,48.41],[22.38,48.24],[22.49,48.25],[22.61,48.12],[22.79,48.12],[22.9,47.95],[22.65,47.78],[22.45,47.79],[22.27,47.73],[22.19,47.6],[22.01,47.51],[22,47.37],[21.71,47.08],[21.53,46.73],[21.33,46.62],[21.29,46.46],[21.18,46.3],[21.05,46.24],[20.85,46.28],[20.62,46.13],[20.49,46.18],[20.26,46.12],[20.12,46.17],[19.57,46.17],[19.28,45.99],[19.09,46.02],[19,45.96],[18.72,45.91],[18.43,45.75],[17.88,45.78],[17.66,45.85],[17.58,45.94],[17.39,45.94],[17.26,46.02],[17.15,46.18],[16.97,46.23],[16.87,46.35],[16.53,46.51],[16.33,46.76],[16.3,46.87],[16.11,46.87]]]}},{"type":"Feature","properties":{"NAME":"Czechoslovakia","ABBREVN":"Czechoslovakia","SUBJECTO":"Czechoslovakia","BORDERPRECISION":3,"PARTOF":"Czechoslovakia","SHAPE_HASH":"7e94548aaa"},"geometry":{"type":"Polygon","coordinates":[[[14.93,48.79],[14.62,48.83],[14.32,48.93],[14.25,49.04],[13.94,49.03],[13.55,49.11],[13.32,49.31],[13.14,49.38],[13.15,49.55],[13.33,49.63],[13.37,49.77],[13.27,50.07],[13.62,50.15],[13.74,50.24],[13.63,50.45],[13.84,50.53],[14.42,50.55],[14.52,50.47],[14.82,50.52],[14.93,50.64],[15.3,50.73],[15.59,50.7],[15.77,50.5],[15.92,50.44],[16.1,50.52],[16.37,50.36],[16.59,50.14],[16.83,50.02],[16.83,49.94],[16.64,49.84],[16.65,49.69],[16.79,49.67],[17.02,49.77],[17.44,49.67],[17.97,49.63],[18.08,49.89],[18.29,49.95],[18.55,49.92],[18.63,49.74],[18.81,49.67],[18.85,49.52],[18.97,49.4],[19.19,49.41],[19.27,49.53],[19.45,49.6],[19.58,49.46],[19.78,49.41],[19.84,49.19],[20.36,49.39],[20.74,49.39],[20.91,49.3],[21.07,49.42],[21.28,49.46],[21.61,49.44],[21.96,49.34],[22.03,49.22],[22.23,49.15],[22.59,49.09],[22.84,49.01],[22.96,48.87],[23.17,48.79],[23.58,48.73],[24.13,48.41],[24.39,48.35],[24.58,48.08],[24.51,47.96],[24.25,47.9],[24.03,47.96],[23.41,48],[23.26,48.09],[22.9,47.95],[22.79,48.12],[22.61,48.12],[22.49,48.25],[22.38,48.24],[22.15,48.41],[22.12,48.68],[21.95,48.73],[21.67,48.73],[21.48,48.93],[21.19,48.97],[21,48.92],[20.75,48.76],[20.21,48.75],[19.68,48.42],[19.48,48.51],[19.37,48.36],[19.11,48.3],[18.78,48.36],[18.55,48.25],[18.36,48.37],[18.04,48.24],[17.81,48.24],[17.48,48.38],[17.28,48.36],[17.19,48.27],[17.17,48.02],[16.98,48.19],[16.84,48.36],[16.95,48.62],[16.89,48.73],[16.46,48.81],[16.33,48.73],[16.06,48.76],[15.85,48.86],[15.69,48.86],[15.36,48.98],[15.03,49.02],[14.93,48.79]]]}},{"type":"Feature","properties":{"NAME":"Italy","ABBREVN":"Italy","SUBJECTO":"Italy","BORDERPRECISION":3,"PARTOF":"Italy","SHAPE_HASH":"60ca1d6ba0"},"geometry":{"type":"MultiPolygon","coordinates":[[[[15.53,38.14],[15.22,37.76],[15.09,37.35],[15.32,37.01],[15.15,36.91],[15.1,36.79],[15.13,36.67],[14.86,36.73],[14.78,36.7],[14.46,36.83],[14.25,37.06],[14.1,37.11],[13.89,37.1],[13.57,37.28],[13.33,37.36],[13.16,37.49],[12.92,37.57],[12.66,37.56],[12.47,37.7],[12.44,37.8],[12.51,38.02],[12.73,38.14],[12.89,38.03],[13.07,38.09],[13.1,38.18],[13.32,38.22],[13.38,38.11],[13.71,37.98],[14.01,38.04],[14.24,38.01],[14.52,38.04],[14.87,38.17],[15.09,38.12],[15.52,38.29],[15.53,38.14]]],[[[9.51,40.92],[9.61,40.92],[9.82,40.53],[9.63,40.19],[9.71,40.04],[9.63,39.43],[9.57,39.15],[9.44,39.12],[9.3,39.21],[9.15,39.18],[8.85,38.88],[8.62,38.92],[8.55,39.05],[8.37,39.23],[8.45,39.63],[8.54,39.78],[8.4,39.9],[8.46,40.14],[8.46,40.32],[8.3,40.59],[8.15,40.74],[8.19,40.91],[8.51,40.82],[8.78,40.92],[9.01,41.12],[9.23,41.25],[9.56,41.12],[9.63,40.99],[9.51,40.92]]],[[[7.53,43.78],[7.5,43.87],[7.71,44.08],[7.61,44.18],[7.35,44.13],[7.03,44.25],[6.88,44.38],[6.85,44.54],[7.03,44.74],[7.03,44.83],[6.75,44.92],[6.63,45.12],[6.94,45.18],[7.13,45.26],[7.15,45.43],[7,45.53],[6.81,45.73],[6.81,45.83],[7.04,45.93],[7.19,45.88],[7.54,45.98],[7.86,45.92],[8.15,46.15],[8.14,46.22],[8.3,46.42],[8.46,46.45],[8.45,46.25],[8.62,46.12],[8.82,46.1],[8.82,45.99],[8.95,45.85],[9.08,46.12],[9.24,46.23],[9.29,46.5],[9.46,46.47],[9.54,46.31],[9.71,46.3],[9.91,46.38],[10.07,46.22],[10.15,46.39],[10.05,46.45],[10.12,46.61],[10.45,46.54],[10.47,46.87],[10.68,46.87],[10.89,46.77],[11.02,46.77],[11.18,46.97],[11.48,47.01],[11.76,46.98],[12.19,47.09],[12.16,46.93],[12.38,46.72],[13.26,46.56],[13.72,46.52],[13.38,46.3],[13.67,46.18],[13.48,46.02],[13.63,45.95],[13.6,45.81],[13.79,45.75],[13.92,45.64],[13.72,45.6],[13.63,45.77],[13.5,45.71],[13.22,45.78],[13.09,45.64],[12.92,45.62],[12.59,45.48],[12.49,45.57],[12.29,45.47],[12.16,45.26],[12.36,45.06],[12.54,44.96],[12.48,44.85],[12.29,44.84],[12.25,44.69],[12.28,44.48],[12.37,44.25],[12.69,43.99],[12.82,43.96],[13.3,43.68],[13.6,43.57],[13.85,43.08],[13.99,42.71],[14.2,42.48],[14.74,42.09],[15.16,41.92],[15.4,41.9],[16.02,41.95],[16.15,41.91],[16.17,41.76],[15.9,41.61],[15.99,41.44],[16.66,41.19],[17.05,41.08],[17.29,40.96],[17.47,40.83],[18.01,40.64],[18.04,40.56],[18.42,40.29],[18.51,40.13],[18.42,39.99],[18.39,39.82],[18.2,39.84],[18,40],[18.01,40.1],[17.91,40.26],[17.51,40.3],[17.2,40.41],[17.08,40.52],[16.92,40.45],[16.79,40.31],[16.5,39.82],[16.53,39.66],[16.74,39.62],[17.15,39.4],[17.1,38.91],[16.83,38.92],[16.61,38.82],[16.53,38.71],[16.58,38.45],[16.33,38.3],[16.16,38.13],[16.06,37.92],[15.79,37.92],[15.67,37.96],[15.63,38.23],[15.82,38.3],[15.92,38.55],[15.83,38.63],[15.98,38.72],[16.13,38.72],[16.22,38.92],[16.1,39.02],[16.03,39.34],[15.81,39.68],[15.78,39.86],[15.66,40.03],[15.51,40.07],[15.35,40],[14.93,40.27],[14.99,40.4],[14.9,40.56],[14.75,40.68],[14.4,40.6],[14.45,40.75],[14.27,40.84],[14.07,40.82],[13.84,41.15],[13.71,41.25],[13.57,41.24],[13.28,41.3],[13.03,41.26],[12.93,41.37],[12.66,41.46],[12.22,41.79],[12.12,41.92],[11.83,42.03],[11.63,42.3],[11.37,42.4],[11.21,42.41],[11.19,42.51],[10.97,42.72],[10.59,42.96],[10.52,43.26],[10.3,43.54],[10.24,43.88],[10.09,44.02],[9.72,44.11],[9.23,44.35],[8.75,44.43],[8.5,44.32],[8.4,44.18],[8.27,44.14],[8.07,43.89],[7.67,43.78],[7.53,43.78]]]]}},{"type":"Feature","properties":{"NAME":"Malta","ABBREVN":"Malta","SUBJECTO":"Malta","BORDERPRECISION":3,"PARTOF":"Malta","SHAPE_HASH":"427826f85a"},"geometry":{"type":"Polygon","coordinates":[[[14.52,35.8],[14.33,35.9],[14.37,35.99],[14.57,35.87],[14.52,35.8]]]}},{"type":"Feature","properties":{"NAME":"Albania","ABBREVN":"Albania","SUBJECTO":"Albania","BORDERPRECISION":3,"PARTOF":"Albania","SHAPE_HASH":"4bbee6efdd"},"geometry":{"type":"Polygon","coordinates":[[[20.98,40.86],[21.05,40.67],[20.95,40.47],[20.79,40.43],[20.67,40.1],[20.43,40.06],[20.32,39.99],[20.41,39.84],[20.22,39.65],[20.06,39.68],[19.99,39.87],[19.86,40.04],[19.45,40.23],[19.49,40.44],[19.45,40.56],[19.31,40.65],[19.41,40.87],[19.51,41.25],[19.44,41.41],[19.58,41.61],[19.6,41.81],[19.37,41.85],[19.4,42.1],[19.29,42.18],[19.61,42.54],[19.82,42.47],[20.06,42.56],[20.22,42.43],[20.25,42.33],[20.53,42.21],[20.62,41.96],[20.52,41.74],[20.47,41.5],[20.6,41.09],[20.74,40.91],[20.98,40.86]]]}},{"type":"Feature","properties":{"NAME":"Yugoslavia","ABBREVN":"Yugoslavia","SUBJECTO":"Yugoslavia","BORDERPRECISION":3,"PARTOF":"Yugoslavia","SHAPE_HASH":"4e16b472b8"},"geometry":{"type":"MultiPolygon","coordinates":[[[[13.72,46.52],[13.94,46.52],[14.15,46.44],[14.55,46.41],[14.82,46.52],[14.87,46.61],[15.06,46.65],[15.41,46.65],[15.99,46.76],[16.11,46.87],[16.3,46.87],[16.33,46.76],[16.53,46.51],[16.87,46.35],[16.97,46.23],[17.15,46.18],[17.26,46.02],[17.39,45.94],[17.58,45.94],[17.66,45.85],[17.88,45.78],[18.43,45.75],[18.72,45.91],[19,45.96],[19.09,46.02],[19.28,45.99],[19.57,46.17],[20.12,46.17],[20.26,46.12],[20.37,45.98],[20.59,45.9],[20.72,45.74],[20.81,45.48],[20.99,45.35],[21.51,45.14],[21.41,44.97],[21.4,44.78],[21.6,44.76],[21.64,44.66],[22,44.63],[22.18,44.48],[22.31,44.66],[22.47,44.71],[22.61,44.62],[22.46,44.48],[22.53,44.35],[22.69,44.22],[22.61,44.12],[22.42,44],[22.37,43.83],[22.54,43.48],[22.76,43.39],[22.97,43.1],[22.74,42.89],[22.44,42.82],[22.45,42.6],[22.55,42.51],[22.52,42.4],[22.37,42.32],[22.52,42.15],[22.82,42.03],[22.97,41.78],[22.97,41.37],[22.93,41.34],[22.76,41.31],[22.74,41.16],[22.59,41.12],[22.26,41.17],[21.98,41.13],[21.79,40.93],[21.6,40.87],[21.41,40.91],[21.31,40.87],[20.98,40.86],[20.74,40.91],[20.6,41.09],[20.47,41.5],[20.52,41.74],[20.62,41.96],[20.53,42.21],[20.25,42.33],[20.22,42.43],[20.06,42.56],[19.82,42.47],[19.61,42.54],[19.29,42.18],[19.4,42.1],[19.37,41.85],[19.18,41.93],[19.14,42.04],[18.88,42.28],[18.52,42.4],[17.88,42.77],[17.44,42.87],[17.2,42.98],[17.45,43.03],[17.07,43.24],[16.88,43.4],[16.64,43.44],[16.35,43.55],[16.1,43.48],[15.92,43.57],[15.94,43.68],[15.69,43.78],[15.46,43.92],[15.15,44.2],[15.29,44.25],[15.27,44.37],[14.99,44.58],[14.89,44.7],[14.92,44.97],[14.83,45.12],[14.48,45.31],[14.32,45.35],[14.17,44.99],[13.99,44.89],[13.84,44.88],[13.6,45.16],[13.5,45.5],[13.72,45.6],[13.92,45.64],[13.79,45.75],[13.6,45.81],[13.63,45.95],[13.48,46.02],[13.67,46.18],[13.38,46.3],[13.72,46.52]]],[[[14.66,45.12],[14.73,44.94],[14.43,45.09],[14.55,45.24],[14.66,45.12]]]]}},{"type":"Feature","properties":{"NAME":"Greece","ABBREVN":"Greece","SUBJECTO":"Greece","BORDERPRECISION":3,"PARTOF":"Greece","SHAPE_HASH":"534816cf0a"},"geometry":{"type":"MultiPolygon","coordinates":[[[[23.85,35.52],[24.2,35.54],[24.27,35.36],[24.96,35.4],[25.05,35.35],[25.66,35.34],[25.73,35.3],[25.73,35.14],[25.81,35.11],[26.03,35.22],[26.3,35.28],[26.24,35.04],[25.34,34.98],[25.02,34.93],[24.75,34.95],[24.74,35.07],[24.56,35.1],[24.39,35.19],[24.04,35.19],[23.82,35.25],[23.59,35.23],[23.52,35.3],[23.57,35.53],[23.85,35.52]]],[[[27.8,35.89],[27.73,35.91],[27.72,36.17],[27.9,36.34],[28.21,36.44],[28.21,36.34],[28.06,36.11],[27.8,35.89]]],[[[23.11,36.24],[23.05,36.14],[22.91,36.2],[22.93,36.38],[23.11,36.24]]],[[[26.01,38.15],[25.86,38.24],[25.99,38.34],[25.83,38.54],[26,38.6],[26.16,38.54],[26.16,38.3],[26.01,38.15]]],[[[20.61,38.39],[20.81,38.11],[20.56,38.09],[20.34,38.2],[20.61,38.39]]],[[[26.07,39.08],[25.86,39.15],[25.86,39.25],[26.32,39.37],[26.42,39.32],[26.61,39.05],[26.52,38.97],[26.32,38.98],[26.07,39.08]]],[[[19.93,39.79],[19.93,39.47],[19.67,39.68],[19.67,39.79],[19.93,39.79]]],[[[25.44,40.01],[25.29,39.81],[25.05,39.86],[25.05,39.99],[25.44,40.01]]],[[[24.77,40.63],[24.64,40.58],[24.51,40.66],[24.65,40.8],[24.77,40.63]]],[[[20.89,37.81],[20.81,37.65],[20.63,37.81],[20.7,37.93],[20.89,37.81]]],[[[24.78,38],[24.96,37.87],[24.95,37.69],[24.7,37.96],[24.78,38]]],[[[23.45,38.87],[23.59,38.76],[23.85,38.68],[24.15,38.65],[24.19,38.39],[24.34,38.16],[24.56,38.14],[24.56,37.99],[24.39,37.99],[24.15,38.22],[24.05,38.37],[23.64,38.42],[23.6,38.57],[23.2,38.83],[22.83,38.83],[23.13,39],[23.3,39.04],[23.45,38.87]]],[[[26.97,36.7],[26.92,36.76],[27.17,36.89],[27.24,36.83],[26.97,36.7]]],[[[25.49,36.93],[25.35,37.08],[25.5,37.19],[25.6,37.11],[25.49,36.93]]],[[[27.07,37.73],[26.82,37.64],[26.71,37.71],[26.74,37.81],[26.99,37.78],[27.07,37.73]]],[[[20.06,39.68],[20.22,39.65],[20.41,39.84],[20.32,39.99],[20.43,40.06],[20.67,40.1],[20.79,40.43],[20.95,40.47],[21.05,40.67],[20.98,40.86],[21.31,40.87],[21.41,40.91],[21.6,40.87],[21.79,40.93],[21.98,41.13],[22.26,41.17],[22.59,41.12],[22.74,41.16],[22.76,41.31],[22.93,41.34],[23.19,41.32],[23.29,41.4],[23.63,41.38],[23.98,41.44],[24.09,41.55],[24.47,41.55],[24.61,41.43],[24.81,41.35],[24.9,41.41],[25.24,41.25],[25.56,41.32],[25.88,41.31],[26.14,41.35],[26.18,41.54],[26.08,41.71],[26.35,41.71],[26.57,41.61],[26.64,41.41],[26.61,41.33],[26.33,41.23],[26.36,40.95],[26.05,40.74],[26.02,40.83],[25.72,40.85],[25.18,40.94],[25.04,41],[24.78,40.85],[24.63,40.86],[24.56,40.95],[24.39,40.94],[24.31,40.84],[24.09,40.72],[23.84,40.79],[23.69,40.68],[23.8,40.58],[23.91,40.37],[23.73,40.35],[23.79,40.19],[23.99,40.11],[23.94,39.94],[23.65,40.23],[23.4,40.28],[23.33,40.21],[23.6,39.92],[23.38,39.99],[23.31,40.22],[22.9,40.4],[22.84,40.48],[22.63,40.38],[22.55,40.15],[22.57,40.06],[22.86,39.78],[22.93,39.59],[23.26,39.33],[23.12,39.31],[22.94,39.36],[22.82,39.27],[22.97,39.11],[22.94,38.93],[22.58,38.83],[22.95,38.75],[23.11,38.63],[23.32,38.64],[23.4,38.51],[23.53,38.5],[23.68,38.35],[23.96,38.28],[24.07,38.2],[24.01,38.07],[24.07,37.68],[23.56,37.98],[23.24,37.98],[23.11,37.92],[23.17,37.61],[23.42,37.53],[23.5,37.42],[23.07,37.36],[23.13,37.45],[22.78,37.59],[22.73,37.49],[23.01,37.02],[23.11,36.77],[22.97,36.52],[22.78,36.8],[22.57,36.77],[22.4,36.47],[22.36,36.7],[22.19,36.89],[22.15,37.02],[21.93,36.97],[21.96,36.8],[21.7,36.82],[21.71,36.94],[21.58,37.06],[21.58,37.2],[21.7,37.32],[21.65,37.44],[21.29,37.78],[21.11,37.84],[21.28,37.99],[21.38,38.21],[21.6,38.15],[21.78,38.31],[21.96,38.33],[22.22,38.18],[22.54,38.11],[22.86,37.94],[23.22,38.15],[23.12,38.21],[22.77,38.24],[22.69,38.32],[22.19,38.34],[21.95,38.41],[21.54,38.32],[21.36,38.43],[21.24,38.32],[21.14,38.39],[20.99,38.67],[20.73,38.8],[20.78,38.93],[21.16,38.98],[20.82,39.11],[20.68,39.08],[20.47,39.27],[20.35,39.29],[20.21,39.44],[20.17,39.63],[20.06,39.68]]]]}},{"type":"Feature","properties":{"NAME":"Cyprus","ABBREVN":"Cyprus","SUBJECTO":"Cyprus","BORDERPRECISION":3,"PARTOF":"Cyprus","SHAPE_HASH":"c142a84799"},"geometry":{"type":"Polygon","coordinates":[[[33.15,34.7],[33.03,34.66],[32.71,34.64],[32.41,34.75],[32.28,35.04],[32.42,35.04],[32.57,35.17],[32.84,35.14],[33,35.37],[33.37,35.33],[33.65,35.35],[33.97,35.44],[34.55,35.68],[34.57,35.64],[33.96,35.31],[33.9,35.16],[34.08,34.99],[33.86,34.94],[33.66,34.96],[33.6,34.82],[33.37,34.73],[33.15,34.7]]]}},{"type":"Feature","properties":{"NAME":"Bulgaria","ABBREVN":"Bulgaria","SUBJECTO":"Bulgaria","BORDERPRECISION":3,"PARTOF":"Bulgaria","SHAPE_HASH":"6ace6368b8"},"geometry":{"type":"Polygon","coordinates":[[[22.93,41.34],[22.97,41.37],[22.97,41.78],[22.82,42.03],[22.52,42.15],[22.37,42.32],[22.52,42.4],[22.55,42.51],[22.45,42.6],[22.44,42.82],[22.74,42.89],[22.97,43.1],[22.76,43.39],[22.54,43.48],[22.37,43.83],[22.42,44],[22.61,44.12],[22.69,44.22],[22.91,44.11],[22.87,43.85],[23.07,43.8],[23.42,43.86],[24.19,43.68],[24.5,43.76],[24.69,43.72],[25.22,43.69],[25.38,43.62],[25.79,43.71],[26.14,43.98],[26.31,44.03],[26.44,43.89],[26.61,43.82],[27.26,43.65],[27.46,43.63],[27.76,43.51],[27.81,43.41],[28.08,43.36],[27.89,43.04],[27.89,42.7],[27.73,42.71],[27.45,42.47],[27.68,42.42],[27.76,42.25],[28.02,41.99],[27.87,42.01],[27.57,41.91],[27.23,42.11],[27.04,42.08],[26.93,42.01],[26.62,41.97],[26.54,41.83],[26.38,41.82],[26.35,41.71],[26.08,41.71],[26.18,41.54],[26.14,41.35],[25.88,41.31],[25.56,41.32],[25.24,41.25],[24.9,41.41],[24.81,41.35],[24.61,41.43],[24.47,41.55],[24.09,41.55],[23.98,41.44],[23.63,41.38],[23.29,41.4],[23.19,41.32],[22.93,41.34]]]}},{"type":"Feature","properties":{"NAME":"Rumania","ABBREVN":"Rumania","SUBJECTO":"Rumania","BORDERPRECISION":3,"PARTOF":"Rumania","SHAPE_HASH":"784eef7407"},"geometry":{"type":"Polygon","coordinates":[[[24.51,47.96],[24.67,47.9],[24.9,47.72],[25.12,47.76],[25.33,47.92],[25.78,47.94],[26.16,47.99],[26.33,48.18],[26.64,48.27],[26.82,48.25],[27,48.16],[27.16,47.99],[27.3,47.66],[27.43,47.57],[27.8,47.15],[28.08,46.98],[28.23,46.67],[28.25,46.43],[28.09,45.99],[28.16,45.72],[28.07,45.58],[28.28,45.43],[28.38,45.3],[28.7,45.22],[29.22,45.43],[29.58,45.39],[29.67,45.29],[29.61,44.85],[29.21,44.79],[29.07,44.82],[28.98,45.01],[28.87,44.94],[28.93,44.78],[28.8,44.72],[28.76,44.52],[28.64,44.33],[28.66,43.98],[28.59,43.8],[28.59,43.5],[28.48,43.39],[28.3,43.42],[28.08,43.36],[27.81,43.41],[27.76,43.51],[27.46,43.63],[27.26,43.65],[26.61,43.82],[26.44,43.89],[26.31,44.03],[26.14,43.98],[25.79,43.71],[25.38,43.62],[25.22,43.69],[24.69,43.72],[24.5,43.76],[24.19,43.68],[23.42,43.86],[23.07,43.8],[22.87,43.85],[22.91,44.11],[22.69,44.22],[22.53,44.35],[22.46,44.48],[22.61,44.62],[22.47,44.71],[22.31,44.66],[22.18,44.48],[22,44.63],[21.64,44.66],[21.6,44.76],[21.4,44.78],[21.41,44.97],[21.51,45.14],[20.99,45.35],[20.81,45.48],[20.72,45.74],[20.59,45.9],[20.37,45.98],[20.26,46.12],[20.49,46.18],[20.62,46.13],[20.85,46.28],[21.05,46.24],[21.18,46.3],[21.29,46.46],[21.33,46.62],[21.53,46.73],[21.71,47.08],[22,47.37],[22.01,47.51],[22.19,47.6],[22.27,47.73],[22.45,47.79],[22.65,47.78],[22.9,47.95],[23.26,48.09],[23.41,48],[24.03,47.96],[24.25,47.9],[24.51,47.96]]]}},{"type":"Feature","properties":{"NAME":"Soviet Union","ABBREVN":"Soviet Union","SUBJECTO":"Soviet Union","BORDERPRECISION":3,"PARTOF":"Soviet Union","SHAPE_HASH":"3a8ff4a3e5"},"geometry":{"type":"MultiPolygon","coordinates":[[[[137.18,55.11],[137.08,54.94],[136.8,55.02],[137.18,55.11]]],[[[23.33,58.45],[23.14,58.44],[22.76,58.24],[22.48,58.24],[22.19,58.15],[21.88,58.26],[22.01,58.36],[21.91,58.46],[22.5,58.6],[22.91,58.62],[23.33,58.45]]],[[[163.47,58.49],[163.49,58.59],[163.69,58.74],[163.84,58.99],[164.58,59.23],[164.7,59.02],[164.68,58.9],[164.18,58.82],[163.59,58.58],[163.47,58.49]]],[[[22.8,59],[23.05,58.84],[22.47,58.71],[22.45,58.83],[22.24,58.88],[22.58,59.07],[22.8,59]]],[[[156.41,50.66],[156.19,50.68],[156.34,50.85],[156.49,50.84],[156.41,50.66]]],[[[155.79,50.19],[155.62,50.18],[155.36,50.05],[155.21,50.07],[155.25,50.3],[155.67,50.39],[155.76,50.46],[155.89,50.69],[156.11,50.76],[156.15,50.52],[155.79,50.19]]],[[[144.05,49.9],[142.13,49.89],[142.17,50.09],[142.15,50.33],[142.04,50.54],[142.09,50.81],[142.22,50.97],[142.25,51.15],[142.07,51.47],[141.8,51.68],[141.82,51.79],[141.65,51.89],[141.69,52.18],[141.64,52.31],[141.84,52.58],[141.86,52.85],[141.92,53.01],[141.77,53.37],[142.22,53.52],[142.35,53.36],[142.56,53.47],[142.5,53.66],[142.8,53.7],[142.71,53.95],[142.39,54.24],[142.63,54.33],[142.82,54.3],[143.01,54.13],[142.88,53.81],[143.1,53.55],[143.29,53.14],[143.34,52.73],[143.29,52.44],[143.18,52.31],[143.12,51.96],[143.31,51.73],[143.22,51.53],[143.45,51.5],[143.79,50.29],[143.99,50.03],[144.05,49.9]]],[[[137.99,54.89],[137.92,54.77],[137.65,54.65],[137.49,54.87],[137.45,55.02],[137.54,55.17],[138.1,55.06],[137.99,54.89]]],[[[166.12,55.33],[166.39,55],[166.64,54.85],[166.38,54.82],[166.07,55.07],[165.95,55.36],[166.12,55.33]]],[[[35.79,64.97],[35.54,65.1],[35.84,65.16],[35.79,64.97]]],[[[69.28,66.79],[69.74,66.76],[70.09,66.68],[70.1,66.53],[69.87,66.47],[69.28,66.79]]],[[[169.45,69.81],[169.27,69.75],[169.18,69.57],[168.83,69.57],[168.14,69.7],[167.76,69.83],[168.25,70.02],[169.21,69.9],[169.45,69.81]]],[[[161.16,69.08],[161.1,69.47],[161.39,69.46],[161.32,69.24],[161.16,69.08]]],[[[50.31,69.16],[49.96,69.08],[49.68,68.87],[48.79,68.72],[48.58,68.73],[48.22,68.89],[48.27,69.22],[48.58,69.42],[49.01,69.51],[49.31,69.5],[50.1,69.28],[50.31,69.16]]],[[[59.46,70.28],[59.82,70.12],[60.48,69.92],[60.55,69.8],[60.21,69.68],[59.6,69.71],[59.43,69.88],[59.02,69.85],[58.58,70.07],[58.41,70.25],[59,70.47],[59.46,70.28]]],[[[52.86,71.38],[52.81,71.3],[53.22,71.16],[53.04,71.02],[52.27,71.35],[52.86,71.38]]],[[[137.96,71.51],[137.68,71.41],[137.29,71.58],[137.75,71.59],[137.96,71.51]]],[[[77.76,72.3],[76.89,72.29],[77.58,72.62],[78.18,72.58],[78.39,72.48],[77.76,72.3]]],[[[128.14,72.58],[128.75,72.46],[129.09,72.48],[129.49,72.35],[129.52,72.24],[129.01,72.07],[128.76,72.07],[127.46,72.44],[126.68,72.43],[127.24,72.6],[127.8,72.64],[128.14,72.58]]],[[[129.23,72.83],[129.06,72.78],[128.32,72.81],[128.44,72.9],[129.23,72.83]]],[[[74.68,72.86],[74.21,72.96],[74.22,73.11],[74.69,73.06],[74.68,72.86]]],[[[79.56,72.73],[79.04,72.73],[78.58,72.85],[79.1,73.08],[79.54,72.91],[79.56,72.73]]],[[[127.3,73.52],[127.98,73.47],[128.26,73.27],[128.66,73.26],[129.1,73.13],[128.95,72.99],[128.38,72.92],[128.17,72.81],[127.33,72.71],[126.92,72.57],[126.3,72.5],[126.45,72.79],[126.36,72.91],[126.66,72.99],[126.76,73.17],[126.63,73.38],[127.3,73.52]]],[[[124.6,73.73],[125.68,73.46],[126.42,73.41],[126.71,73.08],[126.32,72.92],[126.38,72.8],[126.17,72.3],[125.72,72.37],[124.78,72.66],[124.32,72.69],[123.09,72.91],[123.32,72.97],[123.53,73.21],[123.22,73.4],[123.24,73.55],[123.97,73.62],[124.34,73.8],[124.6,73.73]]],[[[55.72,73.33],[56.47,73.22],[56.55,73.12],[56.26,72.97],[56.16,72.79],[55.84,72.74],[55.46,72.43],[55.58,72.19],[55.32,71.95],[56.08,71.27],[57.06,70.86],[57.47,70.81],[57.39,70.6],[56.79,70.7],[56.65,70.58],[56.12,70.59],[55.41,70.75],[55.14,70.56],[54.5,70.78],[54.05,70.74],[53.38,70.86],[53.74,70.95],[53.5,71.06],[53.56,71.2],[53.18,71.49],[52.92,71.41],[52.62,71.5],[51.8,71.47],[51.42,71.73],[51.4,71.85],[51.57,72.07],[51.84,72.16],[52.4,72.08],[52.41,72.23],[52.75,72.34],[52.73,72.67],[52.39,72.74],[52.6,72.85],[53.14,72.96],[53.15,73.15],[53.79,73.3],[54.23,73.27],[54.96,73.42],[55.32,73.33],[55.72,73.33]]],[[[147.02,75.33],[147.33,75.43],[148.39,75.42],[148.45,75.28],[148.79,75.21],[149.33,75.28],[150.1,75.23],[150.64,74.99],[150.63,74.89],[149.73,74.76],[148.7,74.76],[148.23,74.79],[147.66,74.95],[147.1,75],[146.07,75.22],[146.36,75.56],[147.02,75.33]]],[[[112.71,74.5],[113.36,74.46],[113.17,74.22],[112.82,74.1],[112.16,74.13],[111.58,74.26],[111.97,74.38],[112.08,74.55],[112.71,74.5]]],[[[142.15,73.89],[142.47,73.85],[143.43,73.52],[143.51,73.23],[143.18,73.2],[142.64,73.26],[141.63,73.31],[140.81,73.45],[140.57,73.45],[140.82,73.74],[141.13,73.88],[142,73.92],[142.15,73.89]]],[[[141.02,73.99],[140.45,73.9],[140.11,74.03],[140.09,74.18],[140.32,74.26],[140.87,74.27],[141.12,74.16],[141.02,73.99]]],[[[55.44,73.34],[54.97,73.44],[54.3,73.42],[54.35,73.56],[53.96,73.63],[53.85,73.77],[55.02,74.17],[55.52,74.21],[55.74,74.29],[55.44,74.44],[55.53,74.65],[56.39,74.72],[55.92,74.84],[56.38,74.91],[55.75,75.11],[55.93,75.19],[56.38,75.18],[56.91,75.24],[57.03,75.39],[57.74,75.32],[57.51,75.49],[58.15,75.57],[58.04,75.68],[58.52,75.72],[58.89,75.86],[60.04,75.99],[60.3,76.11],[60.81,76.12],[61.09,76.28],[61.68,76.31],[62.39,76.19],[63.02,76.22],[63.72,76.35],[64.06,76.31],[64.96,76.49],[65.16,76.47],[65.76,76.68],[66.43,76.85],[67.57,77.01],[68.51,76.95],[68.93,76.78],[68.86,76.54],[68.32,76.29],[67.46,76.18],[67.03,76.08],[64.37,75.73],[63.02,75.59],[62.28,75.44],[61.7,75.37],[60.43,75.01],[60.68,74.93],[60.37,74.79],[59.37,74.67],[59.15,74.44],[58.61,74.43],[58.72,74.24],[57.73,74.05],[57.94,73.8],[57.58,73.7],[57.59,73.61],[56.75,73.25],[55.93,73.3],[55.8,73.34],[55.44,73.34]]],[[[71.28,73.28],[71.68,73.18],[70.89,73.13],[70.24,73.04],[69.92,73.13],[70.06,73.26],[69.98,73.41],[70.93,73.52],[71.26,73.44],[71.28,73.28]]],[[[135.65,75.36],[135.45,75.44],[135.54,75.67],[136.18,75.61],[136.03,75.44],[135.65,75.36]]],[[[139.19,76.07],[139.82,75.97],[139.79,75.88],[140.54,75.75],[140.48,75.64],[140.91,75.61],[140.9,75.98],[141.76,76.1],[142.56,75.86],[143.16,75.81],[143.9,75.84],[144.83,75.64],[145.21,75.51],[144.75,75.43],[144.94,75.27],[144.35,75.04],[144.02,75.03],[142.93,75.13],[142.5,75.36],[142.51,75.46],[142.96,75.58],[142.9,75.72],[142.23,75.66],[142.15,75.38],[142.63,75.09],[143.58,75.01],[143.43,74.89],[142.07,74.89],[142.17,75],[140.3,74.84],[139.65,74.98],[139.5,74.76],[139.23,74.66],[138.14,74.78],[137.77,74.99],[137.14,75.13],[136.91,75.27],[137.29,75.59],[137.07,75.72],[137.59,75.81],[137.41,75.94],[138,76.02],[138.22,76.13],[138.87,76.22],[139.19,76.07]]],[[[96.37,76.3],[96.2,76.15],[95.56,76.2],[95.81,76.3],[96.37,76.3]]],[[[96.58,77.13],[96.17,76.99],[95.59,77.08],[96.58,77.13]]]]}},{"type":"Feature","properties":{"NAME":"Finland","ABBREVN":"Finland","SUBJECTO":"Finland","BORDERPRECISION":3,"PARTOF":"Finland","SHAPE_HASH":"6741d80e01"},"geometry":{"type":"MultiPolygon","coordinates":[[[[24.17,65.81],[23.89,66.16],[23.73,66.2],[23.64,66.43],[23.89,66.58],[24,66.8],[23.57,67.16],[23.77,67.42],[23.43,67.48],[23.49,67.87],[23.64,67.96],[23.39,68.04],[23.06,68.29],[22.83,68.39],[22.05,68.48],[21.73,68.59],[20.61,69.06],[21.03,69.03],[21.05,69.22],[21.32,69.33],[21.68,69.28],[22.55,68.74],[23.07,68.69],[23.2,68.63],[24.06,68.82],[24.35,68.71],[25.08,68.62],[25.17,68.79],[25.76,68.99],[25.71,69.21],[25.95,69.58],[25.94,69.67],[26.48,69.94],[27.05,69.91],[27.6,70.07],[27.99,70],[28.41,69.82],[29.1,69.71],[29.3,69.49],[28.83,69.24],[28.96,69.05],[28.45,68.92],[28.82,68.85],[28.46,68.53],[28.7,68.2],[29.36,68.08],[29.69,67.82],[30.03,67.69],[29.96,67.54],[29.53,67.29],[29.09,66.97],[29.08,66.88],[29.35,66.68],[29.63,66.33],[29.9,66.13],[30.13,65.71],[29.82,65.65],[29.75,65.35],[29.87,65.2],[29.65,65.07],[29.64,64.92],[29.81,64.79],[30.14,64.77],[30.21,64.66],[29.98,64.58],[30.06,64.41],[30.56,64.24],[30.6,64.05],[30.26,63.82],[30,63.74],[30.48,63.48],[30.91,63.35],[31.24,63.2],[31.58,62.91],[31.26,62.51],[30.7,62.21],[29.68,61.53],[29.17,61.23],[28.82,61.11],[27.74,60.51],[27.3,60.5],[27.22,60.58],[26.91,60.48],[26.42,60.39],[25.91,60.36],[25.72,60.25],[25.2,60.24],[24.95,60.14],[24.6,60.12],[23.8,59.96],[23.56,59.97],[23.25,59.84],[22.87,60.15],[22.9,60.22],[23.02,60.28],[22.57,60.21],[22.45,60.24],[22.63,60.38],[22.28,60.39],[21.36,60.65],[21.33,60.87],[21.44,61.17],[21.55,61.31],[21.49,61.8],[21.25,62.01],[21.39,62.21],[21.33,62.35],[21.11,62.45],[21.11,62.77],[21.4,62.89],[21.64,63.19],[21.97,63.18],[22.34,63.28],[22.32,63.37],[22.59,63.7],[22.82,63.64],[22.92,63.8],[23.32,63.9],[24,64.38],[24.34,64.52],[24.54,64.8],[25.44,64.95],[25.27,65.17],[25.35,65.48],[25.08,65.61],[24.67,65.65],[24.17,65.81]]],[[[22.82,60.23],[22.84,60.09],[22.73,60],[22.47,60],[22.42,60.15],[22.82,60.23]]]]}},{"type":"Feature","properties":{"NAME":"Sweden","ABBREVN":"Sweden","SUBJECTO":"Sweden","BORDERPRECISION":3,"PARTOF":"Sweden","SHAPE_HASH":"d83f7fb118"},"geometry":{"type":"MultiPolygon","coordinates":[[[[20.61,69.06],[21.73,68.59],[22.05,68.48],[22.83,68.39],[23.06,68.29],[23.39,68.04],[23.64,67.96],[23.49,67.87],[23.43,67.48],[23.77,67.42],[23.57,67.16],[24,66.8],[23.89,66.58],[23.64,66.43],[23.73,66.2],[23.89,66.16],[24.17,65.81],[23.93,65.76],[23.52,65.8],[23.08,65.7],[22.83,65.82],[22.33,65.83],[22.25,65.63],[22.42,65.55],[21.93,65.51],[21.93,65.4],[21.47,65.38],[21.58,65.06],[21.25,64.95],[21.27,64.62],[21.55,64.53],[21.59,64.44],[20.96,64.14],[20.77,63.87],[20.32,63.66],[19.9,63.61],[19.78,63.46],[19.43,63.55],[19.23,63.33],[18.29,63],[18.47,62.86],[17.99,62.73],[18.05,62.6],[17.84,62.49],[17.56,62.44],[17.37,62.33],[17.51,62.23],[17.46,62.01],[17.35,61.94],[17.33,61.71],[17.1,61.6],[17.22,61.43],[17.15,60.94],[17.28,60.84],[17.28,60.68],[17.61,60.63],[17.63,60.52],[17.96,60.59],[18.21,60.34],[18.44,60.34],[18.51,60.15],[18.78,60.11],[18.93,59.92],[18.84,59.71],[18.37,59.47],[18.12,59.45],[17.93,59.34],[17.73,59.44],[17.4,59.47],[17.12,59.55],[16.84,59.49],[17.11,59.37],[17.59,59.28],[17.85,59.26],[17.99,59.33],[18.28,59.31],[18.31,59.13],[17.03,58.64],[16.78,58.58],[16.93,58.49],[16.77,58.37],[16.82,58.2],[16.73,58.05],[16.71,57.7],[16.63,57.62],[16.69,57.48],[16.47,57.29],[16.56,57.09],[16.38,56.72],[16.22,56.61],[16,56.21],[15.87,56.09],[15.6,56.19],[15.38,56.14],[14.72,56.16],[14.33,55.94],[14.19,55.73],[14.37,55.54],[14.19,55.39],[13.94,55.43],[13.64,55.42],[13.38,55.34],[12.98,55.4],[12.92,55.57],[13.06,55.68],[12.46,56.3],[12.72,56.22],[12.73,56.47],[12.9,56.46],[12.88,56.64],[12.72,56.64],[12.58,56.83],[12.35,56.92],[12.11,57.25],[12.1,57.43],[11.9,57.42],[11.92,57.56],[11.7,57.7],[11.88,58.2],[11.73,58.33],[11.53,58.23],[11.2,58.4],[11.27,58.58],[11.23,58.79],[11.12,58.94],[11.17,59.07],[11.43,58.99],[11.62,58.91],[11.75,59.1],[11.79,59.3],[11.67,59.59],[11.9,59.7],[11.82,59.85],[12.13,59.89],[12.47,60.07],[12.59,60.52],[12.22,61],[12.63,61.06],[12.86,61.36],[12.53,61.57],[12.12,61.73],[12.29,62.26],[12.05,62.59],[12.03,62.89],[12.17,63.02],[11.94,63.27],[12.2,63.49],[12.15,63.59],[12.63,63.94],[12.99,64.06],[13.23,64.09],[13.99,64.02],[14.15,64.18],[14.12,64.47],[13.67,64.58],[14.32,65.13],[14.49,65.31],[14.5,65.59],[14.63,65.82],[14.51,66.12],[15.03,66.15],[15.47,66.28],[15.36,66.48],[15.63,66.61],[16.01,66.89],[16.35,67.02],[16.4,67.17],[16.09,67.41],[16.38,67.52],[16.57,67.66],[16.73,67.9],[17.27,68.09],[17.88,67.95],[18.16,68.17],[18.05,68.4],[18.36,68.54],[18.61,68.48],[18.95,68.49],[19.93,68.34],[20.2,68.47],[19.96,68.54],[20.35,68.79],[20.31,68.93],[20.1,69.04],[20.61,69.06]]],[[[16.47,56.22],[16.4,56.27],[16.39,56.53],[16.61,56.87],[16.77,56.8],[16.47,56.22]]],[[[18.21,56.91],[18.12,57.53],[18.47,57.81],[18.69,57.91],[19,57.9],[19.03,57.83],[18.81,57.7],[18.79,57.45],[18.71,57.24],[18.39,57.13],[18.21,56.91]]],[[[11.71,58.1],[11.41,58.14],[11.67,58.29],[11.81,58.22],[11.71,58.1]]]]}},{"type":"Feature","properties":{"NAME":"Norway","ABBREVN":"Norway","SUBJECTO":"Norway","BORDERPRECISION":3,"PARTOF":"Norway","SHAPE_HASH":"f1c6a2bce0"},"geometry":{"type":"MultiPolygon","coordinates":[[[[12.15,65.23],[12.22,65.54],[12.5,65.39],[12.15,65.23]]],[[[8.5,63.43],[8.29,63.49],[8.61,63.61],[8.97,63.65],[9.17,63.56],[8.5,63.43]]],[[[5.48,60.44],[5.36,60.52],[5.69,60.64],[5.68,60.47],[5.48,60.44]]],[[[28.96,69.05],[28.83,69.24],[29.3,69.49],[29.1,69.71],[28.41,69.82],[27.99,70],[27.6,70.07],[27.05,69.91],[26.48,69.94],[25.94,69.67],[25.95,69.58],[25.71,69.21],[25.76,68.99],[25.17,68.79],[25.08,68.62],[24.35,68.71],[24.06,68.82],[23.2,68.63],[23.07,68.69],[22.55,68.74],[21.68,69.28],[21.32,69.33],[21.05,69.22],[21.03,69.03],[20.61,69.06],[20.1,69.04],[20.31,68.93],[20.35,68.79],[19.96,68.54],[20.2,68.47],[19.93,68.34],[18.95,68.49],[18.61,68.48],[18.36,68.54],[18.05,68.4],[18.16,68.17],[17.88,67.95],[17.27,68.09],[16.73,67.9],[16.57,67.66],[16.38,67.52],[16.09,67.41],[16.4,67.17],[16.35,67.02],[16.01,66.89],[15.63,66.61],[15.36,66.48],[15.47,66.28],[15.03,66.15],[14.51,66.12],[14.63,65.82],[14.5,65.59],[14.49,65.31],[14.32,65.13],[13.67,64.58],[14.12,64.47],[14.15,64.18],[13.99,64.02],[13.23,64.09],[12.99,64.06],[12.63,63.94],[12.15,63.59],[12.2,63.49],[11.94,63.27],[12.17,63.02],[12.03,62.89],[12.05,62.59],[12.29,62.26],[12.12,61.73],[12.53,61.57],[12.86,61.36],[12.63,61.06],[12.22,61],[12.59,60.52],[12.47,60.07],[12.13,59.89],[11.82,59.85],[11.9,59.7],[11.67,59.59],[11.79,59.3],[11.75,59.1],[11.62,58.91],[11.43,58.99],[11.35,59.11],[11.06,59.12],[10.8,59.19],[10.66,59.36],[10.37,59.27],[10.23,59.04],[9.95,58.95],[9.79,59.04],[9.41,58.84],[9.18,58.66],[9,58.6],[8.51,58.27],[8.25,58.2],[8.21,58.12],[7.62,58.02],[7.15,58.05],[7.01,57.99],[6.78,58.11],[6.76,58.24],[6.35,58.27],[6.01,58.38],[5.96,58.47],[5.62,58.56],[5.46,58.75],[5.56,59.03],[5.87,59.07],[6.13,59.26],[5.85,59.34],[5.54,59.28],[5.28,59.35],[5.18,59.5],[5.48,59.73],[5.74,59.68],[5.74,59.91],[5.64,60.15],[5.41,60.13],[5.14,60.36],[5.31,60.52],[5.49,60.42],[5.71,60.46],[5.72,60.67],[5.36,60.56],[5.2,60.58],[5.03,60.74],[4.98,60.95],[5.12,61.14],[4.95,61.26],[4.95,61.41],[5.19,61.5],[5.19,61.63],[4.98,61.74],[5.42,61.91],[5.4,62.02],[5.1,62.11],[5.19,62.2],[5.68,62.17],[6.29,62.37],[6.33,62.61],[6.76,62.65],[6.95,62.72],[6.95,62.93],[7.27,63.01],[7.45,62.91],[7.98,62.97],[7.97,63.08],[8.63,63.18],[8.48,63.29],[8.64,63.4],[9.42,63.53],[9.72,63.63],[9.96,63.43],[10.55,63.43],[10.78,63.48],[10.97,63.7],[11.18,63.71],[11.43,63.84],[11.1,63.89],[10.94,63.74],[10.39,63.57],[9.92,63.51],[9.79,63.66],[9.55,63.77],[9.86,63.89],[10.17,64.19],[10.59,64.43],[11.07,64.52],[11.34,64.39],[11.54,64.56],[11.4,64.67],[11.43,64.92],[11.78,64.97],[11.98,65.07],[12.42,65.08],[12.34,65.29],[12.54,65.38],[12.56,65.5],[12.35,65.64],[12.55,65.75],[12.65,65.9],[12.93,65.99],[12.84,66.13],[13.37,66.24],[13.16,66.4],[13.17,66.65],[13.29,66.72],[14.22,66.98],[14.33,67.14],[14.54,67.25],[14.84,67.64],[14.76,67.8],[15.03,67.89],[15.26,67.86],[15.96,68.01],[15.52,68.05],[15.67,68.15],[16.09,68.07],[16.47,68.09],[16.48,68.18],[16.11,68.27],[16.55,68.4],[16.47,68.51],[16.62,68.64],[17.24,68.75],[17.64,69.1],[18.15,69.15],[18,69.28],[18.17,69.43],[18.85,69.55],[19.27,69.78],[20.05,69.8],[20.32,69.67],[20.81,69.81],[21.05,69.79],[21.25,70],[22.1,69.74],[21.81,70.04],[21.21,70.21],[21.52,70.3],[21.99,70.32],[22.96,70.2],[23.17,69.96],[23.47,69.98],[23.33,70.22],[23.81,70.48],[24.3,70.67],[24.26,70.83],[24.57,70.93],[25.16,70.92],[25.44,70.95],[25.92,70.86],[25.09,70.51],[24.94,70.09],[25.26,70.1],[25.52,70.27],[25.43,70.32],[26.52,70.93],[26.73,70.9],[26.51,70.43],[27.03,70.47],[27.09,70.71],[27.34,70.82],[27.13,70.92],[27.47,71.01],[28.21,71.08],[28.54,70.97],[28.12,70.73],[28.11,70.49],[28.33,70.47],[28.54,70.74],[28.85,70.88],[29.25,70.84],[29.35,70.66],[29.77,70.73],[30.11,70.71],[30.34,70.6],[30.94,70.45],[31.07,70.29],[30.53,70.24],[30.32,70.12],[29.8,70.07],[29.04,70.13],[29.2,70.01],[29.64,69.97],[29.77,69.83],[29.66,69.73],[30.45,69.81],[30.85,69.79],[30.86,69.54],[30.55,69.54],[30.2,69.67],[30.1,69.5],[29.31,69.32],[29.25,69.12],[28.96,69.05]]],[[[25.46,70.96],[25.33,71.07],[25.83,71.1],[25.93,71],[25.46,70.96]]],[[[15.51,68.45],[15.22,68.56],[15.46,68.66],[15.46,68.81],[15.63,68.94],[15.9,68.96],[16.54,68.76],[16.5,68.55],[16.23,68.55],[15.86,68.43],[15.51,68.45]]],[[[14,68.24],[13.7,68.07],[13.53,68.23],[14,68.24]]],[[[15.03,68.36],[14.53,68.2],[14.3,68.3],[14.63,68.42],[15.03,68.36]]],[[[15.38,68.85],[15.4,68.7],[15.06,68.57],[14.37,68.69],[14.64,68.83],[14.89,68.75],[15,68.95],[15.38,68.85]]],[[[15.52,68.91],[15.56,69.1],[15.86,69.03],[15.52,68.91]]],[[[17.67,69.55],[18.08,69.42],[17.86,69.16],[17.52,69.19],[17.21,69.09],[17,69.13],[16.94,69.39],[17.29,69.41],[17.67,69.55]]],[[[20.83,70.2],[20.79,70.06],[20.43,70.07],[20.43,70.18],[20.83,70.2]]],[[[23.87,70.51],[23.63,70.69],[23.83,70.74],[24.12,70.61],[23.87,70.51]]],[[[23.59,70.58],[23.64,70.44],[23.35,70.31],[23.09,70.29],[22.85,70.41],[23.18,70.55],[23.59,70.58]]],[[[18.89,69.69],[18.73,69.56],[18.23,69.53],[18.19,69.71],[18.63,69.76],[18.89,69.69]]],[[[19.33,70.01],[19.68,69.98],[19.41,69.84],[19.09,69.79],[18.72,69.94],[18.84,70.01],[19.33,70.01]]]]}},{"type":"Feature","properties":{"NAME":"Denmark","ABBREVN":"Denmark","SUBJECTO":"Denmark","BORDERPRECISION":3,"PARTOF":"Denmark","SHAPE_HASH":"e43d7968d8"},"geometry":{"type":"MultiPolygon","coordinates":[[[[15.08,55],[14.68,55.1],[14.75,55.29],[15.15,55.13],[15.08,55]]],[[[9.38,54.83],[8.93,54.91],[8.66,54.91],[8.69,55.14],[8.59,55.44],[8.09,55.56],[8.19,55.81],[8.4,55.89],[8.31,56.05],[8.14,56.11],[8.12,56.55],[8.16,56.65],[8.52,56.54],[8.96,56.81],[9.11,56.79],[9.3,57],[9.97,57.07],[10.27,56.91],[10.28,56.6],[10.53,56.51],[10.79,56.53],[10.96,56.44],[10.75,56.16],[10.52,56.1],[10.36,56.2],[10.22,56.14],[10.28,56.02],[10.1,55.88],[9.99,55.7],[9.82,55.6],[9.59,55.42],[9.71,55.24],[9.46,55.12],[9.73,54.99],[9.77,54.9],[9.45,54.83],[9.41,54.83],[9.38,54.83]]],[[[8.24,56.75],[8.25,56.81],[8.62,57.12],[9.39,57.15],[9.58,57.24],[9.96,57.59],[10.44,57.61],[10.53,57.41],[10.53,57.22],[10.34,56.99],[10,57.09],[9.25,57],[9.12,57.05],[8.68,56.95],[8.46,56.7],[8.24,56.75]]],[[[8.62,56.83],[8.92,56.92],[8.77,56.69],[8.62,56.83]]],[[[11.75,54.86],[11.85,54.96],[12.16,54.83],[11.97,54.7],[11.75,54.86]]],[[[11.86,54.74],[11.78,54.64],[11.46,54.62],[11.02,54.76],[11.01,54.89],[11.24,54.96],[11.56,54.82],[11.71,54.88],[11.86,54.74]]],[[[9.75,55.54],[9.87,55.51],[10.32,55.61],[10.6,55.49],[10.75,55.49],[10.83,55.3],[10.73,55.07],[10.5,55.03],[10.15,55.08],[10.11,55.18],[9.9,55.28],[9.75,55.54]]],[[[12.57,55.99],[12.52,55.91],[12.6,55.7],[12.25,55.55],[12.19,55.46],[12.46,55.29],[12.03,55.17],[12.18,55.12],[12.16,55],[11.9,54.99],[11.73,55.06],[11.74,55.2],[11.25,55.2],[11.22,55.4],[11.09,55.67],[11.34,55.75],[11.61,55.94],[11.8,55.69],[11.92,55.93],[11.86,55.97],[12.28,56.13],[12.51,56.09],[12.57,55.99]]]]}},{"type":"Feature","properties":{"NAME":"Iceland","ABBREVN":"Iceland","SUBJECTO":"Iceland","BORDERPRECISION":3,"PARTOF":"Iceland","SHAPE_HASH":"531f619fb8"},"geometry":{"type":"Polygon","coordinates":[[[-14.33,65.64],[-13.87,65.61],[-13.61,65.51],[-13.74,65.32],[-13.5,65.07],[-13.99,64.74],[-14.43,64.61],[-14.54,64.4],[-14.71,64.41],[-14.97,64.26],[-15.39,64.28],[-16.02,64.13],[-16.45,63.91],[-17.02,63.79],[-17.24,63.8],[-17.97,63.67],[-17.95,63.52],[-18.71,63.39],[-19.28,63.43],[-19.87,63.55],[-20.22,63.55],[-20.5,63.67],[-20.68,63.85],[-20.85,63.79],[-21.32,63.89],[-21.62,63.82],[-22.33,63.86],[-22.68,63.8],[-22.74,63.98],[-22.52,63.98],[-21.97,64.07],[-21.82,64.15],[-21.81,64.34],[-22.1,64.31],[-22.17,64.45],[-22.41,64.65],[-22.41,64.81],[-23.53,64.81],[-23.91,64.74],[-24.06,64.89],[-23.7,64.89],[-23.2,65.01],[-22.96,65],[-22.36,65.06],[-22.5,65.23],[-22.22,65.42],[-22.57,65.53],[-22.91,65.56],[-23.23,65.48],[-23.62,65.46],[-24.46,65.48],[-24.15,65.6],[-24.02,65.8],[-23.79,65.92],[-23.79,66.06],[-23.47,66.2],[-23.03,66.1],[-22.98,66.03],[-22.58,65.96],[-22.5,66.08],[-22.84,66.15],[-22.83,66.26],[-23.14,66.33],[-22.94,66.47],[-22.42,66.43],[-22.2,66.27],[-21.97,66.27],[-21.64,66.07],[-21.29,65.92],[-21.34,65.73],[-21.2,65.43],[-20.98,65.43],[-20.94,65.58],[-20.45,65.49],[-20.26,65.74],[-20.42,66.08],[-20.09,66.12],[-19.92,65.94],[-19.42,65.73],[-19.45,66.05],[-18.85,66.2],[-18.55,66.08],[-18.3,66.18],[-17.96,66.15],[-17.61,65.99],[-17.42,65.99],[-17.23,66.19],[-16.74,66.11],[-16.43,66.29],[-16.53,66.51],[-16.03,66.54],[-15.75,66.29],[-15.37,66.15],[-15.01,66.27],[-15.01,66.05],[-14.66,66.04],[-14.61,65.95],[-14.82,65.72],[-14.34,65.78],[-14.33,65.64]]]}},{"type":"Feature","properties":{"NAME":"Cape Verde","ABBREVN":"Cape Verde","SUBJECTO":"Cape Verde","BORDERPRECISION":3,"PARTOF":"Cape Verde","SHAPE_HASH":"ca29974955"},"geometry":{"type":"MultiPolygon","coordinates":[[[[-24.38,14.81],[-24.52,14.92],[-24.38,15.05],[-24.3,14.98],[-24.38,14.81]]],[[[-23.53,14.9],[-23.68,14.94],[-23.79,15.07],[-23.77,15.25],[-23.67,15.24],[-23.44,15.01],[-23.53,14.9]]],[[[-22.71,16.04],[-22.8,15.98],[-22.95,16.02],[-22.87,16.21],[-22.72,16.21],[-22.71,16.04]]],[[[-25.21,16.92],[-25.3,16.92],[-25.33,17.1],[-25.09,17.19],[-25,17.06],[-25.21,16.92]]]]}},{"type":"Feature","properties":{"NAME":"Guinea-Bissau","ABBREVN":"Guinea-Bissau","SUBJECTO":"Guinea-Bissau","BORDERPRECISION":3,"PARTOF":"Guinea-Bissau","SHAPE_HASH":"16a6106646"},"geometry":{"type":"MultiPolygon","coordinates":[[[[-16.72,12.33],[-16.38,12.37],[-16.21,12.46],[-15.69,12.43],[-15.42,12.55],[-15.22,12.68],[-13.71,12.68],[-13.64,12.45],[-13.73,12.26],[-13.86,12.28],[-13.96,12.2],[-13.71,12.02],[-13.71,11.72],[-14,11.64],[-14.28,11.68],[-14.51,11.51],[-14.68,11.51],[-14.81,11.35],[-14.87,11.18],[-15.01,10.96],[-15.1,11.07],[-15.35,11.14],[-15.5,11.33],[-15.44,11.55],[-15.45,11.67],[-15.56,11.73],[-15.46,11.87],[-15.96,11.74],[-15.93,11.88],[-16.12,11.88],[-16.33,12],[-16.35,12.19],[-16.5,12.18],[-16.55,12.26],[-16.72,12.33]]],[[[-16.08,11.03],[-16.24,11.11],[-16.08,11.21],[-16.08,11.03]]]]}},{"type":"Feature","properties":{"NAME":"Equatorial Guinea","ABBREVN":"Equatorial Guinea","SUBJECTO":"Equatorial Guinea","BORDERPRECISION":3,"PARTOF":"Equatorial Guinea","SHAPE_HASH":"2fd76b8d17"},"geometry":{"type":"MultiPolygon","coordinates":[[[[11.34,2.17],[11.35,1],[10,1],[9.95,0.93],[9.8,1],[9.75,1.1],[9.57,1.07],[9.36,1.17],[9.46,1.39],[9.64,1.59],[9.64,1.7],[9.81,1.93],[9.77,2.32],[9.81,2.35],[9.83,2.26],[10.02,2.17],[11.34,2.17]]],[[[8.78,3.33],[8.69,3.2],[8.49,3.25],[8.42,3.34],[8.47,3.46],[8.57,3.46],[8.63,3.65],[8.74,3.76],[8.92,3.75],[8.95,3.62],[8.78,3.33]]]]}},{"type":"Feature","properties":{"NAME":"Gambia","ABBREVN":"Gambia","SUBJECTO":"Gambia","BORDERPRECISION":3,"PARTOF":"Gambia","SHAPE_HASH":"bda6d7b3bc"},"geometry":{"type":"Polygon","coordinates":[[[-16.75,13.05],[-16.82,13.37],[-16.68,13.49],[-16.55,13.3],[-16.5,13.41],[-16.57,13.59],[-15.49,13.59],[-15.46,13.71],[-15.34,13.79],[-15.25,13.74],[-15.07,13.83],[-14.91,13.8],[-14.72,13.61],[-14.54,13.65],[-14.47,13.53],[-14.33,13.45],[-13.98,13.58],[-13.8,13.44],[-13.87,13.32],[-14.21,13.23],[-14.35,13.24],[-14.55,13.34],[-14.69,13.35],[-14.77,13.42],[-14.95,13.47],[-15.11,13.6],[-15.22,13.41],[-15.81,13.34],[-15.81,13.16],[-16.62,13.17],[-16.75,13.05]]]}},{"type":"Feature","properties":{"NAME":"Mali","ABBREVN":"Mali","SUBJECTO":"Mali","BORDERPRECISION":3,"PARTOF":"Mali","SHAPE_HASH":"79af49297b"},"geometry":{"type":"Polygon","coordinates":[[[4.25,19.15],[4.25,18],[4.25,16.99],[4.2,16.82],[4.2,16.39],[4.07,16.3],[3.98,16.07],[3.9,15.75],[3.73,15.65],[3.57,15.51],[3.52,15.36],[3.03,15.43],[3.01,15.34],[2.63,15.35],[1.31,15.29],[0.97,14.98],[0.7,14.94],[0.51,15],[0.24,14.92],[-0.25,15.08],[-0.39,15.01],[-0.44,15.08],[-0.72,15.08],[-1.07,14.78],[-1.32,14.73],[-1.22,14.55],[-0.97,14.43],[-0.85,14.27],[-0.81,13.94],[-1.18,13.64],[-1.27,13.49],[-1.29,13.21],[-1.36,13.13],[-1.67,13.08],[-1.88,13.12],[-2.24,13.1],[-2.48,13.06],[-2.65,12.98],[-2.75,12.63],[-2.91,12.45],[-3,12.41],[-3.21,12.46],[-3.27,12.65],[-3.45,12.74],[-3.53,12.66],[-3.57,12.42],[-3.66,12.41],[-3.79,12.27],[-3.83,12.13],[-3.94,11.98],[-4.15,11.97],[-4.34,11.9],[-4.42,11.93],[-4.45,12.08],[-4.57,12.2],[-4.63,12.07],[-5.15,11.95],[-5.27,11.84],[-5.27,11.69],[-5.2,11.54],[-5.25,11.25],[-5.3,11.14],[-5.49,11.08],[-5.41,10.84],[-5.48,10.53],[-5.57,10.46],[-5.79,10.42],[-5.88,10.37],[-6,10.19],[-6.19,10.23],[-6.19,10.64],[-6.24,10.74],[-6.41,10.69],[-6.42,10.55],[-6.65,10.66],[-6.68,10.49],[-6.65,10.36],[-6.94,10.35],[-7.08,10.2],[-7.27,10.25],[-7.36,10.35],[-7.64,10.45],[-7.73,10.38],[-7.83,10.2],[-7.97,10.16],[-7.98,10.33],[-8.27,10.5],[-8.32,10.76],[-8.29,11.01],[-8.46,11.05],[-8.58,10.97],[-8.68,11],[-8.48,11.29],[-8.36,11.38],[-8.6,11.48],[-8.71,11.66],[-8.83,11.66],[-8.78,11.93],[-8.8,12.01],[-8.98,12.23],[-8.98,12.39],[-9.15,12.49],[-9.31,12.5],[-9.32,12.27],[-9.58,12.19],[-9.7,12.03],[-9.87,12.05],[-10.1,12.18],[-10.33,12.22],[-10.65,11.89],[-10.73,11.92],[-10.81,12.11],[-10.96,12.23],[-11.05,12.2],[-11.15,12.04],[-11.24,12],[-11.49,12.18],[-11.37,12.41],[-11.42,12.66],[-11.38,12.98],[-11.52,13.11],[-11.55,13.28],[-11.63,13.39],[-11.74,13.41],[-11.81,13.31],[-12.03,13.61],[-12.06,13.7],[-11.96,13.8],[-12.01,13.97],[-11.98,14.15],[-12.03,14.28],[-12.21,14.4],[-12.18,14.61],[-12.24,14.76],[-12.06,14.73],[-11.84,14.86],[-11.8,15.01],[-11.83,15.2],[-11.71,15.55],[-11.64,15.53],[-11.47,15.64],[-11.39,15.91],[-11.3,15.98],[-11.05,15.95],[-10.42,15.95],[-10.14,15.98],[-9.89,16.12],[-9.49,16.44],[-9.18,16.79],[-8.98,17.24],[-8.66,17.87],[-8.15,18.91],[-7.96,19.36],[-7.65,19.95],[-7.42,20.46],[-7.2,21.02],[-6.88,21.68],[-6.73,21.91],[-6.38,22.7],[-6.35,23.14],[-6.44,23.88],[-6.58,25],[-6.73,26.17],[-5.86,25.65],[-4.53,24.83],[-3.23,24],[-2.45,23.49],[-1.14,22.61],[-0.01,21.83],[1.17,21.1],[1.2,21],[1.18,20.73],[1.48,20.64],[1.66,20.54],[1.67,20.42],[1.9,20.26],[2.09,20.22],[2.2,20.28],[2.34,20.18],[2.42,20.05],[2.59,20],[2.9,19.97],[3.23,19.82],[3.21,19.56],[3.27,19.38],[3.12,19.15],[3.33,18.98],[4.25,19.15]]]}},{"type":"Feature","properties":{"NAME":"Senegal","ABBREVN":"Senegal","SUBJECTO":"Senegal","BORDERPRECISION":3,"PARTOF":"Senegal","SHAPE_HASH":"1e133fd878"},"geometry":{"type":"Polygon","coordinates":[[[-13.71,12.68],[-15.22,12.68],[-15.42,12.55],[-15.69,12.43],[-16.21,12.46],[-16.38,12.37],[-16.72,12.33],[-16.79,12.42],[-16.8,12.83],[-16.75,13.05],[-16.62,13.17],[-15.81,13.16],[-15.81,13.34],[-15.22,13.41],[-15.11,13.6],[-14.95,13.47],[-14.77,13.42],[-14.69,13.35],[-14.55,13.34],[-14.35,13.24],[-14.21,13.23],[-13.87,13.32],[-13.8,13.44],[-13.98,13.58],[-14.33,13.45],[-14.47,13.53],[-14.54,13.65],[-14.72,13.61],[-14.91,13.8],[-15.07,13.83],[-15.25,13.74],[-15.34,13.79],[-15.46,13.71],[-15.49,13.59],[-16.57,13.59],[-16.64,13.75],[-16.74,13.82],[-16.75,13.95],[-16.88,14.18],[-16.95,14.38],[-17.06,14.45],[-17.18,14.65],[-17.38,14.8],[-17.13,14.93],[-16.88,15.22],[-16.55,15.76],[-16.53,16.06],[-16.39,16.22],[-16.29,16.52],[-16.12,16.55],[-16.06,16.48],[-15.89,16.51],[-15.7,16.48],[-15.44,16.58],[-15.24,16.56],[-15.02,16.64],[-14.34,16.64],[-14.03,16.36],[-13.97,16.23],[-13.82,16.14],[-13.67,16.1],[-13.52,16.13],[-13.4,16.06],[-13.25,15.68],[-13.06,15.48],[-12.96,15.5],[-12.85,15.21],[-12.69,15.09],[-12.48,15.01],[-12.45,14.91],[-12.24,14.76],[-12.18,14.61],[-12.21,14.4],[-12.03,14.28],[-11.98,14.15],[-12.01,13.97],[-11.96,13.8],[-12.06,13.7],[-12.03,13.61],[-11.81,13.31],[-11.74,13.41],[-11.63,13.39],[-11.55,13.28],[-11.52,13.11],[-11.38,12.98],[-11.42,12.66],[-11.37,12.41],[-11.48,12.44],[-11.69,12.39],[-11.9,12.41],[-12.13,12.38],[-12.35,12.3],[-12.39,12.37],[-12.59,12.37],[-12.63,12.44],[-12.79,12.47],[-12.9,12.55],[-13.05,12.48],[-13.06,12.63],[-13.71,12.68]]]}},{"type":"Feature","properties":{"NAME":"Benin","ABBREVN":"Benin","SUBJECTO":"Benin","BORDERPRECISION":3,"PARTOF":"Benin","SHAPE_HASH":"d9f77f6c92"},"geometry":{"type":"Polygon","coordinates":[[[3.6,11.69],[3.48,11.43],[3.69,11.13],[3.78,10.9],[3.75,10.8],[3.85,10.7],[3.86,10.59],[3.79,10.4],[3.64,10.41],[3.58,10.28],[3.68,10.16],[3.61,9.95],[3.52,9.85],[3.35,9.81],[3.36,9.68],[3.17,9.5],[3.17,9.3],[3.1,9.09],[2.81,9.07],[2.74,8.77],[2.76,8.49],[2.71,8.34],[2.75,8.21],[2.69,7.91],[2.73,7.66],[2.78,7.13],[2.73,6.95],[2.76,6.77],[2.72,6.37],[2.28,6.32],[1.63,6.23],[1.8,6.28],[1.77,6.41],[1.58,6.68],[1.64,7],[1.64,8],[1.62,8.36],[1.62,9.03],[1.57,9.17],[1.42,9.32],[1.37,9.64],[1.36,10],[0.78,10.38],[0.8,10.72],[0.88,10.8],[0.92,11],[1.08,11.12],[1.19,11.27],[1.26,11.25],[1.39,11.43],[1.57,11.45],[1.61,11.39],[1.8,11.44],[1.99,11.42],[2.31,11.69],[2.39,11.89],[2.39,12.25],[2.67,12.3],[2.84,12.4],[3.01,12.27],[3.26,12.01],[3.32,11.89],[3.47,11.85],[3.6,11.69]]]}},{"type":"Feature","properties":{"NAME":"Mauritania","ABBREVN":"Mauritania","SUBJECTO":"Mauritania","BORDERPRECISION":3,"PARTOF":"Mauritania","SHAPE_HASH":"e9442100ba"},"geometry":{"type":"Polygon","coordinates":[[[-6.73,26.17],[-6.58,25],[-6.44,23.88],[-6.35,23.14],[-6.38,22.7],[-6.73,21.91],[-6.88,21.68],[-7.2,21.02],[-7.42,20.46],[-7.65,19.95],[-7.96,19.36],[-8.15,18.91],[-8.66,17.87],[-8.98,17.24],[-9.18,16.79],[-9.49,16.44],[-9.89,16.12],[-10.14,15.98],[-10.42,15.95],[-11.05,15.95],[-11.3,15.98],[-11.39,15.91],[-11.47,15.64],[-11.64,15.53],[-11.71,15.55],[-11.83,15.2],[-11.8,15.01],[-11.84,14.86],[-12.06,14.73],[-12.24,14.76],[-12.45,14.91],[-12.48,15.01],[-12.69,15.09],[-12.85,15.21],[-12.96,15.5],[-13.06,15.48],[-13.25,15.68],[-13.4,16.06],[-13.52,16.13],[-13.67,16.1],[-13.82,16.14],[-13.97,16.23],[-14.03,16.36],[-14.34,16.64],[-15.02,16.64],[-15.24,16.56],[-15.44,16.58],[-15.7,16.48],[-15.89,16.51],[-16.06,16.48],[-16.12,16.55],[-16.29,16.52],[-16.39,16.22],[-16.53,16.06],[-16.54,16.3],[-16.47,16.61],[-16.34,16.94],[-16.14,17.36],[-16.04,17.73],[-16.03,18.08],[-16.07,18.49],[-16.14,18.69],[-16.18,18.91],[-16.28,19.13],[-16.46,19.26],[-16.29,19.54],[-16.33,19.63],[-16.23,19.79],[-16.2,20.23],[-16.31,20.38],[-16.45,20.67],[-16.54,20.57],[-16.65,20.66],[-16.89,21.11],[-16.99,21.07],[-17.05,20.76],[-17.08,20.9],[-16.95,21.34],[-15.74,21.34],[-15.01,21.34],[-13.91,21.34],[-13,21.34],[-13.08,22.52],[-13.15,22.76],[-13,23.02],[-12.57,23.29],[-12.37,23.32],[-12,23.45],[-12,24.77],[-12,25.73],[-12.01,26],[-11.27,26],[-10,26],[-8.67,26],[-8.67,27.29],[-7.26,26.48],[-6.73,26.17]]]}},{"type":"Feature","properties":{"NAME":"Niger","ABBREVN":"Niger","SUBJECTO":"Niger","BORDERPRECISION":3,"PARTOF":"Niger","SHAPE_HASH":"f25d814250"},"geometry":{"type":"Polygon","coordinates":[[[-0.81,13.94],[-0.85,14.27],[-0.97,14.43],[-1.22,14.55],[-1.32,14.73],[-1.07,14.78],[-0.72,15.08],[-0.44,15.08],[-0.39,15.01],[-0.25,15.08],[0.24,14.92],[0.51,15],[0.7,14.94],[0.97,14.98],[1.31,15.29],[2.63,15.35],[3.01,15.34],[3.03,15.43],[3.52,15.36],[3.57,15.51],[3.73,15.65],[3.9,15.75],[3.98,16.07],[4.07,16.3],[4.2,16.39],[4.2,16.82],[4.25,16.99],[4.25,18],[4.25,19.15],[5.81,19.45],[6.93,20.41],[7.46,20.86],[8.58,21.54],[9.47,22.07],[10.12,22.45],[11.1,23.02],[11.99,23.52],[13.41,23.22],[13.61,23.13],[14.24,22.61],[15,23],[15.19,22],[15.2,21.52],[15.28,21.45],[15.58,21.02],[15.55,20.85],[15.67,20.7],[16,20.35],[15.75,19.93],[15.6,18.78],[15.52,17.36],[15.48,16.9],[14.9,16.29],[14.37,15.73],[14,15.21],[13.86,15.04],[13.77,14.85],[13.79,14.73],[13.62,14.52],[13.46,14.43],[13.63,13.71],[13.35,13.72],[13.2,13.53],[13.02,13.53],[12.88,13.47],[12.75,13.35],[12.59,13.26],[12.46,13.07],[12.01,13.17],[11.82,13.27],[11.46,13.37],[11.13,13.36],[10.84,13.39],[10.64,13.37],[10.18,13.27],[9.87,13.08],[9.63,12.8],[8.99,12.85],[8.66,12.95],[8.54,13.08],[8.41,13.09],[8.13,13.3],[7.82,13.35],[7.38,13.1],[7.22,13.13],[7.09,13],[6.94,13],[6.81,13.11],[6.68,13.35],[6.42,13.61],[6.28,13.68],[6.13,13.66],[5.7,13.82],[5.55,13.89],[5.36,13.85],[5.29,13.75],[4.92,13.74],[4.89,13.78],[4.48,13.69],[4.25,13.48],[4.14,13.47],[4.14,13.18],[4.11,13],[3.95,12.75],[3.66,12.53],[3.67,12.25],[3.62,11.92],[3.69,11.75],[3.6,11.69],[3.47,11.85],[3.32,11.89],[3.26,12.01],[3.01,12.27],[2.84,12.4],[2.67,12.3],[2.39,12.25],[2.39,11.89],[2.31,11.69],[1.99,11.42],[1.8,11.44],[1.61,11.39],[1.57,11.45],[1.39,11.43],[1.26,11.25],[1.19,11.27],[1.08,11.12],[0.92,11],[0.51,11],[0.05,11.1],[-0.01,11.49],[0.01,11.89],[-0.01,12.22],[-0.19,12.59],[-0.36,13.08],[-0.33,13.39],[-0.62,13.76],[-0.81,13.94]]]}},{"type":"Feature","properties":{"NAME":"Cote D'Ivoire","ABBREVN":"Cote D'Ivoire","SUBJECTO":"Cote D'Ivoire","BORDERPRECISION":3,"PARTOF":"Cote D'Ivoire","SHAPE_HASH":"00d1737a2f"},"geometry":{"type":"Polygon","coordinates":[[[-7.97,10.16],[-7.83,10.2],[-7.73,10.38],[-7.64,10.45],[-7.36,10.35],[-7.27,10.25],[-7.08,10.2],[-6.94,10.35],[-6.65,10.36],[-6.68,10.49],[-6.65,10.66],[-6.42,10.55],[-6.41,10.69],[-6.24,10.74],[-6.19,10.64],[-6.19,10.23],[-6,10.19],[-5.88,10.37],[-5.79,10.42],[-5.57,10.46],[-5.48,10.53],[-5.41,10.84],[-5.49,11.08],[-5.3,11.14],[-5.25,11.25],[-5.2,11.54],[-5.27,11.69],[-5.27,11.84],[-5.15,11.95],[-4.63,12.07],[-4.57,12.2],[-4.45,12.08],[-4.42,11.93],[-4.34,11.9],[-4.15,11.97],[-3.94,11.98],[-3.83,12.13],[-3.79,12.27],[-3.66,12.41],[-3.57,12.42],[-3.53,12.66],[-3.45,12.74],[-3.27,12.65],[-3.21,12.46],[-3,12.41],[-2.91,12.45],[-2.75,12.63],[-2.65,12.98],[-2.48,13.06],[-2.24,13.1],[-1.88,13.12],[-1.67,13.08],[-1.36,13.13],[-1.29,13.21],[-1.27,13.49],[-1.18,13.64],[-0.81,13.94],[-0.62,13.76],[-0.33,13.39],[-0.36,13.08],[-0.19,12.59],[-0.01,12.22],[0.01,11.89],[-0.01,11.49],[0.05,11.1],[-0.15,11.13],[-0.29,11.16],[-0.62,10.91],[-0.68,10.99],[-0.99,11.01],[-1.37,11],[-2.83,11],[-2.84,10.89],[-2.93,10.71],[-2.92,10.6],[-2.77,10.22],[-2.79,10.16],[-2.75,9.65],[-2.77,9.57],[-2.67,9.47],[-2.69,9.23],[-2.77,9.06],[-2.66,9.01],[-2.57,8.71],[-2.49,8.2],[-2.78,7.94],[-2.78,7.85],[-2.92,7.6],[-3.02,7.07],[-3.1,7.05],[-3.22,6.82],[-3.25,6.61],[-3.17,6.29],[-3.09,6.15],[-3.01,5.86],[-3.01,5.71],[-2.93,5.61],[-2.76,5.58],[-2.74,5.45],[-2.78,5.28],[-2.75,5.1],[-2.93,5.11],[-3.14,5.14],[-3.4,5.12],[-3.98,5.24],[-4.06,5.3],[-4.47,5.3],[-4.45,5.22],[-4.75,5.14],[-5.48,5.09],[-5.82,5.04],[-6.21,4.88],[-6.41,4.82],[-6.71,4.69],[-6.87,4.67],[-7.04,4.54],[-7.19,4.52],[-7.42,4.36],[-7.53,4.35],[-7.56,4.38],[-7.56,4.78],[-7.59,4.91],[-7.37,5.33],[-7.44,5.43],[-7.37,5.57],[-7.5,5.84],[-7.78,5.98],[-7.83,6.21],[-8,6.3],[-8.17,6.28],[-8.37,6.36],[-8.6,6.52],[-8.42,6.67],[-8.31,6.86],[-8.29,7.18],[-8.39,7.32],[-8.47,7.56],[-8.4,7.62],[-8.22,7.55],[-8.08,7.81],[-8.12,7.86],[-8,8.15],[-8.23,8.24],[-8.24,8.45],[-8.19,8.5],[-7.82,8.49],[-7.67,8.44],[-7.67,8.62],[-7.79,8.76],[-7.96,8.83],[-7.9,9.02],[-7.74,9.09],[-7.9,9.18],[-7.88,9.35],[-8.06,9.41],[-8.15,9.62],[-8.1,9.86],[-8.16,9.93],[-8.1,10.05],[-7.97,10.16]]]}},{"type":"Feature","properties":{"NAME":"Guinea","ABBREVN":"Guinea","SUBJECTO":"Guinea","BORDERPRECISION":3,"PARTOF":"Guinea","SHAPE_HASH":"a6b5885512"},"geometry":{"type":"Polygon","coordinates":[[[-15.01,10.96],[-14.87,11.18],[-14.81,11.35],[-14.68,11.51],[-14.51,11.51],[-14.28,11.68],[-14,11.64],[-13.71,11.72],[-13.71,12.02],[-13.96,12.2],[-13.86,12.28],[-13.73,12.26],[-13.64,12.45],[-13.71,12.68],[-13.06,12.63],[-13.05,12.48],[-12.9,12.55],[-12.79,12.47],[-12.63,12.44],[-12.59,12.37],[-12.39,12.37],[-12.35,12.3],[-12.13,12.38],[-11.9,12.41],[-11.69,12.39],[-11.48,12.44],[-11.37,12.41],[-11.49,12.18],[-11.24,12],[-11.15,12.04],[-11.05,12.2],[-10.96,12.23],[-10.81,12.11],[-10.73,11.92],[-10.65,11.89],[-10.33,12.22],[-10.1,12.18],[-9.87,12.05],[-9.7,12.03],[-9.58,12.19],[-9.32,12.27],[-9.31,12.5],[-9.15,12.49],[-8.98,12.39],[-8.98,12.23],[-8.8,12.01],[-8.78,11.93],[-8.83,11.66],[-8.71,11.66],[-8.6,11.48],[-8.36,11.38],[-8.48,11.29],[-8.68,11],[-8.58,10.97],[-8.46,11.05],[-8.29,11.01],[-8.32,10.76],[-8.27,10.5],[-7.98,10.33],[-7.97,10.16],[-8.1,10.05],[-8.16,9.93],[-8.1,9.86],[-8.15,9.62],[-8.06,9.41],[-7.88,9.35],[-7.9,9.18],[-7.74,9.09],[-7.9,9.02],[-7.96,8.83],[-7.79,8.76],[-7.67,8.62],[-7.67,8.44],[-7.82,8.49],[-8.19,8.5],[-8.24,8.45],[-8.23,8.24],[-8,8.15],[-8.12,7.86],[-8.08,7.81],[-8.22,7.55],[-8.4,7.62],[-8.47,7.56],[-8.55,7.69],[-8.71,7.65],[-8.71,7.52],[-8.84,7.27],[-9.1,7.23],[-9.24,7.38],[-9.42,7.43],[-9.36,7.74],[-9.44,7.9],[-9.41,8.02],[-9.48,8.35],[-9.67,8.49],[-9.97,8.48],[-10.17,8.51],[-10.27,8.49],[-10.39,8.49],[-10.55,8.31],[-10.7,8.3],[-10.62,8.54],[-10.51,8.72],[-10.58,8.82],[-10.57,9.06],[-10.72,9.08],[-10.66,9.3],[-10.84,9.48],[-10.98,9.73],[-11.21,10],[-11.89,10],[-11.9,9.94],[-12.16,9.88],[-12.23,9.94],[-12.49,9.86],[-12.68,9.42],[-12.82,9.29],[-12.95,9.28],[-13,9.11],[-13.29,9.04],[-13.27,9.14],[-13.41,9.28],[-13.54,9.5],[-13.68,9.54],[-13.59,9.76],[-13.85,9.86],[-14.07,10.03],[-14.22,10.1],[-14.46,10.29],[-14.58,10.48],[-14.67,10.53],[-14.71,10.76],[-15.01,10.96]]]}},{"type":"Feature","properties":{"NAME":"Liberia","ABBREVN":"Liberia","SUBJECTO":"Liberia","BORDERPRECISION":3,"PARTOF":"Liberia","SHAPE_HASH":"2cc3b2beab"},"geometry":{"type":"Polygon","coordinates":[[[-8.47,7.56],[-8.39,7.32],[-8.29,7.18],[-8.31,6.86],[-8.42,6.67],[-8.6,6.52],[-8.37,6.36],[-8.17,6.28],[-8,6.3],[-7.83,6.21],[-7.78,5.98],[-7.5,5.84],[-7.37,5.57],[-7.44,5.43],[-7.37,5.33],[-7.59,4.91],[-7.56,4.78],[-7.56,4.38],[-7.53,4.35],[-7.71,4.36],[-7.95,4.5],[-8.24,4.57],[-8.34,4.64],[-9.14,5.06],[-9.41,5.26],[-9.59,5.48],[-9.78,5.61],[-10.24,6.05],[-10.37,6.16],[-10.69,6.23],[-10.81,6.31],[-10.87,6.48],[-11.35,6.69],[-11.38,6.83],[-11.46,6.92],[-11.35,7.08],[-11.31,7.21],[-11.19,7.26],[-11.1,7.38],[-10.85,7.54],[-10.69,7.74],[-10.61,7.77],[-10.6,8.03],[-10.47,8.14],[-10.3,8.2],[-10.27,8.49],[-10.17,8.51],[-9.97,8.48],[-9.67,8.49],[-9.48,8.35],[-9.41,8.02],[-9.44,7.9],[-9.36,7.74],[-9.42,7.43],[-9.24,7.38],[-9.1,7.23],[-8.84,7.27],[-8.71,7.52],[-8.71,7.65],[-8.55,7.69],[-8.47,7.56]]]}},{"type":"Feature","properties":{"NAME":"Sierra Leone","ABBREVN":"Sierra Leone","SUBJECTO":"Sierra Leone","BORDERPRECISION":3,"PARTOF":"Sierra Leone","SHAPE_HASH":"609697c74a"},"geometry":{"type":"MultiPolygon","coordinates":[[[[-13.29,9.04],[-13,9.11],[-12.95,9.28],[-12.82,9.29],[-12.68,9.42],[-12.49,9.86],[-12.23,9.94],[-12.16,9.88],[-11.9,9.94],[-11.89,10],[-11.21,10],[-10.98,9.73],[-10.84,9.48],[-10.66,9.3],[-10.72,9.08],[-10.57,9.06],[-10.58,8.82],[-10.51,8.72],[-10.62,8.54],[-10.7,8.3],[-10.55,8.31],[-10.39,8.49],[-10.27,8.49],[-10.3,8.2],[-10.47,8.14],[-10.6,8.03],[-10.61,7.77],[-10.69,7.74],[-10.85,7.54],[-11.1,7.38],[-11.19,7.26],[-11.31,7.21],[-11.35,7.08],[-11.46,6.92],[-11.82,7.14],[-12.5,7.39],[-12.44,7.53],[-12.59,7.68],[-12.87,7.82],[-12.91,8.1],[-13.01,8.23],[-13.13,8.2],[-13.28,8.42],[-13.18,8.54],[-13.24,8.67],[-13.24,8.82],[-13.18,8.91],[-13.29,9.04]]],[[[-12.56,7.42],[-12.89,7.61],[-12.59,7.63],[-12.5,7.57],[-12.56,7.42]]]]}},{"type":"Feature","properties":{"NAME":"Ghana","ABBREVN":"Ghana","SUBJECTO":"Ghana","BORDERPRECISION":3,"PARTOF":"Ghana","SHAPE_HASH":"c9ef045d8e"},"geometry":{"type":"Polygon","coordinates":[[[-2.93,5.11],[-2.75,5.1],[-2.78,5.28],[-2.74,5.45],[-2.76,5.58],[-2.93,5.61],[-3.01,5.71],[-3.01,5.86],[-3.09,6.15],[-3.17,6.29],[-3.25,6.61],[-3.22,6.82],[-3.1,7.05],[-3.02,7.07],[-2.92,7.6],[-2.78,7.85],[-2.78,7.94],[-2.49,8.2],[-2.57,8.71],[-2.66,9.01],[-2.77,9.06],[-2.69,9.23],[-2.67,9.47],[-2.77,9.57],[-2.75,9.65],[-2.79,10.16],[-2.77,10.22],[-2.92,10.6],[-2.93,10.71],[-2.84,10.89],[-2.83,11],[-1.37,11],[-0.99,11.01],[-0.68,10.99],[-0.62,10.91],[-0.29,11.16],[-0.15,11.13],[-0.04,11.1],[-0.12,10.68],[-0.12,10.46],[-0.06,10.31],[-0.11,9.98],[-0.01,9.49],[-0.01,9.06],[-0.07,8.82],[-0.17,8.63],[0.05,8.12],[-0.11,8.15],[-0.14,7.97],[-0.06,7.91],[-0.05,7.68],[0.13,7.49],[0.26,7.18],[0.2,6.88],[0.07,6.81],[0.04,6.7],[0.09,6.57],[0.48,6.57],[0.29,6.4],[0.36,6.3],[0.88,6.31],[1.07,6.21],[1.2,6.11],[1.07,6.02],[0.99,5.82],[0.79,5.76],[0.31,5.78],[0.14,5.71],[-0.07,5.58],[-0.36,5.49],[-0.49,5.37],[-0.69,5.31],[-0.8,5.21],[-1.07,5.19],[-1.18,5.12],[-1.62,5.02],[-1.96,4.77],[-2.1,4.75],[-2.26,4.88],[-2.73,5.01],[-3.1,5.09],[-3.1,5.11],[-2.93,5.11]]]}},{"type":"Feature","properties":{"NAME":"Togo","ABBREVN":"Togo","SUBJECTO":"Togo","BORDERPRECISION":3,"PARTOF":"Togo","SHAPE_HASH":"133a951cfb"},"geometry":{"type":"Polygon","coordinates":[[[0.92,11],[0.88,10.8],[0.8,10.72],[0.78,10.38],[1.36,10],[1.37,9.64],[1.42,9.32],[1.57,9.17],[1.62,9.03],[1.62,8.36],[1.64,8],[1.64,7],[1.58,6.68],[1.77,6.41],[1.8,6.28],[1.63,6.23],[1.2,6.11],[1.07,6.21],[1,6.33],[0.79,6.42],[0.66,6.61],[0.64,6.73],[0.53,6.95],[0.61,7.02],[0.64,7.4],[0.51,7.46],[0.59,7.7],[0.62,7.9],[0.61,8.22],[0.73,8.3],[0.63,8.49],[0.47,8.6],[0.38,8.76],[0.49,8.8],[0.51,8.92],[0.45,9.03],[0.53,9.21],[0.55,9.41],[0.5,9.47],[0.22,9.46],[0.26,9.66],[0.32,9.76],[0.37,10.25],[0.23,10.41],[-0.08,10.7],[0.03,10.99],[-0.04,11.1],[-0.15,11.13],[0.05,11.1],[0.51,11],[0.92,11]]]}},{"type":"Feature","properties":{"NAME":"British Togoland","ABBREVN":"British Togoland","SUBJECTO":"British Togoland","BORDERPRECISION":3,"PARTOF":"British Togoland","SHAPE_HASH":"e71a7a3066"},"geometry":{"type":"Polygon","coordinates":[[[1.07,6.21],[0.88,6.31],[0.36,6.3],[0.29,6.4],[0.48,6.57],[0.09,6.57],[0.04,6.7],[0.07,6.81],[0.2,6.88],[0.26,7.18],[0.13,7.49],[-0.05,7.68],[-0.06,7.91],[-0.14,7.97],[-0.11,8.15],[0.05,8.12],[-0.17,8.63],[-0.07,8.82],[-0.01,9.06],[-0.01,9.49],[-0.11,9.98],[-0.06,10.31],[-0.12,10.46],[-0.12,10.68],[-0.04,11.1],[0.03,10.99],[-0.08,10.7],[0.23,10.41],[0.37,10.25],[0.32,9.76],[0.26,9.66],[0.22,9.46],[0.5,9.47],[0.55,9.41],[0.53,9.21],[0.45,9.03],[0.51,8.92],[0.49,8.8],[0.38,8.76],[0.47,8.6],[0.63,8.49],[0.73,8.3],[0.61,8.22],[0.62,7.9],[0.59,7.7],[0.51,7.46],[0.64,7.4],[0.61,7.02],[0.53,6.95],[0.64,6.73],[0.66,6.61],[0.79,6.42],[1,6.33],[1.07,6.21]]]}},{"type":"Feature","properties":{"NAME":"Cameroon","ABBREVN":"Cameroon","SUBJECTO":"Cameroon","BORDERPRECISION":3,"PARTOF":"Cameroon","SHAPE_HASH":"215176f1a0"},"geometry":{"type":"Polygon","coordinates":[[[11.34,2.17],[10.02,2.17],[9.83,2.26],[9.81,2.35],[9.82,2.57],[9.9,2.96],[9.97,3.09],[9.91,3.25],[9.81,3.4],[9.66,3.53],[9.54,3.81],[9.72,3.87],[9.53,4.03],[9.5,4.1],[9.56,4.15],[9.46,4.34],[9.52,4.45],[9.53,4.66],[9.62,4.66],[9.76,4.88],[9.82,5.16],[9.74,5.25],[9.93,5.47],[9.97,5.61],[10.14,5.75],[10.31,5.73],[10.43,5.82],[10.59,5.82],[10.67,6.01],[10.83,6.01],[11,6.1],[10.99,6.23],[11.17,6.26],[11.15,6.44],[11.38,6.45],[11.44,6.59],[11.56,6.66],[11.56,6.82],[11.64,6.94],[11.76,7],[11.88,7.13],[11.79,7.25],[11.86,7.41],[12.04,7.58],[12.04,7.74],[12.21,8],[12.27,8.42],[12.42,8.5],[12.4,8.6],[12.68,8.66],[12.8,8.77],[12.83,8.91],[12.84,9.07],[12.9,9.35],[13.09,9.51],[13.24,9.59],[13.23,9.91],[13.25,10.07],[13.4,10.11],[13.46,10.24],[13.58,10.69],[13.77,10.94],[13.89,11.17],[14.01,11.28],[14.19,11.24],[14.41,11.4],[14.61,11.5],[14.64,11.65],[14.59,11.76],[14.63,11.89],[14.65,12.19],[14.49,12.34],[14.24,12.35],[14.07,13.07],[14.44,13.09],[14.53,12.98],[14.55,12.77],[14.82,12.63],[14.9,12.38],[14.89,12.16],[15.04,12.08],[15.11,11.5],[15.02,11.2],[15.08,10.9],[15.06,10.8],[15.19,10.5],[15.5,10.1],[15.67,9.99],[15.42,9.93],[15.24,9.99],[15.06,9.95],[14.93,9.97],[14.78,9.92],[14.46,10],[14.19,9.98],[14.01,9.62],[14.56,9.01],[15.07,8.64],[15.21,8.48],[15.38,8.11],[15.57,7.63],[15.5,7.53],[15.45,7.39],[15.23,7.24],[15.05,6.77],[14.96,6.74],[14.74,6.26],[14.43,6.08],[14.49,5.92],[14.62,5.9],[14.62,5.52],[14.53,5.29],[14.65,5.22],[14.69,5.12],[14.72,4.64],[14.8,4.54],[15.01,4.41],[15.09,4.29],[15.1,4.14],[15.04,4.03],[15.08,3.92],[15.26,3.67],[15.82,3.1],[15.94,3.1],[16.1,2.9],[16.07,2.79],[16.11,2.41],[16.21,2.22],[16.08,2.15],[16.1,1.95],[16.16,1.72],[16.03,1.73],[15.76,1.91],[15.52,1.96],[15.29,1.98],[15.15,2.04],[15.09,1.98],[14.89,2.02],[14.86,2.08],[14.56,2.17],[14.46,2.14],[14.12,2.16],[13.3,2.17],[13.17,2.28],[12.75,2.23],[12.34,2.32],[12.23,2.28],[11.76,2.28],[11.58,2.32],[11.37,2.3],[11.34,2.17]]]}},{"type":"Feature","properties":{"NAME":"British Cameroons","ABBREVN":"British Cameroons","SUBJECTO":"British Cameroons","BORDERPRECISION":3,"PARTOF":"British Cameroons","SHAPE_HASH":"0d615b132c"},"geometry":{"type":"MultiPolygon","coordinates":[[[[12.83,8.91],[12.8,8.77],[12.68,8.66],[12.4,8.6],[12.42,8.5],[12.27,8.42],[12.21,8],[12.04,7.74],[12.04,7.58],[11.86,7.41],[11.79,7.25],[11.88,7.13],[11.76,7],[11.64,6.94],[11.56,6.82],[11.56,6.66],[11.44,6.59],[11.38,6.45],[11.15,6.44],[11.17,6.26],[10.99,6.23],[11,6.1],[10.83,6.01],[10.67,6.01],[10.59,5.82],[10.43,5.82],[10.31,5.73],[10.14,5.75],[9.97,5.61],[9.93,5.47],[9.74,5.25],[9.82,5.16],[9.76,4.88],[9.62,4.66],[9.53,4.66],[9.52,4.45],[9.46,4.34],[9.56,4.15],[9.5,4.1],[9.53,3.98],[9.37,3.9],[8.97,4.1],[8.9,4.45],[8.93,4.54],[8.54,4.5],[8.51,4.63],[8.59,4.81],[8.62,4.89],[8.81,5.16],[8.86,5.5],[8.92,5.6],[8.85,5.72],[8.86,5.84],[9.22,6.15],[9.37,6.33],[9.64,6.52],[9.71,6.52],[9.8,6.8],[9.88,6.78],[10.35,7.18],[12.08,8.78],[12.34,8.7],[12.49,8.72],[12.68,8.88],[12.83,8.91]]],[[[14.07,13.07],[14.24,12.35],[14.49,12.34],[14.65,12.19],[14.63,11.89],[14.59,11.76],[14.64,11.65],[14.61,11.5],[14.41,11.4],[14.19,11.24],[14.01,11.28],[13.89,11.17],[13.77,10.94],[13.58,10.69],[13.46,10.24],[13.4,10.11],[13.25,10.07],[13.23,9.91],[13.24,9.59],[13.09,9.51],[12.99,9.75],[13.01,9.97],[13.17,10.43],[13.21,10.6],[13.29,10.74],[13.28,11.27],[13.4,11.53],[13.47,11.6],[13.69,11.6],[13.65,11.68],[13.83,11.91],[13.92,12.11],[14.05,12.14],[14.1,12.38],[14.02,12.54],[14.07,13.07]]]]}},{"type":"Feature","properties":{"NAME":"Nigeria","ABBREVN":"Nigeria","SUBJECTO":"Nigeria","BORDERPRECISION":3,"PARTOF":"Nigeria","SHAPE_HASH":"93e7e18079"},"geometry":{"type":"Polygon","coordinates":[[[2.72,6.37],[2.76,6.77],[2.73,6.95],[2.78,7.13],[2.73,7.66],[2.69,7.91],[2.75,8.21],[2.71,8.34],[2.76,8.49],[2.74,8.77],[2.81,9.07],[3.1,9.09],[3.17,9.3],[3.17,9.5],[3.36,9.68],[3.35,9.81],[3.52,9.85],[3.61,9.95],[3.68,10.16],[3.58,10.28],[3.64,10.41],[3.79,10.4],[3.86,10.59],[3.85,10.7],[3.75,10.8],[3.78,10.9],[3.69,11.13],[3.48,11.43],[3.6,11.69],[3.69,11.75],[3.62,11.92],[3.67,12.25],[3.66,12.53],[3.95,12.75],[4.11,13],[4.14,13.18],[4.14,13.47],[4.25,13.48],[4.48,13.69],[4.89,13.78],[4.92,13.74],[5.29,13.75],[5.36,13.85],[5.55,13.89],[5.7,13.82],[6.13,13.66],[6.28,13.68],[6.42,13.61],[6.68,13.35],[6.81,13.11],[6.94,13],[7.09,13],[7.22,13.13],[7.38,13.1],[7.82,13.35],[8.13,13.3],[8.41,13.09],[8.54,13.08],[8.66,12.95],[8.99,12.85],[9.63,12.8],[9.87,13.08],[10.18,13.27],[10.64,13.37],[10.84,13.39],[11.13,13.36],[11.46,13.37],[11.82,13.27],[12.01,13.17],[12.46,13.07],[12.59,13.26],[12.75,13.35],[12.88,13.47],[13.02,13.53],[13.2,13.53],[13.35,13.72],[13.63,13.71],[14.07,13.07],[14.02,12.54],[14.1,12.38],[14.05,12.14],[13.92,12.11],[13.83,11.91],[13.65,11.68],[13.69,11.6],[13.47,11.6],[13.4,11.53],[13.28,11.27],[13.29,10.74],[13.21,10.6],[13.17,10.43],[13.01,9.97],[12.99,9.75],[13.09,9.51],[12.9,9.35],[12.84,9.07],[12.83,8.91],[12.68,8.88],[12.49,8.72],[12.34,8.7],[12.08,8.78],[10.35,7.18],[9.88,6.78],[9.8,6.8],[9.71,6.52],[9.64,6.52],[9.37,6.33],[9.22,6.15],[8.86,5.84],[8.85,5.72],[8.92,5.6],[8.86,5.5],[8.81,5.16],[8.62,4.89],[8.59,4.81],[8.53,4.7],[8.4,4.75],[8.29,4.55],[8.02,4.55],[7.67,4.5],[7.18,4.58],[7.17,4.47],[7.02,4.39],[6.85,4.35],[6.11,4.27],[5.94,4.34],[5.74,4.49],[5.6,4.64],[5.5,4.81],[5.37,5.16],[5.35,5.33],[5.19,5.5],[5.08,5.73],[4.87,6.01],[4.71,6.17],[4.41,6.36],[3.99,6.42],[3.54,6.45],[3.4,6.55],[3.32,6.39],[2.97,6.39],[2.72,6.37]]]}},{"type":"Feature","properties":{"NAME":"Gabon","ABBREVN":"Gabon","SUBJECTO":"Gabon","BORDERPRECISION":3,"PARTOF":"Gabon","SHAPE_HASH":"1b200e3e83"},"geometry":{"type":"Polygon","coordinates":[[[9.8,1],[9.95,0.93],[10,1],[11.35,1],[11.34,2.17],[11.37,2.3],[11.58,2.32],[11.76,2.28],[12.23,2.28],[12.34,2.32],[12.75,2.23],[13.17,2.28],[13.3,2.17],[13.29,2.07],[13.18,1.93],[13.19,1.81],[13.14,1.58],[13.25,1.4],[13.19,1.22],[13.57,1.31],[13.9,1.44],[14.27,1.33],[14.32,1.11],[14.49,0.92],[14.47,0.83],[14.27,0.55],[14.07,0.52],[13.89,0.19],[13.95,0.03],[13.85,-0.2],[14.13,-0.28],[14.19,-0.44],[14.41,-0.48],[14.52,-0.61],[14.43,-0.93],[14.48,-1.21],[14.46,-1.55],[14.4,-1.6],[14.41,-1.86],[14.26,-1.97],[14.22,-2.29],[14.11,-2.49],[13.87,-2.47],[13.88,-2.31],[13.81,-2.14],[13.73,-2.18],[13.48,-2.43],[13.03,-2.33],[12.9,-2.14],[12.82,-1.91],[12.59,-1.83],[12.45,-2.02],[12.5,-2.13],[12.48,-2.33],[12.05,-2.42],[11.95,-2.33],[11.73,-2.42],[11.57,-2.34],[11.65,-2.61],[11.55,-2.79],[11.65,-2.82],[11.79,-2.99],[11.71,-3.18],[11.96,-3.3],[11.84,-3.57],[11.88,-3.71],[11.65,-3.64],[11.49,-3.51],[11.23,-3.69],[11.14,-3.92],[11.01,-3.81],[10.98,-3.7],[10.71,-3.47],[10.61,-3.29],[10.3,-2.98],[9.89,-2.65],[10.16,-2.58],[10.08,-2.49],[9.96,-2.55],[9.87,-2.42],[9.76,-2.48],[9.59,-2.34],[9.58,-2.22],[9.38,-2.01],[9.26,-1.85],[9.23,-1.62],[9.5,-1.61],[9.44,-1.51],[9.31,-1.58],[9.18,-1.41],[9.03,-1.3],[9,-1.16],[8.79,-0.81],[8.71,-0.64],[8.96,-0.76],[9.31,-0.34],[9.31,-0.21],[9.38,0.2],[9.75,0.12],[9.77,0.19],[9.5,0.29],[9.32,0.62],[9.52,0.68],[9.63,0.78],[9.56,0.96],[9.68,1.06],[9.8,1]]]}},{"type":"Feature","properties":{"NAME":"Central African Republic","ABBREVN":"Central African Republic","SUBJECTO":"Central African Republic","BORDERPRECISION":3,"PARTOF":"Central African Republic","SHAPE_HASH":"b06c0c6048"},"geometry":{"type":"Polygon","coordinates":[[[16.21,2.22],[16.11,2.41],[16.07,2.79],[16.1,2.9],[15.94,3.1],[15.82,3.1],[15.26,3.67],[15.08,3.92],[15.04,4.03],[15.1,4.14],[15.09,4.29],[15.01,4.41],[14.8,4.54],[14.72,4.64],[14.69,5.12],[14.65,5.22],[14.53,5.29],[14.62,5.52],[14.62,5.9],[14.49,5.92],[14.43,6.08],[14.74,6.26],[14.96,6.74],[15.05,6.77],[15.23,7.24],[15.45,7.39],[15.5,7.53],[15.69,7.52],[15.78,7.46],[15.97,7.5],[16.08,7.59],[16.41,7.69],[16.43,7.8],[16.57,7.78],[16.78,7.57],[16.91,7.64],[17.06,7.66],[17.24,7.8],[17.65,7.99],[17.88,7.96],[18.03,8.01],[18.59,8.04],[18.69,8.21],[18.8,8.26],[19.06,8.58],[19.11,8.69],[18.93,8.79],[18.89,8.89],[19.09,9.01],[19.41,9.02],[19.93,9.06],[20.06,9.13],[20.37,9.11],[20.5,9.28],[20.81,9.42],[20.97,9.6],[21.05,9.77],[21.27,9.98],[21.44,10.04],[21.54,10.21],[21.67,10.24],[21.75,10.41],[21.72,10.64],[21.96,10.73],[22.24,10.91],[22.46,11],[22.87,10.92],[23.01,10.7],[23.31,10.45],[23.67,9.87],[23.69,9.67],[23.63,9.54],[23.65,9.28],[23.5,9.18],[23.45,9.02],[23.58,8.91],[23.5,8.77],[23.53,8.71],[23.82,8.73],[24.2,8.69],[24.27,8.59],[24.14,8.38],[24.25,8.28],[24.72,8.21],[24.87,8.16],[25.08,7.89],[25.19,7.9],[25.29,7.78],[25.29,7.65],[25.2,7.52],[25.37,7.34],[25.85,7.11],[26.05,6.96],[26.1,6.85],[26.41,6.64],[26.3,6.47],[26.3,6.39],[26.53,6.22],[26.44,6.08],[26.81,5.98],[26.83,5.91],[27.14,5.77],[27.28,5.58],[27.24,5.43],[27.3,5.23],[27.4,5.15],[27.46,5.02],[27.4,5.08],[27.14,5.2],[26.94,5.14],[26.87,5.03],[26.76,5.09],[26.52,5.04],[26.2,5.23],[25.91,5.18],[25.54,5.38],[25.36,5.31],[25.31,5.2],[25.32,5.04],[25.09,4.97],[24.95,4.99],[24.73,4.91],[24.46,5.11],[24.37,5.01],[23.58,4.73],[23.33,4.6],[23.21,4.68],[22.89,4.82],[22.78,4.71],[22.68,4.48],[22.59,4.45],[22.54,4.22],[22.45,4.14],[22.29,4.13],[21.99,4.25],[21.66,4.3],[21.51,4.25],[21.21,4.29],[21.08,4.39],[20.84,4.45],[20.6,4.41],[20.45,4.52],[20.46,4.62],[20.34,4.77],[19.84,5.08],[19.7,5.14],[19.42,5.13],[19.06,4.89],[18.99,4.74],[18.84,4.58],[18.75,4.39],[18.54,4.34],[18.63,4.13],[18.65,3.99],[18.59,3.7],[18.62,3.48],[18.53,3.6],[17.86,3.54],[17.83,3.62],[17.62,3.63],[17.49,3.71],[17.35,3.61],[17.11,3.57],[16.7,3.55],[16.57,3.45],[16.48,3.16],[16.47,2.95],[16.5,2.85],[16.21,2.22]]]}},{"type":"Feature","properties":{"NAME":"Chad","ABBREVN":"Chad","SUBJECTO":"Chad","BORDERPRECISION":3,"PARTOF":"Chad","SHAPE_HASH":"c326a09198"},"geometry":{"type":"Polygon","coordinates":[[[13.63,13.71],[13.46,14.43],[13.62,14.52],[13.79,14.73],[13.77,14.85],[13.86,15.04],[14,15.21],[14.37,15.73],[14.9,16.29],[15.48,16.9],[15.52,17.36],[15.6,18.78],[15.75,19.93],[16,20.35],[15.67,20.7],[15.55,20.85],[15.58,21.02],[15.28,21.45],[15.2,21.52],[15.19,22],[15,23],[16,23.45],[16.98,23],[18.36,22.34],[19.3,21.89],[19.87,21.61],[20.96,21.07],[21.78,20.66],[23.02,20.02],[24,19.51],[24,18.22],[24,16.27],[24,15.7],[23.6,15.76],[23.36,15.68],[23.11,15.71],[22.94,15.56],[22.98,15.41],[22.98,15.21],[22.75,14.98],[22.67,14.85],[22.7,14.7],[22.42,14.6],[22.45,14.33],[22.55,14.23],[22.56,14.13],[22.23,13.97],[22.08,13.78],[22.29,13.37],[22.15,13.19],[21.94,13.05],[21.83,12.8],[21.91,12.67],[22.16,12.67],[22.22,12.75],[22.46,12.61],[22.41,12.49],[22.5,12.17],[22.61,11.99],[22.55,11.67],[22.65,11.51],[22.79,11.43],[22.93,11.41],[22.97,11.21],[22.87,10.92],[22.46,11],[22.24,10.91],[21.96,10.73],[21.72,10.64],[21.75,10.41],[21.67,10.24],[21.54,10.21],[21.44,10.04],[21.27,9.98],[21.05,9.77],[20.97,9.6],[20.81,9.42],[20.5,9.28],[20.37,9.11],[20.06,9.13],[19.93,9.06],[19.41,9.02],[19.09,9.01],[18.89,8.89],[18.93,8.79],[19.11,8.69],[19.06,8.58],[18.8,8.26],[18.69,8.21],[18.59,8.04],[18.03,8.01],[17.88,7.96],[17.65,7.99],[17.24,7.8],[17.06,7.66],[16.91,7.64],[16.78,7.57],[16.57,7.78],[16.43,7.8],[16.41,7.69],[16.08,7.59],[15.97,7.5],[15.78,7.46],[15.69,7.52],[15.5,7.53],[15.57,7.63],[15.38,8.11],[15.21,8.48],[15.07,8.64],[14.56,9.01],[14.01,9.62],[14.19,9.98],[14.46,10],[14.78,9.92],[14.93,9.97],[15.06,9.95],[15.24,9.99],[15.42,9.93],[15.67,9.99],[15.5,10.1],[15.19,10.5],[15.06,10.8],[15.08,10.9],[15.02,11.2],[15.11,11.5],[15.04,12.08],[14.89,12.16],[14.9,12.38],[14.82,12.63],[14.55,12.77],[14.53,12.98],[14.44,13.09],[14.07,13.07],[13.63,13.71]]]}},{"type":"Feature","properties":{"NAME":"Congo","ABBREVN":"Congo","SUBJECTO":"Congo","BORDERPRECISION":3,"PARTOF":"Congo","SHAPE_HASH":"c4bec4d58b"},"geometry":{"type":"Polygon","coordinates":[[[13.3,2.17],[14.12,2.16],[14.46,2.14],[14.56,2.17],[14.86,2.08],[14.89,2.02],[15.09,1.98],[15.15,2.04],[15.29,1.98],[15.52,1.96],[15.76,1.91],[16.03,1.73],[16.16,1.72],[16.1,1.95],[16.08,2.15],[16.21,2.22],[16.5,2.85],[16.47,2.95],[16.48,3.16],[16.57,3.45],[16.7,3.55],[17.11,3.57],[17.35,3.61],[17.49,3.71],[17.62,3.63],[17.83,3.62],[17.86,3.54],[18.53,3.6],[18.62,3.48],[18.64,3.21],[18.54,3.08],[18.34,2.61],[18.24,2.52],[18.22,2.42],[18.09,2.22],[18.07,1.88],[18.07,1.53],[17.94,1.14],[17.88,1.03],[17.91,0.83],[17.9,0.6],[17.97,0.48],[17.95,0.34],[17.8,0.14],[17.71,-0.17],[17.75,-0.38],[17.71,-0.54],[17.62,-0.7],[17.4,-0.94],[17.27,-1.03],[16.97,-1.15],[16.8,-1.32],[16.66,-1.64],[16.51,-1.88],[16.19,-2.18],[16.21,-2.7],[16.18,-2.88],[16.2,-3.26],[16.23,-3.33],[16.06,-3.61],[15.92,-3.88],[15.84,-3.97],[15.54,-4.06],[15.49,-4.22],[15.2,-4.35],[15.09,-4.5],[14.91,-4.67],[14.83,-4.82],[14.64,-4.91],[14.42,-4.76],[14.37,-4.56],[14.49,-4.43],[14.41,-4.28],[14.3,-4.31],[13.91,-4.49],[13.73,-4.45],[13.7,-4.73],[13.54,-4.75],[13.41,-4.88],[13.19,-4.68],[13.09,-4.63],[12.77,-4.39],[12.64,-4.56],[12.4,-4.61],[12.33,-4.79],[12.22,-4.76],[12.17,-4.9],[12.03,-5.01],[11.81,-4.78],[11.75,-4.52],[11.38,-4.19],[11.36,-4.11],[11.14,-3.92],[11.23,-3.69],[11.49,-3.51],[11.65,-3.64],[11.88,-3.71],[11.84,-3.57],[11.96,-3.3],[11.71,-3.18],[11.79,-2.99],[11.65,-2.82],[11.55,-2.79],[11.65,-2.61],[11.57,-2.34],[11.73,-2.42],[11.95,-2.33],[12.05,-2.42],[12.48,-2.33],[12.5,-2.13],[12.45,-2.02],[12.59,-1.83],[12.82,-1.91],[12.9,-2.14],[13.03,-2.33],[13.48,-2.43],[13.73,-2.18],[13.81,-2.14],[13.88,-2.31],[13.87,-2.47],[14.11,-2.49],[14.22,-2.29],[14.26,-1.97],[14.41,-1.86],[14.4,-1.6],[14.46,-1.55],[14.48,-1.21],[14.43,-0.93],[14.52,-0.61],[14.41,-0.48],[14.19,-0.44],[14.13,-0.28],[13.85,-0.2],[13.95,0.03],[13.89,0.19],[14.07,0.52],[14.27,0.55],[14.47,0.83],[14.49,0.92],[14.32,1.11],[14.27,1.33],[13.9,1.44],[13.57,1.31],[13.19,1.22],[13.25,1.4],[13.14,1.58],[13.19,1.81],[13.18,1.93],[13.29,2.07],[13.3,2.17]]]}},{"type":"Feature","properties":{"NAME":"Congo, Democratic Republic of","ABBREVN":"Congo, Democratic Republic of","SUBJECTO":"Congo, Democratic Republic of","BORDERPRECISION":3,"PARTOF":"Congo, Democratic Republic of","SHAPE_HASH":"7f57a3d646"},"geometry":{"type":"Polygon","coordinates":[[[18.62,3.48],[18.59,3.7],[18.65,3.99],[18.63,4.13],[18.54,4.34],[18.75,4.39],[18.84,4.58],[18.99,4.74],[19.06,4.89],[19.42,5.13],[19.7,5.14],[19.84,5.08],[20.34,4.77],[20.46,4.62],[20.45,4.52],[20.6,4.41],[20.84,4.45],[21.08,4.39],[21.21,4.29],[21.51,4.25],[21.66,4.3],[21.99,4.25],[22.29,4.13],[22.45,4.14],[22.54,4.22],[22.59,4.45],[22.68,4.48],[22.78,4.71],[22.89,4.82],[23.21,4.68],[23.33,4.6],[23.58,4.73],[24.37,5.01],[24.46,5.11],[24.73,4.91],[24.95,4.99],[25.09,4.97],[25.32,5.04],[25.31,5.2],[25.36,5.31],[25.54,5.38],[25.91,5.18],[26.2,5.23],[26.52,5.04],[26.76,5.09],[26.87,5.03],[26.94,5.14],[27.14,5.2],[27.4,5.08],[27.46,5.02],[27.66,4.9],[27.77,4.79],[27.79,4.6],[28.03,4.5],[28.2,4.35],[28.36,4.29],[28.65,4.43],[28.71,4.54],[28.83,4.48],[29.01,4.5],[29.21,4.34],[29.33,4.39],[29.43,4.53],[29.49,4.68],[29.81,4.56],[29.8,4.38],[29.96,4.29],[30.06,4.13],[30.15,4.1],[30.21,3.96],[30.55,3.86],[30.59,3.6],[30.79,3.66],[30.86,3.49],[30.93,3.41],[30.83,3.24],[30.76,3.05],[30.85,2.96],[30.88,2.84],[30.76,2.6],[30.73,2.45],[30.89,2.34],[31,2.4],[31.3,2.16],[31.3,2.12],[31.04,1.77],[30.7,1.5],[30.44,1.2],[30.23,1.13],[30.16,0.91],[29.95,0.79],[29.96,0.48],[29.86,0.37],[29.81,0.16],[29.72,0.08],[29.65,-0.44],[29.62,-0.89],[29.58,-0.92],[29.6,-1.39],[29.45,-1.5],[29.36,-1.51],[29.14,-1.82],[29.12,-1.92],[29.17,-2.13],[29.1,-2.27],[28.87,-2.4],[28.9,-2.66],[29.02,-2.72],[28.99,-2.81],[29.22,-3.02],[29.21,-3.31],[29.25,-3.59],[29.24,-3.92],[29.35,-4.05],[29.43,-4.45],[29.36,-4.73],[29.36,-5],[29.45,-5.18],[29.6,-5.58],[29.63,-5.75],[29.5,-5.95],[29.54,-6.26],[29.7,-6.59],[29.89,-6.75],[30.04,-6.82],[30.19,-6.96],[30.32,-7.14],[30.41,-7.36],[30.44,-7.53],[30.65,-7.88],[30.77,-8.19],[29.58,-8.37],[28.9,-8.48],[28.96,-8.66],[28.87,-8.83],[28.71,-9.02],[28.37,-9.28],[28.52,-9.36],[28.54,-9.47],[28.7,-9.8],[28.63,-9.93],[28.6,-10.25],[28.63,-10.52],[28.7,-10.65],[28.55,-10.83],[28.47,-11.24],[28.36,-11.52],[28.5,-11.87],[28.7,-11.99],[28.94,-12.2],[29.03,-12.38],[29.26,-12.37],[29.48,-12.46],[29.47,-12.25],[29.57,-12.19],[29.81,-12.16],[29.8,-13.45],[29.65,-13.43],[29.68,-13.27],[29.59,-13.22],[29.2,-13.43],[28.97,-13.36],[28.92,-13.15],[28.67,-12.84],[28.57,-12.89],[28.5,-12.75],[28.53,-12.66],[28.35,-12.44],[28.16,-12.43],[27.86,-12.25],[27.68,-12.3],[27.53,-12.16],[27.48,-11.97],[27.23,-11.78],[27.21,-11.58],[27.03,-11.6],[26.98,-11.88],[26.87,-11.97],[26.68,-11.99],[26.44,-11.91],[25.98,-11.9],[25.84,-11.8],[25.5,-11.71],[25.36,-11.64],[25.29,-11.37],[25.19,-11.25],[24.74,-11.32],[24.53,-11.46],[24.38,-11.4],[24.4,-11.11],[24.19,-11.03],[24.13,-10.92],[23.99,-10.87],[23.86,-11.03],[23.5,-10.96],[23.37,-10.98],[23.22,-11.08],[22.78,-11.09],[22.52,-11.04],[22.48,-11.13],[22.3,-11.24],[22.17,-10.86],[22.32,-10.73],[22.27,-10.51],[22.31,-10.37],[22.21,-10.15],[22.18,-9.96],[22.02,-9.85],[21.85,-9.62],[21.79,-9.41],[21.84,-9.07],[21.94,-8.5],[21.94,-8.42],[21.8,-8.05],[21.76,-8],[21.77,-7.77],[21.85,-7.59],[21.84,-7.37],[21.78,-7.28],[20.55,-7.28],[20.55,-7.12],[20.63,-6.91],[20.33,-6.91],[20.31,-6.99],[19.54,-7],[19.49,-7.29],[19.53,-7.48],[19.4,-7.69],[19.35,-7.89],[19.37,-7.99],[18.79,-8],[18.77,-7.94],[18.53,-7.94],[18.4,-8.01],[18.2,-8],[18.12,-8.11],[17.89,-8.04],[17.63,-8.1],[17.55,-8.08],[17.44,-7.88],[17.31,-7.76],[17.15,-7.45],[16.99,-7.3],[16.93,-7.11],[16.97,-7.02],[16.78,-6.68],[16.69,-6.4],[16.73,-6.2],[16.61,-6.03],[16.6,-5.92],[16.37,-5.85],[15.81,-5.87],[15.69,-5.86],[15.08,-5.86],[14.71,-5.88],[14.6,-5.91],[14.24,-5.89],[13.97,-5.84],[13.76,-5.86],[13.18,-5.86],[12.9,-5.81],[12.76,-5.86],[12.66,-5.98],[12.44,-6.02],[12.27,-5.86],[12.21,-5.77],[12.53,-5.72],[12.53,-5.12],[12.57,-5.02],[12.71,-4.91],[12.82,-4.74],[13.09,-4.63],[13.19,-4.68],[13.41,-4.88],[13.54,-4.75],[13.7,-4.73],[13.73,-4.45],[13.91,-4.49],[14.3,-4.31],[14.41,-4.28],[14.49,-4.43],[14.37,-4.56],[14.42,-4.76],[14.64,-4.91],[14.83,-4.82],[14.91,-4.67],[15.09,-4.5],[15.2,-4.35],[15.49,-4.22],[15.54,-4.06],[15.84,-3.97],[15.92,-3.88],[16.06,-3.61],[16.23,-3.33],[16.2,-3.26],[16.18,-2.88],[16.21,-2.7],[16.19,-2.18],[16.51,-1.88],[16.66,-1.64],[16.8,-1.32],[16.97,-1.15],[17.27,-1.03],[17.4,-0.94],[17.62,-0.7],[17.71,-0.54],[17.75,-0.38],[17.71,-0.17],[17.8,0.14],[17.95,0.34],[17.97,0.48],[17.9,0.6],[17.91,0.83],[17.88,1.03],[17.94,1.14],[18.07,1.53],[18.07,1.88],[18.09,2.22],[18.22,2.42],[18.24,2.52],[18.34,2.61],[18.54,3.08],[18.64,3.21],[18.62,3.48]]]}},{"type":"Feature","properties":{"NAME":"Uganda","ABBREVN":"Uganda","SUBJECTO":"Uganda","BORDERPRECISION":3,"PARTOF":"Uganda","SHAPE_HASH":"f00ea85e88"},"geometry":{"type":"Polygon","coordinates":[[[29.6,-1.39],[29.58,-0.92],[29.62,-0.89],[29.65,-0.44],[29.72,0.08],[29.81,0.16],[29.86,0.37],[29.96,0.48],[29.95,0.79],[30.16,0.91],[30.23,1.13],[30.44,1.2],[30.7,1.5],[31.04,1.77],[31.3,2.12],[31.3,2.16],[31,2.4],[30.89,2.34],[30.73,2.45],[30.76,2.6],[30.88,2.84],[30.85,2.96],[30.76,3.05],[30.83,3.24],[30.93,3.41],[30.86,3.49],[30.98,3.69],[31.18,3.8],[31.29,3.8],[31.54,3.65],[31.7,3.71],[31.79,3.81],[31.93,3.69],[31.95,3.59],[32.2,3.61],[32.4,3.74],[32.72,3.76],[33.02,3.89],[33.18,3.77],[33.52,3.76],[34,4.22],[34.06,4.17],[34.13,3.95],[34.22,3.78],[34.46,3.66],[34.4,3.39],[34.59,2.94],[34.76,2.85],[34.79,2.68],[34.91,2.52],[34.89,2.36],[34.99,2.09],[35,1.66],[34.79,1.4],[34.83,1.27],[34.52,1.11],[34.41,0.82],[34.27,0.65],[34.16,0.61],[34.11,0.39],[33.91,0.1],[33.98,-0.13],[33.92,-0.45],[33.92,-1],[33.11,-1],[31.68,-1],[30.76,-1],[30.59,-1.07],[30.48,-1.06],[30.36,-1.06],[30.28,-1.21],[29.98,-1.46],[29.84,-1.32],[29.6,-1.39]]]}},{"type":"Feature","properties":{"NAME":"Kenya","ABBREVN":"Kenya","SUBJECTO":"Kenya","BORDERPRECISION":3,"PARTOF":"Kenya","SHAPE_HASH":"69b83c35d1"},"geometry":{"type":"Polygon","coordinates":[[[33.92,-1],[33.92,-0.45],[33.98,-0.13],[33.91,0.1],[34.11,0.39],[34.16,0.61],[34.27,0.65],[34.41,0.82],[34.52,1.11],[34.83,1.27],[34.79,1.4],[35,1.66],[34.99,2.09],[34.89,2.36],[34.91,2.52],[34.79,2.68],[34.76,2.85],[34.59,2.94],[34.4,3.39],[34.46,3.66],[34.22,3.78],[34.13,3.95],[34.06,4.17],[34,4.22],[34.39,4.61],[35.15,4.61],[35.93,4.62],[36.05,4.45],[36.89,4.43],[37.04,4.38],[37.13,4.29],[38,3.73],[38.12,3.61],[38.45,3.6],[38.52,3.63],[38.91,3.51],[39.08,3.53],[39.2,3.48],[39.5,3.45],[39.78,3.68],[39.87,3.87],[40.4,4.12],[40.78,4.29],[41.18,3.94],[41.47,3.95],[41.73,4],[41.9,3.97],[41.34,3.17],[40.99,2.84],[40.99,2],[40.99,1.31],[40.99,0],[41,-0.87],[41.56,-1.59],[41.56,-1.67],[41.32,-1.96],[40.89,-2.02],[40.89,-2.23],[40.79,-2.3],[40.81,-2.4],[40.63,-2.55],[40.38,-2.57],[40.23,-2.67],[40.17,-2.78],[40.18,-2.98],[40.11,-3.29],[39.97,-3.38],[39.87,-3.62],[39.84,-3.8],[39.67,-4.09],[39.53,-4.42],[39.4,-4.63],[39.26,-4.61],[39.2,-4.67],[38.42,-4.11],[37.78,-3.65],[37.74,-3.53],[37.63,-3.51],[37.61,-3.4],[37.72,-3.31],[37.68,-3.05],[36.69,-2.5],[36.15,-2.2],[35.27,-1.71],[34.08,-1.04],[33.92,-1]]]}},{"type":"Feature","properties":{"NAME":"Tanzania","ABBREVN":"Tanzania","SUBJECTO":"Tanzania","BORDERPRECISION":3,"PARTOF":"Tanzania","SHAPE_HASH":"5a2b728e85"},"geometry":{"type":"Polygon","coordinates":[[[30.77,-8.19],[30.65,-7.88],[30.44,-7.53],[30.41,-7.36],[30.32,-7.14],[30.19,-6.96],[30.04,-6.82],[29.89,-6.75],[29.7,-6.59],[29.54,-6.26],[29.5,-5.95],[29.63,-5.75],[29.6,-5.58],[29.45,-5.18],[29.36,-5],[29.36,-4.73],[29.43,-4.45],[29.77,-4.44],[30.03,-4.27],[30.17,-4.08],[30.23,-3.93],[30.39,-3.71],[30.45,-3.55],[30.66,-3.42],[30.65,-3.33],[30.83,-3.26],[30.84,-2.99],[30.66,-2.97],[30.42,-2.86],[30.52,-2.46],[30.85,-2.3],[30.89,-2.08],[30.81,-1.93],[30.83,-1.65],[30.74,-1.44],[30.56,-1.33],[30.47,-1.16],[30.48,-1.06],[30.59,-1.07],[30.76,-1],[31.68,-1],[33.11,-1],[33.92,-1],[34.08,-1.04],[35.27,-1.71],[36.15,-2.2],[36.69,-2.5],[37.68,-3.05],[37.72,-3.31],[37.61,-3.4],[37.63,-3.51],[37.74,-3.53],[37.78,-3.65],[38.42,-4.11],[39.2,-4.67],[39.22,-4.85],[39.13,-4.95],[39.08,-5.24],[38.86,-5.77],[38.78,-6.04],[38.84,-6.15],[38.85,-6.32],[38.92,-6.45],[39.14,-6.57],[39.3,-6.82],[39.46,-6.86],[39.54,-7.08],[39.37,-7.29],[39.27,-7.58],[39.34,-7.74],[39.45,-7.81],[39.45,-8],[39.35,-8.27],[39.31,-8.3],[39.36,-8.72],[39.46,-8.82],[39.46,-8.94],[39.64,-9.19],[39.65,-9.36],[39.83,-9.99],[39.97,-10.13],[40.24,-10.21],[40.4,-10.37],[40.44,-10.47],[40.35,-10.56],[40.02,-10.78],[39.77,-10.92],[39.5,-11],[39.29,-11.15],[38.91,-11.17],[38.67,-11.27],[38.49,-11.42],[38.1,-11.26],[37.87,-11.33],[37.79,-11.56],[37.4,-11.72],[37.12,-11.67],[37,-11.59],[36.83,-11.57],[36.68,-11.71],[36.56,-11.74],[36.38,-11.68],[36.19,-11.71],[36.17,-11.59],[35.94,-11.43],[35.83,-11.42],[35.65,-11.59],[35.57,-11.61],[34.96,-11.57],[34.96,-11.48],[34.62,-11.11],[34.65,-10.64],[34.59,-10.56],[34.53,-10.05],[34.33,-9.74],[34.04,-9.48],[33.96,-9.53],[33.94,-9.69],[33.76,-9.59],[33.43,-9.61],[33.31,-9.49],[33.13,-9.49],[33,-9.38],[32.94,-9.41],[32.7,-9.28],[32.54,-9.26],[32.42,-9.13],[32.26,-9.13],[32.16,-9.06],[31.94,-9.03],[31.95,-8.94],[31.79,-8.89],[31.68,-8.91],[31.57,-8.82],[31.49,-8.67],[31.23,-8.58],[31.08,-8.61],[30.98,-8.55],[30.84,-8.35],[30.77,-8.19]]]}},{"type":"Feature","properties":{"NAME":"Zanzibar","ABBREVN":"Zanzibar","SUBJECTO":"Zanzibar","BORDERPRECISION":3,"PARTOF":"Zanzibar","SHAPE_HASH":"c320158f14"},"geometry":{"type":"MultiPolygon","coordinates":[[[[39.45,-6.21],[39.53,-6.19],[39.57,-6.38],[39.45,-6.44],[39.4,-6.31],[39.19,-6.18],[39.19,-5.91],[39.29,-5.74],[39.42,-6.05],[39.45,-6.21]]],[[[39.8,-5.4],[39.65,-5.43],[39.72,-5.26],[39.67,-5.01],[39.69,-4.9],[39.86,-4.91],[39.82,-5.1],[39.85,-5.25],[39.8,-5.4]]]]}},{"type":"Feature","properties":{"NAME":"Rwanda-Urundi","ABBREVN":"Rwanda-Urundi","SUBJECTO":"Rwanda-Urundi","BORDERPRECISION":3,"PARTOF":"Rwanda-Urundi","SHAPE_HASH":"241e5ea88f"},"geometry":{"type":"Polygon","coordinates":[[[29.43,-4.45],[29.35,-4.05],[29.24,-3.92],[29.25,-3.59],[29.21,-3.31],[29.22,-3.02],[28.99,-2.81],[29.02,-2.72],[28.9,-2.66],[28.87,-2.4],[29.1,-2.27],[29.17,-2.13],[29.12,-1.92],[29.14,-1.82],[29.36,-1.51],[29.45,-1.5],[29.6,-1.39],[29.84,-1.32],[29.98,-1.46],[30.28,-1.21],[30.36,-1.06],[30.48,-1.06],[30.47,-1.16],[30.56,-1.33],[30.74,-1.44],[30.83,-1.65],[30.81,-1.93],[30.89,-2.08],[30.85,-2.3],[30.52,-2.46],[30.42,-2.86],[30.66,-2.97],[30.84,-2.99],[30.83,-3.26],[30.65,-3.33],[30.66,-3.42],[30.45,-3.55],[30.39,-3.71],[30.23,-3.93],[30.17,-4.08],[30.03,-4.27],[29.77,-4.44],[29.43,-4.45]]]}},{"type":"Feature","properties":{"NAME":"British Somaliland","ABBREVN":"British Somaliland","SUBJECTO":"British Somaliland","BORDERPRECISION":3,"PARTOF":"British Somaliland","SHAPE_HASH":"d9f227b4b1"},"geometry":{"type":"Polygon","coordinates":[[[48.98,11.25],[49.01,11.13],[49.01,9.92],[49.04,9.25],[49.02,9],[48.27,8.27],[48.15,8.11],[47.99,8],[47.01,8],[45.62,8.47],[44.65,8.8],[44.01,9.01],[43.63,9.35],[43.44,9.42],[43.43,9.49],[43.26,9.68],[43.22,9.86],[43.05,9.97],[43.01,10.08],[42.85,10.22],[42.79,10.46],[42.66,10.63],[42.94,11],[43.25,11.47],[43.45,11.35],[43.5,11.21],[43.81,10.81],[44.28,10.45],[44.56,10.41],[44.72,10.46],[44.99,10.44],[45.33,10.67],[45.45,10.66],[45.76,10.87],[45.97,10.79],[46.25,10.79],[46.34,10.7],[46.45,10.69],[46.65,10.75],[47.05,10.97],[47.16,11.07],[47.4,11.18],[47.51,11.18],[47.66,11.11],[48.13,11.14],[48.34,11.27],[48.66,11.33],[48.98,11.25]]]}},{"type":"Feature","properties":{"NAME":"Djibouti","ABBREVN":"Djibouti","SUBJECTO":"Djibouti","BORDERPRECISION":3,"PARTOF":"Djibouti","SHAPE_HASH":"eb1fec5540"},"geometry":{"type":"Polygon","coordinates":[[[43.25,11.47],[42.94,11],[42.81,10.99],[42.64,11.1],[42.36,11.02],[42.13,11],[42.02,10.94],[41.84,10.97],[41.8,11.03],[41.81,11.26],[41.76,11.51],[41.83,11.74],[41.95,11.82],[42.13,12.09],[42.31,12.31],[42.4,12.47],[42.54,12.5],[42.7,12.36],[42.82,12.45],[42.81,12.52],[42.93,12.62],[43.12,12.71],[43.32,12.48],[43.41,12.23],[43.37,11.99],[43.19,11.95],[43.05,11.8],[42.77,11.73],[42.69,11.54],[42.95,11.59],[43.16,11.57],[43.25,11.47]]]}},{"type":"Feature","properties":{"NAME":"Ethiopia","ABBREVN":"Ethiopia","SUBJECTO":"Ethiopia","BORDERPRECISION":3,"PARTOF":"Ethiopia","SHAPE_HASH":"03214494f2"},"geometry":{"type":"Polygon","coordinates":[[[41.9,3.97],[41.73,4],[41.47,3.95],[41.18,3.94],[40.78,4.29],[40.4,4.12],[39.87,3.87],[39.78,3.68],[39.5,3.45],[39.2,3.48],[39.08,3.53],[38.91,3.51],[38.52,3.63],[38.45,3.6],[38.12,3.61],[38,3.73],[37.13,4.29],[37.04,4.38],[36.89,4.43],[36.05,4.45],[35.93,4.62],[35.77,4.8],[35.78,5.08],[35.82,5.33],[35.53,5.43],[35.35,5.35],[35.29,5.51],[35.1,5.63],[34.99,5.88],[34.99,6.01],[34.86,6.27],[34.76,6.61],[34.63,6.73],[34.53,6.75],[34.47,6.91],[34.3,6.96],[34.16,7.17],[34.03,7.25],[34.03,7.38],[33.71,7.66],[33.46,7.74],[33.05,7.79],[32.99,7.93],[33.19,8.14],[33.16,8.36],[33.26,8.46],[33.38,8.44],[33.63,8.47],[33.72,8.38],[33.97,8.44],[34.12,8.58],[34.13,8.96],[34.09,9.55],[34.23,10.03],[34.32,10.12],[34.35,10.24],[34.29,10.55],[34.44,10.78],[34.59,10.89],[34.8,10.72],[34.98,10.86],[34.93,10.96],[35.01,11.17],[34.97,11.27],[35.09,11.54],[35.06,11.73],[35.12,11.85],[35.23,11.9],[35.38,12.17],[35.7,12.67],[35.96,12.72],[36.14,12.71],[36.14,12.93],[36.25,13.37],[36.4,13.57],[36.49,13.84],[36.45,13.96],[36.54,14.27],[36.64,14.32],[36.89,14.32],[37.08,14.29],[37.12,14.43],[37.34,14.43],[37.53,14.11],[37.57,14.1],[37.91,14.88],[38.04,14.72],[38.26,14.68],[38.33,14.52],[38.45,14.42],[38.8,14.47],[39.01,14.59],[39.15,14.6],[39.21,14.49],[39.38,14.48],[39.53,14.57],[39.9,14.43],[40.12,14.47],[40.3,14.41],[40.43,14.28],[40.61,14.2],[40.8,14.15],[41.05,13.9],[41.24,13.6],[41.62,13.35],[41.82,13.16],[41.99,12.85],[42.21,12.73],[42.4,12.47],[42.31,12.31],[42.13,12.09],[41.95,11.82],[41.83,11.74],[41.76,11.51],[41.81,11.26],[41.8,11.03],[41.84,10.97],[42.02,10.94],[42.13,11],[42.36,11.02],[42.64,11.1],[42.81,10.99],[42.94,11],[42.66,10.63],[42.79,10.46],[42.85,10.22],[43.01,10.08],[43.05,9.97],[43.22,9.86],[43.26,9.68],[43.43,9.49],[43.44,9.42],[43.63,9.35],[44.01,9.01],[44.65,8.8],[45.62,8.47],[47.01,8],[47.99,8],[46.99,7.06],[45.96,6],[44.95,4.9],[43.98,4.96],[43.49,4.82],[43.16,4.67],[42.99,4.53],[42.88,4.32],[42.37,4.2],[42.07,4.18],[41.9,3.97]]]}},{"type":"Feature","properties":{"NAME":"Eritrea","ABBREVN":"Eritrea","SUBJECTO":"Eritrea","BORDERPRECISION":3,"PARTOF":"Eritrea","SHAPE_HASH":"f4491a2369"},"geometry":{"type":"MultiPolygon","coordinates":[[[[40.13,15.7],[40.26,15.7],[40.42,15.57],[40.12,15.6],[40.13,15.7]]],[[[43.12,12.71],[42.93,12.62],[42.81,12.52],[42.82,12.45],[42.7,12.36],[42.54,12.5],[42.4,12.47],[42.21,12.73],[41.99,12.85],[41.82,13.16],[41.62,13.35],[41.24,13.6],[41.05,13.9],[40.8,14.15],[40.61,14.2],[40.43,14.28],[40.3,14.41],[40.12,14.47],[39.9,14.43],[39.53,14.57],[39.38,14.48],[39.21,14.49],[39.15,14.6],[39.01,14.59],[38.8,14.47],[38.45,14.42],[38.33,14.52],[38.26,14.68],[38.04,14.72],[37.91,14.88],[37.57,14.1],[37.53,14.11],[37.34,14.43],[37.12,14.43],[37.08,14.29],[36.89,14.32],[36.64,14.32],[36.54,14.27],[36.44,15.15],[36.54,15.23],[36.7,15.75],[36.76,15.81],[36.92,16.23],[36.97,16.29],[36.9,16.49],[36.91,16.64],[37.01,16.79],[37.03,17.08],[37.15,17.02],[37.38,17.04],[37.49,17.11],[37.51,17.32],[37.93,17.46],[38.06,17.55],[38.26,17.53],[38.37,17.66],[38.46,17.87],[38.6,18],[38.95,17.35],[39.16,16.68],[39.23,16.13],[39.31,15.9],[39.42,15.77],[39.46,15.52],[39.61,15.49],[39.71,15.26],[39.69,15.13],[39.85,15.18],[39.77,15.39],[39.88,15.49],[39.99,15.39],[40.03,15.24],[40.18,14.97],[40.3,14.91],[40.45,15.01],[40.67,14.9],[40.81,14.71],[40.88,14.72],[41.17,14.63],[41.31,14.48],[41.61,14.07],[41.68,13.94],[41.96,13.86],[42.19,13.58],[42.28,13.57],[42.37,13.22],[42.58,13.16],[42.72,13.04],[42.8,12.85],[42.88,12.81],[43.08,12.83],[43.12,12.71]]]]}},{"type":"Feature","properties":{"NAME":"Angola","ABBREVN":"Angola","SUBJECTO":"Angola","BORDERPRECISION":3,"PARTOF":"Angola","SHAPE_HASH":"dfd5d07e2d"},"geometry":{"type":"MultiPolygon","coordinates":[[[[13.18,-5.86],[13.76,-5.86],[13.97,-5.84],[14.24,-5.89],[14.6,-5.91],[14.71,-5.88],[15.08,-5.86],[15.69,-5.86],[15.81,-5.87],[16.37,-5.85],[16.6,-5.92],[16.61,-6.03],[16.73,-6.2],[16.69,-6.4],[16.78,-6.68],[16.97,-7.02],[16.93,-7.11],[16.99,-7.3],[17.15,-7.45],[17.31,-7.76],[17.44,-7.88],[17.55,-8.08],[17.63,-8.1],[17.89,-8.04],[18.12,-8.11],[18.2,-8],[18.4,-8.01],[18.53,-7.94],[18.77,-7.94],[18.79,-8],[19.37,-7.99],[19.35,-7.89],[19.4,-7.69],[19.53,-7.48],[19.49,-7.29],[19.54,-7],[20.31,-6.99],[20.33,-6.91],[20.63,-6.91],[20.55,-7.12],[20.55,-7.28],[21.78,-7.28],[21.84,-7.37],[21.85,-7.59],[21.77,-7.77],[21.76,-8],[21.8,-8.05],[21.94,-8.42],[21.94,-8.5],[21.84,-9.07],[21.79,-9.41],[21.85,-9.62],[22.02,-9.85],[22.18,-9.96],[22.21,-10.15],[22.31,-10.37],[22.27,-10.51],[22.32,-10.73],[22.17,-10.86],[22.3,-11.24],[22.48,-11.13],[22.52,-11.04],[22.78,-11.09],[23.22,-11.08],[23.37,-10.98],[23.5,-10.96],[23.86,-11.03],[23.99,-10.87],[24.03,-11.25],[24.08,-11.4],[23.97,-11.66],[23.98,-12.21],[24.05,-12.39],[23.97,-12.51],[23.89,-12.83],[24.02,-13],[23.28,-13.01],[22,-13],[22,-14.01],[22,-14.95],[22,-16.17],[22.12,-16.35],[22.14,-16.49],[22.49,-16.78],[22.73,-17.04],[23.07,-17.33],[23.2,-17.48],[23.48,-17.63],[22.29,-17.85],[21.38,-18.01],[21.24,-17.94],[20.95,-17.97],[20.85,-18.02],[20.55,-17.98],[20.32,-17.86],[20.1,-17.9],[19.92,-17.86],[19.41,-17.86],[19.25,-17.81],[19.03,-17.83],[18.75,-17.75],[18.64,-17.65],[18.45,-17.39],[17.51,-17.39],[16,-17.39],[14.99,-17.39],[14.36,-17.39],[13.99,-17.42],[13.66,-17.22],[13.49,-17.03],[13.38,-16.97],[13.15,-16.95],[12.88,-17.04],[12.6,-17.23],[12.29,-17.23],[12.09,-17.14],[11.75,-17.26],[11.77,-16.83],[11.81,-16.79],[11.82,-16.47],[11.78,-16.09],[11.81,-16],[11.74,-15.88],[11.86,-15.79],[12.01,-15.6],[12.06,-15.22],[12.27,-14.75],[12.35,-14.31],[12.32,-14.19],[12.41,-13.95],[12.5,-13.84],[12.54,-13.58],[12.51,-13.42],[12.77,-13.19],[12.96,-12.95],[12.97,-12.78],[13.2,-12.61],[13.35,-12.6],[13.66,-12.17],[13.79,-11.79],[13.78,-11.58],[13.85,-11],[13.72,-10.77],[13.75,-10.64],[13.54,-10.42],[13.51,-10.28],[13.32,-9.96],[13.17,-9.41],[13.01,-9.09],[13.23,-8.8],[13.36,-8.77],[13.41,-8.66],[13.35,-8.47],[13.39,-8.39],[13.26,-8.17],[12.95,-7.44],[12.87,-7.27],[12.82,-6.95],[12.54,-6.63],[12.36,-6.26],[12.31,-6.1],[12.58,-6.04],[12.8,-6.02],[12.98,-5.88],[13.18,-5.86]]],[[[12.03,-5.01],[12.17,-4.9],[12.22,-4.76],[12.33,-4.79],[12.4,-4.61],[12.64,-4.56],[12.77,-4.39],[13.09,-4.63],[12.82,-4.74],[12.71,-4.91],[12.57,-5.02],[12.53,-5.12],[12.53,-5.72],[12.21,-5.77],[12.15,-5.61],[12.23,-5.48],[12.03,-5.01]]]]}},{"type":"Feature","properties":{"NAME":"Mozambique","ABBREVN":"Mozambique","SUBJECTO":"Mozambique","BORDERPRECISION":3,"PARTOF":"Mozambique","SHAPE_HASH":"93564577ad"},"geometry":{"type":"Polygon","coordinates":[[[34.96,-11.57],[35.57,-11.61],[35.65,-11.59],[35.83,-11.42],[35.94,-11.43],[36.17,-11.59],[36.19,-11.71],[36.38,-11.68],[36.56,-11.74],[36.68,-11.71],[36.83,-11.57],[37,-11.59],[37.12,-11.67],[37.4,-11.72],[37.79,-11.56],[37.87,-11.33],[38.1,-11.26],[38.49,-11.42],[38.67,-11.27],[38.91,-11.17],[39.29,-11.15],[39.5,-11],[39.77,-10.92],[40.02,-10.78],[40.35,-10.56],[40.44,-10.47],[40.52,-10.48],[40.6,-10.82],[40.5,-10.96],[40.56,-11.07],[40.39,-11.32],[40.48,-11.4],[40.42,-11.65],[40.51,-11.96],[40.51,-12.43],[40.64,-12.78],[40.51,-12.88],[40.59,-12.97],[40.54,-13.31],[40.59,-13.37],[40.53,-13.52],[40.54,-13.64],[40.65,-14.02],[40.6,-14.25],[40.72,-14.2],[40.73,-14.34],[40.83,-14.46],[40.85,-14.73],[40.73,-14.89],[40.77,-14.98],[40.63,-15.16],[40.68,-15.25],[40.58,-15.5],[40.44,-15.6],[40.36,-15.72],[40.13,-15.94],[40.1,-16.08],[39.98,-16.24],[39.78,-16.31],[39.82,-16.41],[39.7,-16.54],[39.13,-16.87],[39.1,-16.98],[38.69,-17.07],[38.25,-17.23],[38.1,-17.32],[37.85,-17.39],[37.22,-17.75],[36.98,-18],[36.77,-18.3],[36.48,-18.58],[36.4,-18.73],[36.25,-18.89],[35.98,-18.93],[35.67,-19.12],[35.45,-19.42],[35.11,-19.72],[34.89,-19.86],[34.78,-19.83],[34.76,-20.18],[34.7,-20.38],[34.74,-20.56],[34.99,-20.73],[35.12,-20.97],[35.05,-21.1],[35.08,-21.32],[35.27,-21.65],[35.28,-21.82],[35.42,-22.17],[35.55,-22.23],[35.49,-22.63],[35.5,-22.83],[35.56,-23.02],[35.48,-23.18],[35.48,-23.31],[35.35,-23.7],[35.38,-23.86],[35.54,-23.87],[35.5,-24.1],[35.14,-24.57],[34.81,-24.74],[34.3,-24.93],[33.72,-25.11],[33.13,-25.38],[32.88,-25.54],[32.77,-25.68],[32.6,-26.03],[32.81,-26.28],[32.95,-26.09],[32.89,-26.85],[32.35,-26.86],[32.13,-26.84],[32.13,-26.5],[32.06,-26.26],[32.07,-26.04],[31.97,-25.96],[31.92,-25.81],[32.01,-25.62],[32.02,-25.03],[32,-24.7],[32.02,-24.46],[31.89,-24.17],[31.88,-23.96],[31.77,-23.86],[31.68,-23.61],[31.55,-23.48],[31.56,-23.19],[31.3,-22.42],[31.4,-22.35],[32.41,-21.31],[32.36,-21.14],[32.52,-20.91],[32.48,-20.67],[32.55,-20.55],[32.67,-20.56],[32.87,-20.27],[32.9,-20.12],[33.02,-19.94],[33.06,-19.78],[32.85,-19.62],[32.79,-19.36],[32.88,-19.11],[32.71,-19.02],[32.7,-18.83],[32.92,-18.78],[32.95,-18.69],[32.89,-18.53],[33.02,-18.46],[33.07,-18.35],[33,-18.19],[32.95,-17.88],[33.04,-17.63],[32.96,-17.51],[33.04,-17.35],[32.87,-16.92],[32.98,-16.71],[32.77,-16.72],[32.71,-16.61],[32.41,-16.48],[32.23,-16.44],[32.06,-16.45],[31.72,-16.21],[31.43,-16.16],[31.31,-16.03],[31.07,-16.02],[30.42,-16.01],[30.42,-15.64],[30.36,-15.34],[30.27,-15.26],[30.21,-14.98],[30.34,-14.97],[30.81,-14.78],[31.48,-14.62],[31.7,-14.5],[32.37,-14.31],[33.22,-14.01],[33.44,-14.32],[33.63,-14.54],[34.36,-14.39],[34.54,-14.62],[34.59,-14.96],[34.59,-15.28],[34.43,-15.47],[34.42,-15.65],[34.3,-15.76],[34.26,-15.91],[34.42,-16.05],[34.41,-16.2],[34.55,-16.3],[34.66,-16.45],[35,-16.79],[35.15,-16.84],[35.05,-17.02],[35.09,-17.13],[35.29,-17.13],[35.3,-16.81],[35.28,-16.7],[35.14,-16.55],[35.24,-16.47],[35.29,-16.23],[35.41,-16.13],[35.54,-16.16],[35.71,-16.11],[35.82,-16.01],[35.87,-15.42],[35.8,-15.19],[35.92,-14.89],[35.88,-14.66],[35.53,-14.25],[35.49,-14.16],[35.21,-13.84],[35.1,-13.69],[34.9,-13.52],[34.66,-13.5],[34.57,-13.34],[34.56,-13.05],[34.51,-12.65],[34.37,-12.25],[34.38,-12.13],[34.61,-11.78],[34.62,-11.58],[34.96,-11.57]]]}},{"type":"Feature","properties":{"NAME":"Zambia","ABBREVN":"Zambia","SUBJECTO":"Zambia","BORDERPRECISION":3,"PARTOF":"Zambia","SHAPE_HASH":"a19a2da90a"},"geometry":{"type":"Polygon","coordinates":[[[23.99,-10.87],[24.13,-10.92],[24.19,-11.03],[24.4,-11.11],[24.38,-11.4],[24.53,-11.46],[24.74,-11.32],[25.19,-11.25],[25.29,-11.37],[25.36,-11.64],[25.5,-11.71],[25.84,-11.8],[25.98,-11.9],[26.44,-11.91],[26.68,-11.99],[26.87,-11.97],[26.98,-11.88],[27.03,-11.6],[27.21,-11.58],[27.23,-11.78],[27.48,-11.97],[27.53,-12.16],[27.68,-12.3],[27.86,-12.25],[28.16,-12.43],[28.35,-12.44],[28.53,-12.66],[28.5,-12.75],[28.57,-12.89],[28.67,-12.84],[28.92,-13.15],[28.97,-13.36],[29.2,-13.43],[29.59,-13.22],[29.68,-13.27],[29.65,-13.43],[29.8,-13.45],[29.81,-12.16],[29.57,-12.19],[29.47,-12.25],[29.48,-12.46],[29.26,-12.37],[29.03,-12.38],[28.94,-12.2],[28.7,-11.99],[28.5,-11.87],[28.36,-11.52],[28.47,-11.24],[28.55,-10.83],[28.7,-10.65],[28.63,-10.52],[28.6,-10.25],[28.63,-9.93],[28.7,-9.8],[28.54,-9.47],[28.52,-9.36],[28.37,-9.28],[28.71,-9.02],[28.87,-8.83],[28.96,-8.66],[28.9,-8.48],[29.58,-8.37],[30.77,-8.19],[30.84,-8.35],[30.98,-8.55],[31.08,-8.61],[31.23,-8.58],[31.49,-8.67],[31.57,-8.82],[31.68,-8.91],[31.79,-8.89],[31.95,-8.94],[31.94,-9.03],[32.16,-9.06],[32.26,-9.13],[32.42,-9.13],[32.54,-9.26],[32.7,-9.28],[32.94,-9.41],[33,-9.62],[33.21,-9.6],[33.24,-9.73],[33.36,-9.93],[33.33,-10.06],[33.56,-10.22],[33.57,-10.39],[33.7,-10.57],[33.46,-10.8],[33.25,-10.89],[33.41,-11.16],[33.25,-11.41],[33.32,-11.61],[33.33,-11.9],[33.27,-12.13],[33.36,-12.31],[33.54,-12.36],[33.36,-12.54],[33.07,-12.59],[32.96,-12.76],[33.03,-12.91],[32.98,-13.23],[32.78,-13.64],[32.99,-13.93],[33.22,-14.01],[32.37,-14.31],[31.7,-14.5],[31.48,-14.62],[30.81,-14.78],[30.34,-14.97],[30.21,-14.98],[30.27,-15.26],[30.36,-15.34],[30.42,-15.64],[29.84,-15.62],[29.58,-15.66],[29.25,-15.78],[28.87,-16.04],[28.85,-16.39],[28.75,-16.56],[28.59,-16.59],[28.26,-16.72],[28.14,-16.82],[27.83,-16.96],[27.64,-17.22],[27.61,-17.34],[27.35,-17.58],[27.03,-17.96],[26.75,-18.03],[26.23,-17.9],[25.97,-18],[25.69,-17.81],[25.51,-17.86],[25.26,-17.8],[24.97,-17.56],[24.66,-17.49],[24.57,-17.53],[24.44,-17.48],[24.24,-17.48],[23.48,-17.63],[23.2,-17.48],[23.07,-17.33],[22.73,-17.04],[22.49,-16.78],[22.14,-16.49],[22.12,-16.35],[22,-16.17],[22,-14.95],[22,-14.01],[22,-13],[23.28,-13.01],[24.02,-13],[23.89,-12.83],[23.97,-12.51],[24.05,-12.39],[23.98,-12.21],[23.97,-11.66],[24.08,-11.4],[24.03,-11.25],[23.99,-10.87]]]}},{"type":"Feature","properties":{"NAME":"Zimbabwe","ABBREVN":"Zimbabwe","SUBJECTO":"Zimbabwe","BORDERPRECISION":3,"PARTOF":"Zimbabwe","SHAPE_HASH":"8badd62429"},"geometry":{"type":"Polygon","coordinates":[[[30.42,-15.64],[30.42,-16.01],[31.07,-16.02],[31.31,-16.03],[31.43,-16.16],[31.72,-16.21],[32.06,-16.45],[32.23,-16.44],[32.41,-16.48],[32.71,-16.61],[32.77,-16.72],[32.98,-16.71],[32.87,-16.92],[33.04,-17.35],[32.96,-17.51],[33.04,-17.63],[32.95,-17.88],[33,-18.19],[33.07,-18.35],[33.02,-18.46],[32.89,-18.53],[32.95,-18.69],[32.92,-18.78],[32.7,-18.83],[32.71,-19.02],[32.88,-19.11],[32.79,-19.36],[32.85,-19.62],[33.06,-19.78],[33.02,-19.94],[32.9,-20.12],[32.87,-20.27],[32.67,-20.56],[32.55,-20.55],[32.48,-20.67],[32.52,-20.91],[32.36,-21.14],[32.41,-21.31],[31.4,-22.35],[31.3,-22.42],[31.16,-22.32],[30.9,-22.29],[30.64,-22.33],[30.3,-22.34],[29.73,-22.14],[29.37,-22.19],[29.27,-22.08],[29.09,-22.05],[29.04,-21.97],[29.07,-21.81],[28.86,-21.75],[28.65,-21.65],[28.46,-21.65],[28.28,-21.59],[28.01,-21.56],[27.84,-21.22],[27.69,-21.07],[27.73,-20.79],[27.73,-20.55],[27.61,-20.47],[27.29,-20.49],[27.29,-20.24],[27.21,-20.09],[26.73,-19.93],[26.36,-19.62],[26.15,-19.51],[26.02,-19.19],[25.99,-18.99],[25.72,-18.59],[25.53,-18.4],[25.4,-18.13],[25.24,-17.92],[25.26,-17.8],[25.51,-17.86],[25.69,-17.81],[25.97,-18],[26.23,-17.9],[26.75,-18.03],[27.03,-17.96],[27.35,-17.58],[27.61,-17.34],[27.64,-17.22],[27.83,-16.96],[28.14,-16.82],[28.26,-16.72],[28.59,-16.59],[28.75,-16.56],[28.85,-16.39],[28.87,-16.04],[29.25,-15.78],[29.58,-15.66],[29.84,-15.62],[30.42,-15.64]]]}},{"type":"Feature","properties":{"NAME":"Malawi","ABBREVN":"Malawi","SUBJECTO":"Malawi","BORDERPRECISION":3,"PARTOF":"Malawi","SHAPE_HASH":"4ff1228b3e"},"geometry":{"type":"Polygon","coordinates":[[[32.94,-9.41],[33,-9.38],[33.13,-9.49],[33.31,-9.49],[33.43,-9.61],[33.76,-9.59],[33.94,-9.69],[33.96,-9.53],[34.04,-9.48],[34.33,-9.74],[34.53,-10.05],[34.59,-10.56],[34.65,-10.64],[34.62,-11.11],[34.96,-11.48],[34.96,-11.57],[34.62,-11.58],[34.61,-11.78],[34.38,-12.13],[34.37,-12.25],[34.51,-12.65],[34.56,-13.05],[34.57,-13.34],[34.66,-13.5],[34.9,-13.52],[35.1,-13.69],[35.21,-13.84],[35.49,-14.16],[35.53,-14.25],[35.88,-14.66],[35.92,-14.89],[35.8,-15.19],[35.87,-15.42],[35.82,-16.01],[35.71,-16.11],[35.54,-16.16],[35.41,-16.13],[35.29,-16.23],[35.24,-16.47],[35.14,-16.55],[35.28,-16.7],[35.3,-16.81],[35.29,-17.13],[35.09,-17.13],[35.05,-17.02],[35.15,-16.84],[35,-16.79],[34.66,-16.45],[34.55,-16.3],[34.41,-16.2],[34.42,-16.05],[34.26,-15.91],[34.3,-15.76],[34.42,-15.65],[34.43,-15.47],[34.59,-15.28],[34.59,-14.96],[34.54,-14.62],[34.36,-14.39],[33.63,-14.54],[33.44,-14.32],[33.22,-14.01],[32.99,-13.93],[32.78,-13.64],[32.98,-13.23],[33.03,-12.91],[32.96,-12.76],[33.07,-12.59],[33.36,-12.54],[33.54,-12.36],[33.36,-12.31],[33.27,-12.13],[33.33,-11.9],[33.32,-11.61],[33.25,-11.41],[33.41,-11.16],[33.25,-10.89],[33.46,-10.8],[33.7,-10.57],[33.57,-10.39],[33.56,-10.22],[33.33,-10.06],[33.36,-9.93],[33.24,-9.73],[33.21,-9.6],[33,-9.62],[32.94,-9.41]]]}},{"type":"Feature","properties":{"NAME":"South Africa","ABBREVN":"South Africa","SUBJECTO":"South Africa","BORDERPRECISION":3,"PARTOF":"South Africa","SHAPE_HASH":"32eb86aebd"},"geometry":{"type":"MultiPolygon","coordinates":[[[[37.89,-46.9],[37.64,-46.96],[37.65,-46.83],[37.89,-46.9]]],[[[32.13,-26.84],[32.35,-26.86],[32.89,-26.85],[32.83,-27.13],[32.67,-27.52],[32.59,-27.89],[32.55,-28.18],[32.38,-28.55],[31.99,-28.88],[31.77,-28.95],[31.33,-29.39],[31.21,-29.54],[31.01,-29.87],[31.04,-29.92],[30.85,-30.1],[30.73,-30.34],[30.39,-30.86],[30.02,-31.28],[29.77,-31.44],[29.63,-31.58],[29.41,-31.7],[29.2,-31.95],[28.93,-32.22],[28.36,-32.7],[28.23,-32.77],[27.9,-33.04],[27.1,-33.53],[26.46,-33.77],[26.08,-33.71],[25.87,-33.72],[25.68,-33.79],[25.63,-34.05],[25.44,-34.03],[25.16,-33.96],[24.92,-34.01],[24.82,-34.2],[24.48,-34.16],[24.39,-34.11],[23.65,-33.98],[23.39,-34.03],[23.37,-34.09],[22.96,-34.09],[22.78,-34.01],[22.54,-34.01],[22.4,-34.07],[22.16,-34.09],[21.94,-34.23],[21.9,-34.34],[21.73,-34.4],[21.5,-34.36],[21.3,-34.43],[21.06,-34.36],[20.89,-34.37],[20.8,-34.46],[20.46,-34.48],[20.39,-34.55],[20.09,-34.73],[20,-34.82],[19.86,-34.75],[19.65,-34.77],[19.42,-34.62],[19.31,-34.43],[19.08,-34.35],[18.8,-34.36],[18.85,-34.15],[18.8,-34.09],[18.6,-34.07],[18.44,-34.14],[18.31,-34.04],[18.47,-33.82],[18.31,-33.48],[18.16,-33.34],[18.13,-33.18],[18.03,-33.03],[17.88,-33],[17.85,-32.83],[17.99,-32.73],[18.11,-32.78],[18.26,-32.67],[18.33,-32.49],[18.35,-32.29],[18.28,-31.9],[18.18,-31.67],[17.91,-31.36],[17.62,-30.93],[17.42,-30.56],[17.28,-30.34],[17.09,-29.84],[17,-29.52],[16.82,-29.09],[16.61,-28.88],[16.49,-28.58],[16.78,-28.44],[16.82,-28.24],[16.91,-28.07],[17.08,-28.03],[17.19,-28.11],[17.22,-28.24],[17.34,-28.23],[17.4,-28.34],[17.36,-28.53],[17.4,-28.71],[17.59,-28.69],[17.91,-28.78],[18.18,-28.91],[18.72,-28.84],[18.95,-28.87],[19.11,-28.96],[19.25,-28.9],[19.26,-28.74],[19.45,-28.71],[19.57,-28.53],[19.81,-28.49],[20,-28.42],[20,-27.58],[20,-26.41],[20,-25.41],[20,-24.77],[20.13,-24.88],[20.39,-25.04],[20.61,-25.4],[20.68,-25.69],[20.81,-25.88],[20.86,-26.14],[20.69,-26.39],[20.61,-26.45],[20.62,-26.77],[20.7,-26.88],[20.92,-26.8],[21.14,-26.87],[21.38,-26.82],[21.67,-26.86],[21.77,-26.68],[21.96,-26.66],[22.13,-26.54],[22.2,-26.39],[22.62,-26.11],[22.72,-25.97],[22.76,-25.74],[22.91,-25.4],[23.01,-25.3],[23.19,-25.26],[23.45,-25.28],[23.74,-25.46],[23.9,-25.62],[24.01,-25.66],[24.19,-25.62],[24.35,-25.76],[24.47,-25.75],[24.65,-25.82],[24.8,-25.83],[25.01,-25.73],[25.36,-25.75],[25.59,-25.62],[25.67,-25.47],[25.87,-24.91],[25.87,-24.74],[26.46,-24.58],[26.56,-24.44],[26.85,-24.25],[26.98,-23.69],[27.15,-23.52],[27.34,-23.4],[27.53,-23.38],[27.6,-23.22],[27.78,-23.17],[28.16,-22.77],[28.18,-22.69],[28.36,-22.58],[28.64,-22.56],[28.92,-22.45],[29.02,-22.23],[29.37,-22.19],[29.73,-22.14],[30.3,-22.34],[30.64,-22.33],[30.9,-22.29],[31.16,-22.32],[31.3,-22.42],[31.56,-23.19],[31.55,-23.48],[31.68,-23.61],[31.77,-23.86],[31.88,-23.96],[31.89,-24.17],[32.02,-24.46],[32,-24.7],[32.02,-25.03],[32.01,-25.62],[31.92,-25.81],[31.97,-25.96],[31.88,-26],[31.42,-25.73],[31.33,-25.75],[31.13,-25.92],[31.06,-26.09],[30.83,-26.39],[30.8,-26.47],[30.82,-26.81],[30.9,-26.77],[30.97,-26.96],[31.16,-27.2],[31.52,-27.31],[31.99,-27.32],[31.96,-27.11],[32.02,-26.81],[32.13,-26.84]],[[27.38,-30.32],[27.46,-30.32],[27.74,-30.6],[28.08,-30.65],[28.31,-30.25],[28.4,-30.14],[28.67,-30.14],[28.91,-30.06],[29.17,-29.92],[29.12,-29.81],[29.17,-29.66],[29.29,-29.62],[29.31,-29.48],[29.46,-29.35],[29.33,-29.09],[28.95,-28.88],[28.87,-28.76],[28.65,-28.57],[28.4,-28.63],[28.36,-28.69],[28.18,-28.7],[28.02,-28.86],[27.8,-28.92],[27.45,-29.3],[27.3,-29.53],[27.01,-29.63],[27.23,-29.99],[27.3,-30.05],[27.38,-30.32]]]]}},{"type":"Feature","properties":{"NAME":"Namibia","ABBREVN":"Namibia","SUBJECTO":"Namibia","BORDERPRECISION":3,"PARTOF":"Namibia","SHAPE_HASH":"77df19856d"},"geometry":{"type":"Polygon","coordinates":[[[11.75,-17.26],[12.09,-17.14],[12.29,-17.23],[12.6,-17.23],[12.88,-17.04],[13.15,-16.95],[13.38,-16.97],[13.49,-17.03],[13.66,-17.22],[13.99,-17.42],[14.36,-17.39],[14.99,-17.39],[16,-17.39],[17.51,-17.39],[18.45,-17.39],[18.64,-17.65],[18.75,-17.75],[19.03,-17.83],[19.25,-17.81],[19.41,-17.86],[19.92,-17.86],[20.1,-17.9],[20.32,-17.86],[20.55,-17.98],[20.85,-18.02],[20.95,-17.97],[21.24,-17.94],[21.38,-18.01],[22.29,-17.85],[23.48,-17.63],[24.24,-17.48],[24.44,-17.48],[24.57,-17.53],[24.66,-17.49],[24.97,-17.56],[25.26,-17.8],[24.83,-17.84],[24.57,-18.05],[24.36,-17.95],[23.97,-18.18],[23.72,-18.43],[23.56,-18.44],[23.52,-18.27],[23.4,-18.18],[23.29,-18],[23.08,-18],[22.26,-18.15],[21.46,-18.3],[20.99,-18.32],[20.99,-19.17],[20.99,-20],[20.99,-20.82],[20.99,-22],[20,-22],[20,-22.94],[20,-23.65],[20,-24.77],[20,-25.41],[20,-26.41],[20,-27.58],[20,-28.42],[19.81,-28.49],[19.57,-28.53],[19.45,-28.71],[19.26,-28.74],[19.25,-28.9],[19.11,-28.96],[18.95,-28.87],[18.72,-28.84],[18.18,-28.91],[17.91,-28.78],[17.59,-28.69],[17.4,-28.71],[17.36,-28.53],[17.4,-28.34],[17.34,-28.23],[17.22,-28.24],[17.19,-28.11],[17.08,-28.03],[16.91,-28.07],[16.82,-28.24],[16.78,-28.44],[16.49,-28.58],[16.35,-28.56],[16.02,-28.24],[15.9,-28.16],[15.69,-27.96],[15.53,-27.73],[15.52,-27.63],[15.29,-27.32],[15.24,-26.97],[15.16,-26.9],[15.08,-26.65],[15.17,-26.6],[15.09,-26.4],[14.97,-26.34],[14.98,-26.06],[14.84,-25.76],[14.88,-25.57],[14.8,-25.28],[14.86,-25.09],[14.78,-24.8],[14.61,-24.58],[14.62,-24.49],[14.46,-24.1],[14.51,-23.83],[14.5,-23.58],[14.43,-23.41],[14.5,-23.32],[14.41,-23.03],[14.54,-22.88],[14.51,-22.55],[14.42,-22.33],[14.29,-22.12],[13.95,-21.78],[13.96,-21.7],[13.81,-21.43],[13.58,-21.13],[13.4,-20.86],[13.35,-20.65],[13.25,-20.47],[13.22,-20.31],[13.14,-20.13],[13.06,-20.07],[12.93,-19.79],[12.71,-19.42],[12.46,-18.93],[12.31,-18.72],[12.02,-18.47],[11.94,-18.25],[11.81,-18.09],[11.76,-17.96],[11.72,-17.48],[11.75,-17.26]]]}},{"type":"Feature","properties":{"NAME":"Lesotho","ABBREVN":"Lesotho","SUBJECTO":"Lesotho","BORDERPRECISION":3,"PARTOF":"Lesotho","SHAPE_HASH":"17b1a066de"},"geometry":{"type":"Polygon","coordinates":[[[27.38,-30.32],[27.3,-30.05],[27.23,-29.99],[27.01,-29.63],[27.3,-29.53],[27.45,-29.3],[27.8,-28.92],[28.02,-28.86],[28.18,-28.7],[28.36,-28.69],[28.4,-28.63],[28.65,-28.57],[28.87,-28.76],[28.95,-28.88],[29.33,-29.09],[29.46,-29.35],[29.31,-29.48],[29.29,-29.62],[29.17,-29.66],[29.12,-29.81],[29.17,-29.92],[28.91,-30.06],[28.67,-30.14],[28.4,-30.14],[28.31,-30.25],[28.08,-30.65],[27.74,-30.6],[27.46,-30.32],[27.38,-30.32]]]}},{"type":"Feature","properties":{"NAME":"Botswana","ABBREVN":"Botswana","SUBJECTO":"Botswana","BORDERPRECISION":3,"PARTOF":"Botswana","SHAPE_HASH":"a749d0f8c9"},"geometry":{"type":"Polygon","coordinates":[[[25.26,-17.8],[25.24,-17.92],[25.4,-18.13],[25.53,-18.4],[25.72,-18.59],[25.99,-18.99],[26.02,-19.19],[26.15,-19.51],[26.36,-19.62],[26.73,-19.93],[27.21,-20.09],[27.29,-20.24],[27.29,-20.49],[27.61,-20.47],[27.73,-20.55],[27.73,-20.79],[27.69,-21.07],[27.84,-21.22],[28.01,-21.56],[28.28,-21.59],[28.46,-21.65],[28.65,-21.65],[28.86,-21.75],[29.07,-21.81],[29.04,-21.97],[29.09,-22.05],[29.27,-22.08],[29.37,-22.19],[29.02,-22.23],[28.92,-22.45],[28.64,-22.56],[28.36,-22.58],[28.18,-22.69],[28.16,-22.77],[27.78,-23.17],[27.6,-23.22],[27.53,-23.38],[27.34,-23.4],[27.15,-23.52],[26.98,-23.69],[26.85,-24.25],[26.56,-24.44],[26.46,-24.58],[25.87,-24.74],[25.87,-24.91],[25.67,-25.47],[25.59,-25.62],[25.36,-25.75],[25.01,-25.73],[24.8,-25.83],[24.65,-25.82],[24.47,-25.75],[24.35,-25.76],[24.19,-25.62],[24.01,-25.66],[23.9,-25.62],[23.74,-25.46],[23.45,-25.28],[23.19,-25.26],[23.01,-25.3],[22.91,-25.4],[22.76,-25.74],[22.72,-25.97],[22.62,-26.11],[22.2,-26.39],[22.13,-26.54],[21.96,-26.66],[21.77,-26.68],[21.67,-26.86],[21.38,-26.82],[21.14,-26.87],[20.92,-26.8],[20.7,-26.88],[20.62,-26.77],[20.61,-26.45],[20.69,-26.39],[20.86,-26.14],[20.81,-25.88],[20.68,-25.69],[20.61,-25.4],[20.39,-25.04],[20.13,-24.88],[20,-24.77],[20,-23.65],[20,-22.94],[20,-22],[20.99,-22],[20.99,-20.82],[20.99,-20],[20.99,-19.17],[20.99,-18.32],[21.46,-18.3],[22.26,-18.15],[23.08,-18],[23.29,-18],[23.4,-18.18],[23.52,-18.27],[23.56,-18.44],[23.72,-18.43],[23.97,-18.18],[24.36,-17.95],[24.57,-18.05],[24.83,-17.84],[25.26,-17.8]]]}},{"type":"Feature","properties":{"NAME":"Swaziland","ABBREVN":"Swaziland","SUBJECTO":"Swaziland","BORDERPRECISION":3,"PARTOF":"Swaziland","SHAPE_HASH":"955d9a491f"},"geometry":{"type":"Polygon","coordinates":[[[31.97,-25.96],[32.07,-26.04],[32.06,-26.26],[32.13,-26.5],[32.13,-26.84],[32.02,-26.81],[31.96,-27.11],[31.99,-27.32],[31.52,-27.31],[31.16,-27.2],[30.97,-26.96],[30.9,-26.77],[30.82,-26.81],[30.8,-26.47],[30.83,-26.39],[31.06,-26.09],[31.13,-25.92],[31.33,-25.75],[31.42,-25.73],[31.88,-26],[31.97,-25.96]]]}},{"type":"Feature","properties":{"NAME":"Madagascar","ABBREVN":"Madagascar","SUBJECTO":"Madagascar","BORDERPRECISION":3,"PARTOF":"Madagascar","SHAPE_HASH":"cf3f4d4d66"},"geometry":{"type":"MultiPolygon","coordinates":[[[[48.36,-13.4],[48.22,-13.41],[48.2,-13.27],[48.32,-13.2],[48.36,-13.4]]],[[[44.48,-12.09],[44.53,-12.35],[44.39,-12.27],[44.41,-12.09],[44.48,-12.09]]],[[[49.34,-12.17],[49.37,-12.27],[49.52,-12.35],[49.59,-12.49],[49.56,-12.63],[49.8,-12.82],[49.94,-13.04],[49.93,-13.18],[50.04,-13.51],[50.1,-13.63],[50.18,-14.06],[50.16,-14.2],[50.22,-14.3],[50.2,-14.57],[50.34,-15],[50.48,-15.2],[50.5,-15.32],[50.43,-15.58],[50.3,-15.87],[50.17,-15.98],[50.03,-15.8],[49.87,-15.43],[49.75,-15.44],[49.64,-15.54],[49.73,-15.9],[49.68,-16.03],[49.73,-16.15],[49.85,-16.22],[49.86,-16.47],[49.72,-16.76],[49.78,-16.83],[49.59,-16.92],[49.43,-17.3],[49.51,-17.68],[49.38,-18.21],[49.37,-18.35],[49.13,-18.97],[49,-19.33],[48.88,-19.61],[48.81,-19.93],[48.62,-20.39],[48.52,-20.7],[48.37,-21.29],[48.22,-21.74],[47.91,-22.46],[47.84,-22.87],[47.71,-23.34],[47.63,-23.56],[47.59,-23.79],[47.5,-24.01],[47.34,-24.31],[47.31,-24.46],[47.09,-24.97],[46.72,-25.17],[46.34,-25.17],[45.92,-25.33],[45.55,-25.56],[45.21,-25.59],[44.78,-25.32],[44.35,-25.25],[44.4,-25.19],[44.03,-25],[43.93,-24.76],[43.91,-24.6],[43.71,-24.42],[43.66,-24.31],[43.65,-23.62],[43.76,-23.47],[43.61,-23.31],[43.6,-23.1],[43.36,-22.85],[43.24,-22.28],[43.24,-22.07],[43.33,-21.76],[43.47,-21.67],[43.5,-21.33],[43.59,-21.28],[43.78,-21.26],[43.84,-21.16],[43.9,-20.88],[44.04,-20.72],[44.36,-20.13],[44.48,-19.98],[44.47,-19.88],[44.37,-19.78],[44.47,-19.44],[44.23,-19.07],[44.26,-18.85],[44.16,-18.58],[44.04,-18.42],[44.05,-18.24],[44,-17.95],[44.03,-17.76],[43.93,-17.61],[43.95,-17.45],[44.14,-17.18],[44.35,-16.79],[44.44,-16.69],[44.46,-16.48],[44.4,-16.37],[44.5,-16.18],[44.87,-16.21],[45.06,-16.1],[45.14,-16],[45.28,-15.94],[45.57,-15.95],[45.72,-15.79],[46.06,-15.87],[46.07,-15.74],[46.23,-15.71],[46.28,-15.93],[46.48,-15.96],[46.3,-15.71],[46.46,-15.51],[46.97,-15.21],[47.07,-15.34],[47.04,-15.49],[47.22,-15.45],[47.06,-15.22],[47.11,-15.12],[47.31,-14.91],[47.29,-14.85],[47.46,-14.66],[47.51,-14.83],[47.41,-14.97],[47.49,-15.08],[47.75,-14.6],[47.7,-14.41],[47.78,-14.26],[47.93,-14.25],[48.05,-14.16],[47.95,-14],[47.87,-13.78],[47.91,-13.59],[48.15,-13.6],[48.18,-13.76],[48.34,-13.77],[48.35,-13.54],[48.5,-13.52],[48.54,-13.43],[48.74,-13.42],[48.8,-13.35],[48.82,-13.12],[48.96,-12.81],[48.88,-12.57],[48.78,-12.47],[49.17,-12.23],[49.16,-12.05],[49.26,-11.95],[49.36,-12.09],[49.34,-12.17]]],[[[43.49,-11.92],[43.27,-11.83],[43.22,-11.76],[43.25,-11.44],[43.4,-11.44],[43.37,-11.62],[43.49,-11.92]]]]}},{"type":"Feature","properties":{"NAME":"Reunion","ABBREVN":"Reunion","SUBJECTO":"Reunion","BORDERPRECISION":3,"PARTOF":"Reunion","SHAPE_HASH":"4513586ef8"},"geometry":{"type":"Polygon","coordinates":[[[55.71,-21],[55.85,-21.13],[55.82,-21.32],[55.67,-21.37],[55.34,-21.27],[55.22,-21.03],[55.29,-20.92],[55.45,-20.86],[55.66,-20.9],[55.71,-21]]]}},{"type":"Feature","properties":{"NAME":"Mauritius","ABBREVN":"Mauritius","SUBJECTO":"Mauritius","BORDERPRECISION":3,"PARTOF":"Mauritius","SHAPE_HASH":"68d0d9fd57"},"geometry":{"type":"Polygon","coordinates":[[[57.57,-20.51],[57.31,-20.46],[57.38,-20.24],[57.53,-20.02],[57.68,-20.01],[57.8,-20.23],[57.72,-20.44],[57.57,-20.51]]]}},{"type":"Feature","properties":{"NAME":"Morocco","ABBREVN":"Morocco","SUBJECTO":"Morocco","BORDERPRECISION":3,"PARTOF":"Morocco","SHAPE_HASH":"5e2883d680"},"geometry":{"type":"Polygon","coordinates":[[[-2.21,35.09],[-2.18,35.01],[-1.76,34.75],[-1.85,34.61],[-1.73,34.5],[-1.75,34.35],[-1.66,34.09],[-1.73,33.7],[-1.6,33.52],[-1.67,33.26],[-1.48,33.05],[-1.54,32.94],[-1.38,32.72],[-1.01,32.51],[-1.25,32.32],[-1.21,32.09],[-1.93,32.12],[-2.26,32.15],[-2.87,32.08],[-2.94,32.01],[-3,31.83],[-3.52,31.67],[-3.69,31.72],[-3.83,31.65],[-3.8,31.34],[-3.83,31.18],[-3.6,31.09],[-3.7,30.94],[-4.03,30.9],[-4.16,30.77],[-4.4,30.65],[-4.92,30.51],[-5.08,30.26],[-5.28,30.06],[-5.53,29.91],[-6.22,29.8],[-6.4,29.8],[-6.59,29.57],[-7.11,29.64],[-7.3,29.54],[-7.44,29.4],[-7.64,29.39],[-7.99,29.12],[-8.2,29.03],[-8.5,28.79],[-8.67,28.71],[-8.67,28.56],[-8.77,28.51],[-8.99,28.49],[-9.12,28.39],[-9.43,28.27],[-10.01,28.23],[-10.27,28.26],[-10.71,28.42],[-10.93,28.47],[-11.2,28.61],[-11.05,28.76],[-10.64,28.95],[-10.44,29.1],[-10.14,29.43],[-10.06,29.59],[-9.79,29.87],[-9.66,30.1],[-9.61,30.4],[-9.7,30.54],[-9.83,30.63],[-9.81,30.82],[-9.84,31.12],[-9.81,31.45],[-9.63,31.78],[-9.36,32.03],[-9.28,32.18],[-9.28,32.54],[-8.75,32.99],[-8.54,33.25],[-8.31,33.37],[-8.11,33.42],[-7.5,33.65],[-7.04,33.87],[-6.8,34.06],[-6.36,34.76],[-6.23,35.03],[-6.03,35.04],[-5.84,34.95],[-5.63,34.95],[-5.54,35.03],[-5.35,34.92],[-5.34,34.82],[-5.07,34.63],[-4.93,34.67],[-4.45,34.51],[-4.33,34.61],[-4.18,34.59],[-3.99,34.65],[-3.63,34.68],[-3.57,34.49],[-3.34,34.5],[-3.15,34.67],[-2.84,34.64],[-2.73,34.69],[-2.63,34.87],[-2.45,34.92],[-2.31,35.11],[-2.21,35.09]]]}},{"type":"Feature","properties":{"NAME":"Spanish Morocco","ABBREVN":"Spanish Morocco","SUBJECTO":"Spanish Morocco","BORDERPRECISION":3,"PARTOF":"Spanish Morocco","SHAPE_HASH":"95b7eedd71"},"geometry":{"type":"MultiPolygon","coordinates":[[[[-11.2,28.61],[-10.93,28.47],[-10.71,28.42],[-10.27,28.26],[-10.01,28.23],[-9.43,28.27],[-9.12,28.39],[-8.99,28.49],[-8.77,28.51],[-8.67,28.56],[-8.67,27.67],[-10.3,27.67],[-12.84,27.67],[-13.17,27.67],[-13.02,27.78],[-12.9,27.95],[-12.06,28.08],[-11.51,28.3],[-11.2,28.61]]],[[[-2.31,35.11],[-2.45,34.92],[-2.63,34.87],[-2.73,34.69],[-2.84,34.64],[-3.15,34.67],[-3.34,34.5],[-3.57,34.49],[-3.63,34.68],[-3.99,34.65],[-4.18,34.59],[-4.33,34.61],[-4.45,34.51],[-4.93,34.67],[-5.07,34.63],[-5.34,34.82],[-5.35,34.92],[-5.54,35.03],[-5.63,34.95],[-5.84,34.95],[-6.03,35.04],[-6.23,35.03],[-5.92,35.79],[-5.6,35.82],[-5.4,35.92],[-5.25,35.57],[-4.92,35.32],[-4.7,35.21],[-4.36,35.15],[-3.91,35.26],[-3.86,35.2],[-3.65,35.27],[-3.31,35.2],[-3.07,35.29],[-2.9,35.26],[-2.75,35.14],[-2.55,35.09],[-2.31,35.11]]]]}},{"type":"Feature","properties":{"NAME":"Spanish West Africa","ABBREVN":"Spanish West Africa","SUBJECTO":"Spanish West Africa","BORDERPRECISION":3,"PARTOF":"Spanish West Africa","SHAPE_HASH":"555e3c2dff"},"geometry":{"type":"Polygon","coordinates":[[[-8.67,27.29],[-8.67,26],[-10,26],[-11.27,26],[-12.01,26],[-12,25.73],[-12,24.77],[-12,23.45],[-12.37,23.32],[-12.57,23.29],[-13,23.02],[-13.15,22.76],[-13.08,22.52],[-13,21.34],[-13.91,21.34],[-15.01,21.34],[-15.74,21.34],[-16.95,21.34],[-17.08,20.9],[-17.05,20.76],[-17.09,20.94],[-16.96,21.71],[-16.96,21.83],[-16.85,22.07],[-16.72,22.26],[-16.5,22.33],[-16.36,22.56],[-16.34,22.76],[-16.19,22.95],[-16.18,23.09],[-15.96,23.52],[-15.76,23.79],[-15.78,23.91],[-15.58,24.06],[-15.3,24.33],[-15.17,24.49],[-15.03,24.54],[-14.9,24.69],[-14.83,24.92],[-14.85,25.21],[-14.79,25.43],[-14.65,25.73],[-14.52,25.93],[-14.48,26.16],[-14.2,26.4],[-14.03,26.44],[-13.71,26.63],[-13.55,26.76],[-13.4,27.2],[-13.3,27.33],[-13.17,27.67],[-12.84,27.67],[-10.3,27.67],[-8.67,27.67],[-8.67,27.29]]]}},{"type":"Feature","properties":{"NAME":"Algeria","ABBREVN":"Algeria","SUBJECTO":"Algeria","BORDERPRECISION":3,"PARTOF":"Algeria","SHAPE_HASH":"0b73ab66c2"},"geometry":{"type":"Polygon","coordinates":[[[4.25,19.15],[3.33,18.98],[3.12,19.15],[3.27,19.38],[3.21,19.56],[3.23,19.82],[2.9,19.97],[2.59,20],[2.42,20.05],[2.34,20.18],[2.2,20.28],[2.09,20.22],[1.9,20.26],[1.67,20.42],[1.66,20.54],[1.48,20.64],[1.18,20.73],[1.2,21],[1.17,21.1],[-0.01,21.83],[-1.14,22.61],[-2.45,23.49],[-3.23,24],[-4.53,24.83],[-5.86,25.65],[-6.73,26.17],[-7.26,26.48],[-8.67,27.29],[-8.67,27.67],[-8.67,28.56],[-8.67,28.71],[-8.5,28.79],[-8.2,29.03],[-7.99,29.12],[-7.64,29.39],[-7.44,29.4],[-7.3,29.54],[-7.11,29.64],[-6.59,29.57],[-6.4,29.8],[-6.22,29.8],[-5.53,29.91],[-5.28,30.06],[-5.08,30.26],[-4.92,30.51],[-4.4,30.65],[-4.16,30.77],[-4.03,30.9],[-3.7,30.94],[-3.6,31.09],[-3.83,31.18],[-3.8,31.34],[-3.83,31.65],[-3.69,31.72],[-3.52,31.67],[-3,31.83],[-2.94,32.01],[-2.87,32.08],[-2.26,32.15],[-1.93,32.12],[-1.21,32.09],[-1.25,32.32],[-1.01,32.51],[-1.38,32.72],[-1.54,32.94],[-1.48,33.05],[-1.67,33.26],[-1.6,33.52],[-1.73,33.7],[-1.66,34.09],[-1.75,34.35],[-1.73,34.5],[-1.85,34.61],[-1.76,34.75],[-2.18,35.01],[-2.21,35.09],[-1.98,35.07],[-1.78,35.12],[-1.26,35.41],[-1.2,35.55],[-1.04,35.68],[-0.79,35.77],[-0.62,35.72],[-0.37,35.9],[-0.11,35.78],[0.04,35.87],[0.2,36.1],[0.62,36.31],[0.76,36.34],[0.95,36.45],[1.18,36.51],[2.04,36.57],[2.34,36.64],[2.5,36.58],[2.78,36.68],[2.9,36.79],[3.09,36.75],[3.48,36.77],[3.75,36.89],[4.3,36.9],[4.79,36.89],[5.1,36.77],[5.24,36.65],[5.42,36.65],[5.7,36.82],[6.02,36.84],[6.23,36.91],[6.27,37.02],[6.47,37.09],[6.58,36.98],[6.92,36.88],[7.17,36.92],[7.23,37.09],[7.76,36.97],[7.88,36.85],[8.23,36.95],[8.39,36.92],[8.62,36.94],[8.64,36.83],[8.48,36.74],[8.45,36.66],[8.21,36.56],[8.37,36.45],[8.27,35.92],[8.28,35.75],[8.35,35.58],[8.31,35.34],[8.4,35.19],[8.29,34.97],[8.25,34.66],[8.11,34.54],[7.87,34.44],[7.78,34.25],[7.53,34.1],[7.49,33.89],[7.56,33.68],[7.73,33.42],[7.76,33.21],[8.08,33.11],[8.31,32.83],[8.35,32.53],[9.06,32.1],[9.21,31.5],[9.54,30.24],[9.31,30.13],[9.58,29.79],[9.77,29.43],[9.84,29.16],[9.87,28.81],[9.79,28.27],[9.95,27.87],[9.87,27.61],[9.73,27.32],[9.85,26.91],[9.93,26.86],[9.87,26.51],[9.5,26.36],[9.4,26.15],[10.03,25.33],[10.05,24.84],[10.22,24.75],[10.25,24.61],[10.48,24.48],[10.72,24.57],[11.01,24.46],[11.56,24.3],[11.99,23.52],[11.1,23.02],[10.12,22.45],[9.47,22.07],[8.58,21.54],[7.46,20.86],[6.93,20.41],[5.81,19.45],[4.25,19.15]]]}},{"type":"Feature","properties":{"NAME":"Tunisia","ABBREVN":"Tunisia","SUBJECTO":"Tunisia","BORDERPRECISION":3,"PARTOF":"Tunisia","SHAPE_HASH":"56fc4325b7"},"geometry":{"type":"MultiPolygon","coordinates":[[[[11,33.75],[10.88,33.67],[10.71,33.76],[10.73,33.89],[10.91,33.88],[11,33.75]]],[[[9.54,30.24],[9.21,31.5],[9.06,32.1],[8.35,32.53],[8.31,32.83],[8.08,33.11],[7.76,33.21],[7.73,33.42],[7.56,33.68],[7.49,33.89],[7.53,34.1],[7.78,34.25],[7.87,34.44],[8.11,34.54],[8.25,34.66],[8.29,34.97],[8.4,35.19],[8.31,35.34],[8.35,35.58],[8.28,35.75],[8.27,35.92],[8.37,36.45],[8.21,36.56],[8.45,36.66],[8.48,36.74],[8.64,36.83],[8.62,36.94],[8.83,36.98],[9.04,37.15],[9.66,37.34],[9.86,37.33],[9.93,37.25],[10.19,37.21],[10.2,36.99],[10.34,36.88],[10.25,36.79],[10.41,36.72],[10.6,36.88],[10.71,36.89],[10.89,37.04],[11.04,37.09],[11.1,36.9],[10.9,36.65],[10.8,36.47],[10.57,36.4],[10.5,36.33],[10.46,36.12],[10.6,35.86],[10.87,35.68],[11.03,35.64],[11.03,35.34],[11.13,35.24],[11.02,35.12],[10.91,34.89],[10.73,34.67],[10.58,34.55],[10.12,34.31],[10.01,34.17],[10.04,34.01],[10.17,33.83],[10.48,33.64],[10.69,33.71],[10.67,33.55],[10.75,33.47],[10.91,33.54],[10.98,33.64],[11.11,33.55],[11.12,33.29],[11.17,33.21],[11.53,33.17],[11.49,33.04],[11.47,32.62],[11.56,32.55],[11.55,32.43],[11.41,32.35],[10.88,32.13],[10.47,31.72],[10.29,31.69],[10.12,31.42],[10.26,31.08],[10.29,30.91],[10.21,30.73],[9.89,30.36],[9.54,30.24]]]]}},{"type":"Feature","properties":{"NAME":"Libya","ABBREVN":"Libya","SUBJECTO":"Libya","BORDERPRECISION":3,"PARTOF":"Libya","SHAPE_HASH":"88a35a94e9"},"geometry":{"type":"Polygon","coordinates":[[[15,23],[14.24,22.61],[13.61,23.13],[13.41,23.22],[11.99,23.52],[11.56,24.3],[11.01,24.46],[10.72,24.57],[10.48,24.48],[10.25,24.61],[10.22,24.75],[10.05,24.84],[10.03,25.33],[9.4,26.15],[9.5,26.36],[9.87,26.51],[9.93,26.86],[9.85,26.91],[9.73,27.32],[9.87,27.61],[9.95,27.87],[9.79,28.27],[9.87,28.81],[9.84,29.16],[9.77,29.43],[9.58,29.79],[9.31,30.13],[9.54,30.24],[9.89,30.36],[10.21,30.73],[10.29,30.91],[10.26,31.08],[10.12,31.42],[10.29,31.69],[10.47,31.72],[10.88,32.13],[11.41,32.35],[11.55,32.43],[11.56,32.55],[11.47,32.62],[11.49,33.04],[11.53,33.17],[11.64,33.1],[11.88,33.06],[12.28,32.85],[12.56,32.8],[12.91,32.82],[13.25,32.92],[13.61,32.79],[13.78,32.8],[14.2,32.7],[14.45,32.53],[14.73,32.45],[15.13,32.41],[15.27,32.32],[15.37,32.15],[15.35,32],[15.49,31.66],[15.62,31.49],[15.98,31.29],[16.25,31.23],[16.71,31.23],[17.37,31.08],[17.47,31.02],[17.81,30.92],[17.92,30.85],[18.18,30.78],[18.6,30.46],[18.96,30.28],[19.22,30.27],[19.62,30.42],[19.77,30.52],[20.03,30.81],[20.15,31.08],[20.14,31.21],[19.97,31.52],[19.92,31.7],[19.94,31.96],[20.08,32.18],[20.34,32.41],[20.56,32.56],[21.07,32.77],[21.37,32.78],[21.63,32.93],[22,32.91],[22.38,32.87],[22.51,32.79],[22.81,32.73],[23.12,32.62],[23.09,32.33],[23.25,32.22],[23.72,32.18],[23.95,32.11],[24.12,32],[24.54,31.99],[24.65,32.02],[24.98,31.97],[25.15,31.64],[24.87,31.37],[24.87,31.16],[25.02,30.79],[24.93,30.51],[24.71,30.19],[24.83,29.88],[24.88,29.51],[25,29.25],[25,28.28],[25,27.08],[25,25.97],[25,24.99],[25,23.58],[25,22],[25,21.01],[25,20],[24.01,20],[24,19.51],[23.02,20.02],[21.78,20.66],[20.96,21.07],[19.87,21.61],[19.3,21.89],[18.36,22.34],[16.98,23],[16,23.45],[15,23]]]}},{"type":"Feature","properties":{"NAME":"Sudan","ABBREVN":"Sudan","SUBJECTO":"Sudan","BORDERPRECISION":3,"PARTOF":"Sudan","SHAPE_HASH":"392c6666cb"},"geometry":{"type":"Polygon","coordinates":[[[27.46,5.02],[27.4,5.15],[27.3,5.23],[27.24,5.43],[27.28,5.58],[27.14,5.77],[26.83,5.91],[26.81,5.98],[26.44,6.08],[26.53,6.22],[26.3,6.39],[26.3,6.47],[26.41,6.64],[26.1,6.85],[26.05,6.96],[25.85,7.11],[25.37,7.34],[25.2,7.52],[25.29,7.65],[25.29,7.78],[25.19,7.9],[25.08,7.89],[24.87,8.16],[24.72,8.21],[24.25,8.28],[24.14,8.38],[24.27,8.59],[24.2,8.69],[23.82,8.73],[23.53,8.71],[23.5,8.77],[23.58,8.91],[23.45,9.02],[23.5,9.18],[23.65,9.28],[23.63,9.54],[23.69,9.67],[23.67,9.87],[23.31,10.45],[23.01,10.7],[22.87,10.92],[22.97,11.21],[22.93,11.41],[22.79,11.43],[22.65,11.51],[22.55,11.67],[22.61,11.99],[22.5,12.17],[22.41,12.49],[22.46,12.61],[22.22,12.75],[22.16,12.67],[21.91,12.67],[21.83,12.8],[21.94,13.05],[22.15,13.19],[22.29,13.37],[22.08,13.78],[22.23,13.97],[22.56,14.13],[22.55,14.23],[22.45,14.33],[22.42,14.6],[22.7,14.7],[22.67,14.85],[22.75,14.98],[22.98,15.21],[22.98,15.41],[22.94,15.56],[23.11,15.71],[23.36,15.68],[23.6,15.76],[24,15.7],[24,16.27],[24,18.22],[24,19.51],[24.01,20],[25,20],[25,21.01],[25,22],[25.78,22],[26.84,22],[27.39,21.99],[28.26,22],[29.01,22],[29.61,22],[30.75,22],[31.27,22],[31.4,22.21],[31.51,22.16],[31.46,22],[32,22],[33.17,22],[34.35,22],[35.78,22],[36.89,22],[36.85,21.97],[36.9,21.64],[37.1,21.29],[37.09,21.17],[37.17,20.7],[37.23,20.56],[37.18,20.4],[37.19,20.01],[37.26,19.83],[37.24,19.56],[37.29,19.48],[37.34,19.15],[37.44,18.85],[37.52,18.72],[37.75,18.71],[37.95,18.54],[38.19,18.24],[38.55,18.11],[38.6,18],[38.46,17.87],[38.37,17.66],[38.26,17.53],[38.06,17.55],[37.93,17.46],[37.51,17.32],[37.49,17.11],[37.38,17.04],[37.15,17.02],[37.03,17.08],[37.01,16.79],[36.91,16.64],[36.9,16.49],[36.97,16.29],[36.92,16.23],[36.76,15.81],[36.7,15.75],[36.54,15.23],[36.44,15.15],[36.54,14.27],[36.45,13.96],[36.49,13.84],[36.4,13.57],[36.25,13.37],[36.14,12.93],[36.14,12.71],[35.96,12.72],[35.7,12.67],[35.38,12.17],[35.23,11.9],[35.12,11.85],[35.06,11.73],[35.09,11.54],[34.97,11.27],[35.01,11.17],[34.93,10.96],[34.98,10.86],[34.8,10.72],[34.59,10.89],[34.44,10.78],[34.29,10.55],[34.35,10.24],[34.32,10.12],[34.23,10.03],[34.09,9.55],[34.13,8.96],[34.12,8.58],[33.97,8.44],[33.72,8.38],[33.63,8.47],[33.38,8.44],[33.26,8.46],[33.16,8.36],[33.19,8.14],[32.99,7.93],[33.05,7.79],[33.46,7.74],[33.71,7.66],[34.03,7.38],[34.03,7.25],[34.16,7.17],[34.3,6.96],[34.47,6.91],[34.53,6.75],[34.63,6.73],[34.76,6.61],[34.86,6.27],[34.99,6.01],[34.99,5.88],[35.1,5.63],[35.29,5.51],[35.35,5.35],[35.53,5.43],[35.82,5.33],[35.78,5.08],[35.77,4.8],[35.93,4.62],[35.15,4.61],[34.39,4.61],[34,4.22],[33.52,3.76],[33.18,3.77],[33.02,3.89],[32.72,3.76],[32.4,3.74],[32.2,3.61],[31.95,3.59],[31.93,3.69],[31.79,3.81],[31.7,3.71],[31.54,3.65],[31.29,3.8],[31.18,3.8],[30.98,3.69],[30.86,3.49],[30.79,3.66],[30.59,3.6],[30.55,3.86],[30.21,3.96],[30.15,4.1],[30.06,4.13],[29.96,4.29],[29.8,4.38],[29.81,4.56],[29.49,4.68],[29.43,4.53],[29.33,4.39],[29.21,4.34],[29.01,4.5],[28.83,4.48],[28.71,4.54],[28.65,4.43],[28.36,4.29],[28.2,4.35],[28.03,4.5],[27.79,4.6],[27.77,4.79],[27.66,4.9],[27.46,5.02]]]}},{"type":"Feature","properties":{"NAME":"Iran","ABBREVN":"Iran","SUBJECTO":"Iran","BORDERPRECISION":3,"PARTOF":"Iran","SHAPE_HASH":"a234905891"},"geometry":{"type":"Polygon","coordinates":[[[44.81,39.64],[44.95,39.43],[45.06,39.37],[45.14,39.22],[45.35,39.16],[45.43,39],[45.54,38.97],[46.19,38.84],[46.35,38.91],[46.54,38.88],[46.85,39.16],[47.03,39.2],[47.1,39.3],[47.29,39.37],[47.81,39.68],[47.98,39.72],[48.34,39.42],[48.12,39.28],[48.29,39.11],[48.26,38.98],[48.08,38.95],[48.02,38.83],[48.43,38.62],[48.6,38.42],[48.87,38.45],[48.87,38.31],[48.94,37.9],[49,37.76],[49.15,37.61],[49.44,37.49],[49.94,37.45],[50.2,37.39],[50.32,37.15],[50.48,37.03],[51.09,36.73],[51.88,36.58],[52.02,36.58],[52.36,36.67],[52.82,36.74],[53.18,36.84],[53.54,36.89],[53.67,36.82],[54.02,36.82],[54.01,37.04],[53.91,37.35],[54.2,37.33],[54.78,37.51],[54.78,37.64],[55.14,37.95],[55.47,38.09],[55.81,38.12],[55.99,38.07],[56.33,38.09],[56.32,38.18],[56.44,38.26],[56.76,38.29],[57.06,38.2],[57.24,38.27],[57.45,37.94],[57.7,37.93],[58.2,37.79],[58.23,37.68],[58.41,37.64],[58.81,37.67],[59.05,37.63],[59.2,37.53],[59.38,37.5],[59.39,37.32],[59.48,37.23],[60.02,37.04],[60.36,36.65],[61.15,36.65],[61.16,36.42],[61.22,36.18],[61.21,35.94],[61.28,35.61],[61.28,35.52],[61.11,35.28],[61.14,35.13],[61.05,34.79],[60.98,34.65],[60.72,34.53],[60.88,34.36],[60.68,34.31],[60.5,34.09],[60.55,33.82],[60.55,33.63],[60.67,33.57],[60.89,33.56],[60.8,33.39],[60.58,33.15],[60.6,33.01],[60.86,32.23],[60.81,32],[60.81,31.66],[60.85,31.5],[61.71,31.38],[61.77,31.32],[61.85,31.02],[61.76,30.79],[61.37,30.38],[60.87,29.86],[61.31,29.4],[61.43,29.15],[61.51,29.07],[61.65,28.79],[61.95,28.53],[62.4,28.42],[62.59,28.23],[62.78,28.26],[62.76,28],[62.82,27.76],[62.84,27.47],[62.78,27.27],[62.94,27.21],[63.2,27.27],[63.33,27.15],[63.25,27.08],[63.19,26.64],[62.77,26.65],[62.7,26.6],[62.44,26.57],[62.32,26.51],[62.27,26.36],[62.14,26.38],[61.87,26.24],[61.83,26.18],[61.78,25.84],[61.69,25.8],[61.64,25.3],[61.61,25.2],[61.44,25.08],[61.18,25.17],[60.62,25.27],[60.6,25.4],[60.49,25.44],[60.3,25.35],[59.96,25.37],[59.83,25.41],[59.61,25.39],[59.49,25.47],[59.12,25.39],[59.02,25.4],[58.82,25.56],[58.4,25.6],[58.16,25.54],[58.07,25.56],[57.95,25.7],[57.83,25.66],[57.76,25.74],[57.32,25.77],[57.2,26],[57.08,26.41],[57.09,26.63],[57.01,26.87],[56.84,27.03],[56.81,27.12],[56.36,27.2],[56.13,27.16],[55.96,27.03],[55.64,26.98],[55.6,26.8],[55.48,26.76],[55.24,26.78],[54.85,26.52],[54.69,26.51],[54.47,26.59],[54.27,26.72],[53.84,26.7],[53.65,26.75],[53.49,26.86],[53.39,27],[53.17,27.06],[52.61,27.35],[52.63,27.46],[52.5,27.61],[52.25,27.68],[52.05,27.82],[51.58,27.85],[51.33,28.05],[51.23,28.28],[51.08,28.56],[51.01,28.8],[50.88,28.83],[50.92,29.06],[50.83,29.14],[50.64,29.14],[50.67,29.4],[50.63,29.49],[50.39,29.66],[50.13,29.95],[50.13,30.07],[50.04,30.21],[49.93,30.21],[49.58,30.01],[49.49,30.15],[49.32,30.16],[49,30.3],[49.1,30.52],[48.95,30.5],[48.87,30.36],[48.94,30.17],[48.92,30.04],[48.71,30.03],[48.55,29.96],[48.45,30.01],[48.41,30.2],[48.29,30.33],[48.03,30.49],[48.04,31],[47.69,31],[47.7,31.41],[47.86,31.8],[47.63,32.05],[47.42,32.35],[47.36,32.47],[47.15,32.46],[46.75,32.75],[46.41,32.94],[46.15,32.95],[46.11,33.08],[46.2,33.19],[45.9,33.63],[45.7,33.67],[45.5,33.95],[45.4,33.98],[45.57,34.15],[45.58,34.3],[45.44,34.46],[45.56,34.59],[45.71,34.56],[45.65,34.73],[45.69,34.82],[45.87,34.9],[45.88,35.03],[46.17,35.11],[46.19,35.22],[45.99,35.49],[46.03,35.69],[46.27,35.73],[46.09,35.87],[45.76,35.82],[45.62,35.97],[45.35,36.06],[45.28,36.38],[45.11,36.42],[45.01,36.55],[45.03,36.74],[44.84,36.82],[44.9,37.03],[44.79,37.15],[44.8,37.32],[44.59,37.44],[44.58,37.77],[44.22,37.9],[44.47,38.32],[44.32,38.38],[44.3,38.81],[44.16,39.01],[44.22,39.14],[44.04,39.38],[44.43,39.44],[44.47,39.7],[44.61,39.78],[44.81,39.64]]]}},{"type":"Feature","properties":{"NAME":"Ottoman Empire","ABBREVN":"Ottoman Empire","SUBJECTO":"Ottoman Empire","BORDERPRECISION":3,"PARTOF":"Ottoman Empire","SHAPE_HASH":"09058eb043"},"geometry":{"type":"MultiPolygon","coordinates":[[[[25.82,40.1],[25.78,40.21],[25.94,40.24],[25.99,40.13],[25.82,40.1]]],[[[44.81,39.64],[44.61,39.78],[44.47,39.7],[44.43,39.44],[44.04,39.38],[44.22,39.14],[44.16,39.01],[44.3,38.81],[44.32,38.38],[44.47,38.32],[44.22,37.9],[44.58,37.77],[44.59,37.44],[44.8,37.32],[44.79,37.15],[44.64,37.19],[44.26,36.99],[44.2,37.1],[44.23,37.28],[44.01,37.32],[43.91,37.23],[43.49,37.25],[43.16,37.37],[42.96,37.32],[42.79,37.38],[42.58,37.15],[42.36,37.11],[42.35,37.23],[42.18,37.29],[42.06,37.19],[41.55,37.09],[41.22,37.07],[40.93,37.13],[40.77,37.12],[40.45,37.02],[40.21,36.9],[39.82,36.75],[39.22,36.67],[39.04,36.71],[38.73,36.7],[38.54,36.84],[38.18,36.91],[38.02,36.83],[37.53,36.68],[37.13,36.66],[36.99,36.76],[36.66,36.82],[36.55,36.49],[36.68,36.23],[36.39,36.21],[36.37,36],[36.22,35.96],[36.13,35.85],[35.92,35.93],[35.94,36.1],[35.79,36.29],[36.04,36.53],[36.19,36.6],[36.21,36.77],[36.01,36.92],[35.79,36.77],[35.64,36.75],[35.63,36.61],[35.35,36.54],[34.84,36.79],[34.57,36.77],[34.32,36.62],[34.08,36.4],[33.99,36.28],[33.87,36.31],[33.71,36.18],[33.05,36.09],[32.82,36.03],[32.67,36.04],[32.37,36.18],[32.06,36.52],[31.29,36.82],[30.97,36.86],[30.57,36.79],[30.5,36.32],[30.4,36.2],[30.28,36.3],[29.68,36.12],[29.57,36.2],[29.35,36.23],[29.15,36.35],[29.05,36.68],[28.85,36.66],[28.66,36.71],[28.46,36.88],[28.39,36.78],[28.06,36.59],[28.12,36.8],[27.92,36.75],[27.73,36.76],[27.68,36.69],[27.5,36.75],[28.03,36.82],[28.07,36.94],[28.27,37.04],[27.52,36.99],[27.23,37.07],[27.32,37.15],[27.55,37.13],[27.6,37.23],[27.31,37.34],[27.19,37.35],[27.19,37.6],[27.26,37.8],[27.24,37.98],[26.92,38.06],[26.76,38.21],[26.61,38.1],[26.43,38.21],[26.45,38.35],[26.35,38.62],[26.48,38.67],[26.61,38.53],[26.69,38.31],[26.95,38.44],[26.73,38.64],[26.73,38.72],[27.06,38.87],[26.86,38.91],[26.8,39.02],[26.85,39.13],[26.64,39.26],[26.94,39.48],[26.94,39.58],[26.67,39.55],[26.13,39.45],[26.07,39.48],[26.16,39.69],[26.15,39.91],[26.33,40.02],[26.44,40.19],[26.7,40.38],[27.03,40.39],[27.26,40.46],[27.31,40.38],[27.51,40.31],[27.78,40.32],[27.75,40.53],[28.02,40.49],[27.95,40.36],[28.25,40.4],[28.67,40.36],[28.83,40.39],[28.78,40.53],[28.98,40.64],[29.25,40.66],[29.51,40.73],[29.55,40.69],[29.9,40.71],[29.92,40.76],[29.41,40.77],[29.04,40.97],[29.13,41.21],[29.22,41.24],[29.58,41.17],[30.16,41.14],[30.28,41.21],[30.76,41.09],[31.23,41.09],[31.55,41.36],[32.16,41.61],[32.28,41.72],[32.6,41.83],[32.95,41.88],[33.34,42.02],[33.63,41.99],[34.1,41.98],[34.32,41.94],[34.72,41.94],[34.98,42.09],[35.16,42.03],[35.1,41.92],[35.29,41.71],[35.58,41.63],[35.97,41.73],[36.13,41.6],[36.12,41.48],[36.43,41.24],[36.61,41.35],[36.86,41.35],[37.03,41.26],[37.05,41.17],[37.3,41.14],[37.54,41.03],[37.68,41.14],[37.9,40.98],[38.33,40.92],[38.71,40.95],[38.93,41.04],[39.41,41.11],[39.91,40.96],[40.15,40.92],[40.46,41.04],[40.58,41.05],[40.77,41.17],[40.92,41.19],[41.38,41.37],[41.53,41.52],[41.83,41.43],[41.96,41.52],[42.17,41.51],[42.46,41.43],[42.6,41.58],[42.83,41.58],[43.23,41.19],[43.46,41.17],[43.48,41.02],[43.67,40.93],[43.74,40.67],[43.59,40.5],[43.61,40.37],[43.72,40.16],[43.91,40.02],[44.28,40.05],[44.49,39.96],[44.81,39.64]]],[[[26.05,40.74],[26.36,40.95],[26.33,41.23],[26.61,41.33],[26.64,41.41],[26.57,41.61],[26.35,41.71],[26.38,41.82],[26.54,41.83],[26.62,41.97],[26.93,42.01],[27.04,42.08],[27.23,42.11],[27.57,41.91],[27.87,42.01],[28.02,41.99],[27.97,41.83],[28.08,41.65],[28.24,41.51],[28.84,41.28],[29.09,41.25],[29.04,41.05],[28.83,40.96],[28.63,40.96],[28.24,41.08],[28,41.03],[27.94,40.97],[27.73,41.01],[27.51,40.98],[27.45,40.85],[27.18,40.63],[26.73,40.48],[26.32,40.11],[26.21,40.32],[26.83,40.59],[26.79,40.65],[26.12,40.6],[26.05,40.74]]]]}},{"type":"Feature","properties":{"NAME":"Iraq","ABBREVN":"Iraq","SUBJECTO":"Iraq","BORDERPRECISION":3,"PARTOF":"Iraq","SHAPE_HASH":"94f054f6f1"},"geometry":{"type":"Polygon","coordinates":[[[44.79,37.15],[44.9,37.03],[44.84,36.82],[45.03,36.74],[45.01,36.55],[45.11,36.42],[45.28,36.38],[45.35,36.06],[45.62,35.97],[45.76,35.82],[46.09,35.87],[46.27,35.73],[46.03,35.69],[45.99,35.49],[46.19,35.22],[46.17,35.11],[45.88,35.03],[45.87,34.9],[45.69,34.82],[45.65,34.73],[45.71,34.56],[45.56,34.59],[45.44,34.46],[45.58,34.3],[45.57,34.15],[45.4,33.98],[45.5,33.95],[45.7,33.67],[45.9,33.63],[46.2,33.19],[46.11,33.08],[46.15,32.95],[46.41,32.94],[46.75,32.75],[47.15,32.46],[47.36,32.47],[47.42,32.35],[47.63,32.05],[47.86,31.8],[47.7,31.41],[47.69,31],[48.04,31],[48.03,30.49],[48.29,30.33],[48.41,30.2],[48.45,30.01],[48.55,29.96],[48.44,29.93],[48.09,30.05],[47.94,30.02],[47.72,30.08],[47.35,30.08],[47.13,29.98],[46.94,29.58],[46.69,29.23],[46.55,29.1],[46.43,29.06],[44.72,29.2],[43.81,29.87],[43.07,30.42],[42.09,31.11],[41.44,31.37],[40.41,31.95],[39.2,32.15],[39.3,32.24],[39.26,32.36],[39.04,32.3],[38.99,32.48],[39.09,32.5],[38.8,33.38],[40.17,34.02],[41,34.42],[41.22,34.78],[41.21,35.19],[41.28,35.5],[41.38,35.63],[41.38,35.84],[41.25,36.05],[41.29,36.36],[41.4,36.53],[41.84,36.6],[42.37,37.06],[42.36,37.11],[42.58,37.15],[42.79,37.38],[42.96,37.32],[43.16,37.37],[43.49,37.25],[43.91,37.23],[44.01,37.32],[44.23,37.28],[44.2,37.1],[44.26,36.99],[44.64,37.19],[44.79,37.15]]]}},{"type":"Feature","properties":{"NAME":"Egypt","ABBREVN":"Egypt","SUBJECTO":"Egypt","BORDERPRECISION":3,"PARTOF":"Egypt","SHAPE_HASH":"4879332f5b"},"geometry":{"type":"Polygon","coordinates":[[[25,22],[25,23.58],[25,24.99],[25,25.97],[25,27.08],[25,28.28],[25,29.25],[24.88,29.51],[24.83,29.88],[24.71,30.19],[24.93,30.51],[25.02,30.79],[24.87,31.16],[24.87,31.37],[25.15,31.64],[25.17,31.54],[25.4,31.5],[25.81,31.61],[26.01,31.61],[26.37,31.51],[26.64,31.48],[27.17,31.38],[27.35,31.37],[27.44,31.22],[27.66,31.17],[27.86,31.23],[27.92,31.1],[28.43,31.08],[28.82,30.95],[29.04,30.82],[29.18,30.83],[29.48,30.94],[30.06,31.32],[30.14,31.22],[30.29,31.24],[30.35,31.45],[30.59,31.38],[30.9,31.42],[31.13,31.5],[31.1,31.6],[31.6,31.44],[31.86,31.51],[31.78,31.28],[32.08,31.08],[32.28,31.12],[32.33,31.27],[32.55,31.07],[32.78,31.05],[33.12,31.19],[33.21,31.07],[33.41,31.15],[33.53,31.12],[33.74,31.13],[34.11,31.25],[34.22,31.32],[34.4,30.86],[34.72,30.09],[34.87,29.65],[34.9,29.49],[34.76,29.33],[34.62,28.84],[34.63,28.74],[34.41,28.32],[34.45,28.17],[34.43,27.97],[34.26,27.79],[34.13,27.8],[33.76,28.02],[33.56,28.29],[33.43,28.36],[33.24,28.55],[33.17,28.86],[33.17,29],[32.89,29.23],[32.74,29.45],[32.69,29.72],[32.56,29.96],[32.36,29.68],[32.37,29.54],[32.57,29.38],[32.66,29.09],[32.62,28.98],[32.82,28.75],[32.86,28.63],[33,28.48],[33.13,28.28],[33.56,27.88],[33.47,27.83],[33.49,27.64],[33.63,27.49],[33.69,27.34],[33.83,27.26],[33.84,27.12],[33.94,26.94],[33.93,26.68],[34.07,26.51],[34.22,26.2],[34.44,25.85],[34.55,25.72],[34.77,25.28],[35.09,24.72],[35.14,24.52],[35.38,24.29],[35.48,24.15],[35.76,23.98],[35.49,23.94],[35.51,23.72],[35.49,23.49],[35.67,22.97],[35.84,22.76],[36.15,22.67],[36.28,22.59],[36.47,22.32],[36.55,22.3],[36.86,22.08],[36.89,22],[35.78,22],[34.35,22],[33.17,22],[32,22],[31.46,22],[31.51,22.16],[31.4,22.21],[31.27,22],[30.75,22],[29.61,22],[29.01,22],[28.26,22],[27.39,21.99],[26.84,22],[25.78,22],[25,22]]]}},{"type":"Feature","properties":{"NAME":"Syria","ABBREVN":"Syria","SUBJECTO":"Syria","BORDERPRECISION":3,"PARTOF":"Syria","SHAPE_HASH":"2d8b8de9b5"},"geometry":{"type":"Polygon","coordinates":[[[35.92,35.93],[36.13,35.85],[36.22,35.96],[36.37,36],[36.39,36.21],[36.68,36.23],[36.55,36.49],[36.66,36.82],[36.99,36.76],[37.13,36.66],[37.53,36.68],[38.02,36.83],[38.18,36.91],[38.54,36.84],[38.73,36.7],[39.04,36.71],[39.22,36.67],[39.82,36.75],[40.21,36.9],[40.45,37.02],[40.77,37.12],[40.93,37.13],[41.22,37.07],[41.55,37.09],[42.06,37.19],[42.18,37.29],[42.35,37.23],[42.36,37.11],[42.37,37.06],[41.84,36.6],[41.4,36.53],[41.29,36.36],[41.25,36.05],[41.38,35.84],[41.38,35.63],[41.28,35.5],[41.21,35.19],[41.22,34.78],[41,34.42],[40.17,34.02],[38.8,33.38],[37.5,32.69],[36.84,32.31],[36.4,32.38],[36.2,32.53],[36.08,32.54],[35.93,32.72],[35.77,32.75],[35.64,32.69],[35.62,32.9],[35.67,33.21],[35.63,33.25],[36.03,33.55],[35.94,33.64],[36.07,33.83],[36.24,33.86],[36.59,34.23],[36.53,34.43],[36.36,34.54],[36.46,34.63],[35.97,34.65],[35.87,34.91],[35.89,35.1],[35.96,35.2],[35.92,35.42],[35.73,35.58],[35.92,35.93]]]}},{"type":"Feature","properties":{"NAME":"Lebanon","ABBREVN":"Lebanon","SUBJECTO":"Lebanon","BORDERPRECISION":3,"PARTOF":"Lebanon","SHAPE_HASH":"239f9fe52b"},"geometry":{"type":"Polygon","coordinates":[[[35.97,34.65],[36.46,34.63],[36.36,34.54],[36.53,34.43],[36.59,34.23],[36.24,33.86],[36.07,33.83],[35.94,33.64],[36.03,33.55],[35.63,33.25],[35.43,33.07],[35.1,33.09],[35.19,33.18],[35.27,33.45],[35.36,33.53],[35.48,33.8],[35.63,34.01],[35.67,34.31],[35.98,34.53],[35.97,34.65]]]}},{"type":"Feature","properties":{"NAME":"Jordan","ABBREVN":"Jordan","SUBJECTO":"Jordan","BORDERPRECISION":3,"PARTOF":"Jordan","SHAPE_HASH":"7167ce82f9"},"geometry":{"type":"Polygon","coordinates":[[[38.8,33.38],[39.09,32.5],[38.99,32.48],[39.04,32.3],[39.26,32.36],[39.3,32.24],[39.2,32.15],[39.01,32.01],[37.99,31.75],[37.01,31.51],[38,30.5],[37.67,30.34],[37.5,30],[36.74,29.86],[36.5,29.5],[36.07,29.19],[34.96,29.35],[34.97,29.55],[35.17,30.15],[35.16,30.44],[35.21,30.59],[35.46,31.12],[35.41,31.23],[35.47,31.41],[35.5,31.64],[35.56,31.76],[35.52,32.04],[35.57,32.22],[35.57,32.65],[35.64,32.69],[35.77,32.75],[35.93,32.72],[36.08,32.54],[36.2,32.53],[36.4,32.38],[36.84,32.31],[37.5,32.69],[38.8,33.38]]]}},{"type":"Feature","properties":{"NAME":"Palestine","ABBREVN":"Palestine","SUBJECTO":"Palestine","BORDERPRECISION":3,"PARTOF":"Palestine","SHAPE_HASH":"adde2e8891"},"geometry":{"type":"Polygon","coordinates":[[[34.9,29.49],[34.87,29.65],[34.72,30.09],[34.4,30.86],[34.22,31.32],[34.4,31.49],[34.59,31.73],[34.71,31.95],[34.83,32.29],[34.95,32.82],[35.06,32.85],[35.1,33.09],[35.43,33.07],[35.63,33.25],[35.67,33.21],[35.62,32.9],[35.64,32.69],[35.57,32.65],[35.57,32.22],[35.52,32.04],[35.56,31.76],[35.5,31.64],[35.47,31.41],[35.41,31.23],[35.46,31.12],[35.21,30.59],[35.16,30.44],[35.17,30.15],[34.97,29.55],[34.9,29.49]]]}},{"type":"Feature","properties":{"NAME":"Saudi Arabia","ABBREVN":"Saudi Arabia","SUBJECTO":"Saudi Arabia","BORDERPRECISION":3,"PARTOF":"Saudi Arabia","SHAPE_HASH":"3e21d8a981"},"geometry":{"type":"Polygon","coordinates":[[[39.2,32.15],[40.41,31.95],[41.44,31.37],[42.09,31.11],[43.07,30.42],[43.81,29.87],[44.72,29.2],[46.43,29.06],[46.55,29.1],[47.46,28.99],[47.62,28.61],[47.7,28.54],[48.42,28.54],[48.5,28.5],[48.52,28.33],[48.65,28.04],[48.88,27.83],[48.79,27.74],[48.84,27.62],[48.98,27.62],[49.17,27.46],[49.4,27.16],[49.54,27.17],[49.67,26.98],[50,26.74],[50.05,26.47],[50.21,26.38],[50.21,26.18],[49.99,26.02],[50.21,25.74],[50.15,25.7],[50.37,25.46],[50.46,25.44],[50.52,25.29],[50.56,25.05],[50.84,24.75],[50.97,24.58],[51.11,24.56],[51.21,24.61],[51.49,24.58],[51.28,24.34],[51.58,24.26],[51.58,24.12],[52.58,22.94],[55.14,22.63],[55.2,22.7],[55.67,22],[55.42,21.27],[55,20],[52,19],[51.22,18.82],[50,18.55],[48.77,18.27],[48.03,17.46],[47.38,16.75],[46.71,16.03],[46.33,15.64],[46.33,16.67],[45.48,17.01],[44.5,17.4],[44.19,17.41],[43.94,17.31],[43.76,17.35],[43.62,17.48],[43.45,17.53],[43.19,17.34],[43.12,16.93],[43.21,16.67],[43.1,16.68],[43.06,16.54],[42.92,16.42],[42.79,16.38],[42.67,16.78],[42.54,16.87],[42.55,17],[42.41,17.12],[42.33,17.25],[42.31,17.45],[42.09,17.65],[41.68,17.95],[41.46,18.33],[41.44,18.46],[41.21,18.7],[41.24,18.83],[41.13,18.95],[41.18,19.07],[41.05,19.17],[40.96,19.45],[40.77,19.6],[40.73,19.79],[40.66,19.79],[40.51,19.97],[40.28,20.11],[40.1,20.27],[39.88,20.29],[39.66,20.44],[39.49,20.72],[39.17,21.1],[39.11,21.28],[39.16,21.5],[38.99,21.84],[39.03,22.21],[39.11,22.38],[39.06,22.58],[38.9,22.85],[38.87,22.98],[38.71,23.24],[38.68,23.39],[38.55,23.53],[38.45,23.79],[38.14,24.04],[38.01,24.09],[37.67,24.3],[37.6,24.25],[37.44,24.38],[37.45,24.45],[37.15,24.84],[37.28,24.98],[37.24,25.18],[37.09,25.34],[37.08,25.43],[36.83,25.74],[36.72,25.75],[36.66,25.87],[36.67,26.05],[36.55,26.08],[36.21,26.65],[36.1,26.75],[36.03,26.9],[35.82,27.1],[35.8,27.21],[35.64,27.36],[35.51,27.54],[35.5,27.63],[35.33,27.86],[35.06,28.11],[34.85,28.07],[34.71,28.14],[34.69,28.29],[34.81,28.54],[34.79,28.66],[34.88,29.12],[34.96,29.35],[36.07,29.19],[36.5,29.5],[36.74,29.86],[37.5,30],[37.67,30.34],[38,30.5],[37.01,31.51],[37.99,31.75],[39.01,32.01],[39.2,32.15]]]}},{"type":"Feature","properties":{"NAME":"Yemen","ABBREVN":"Yemen","SUBJECTO":"Yemen","BORDERPRECISION":3,"PARTOF":"Yemen","SHAPE_HASH":"864e5f70a9"},"geometry":{"type":"Polygon","coordinates":[[[42.79,16.38],[42.92,16.42],[43.06,16.54],[43.1,16.68],[43.21,16.67],[43.12,16.93],[43.19,17.34],[43.45,17.53],[43.62,17.48],[43.76,17.35],[43.94,17.31],[44.19,17.41],[44.5,17.4],[45.48,17.01],[46.33,16.67],[46.33,15.64],[45.7,14.93],[45.52,14.63],[45.35,14.23],[45.11,13.82],[45.08,13.56],[44.82,13.4],[44.74,13.2],[44.41,13.12],[44.29,12.92],[44.04,12.98],[43.48,12.81],[43.25,13.21],[43.29,13.67],[43.23,13.87],[43.09,13.99],[43.1,14.17],[43.02,14.44],[43.03,14.55],[42.94,14.78],[42.94,14.96],[42.81,15.26],[42.79,15.46],[42.69,15.7],[42.83,15.88],[42.85,16.09],[42.79,16.38]]]}},{"type":"Feature","properties":{"NAME":"Aden","ABBREVN":"Aden","SUBJECTO":"Aden","BORDERPRECISION":3,"PARTOF":"Aden","SHAPE_HASH":"baf6dc13a4"},"geometry":{"type":"Polygon","coordinates":[[[46.33,15.64],[46.71,16.03],[46.73,15.61],[46.72,15.1],[46.77,14.99],[46.79,14.7],[46.95,14.43],[47.01,14.23],[46.96,14],[47.01,13.92],[47.29,13.81],[47.39,13.65],[46.93,13.54],[46.69,13.43],[46.47,13.41],[46.05,13.41],[45.63,13.33],[45.41,13.07],[45.18,13.01],[45.02,12.84],[44.85,12.73],[44.59,12.82],[44.29,12.64],[43.95,12.59],[43.82,12.69],[43.48,12.81],[44.04,12.98],[44.29,12.92],[44.41,13.12],[44.74,13.2],[44.82,13.4],[45.08,13.56],[45.11,13.82],[45.35,14.23],[45.52,14.63],[45.7,14.93],[46.33,15.64]]]}},{"type":"Feature","properties":{"NAME":"Qatar","ABBREVN":"Qatar","SUBJECTO":"Qatar","BORDERPRECISION":3,"PARTOF":"Qatar","SHAPE_HASH":"94f5e4f758"},"geometry":{"type":"Polygon","coordinates":[[[51.21,24.61],[51.11,24.56],[50.97,24.58],[50.84,24.75],[50.85,24.91],[50.77,25.13],[50.76,25.5],[50.89,25.66],[50.9,25.77],[51.04,26.04],[51.24,26.15],[51.34,26.11],[51.41,25.95],[51.57,25.91],[51.59,25.69],[51.5,25.61],[51.51,25.3],[51.6,25.27],[51.61,25.01],[51.5,24.85],[51.44,24.66],[51.21,24.61]]]}},{"type":"Feature","properties":{"NAME":"United Arab Emirates","ABBREVN":"United Arab Emirates","SUBJECTO":"United Arab Emirates","BORDERPRECISION":3,"PARTOF":"United Arab Emirates","SHAPE_HASH":"af47833504"},"geometry":{"type":"Polygon","coordinates":[[[55.2,22.7],[55.14,22.63],[52.58,22.94],[51.58,24.12],[51.58,24.26],[51.73,24.26],[51.82,24],[52.09,23.96],[52.43,24.05],[52.58,24.19],[52.68,24.14],[53.46,24.11],[53.59,24.04],[53.87,24.06],[54.12,24.14],[54.43,24.29],[54.58,24.44],[54.71,24.8],[55.07,25.02],[55.37,25.36],[55.55,25.53],[55.86,25.72],[56.02,25.88],[56.08,26.07],[56.19,26.01],[56.14,25.83],[56.15,25.66],[56.27,25.64],[56.35,25.59],[56.38,25.32],[56.37,24.97],[56.33,24.9],[56.07,24.74],[55.95,24.98],[55.8,24.86],[55.84,24.65],[55.78,24.57],[55.82,24.42],[55.78,24.24],[55.95,24.23],[56.02,24.08],[55.8,24.02],[55.64,24.03],[55.51,23.97],[55.56,23.77],[55.42,23.51],[55.21,23.01],[55.2,22.7]]]}},{"type":"Feature","properties":{"NAME":"Oman","ABBREVN":"Oman","SUBJECTO":"Oman","BORDERPRECISION":3,"PARTOF":"Oman","SHAPE_HASH":"8250c7ccd5"},"geometry":{"type":"MultiPolygon","coordinates":[[[[58.85,20.44],[58.78,20.29],[58.64,20.35],[58.79,20.47],[58.89,20.69],[58.95,20.5],[58.85,20.44]]],[[[52,19],[55,20],[55.42,21.27],[55.67,22],[55.2,22.7],[55.21,23.01],[55.42,23.51],[55.56,23.77],[55.51,23.97],[55.64,24.03],[55.8,24.02],[56.02,24.08],[55.95,24.23],[55.78,24.24],[55.82,24.42],[55.78,24.57],[55.84,24.65],[55.8,24.86],[55.95,24.98],[56.07,24.74],[56.33,24.9],[56.37,24.97],[56.53,24.63],[56.62,24.48],[56.81,24.29],[56.91,24.14],[57.17,23.93],[57.94,23.71],[58.1,23.72],[58.27,23.64],[58.61,23.63],[58.93,23.32],[59.09,23.04],[59.22,22.95],[59.29,22.8],[59.53,22.58],[59.8,22.54],[59.85,22.43],[59.81,22.22],[59.65,21.93],[59.49,21.75],[59.34,21.44],[59.17,21.36],[58.92,21.14],[58.71,20.85],[58.73,20.76],[58.6,20.65],[58.52,20.42],[58.45,20.36],[58.2,20.42],[58.27,20.57],[58.08,20.56],[57.83,20.22],[57.84,20.09],[57.77,19.86],[57.69,19.71],[57.77,19.36],[57.75,19.25],[57.84,19.03],[57.71,18.94],[57.52,18.95],[57.04,18.86],[56.81,18.74],[56.66,18.6],[56.56,18.13],[56.35,17.96],[55.64,17.89],[55.44,17.83],[55.37,17.69],[55.27,17.61],[55.24,17.47],[55.3,17.37],[55.21,17.19],[55.03,17.01],[54.8,16.94],[54.65,17.02],[54.5,17.04],[54.09,17.01],[53.93,16.91],[53.74,16.86],[53.6,16.75],[53.45,16.75],[53.11,16.64],[52.78,17.35],[52,19]]],[[[56.27,25.64],[56.15,25.66],[56.14,25.83],[56.19,26.01],[56.08,26.07],[56.17,26.23],[56.48,26.24],[56.33,26.11],[56.42,25.95],[56.27,25.64]]]]}},{"type":"Feature","properties":{"NAME":"Afghanistan","ABBREVN":"Afghanistan","SUBJECTO":"Afghanistan","BORDERPRECISION":3,"PARTOF":"Afghanistan","SHAPE_HASH":"80e6525ea0"},"geometry":{"type":"Polygon","coordinates":[[[60.87,29.86],[61.37,30.38],[61.76,30.79],[61.85,31.02],[61.77,31.32],[61.71,31.38],[60.85,31.5],[60.81,31.66],[60.81,32],[60.86,32.23],[60.6,33.01],[60.58,33.15],[60.8,33.39],[60.89,33.56],[60.67,33.57],[60.55,33.63],[60.55,33.82],[60.5,34.09],[60.68,34.31],[60.88,34.36],[60.72,34.53],[60.98,34.65],[61.05,34.79],[61.14,35.13],[61.11,35.28],[61.28,35.52],[61.28,35.61],[61.38,35.64],[61.6,35.44],[61.8,35.41],[62.04,35.44],[62.27,35.26],[62.47,35.29],[62.63,35.23],[62.9,35.37],[63.09,35.43],[63.11,35.63],[63.18,35.67],[63.12,35.86],[63.34,35.86],[63.61,35.97],[63.98,36.04],[64.16,36.16],[64.47,36.25],[64.6,36.4],[64.64,36.69],[64.79,36.92],[64.78,37.1],[65.09,37.25],[65.52,37.25],[65.65,37.35],[65.65,37.45],[65.77,37.54],[66.11,37.42],[66.29,37.33],[66.51,37.36],[67.01,37.38],[67.25,37.18],[67.53,37.27],[67.75,37.22],[67.79,37.09],[68,36.94],[68.28,37.03],[68.33,37.11],[68.63,37.21],[68.66,37.27],[68.97,37.32],[69.12,37.16],[69.25,37.1],[69.42,37.2],[69.38,37.45],[69.52,37.58],[69.91,37.61],[70.16,37.54],[70.29,37.7],[70.16,37.93],[70.24,37.94],[70.49,38.16],[70.71,38.41],[70.96,38.47],[71.36,38.25],[71.25,37.93],[71.51,37.95],[71.59,37.82],[71.5,37.56],[71.49,37.28],[71.43,37.07],[71.55,36.76],[71.7,36.67],[71.84,36.69],[72.22,36.94],[72.41,37],[72.66,37.03],[72.78,37.21],[73.3,37.46],[73.51,37.47],[73.78,37.43],[73.87,37.27],[74.15,37.34],[74.25,37.41],[74.67,37.39],[74.92,37.24],[74.76,37.3],[74.53,37.24],[74.39,37.15],[74.42,37],[74.04,36.82],[73.84,36.9],[73.67,36.91],[72.58,36.83],[72.47,36.76],[72.17,36.71],[72.15,36.65],[71.75,36.42],[71.58,36.35],[71.25,36.13],[71.19,36.05],[71.44,35.87],[71.65,35.43],[71.55,35.32],[71.61,35.23],[71.5,34.96],[71.09,34.67],[71,34.47],[71.15,34.36],[71.08,34.06],[70.88,33.97],[70.48,33.94],[70,34.05],[69.87,33.94],[69.99,33.75],[70.13,33.73],[70.17,33.52],[70.31,33.38],[70.23,33.25],[69.87,33.09],[69.56,33.08],[69.51,32.87],[69.4,32.77],[69.46,32.67],[69.25,32.44],[69.27,32.17],[69.33,31.94],[69.02,31.65],[68.83,31.61],[68.58,31.82],[68.27,31.77],[68.16,31.83],[67.97,31.63],[67.86,31.63],[67.61,31.43],[67.79,31.34],[67.38,31.22],[67.06,31.24],[66.88,31.29],[66.72,31.21],[66.58,30.99],[66.4,30.94],[66.28,30.57],[66.35,30.44],[66.32,30.23],[66.24,30.07],[66.36,29.96],[66.26,29.85],[65.03,29.54],[64.66,29.59],[64.38,29.55],[64.06,29.41],[63.59,29.5],[62.48,29.41],[61.79,29.6],[60.87,29.86]]]}},{"type":"Feature","properties":{"NAME":"China","ABBREVN":"China","SUBJECTO":"China","BORDERPRECISION":3,"PARTOF":"China","SHAPE_HASH":"26a11f0fb5"},"geometry":{"type":"MultiPolygon","coordinates":[[[[110.58,19.14],[110.49,18.91],[110.53,18.8],[110.4,18.7],[110.21,18.63],[110.11,18.54],[110.05,18.39],[109.91,18.42],[109.76,18.39],[109.7,18.26],[109.54,18.22],[109.44,18.28],[109.22,18.3],[108.69,18.51],[108.69,18.71],[108.62,19.09],[108.63,19.28],[109.01,19.59],[109.16,19.65],[109.17,19.81],[109.3,19.92],[109.46,19.86],[109.58,19.98],[110.09,19.97],[110.15,20.06],[110.51,20.01],[110.67,20.13],[110.78,20.01],[110.93,20],[111.02,19.64],[110.82,19.55],[110.67,19.36],[110.58,19.14]]],[[[122.33,30.02],[122.24,29.97],[121.97,30.06],[122.16,30.12],[122.33,30.02]]],[[[121.87,31.49],[121.82,31.45],[121.55,31.53],[121.3,31.67],[121.33,31.82],[121.56,31.64],[121.86,31.54],[121.87,31.49]]],[[[119.76,25.41],[119.67,25.48],[119.69,25.6],[119.83,25.58],[119.76,25.41]]],[[[107.99,21.54],[107.78,21.67],[107.53,21.59],[107.36,21.61],[107.02,21.82],[107.02,21.94],[106.69,22.03],[106.65,22.33],[106.55,22.46],[106.61,22.6],[106.72,22.63],[106.79,22.76],[106.7,22.87],[106.52,22.93],[106.34,22.85],[106.13,22.99],[105.88,22.91],[105.77,23.02],[105.57,23.06],[105.55,23.16],[105.36,23.32],[104.91,23.18],[104.82,23.1],[104.85,22.96],[104.73,22.82],[104.57,22.83],[104.37,22.69],[104.26,22.83],[104.11,22.8],[104.03,22.69],[104.01,22.52],[103.91,22.54],[103.65,22.78],[103.46,22.64],[103.33,22.79],[103.17,22.54],[103.06,22.44],[102.93,22.48],[102.87,22.59],[102.52,22.77],[102.39,22.61],[102.15,22.39],[101.77,22.5],[101.57,22.21],[101.63,21.97],[101.77,21.83],[101.78,21.65],[101.74,21.31],[101.85,21.22],[101.79,21.14],[101.57,21.25],[101.29,21.18],[101.26,21.37],[101.15,21.57],[101.1,21.77],[100.84,21.65],[100.72,21.51],[100.57,21.45],[100.37,21.54],[100.21,21.44],[100.12,21.51],[100.14,21.64],[100,21.7],[99.94,21.82],[99.96,22.05],[99.69,22.08],[99.47,22.14],[99.37,22.09],[99.17,22.16],[99.29,22.4],[99.38,22.51],[99.34,22.71],[99.44,22.87],[99.56,22.94],[99.51,23.08],[99.36,23.13],[99.1,23.1],[98.93,23.19],[98.92,23.41],[98.81,23.54],[98.82,23.76],[98.69,23.82],[98.68,23.97],[98.86,24.13],[98.59,24.1],[98.45,24.13],[98.05,24.08],[97.65,23.86],[97.54,23.95],[97.73,24.12],[97.76,24.26],[97.67,24.44],[97.54,24.48],[97.55,24.74],[97.74,24.92],[97.73,25.06],[97.83,25.25],[97.94,25.22],[98.14,25.41],[98.19,25.62],[98.38,25.59],[98.61,25.99],[98.58,26.13],[98.71,26.13],[98.78,26.61],[98.78,26.79],[98.69,27.21],[98.74,27.32],[98.65,27.61],[98.46,27.67],[98.32,27.54],[98.15,28.01],[98.14,28.15],[97.91,28.37],[98.16,28.5],[98.14,28.57],[98.37,28.66],[98.53,28.46],[98.54,28.38],[98.79,28.4],[98.81,28.13],[99.09,28.16],[99.02,28.48],[99.03,28.75],[99.07,28.96],[98.98,29.14],[98.98,29.27],[99.44,29.48],[99.4,29.64],[98.96,30.02],[98.55,30.55],[98.4,30.66],[97.98,31.08],[97.83,31.45],[97.88,31.82],[98.23,32.04],[98.26,32.16],[97.78,32.41],[98.02,32.62],[98.31,32.48],[98.58,32.38],[99.09,32.31],[99.29,32.24],[99.7,32.01],[99.95,31.95],[100.13,31.85],[100.44,32.01],[100.67,32.18],[100.95,32.32],[101.51,32.71],[101.48,32.82],[101.28,33.24],[101.26,33.4],[101.44,33.49],[101.51,33.6],[101.56,33.87],[101.75,34.14],[101.75,34.21],[101.62,34.63],[101.53,34.7],[101.37,35.1],[101.37,35.49],[101.2,35.81],[101.05,36.13],[100.98,36.52],[100.99,36.94],[100.88,37.32],[100.98,37.46],[101.12,37.54],[101.1,37.66],[100.96,37.73],[100.73,37.92],[100.57,37.97],[100.03,38.06],[99.74,38.13],[99.19,38.33],[98.9,38.22],[98.76,38.22],[98.19,38.4],[97.75,38.56],[97.47,38.62],[97.04,38.39],[96.86,38.43],[96.11,38.74],[95.83,38.82],[95.6,38.94],[95.23,38.99],[94.73,39.16],[94.55,39.26],[94.42,39.17],[94.09,39.07],[93.47,39.1],[92.96,39.09],[92.71,38.98],[92.31,38.98],[91.86,39.02],[91.64,38.88],[91.39,38.81],[90.72,38.81],[90.58,38.01],[90.6,37.66],[91.04,37.43],[91.1,37.26],[91.06,36.9],[90.89,36.94],[90.59,36.82],[90.59,36.72],[90.84,36.54],[91,36.48],[91.66,36.36],[91.88,36.16],[90.93,36.1],[90.73,35.98],[89.77,36.2],[89.13,36.26],[88.86,36.33],[88.4,36.4],[88.22,36.39],[88.02,36.29],[87.55,36.3],[87.37,36.26],[87.19,36.15],[87.05,36.2],[86.93,36.15],[86.29,36.13],[85.57,36.2],[84.66,35.96],[84.19,35.75],[83.81,35.67],[83.14,35.46],[82.69,35.35],[82.15,35.23],[81.71,35.11],[81.75,35.29],[81.41,35.41],[81.27,35.4],[80.92,35.59],[80.57,35.47],[80.25,35.4],[80.16,35.44],[80.07,35.65],[79.7,35.86],[79.24,35.87],[78.71,36.21],[78.5,36.29],[78.07,36.41],[78.02,36.55],[77.72,36.7],[77.52,36.71],[77.34,36.64],[77.06,36.66],[76.66,36.78],[76.34,36.82],[76.16,37.05],[76.16,37.25],[76.01,37.37],[75.83,37.25],[75.66,37.25],[75.49,37.4],[75.37,37.46],[75.19,37.41],[74.95,37.56],[74.9,37.65],[74.99,37.79],[74.91,37.84],[74.92,38.01],[74.82,38.07],[74.79,38.52],[74.35,38.67],[74.15,38.68],[73.94,38.54],[73.81,38.61],[73.71,38.86],[73.84,39],[73.62,39.24],[73.66,39.46],[73.86,39.49],[73.95,39.6],[73.85,39.82],[73.99,40.04],[74.23,40.12],[74.41,40.12],[74.83,40.41],[74.88,40.52],[75.07,40.45],[75.23,40.45],[75.49,40.61],[75.62,40.59],[75.7,40.3],[75.9,40.3],[76.07,40.4],[76.33,40.35],[76.45,40.4],[76.64,40.62],[76.65,40.74],[76.79,40.95],[77.02,41.05],[77.51,40.99],[77.86,41.07],[78.08,41.04],[78.38,41.29],[78.4,41.39],[78.7,41.54],[79.34,41.79],[79.79,41.89],[79.87,42.01],[80.21,42.03],[80.29,42.25],[80.16,42.63],[80.26,42.82],[80.57,42.89],[80.38,43.03],[80.62,43.13],[80.82,43.17],[80.74,43.47],[80.44,44.03],[80.37,44.11],[80.4,44.26],[80.35,44.45],[80.38,44.64],[80.52,44.73],[80.28,44.82],[80,44.8],[79.87,44.9],[80.08,45.02],[80.4,45.05],[80.52,45.11],[80.92,45.15],[81.65,45.34],[81.8,45.31],[81.82,45.2],[82.01,45.16],[82.3,45.24],[82.55,45.12],[82.66,45.39],[82.59,45.46],[82.32,45.54],[82.51,45.9],[82.57,46.17],[82.71,46.35],[82.81,46.62],[83.02,46.98],[83.06,47.22],[83.42,47.14],[83.56,47.06],[83.93,46.97],[84.32,47.01],[84.72,46.98],[84.8,46.83],[84.97,46.87],[85.27,47.05],[85.52,47.06],[85.69,47.22],[85.7,47.38],[85.6,47.52],[85.62,47.62],[85.54,47.94],[85.62,48.17],[85.77,48.39],[86.23,48.43],[86.6,48.54],[86.78,48.72],[86.73,48.97],[86.88,49.11],[87.12,49.13],[87.41,49.08],[87.84,49.17],[87.9,49.01],[87.76,48.88],[87.84,48.79],[88.06,48.73],[87.99,48.57],[88.52,48.41],[88.66,48.18],[88.94,48.11],[89.08,48],[89.22,47.98],[89.55,48.04],[89.79,47.83],[90.07,47.89],[90.1,47.77],[90.27,47.7],[90.46,47.5],[90.49,47.32],[90.71,47.04],[90.91,46.95],[91.04,46.72],[91.05,46.52],[90.92,46.3],[91.03,46.02],[90.72,45.74],[90.68,45.49],[90.9,45.25],[91.14,45.21],[91.56,45.08],[92.09,45.08],[92.49,45],[92.79,45.05],[93.55,44.96],[94.11,44.71],[94.34,44.56],[94.6,44.45],[94.72,44.35],[95.03,44.26],[95.41,44.29],[95.34,44.02],[95.53,43.99],[95.75,43.58],[95.87,43.41],[95.92,43.23],[96.36,42.91],[96.39,42.73],[97,42.76],[97.17,42.8],[98.22,42.65],[99.51,42.57],[99.99,42.65],[100.25,42.64],[100.31,42.69],[100.84,42.68],[101.6,42.53],[101.81,42.51],[102.08,42.23],[102.44,42.15],[102.71,42.16],[103.42,41.89],[103.85,41.8],[104.07,41.8],[104.53,41.88],[104.52,41.67],[104.93,41.65],[105.01,41.59],[105.22,41.75],[105.86,41.99],[106.78,42.3],[107.26,42.36],[107.48,42.47],[107.56,42.42],[107.91,42.41],[108.23,42.46],[108.85,42.4],[109,42.46],[109.52,42.46],[109.69,42.55],[110.44,42.78],[110.69,43.05],[110.99,43.32],[111.64,43.54],[111.78,43.67],[111.96,43.69],[111.96,43.84],[111.81,44],[111.68,44.05],[111.43,44.33],[111.44,44.44],[111.78,44.99],[111.98,45.09],[112.43,45.08],[112.61,44.93],[113.14,44.8],[113.64,44.75],[113.92,44.92],[114.08,44.94],[114.45,45.21],[114.55,45.39],[114.74,45.44],[114.94,45.38],[115.4,45.4],[115.71,45.46],[116.03,45.69],[116.21,45.73],[116.24,45.9],[116.36,46.08],[116.59,46.3],[116.84,46.39],[117.37,46.36],[117.42,46.57],[117.6,46.61],[117.72,46.51],[117.93,46.62],[118.31,46.74],[118.46,46.69],[118.78,46.69],[118.84,46.76],[119.3,46.62],[119.71,46.6],[119.93,46.72],[119.92,46.9],[119.8,47],[119.73,47.17],[119.15,47.53],[119.12,47.67],[118.77,47.77],[118.54,47.99],[118.23,48.03],[117.8,48.01],[117.38,47.66],[117.11,47.81],[116.87,47.89],[116.51,47.85],[116.26,47.88],[115.92,47.69],[115.59,47.92],[115.55,48.14],[115.84,48.25],[115.81,48.52],[116.08,48.82],[116.06,48.87],[116.72,49.83],[116.96,49.72],[117.32,49.62],[117.53,49.61],[117.87,49.52],[118.48,49.84],[118.64,49.95],[119.22,50.02],[119.32,50.1],[119.35,50.35],[119.18,50.35],[119.29,50.6],[119.51,50.75],[119.52,50.9],[119.75,51.08],[119.77,51.19],[119.96,51.39],[120.06,51.62],[120.49,51.88],[120.65,51.91],[120.78,52.16],[120.63,52.34],[120.71,52.54],[120.44,52.64],[120.16,52.58],[120.03,52.64],[120.03,52.77],[120.27,52.86],[120.87,53.28],[121.21,53.27],[121.83,53.41],[122.25,53.46],[122.84,53.45],[123.23,53.55],[123.61,53.54],[123.87,53.48],[124.1,53.34],[124.27,53.35],[124.49,53.19],[124.82,53.13],[125.16,53.19],[125.73,52.98],[125.97,52.76],[125.97,52.64],[126.18,52.54],[126.35,52.37],[126.31,52.21],[126.55,52.13],[126.44,51.99],[126.72,51.71],[126.79,51.42],[126.89,51.4],[126.93,51.06],[127.29,50.74],[127.36,50.55],[127.29,50.46],[127.33,50.31],[127.58,50.21],[127.49,50.02],[127.51,49.83],[127.67,49.75],[127.82,49.59],[128.19,49.53],[128.65,49.59],[128.79,49.57],[129.05,49.36],[129.42,49.43],[129.91,49.04],[130.22,48.86],[130.45,48.89],[130.63,48.81],[130.52,48.61],[130.74,48.43],[130.83,48.29],[130.66,48.11],[130.88,47.91],[130.99,47.69],[131.27,47.73],[131.53,47.72],[131.62,47.66],[131.91,47.67],[132.37,47.74],[132.58,47.73],[132.66,47.87],[133.08,48.1],[133.54,48.1],[133.75,48.25],[134.42,48.39],[134.72,48.27],[134.56,47.99],[134.76,47.7],[134.55,47.47],[134.3,47.41],[134.15,47.25],[134.22,47.13],[134.11,47.06],[134.02,46.67],[133.85,46.48],[133.93,46.38],[133.9,46.25],[133.74,46.16],[133.66,45.94],[133.48,45.82],[133.47,45.62],[133.19,45.5],[133.13,45.41],[133.12,45.12],[132.93,45.02],[132.8,45.06],[131.99,45.24],[131.84,45.33],[131.63,45.09],[131.47,44.97],[131.12,44.93],[130.95,44.84],[131.1,44.69],[131.3,44.05],[131.2,43.82],[131.19,43.54],[131.3,43.46],[131.26,43.27],[131.11,43.04],[131.13,42.92],[131.02,42.86],[130.82,42.88],[130.43,42.74],[130.62,42.59],[130.6,42.42],[130.51,42.57],[130.25,42.71],[130.25,42.89],[129.93,43.01],[129.85,42.94],[129.75,42.71],[129.7,42.44],[129.51,42.39],[129.35,42.45],[129.25,42.38],[129.21,42.22],[128.93,42.03],[128.47,42],[128.28,42.04],[128.06,42],[128.16,41.71],[128.3,41.58],[128.15,41.38],[127.93,41.45],[127.62,41.42],[127.27,41.47],[127.16,41.53],[127.05,41.71],[126.93,41.8],[126.57,41.61],[126.51,41.39],[126.01,40.9],[125.7,40.86],[125.41,40.65],[125.29,40.65],[124.89,40.47],[124.71,40.31],[124.55,40.24],[124.38,40.1],[124.29,39.93],[124.13,39.83],[123.7,39.83],[123.41,39.73],[123.24,39.81],[123.22,39.67],[123,39.64],[122.29,39.35],[122.13,39.14],[121.95,39.04],[121.65,39],[121.7,38.86],[121.34,38.81],[121.19,38.72],[121.09,38.91],[121.22,38.93],[121.69,39.12],[121.43,39.51],[121.47,39.81],[121.78,39.92],[122.11,40.24],[122.29,40.47],[122.28,40.53],[122.05,40.74],[121.75,40.84],[121.56,40.84],[121.36,40.93],[121.18,40.92],[120.94,40.75],[120.54,40.39],[120.45,40.2],[119.95,40.04],[119.53,39.87],[119.34,39.71],[119.26,39.55],[119.26,39.41],[119.01,39.19],[118.76,39.14],[118.61,39.19],[118.33,39.04],[118.15,39.19],[117.89,39.2],[117.74,39.1],[117.57,38.78],[117.55,38.59],[117.67,38.39],[117.8,38.27],[118.03,38.17],[118.48,38.1],[118.84,38.15],[119.03,37.9],[119.04,37.67],[118.95,37.54],[118.97,37.27],[119.16,37.17],[119.45,37.12],[119.77,37.15],[119.89,37.24],[119.85,37.35],[120.06,37.43],[120.31,37.6],[120.35,37.69],[120.74,37.83],[120.93,37.81],[121.16,37.58],[121.38,37.55],[121.58,37.42],[121.94,37.46],[122.13,37.55],[122.18,37.42],[122.56,37.4],[122.6,37.21],[122.45,37.14],[122.54,37.02],[122.52,36.91],[122.35,36.83],[122.19,36.84],[122.16,36.94],[121.94,36.93],[121.59,36.76],[121.49,36.82],[121.37,36.72],[121.18,36.68],[120.96,36.53],[120.9,36.4],[120.75,36.46],[120.68,36.38],[120.7,36.14],[120.42,36.06],[120.35,36.17],[120.09,36.2],[120.18,35.98],[119.91,35.74],[119.9,35.65],[119.65,35.58],[119.51,35.33],[119.39,35.22],[119.37,35.11],[119.2,35.03],[119.2,34.77],[119.44,34.75],[119.53,34.61],[119.8,34.47],[119.92,34.46],[120.25,34.31],[120.34,34.12],[120.55,33.56],[120.66,33.33],[120.89,32.97],[120.84,32.64],[121.29,32.45],[121.41,32.37],[121.44,32.11],[121.66,32.05],[121.83,31.92],[121.9,31.74],[121.83,31.68],[121.65,31.71],[121.48,31.81],[121.29,31.87],[120.94,31.87],[120.81,32.02],[120.51,32.1],[120.43,32.02],[120.7,31.99],[120.75,31.8],[120.96,31.75],[121.23,31.62],[121.33,31.49],[121.64,31.33],[121.76,31.21],[121.89,30.93],[121.47,30.82],[121.33,30.7],[120.99,30.57],[120.94,30.42],[120.8,30.33],[120.65,30.4],[120.53,30.3],[120.58,30.17],[120.78,30.09],[121.17,30.3],[121.28,30.3],[121.48,30.19],[121.68,29.96],[122.06,29.85],[121.87,29.76],[121.97,29.59],[121.89,29.39],[121.93,29.2],[121.66,29.19],[121.56,29.29],[121.47,29.1],[121.63,29.1],[121.69,29.02],[121.61,28.73],[121.48,28.67],[121.52,28.5],[121.64,28.35],[121.41,28.3],[121.26,28.2],[121.21,28.36],[120.95,27.99],[120.69,27.72],[120.59,27.54],[120.53,27.23],[120.39,27.09],[120.28,27.11],[120.2,26.92],[120.03,26.9],[120.07,26.79],[119.69,26.81],[119.55,26.76],[119.53,26.65],[119.78,26.57],[119.57,26.44],[119.66,26.34],[119.82,26.42],[119.88,26.31],[119.67,26.28],[119.51,26.06],[119.68,26.01],[119.59,25.86],[119.62,25.76],[119.55,25.56],[119.58,25.42],[119.3,25.56],[119.17,25.34],[119.35,25.25],[119.27,25.17],[119.09,25.11],[118.97,25.18],[118.87,25.04],[118.98,24.93],[118.72,24.84],[118.76,24.76],[118.66,24.58],[118.44,24.63],[118.24,24.54],[118.17,24.68],[118.04,24.62],[118.02,24.44],[118.12,24.26],[117.79,24],[117.71,24.04],[117.61,23.86],[117.48,23.84],[117.27,23.73],[117.12,23.59],[116.92,23.66],[116.86,23.46],[116.74,23.32],[116.75,23.22],[116.51,23.21],[116.54,23.01],[116.48,22.94],[116.23,22.93],[116.13,22.85],[115.86,22.79],[115.64,22.88],[115.54,22.83],[115.56,22.68],[115.38,22.68],[115.22,22.79],[114.94,22.74],[114.9,22.55],[114.74,22.59],[114.72,22.72],[114.56,22.73],[114.5,22.65],[114.22,22.55],[114.39,22.43],[114.2,22.32],[113.93,22.35],[113.75,22.75],[113.61,22.83],[113.6,22.99],[113.36,22.88],[113.56,22.55],[113.54,22.39],[113.58,22.25],[113.51,22.18],[113.3,22.18],[113.22,22.04],[112.99,22.09],[113,21.94],[112.89,21.86],[112.75,21.94],[112.63,21.79],[112.48,21.8],[112.25,21.71],[111.97,21.77],[111.89,21.68],[111.77,21.71],[111.64,21.53],[111.38,21.53],[111.15,21.47],[110.99,21.51],[110.88,21.38],[110.8,21.4],[110.64,21.24],[110.41,21.23],[110.39,21.16],[110.15,20.99],[110.16,20.84],[110.38,20.84],[110.32,20.64],[110.47,20.57],[110.51,20.43],[110.41,20.3],[110.28,20.25],[110.11,20.24],[110.04,20.3],[109.92,20.23],[109.85,20.5],[109.75,20.64],[109.66,20.92],[109.67,21.13],[109.77,21.33],[109.9,21.39],[109.86,21.48],[109.73,21.47],[109.57,21.58],[109.51,21.48],[109.16,21.41],[109.14,21.58],[108.74,21.61],[108.65,21.72],[108.6,21.91],[108.44,21.87],[108.56,21.68],[108.51,21.59],[108.33,21.69],[108.2,21.59],[107.99,21.54]]],[[[117.39,23.59],[117.38,23.77],[117.51,23.73],[117.39,23.59]]]]}},{"type":"Feature","properties":{"NAME":"Tibet","ABBREVN":"Tibet","SUBJECTO":"Tibet","BORDERPRECISION":3,"PARTOF":"Tibet","SHAPE_HASH":"13811e2828"},"geometry":{"type":"Polygon","coordinates":[[[80.16,35.44],[80.25,35.4],[80.57,35.47],[80.92,35.59],[81.27,35.4],[81.41,35.41],[81.75,35.29],[81.71,35.11],[82.15,35.23],[82.69,35.35],[83.14,35.46],[83.81,35.67],[84.19,35.75],[84.66,35.96],[85.57,36.2],[86.29,36.13],[86.93,36.15],[87.05,36.2],[87.19,36.15],[87.37,36.26],[87.55,36.3],[88.02,36.29],[88.22,36.39],[88.4,36.4],[88.86,36.33],[89.13,36.26],[89.77,36.2],[90.73,35.98],[90.93,36.1],[91.88,36.16],[91.66,36.36],[91,36.48],[90.84,36.54],[90.59,36.72],[90.59,36.82],[90.89,36.94],[91.06,36.9],[91.1,37.26],[91.04,37.43],[90.6,37.66],[90.58,38.01],[90.72,38.81],[91.39,38.81],[91.64,38.88],[91.86,39.02],[92.31,38.98],[92.71,38.98],[92.96,39.09],[93.47,39.1],[94.09,39.07],[94.42,39.17],[94.55,39.26],[94.73,39.16],[95.23,38.99],[95.6,38.94],[95.83,38.82],[96.11,38.74],[96.86,38.43],[97.04,38.39],[97.47,38.62],[97.75,38.56],[98.19,38.4],[98.76,38.22],[98.9,38.22],[99.19,38.33],[99.74,38.13],[100.03,38.06],[100.57,37.97],[100.73,37.92],[100.96,37.73],[101.1,37.66],[101.12,37.54],[100.98,37.46],[100.88,37.32],[100.99,36.94],[100.98,36.52],[101.05,36.13],[101.2,35.81],[101.37,35.49],[101.37,35.1],[101.53,34.7],[101.62,34.63],[101.75,34.21],[101.75,34.14],[101.56,33.87],[101.51,33.6],[101.44,33.49],[101.26,33.4],[101.28,33.24],[101.48,32.82],[101.51,32.71],[100.95,32.32],[100.67,32.18],[100.44,32.01],[100.13,31.85],[99.95,31.95],[99.7,32.01],[99.29,32.24],[99.09,32.31],[98.58,32.38],[98.31,32.48],[98.02,32.62],[97.78,32.41],[98.26,32.16],[98.23,32.04],[97.88,31.82],[97.83,31.45],[97.98,31.08],[98.4,30.66],[98.55,30.55],[98.96,30.02],[99.4,29.64],[99.44,29.48],[98.98,29.27],[98.98,29.14],[99.07,28.96],[99.03,28.75],[99.02,28.48],[99.09,28.16],[98.81,28.13],[98.79,28.4],[98.54,28.38],[98.53,28.46],[98.37,28.66],[98.14,28.57],[98.16,28.5],[97.91,28.37],[97.8,28.35],[97.71,28.52],[97.56,28.55],[97.47,28.3],[97.35,28.22],[97.15,28.37],[96.98,28.33],[96.78,28.38],[96.6,28.47],[96.36,28.39],[96.34,28.53],[96.62,28.76],[96.48,28.97],[96.35,29.03],[96.25,28.94],[96.15,29.06],[96.23,29.26],[96.08,29.46],[95.79,29.34],[95.54,29.19],[95.39,29.04],[94.86,29.17],[94.7,29.34],[94.54,29.21],[94.43,29.22],[94.23,29.07],[94.15,28.93],[94.02,28.84],[93.96,28.67],[93.65,28.65],[93.5,28.68],[93.35,28.62],[93.22,28.42],[93.22,28.32],[93.05,28.31],[92.83,28.21],[92.68,28.08],[92.72,27.98],[92.45,27.83],[92.12,27.81],[91.88,27.73],[91.66,27.77],[91.68,27.93],[91.45,28],[91.3,28.08],[91.13,27.98],[90.92,28.05],[90.38,28.08],[90.39,28.24],[90,28.32],[89.79,28.19],[89.63,28.16],[89.49,28.06],[89.36,27.87],[89.24,27.81],[89.13,27.57],[88.97,27.47],[88.92,27.32],[88.78,27.44],[88.76,27.54],[88.88,27.84],[88.84,28.01],[88.62,28.12],[88.39,27.98],[88.14,27.95],[88.13,27.88],[87.87,27.92],[87.78,27.83],[87.14,27.84],[87.03,27.96],[86.95,27.95],[86.59,28.11],[86.54,27.96],[86.45,27.91],[86.1,28.09],[86.14,27.94],[85.98,27.91],[85.89,28.15],[85.72,28.28],[85.44,28.3],[85.4,28.27],[85.11,28.31],[85.2,28.59],[85.05,28.63],[84.95,28.54],[84.7,28.61],[84.64,28.7],[84.49,28.73],[84.41,28.85],[84.24,28.92],[84.18,29.21],[83.98,29.3],[83.75,29.24],[83.67,29.16],[83.55,29.19],[83.38,29.47],[83.19,29.63],[82.87,29.67],[82.42,30.01],[82.15,30.12],[82.11,30.33],[81.63,30.42],[81.55,30.33],[81.41,30.38],[81.38,30.17],[81.23,30.01],[81.12,30.02],[81.03,30.21],[80.81,30.32],[80.61,30.47],[80.52,30.48],[80.22,30.6],[80.19,30.8],[79.93,30.89],[79.75,30.99],[79.55,30.96],[79.31,31.13],[79.16,31.4],[79.08,31.44],[78.88,31.29],[78.77,31.31],[78.71,31.5],[78.84,31.61],[78.69,31.78],[78.77,31.97],[78.48,32.25],[78.5,32.58],[78.78,32.6],[78.77,32.49],[78.92,32.36],[79.08,32.38],[79.14,32.48],[79.3,32.5],[79.45,32.6],[79.53,32.76],[79.36,32.97],[79.38,33.1],[79.27,33.19],[78.99,33.32],[78.81,33.55],[78.81,33.84],[78.73,34.04],[78.77,34.11],[79,34.16],[79.49,34.17],[79.52,34.48],[79.83,34.48],[79.94,34.6],[79.9,34.81],[80.16,35.08],[80.16,35.44]]]}},{"type":"Feature","properties":{"NAME":"Mongolia","ABBREVN":"Mongolia","SUBJECTO":"Mongolia","BORDERPRECISION":3,"PARTOF":"Mongolia","SHAPE_HASH":"999d9aada5"},"geometry":{"type":"Polygon","coordinates":[[[116.72,49.83],[116.06,48.87],[116.08,48.82],[115.81,48.52],[115.84,48.25],[115.55,48.14],[115.59,47.92],[115.92,47.69],[116.26,47.88],[116.51,47.85],[116.87,47.89],[117.11,47.81],[117.38,47.66],[117.8,48.01],[118.23,48.03],[118.54,47.99],[118.77,47.77],[119.12,47.67],[119.15,47.53],[119.73,47.17],[119.8,47],[119.92,46.9],[119.93,46.72],[119.71,46.6],[119.3,46.62],[118.84,46.76],[118.78,46.69],[118.46,46.69],[118.31,46.74],[117.93,46.62],[117.72,46.51],[117.6,46.61],[117.42,46.57],[117.37,46.36],[116.84,46.39],[116.59,46.3],[116.36,46.08],[116.24,45.9],[116.21,45.73],[116.03,45.69],[115.71,45.46],[115.4,45.4],[114.94,45.38],[114.74,45.44],[114.55,45.39],[114.45,45.21],[114.08,44.94],[113.92,44.92],[113.64,44.75],[113.14,44.8],[112.61,44.93],[112.43,45.08],[111.98,45.09],[111.78,44.99],[111.44,44.44],[111.43,44.33],[111.68,44.05],[111.81,44],[111.96,43.84],[111.96,43.69],[111.78,43.67],[111.64,43.54],[110.99,43.32],[110.69,43.05],[110.44,42.78],[109.69,42.55],[109.52,42.46],[109,42.46],[108.85,42.4],[108.23,42.46],[107.91,42.41],[107.56,42.42],[107.48,42.47],[107.26,42.36],[106.78,42.3],[105.86,41.99],[105.22,41.75],[105.01,41.59],[104.93,41.65],[104.52,41.67],[104.53,41.88],[104.07,41.8],[103.85,41.8],[103.42,41.89],[102.71,42.16],[102.44,42.15],[102.08,42.23],[101.81,42.51],[101.6,42.53],[100.84,42.68],[100.31,42.69],[100.25,42.64],[99.99,42.65],[99.51,42.57],[98.22,42.65],[97.17,42.8],[97,42.76],[96.39,42.73],[96.36,42.91],[95.92,43.23],[95.87,43.41],[95.75,43.58],[95.53,43.99],[95.34,44.02],[95.41,44.29],[95.03,44.26],[94.72,44.35],[94.6,44.45],[94.34,44.56],[94.11,44.71],[93.55,44.96],[92.79,45.05],[92.49,45],[92.09,45.08],[91.56,45.08],[91.14,45.21],[90.9,45.25],[90.68,45.49],[90.72,45.74],[91.03,46.02],[90.92,46.3],[91.05,46.52],[91.04,46.72],[90.91,46.95],[90.71,47.04],[90.49,47.32],[90.46,47.5],[90.27,47.7],[90.1,47.77],[90.07,47.89],[89.79,47.83],[89.55,48.04],[89.22,47.98],[89.08,48],[88.94,48.11],[88.66,48.18],[88.52,48.41],[87.99,48.57],[88.06,48.73],[87.84,48.79],[87.76,48.88],[87.9,49.01],[87.84,49.17],[87.99,49.18],[88.17,49.29],[88.22,49.46],[89.01,49.46],[89.72,49.72],[89.64,49.9],[90.02,50],[90.03,50.07],[90.51,50.22],[90.72,50.23],[91.04,50.43],[91.46,50.51],[91.82,50.7],[92.22,50.71],[92.45,50.81],[92.64,50.69],[92.81,50.79],[93.11,50.6],[93.48,50.62],[93.74,50.58],[94.22,50.58],[94.3,50.55],[94.4,50.2],[94.63,50.03],[94.98,50.05],[95.1,49.96],[95.41,49.96],[95.52,49.9],[95.83,50.02],[95.99,49.95],[96.11,50],[96.41,49.9],[96.54,49.93],[97.01,49.89],[97.17,49.76],[97.35,49.74],[97.77,49.97],[97.89,49.96],[98.13,50.08],[98.29,50.3],[98.32,50.53],[98.07,50.63],[97.97,50.77],[98.01,50.85],[97.83,51],[98.06,51.46],[98.24,51.47],[98.31,51.7],[98.63,51.78],[98.77,51.88],[98.93,52.14],[99.02,52.07],[99.34,51.94],[99.76,51.88],[100.02,51.74],[100.56,51.73],[101.41,51.45],[101.58,51.49],[102.08,51.39],[102.22,51.33],[102.17,51.12],[102.25,50.99],[102.24,50.82],[102.35,50.72],[102.33,50.57],[102.54,50.51],[102.63,50.41],[102.89,50.32],[103.25,50.29],[103.32,50.2],[103.65,50.14],[103.86,50.2],[104.03,50.15],[104.25,50.19],[104.39,50.3],[104.62,50.32],[104.97,50.4],[105.1,50.39],[105.36,50.48],[105.99,50.41],[106.24,50.3],[106.55,50.35],[106.74,50.33],[107.01,50.2],[107.08,50.08],[107.25,50],[107.75,49.98],[107.98,49.93],[107.95,49.69],[108.53,49.35],[109.2,49.36],[109.55,49.23],[110.21,49.17],[110.35,49.21],[110.79,49.15],[111.33,49.34],[112.13,49.44],[112.49,49.54],[112.77,49.5],[113.1,49.6],[113.19,49.79],[113.59,50.02],[113.87,50.09],[114.18,50.25],[114.67,50.26],[115.01,50.16],[115.39,49.9],[115.73,49.88],[116.05,50],[116.25,50.03],[116.62,49.93],[116.72,49.83]]]}},{"type":"Feature","properties":{"NAME":"Taiwan","ABBREVN":"Taiwan","SUBJECTO":"Taiwan","BORDERPRECISION":3,"PARTOF":"Taiwan","SHAPE_HASH":"3bc938ac0c"},"geometry":{"type":"Polygon","coordinates":[[[120.12,23.51],[120.11,23.62],[120.7,24.6],[120.87,24.74],[121.01,25.01],[121.19,25.11],[121.39,25.16],[121.56,25.28],[121.73,25.14],[121.88,25.11],[122,25],[121.83,24.87],[121.8,24.76],[121.84,24.47],[121.61,24.08],[121.6,23.9],[121.45,23.33],[121.36,23.09],[121.17,22.76],[120.97,22.57],[120.88,22.34],[120.88,22.04],[120.82,21.93],[120.7,21.94],[120.67,22.18],[120.57,22.36],[120.34,22.51],[120.2,22.78],[120.16,22.95],[120.06,23.15],[120.14,23.32],[120.12,23.51]]]}},{"type":"Feature","properties":{"NAME":"Korea","ABBREVN":"Korea","SUBJECTO":"Korea","BORDERPRECISION":3,"PARTOF":"Korea","SHAPE_HASH":"176b462a0b"},"geometry":{"type":"MultiPolygon","coordinates":[[[[126.62,33.24],[126.34,33.23],[126.18,33.35],[126.38,33.47],[126.79,33.55],[126.94,33.45],[126.85,33.31],[126.62,33.24]]],[[[126.2,34.35],[126.1,34.42],[126.25,34.57],[126.38,34.48],[126.2,34.35]]],[[[127.9,34.93],[127.92,34.83],[128.07,34.8],[128.05,34.7],[127.86,34.72],[127.82,34.85],[127.9,34.93]]],[[[128.75,34.88],[128.6,34.81],[128.5,34.89],[128.71,34.98],[128.75,34.88]]],[[[126.54,37.63],[126.37,37.62],[126.37,37.79],[126.52,37.75],[126.54,37.63]]],[[[124.38,40.1],[124.55,40.24],[124.71,40.31],[124.89,40.47],[125.29,40.65],[125.41,40.65],[125.7,40.86],[126.01,40.9],[126.51,41.39],[126.57,41.61],[126.93,41.8],[127.05,41.71],[127.16,41.53],[127.27,41.47],[127.62,41.42],[127.93,41.45],[128.15,41.38],[128.3,41.58],[128.16,41.71],[128.06,42],[128.28,42.04],[128.47,42],[128.93,42.03],[129.21,42.22],[129.25,42.38],[129.35,42.45],[129.51,42.39],[129.7,42.44],[129.75,42.71],[129.85,42.94],[129.93,43.01],[130.25,42.89],[130.25,42.71],[130.51,42.57],[130.6,42.42],[130.68,42.28],[130.42,42.31],[129.98,41.98],[129.85,41.76],[129.66,41.55],[129.8,41.38],[129.72,41.18],[129.7,40.83],[129.56,40.82],[129.22,40.68],[129.16,40.54],[128.87,40.36],[128.64,40.27],[128.6,40.17],[128.33,40.05],[128,40.04],[127.87,39.89],[127.61,39.81],[127.5,39.71],[127.53,39.46],[127.37,39.37],[127.45,39.16],[127.78,39.09],[127.86,38.99],[128.36,38.63],[128.64,38.12],[129.06,37.63],[129.34,37.26],[129.43,37.06],[129.47,36.7],[129.38,36.31],[129.39,36.02],[129.59,36],[129.47,35.54],[129.24,35.19],[129.14,35.11],[128.73,35.09],[128.57,35.17],[128.48,35.05],[128.47,34.88],[128.18,34.89],[128.02,34.99],[127.77,34.96],[127.58,34.89],[127.75,34.73],[127.56,34.65],[127.52,34.86],[127.36,34.75],[127.51,34.59],[127.32,34.44],[127.22,34.71],[127.01,34.6],[126.89,34.44],[126.76,34.57],[126.6,34.3],[126.48,34.35],[126.46,34.48],[126.29,34.59],[126.38,34.79],[126.25,35.11],[126.34,35.15],[126.38,35.31],[126.49,35.51],[126.48,35.64],[126.75,35.78],[126.62,35.89],[126.69,36],[126.54,36.14],[126.47,36.58],[126.47,36.74],[126.17,36.67],[126.19,36.88],[126.5,37.05],[126.62,36.97],[126.77,36.97],[126.76,37.24],[126.55,37.65],[126.54,37.76],[126.4,37.89],[126.14,37.82],[125.92,37.84],[125.8,37.99],[125.64,37.82],[125.52,37.78],[125.35,37.86],[125.18,37.86],[124.98,37.93],[125.12,38.04],[124.74,38.14],[124.86,38.23],[124.87,38.33],[125.06,38.58],[125.28,38.7],[125.14,38.8],[125.29,39.16],[125.42,39.31],[125.29,39.52],[125.12,39.56],[124.75,39.77],[124.41,39.83],[124.32,39.92],[124.38,40.1]]]]}},{"type":"Feature","properties":{"NAME":"Japan","ABBREVN":"Japan","SUBJECTO":"Japan","BORDERPRECISION":3,"PARTOF":"Japan","SHAPE_HASH":"aa7212a5b2"},"geometry":{"type":"MultiPolygon","coordinates":[[[[123.9,24.28],[123.68,24.32],[123.78,24.42],[123.9,24.28]]],[[[128.25,26.63],[127.95,26.45],[127.84,26.43],[127.78,26.24],[127.81,26.16],[127.65,26.09],[127.64,26.21],[127.8,26.44],[128.07,26.64],[128.25,26.84],[128.33,26.76],[128.25,26.63]]],[[[129.7,28.48],[129.37,28.12],[129.16,28.23],[129.26,28.32],[129.57,28.46],[129.7,28.48]]],[[[130.56,30.24],[130.44,30.25],[130.38,30.39],[130.48,30.46],[130.67,30.38],[130.56,30.24]]],[[[130.97,30.39],[130.87,30.46],[130.94,30.68],[131.08,30.7],[130.97,30.39]]],[[[130.21,32.37],[130.09,32.23],[129.96,32.24],[130.03,32.5],[130.18,32.53],[130.21,32.37]]],[[[128.9,32.65],[128.74,32.59],[128.61,32.62],[128.65,32.78],[128.81,32.79],[128.9,32.65]]],[[[131.21,33.6],[131.42,33.57],[131.59,33.68],[131.74,33.54],[131.7,33.41],[131.52,33.26],[131.76,33.23],[131.99,32.9],[131.85,32.68],[131.69,32.53],[131.45,31.89],[131.49,31.79],[131.45,31.62],[131.33,31.37],[131.21,31.46],[131.04,31.42],[131.13,31.27],[130.93,31.12],[130.76,31.16],[130.8,31.31],[130.65,31.62],[130.56,31.59],[130.52,31.45],[130.64,31.18],[130.49,31.23],[130.23,31.25],[130.2,31.34],[130.3,31.45],[130.34,31.63],[130.18,31.78],[130.16,32.01],[130.29,32.1],[130.56,32.44],[130.61,32.59],[130.58,32.82],[130.46,32.91],[130.42,33.09],[130.21,33.17],[130.14,33.11],[130.37,32.79],[130.34,32.66],[130.09,32.78],[129.86,32.7],[129.69,32.84],[129.64,32.97],[129.82,32.98],[129.8,32.86],[129.97,32.86],[129.94,32.99],[129.57,33.21],[129.59,33.36],[129.83,33.29],[129.87,33.53],[130.03,33.45],[130.21,33.65],[130.28,33.58],[130.42,33.63],[130.45,33.8],[130.7,33.94],[130.98,33.88],[130.95,33.81],[131.1,33.61],[131.21,33.6]]],[[[129.27,34.1],[129.21,34.3],[129.35,34.28],[129.27,34.1]]],[[[134.22,34.34],[134.43,34.21],[134.58,34.22],[134.59,34.03],[134.74,33.82],[134.38,33.62],[134.25,33.45],[134.19,33.24],[133.92,33.47],[133.75,33.52],[133.58,33.49],[133.25,33.32],[133.24,33.2],[133.01,32.97],[133.01,32.77],[132.64,32.75],[132.65,32.91],[132.48,32.9],[132.46,33.02],[132.53,33.24],[132.38,33.31],[132.31,33.48],[132.64,33.67],[132.71,33.87],[132.9,34.11],[132.98,34.1],[133.15,33.91],[133.32,33.98],[133.52,33.96],[133.62,34.05],[133.68,34.22],[133.89,34.36],[134.22,34.34]]],[[[134.79,34.19],[134.67,34.3],[134.87,34.51],[134.94,34.26],[134.79,34.19]]],[[[129.37,34.31],[129.25,34.36],[129.33,34.63],[129.51,34.66],[129.37,34.31]]],[[[138.43,38.06],[138.51,37.92],[138.37,37.82],[138.24,38.08],[138.45,38.29],[138.49,38.19],[138.43,38.06]]],[[[141.34,41.34],[141.46,41.34],[141.4,41.14],[141.42,40.72],[141.48,40.55],[141.69,40.43],[141.82,40.27],[141.83,40.08],[141.94,39.99],[141.98,39.65],[142.07,39.55],[142.03,39.41],[141.91,39.33],[141.85,39.02],[141.64,38.99],[141.52,38.68],[141.55,38.51],[141.42,38.38],[141.26,38.4],[141.06,38.34],[140.95,38.15],[140.92,37.94],[141.02,37.73],[141.04,37.37],[140.97,36.98],[140.82,36.9],[140.64,36.53],[140.57,36.25],[140.59,36.1],[140.84,35.74],[140.63,35.65],[140.48,35.54],[140.4,35.39],[140.39,35.18],[139.87,35],[139.85,35.28],[140.1,35.54],[140.04,35.64],[139.78,35.63],[139.78,35.51],[139.65,35.46],[139.65,35.3],[139.28,35.29],[139.16,35.22],[139.09,35.06],[139.14,34.88],[138.98,34.67],[138.85,34.59],[138.75,34.68],[138.78,35],[138.71,35.12],[138.57,35.09],[138.33,34.86],[138.17,34.6],[137.98,34.65],[137.8,34.63],[137.59,34.67],[137.33,34.64],[137.28,34.8],[137.09,34.76],[136.82,34.89],[136.85,35.08],[136.67,34.99],[136.64,34.86],[136.52,34.7],[136.63,34.58],[136.92,34.43],[136.9,34.27],[136.67,34.3],[136.29,34.14],[136.27,33.97],[136.07,33.84],[135.95,33.58],[135.77,33.45],[135.46,33.54],[135.4,33.7],[135.06,33.88],[135.2,34.14],[135.1,34.25],[135.37,34.45],[135.46,34.57],[135.33,34.72],[135.16,34.64],[134.97,34.63],[134.65,34.78],[134.25,34.69],[133.94,34.45],[133.67,34.51],[133.19,34.28],[133.05,34.32],[132.82,34.31],[132.77,34.24],[132.55,34.19],[132.41,34.36],[132.22,34.24],[132.21,33.99],[132.05,33.9],[131.75,34.05],[131.17,33.93],[131.03,34.04],[130.89,33.93],[130.88,34.29],[130.97,34.43],[131.21,34.37],[131.41,34.42],[131.6,34.65],[131.85,34.7],[132.41,35.17],[132.64,35.29],[132.68,35.44],[132.96,35.49],[133.1,35.58],[133.42,35.45],[133.57,35.52],[133.81,35.49],[134.26,35.54],[134.51,35.65],[134.92,35.64],[135.22,35.76],[135.27,35.66],[135.45,35.59],[135.51,35.49],[135.71,35.48],[135.82,35.52],[136.1,35.76],[135.96,35.97],[136.13,36.2],[136.41,36.4],[136.65,36.66],[136.77,36.88],[136.68,37.18],[136.74,37.32],[137.25,37.52],[137.36,37.43],[136.87,37.07],[137.05,36.96],[136.99,36.85],[137.09,36.77],[137.3,36.75],[137.43,36.91],[137.94,37.07],[138.3,37.2],[138.58,37.4],[138.73,37.56],[138.83,37.79],[138.98,37.9],[139.24,37.99],[139.43,38.15],[139.45,38.35],[139.63,38.67],[139.75,38.77],[139.9,39.16],[140.02,39.38],[140.07,39.59],[140.02,39.83],[139.95,39.88],[139.75,39.86],[139.7,39.93],[139.91,40],[140.01,40.19],[140.01,40.35],[139.85,40.59],[140,40.73],[140.15,40.74],[140.28,40.83],[140.34,41.04],[140.33,41.21],[140.56,41.22],[140.65,41.16],[140.67,40.89],[140.82,40.83],[140.93,40.98],[141.18,40.89],[141.28,41.15],[141.23,41.23],[140.82,41.13],[140.76,41.17],[140.92,41.53],[141.34,41.34]]],[[[143.73,44.12],[144.17,44.11],[144.41,43.94],[144.79,43.92],[145.02,44.1],[145.38,44.27],[145.11,43.9],[145.07,43.75],[145.21,43.6],[145.31,43.28],[145.52,43.17],[145.14,43.13],[145,42.98],[144.49,42.93],[144.29,42.99],[143.89,42.85],[143.54,42.56],[143.33,42.29],[143.32,42.04],[143.24,41.92],[142.95,42.1],[142.49,42.26],[141.93,42.55],[141.62,42.61],[141.4,42.55],[140.99,42.3],[140.88,42.44],[140.69,42.58],[140.47,42.57],[140.34,42.45],[140.3,42.24],[140.54,42.11],[140.71,42.13],[140.97,41.91],[141.19,41.79],[140.98,41.71],[140.72,41.81],[140.46,41.68],[140.44,41.54],[140.2,41.4],[140.03,41.45],[139.98,41.59],[140.13,41.82],[140.14,41.98],[140.06,42.08],[139.79,42.24],[139.86,42.65],[140.04,42.68],[140.31,42.81],[140.53,43.01],[140.32,43.24],[140.48,43.37],[140.8,43.19],[141.21,43.14],[141.41,43.3],[141.44,43.38],[141.34,43.71],[141.57,43.86],[141.67,44.03],[141.66,44.3],[141.75,44.43],[141.79,44.71],[141.72,44.95],[141.58,45.24],[141.69,45.4],[141.97,45.49],[142.52,45.04],[142.61,44.9],[142.98,44.58],[143.37,44.34],[143.69,44.21],[143.73,44.12]]]]}},{"type":"Feature","properties":{"NAME":"India","ABBREVN":"India","SUBJECTO":"India","BORDERPRECISION":3,"PARTOF":"India","SHAPE_HASH":"f87265d6e9"},"geometry":{"type":"MultiPolygon","coordinates":[[[[93.9,6.81],[93.81,6.75],[93.76,6.92],[93.65,7.03],[93.67,7.18],[93.8,7.23],[93.87,7.18],[93.93,6.95],[93.9,6.81]]],[[[93.06,13.24],[93.05,13.07],[92.81,13.03],[92.84,13.33],[92.94,13.54],[93.06,13.55],[93.06,13.24]]],[[[91.05,22.09],[91.07,22.51],[91.18,22.29],[91.14,22.16],[91.05,22.09]]],[[[90.66,22.23],[90.68,22.39],[90.64,22.55],[90.56,22.61],[90.57,22.75],[90.86,22.49],[90.82,22.14],[90.67,21.99],[90.6,22.03],[90.66,22.23]]],[[[61.61,25.2],[61.64,25.3],[61.69,25.8],[61.78,25.84],[61.83,26.18],[61.87,26.24],[62.14,26.38],[62.27,26.36],[62.32,26.51],[62.44,26.57],[62.7,26.6],[62.77,26.65],[63.19,26.64],[63.25,27.08],[63.33,27.15],[63.2,27.27],[62.94,27.21],[62.78,27.27],[62.84,27.47],[62.82,27.76],[62.76,28],[62.78,28.26],[62.59,28.23],[62.4,28.42],[61.95,28.53],[61.65,28.79],[61.51,29.07],[61.43,29.15],[61.31,29.4],[60.87,29.86],[61.79,29.6],[62.48,29.41],[63.59,29.5],[64.06,29.41],[64.38,29.55],[64.66,29.59],[65.03,29.54],[66.26,29.85],[66.36,29.96],[66.24,30.07],[66.32,30.23],[66.35,30.44],[66.28,30.57],[66.4,30.94],[66.58,30.99],[66.72,31.21],[66.88,31.29],[67.06,31.24],[67.38,31.22],[67.79,31.34],[67.61,31.43],[67.86,31.63],[67.97,31.63],[68.16,31.83],[68.27,31.77],[68.58,31.82],[68.83,31.61],[69.02,31.65],[69.33,31.94],[69.27,32.17],[69.25,32.44],[69.46,32.67],[69.4,32.77],[69.51,32.87],[69.56,33.08],[69.87,33.09],[70.23,33.25],[70.31,33.38],[70.17,33.52],[70.13,33.73],[69.99,33.75],[69.87,33.94],[70,34.05],[70.48,33.94],[70.88,33.97],[71.08,34.06],[71.15,34.36],[71,34.47],[71.09,34.67],[71.5,34.96],[71.61,35.23],[71.55,35.32],[71.65,35.43],[71.44,35.87],[71.19,36.05],[71.25,36.13],[71.58,36.35],[71.75,36.42],[72.15,36.65],[72.17,36.71],[72.47,36.76],[72.58,36.83],[73.67,36.91],[73.84,36.9],[74.04,36.82],[74.42,37],[74.39,37.15],[74.53,37.24],[74.76,37.3],[74.92,37.24],[75.19,37.41],[75.37,37.46],[75.49,37.4],[75.66,37.25],[75.83,37.25],[76.01,37.37],[76.16,37.25],[76.16,37.05],[76.34,36.82],[76.66,36.78],[77.06,36.66],[77.34,36.64],[77.52,36.71],[77.72,36.7],[78.02,36.55],[78.07,36.41],[78.5,36.29],[78.71,36.21],[79.24,35.87],[79.7,35.86],[80.07,35.65],[80.16,35.44],[80.16,35.08],[79.9,34.81],[79.94,34.6],[79.83,34.48],[79.52,34.48],[79.49,34.17],[79,34.16],[78.77,34.11],[78.73,34.04],[78.81,33.84],[78.81,33.55],[78.99,33.32],[79.27,33.19],[79.38,33.1],[79.36,32.97],[79.53,32.76],[79.45,32.6],[79.3,32.5],[79.14,32.48],[79.08,32.38],[78.92,32.36],[78.77,32.49],[78.78,32.6],[78.5,32.58],[78.48,32.25],[78.77,31.97],[78.69,31.78],[78.84,31.61],[78.71,31.5],[78.77,31.31],[78.88,31.29],[79.08,31.44],[79.16,31.4],[79.31,31.13],[79.55,30.96],[79.75,30.99],[79.93,30.89],[80.19,30.8],[80.22,30.6],[80.52,30.48],[80.61,30.47],[80.81,30.32],[81.03,30.21],[80.87,30.14],[80.54,29.84],[80.38,29.74],[80.41,29.6],[80.24,29.42],[80.29,29.21],[80.07,28.95],[80.06,28.83],[80.25,28.75],[80.47,28.59],[80.54,28.69],[80.93,28.45],[81.19,28.37],[81.3,28.16],[81.9,27.85],[82.07,27.91],[82.41,27.69],[82.7,27.71],[82.77,27.5],[83.18,27.45],[83.34,27.34],[83.42,27.47],[83.61,27.47],[83.86,27.35],[84.15,27.51],[84.3,27.39],[84.6,27.34],[84.69,27.21],[84.66,27.04],[84.97,26.94],[85.22,26.76],[85.33,26.74],[85.63,26.87],[85.73,26.79],[85.73,26.67],[85.86,26.57],[86.03,26.66],[86.2,26.59],[86.33,26.61],[86.73,26.42],[86.95,26.53],[87.27,26.38],[87.49,26.43],[87.65,26.4],[87.89,26.47],[88.02,26.37],[88.19,26.76],[88.12,26.98],[87.99,27.11],[88.05,27.5],[88.19,27.78],[88.13,27.88],[88.14,27.95],[88.39,27.98],[88.62,28.12],[88.84,28.01],[88.88,27.84],[88.76,27.54],[88.78,27.44],[88.92,27.32],[88.76,27.18],[88.89,26.98],[89.22,26.81],[89.36,26.86],[89.77,26.7],[90.08,26.74],[90.22,26.85],[90.36,26.9],[90.69,26.77],[91.38,26.8],[91.72,26.8],[91.84,26.86],[92.03,26.85],[92.11,26.93],[92.02,27.17],[92.11,27.29],[91.99,27.48],[91.77,27.43],[91.63,27.54],[91.6,27.66],[91.66,27.77],[91.88,27.73],[92.12,27.81],[92.45,27.83],[92.72,27.98],[92.68,28.08],[92.83,28.21],[93.05,28.31],[93.22,28.32],[93.22,28.42],[93.35,28.62],[93.5,28.68],[93.65,28.65],[93.96,28.67],[94.02,28.84],[94.15,28.93],[94.23,29.07],[94.43,29.22],[94.54,29.21],[94.7,29.34],[94.86,29.17],[95.39,29.04],[95.54,29.19],[95.79,29.34],[96.08,29.46],[96.23,29.26],[96.15,29.06],[96.25,28.94],[96.35,29.03],[96.48,28.97],[96.62,28.76],[96.34,28.53],[96.36,28.39],[96.6,28.47],[96.78,28.38],[96.98,28.33],[97.15,28.37],[97.35,28.22],[97.32,28.09],[97.36,27.94],[97.05,27.75],[96.89,27.6],[96.9,27.46],[97.16,27.13],[97.06,27.09],[96.91,27.17],[96.82,27.32],[96.62,27.37],[96.5,27.3],[96.19,27.27],[96.01,27.17],[95.91,27.03],[95.81,27],[95.45,26.71],[95.14,26.62],[95.07,26.48],[95.07,26.31],[95.18,26.07],[95.07,25.95],[95,25.73],[94.89,25.58],[94.63,25.4],[94.58,25.21],[94.73,25.12],[94.74,25.03],[94.6,24.73],[94.47,24.58],[94.31,24.29],[94.14,23.85],[93.91,23.96],[93.63,24.02],[93.47,23.97],[93.38,23.85],[93.43,23.6],[93.37,23.36],[93.39,23.23],[93.31,23.02],[93.14,23.05],[93.09,22.71],[93.2,22.26],[93.05,22.2],[92.99,22.05],[92.89,22.01],[92.71,22.15],[92.6,21.98],[92.62,21.47],[92.67,21.3],[92.38,21.47],[92.26,21.41],[92.2,21.3],[92.26,21.05],[92.21,20.93],[92.05,21.17],[92.05,21.25],[91.96,21.45],[91.98,21.65],[91.85,22.11],[91.7,22.48],[91.46,22.79],[91.25,22.65],[91.23,22.59],[90.97,22.57],[90.78,22.76],[90.72,22.92],[90.6,23.12],[90.45,23.07],[90.48,22.96],[90.42,22.77],[90.58,22.53],[90.6,22.27],[90.44,22.07],[90.34,22.05],[90.27,21.85],[90.2,21.8],[90.02,21.86],[90.05,21.98],[89.58,21.7],[89.52,21.8],[89.6,22.08],[89.49,22.03],[89.52,21.91],[89.46,21.77],[89.21,21.65],[89.19,21.79],[89.01,21.6],[88.85,21.63],[88.71,21.56],[88.68,21.93],[88.56,21.82],[88.63,21.72],[88.54,21.53],[88.18,21.68],[88.21,21.79],[88.08,22.02],[87.97,21.83],[87.68,21.65],[87.21,21.55],[87.07,21.48],[86.88,21.28],[86.83,21.15],[87.03,20.67],[86.73,20.45],[86.8,20.38],[86.65,20.24],[86.49,20.18],[86.42,19.98],[86.27,19.91],[85.63,19.73],[85.46,19.9],[85.24,19.74],[85.29,19.55],[84.88,19.23],[84.68,18.94],[84.08,18.27],[83.77,18.14],[83.58,18.02],[83.23,17.59],[82.48,17.2],[82.3,17.02],[82.25,16.91],[82.37,16.83],[82.3,16.58],[81.99,16.41],[81.72,16.31],[81.43,16.37],[81.25,16.31],[81.15,15.97],[81,15.84],[80.68,15.9],[80.56,15.88],[80.26,15.68],[80.09,15.32],[80.05,15.06],[80.11,14.76],[80.19,14.56],[80.13,14.2],[80.15,14.04],[80.25,13.8],[80.05,13.62],[80.12,13.5],[80.26,13.47],[80.35,13.34],[80.26,12.95],[80.26,12.77],[80.16,12.47],[79.87,12.03],[79.75,11.55],[79.83,11.34],[79.86,10.29],[79.71,10.27],[79.39,10.32],[79.24,10.18],[79.25,10.02],[78.94,9.6],[78.91,9.47],[79.01,9.33],[78.88,9.25],[78.43,9.11],[78.23,8.96],[78.18,8.86],[78.13,8.48],[78.06,8.37],[77.79,8.2],[77.61,8.14],[77.54,8.07],[77.3,8.13],[77,8.37],[76.58,8.88],[76.38,9.28],[76.31,9.5],[76.42,9.6],[76.4,9.82],[76.28,9.97],[76.16,10.19],[75.92,10.76],[75.86,10.98],[75.68,11.44],[75.62,11.47],[75.53,11.7],[75.27,12.01],[75.19,12.01],[75.13,12.21],[74.82,12.86],[74.68,13.52],[74.62,13.83],[74.5,14.05],[74.38,14.45],[74.3,14.52],[74.27,14.68],[74.1,14.79],[74.1,14.87],[73.96,15.07],[73.91,15.3],[73.79,15.4],[73.68,15.71],[73.59,15.9],[73.45,16.06],[73.33,16.49],[73.25,17],[73.27,17.08],[73.1,17.79],[73.01,17.99],[72.97,18.3],[72.89,18.42],[72.85,18.66],[72.91,18.92],[72.82,18.91],[72.82,19.17],[72.77,19.23],[72.67,19.92],[72.75,20.29],[72.88,20.51],[72.93,20.75],[72.85,20.84],[72.85,21.07],[72.63,21.13],[72.56,21.38],[72.63,21.49],[72.82,21.63],[72.74,21.69],[72.55,21.66],[72.57,21.85],[72.5,21.97],[72.56,22.18],[72.75,22.17],[72.79,22.26],[72.58,22.29],[72.47,22.23],[72.38,22.3],[72.27,22.02],[72.15,21.93],[72.17,21.79],[72.29,21.61],[72.25,21.48],[72.1,21.31],[72.11,21.2],[72,21.13],[71.57,20.97],[71.48,20.89],[70.96,20.7],[70.83,20.7],[70.52,20.81],[70.27,20.97],[70.02,21.19],[69.79,21.47],[69.23,21.95],[68.96,22.25],[68.94,22.33],[69.07,22.48],[69.17,22.31],[69.29,22.28],[69.87,22.47],[70.04,22.56],[70.18,22.57],[70.39,22.94],[70.23,22.96],[69.84,22.86],[69.68,22.75],[69.22,22.84],[68.66,23.15],[68.33,23.58],[67.84,23.81],[67.71,23.79],[67.5,23.89],[67.46,24.07],[67.3,24.18],[67.27,24.43],[67.15,24.61],[67.24,24.77],[66.86,24.85],[66.65,24.83],[66.74,25.17],[66.5,25.4],[66.28,25.44],[65.93,25.41],[65.66,25.34],[65.47,25.38],[65.24,25.37],[65.17,25.3],[64.79,25.32],[64.6,25.25],[64.39,25.27],[63.75,25.39],[63.57,25.36],[63.43,25.22],[63.16,25.26],[62.99,25.22],[62.74,25.26],[62.48,25.25],[62.32,25.17],[62.11,25.2],[61.84,25.04],[61.78,25.17],[61.61,25.2]]],[[[92.76,12.06],[92.79,11.92],[92.76,11.62],[92.62,11.6],[92.53,11.86],[92.76,12.06]]],[[[92.5,10.52],[92.36,10.54],[92.35,10.78],[92.5,10.9],[92.58,10.69],[92.5,10.52]]],[[[92.88,12.89],[92.96,12.86],[92.99,12.53],[92.89,12.32],[92.74,12.31],[92.71,12.42],[92.74,12.82],[92.88,12.89]]]]}},{"type":"Feature","properties":{"NAME":"Bhutan","ABBREVN":"Bhutan","SUBJECTO":"Bhutan","BORDERPRECISION":3,"PARTOF":"Bhutan","SHAPE_HASH":"7fe7add9a1"},"geometry":{"type":"Polygon","coordinates":[[[88.92,27.32],[88.97,27.47],[89.13,27.57],[89.24,27.81],[89.36,27.87],[89.49,28.06],[89.63,28.16],[89.79,28.19],[90,28.32],[90.39,28.24],[90.38,28.08],[90.92,28.05],[91.13,27.98],[91.3,28.08],[91.45,28],[91.68,27.93],[91.66,27.77],[91.6,27.66],[91.63,27.54],[91.77,27.43],[91.99,27.48],[92.11,27.29],[92.02,27.17],[92.11,26.93],[92.03,26.85],[91.84,26.86],[91.72,26.8],[91.38,26.8],[90.69,26.77],[90.36,26.9],[90.22,26.85],[90.08,26.74],[89.77,26.7],[89.36,26.86],[89.22,26.81],[88.89,26.98],[88.76,27.18],[88.92,27.32]]]}},{"type":"Feature","properties":{"NAME":"Myanmar","ABBREVN":"Myanmar","SUBJECTO":"Myanmar","BORDERPRECISION":3,"PARTOF":"Myanmar","SHAPE_HASH":"0e6c28dfe1"},"geometry":{"type":"MultiPolygon","coordinates":[[[[93.71,18.87],[93.76,18.74],[93.64,18.68],[93.49,18.87],[93.71,18.87]]],[[[97.57,16.24],[97.47,16.32],[97.45,16.45],[97.62,16.45],[97.57,16.24]]],[[[97.91,28.37],[98.14,28.15],[98.15,28.01],[98.32,27.54],[98.46,27.67],[98.65,27.61],[98.74,27.32],[98.69,27.21],[98.78,26.79],[98.78,26.61],[98.71,26.13],[98.58,26.13],[98.61,25.99],[98.38,25.59],[98.19,25.62],[98.14,25.41],[97.94,25.22],[97.83,25.25],[97.73,25.06],[97.74,24.92],[97.55,24.74],[97.54,24.48],[97.67,24.44],[97.76,24.26],[97.73,24.12],[97.54,23.95],[97.65,23.86],[98.05,24.08],[98.45,24.13],[98.59,24.1],[98.86,24.13],[98.68,23.97],[98.69,23.82],[98.82,23.76],[98.81,23.54],[98.92,23.41],[98.93,23.19],[99.1,23.1],[99.36,23.13],[99.51,23.08],[99.56,22.94],[99.44,22.87],[99.34,22.71],[99.38,22.51],[99.29,22.4],[99.17,22.16],[99.37,22.09],[99.47,22.14],[99.69,22.08],[99.96,22.05],[99.94,21.82],[100,21.7],[100.14,21.64],[100.12,21.51],[100.21,21.44],[100.37,21.54],[100.57,21.45],[100.72,21.51],[100.84,21.65],[101.1,21.77],[101.15,21.57],[101.1,21.47],[100.86,21.32],[100.73,21.31],[100.62,21.05],[100.55,21.03],[100.53,20.8],[100.37,20.83],[100.17,20.63],[100.09,20.35],[99.96,20.45],[99.82,20.34],[99.67,20.31],[99.45,20.1],[99.08,20.1],[99,19.78],[98.84,19.82],[98.48,19.69],[98.24,19.69],[98.05,19.8],[98.04,19.65],[97.91,19.57],[97.79,19.4],[97.83,19.1],[97.68,18.93],[97.75,18.87],[97.78,18.57],[97.45,18.5],[97.45,18.34],[97.62,18.23],[97.75,17.97],[97.69,17.87],[97.78,17.7],[97.97,17.53],[98.12,17.31],[98.37,17.05],[98.46,17.02],[98.55,16.85],[98.48,16.74],[98.66,16.46],[98.71,16.28],[98.86,16.44],[98.92,16.26],[98.86,16.14],[98.68,16.12],[98.63,16.05],[98.57,15.72],[98.58,15.36],[98.23,15.22],[98.2,15.08],[98.26,14.81],[98.47,14.58],[98.61,14.32],[98.97,14.08],[99.17,13.73],[99.22,13.41],[99.21,13.21],[99.11,13.06],[99.24,12.73],[99.44,12.57],[99.45,12.33],[99.57,12.14],[99.58,11.88],[99.66,11.83],[99.56,11.63],[99.47,11.57],[99.32,11.28],[99.17,11.04],[99.05,10.96],[98.78,10.68],[98.82,10.52],[98.74,10.35],[98.55,9.99],[98.51,10.16],[98.53,10.35],[98.46,10.67],[98.56,10.73],[98.72,10.96],[98.7,11.14],[98.76,11.27],[98.7,11.38],[98.75,11.67],[98.61,11.72],[98.61,11.8],[98.72,11.96],[98.65,12.17],[98.68,12.32],[98.6,12.42],[98.68,12.69],[98.59,12.92],[98.58,13.18],[98.47,13.28],[98.43,13.48],[98.29,13.68],[98.2,13.66],[98.08,13.76],[98.1,13.91],[98.09,14.18],[97.98,14.36],[97.8,14.88],[97.81,15.1],[97.74,15.25],[97.78,15.43],[97.69,15.91],[97.59,16],[97.65,16.28],[97.64,16.49],[97.58,16.53],[97.36,16.53],[97.2,16.84],[97.15,17.12],[97.06,17.25],[96.89,17.38],[96.84,17.19],[96.91,17.04],[96.8,16.73],[96.6,16.54],[96.38,16.5],[96.27,16.39],[96.08,16.35],[95.97,16.22],[95.89,16.24],[95.75,16.14],[95.68,15.98],[95.52,15.8],[95.39,15.71],[95.29,15.73],[95.29,15.89],[94.96,15.75],[94.85,15.78],[94.56,15.96],[94.65,16.06],[94.69,16.19],[94.64,16.34],[94.52,16.25],[94.43,16.07],[94.25,15.96],[94.2,16.03],[94.23,16.35],[94.35,16.55],[94.53,17.17],[94.57,17.5],[94.61,17.55],[94.49,17.83],[94.49,18.06],[94.38,18.36],[94.25,18.53],[94.24,18.74],[94.14,18.86],[94.04,18.85],[94.06,19.05],[93.87,19.26],[93.98,19.36],[93.99,19.46],[93.91,19.48],[93.73,19.62],[93.56,19.89],[93.37,20.04],[93.16,20.05],[93.1,19.95],[92.98,20.07],[92.77,20.2],[92.89,20.32],[92.8,20.49],[92.62,20.46],[92.5,20.62],[92.38,20.7],[92.26,21.05],[92.2,21.3],[92.26,21.41],[92.38,21.47],[92.67,21.3],[92.62,21.47],[92.6,21.98],[92.71,22.15],[92.89,22.01],[92.99,22.05],[93.05,22.2],[93.2,22.26],[93.09,22.71],[93.14,23.05],[93.31,23.02],[93.39,23.23],[93.37,23.36],[93.43,23.6],[93.38,23.85],[93.47,23.97],[93.63,24.02],[93.91,23.96],[94.14,23.85],[94.31,24.29],[94.47,24.58],[94.6,24.73],[94.74,25.03],[94.73,25.12],[94.58,25.21],[94.63,25.4],[94.89,25.58],[95,25.73],[95.07,25.95],[95.18,26.07],[95.07,26.31],[95.07,26.48],[95.14,26.62],[95.45,26.71],[95.81,27],[95.91,27.03],[96.01,27.17],[96.19,27.27],[96.5,27.3],[96.62,27.37],[96.82,27.32],[96.91,27.17],[97.06,27.09],[97.16,27.13],[96.9,27.46],[96.89,27.6],[97.05,27.75],[97.36,27.94],[97.32,28.09],[97.35,28.22],[97.47,28.3],[97.56,28.55],[97.71,28.52],[97.8,28.35],[97.91,28.37]]],[[[94.66,16.13],[94.58,16.01],[94.42,15.87],[94.38,15.98],[94.6,16.22],[94.66,16.13]]],[[[93.95,19.08],[93.94,18.86],[93.7,19.01],[93.48,19.36],[93.61,19.4],[93.67,19.3],[93.87,19.25],[93.95,19.08]]],[[[93.86,19.28],[93.79,19.27],[93.64,19.48],[93.74,19.55],[93.96,19.42],[93.96,19.36],[93.86,19.28]]],[[[98.5,11.57],[98.43,11.56],[98.38,11.79],[98.55,11.78],[98.5,11.57]]],[[[98.4,12.37],[98.33,12.41],[98.3,12.63],[98.46,12.58],[98.4,12.37]]]]}},{"type":"Feature","properties":{"NAME":"Sri Lanka","ABBREVN":"Sri Lanka","SUBJECTO":"Sri Lanka","BORDERPRECISION":3,"PARTOF":"Sri Lanka","SHAPE_HASH":"f347c878fd"},"geometry":{"type":"Polygon","coordinates":[[[80.14,9.79],[80.25,9.82],[80.4,9.63],[80.67,9.43],[80.85,9.22],[80.97,8.95],[81.03,8.92],[81.23,8.66],[81.14,8.49],[81.36,8.49],[81.42,8.2],[81.39,8.15],[81.52,8],[81.61,7.82],[81.7,7.75],[81.77,7.57],[81.77,7.46],[81.86,7.41],[81.89,7.01],[81.78,6.62],[81.66,6.44],[81.32,6.2],[80.83,6.04],[80.59,5.92],[80.18,6.03],[80.05,6.24],[79.97,6.53],[79.86,6.8],[79.86,6.98],[79.78,7.75],[79.71,8],[79.8,7.98],[79.81,8.25],[79.87,8.54],[79.94,8.63],[79.92,8.94],[80.04,9.01],[80.12,9.25],[80.09,9.41],[80.38,9.53],[80.18,9.65],[80.12,9.6],[79.94,9.7],[80.02,9.82],[80.14,9.79]]]}},{"type":"Feature","properties":{"NAME":"Maldives","ABBREVN":"Maldives","SUBJECTO":"Maldives","BORDERPRECISION":3,"PARTOF":"Maldives","SHAPE_HASH":"fa632399af"},"geometry":{"type":"Polygon","coordinates":[[[73.16,6.77],[73.14,6.73],[73.13,6.73],[73.16,6.77]]]}},{"type":"Feature","properties":{"NAME":"Nepal","ABBREVN":"Nepal","SUBJECTO":"Nepal","BORDERPRECISION":3,"PARTOF":"Nepal","SHAPE_HASH":"646dacd6e3"},"geometry":{"type":"Polygon","coordinates":[[[81.03,30.21],[81.12,30.02],[81.23,30.01],[81.38,30.17],[81.41,30.38],[81.55,30.33],[81.63,30.42],[82.11,30.33],[82.15,30.12],[82.42,30.01],[82.87,29.67],[83.19,29.63],[83.38,29.47],[83.55,29.19],[83.67,29.16],[83.75,29.24],[83.98,29.3],[84.18,29.21],[84.24,28.92],[84.41,28.85],[84.49,28.73],[84.64,28.7],[84.7,28.61],[84.95,28.54],[85.05,28.63],[85.2,28.59],[85.11,28.31],[85.4,28.27],[85.44,28.3],[85.72,28.28],[85.89,28.15],[85.98,27.91],[86.14,27.94],[86.1,28.09],[86.45,27.91],[86.54,27.96],[86.59,28.11],[86.95,27.95],[87.03,27.96],[87.14,27.84],[87.78,27.83],[87.87,27.92],[88.13,27.88],[88.19,27.78],[88.05,27.5],[87.99,27.11],[88.12,26.98],[88.19,26.76],[88.02,26.37],[87.89,26.47],[87.65,26.4],[87.49,26.43],[87.27,26.38],[86.95,26.53],[86.73,26.42],[86.33,26.61],[86.2,26.59],[86.03,26.66],[85.86,26.57],[85.73,26.67],[85.73,26.79],[85.63,26.87],[85.33,26.74],[85.22,26.76],[84.97,26.94],[84.66,27.04],[84.69,27.21],[84.6,27.34],[84.3,27.39],[84.15,27.51],[83.86,27.35],[83.61,27.47],[83.42,27.47],[83.34,27.34],[83.18,27.45],[82.77,27.5],[82.7,27.71],[82.41,27.69],[82.07,27.91],[81.9,27.85],[81.3,28.16],[81.19,28.37],[80.93,28.45],[80.54,28.69],[80.47,28.59],[80.25,28.75],[80.06,28.83],[80.07,28.95],[80.29,29.21],[80.24,29.42],[80.41,29.6],[80.38,29.74],[80.54,29.84],[80.87,30.14],[81.03,30.21]]]}},{"type":"Feature","properties":{"NAME":"Thailand","ABBREVN":"Thailand","SUBJECTO":"Thailand","BORDERPRECISION":3,"PARTOF":"Thailand","SHAPE_HASH":"496bcf47cf"},"geometry":{"type":"MultiPolygon","coordinates":[[[[102.3,12.14],[102.45,11.97],[102.29,11.97],[102.3,12.14]]],[[[102.77,12.03],[102.9,11.78],[102.91,11.74],[102.8,11.87],[102.77,12.03]]],[[[98.74,10.35],[98.82,10.52],[98.78,10.68],[99.05,10.96],[99.17,11.04],[99.32,11.28],[99.47,11.57],[99.56,11.63],[99.66,11.83],[99.58,11.88],[99.57,12.14],[99.45,12.33],[99.44,12.57],[99.24,12.73],[99.11,13.06],[99.21,13.21],[99.22,13.41],[99.17,13.73],[98.97,14.08],[98.61,14.32],[98.47,14.58],[98.26,14.81],[98.2,15.08],[98.23,15.22],[98.58,15.36],[98.57,15.72],[98.63,16.05],[98.68,16.12],[98.86,16.14],[98.92,16.26],[98.86,16.44],[98.71,16.28],[98.66,16.46],[98.48,16.74],[98.55,16.85],[98.46,17.02],[98.37,17.05],[98.12,17.31],[97.97,17.53],[97.78,17.7],[97.69,17.87],[97.75,17.97],[97.62,18.23],[97.45,18.34],[97.45,18.5],[97.78,18.57],[97.75,18.87],[97.68,18.93],[97.83,19.1],[97.79,19.4],[97.91,19.57],[98.04,19.65],[98.05,19.8],[98.24,19.69],[98.48,19.69],[98.84,19.82],[99,19.78],[99.08,20.1],[99.45,20.1],[99.67,20.31],[99.82,20.34],[99.96,20.45],[100.09,20.35],[100.26,20.39],[100.38,20.34],[100.42,20.24],[100.57,20.09],[100.51,19.88],[100.41,19.77],[100.49,19.54],[100.64,19.55],[100.77,19.49],[100.91,19.62],[101.28,19.57],[101.2,19.35],[101.29,19.11],[101.35,19.04],[101.25,18.89],[101.27,18.68],[101.06,18.44],[101.15,18.35],[101.17,18.09],[101.03,17.9],[100.92,17.57],[101.16,17.46],[101.31,17.62],[101.58,17.8],[101.78,18.06],[101.91,18.04],[102.05,18.19],[102.18,18.19],[102.3,18.05],[102.6,17.95],[102.68,17.82],[102.86,17.97],[103.07,18.03],[103.07,18.12],[103.26,18.27],[103.3,18.42],[103.51,18.42],[103.84,18.31],[103.98,18.33],[104.1,18.11],[104.22,17.99],[104.46,17.65],[104.72,17.5],[104.79,17.41],[104.81,17.24],[104.74,16.97],[104.77,16.69],[104.75,16.52],[105.02,16.23],[105.08,16.1],[105.31,16.04],[105.44,15.76],[105.64,15.67],[105.6,15.43],[105.54,15.4],[105.47,15.11],[105.59,15],[105.52,14.82],[105.54,14.56],[105.44,14.45],[105.22,14.35],[105.15,14.25],[105.04,14.24],[105,14.37],[104.81,14.45],[104.64,14.43],[104.48,14.36],[104.28,14.41],[103.92,14.34],[103.66,14.45],[103.47,14.37],[103.14,14.32],[102.95,14.19],[102.9,14.04],[102.81,13.96],[102.72,13.77],[102.57,13.68],[102.54,13.57],[102.38,13.57],[102.35,13.28],[102.49,12.98],[102.53,12.8],[102.5,12.68],[102.78,12.45],[102.72,12.17],[102.77,12.03],[102.64,12.18],[102.52,12.12],[102.34,12.2],[102.07,12.49],[101.95,12.53],[101.76,12.71],[101.65,12.65],[101.38,12.61],[101.08,12.67],[100.93,12.61],[100.84,12.7],[100.92,12.98],[100.91,13.29],[100.98,13.46],[100.58,13.52],[100.22,13.47],[100.06,13.42],[99.96,13.29],[100.1,13.04],[99.97,12.74],[99.97,12.46],[100.02,12.19],[99.87,11.98],[99.82,11.78],[99.64,11.51],[99.49,11.12],[99.5,10.93],[99.24,10.52],[99.15,10.31],[99.19,10.2],[99.15,10.08],[99.18,9.64],[99.3,9.39],[99.27,9.22],[99.45,9.19],[99.71,9.32],[99.85,9.3],[99.92,8.97],[99.95,8.65],[100.1,8.41],[100.22,8.45],[100.42,7.54],[100.52,7.29],[100.44,7.29],[100.38,7.55],[100.29,7.78],[100.15,7.73],[100.18,7.52],[100.27,7.38],[100.38,7.31],[100.42,7.16],[100.65,7.15],[100.78,6.97],[101.03,6.85],[101.36,6.88],[101.55,6.85],[101.79,6.48],[102.1,6.24],[102.09,6.15],[101.95,5.98],[101.94,5.87],[101.83,5.74],[101.7,5.76],[101.57,5.92],[101.31,5.81],[101.14,5.63],[101,5.78],[101.12,5.99],[101.11,6.25],[100.85,6.24],[100.83,6.43],[100.75,6.5],[100.66,6.45],[100.44,6.52],[100.21,6.71],[100.13,6.42],[99.93,6.69],[99.68,6.88],[99.69,7.11],[99.39,7.3],[99.26,7.66],[99.13,7.73],[99.04,7.71],[99.04,7.9],[98.88,8.01],[98.77,8.02],[98.74,8.22],[98.62,8.38],[98.44,8.3],[98.39,8.14],[98.27,8.27],[98.19,8.55],[98.26,8.85],[98.34,9.01],[98.33,9.21],[98.45,9.55],[98.56,9.73],[98.55,9.88],[98.7,10.17],[98.74,10.35]]],[[[98.29,7.78],[98.28,8.18],[98.4,8.08],[98.44,7.87],[98.29,7.78]]]]}},{"type":"Feature","properties":{"NAME":"Cambodia","ABBREVN":"Cambodia","SUBJECTO":"Cambodia","BORDERPRECISION":3,"PARTOF":"Cambodia","SHAPE_HASH":"44ef60d8c8"},"geometry":{"type":"Polygon","coordinates":[[[102.9,11.78],[102.77,12.03],[102.72,12.17],[102.78,12.45],[102.5,12.68],[102.53,12.8],[102.49,12.98],[102.35,13.28],[102.38,13.57],[102.54,13.57],[102.57,13.68],[102.72,13.77],[102.81,13.96],[102.9,14.04],[102.95,14.19],[103.14,14.32],[103.47,14.37],[103.66,14.45],[103.92,14.34],[104.28,14.41],[104.48,14.36],[104.64,14.43],[104.81,14.45],[105,14.37],[105.04,14.24],[105.15,14.25],[105.22,14.35],[105.28,14.18],[105.37,14.11],[105.56,14.17],[105.73,14.11],[105.91,13.93],[106.11,13.95],[106.17,14.08],[106.03,14.24],[106,14.37],[106.22,14.38],[106.25,14.49],[106.41,14.46],[106.53,14.6],[106.63,14.47],[106.85,14.3],[107.12,14.4],[107.35,14.6],[107.55,14.71],[107.53,14.55],[107.41,14.42],[107.34,14.13],[107.37,14.02],[107.47,13.93],[107.46,13.79],[107.63,13.54],[107.63,13.37],[107.48,13.02],[107.56,12.81],[107.6,12.55],[107.55,12.36],[107.43,12.25],[107.35,12.33],[107.16,12.27],[107.05,12.14],[106.91,12.06],[106.79,12.07],[106.7,11.96],[106.45,11.98],[106.46,11.67],[106.04,11.78],[105.96,11.65],[105.85,11.66],[105.9,11.44],[105.87,11.3],[105.95,11.2],[106.19,11.05],[106.15,10.97],[106.2,10.77],[105.86,10.92],[105.77,11.02],[105.53,10.95],[105.43,10.97],[105.29,10.88],[105.1,10.95],[105.04,10.88],[105.09,10.71],[104.85,10.52],[104.59,10.53],[104.45,10.42],[104.25,10.57],[104.09,10.55],[103.93,10.59],[103.74,10.5],[103.63,10.49],[103.52,10.6],[103.56,10.71],[103.72,10.84],[103.67,11.03],[103.56,11.16],[103.45,11.1],[103.35,10.88],[103.17,10.87],[103.1,10.93],[103.1,11.35],[102.99,11.7],[102.9,11.78]]]}},{"type":"Feature","properties":{"NAME":"Laos","ABBREVN":"Laos","SUBJECTO":"Laos","BORDERPRECISION":3,"PARTOF":"Laos","SHAPE_HASH":"38975e7644"},"geometry":{"type":"Polygon","coordinates":[[[101.15,21.57],[101.26,21.37],[101.29,21.18],[101.57,21.25],[101.79,21.14],[101.85,21.22],[101.74,21.31],[101.78,21.65],[101.77,21.83],[101.63,21.97],[101.57,22.21],[101.77,22.5],[102.15,22.39],[102.18,22.3],[102.42,22.12],[102.5,21.97],[102.65,21.85],[102.68,21.66],[102.97,21.75],[102.99,21.57],[102.89,21.47],[102.89,21.25],[103.18,20.84],[103.61,20.74],[103.74,20.67],[103.86,20.85],[104.1,20.98],[104.33,20.88],[104.41,20.78],[104.64,20.65],[104.42,20.42],[104.62,20.42],[104.71,20.31],[104.94,20.18],[104.98,20],[104.79,19.89],[104.64,19.62],[104.52,19.61],[104.25,19.7],[104.09,19.66],[104.1,19.48],[103.88,19.31],[104.17,19.19],[104.53,18.97],[104.74,18.8],[105.11,18.7],[105.19,18.64],[105.11,18.44],[105.33,18.19],[105.5,18.17],[105.63,17.99],[105.75,17.67],[105.83,17.64],[106.04,17.41],[106.34,17.17],[106.44,16.99],[106.56,16.89],[106.56,16.68],[106.68,16.46],[106.76,16.42],[106.9,16.52],[106.98,16.34],[107.15,16.26],[107.19,16.16],[107.34,16.06],[107.4,15.92],[107.2,15.86],[107.18,15.77],[107.42,15.5],[107.52,15.47],[107.7,15.27],[107.62,15.06],[107.47,15.03],[107.54,14.92],[107.55,14.71],[107.35,14.6],[107.12,14.4],[106.85,14.3],[106.63,14.47],[106.53,14.6],[106.41,14.46],[106.25,14.49],[106.22,14.38],[106,14.37],[106.03,14.24],[106.17,14.08],[106.11,13.95],[105.91,13.93],[105.73,14.11],[105.56,14.17],[105.37,14.11],[105.28,14.18],[105.22,14.35],[105.44,14.45],[105.54,14.56],[105.52,14.82],[105.59,15],[105.47,15.11],[105.54,15.4],[105.6,15.43],[105.64,15.67],[105.44,15.76],[105.31,16.04],[105.08,16.1],[105.02,16.23],[104.75,16.52],[104.77,16.69],[104.74,16.97],[104.81,17.24],[104.79,17.41],[104.72,17.5],[104.46,17.65],[104.22,17.99],[104.1,18.11],[103.98,18.33],[103.84,18.31],[103.51,18.42],[103.3,18.42],[103.26,18.27],[103.07,18.12],[103.07,18.03],[102.86,17.97],[102.68,17.82],[102.6,17.95],[102.3,18.05],[102.18,18.19],[102.05,18.19],[101.91,18.04],[101.78,18.06],[101.58,17.8],[101.31,17.62],[101.16,17.46],[100.92,17.57],[101.03,17.9],[101.17,18.09],[101.15,18.35],[101.06,18.44],[101.27,18.68],[101.25,18.89],[101.35,19.04],[101.29,19.11],[101.2,19.35],[101.28,19.57],[100.91,19.62],[100.77,19.49],[100.64,19.55],[100.49,19.54],[100.41,19.77],[100.51,19.88],[100.57,20.09],[100.42,20.24],[100.38,20.34],[100.26,20.39],[100.09,20.35],[100.17,20.63],[100.37,20.83],[100.53,20.8],[100.55,21.03],[100.62,21.05],[100.73,21.31],[100.86,21.32],[101.1,21.47],[101.15,21.57]]]}},{"type":"Feature","properties":{"NAME":"Vietnam","ABBREVN":"Vietnam","SUBJECTO":"Vietnam","BORDERPRECISION":3,"PARTOF":"Vietnam","SHAPE_HASH":"0651d73e0d"},"geometry":{"type":"MultiPolygon","coordinates":[[[[104.08,10.22],[103.95,10.24],[103.85,10.37],[104.01,10.44],[104.08,10.37],[104.08,10.22]]],[[[102.15,22.39],[102.39,22.61],[102.52,22.77],[102.87,22.59],[102.93,22.48],[103.06,22.44],[103.17,22.54],[103.33,22.79],[103.46,22.64],[103.65,22.78],[103.91,22.54],[104.01,22.52],[104.03,22.69],[104.11,22.8],[104.26,22.83],[104.37,22.69],[104.57,22.83],[104.73,22.82],[104.85,22.96],[104.82,23.1],[104.91,23.18],[105.36,23.32],[105.55,23.16],[105.57,23.06],[105.77,23.02],[105.88,22.91],[106.13,22.99],[106.34,22.85],[106.52,22.93],[106.7,22.87],[106.79,22.76],[106.72,22.63],[106.61,22.6],[106.55,22.46],[106.65,22.33],[106.69,22.03],[107.02,21.94],[107.02,21.82],[107.36,21.61],[107.53,21.59],[107.78,21.67],[107.99,21.54],[107.85,21.53],[107.59,21.29],[107.37,21.27],[107.35,21.01],[107.15,20.93],[106.98,20.95],[106.88,20.9],[106.79,21.03],[106.73,20.8],[106.78,20.7],[106.62,20.59],[106.57,20.29],[106.34,20.16],[106.21,20.01],[105.96,19.92],[105.81,19.6],[105.74,19.23],[105.61,19],[105.64,18.89],[105.76,18.77],[105.88,18.5],[106.11,18.27],[106.25,18.21],[106.51,17.96],[106.42,17.74],[106.49,17.69],[106.75,17.34],[107.12,17.08],[107.19,16.87],[107.47,16.69],[107.45,16.64],[107.7,16.51],[107.88,16.28],[107.97,16.33],[108.19,16.2],[108.14,16.13],[108.2,16],[108.31,15.95],[108.42,15.81],[108.62,15.48],[108.88,15.28],[108.93,15],[109.08,14.72],[109.08,14.55],[109.2,14.24],[109.21,14.12],[109.3,13.86],[109.22,13.82],[109.26,13.56],[109.23,13.41],[109.31,13.11],[109.46,12.9],[109.23,12.68],[109.21,12.1],[109.23,11.94],[109.12,11.85],[109.22,11.76],[109.13,11.57],[109.04,11.58],[109.02,11.36],[108.81,11.32],[108.66,11.19],[108.24,10.95],[108.08,10.88],[108,10.7],[107.88,10.72],[107.59,10.57],[107.52,10.5],[107.33,10.45],[106.96,10.51],[106.94,10.59],[106.76,10.68],[106.73,10.47],[106.79,10.16],[106.65,9.97],[106.58,9.66],[106.5,9.55],[106.4,9.53],[106.06,9.76],[106.21,9.5],[106.19,9.37],[105.53,9.13],[105.41,9],[105.31,8.78],[105.12,8.63],[104.86,8.56],[104.89,8.69],[104.8,8.79],[104.84,9.56],[104.9,9.81],[105.11,9.95],[104.98,10.1],[104.9,10.09],[104.72,10.23],[104.58,10.27],[104.45,10.42],[104.59,10.53],[104.85,10.52],[105.09,10.71],[105.04,10.88],[105.1,10.95],[105.29,10.88],[105.43,10.97],[105.53,10.95],[105.77,11.02],[105.86,10.92],[106.2,10.77],[106.15,10.97],[106.19,11.05],[105.95,11.2],[105.87,11.3],[105.9,11.44],[105.85,11.66],[105.96,11.65],[106.04,11.78],[106.46,11.67],[106.45,11.98],[106.7,11.96],[106.79,12.07],[106.91,12.06],[107.05,12.14],[107.16,12.27],[107.35,12.33],[107.43,12.25],[107.55,12.36],[107.6,12.55],[107.56,12.81],[107.48,13.02],[107.63,13.37],[107.63,13.54],[107.46,13.79],[107.47,13.93],[107.37,14.02],[107.34,14.13],[107.41,14.42],[107.53,14.55],[107.55,14.71],[107.54,14.92],[107.47,15.03],[107.62,15.06],[107.7,15.27],[107.52,15.47],[107.42,15.5],[107.18,15.77],[107.2,15.86],[107.4,15.92],[107.34,16.06],[107.19,16.16],[107.15,16.26],[106.98,16.34],[106.9,16.52],[106.76,16.42],[106.68,16.46],[106.56,16.68],[106.56,16.89],[106.44,16.99],[106.34,17.17],[106.04,17.41],[105.83,17.64],[105.75,17.67],[105.63,17.99],[105.5,18.17],[105.33,18.19],[105.11,18.44],[105.19,18.64],[105.11,18.7],[104.74,18.8],[104.53,18.97],[104.17,19.19],[103.88,19.31],[104.1,19.48],[104.09,19.66],[104.25,19.7],[104.52,19.61],[104.64,19.62],[104.79,19.89],[104.98,20],[104.94,20.18],[104.71,20.31],[104.62,20.42],[104.42,20.42],[104.64,20.65],[104.41,20.78],[104.33,20.88],[104.1,20.98],[103.86,20.85],[103.74,20.67],[103.61,20.74],[103.18,20.84],[102.89,21.25],[102.89,21.47],[102.99,21.57],[102.97,21.75],[102.68,21.66],[102.65,21.85],[102.5,21.97],[102.42,22.12],[102.18,22.3],[102.15,22.39]]]]}},{"type":"Feature","properties":{"NAME":"Federated Malay States","ABBREVN":"Federated Malay States","SUBJECTO":"Federated Malay States","BORDERPRECISION":3,"PARTOF":"Federated Malay States","SHAPE_HASH":"4bd28f2d3e"},"geometry":{"type":"Polygon","coordinates":[[[101,5.78],[101.14,5.63],[101.31,5.81],[101.57,5.92],[101.7,5.76],[101.7,5.56],[101.77,5.36],[101.6,5.32],[101.5,5.16],[101.39,4.62],[101.65,4.56],[101.94,4.64],[101.96,4.76],[102.14,4.71],[102.21,4.63],[102.37,4.7],[102.85,4.67],[102.87,4.48],[103.03,4.4],[102.94,4.27],[102.93,4.15],[103.25,4.02],[103.34,4.18],[103.45,4.19],[103.39,4.09],[103.41,3.96],[103.34,3.74],[103.48,3.5],[103.43,3.39],[103.45,3.18],[103.43,2.96],[103.52,2.78],[103.65,2.66],[103.59,2.49],[103.37,2.6],[103.17,2.53],[102.96,2.62],[102.81,2.81],[102.73,2.85],[102.59,2.43],[102.4,2.5],[102.21,2.51],[101.99,2.4],[101.85,2.47],[101.79,2.57],[101.55,2.66],[101.41,2.8],[101.29,2.84],[101.37,2.99],[101.3,3.25],[101.11,3.47],[101.03,3.63],[100.7,3.91],[100.7,3.98],[100.87,4.02],[100.62,4.16],[100.57,4.34],[100.61,4.8],[100.45,4.91],[100.4,5.12],[100.55,5.13],[100.61,5.11],[100.7,5.19],[100.76,5.3],[100.87,5.34],[100.96,5.54],[101,5.78]]]}},{"type":"Feature","properties":{"NAME":"Unfederated Malay States","ABBREVN":"Unfederated Malay States","SUBJECTO":"Unfederated Malay States","BORDERPRECISION":3,"PARTOF":"Unfederated Malay States","SHAPE_HASH":"8b44304fce"},"geometry":{"type":"MultiPolygon","coordinates":[[[[102.59,2.43],[102.73,2.85],[102.81,2.81],[102.96,2.62],[103.17,2.53],[103.37,2.6],[103.59,2.49],[103.65,2.66],[103.82,2.58],[103.9,2.39],[104.12,1.97],[104.25,1.63],[104.29,1.44],[104.21,1.34],[103.82,1.48],[103.68,1.45],[103.51,1.27],[103.37,1.53],[103.19,1.61],[102.83,1.85],[102.72,1.85],[102.49,2.09],[102.54,2.38],[102.59,2.43]]],[[[101.7,5.76],[101.83,5.74],[101.94,5.87],[101.95,5.98],[102.09,6.15],[102.1,6.24],[102.31,6.19],[102.41,6.07],[102.5,5.88],[102.84,5.59],[102.96,5.54],[103.12,5.38],[103.41,4.86],[103.49,4.31],[103.45,4.19],[103.34,4.18],[103.25,4.02],[102.93,4.15],[102.94,4.27],[103.03,4.4],[102.87,4.48],[102.85,4.67],[102.37,4.7],[102.21,4.63],[102.14,4.71],[101.96,4.76],[101.94,4.64],[101.65,4.56],[101.39,4.62],[101.5,5.16],[101.6,5.32],[101.77,5.36],[101.7,5.56],[101.7,5.76]]],[[[99.65,6.37],[99.79,6.41],[99.87,6.29],[99.74,6.25],[99.65,6.37]]],[[[100.13,6.42],[100.21,6.71],[100.44,6.52],[100.66,6.45],[100.75,6.5],[100.83,6.43],[100.85,6.24],[101.11,6.25],[101.12,5.99],[101,5.78],[100.96,5.54],[100.87,5.34],[100.76,5.3],[100.7,5.19],[100.61,5.11],[100.55,5.13],[100.59,5.14],[100.56,5.56],[100.35,5.58],[100.38,5.82],[100.34,6.03],[100.13,6.42]]]]}},{"type":"Feature","properties":{"NAME":"Sabah","ABBREVN":"Sabah","SUBJECTO":"Sabah","BORDERPRECISION":3,"PARTOF":"Sabah","SHAPE_HASH":"837a88a17b"},"geometry":{"type":"MultiPolygon","coordinates":[[[[117.69,4.17],[117.75,4.26],[117.9,4.17],[117.69,4.17]]],[[[117.59,4.17],[117.45,4.19],[117.25,4.36],[116.53,4.33],[116.15,4.36],[116.05,4.28],[115.88,4.36],[115.77,4.24],[115.78,4.34],[115.72,4.74],[115.66,4.93],[115.53,5.04],[115.57,5.18],[115.36,5.32],[115.38,5.4],[115.53,5.52],[115.83,5.54],[115.92,5.74],[116.04,5.83],[116.11,6.13],[116.33,6.36],[116.49,6.48],[116.64,6.69],[116.66,6.85],[116.76,7.02],[116.83,6.97],[116.86,6.77],[116.78,6.64],[116.86,6.6],[117.05,6.83],[117.09,6.99],[117.25,6.94],[117.3,6.63],[117.45,6.54],[117.68,6.49],[117.74,6.39],[117.73,6.26],[117.61,6.22],[117.68,6],[117.78,5.92],[118.01,6.06],[118.12,5.86],[117.93,5.81],[117.96,5.69],[118.13,5.69],[118.26,5.83],[118.47,5.76],[118.93,5.43],[119.19,5.44],[119.28,5.35],[119.22,5.14],[118.71,4.95],[118.55,4.96],[118.34,5.03],[118.21,4.96],[118.13,4.85],[118.28,4.68],[118.51,4.5],[118.54,4.35],[118.13,4.29],[118,4.22],[117.69,4.37],[117.59,4.17]]],[[[117.09,7.12],[117.07,7.28],[117.22,7.35],[117.25,7.18],[117.09,7.12]]]]}},{"type":"Feature","properties":{"NAME":"Sarawak","ABBREVN":"Sarawak","SUBJECTO":"Sarawak","BORDERPRECISION":3,"PARTOF":"Sarawak","SHAPE_HASH":"a1881bc87d"},"geometry":{"type":"MultiPolygon","coordinates":[[[[111.41,2.38],[111.3,2.46],[111.3,2.68],[111.38,2.68],[111.38,2.5],[111.41,2.38]]],[[[115.53,5.04],[115.66,4.93],[115.72,4.74],[115.78,4.34],[115.77,4.24],[115.69,4.17],[115.58,3.71],[115.63,3.46],[115.54,3.33],[115.49,3.03],[115.25,3.01],[115.12,2.85],[115.08,2.61],[115.23,2.51],[114.81,2.25],[114.78,2.16],[114.86,2.05],[114.86,1.92],[114.71,1.77],[114.58,1.45],[114.4,1.51],[114.23,1.44],[114.08,1.47],[113.93,1.44],[113.66,1.23],[113.46,1.29],[113.34,1.37],[113.13,1.43],[113.06,1.54],[112.88,1.59],[112.47,1.57],[112.2,1.45],[112.21,1.38],[112.13,1.15],[111.96,1.13],[111.8,0.99],[111.66,1.04],[111.4,1.01],[111.26,1.07],[110.91,1.02],[110.81,0.91],[110.55,0.86],[110.33,1],[110.19,1.18],[110,1.29],[109.93,1.41],[109.67,1.62],[109.67,1.71],[109.55,1.91],[109.65,2.07],[109.7,1.86],[109.98,1.68],[110.25,1.71],[110.34,1.8],[110.48,1.62],[110.73,1.54],[110.83,1.57],[110.98,1.5],[111.25,2.12],[111.17,2.15],[111.22,2.42],[111.37,2.34],[111.45,2.37],[111.4,2.48],[111.44,2.69],[111.66,2.85],[112.09,2.91],[112.69,3.05],[113.01,3.16],[113.52,3.81],[113.78,4.04],[113.93,4.24],[113.99,4.44],[113.99,4.6],[114.16,4.59],[114.31,4.43],[114.33,4.33],[114.64,4.02],[114.81,4.14],[114.87,4.36],[114.78,4.74],[115.02,4.9],[115.03,4.82],[115.03,4.66],[115.11,4.38],[115.32,4.32],[115.28,4.45],[115.28,4.61],[115.22,4.81],[115.15,4.9],[115.33,4.89],[115.53,5.04]]]]}},{"type":"Feature","properties":{"NAME":"Straits Settlements","ABBREVN":"Straits Settlements","SUBJECTO":"Straits Settlements","BORDERPRECISION":3,"PARTOF":"Straits Settlements","SHAPE_HASH":"0103c2bb7a"},"geometry":{"type":"MultiPolygon","coordinates":[[[[103.64,1.32],[103.8,1.45],[103.99,1.38],[103.84,1.26],[103.64,1.32]]],[[[101.99,2.4],[102.21,2.51],[102.4,2.5],[102.59,2.43],[102.54,2.38],[102.49,2.09],[102.19,2.21],[101.99,2.4]]],[[[100.3,5.45],[100.32,5.34],[100.2,5.27],[100.19,5.46],[100.3,5.45]]],[[[100.55,5.13],[100.4,5.12],[100.43,5.28],[100.35,5.58],[100.56,5.56],[100.59,5.14],[100.55,5.13]]]]}},{"type":"Feature","properties":{"NAME":"Brunei","ABBREVN":"Brunei","SUBJECTO":"Brunei","BORDERPRECISION":3,"PARTOF":"Brunei","SHAPE_HASH":"59f8681318"},"geometry":{"type":"MultiPolygon","coordinates":[[[[115.15,4.9],[115.22,4.81],[115.28,4.61],[115.28,4.45],[115.32,4.32],[115.11,4.38],[115.03,4.66],[115.03,4.82],[115.15,4.9]]],[[[115.02,4.9],[114.78,4.74],[114.87,4.36],[114.81,4.14],[114.64,4.02],[114.33,4.33],[114.31,4.43],[114.16,4.59],[114.3,4.6],[114.52,4.69],[114.66,4.83],[114.91,5],[115.02,4.9]]]]}},{"type":"Feature","properties":{"NAME":"Philippines","ABBREVN":"Philippines","SUBJECTO":"Philippines","BORDERPRECISION":3,"PARTOF":"Philippines","SHAPE_HASH":"897a0f9e06"},"geometry":{"type":"MultiPolygon","coordinates":[[[[120.25,5.23],[120.23,5.13],[120.03,5.24],[120.18,5.34],[120.25,5.23]]],[[[121.43,5.95],[121.28,5.87],[121.2,5.95],[121.08,5.89],[120.93,5.89],[120.89,6],[121.12,6.09],[121.43,5.95]]],[[[122.23,6.66],[122.16,6.46],[122.04,6.41],[121.92,6.45],[121.79,6.6],[122.02,6.75],[122.23,6.66]]],[[[117.06,7.84],[116.96,7.91],[116.96,8.06],[117.07,8.08],[117.06,7.84]]],[[[123.67,9.23],[123.68,9.11],[123.56,9.09],[123.46,9.18],[123.67,9.23]]],[[[125.64,7.09],[125.55,7.05],[125.4,6.8],[125.39,6.6],[125.59,6.48],[125.71,6.17],[125.7,6.03],[125.41,5.56],[125.29,5.58],[125.28,5.7],[125.18,5.84],[125.29,6],[125.15,6.1],[125.08,5.87],[124.83,5.89],[124.32,6.11],[124.18,6.21],[124.04,6.43],[124.04,6.74],[123.95,6.82],[124.05,7.13],[124.15,7.17],[124.27,7.36],[124.17,7.41],[124.01,7.65],[123.77,7.7],[123.68,7.81],[123.46,7.81],[123.48,7.68],[123.34,7.55],[123.44,7.44],[123.41,7.36],[123.23,7.53],[123.12,7.73],[123.03,7.62],[122.99,7.46],[122.78,7.47],[122.79,7.76],[122.55,7.73],[122.36,7.47],[122.3,7.33],[122.19,6.95],[122.1,6.89],[121.96,6.95],[121.9,7.08],[121.93,7.2],[122.03,7.33],[122.13,7.56],[122.11,7.78],[122.23,7.96],[122.35,8.04],[122.82,8.12],[122.99,8.2],[122.98,8.42],[123.06,8.52],[123.29,8.51],[123.43,8.72],[123.55,8.62],[123.62,8.66],[123.78,8.55],[123.84,8.43],[123.87,8.16],[124.22,8.21],[124.28,8.46],[124.43,8.62],[124.71,8.47],[124.77,8.59],[124.74,8.7],[124.77,8.97],[124.88,9.02],[125.07,8.83],[125.16,8.85],[125.28,8.99],[125.43,8.98],[125.54,9.06],[125.51,9.28],[125.39,9.65],[125.44,9.81],[125.55,9.76],[125.61,9.63],[125.92,9.49],[125.9,9.41],[126.05,9.23],[126.19,9.24],[126.17,9.1],[126.3,8.96],[126.3,8.78],[126.08,8.61],[126.14,8.53],[126.36,8.54],[126.4,8.47],[126.33,8.24],[126.44,8.11],[126.36,7.9],[126.55,7.69],[126.59,7.51],[126.56,7.2],[126.46,7.05],[126.17,6.88],[126.26,6.75],[126.22,6.63],[126.21,6.32],[126.09,6.52],[126.08,6.84],[125.89,7.12],[125.81,7.36],[125.65,7.23],[125.64,7.09]]],[[[126.11,9.74],[125.95,9.83],[126.04,10.03],[126.17,9.81],[126.11,9.74]]],[[[125.3,9.92],[125.14,10.06],[125.22,10.12],[125.3,9.92]]],[[[124.47,10.06],[124.57,9.99],[124.6,9.76],[124.5,9.75],[124.36,9.62],[124.06,9.58],[123.86,9.64],[123.79,9.84],[124.05,10],[124.15,10.15],[124.38,10.15],[124.47,10.06]]],[[[125.67,9.83],[125.48,10.13],[125.51,10.32],[125.66,10.25],[125.71,9.89],[125.67,9.83]]],[[[119.88,10.46],[119.84,10.61],[120,10.6],[119.88,10.46]]],[[[122.57,10.43],[122.52,10.59],[122.66,10.75],[122.73,10.62],[122.67,10.47],[122.57,10.43]]],[[[123.21,9.98],[123.14,9.83],[123.11,9.63],[123.3,9.35],[123.29,9.22],[123.13,9.05],[122.94,9.07],[122.87,9.32],[122.58,9.45],[122.4,9.73],[122.45,9.97],[122.69,9.98],[122.86,10.1],[122.84,10.54],[122.95,10.69],[122.95,10.89],[123.19,11],[123.5,10.94],[123.56,10.79],[123.47,10.52],[123.37,10.45],[123.33,10.24],[123.21,9.98]]],[[[123.35,9.42],[123.3,9.49],[123.37,9.99],[123.51,10.14],[123.6,10.35],[123.86,10.81],[124.01,11.27],[124.05,10.88],[124.02,10.39],[123.77,10.22],[123.64,10.07],[123.6,9.87],[123.54,9.8],[123.47,9.57],[123.35,9.42]]],[[[119.51,11.34],[119.56,11.26],[119.48,10.88],[119.6,10.82],[119.61,10.73],[119.72,10.51],[119.58,10.41],[119.33,10.31],[119.2,10.05],[118.75,9.93],[118.69,9.76],[118.73,9.65],[118.46,9.3],[118.33,9.18],[118.14,9.15],[118,8.88],[117.75,8.69],[117.63,8.66],[117.45,8.5],[117.38,8.49],[117.2,8.33],[117.22,8.52],[117.34,8.73],[117.44,8.81],[117.66,9.08],[117.91,9.26],[118.03,9.26],[118.61,9.87],[118.8,10.19],[118.92,10.2],[119.01,10.44],[119.16,10.41],[119.31,10.58],[119.34,10.72],[119.23,10.87],[119.3,11.01],[119.42,11.03],[119.42,11.3],[119.51,11.34]]],[[[124.58,11.31],[124.76,11.34],[124.95,11.42],[125.03,11.2],[125.02,10.74],[125.14,10.61],[125.26,10.26],[125.12,10.18],[124.99,10.24],[124.98,10.04],[124.76,10.2],[124.79,10.33],[124.72,10.41],[124.8,10.66],[124.76,10.82],[124.6,11.01],[124.49,10.86],[124.4,10.97],[124.4,11.24],[124.35,11.31],[124.32,11.57],[124.54,11.4],[124.58,11.31]]],[[[124.58,11.47],[124.49,11.46],[124.34,11.68],[124.53,11.68],[124.61,11.55],[124.58,11.47]]],[[[122.23,11.8],[122.41,11.7],[122.59,11.52],[122.83,11.61],[122.91,11.43],[123.17,11.56],[123.12,11.17],[122.95,11.04],[122.79,10.99],[122.73,10.8],[122.62,10.8],[122.49,10.68],[122.26,10.65],[122.1,10.58],[121.97,10.41],[121.91,10.44],[121.97,10.68],[121.93,10.78],[122.05,11.03],[122.04,11.33],[122.1,11.65],[122.08,11.73],[121.85,11.76],[121.89,11.9],[122.23,11.8]]],[[[120,11.67],[119.86,11.93],[120.07,11.87],[120,11.67]]],[[[120.17,12.12],[120.24,12.18],[120.34,11.99],[120.1,11.96],[119.94,12.07],[119.86,12.24],[119.93,12.32],[120.17,12.12]]],[[[122.68,12.31],[122.45,12.4],[122.46,12.48],[122.67,12.48],[122.68,12.31]]],[[[124.9,11.57],[125.04,11.73],[124.86,11.81],[124.69,12.01],[124.5,12.09],[124.39,12.19],[124.26,12.55],[124.65,12.5],[125.04,12.53],[125.15,12.58],[125.32,12.42],[125.39,12.29],[125.5,12.21],[125.45,12.1],[125.43,11.9],[125.45,11.59],[125.64,11.35],[125.46,11.1],[125.27,11.13],[125.16,11.27],[125.07,11.28],[124.9,11.57]]],[[[123.88,12.22],[124.04,11.98],[124.08,11.73],[123.8,11.92],[123.54,12.21],[123.44,12.2],[123.25,11.97],[123.14,11.93],[123.3,12.24],[123.25,12.61],[123.47,12.51],[123.81,12.24],[123.88,12.22]]],[[[123.8,12.37],[123.74,12.39],[123.58,12.63],[123.72,12.61],[123.8,12.37]]],[[[122.05,12.18],[121.97,12.15],[121.92,12.31],[121.99,12.41],[122,12.6],[122.14,12.64],[122.05,12.18]]],[[[120.72,13.48],[120.97,13.52],[121.07,13.4],[121.18,13.42],[121.3,13.35],[121.5,13.15],[121.48,12.76],[121.56,12.6],[121.45,12.5],[121.38,12.35],[121.22,12.23],[121.08,12.34],[120.92,12.53],[120.93,12.61],[120.8,12.72],[120.76,13.02],[120.65,13.19],[120.54,13.23],[120.31,13.42],[120.42,13.52],[120.72,13.48]]],[[[122.06,13.24],[121.87,13.28],[121.81,13.45],[121.87,13.54],[122.01,13.54],[122.15,13.37],[122.06,13.24]]],[[[124.29,13.95],[124.42,13.79],[124.32,13.55],[124.21,13.52],[124.05,13.61],[124.13,13.79],[124.13,14.05],[124.21,14.1],[124.29,13.95]]],[[[122.05,15],[121.91,14.79],[121.83,14.93],[121.94,15.06],[122.05,15]]],[[[121.26,18.57],[121.59,18.38],[121.95,18.27],[122.12,18.38],[122.23,18.52],[122.34,18.28],[122.19,18.12],[122.15,17.8],[122.17,17.61],[122.26,17.36],[122.43,17.27],[122.43,17.13],[122.53,17.1],[122.47,16.88],[122.31,16.56],[122.21,16.43],[122.2,16.23],[122.1,16.26],[121.96,16.13],[121.74,16.07],[121.56,15.89],[121.64,15.71],[121.38,15.32],[121.49,15.18],[121.61,14.82],[121.7,14.7],[121.61,14.6],[121.74,14.17],[121.91,14.01],[122.11,13.92],[122.25,13.92],[122.35,14.12],[122.36,14.24],[122.47,14.34],[122.69,14.34],[122.87,14.27],[123.09,13.97],[123.05,13.77],[123.13,13.7],[123.33,13.81],[123.23,14],[123.34,14.09],[123.42,13.98],[123.92,13.79],[123.81,13.69],[123.58,13.72],[123.54,13.56],[123.7,13.44],[123.78,13.23],[124.08,13.01],[124.16,12.81],[124.1,12.55],[123.97,12.56],[123.88,12.65],[123.84,12.83],[123.59,12.91],[123.41,13.04],[123.31,13.18],[123.2,13.42],[122.89,13.57],[122.78,13.79],[122.56,13.94],[122.48,13.71],[122.66,13.42],[122.7,13.23],[122.58,13.17],[122.52,13.35],[122.33,13.58],[122.21,13.6],[122.11,13.76],[121.7,13.96],[121.47,13.83],[121.39,13.66],[121.28,13.59],[121.06,13.66],[120.93,13.78],[120.88,13.9],[120.72,13.93],[120.63,13.81],[120.59,14.22],[120.77,14.33],[120.99,14.55],[120.84,14.76],[120.68,14.77],[120.55,14.72],[120.61,14.52],[120.55,14.42],[120.39,14.47],[120.32,14.62],[120.09,14.78],[120.06,15.05],[120.01,15.26],[119.91,15.4],[119.96,15.52],[119.91,15.62],[119.91,15.84],[119.86,15.96],[119.75,15.96],[119.79,16.33],[119.93,16.38],[119.94,16.24],[120.16,16.04],[120.28,16.05],[120.43,16.17],[120.37,16.28],[120.32,16.63],[120.37,16.85],[120.45,16.97],[120.43,17.18],[120.46,17.39],[120.34,17.56],[120.44,17.73],[120.45,17.93],[120.52,18.19],[120.6,18.32],[120.57,18.49],[120.74,18.53],[120.87,18.61],[120.96,18.56],[121.12,18.63],[121.26,18.57]]]]}},{"type":"Feature","properties":{"NAME":"Indonesia","ABBREVN":"Indonesia","SUBJECTO":"Indonesia","BORDERPRECISION":3,"PARTOF":"Indonesia","SHAPE_HASH":"3eae1969ba"},"geometry":{"type":"MultiPolygon","coordinates":[[[[121.87,-10.61],[121.69,-10.57],[121.86,-10.44],[121.98,-10.54],[121.87,-10.61]]],[[[123.41,-10.34],[123.31,-10.28],[123.39,-10.17],[123.51,-10.18],[123.41,-10.34]]],[[[120.03,-9.38],[120.24,-9.51],[120.26,-9.65],[120.46,-9.63],[120.59,-9.74],[120.67,-9.89],[120.81,-9.99],[120.82,-10.1],[120.72,-10.2],[120.49,-10.26],[120.16,-10.23],[119.93,-9.98],[119.7,-9.86],[119.63,-9.77],[119.19,-9.75],[119.05,-9.69],[118.93,-9.56],[119.03,-9.43],[119.28,-9.36],[119.38,-9.38],[119.64,-9.35],[119.81,-9.39],[119.94,-9.29],[120.03,-9.38]]],[[[124.97,-9.04],[125.14,-9.02],[125.14,-9.15],[125.02,-9.17],[124.97,-9.27],[125.06,-9.37],[125.13,-9.44],[124.99,-9.56],[124.92,-9.7],[124.41,-10.17],[124.12,-10.18],[124.03,-10.28],[123.81,-10.38],[123.61,-10.37],[123.49,-10.32],[123.53,-10.19],[123.73,-10.11],[123.58,-9.94],[123.67,-9.85],[123.66,-9.65],[123.98,-9.36],[124.05,-9.34],[124.12,-9.43],[124.37,-9.43],[124.46,-9.18],[124.6,-9.16],[124.8,-9.01],[124.95,-8.95],[124.97,-9.04]]],[[[119.46,-8.43],[119.57,-8.49],[119.38,-8.74],[119.42,-8.45],[119.46,-8.43]]],[[[123.28,-8.41],[123.02,-8.41],[123.07,-8.3],[123.22,-8.23],[123.34,-8.27],[123.28,-8.41]]],[[[116.55,-8.77],[116.55,-8.91],[116.2,-8.92],[116,-8.9],[115.86,-8.82],[116.07,-8.73],[116.1,-8.41],[116.28,-8.24],[116.38,-8.21],[116.66,-8.29],[116.74,-8.4],[116.55,-8.77]]],[[[123.76,-8.33],[123.54,-8.57],[123.22,-8.53],[123.36,-8.41],[123.64,-8.3],[123.76,-8.33]]],[[[124.29,-8.32],[124.15,-8.54],[124.07,-8.56],[123.97,-8.36],[124.11,-8.37],[124.25,-8.19],[124.29,-8.32]]],[[[138.88,-8.41],[138.58,-8.38],[138.55,-8.33],[138.71,-8.18],[138.81,-8.16],[138.88,-8.41]]],[[[117.56,-8.38],[117.49,-8.36],[117.48,-8.2],[117.67,-8.16],[117.56,-8.38]]],[[[124.67,-8.17],[125.09,-8.16],[125.13,-8.35],[124.42,-8.47],[124.34,-8.42],[124.4,-8.23],[124.47,-8.14],[124.67,-8.17]]],[[[127.84,-8.1],[128.09,-8.14],[128.03,-8.27],[127.81,-8.19],[127.84,-8.1]]],[[[130.82,-8.35],[130.86,-8.24],[131.03,-8.08],[131.14,-8.17],[130.96,-8.24],[130.82,-8.35]]],[[[118.26,-8.35],[118.32,-8.37],[118.49,-8.25],[118.65,-8.3],[119,-8.32],[119.06,-8.65],[118.75,-8.72],[118.74,-8.81],[118.46,-8.87],[118.38,-8.79],[118.4,-8.63],[118.15,-8.87],[118.03,-8.85],[117.88,-8.93],[117.72,-8.92],[117.41,-9.05],[117.24,-9.02],[117.05,-9.11],[116.8,-9.04],[116.74,-8.98],[116.79,-8.83],[116.78,-8.67],[116.86,-8.53],[117.19,-8.36],[117.58,-8.5],[117.85,-8.71],[117.98,-8.75],[118.08,-8.66],[118.21,-8.67],[118.28,-8.59],[118.08,-8.46],[117.99,-8.48],[117.83,-8.37],[117.71,-8.24],[117.74,-8.15],[117.95,-8.08],[118.16,-8.15],[118.26,-8.35]]],[[[122.98,-8.15],[123.03,-8.3],[122.8,-8.44],[122.84,-8.6],[122.56,-8.68],[122.38,-8.75],[122.18,-8.74],[121.76,-8.89],[121.56,-8.82],[121.39,-8.8],[121.32,-8.92],[121.21,-8.89],[121.01,-8.95],[120.86,-8.87],[120.73,-8.87],[120.59,-8.8],[120.32,-8.83],[120.09,-8.8],[119.89,-8.85],[119.81,-8.78],[119.8,-8.59],[119.91,-8.46],[120.08,-8.4],[120.27,-8.27],[120.52,-8.26],[120.75,-8.33],[120.92,-8.35],[121.28,-8.47],[121.41,-8.59],[121.51,-8.61],[121.64,-8.47],[121.88,-8.49],[122.04,-8.44],[122.11,-8.53],[122.29,-8.64],[122.43,-8.6],[122.48,-8.49],[122.6,-8.39],[122.89,-8.28],[122.98,-8.15]]],[[[115.5,-8.18],[115.71,-8.36],[115.62,-8.49],[115.3,-8.65],[115.16,-8.68],[114.97,-8.5],[114.71,-8.4],[114.61,-8.4],[114.46,-8.18],[114.5,-8.09],[114.88,-8.19],[115.04,-8.17],[115.2,-8.06],[115.5,-8.18]]],[[[129.85,-7.95],[129.69,-8.04],[129.59,-7.91],[129.59,-7.82],[129.82,-7.82],[129.85,-7.95]]],[[[126.73,-7.67],[126.42,-7.93],[126.12,-7.88],[125.93,-7.91],[125.81,-7.85],[125.97,-7.66],[126.19,-7.72],[126.34,-7.69],[126.54,-7.58],[126.73,-7.67]]],[[[138.6,-8.26],[138.45,-8.38],[138.3,-8.43],[138.18,-8.39],[137.63,-8.38],[137.73,-8.14],[137.91,-7.8],[138.02,-7.63],[138.24,-7.46],[138.59,-7.37],[138.81,-7.38],[138.92,-7.54],[139.04,-7.61],[138.91,-7.88],[138.88,-8.04],[138.78,-8.14],[138.67,-8.16],[138.6,-8.26]]],[[[131.74,-7.21],[131.64,-7.25],[131.68,-7.48],[131.57,-7.7],[131.4,-7.83],[131.3,-8.03],[131.11,-8],[131.08,-7.87],[131.19,-7.68],[131.24,-7.49],[131.39,-7.37],[131.54,-7.15],[131.65,-7.12],[131.74,-7.21]]],[[[113.99,-6.88],[114.07,-7],[113.89,-7.04],[113.83,-7.12],[113.62,-7.13],[113.5,-7.23],[113.17,-7.22],[112.72,-7.15],[112.74,-7.02],[112.84,-6.91],[113.1,-6.88],[113.55,-6.9],[113.99,-6.88]]],[[[115.29,-6.84],[115.39,-6.91],[115.3,-7.01],[115.21,-6.93],[115.29,-6.84]]],[[[134.6,-6.42],[134.54,-6.53],[134.51,-6.52],[134.46,-6.43],[134.44,-6.43],[134.35,-6.36],[134.45,-6.29],[134.6,-6.42]]],[[[134.2,-6.92],[134.05,-6.77],[134.12,-6.44],[134.11,-6.17],[134.3,-6.31],[134.33,-6.39],[134.46,-6.45],[134.51,-6.6],[134.32,-6.86],[134.2,-6.92]]],[[[134.67,-6.34],[134.61,-6.37],[134.33,-6.22],[134.29,-6.05],[134.64,-5.95],[134.77,-6.1],[134.67,-6.34]]],[[[106.16,-6.01],[106.29,-5.94],[106.48,-6.04],[106.71,-6.02],[106.76,-6.1],[106.99,-6.08],[107.02,-5.92],[107.19,-5.98],[107.33,-5.96],[107.44,-6.08],[107.67,-6.25],[107.88,-6.23],[108.07,-6.33],[108.17,-6.34],[108.31,-6.26],[108.55,-6.51],[108.62,-6.77],[109.28,-6.88],[109.52,-6.83],[109.87,-6.92],[110.21,-6.9],[110.34,-6.97],[110.48,-6.95],[110.58,-6.83],[110.66,-6.56],[110.73,-6.46],[110.93,-6.41],[111.06,-6.47],[111.15,-6.7],[111.35,-6.72],[111.49,-6.63],[111.59,-6.66],[111.75,-6.79],[111.99,-6.79],[112.13,-6.91],[112.34,-6.87],[112.56,-6.91],[112.68,-7.17],[112.83,-7.29],[112.76,-7.44],[112.85,-7.6],[113.3,-7.79],[113.5,-7.7],[113.78,-7.73],[114.03,-7.61],[114.15,-7.71],[114.37,-7.76],[114.47,-7.88],[114.36,-8.44],[114.46,-8.63],[114.58,-8.66],[114.56,-8.78],[114.42,-8.75],[114.37,-8.65],[114.06,-8.64],[113.73,-8.53],[113.32,-8.31],[113.2,-8.28],[113.03,-8.3],[112.9,-8.4],[112.65,-8.43],[112.36,-8.34],[111.79,-8.26],[111.65,-8.36],[111.39,-8.28],[111.02,-8.26],[110.72,-8.2],[110.37,-8.07],[110.06,-7.9],[109.29,-7.7],[108.99,-7.72],[108.89,-7.69],[108.58,-7.69],[108.47,-7.81],[108.16,-7.78],[107.68,-7.63],[107.47,-7.5],[107.08,-7.45],[106.57,-7.42],[106.42,-7.37],[106.38,-7.24],[106.55,-7.07],[106.44,-6.97],[106.29,-6.99],[106.04,-6.84],[105.68,-6.84],[105.55,-6.87],[105.49,-6.81],[105.71,-6.52],[105.8,-6.47],[105.88,-6.08],[106.01,-5.91],[106.1,-5.9],[106.16,-6.01]]],[[[120.5,-6.43],[120.44,-6.16],[120.44,-5.91],[120.56,-6.03],[120.5,-6.43]]],[[[132.78,-5.93],[132.67,-5.9],[132.66,-5.71],[132.81,-5.8],[132.78,-5.93]]],[[[134.68,-5.59],[134.76,-5.89],[134.34,-6.03],[134.3,-5.91],[134.36,-5.71],[134.49,-5.44],[134.63,-5.45],[134.68,-5.59]]],[[[132.96,-5.87],[132.93,-5.69],[132.99,-5.63],[133.11,-5.32],[133.19,-5.35],[133.11,-5.6],[132.96,-5.75],[132.96,-5.87]]],[[[102.4,-5.4],[102.26,-5.45],[102.1,-5.34],[102.17,-5.28],[102.4,-5.4]]],[[[122.03,-5.47],[121.96,-5.48],[121.81,-5.27],[121.86,-5.1],[121.98,-5.08],[122.06,-5.23],[122.03,-5.47]]],[[[122.73,-4.64],[122.78,-4.96],[122.6,-5.17],[122.66,-5.28],[122.6,-5.42],[122.31,-5.39],[122.27,-5.33],[122.34,-5.12],[122.4,-5.07],[122.33,-4.85],[122.37,-4.76],[122.73,-4.64]]],[[[123.21,-4.7],[123.05,-4.76],[122.98,-5.11],[123.21,-5.27],[123.14,-5.39],[122.9,-5.44],[122.9,-5.56],[122.8,-5.69],[122.66,-5.69],[122.57,-5.51],[122.73,-5.25],[122.85,-4.81],[122.84,-4.65],[122.91,-4.47],[123.08,-4.46],[123.19,-4.58],[123.21,-4.7]]],[[[123.09,-4.01],[123.2,-3.99],[123.25,-4.12],[123.15,-4.24],[123.07,-4.24],[122.95,-4.05],[123.09,-4.01]]],[[[128.34,-3.62],[128.2,-3.64],[127.99,-3.77],[127.92,-3.7],[128.03,-3.59],[128.3,-3.51],[128.34,-3.62]]],[[[116.12,-4.04],[116.05,-4.04],[116.07,-3.79],[116.01,-3.63],[116.12,-3.33],[116.26,-3.38],[116.32,-3.77],[116.31,-3.91],[116.12,-4.04]]],[[[126.99,-3.14],[127.1,-3.21],[127.05,-3.33],[127.26,-3.38],[127.24,-3.59],[126.87,-3.78],[126.69,-3.83],[126.38,-3.71],[126.04,-3.43],[126.01,-3.18],[126.1,-3.1],[126.21,-3.17],[126.42,-3.07],[126.74,-3.06],[126.99,-3.14]]],[[[129.8,-2.91],[129.99,-2.99],[130.34,-2.98],[130.59,-3.14],[130.67,-3.41],[130.83,-3.45],[130.87,-3.59],[130.83,-3.87],[130.62,-3.79],[130.44,-3.66],[129.99,-3.47],[129.89,-3.33],[129.52,-3.3],[129.52,-3.47],[129.25,-3.41],[129.11,-3.35],[128.97,-3.35],[128.88,-3.21],[128.61,-3.44],[128.4,-3.42],[128.3,-3.27],[128.1,-3.12],[128.05,-3.31],[127.93,-3.37],[127.86,-3.19],[127.98,-3.09],[128.17,-2.86],[128.91,-2.86],[129.21,-2.95],[129.4,-2.79],[129.53,-2.78],[129.8,-2.91]]],[[[100.46,-3.13],[100.38,-3.15],[100.19,-2.97],[100.18,-2.8],[100.26,-2.79],[100.47,-3.03],[100.46,-3.13]]],[[[107.83,-2.53],[108.08,-2.61],[108.26,-2.75],[108.29,-2.85],[108.21,-3.01],[108.2,-3.12],[108.08,-3.23],[107.87,-3.05],[107.81,-3.17],[107.61,-3.21],[107.58,-3.01],[107.65,-2.59],[107.83,-2.53]]],[[[100.14,-2.82],[100.01,-2.83],[99.96,-2.55],[100.16,-2.63],[100.21,-2.76],[100.14,-2.82]]],[[[99.85,-2.34],[99.61,-2.25],[99.53,-2.15],[99.63,-2.02],[99.85,-2.34]]],[[[126.07,-2.47],[125.97,-2.41],[125.86,-2.08],[125.99,-2],[125.98,-2.19],[126.09,-2.43],[126.07,-2.47]]],[[[125.44,-1.81],[125.65,-1.82],[126.05,-1.79],[125.98,-1.91],[125.47,-1.94],[125.44,-1.81]]],[[[130.19,-2.06],[129.91,-2],[129.75,-1.86],[130.04,-1.74],[130.32,-1.68],[130.44,-1.84],[130.43,-1.98],[130.19,-2.06]]],[[[124.96,-1.7],[125.12,-1.69],[125.29,-1.73],[125.32,-1.89],[125.06,-1.89],[125,-1.95],[124.85,-1.9],[124.69,-1.97],[124.41,-2.02],[124.33,-1.88],[124.4,-1.66],[124.66,-1.64],[124.96,-1.7]]],[[[136.29,-1.69],[136.81,-1.75],[136.87,-1.82],[136.54,-1.9],[136.22,-1.87],[135.99,-1.82],[135.67,-1.7],[135.48,-1.68],[135.42,-1.61],[136.18,-1.66],[136.29,-1.69]]],[[[106.09,-1.77],[106.17,-1.93],[106.19,-2.15],[106.24,-2.31],[106.39,-2.48],[106.62,-2.53],[106.78,-2.59],[106.68,-2.68],[106.61,-2.95],[106.74,-3],[106.72,-3.1],[106.52,-3.1],[106.44,-2.98],[106.09,-2.84],[106,-2.83],[105.92,-2.72],[105.93,-2.47],[105.82,-2.39],[105.8,-2.18],[105.75,-2.13],[105.48,-2.1],[105.34,-2.13],[105.14,-2.08],[105.14,-1.95],[105.39,-1.82],[105.35,-1.66],[105.46,-1.57],[105.6,-1.54],[105.66,-1.74],[105.81,-1.79],[105.71,-1.55],[105.89,-1.49],[106.03,-1.57],[106.09,-1.77]]],[[[127.88,-1.43],[128.11,-1.56],[128.06,-1.72],[127.71,-1.69],[127.56,-1.74],[127.39,-1.66],[127.4,-1.48],[127.64,-1.33],[127.88,-1.43]]],[[[123.19,-1.3],[123.26,-1.38],[123.35,-1.23],[123.54,-1.28],[123.53,-1.44],[123.45,-1.51],[123.1,-1.35],[122.91,-1.59],[122.81,-1.45],[122.84,-1.28],[122.92,-1.18],[123.19,-1.15],[123.19,-1.3]]],[[[109.62,-0.98],[109.76,-1.03],[109.78,-1.13],[109.49,-1.3],[109.42,-1.25],[109.49,-0.98],[109.62,-0.98]]],[[[134.92,-1.14],[134.8,-1.03],[134.84,-0.94],[134.99,-1.03],[134.92,-1.14]]],[[[98.93,-0.95],[99.06,-1.27],[99.22,-1.59],[99.25,-1.77],[99.11,-1.81],[98.88,-1.68],[98.79,-1.5],[98.63,-1.29],[98.59,-1.18],[98.66,-0.97],[98.93,-0.95]]],[[[130.89,-0.89],[131.07,-0.97],[131.04,-1.24],[130.96,-1.36],[130.76,-1.24],[130.66,-0.96],[130.89,-0.89]]],[[[135.48,-0.67],[135.67,-0.69],[135.76,-0.75],[135.89,-0.73],[136.06,-0.87],[136.26,-1.2],[136.13,-1.23],[135.83,-1.13],[135.79,-0.9],[135.62,-0.87],[135.48,-0.67]]],[[[141,-2.61],[141.01,-4.91],[141.01,-5.16],[141.01,-6.33],[140.86,-6.63],[140.9,-6.86],[141,-6.9],[141.01,-8.41],[141.01,-9.13],[140.83,-9.03],[140.61,-8.81],[140.49,-8.62],[140.05,-8.27],[139.92,-8.11],[139.62,-8.12],[139.33,-8.2],[139.22,-8.09],[139.08,-8.14],[138.92,-8.3],[138.84,-8.13],[138.9,-8.04],[138.91,-7.93],[138.99,-7.87],[139.07,-7.54],[138.93,-7.46],[138.85,-7.32],[138.68,-7.23],[138.75,-7.11],[138.58,-6.96],[138.88,-6.83],[138.69,-6.72],[138.68,-6.61],[138.5,-6.44],[138.4,-6.27],[138.3,-5.97],[138.3,-5.86],[138.08,-5.74],[138.04,-5.46],[137.95,-5.43],[137.66,-5.22],[137.22,-5.01],[136.82,-4.93],[136.36,-4.68],[136.26,-4.68],[136.04,-4.59],[135.93,-4.5],[135.73,-4.5],[135.43,-4.44],[135.2,-4.46],[134.8,-4.26],[134.64,-4.12],[134.68,-3.95],[134.52,-4.03],[134.37,-3.9],[134.3,-4.01],[134.03,-3.8],[133.92,-3.75],[133.83,-3.59],[133.71,-3.63],[133.64,-3.47],[133.69,-3.43],[133.71,-3.19],[133.86,-3.08],[133.83,-2.96],[133.65,-3.16],[133.64,-3.41],[133.54,-3.46],[133.57,-3.58],[133.41,-3.72],[133.45,-3.86],[133.25,-4.07],[132.91,-4.09],[132.85,-4.01],[132.75,-3.72],[132.78,-3.63],[132.93,-3.55],[132.82,-3.45],[132.8,-3.28],[132.66,-3.32],[132.56,-3.12],[132.32,-2.95],[132.09,-2.97],[131.96,-2.78],[132.2,-2.68],[132.51,-2.7],[132.74,-2.81],[132.84,-2.73],[133.02,-2.5],[133.25,-2.42],[133.39,-2.52],[133.68,-2.58],[133.91,-2.39],[133.95,-2.17],[133.88,-2.11],[133.65,-2.24],[133.44,-2.24],[133.3,-2.2],[132.97,-2.29],[132.83,-2.25],[132.68,-2.31],[132.57,-2.19],[132.29,-2.26],[132.04,-2.09],[131.93,-1.88],[131.96,-1.71],[131.58,-1.48],[131.33,-1.45],[131.18,-1.48],[130.96,-1.4],[131.07,-1.24],[131.18,-1.22],[131.25,-1.09],[131.29,-0.92],[131.26,-0.82],[131.51,-0.73],[131.58,-0.76],[131.87,-0.69],[132.11,-0.47],[132.43,-0.35],[132.71,-0.37],[133.17,-0.54],[133.43,-0.74],[133.75,-0.76],[133.99,-0.73],[134.11,-0.84],[134.03,-0.97],[134.13,-1.15],[134.28,-1.35],[134.22,-1.56],[134.09,-1.68],[134.15,-1.93],[134.16,-2.32],[134.32,-2.5],[134.46,-2.86],[134.53,-2.84],[134.47,-2.63],[134.54,-2.47],[134.64,-2.52],[134.7,-2.97],[134.86,-2.94],[134.81,-3.12],[134.88,-3.25],[135,-3.34],[135.33,-3.39],[135.49,-3.36],[135.76,-3.05],[135.91,-2.99],[135.96,-2.79],[136.03,-2.7],[136.25,-2.58],[136.41,-2.22],[136.75,-2.25],[136.99,-2.13],[137.19,-2.1],[137.21,-1.97],[137.12,-1.81],[137.34,-1.71],[137.59,-1.57],[137.85,-1.47],[138.06,-1.61],[138.37,-1.72],[138.65,-1.79],[138.84,-1.95],[139.05,-2],[139.41,-2.17],[139.76,-2.35],[139.88,-2.38],[140.16,-2.33],[140.32,-2.46],[140.63,-2.46],[140.82,-2.61],[141,-2.61]]],[[[104.59,-0.48],[104.5,-0.62],[104.34,-0.58],[104.25,-0.47],[104.32,-0.37],[104.47,-0.34],[104.59,-0.48]]],[[[127.57,-0.32],[127.68,-0.47],[127.62,-0.58],[127.65,-0.7],[127.79,-0.69],[127.89,-0.81],[127.75,-0.89],[127.61,-0.77],[127.46,-0.81],[127.4,-0.62],[127.3,-0.52],[127.32,-0.34],[127.57,-0.32]]],[[[127.18,-0.53],[127.11,-0.5],[127.11,-0.29],[127.22,-0.26],[127.28,-0.38],[127.18,-0.53]]],[[[98.5,-0.54],[98.32,-0.52],[98.37,-0.35],[98.51,-0.37],[98.5,-0.54]]],[[[103.76,-0.34],[103.62,-0.39],[103.46,-0.36],[103.51,-0.25],[103.63,-0.24],[103.76,-0.34]]],[[[130.88,-0.02],[131.14,-0.08],[131.3,-0.17],[131.32,-0.27],[131.17,-0.34],[130.95,-0.34],[130.76,-0.45],[130.68,-0.3],[130.43,-0.28],[130.4,-0.15],[130.28,-0.11],[130.88,-0.02]]],[[[98.56,-0.3],[98.5,-0.29],[98.3,-0.01],[98.39,0],[98.56,-0.3]]],[[[104.74,-0.13],[104.92,-0.23],[104.85,-0.31],[104.74,-0.22],[104.53,-0.27],[104.44,-0.21],[104.61,0],[104.74,-0.13]]],[[[103.28,0.53],[103.13,0.56],[103.17,0.68],[103.29,0.62],[103.28,0.53]]],[[[102.62,0.99],[102.76,1.01],[103.03,0.83],[102.91,0.78],[102.57,0.77],[102.41,0.88],[102.62,0.99]]],[[[103.04,1.04],[103.17,0.89],[103.08,0.84],[102.76,1.03],[102.78,1.16],[103.04,1.04]]],[[[104.08,0.99],[103.92,1.04],[104.01,1.17],[104.15,1.14],[104.08,0.99]]],[[[104.67,1.03],[104.59,0.82],[104.37,1.01],[104.23,1.09],[104.34,1.18],[104.53,1.18],[104.67,1.03]]],[[[102.4,0.93],[102.26,1.03],[102.2,1.29],[102.3,1.4],[102.46,1.25],[102.47,0.97],[102.4,0.93]]],[[[97.52,1.42],[97.69,1.18],[97.91,1.04],[97.89,0.64],[97.81,0.55],[97.7,0.58],[97.61,0.82],[97.39,1.01],[97.25,1.26],[97.25,1.42],[97.4,1.5],[97.52,1.42]]],[[[102.5,1.44],[102.46,1.27],[102.33,1.4],[102.09,1.47],[102.06,1.62],[102.48,1.5],[102.5,1.44]]],[[[125.14,1.42],[125.05,1.21],[124.9,0.97],[124.66,0.8],[124.55,0.59],[124.44,0.46],[124.32,0.39],[123.65,0.28],[123.25,0.32],[123.07,0.51],[122.96,0.48],[122.37,0.5],[122.05,0.48],[121.79,0.43],[121.7,0.52],[121.54,0.54],[121.5,0.48],[121.24,0.48],[121.11,0.41],[120.85,0.45],[120.69,0.53],[120.55,0.54],[120.37,0.47],[120.12,0.18],[120.02,-0.08],[120,-0.27],[120.07,-0.61],[120.26,-0.9],[120.41,-0.91],[120.59,-1.13],[120.57,-1.19],[120.68,-1.4],[121.07,-1.43],[121.16,-1.34],[121.2,-1.2],[121.47,-0.89],[121.59,-0.81],[121.75,-0.95],[121.93,-0.96],[122.11,-0.93],[122.22,-0.76],[122.45,-0.75],[122.77,-0.78],[122.92,-0.76],[122.82,-0.62],[123.22,-0.57],[123.41,-0.65],[123.45,-0.77],[123.38,-1.01],[123.24,-1.03],[123.15,-0.9],[122.84,-0.91],[122.63,-1.22],[122.38,-1.49],[122.16,-1.61],[122.01,-1.63],[121.8,-1.72],[121.69,-1.91],[121.53,-1.93],[121.45,-1.82],[121.29,-1.85],[121.34,-1.99],[121.43,-1.97],[121.56,-2.15],[121.71,-2.18],[121.84,-2.31],[121.97,-2.53],[122.01,-2.68],[122.31,-2.91],[122.26,-3.02],[122.38,-3.13],[122.25,-3.39],[122.2,-3.56],[122.25,-3.66],[122.6,-3.88],[122.69,-4.15],[122.84,-4.14],[122.91,-4.23],[122.9,-4.39],[122.75,-4.49],[122.6,-4.39],[122.1,-4.53],[122.04,-4.66],[122.08,-4.84],[121.7,-4.83],[121.48,-4.66],[121.5,-4.5],[121.62,-4.16],[121.57,-4.03],[121.38,-3.98],[121.25,-3.82],[121.12,-3.75],[120.88,-3.54],[120.87,-3.44],[120.98,-3.27],[121.07,-3.21],[121.08,-2.76],[121.02,-2.67],[120.81,-2.62],[120.68,-2.65],[120.2,-2.96],[120.27,-3.14],[120.38,-3.21],[120.39,-3.51],[120.45,-3.72],[120.35,-3.95],[120.38,-4.16],[120.36,-4.39],[120.42,-4.68],[120.31,-4.85],[120.27,-5.16],[120.38,-5.35],[120.46,-5.62],[120.31,-5.51],[120.09,-5.59],[119.91,-5.57],[119.78,-5.71],[119.47,-5.56],[119.35,-5.4],[119.38,-5.19],[119.47,-5.04],[119.52,-4.87],[119.49,-4.74],[119.6,-4.57],[119.63,-4.19],[119.6,-3.98],[119.45,-3.7],[119.52,-3.57],[119.49,-3.49],[119.29,-3.43],[119.23,-3.49],[119.05,-3.5],[118.93,-3.57],[118.84,-3.38],[118.84,-3.08],[118.89,-2.89],[118.76,-2.77],[118.82,-2.62],[118.9,-2.66],[119.14,-2.45],[119.14,-2.21],[119.21,-2.02],[119.35,-1.94],[119.37,-1.84],[119.3,-1.69],[119.32,-1.6],[119.29,-1.4],[119.35,-1.18],[119.45,-1.11],[119.52,-0.87],[119.74,-0.65],[119.8,-0.12],[119.88,0.07],[119.78,0.22],[119.89,0.45],[120.04,0.54],[120.02,0.69],[120.34,0.86],[120.56,0.77],[120.69,0.99],[120.8,1.07],[120.82,1.32],[121.09,1.32],[121.24,1.23],[121.38,1.25],[121.51,1.09],[121.6,1.05],[121.91,1.1],[122.23,1.01],[122.46,1],[122.66,0.94],[122.85,0.81],[122.96,0.93],[123.2,0.96],[123.55,0.87],[123.84,0.83],[124.29,1.01],[124.36,1.17],[124.58,1.18],[124.53,1.33],[124.62,1.41],[124.83,1.46],[124.82,1.58],[124.97,1.69],[125.17,1.64],[125.25,1.51],[125.14,1.42]]],[[[101.61,1.71],[101.49,1.73],[101.39,1.92],[101.45,2.07],[101.68,2.11],[101.77,1.99],[101.73,1.8],[101.61,1.71]]],[[[127.87,1.81],[128.01,1.71],[128.04,1.52],[127.91,1.2],[127.65,1.02],[127.66,0.88],[127.75,0.81],[127.92,0.86],[127.93,0.99],[128.04,1.12],[128.19,1.19],[128.13,1.29],[128.19,1.38],[128.37,1.51],[128.55,1.57],[128.72,1.56],[128.7,1.1],[128.45,0.93],[128.3,0.89],[128.24,0.73],[128.37,0.64],[128.67,0.55],[128.72,0.33],[128.54,0.32],[128.45,0.4],[128.28,0.39],[128.16,0.45],[127.96,0.48],[127.88,0.3],[127.92,0.14],[127.89,-0.03],[128.04,-0.4],[128.21,-0.7],[128.14,-0.75],[128.02,-0.69],[127.86,-0.38],[127.66,-0.22],[127.7,0.07],[127.66,0.34],[127.57,0.41],[127.53,0.55],[127.55,0.72],[127.61,0.85],[127.51,0.88],[127.48,1.05],[127.39,1.06],[127.4,1.21],[127.52,1.42],[127.57,1.74],[127.69,1.92],[127.95,2.19],[128.05,2.15],[127.86,1.92],[127.87,1.81]]],[[[128.51,2.05],[128.28,2.02],[128.23,2.31],[128.43,2.57],[128.57,2.63],[128.69,2.48],[128.62,2.22],[128.51,2.05]]],[[[96.48,2.36],[96.33,2.35],[96.3,2.42],[96.06,2.58],[95.82,2.65],[95.7,2.77],[95.79,2.94],[95.9,2.91],[96.01,2.77],[96.12,2.74],[96.21,2.63],[96.43,2.5],[96.48,2.36]]],[[[105.74,2.84],[105.7,3.06],[105.84,2.98],[105.74,2.84]]],[[[125.9,3.38],[125.79,3.41],[125.64,3.68],[125.78,3.69],[125.91,3.49],[125.9,3.38]]],[[[117.69,4.17],[117.9,4.17],[117.85,4.03],[117.69,4.17]]],[[[108.32,3.68],[108.18,3.65],[108.2,3.8],[108.06,3.86],[107.99,4.02],[108.18,4.2],[108.39,3.98],[108.41,3.87],[108.32,3.68]]],[[[126.8,4.02],[126.69,4.07],[126.79,4.21],[126.69,4.36],[126.74,4.54],[126.86,4.49],[126.91,4.27],[126.8,4.02]]],[[[95.74,5.59],[96.06,5.31],[96.35,5.22],[96.58,5.21],[96.81,5.28],[97.05,5.26],[97.17,5.16],[97.26,5.16],[97.49,5.25],[97.68,5.06],[97.9,4.9],[97.96,4.78],[98.02,4.55],[98.16,4.52],[98.28,4.42],[98.27,4.14],[98.55,4],[98.83,3.71],[99.07,3.63],[99.25,3.52],[99.57,3.23],[99.76,3.14],[99.99,2.92],[99.99,2.72],[100.2,2.71],[100.32,2.55],[100.4,2.32],[100.6,2.13],[100.7,2.11],[100.84,2.28],[101.06,2.28],[101.07,2.21],[101.32,2.01],[101.36,1.8],[101.55,1.65],[101.72,1.67],[101.98,1.46],[102.13,1.38],[102.2,1.2],[102.24,0.98],[102.43,0.8],[102.58,0.73],[102.87,0.73],[103.07,0.54],[103.07,0.44],[103.38,0.53],[103.73,0.29],[103.79,0.05],[103.77,-0.02],[103.6,-0.03],[103.42,-0.35],[103.58,-0.47],[103.41,-0.58],[103.36,-0.7],[103.55,-0.87],[103.74,-1],[103.96,-0.98],[104.22,-1.07],[104.35,-1.03],[104.41,-1.14],[104.46,-1.58],[104.56,-1.86],[104.85,-2.04],[104.86,-2.29],[105.04,-2.37],[105.24,-2.35],[105.61,-2.4],[105.61,-2.57],[105.78,-2.69],[105.79,-2.86],[105.86,-2.95],[106.05,-3.02],[106.07,-3.26],[105.91,-3.38],[105.82,-3.67],[105.95,-3.86],[105.85,-4.06],[105.81,-4.3],[105.9,-4.46],[105.89,-4.89],[105.78,-5.83],[105.62,-5.82],[105.26,-5.45],[105.17,-5.59],[105.21,-5.76],[105.14,-5.8],[104.78,-5.6],[104.69,-5.52],[104.55,-5.6],[104.69,-5.82],[104.71,-5.92],[104.56,-5.93],[104.53,-5.83],[104.34,-5.67],[104.27,-5.55],[104.1,-5.43],[103.9,-5.12],[103.72,-4.96],[103.44,-4.86],[103.13,-4.6],[102.87,-4.42],[102.29,-3.96],[102.24,-3.68],[101.63,-3.25],[101.49,-3.06],[101.32,-2.73],[101.09,-2.58],[100.84,-2.19],[100.88,-2.07],[100.85,-1.89],[100.65,-1.63],[100.56,-1.33],[100.44,-1.24],[100.34,-0.87],[99.99,-0.45],[99.81,-0.3],[99.74,-0.03],[99.64,0.08],[99.35,0.23],[99.14,0.26],[99.1,0.58],[98.84,1.31],[98.72,1.52],[98.82,1.62],[98.77,1.75],[98.44,1.99],[97.95,2.27],[97.76,2.27],[97.66,2.4],[97.65,2.63],[97.6,2.86],[97.42,2.93],[97.3,3.09],[97.25,3.23],[97.17,3.25],[97.01,3.54],[96.79,3.74],[96.56,3.74],[96.39,3.86],[96.19,4.13],[96.01,4.22],[95.83,4.42],[95.53,4.68],[95.28,5.12],[95.23,5.28],[95.22,5.48],[95.41,5.65],[95.74,5.59]]],[[[115.77,4.24],[115.88,4.36],[116.05,4.28],[116.15,4.36],[116.53,4.33],[117.25,4.36],[117.45,4.19],[117.59,4.17],[117.47,4.08],[117.7,3.87],[117.83,3.71],[117.76,3.64],[117.21,3.61],[117.24,3.49],[117.44,3.36],[117.28,3.22],[117.62,3.09],[117.69,2.97],[117.67,2.8],[117.76,2.78],[117.84,2.59],[118.09,2.31],[118.06,2.22],[117.87,2.04],[117.92,1.82],[118.13,1.65],[118.42,1.48],[118.45,1.4],[118.6,1.36],[118.77,1.2],[118.84,1.1],[119,1.04],[119,0.97],[118.81,0.81],[118.19,0.87],[117.83,0.82],[117.74,0.74],[117.62,0.44],[117.52,0.3],[117.47,0.1],[117.53,-0.03],[117.44,-0.24],[117.47,-0.34],[117.44,-0.52],[117.63,-0.43],[117.57,-0.65],[117.62,-0.78],[117.45,-0.86],[117.26,-0.87],[117.03,-1.2],[116.82,-1.28],[116.74,-1.37],[116.54,-1.47],[116.52,-1.63],[116.45,-1.78],[116.46,-2.05],[116.33,-2.15],[116.41,-2.21],[116.6,-2.19],[116.55,-2.48],[116.31,-2.52],[116.37,-2.83],[116.24,-3.01],[116.01,-3.44],[115.99,-3.58],[115.74,-3.71],[114.94,-4.04],[114.71,-4.18],[114.61,-4.13],[114.61,-3.68],[114.48,-3.5],[114.21,-3.39],[114.03,-3.36],[113.85,-3.45],[113.68,-3.48],[113.61,-3.43],[113.64,-3.26],[113.61,-3.17],[113.46,-3.19],[113.37,-3.26],[113.24,-3.18],[113.06,-2.99],[112.95,-3.08],[112.95,-3.21],[112.65,-3.42],[112.53,-3.44],[112.42,-3.35],[112.25,-3.31],[112.16,-3.35],[111.95,-3.55],[111.81,-3.53],[111.84,-3.41],[111.83,-3.03],[111.75,-2.9],[111.55,-3.02],[111.47,-2.94],[111.34,-2.92],[111.07,-3.06],[110.92,-3.1],[110.76,-3.02],[110.68,-3.08],[110.6,-2.88],[110.49,-2.88],[110.28,-3.01],[110.21,-2.89],[110.25,-2.82],[110.2,-2.51],[110.1,-2.24],[110.13,-2.05],[110.09,-1.94],[109.94,-1.87],[109.91,-1.78],[110.04,-1.64],[110.07,-1.47],[110.05,-1.31],[109.73,-0.95],[109.42,-0.85],[109.29,-0.87],[109.25,-0.68],[109.47,-0.74],[109.42,-0.61],[109.26,-0.59],[109.12,-0.51],[109.05,-0.26],[109.19,-0.2],[109.17,0.11],[109.05,0.28],[108.92,0.31],[108.93,0.61],[108.85,0.82],[108.98,0.96],[108.96,1.18],[109.06,1.35],[109.08,1.55],[109.23,1.65],[109.33,1.79],[109.34,1.89],[109.58,1.99],[109.65,2.07],[109.55,1.91],[109.67,1.71],[109.67,1.62],[109.93,1.41],[110,1.29],[110.19,1.18],[110.33,1],[110.55,0.86],[110.81,0.91],[110.91,1.02],[111.26,1.07],[111.4,1.01],[111.66,1.04],[111.8,0.99],[111.96,1.13],[112.13,1.15],[112.21,1.38],[112.2,1.45],[112.47,1.57],[112.88,1.59],[113.06,1.54],[113.13,1.43],[113.34,1.37],[113.46,1.29],[113.66,1.23],[113.93,1.44],[114.08,1.47],[114.23,1.44],[114.4,1.51],[114.58,1.45],[114.71,1.77],[114.86,1.92],[114.86,2.05],[114.78,2.16],[114.81,2.25],[115.23,2.51],[115.08,2.61],[115.12,2.85],[115.25,3.01],[115.49,3.03],[115.54,3.33],[115.63,3.46],[115.58,3.71],[115.69,4.17],[115.77,4.24]]],[[[123.22,-10.81],[123,-10.86],[122.85,-10.93],[122.81,-10.79],[123.08,-10.68],[123.39,-10.44],[123.39,-10.68],[123.22,-10.81]]]]}},{"type":"Feature","properties":{"NAME":"East Timor","ABBREVN":"East Timor","SUBJECTO":"East Timor","BORDERPRECISION":3,"PARTOF":"East Timor","SHAPE_HASH":"37cd60cf73"},"geometry":{"type":"MultiPolygon","coordinates":[[[[124.46,-9.18],[124.37,-9.43],[124.12,-9.43],[124.05,-9.34],[124.18,-9.26],[124.46,-9.18]]],[[[125.06,-9.37],[124.97,-9.27],[125.02,-9.17],[125.14,-9.15],[125.14,-9.02],[124.97,-9.04],[124.95,-8.95],[125.09,-8.76],[125.14,-8.64],[125.71,-8.53],[125.85,-8.48],[126.08,-8.52],[126.36,-8.43],[126.56,-8.49],[127,-8.32],[127.2,-8.33],[127.31,-8.43],[127.02,-8.68],[126.58,-8.81],[126.47,-8.95],[126.16,-8.99],[125.94,-9.13],[125.78,-9.15],[125.4,-9.27],[125.22,-9.41],[125.06,-9.37]]]]}},{"type":"Feature","properties":{"NAME":"Australia","ABBREVN":"Australia","SUBJECTO":"Australia","BORDERPRECISION":3,"PARTOF":"Australia","SHAPE_HASH":"043d373427"},"geometry":{"type":"MultiPolygon","coordinates":[[[[148.35,-40.32],[148.47,-40.44],[148.07,-40.45],[148.35,-40.32]]],[[[147.36,-43.4],[147.31,-43.51],[147.12,-43.42],[147.3,-43.27],[147.36,-43.4]]],[[[145.08,-40.81],[145.27,-40.8],[145.54,-40.89],[146.19,-41.16],[146.58,-41.15],[147.02,-40.98],[147.17,-41.01],[147.49,-40.98],[147.59,-40.85],[147.8,-40.89],[148.01,-40.75],[148.22,-40.85],[148.33,-41],[148.26,-41.17],[148.32,-41.33],[148.27,-41.45],[148.31,-41.61],[148.26,-41.81],[148.08,-42.12],[147.95,-42.72],[147.88,-42.77],[148,-42.98],[147.9,-43.18],[147.79,-43.25],[147.62,-43.02],[147.81,-43.05],[147.83,-42.93],[147.59,-42.83],[147.55,-42.98],[147.27,-43.06],[147.25,-43.27],[147.1,-43.29],[146.94,-43.6],[146.69,-43.6],[146.6,-43.56],[146.04,-43.5],[145.6,-42.98],[145.42,-42.85],[145.35,-42.66],[145.26,-42.61],[145.2,-42.31],[145.28,-42.18],[145.18,-41.94],[144.95,-41.71],[144.69,-41.22],[144.62,-40.93],[144.76,-40.73],[144.99,-40.75],[145.08,-40.81]]],[[[143.96,-40.11],[143.84,-39.93],[143.86,-39.71],[143.98,-39.58],[144.11,-39.67],[144.15,-39.93],[144.11,-40.04],[143.96,-40.11]]],[[[151.06,-23.45],[151.2,-23.53],[151.29,-23.67],[151.22,-23.79],[151.07,-23.61],[151.06,-23.45]]],[[[153.45,-27.73],[153.39,-27.7],[153.43,-27.42],[153.54,-27.42],[153.45,-27.73]]],[[[113.23,-26.11],[113.18,-26.12],[112.95,-25.78],[112.91,-25.63],[112.99,-25.57],[113.11,-25.88],[113.23,-26.11]]],[[[153.09,-25.79],[153,-25.73],[152.94,-25.56],[153.06,-25.34],[153.09,-25.15],[153.21,-25.06],[153.37,-25.03],[153.13,-25.54],[153.09,-25.79]]],[[[137.58,-35.65],[137.6,-35.75],[137.83,-35.81],[137.91,-35.73],[138.11,-35.82],[138.04,-35.92],[137.76,-35.87],[137.62,-35.92],[137.61,-36.01],[137.46,-36.09],[137.36,-36],[137.15,-36.04],[136.71,-36.06],[136.54,-35.92],[136.58,-35.77],[137.32,-35.59],[137.58,-35.65]]],[[[148.18,-40.26],[148.04,-40.24],[147.9,-39.98],[147.76,-39.88],[147.97,-39.73],[148.19,-39.94],[148.28,-39.97],[148.34,-40.19],[148.18,-40.26]]],[[[139.66,-36.21],[139.6,-36.04],[139.23,-35.68],[139.34,-35.69],[139.36,-35.37],[139.21,-35.32],[138.97,-35.41],[138.99,-35.56],[138.78,-35.54],[138.54,-35.65],[138.2,-35.67],[138.13,-35.55],[138.44,-35.34],[138.51,-35.02],[138.5,-34.73],[138.29,-34.5],[138.22,-34.31],[138.07,-34.14],[138.02,-34.34],[137.92,-34.43],[137.88,-34.71],[137.67,-35.18],[137.46,-35.11],[137.03,-35.23],[136.89,-35.3],[136.98,-34.96],[137.45,-34.9],[137.5,-34.66],[137.48,-34.47],[137.51,-34.14],[137.6,-33.88],[137.95,-33.56],[137.81,-33.28],[137.84,-33.2],[138.05,-33.13],[137.95,-33.01],[137.82,-32.57],[137.76,-32.7],[137.81,-32.85],[137.77,-32.99],[137.6,-33.03],[137.39,-33.3],[137.36,-33.43],[137.14,-33.71],[136.95,-33.68],[136.86,-33.81],[136.58,-33.93],[136.41,-34.04],[136.26,-34.28],[135.94,-34.54],[135.8,-34.82],[136.02,-34.8],[136,-34.99],[135.82,-34.87],[135.67,-34.96],[135.4,-34.64],[135.35,-34.29],[135.26,-34.01],[135.03,-33.77],[134.84,-33.64],[134.87,-33.54],[134.71,-33.18],[134.59,-33.14],[134.33,-33.2],[134.07,-32.72],[134.22,-32.78],[134.28,-32.59],[134.11,-32.45],[133.85,-32.54],[133.88,-32.4],[133.83,-32.25],[133.57,-32.17],[133.42,-32.21],[133.14,-32.18],[132.83,-31.98],[132.58,-31.94],[132.33,-32.04],[132.2,-32.03],[132.03,-31.88],[131.67,-31.67],[131.36,-31.54],[131.12,-31.48],[131.01,-31.55],[130.76,-31.61],[130.26,-31.58],[129.23,-31.66],[128.95,-31.7],[128.55,-31.89],[128.01,-32.09],[127.74,-32.13],[127.33,-32.27],[127.12,-32.3],[126.69,-32.32],[126.4,-32.29],[126.21,-32.24],[125.97,-32.27],[125.81,-32.34],[125.51,-32.55],[125.3,-32.6],[125,-32.74],[124.75,-32.9],[124.4,-32.95],[124.19,-33.05],[124.09,-33.16],[123.96,-33.54],[123.77,-33.7],[123.69,-33.82],[123.54,-33.91],[123.34,-33.9],[123.17,-34.02],[123.02,-33.86],[122.84,-33.91],[122.35,-33.91],[122.25,-34.02],[122.12,-34.03],[122.01,-33.83],[121.78,-33.9],[121.52,-33.82],[121.34,-33.82],[120.86,-33.86],[120.54,-33.92],[120.42,-33.97],[120.03,-33.93],[119.81,-33.98],[119.62,-34.1],[119.47,-34.33],[119.21,-34.5],[118.94,-34.45],[118.76,-34.53],[118.75,-34.61],[118.44,-34.74],[118.39,-34.84],[118.08,-34.99],[117.53,-35.09],[117.33,-35.02],[116.46,-35],[116.18,-34.85],[115.97,-34.82],[115.91,-34.7],[115.65,-34.47],[115.31,-34.3],[115.01,-34.26],[114.95,-33.69],[115,-33.52],[115.22,-33.65],[115.43,-33.61],[115.71,-33.24],[115.62,-32.81],[115.76,-32.57],[115.73,-32.32],[115.76,-32.19],[115.74,-31.87],[115.68,-31.66],[115.44,-31.28],[115.31,-30.99],[115.17,-30.77],[115.05,-30.5],[115.02,-30.27],[114.94,-30.06],[114.94,-29.74],[114.98,-29.49],[114.83,-29.1],[114.62,-28.87],[114.58,-28.63],[114.31,-28.23],[114.15,-28.09],[114.09,-27.85],[114.14,-27.71],[114.07,-27.45],[113.8,-26.97],[113.5,-26.6],[113.28,-26.4],[113.22,-26.24],[113.37,-26.12],[113.51,-26.28],[113.55,-26.51],[113.64,-26.65],[113.78,-26.6],[113.86,-26.51],[113.86,-26.34],[113.55,-26.07],[113.49,-25.86],[113.4,-25.74],[113.5,-25.56],[113.73,-25.89],[113.68,-26.12],[113.8,-26.17],[113.88,-26.03],[113.96,-26.33],[114.07,-26.46],[114.19,-26.37],[114.17,-26.18],[114.26,-25.85],[114.03,-25.63],[113.81,-25.18],[113.7,-25.12],[113.6,-24.84],[113.61,-24.75],[113.43,-24.53],[113.38,-24.23],[113.53,-23.76],[113.6,-23.63],[113.74,-23.53],[113.78,-23.33],[113.76,-23.19],[113.82,-23.03],[113.77,-22.82],[113.66,-22.6],[113.8,-22.33],[113.89,-22.06],[114.01,-21.86],[114.13,-21.91],[114.08,-22.17],[114.14,-22.3],[114.15,-22.53],[114.37,-22.44],[114.46,-22.19],[114.64,-21.86],[114.94,-21.69],[115.05,-21.68],[115.45,-21.52],[115.62,-21.33],[115.79,-21.25],[115.93,-21.07],[116.16,-20.97],[116.19,-20.9],[116.48,-20.81],[116.71,-20.65],[116.88,-20.72],[117.07,-20.62],[117.32,-20.73],[117.69,-20.68],[117.83,-20.62],[118.07,-20.41],[118.82,-20.27],[118.98,-20.04],[119.17,-19.96],[119.6,-20.07],[119.79,-19.97],[120.24,-19.91],[120.88,-19.67],[121.23,-19.44],[121.49,-19.12],[121.64,-18.81],[121.78,-18.64],[121.77,-18.56],[122.31,-18.16],[122.37,-18.04],[122.21,-17.89],[122.2,-17.7],[122.15,-17.58],[122.14,-17.36],[122.26,-17.11],[122.45,-16.95],[122.52,-16.84],[122.75,-16.76],[122.76,-16.6],[122.89,-16.5],[123.1,-16.72],[123.31,-17.14],[123.55,-17.52],[123.62,-17.21],[123.57,-17.07],[123.66,-16.99],[123.86,-17.21],[123.78,-16.9],[123.61,-16.67],[123.61,-16.56],[123.71,-16.43],[123.71,-16.34],[123.56,-16.29],[123.6,-16.16],[123.73,-16.14],[123.73,-16.26],[123.84,-16.37],[123.96,-16.25],[124.17,-16.3],[124.23,-16.4],[124.42,-16.35],[124.38,-16.22],[124.43,-16.1],[124.59,-16.11],[124.53,-15.94],[124.4,-15.86],[124.37,-15.67],[124.46,-15.48],[124.58,-15.52],[124.67,-15.45],[124.71,-15.25],[125.08,-15.43],[125.1,-15.3],[124.91,-15.34],[124.82,-15.16],[125.03,-15.07],[125.24,-14.9],[125.14,-14.75],[125.34,-14.52],[125.59,-14.55],[125.58,-14.31],[125.73,-14.27],[125.72,-14.4],[125.84,-14.46],[125.82,-14.57],[125.91,-14.65],[126.04,-14.52],[126.15,-14.13],[126.07,-13.92],[126.22,-13.96],[126.16,-14.06],[126.28,-14.22],[126.33,-14.05],[126.46,-14.08],[126.6,-14.23],[126.79,-13.97],[126.75,-13.8],[126.96,-13.73],[127.07,-13.85],[127.43,-13.95],[127.52,-14.09],[127.66,-14.18],[127.96,-14.58],[128.17,-14.7],[128.07,-15.1],[128.08,-15.21],[128.22,-15.19],[128.19,-15.07],[128.46,-15],[128.39,-14.8],[128.54,-14.76],[129.09,-14.9],[129.33,-14.87],[129.49,-14.95],[129.61,-14.95],[129.68,-14.77],[129.59,-14.57],[129.36,-14.41],[129.49,-14.14],[129.75,-13.96],[129.83,-13.52],[130.04,-13.51],[130.26,-13.33],[130.12,-13.15],[130.12,-12.97],[130.33,-12.89],[130.35,-12.67],[130.51,-12.6],[130.66,-12.39],[130.77,-12.43],[130.9,-12.61],[130.95,-12.54],[130.82,-12.44],[130.85,-12.37],[131.03,-12.36],[131.02,-12.15],[131.34,-12.22],[131.49,-12.3],[131.93,-12.27],[132.06,-12.31],[132.22,-12.2],[132.36,-12.2],[132.64,-12.08],[132.62,-11.81],[132.69,-11.66],[132.49,-11.48],[132.37,-11.44],[132.11,-11.53],[131.87,-11.31],[131.87,-11.18],[131.98,-11.13],[132.24,-11.36],[132.18,-11.13],[132.34,-11.13],[132.46,-11.22],[132.65,-11.49],[132.73,-11.52],[132.87,-11.33],[133.05,-11.5],[133.15,-11.69],[133.62,-11.83],[133.8,-11.72],[133.84,-11.85],[133.94,-11.91],[134.05,-11.84],[134.19,-11.95],[134.21,-12.06],[134.37,-12.04],[134.6,-12.06],[134.77,-12],[134.87,-12.13],[135.08,-12.27],[135.23,-12.28],[135.38,-12.09],[135.59,-12.1],[135.59,-11.96],[135.75,-11.94],[135.79,-12.04],[135.67,-12.16],[135.74,-12.28],[135.88,-12.15],[135.97,-12.27],[136.03,-12.47],[136.29,-12.41],[136.36,-12.24],[136.18,-12.17],[136.45,-11.95],[136.54,-12.01],[136.6,-12.18],[136.72,-12.28],[136.78,-12.17],[136.88,-12.22],[136.98,-12.36],[136.8,-12.48],[136.64,-12.7],[136.55,-12.96],[136.53,-13.15],[136.37,-13.25],[136.37,-13.07],[136.2,-13.24],[136.1,-13.18],[135.89,-13.34],[135.85,-13.6],[135.89,-13.73],[136.02,-13.76],[135.92,-13.96],[135.9,-14.14],[135.62,-14.44],[135.54,-14.65],[135.41,-14.73],[135.43,-14.9],[135.54,-15.02],[135.67,-15.06],[135.94,-15.26],[136.24,-15.42],[136.32,-15.6],[136.57,-15.72],[136.77,-15.9],[137.03,-15.91],[137.37,-16.13],[137.74,-16.25],[137.86,-16.44],[138.19,-16.71],[138.51,-16.79],[138.64,-16.78],[138.84,-16.88],[139.03,-16.91],[139.14,-17.07],[139.16,-17.2],[139.26,-17.34],[139.44,-17.38],[139.62,-17.52],[139.81,-17.58],[139.98,-17.7],[140.13,-17.72],[140.37,-17.68],[140.62,-17.58],[140.83,-17.45],[140.89,-17.36],[140.96,-17],[141.18,-16.73],[141.29,-16.5],[141.43,-16.07],[141.4,-15.91],[141.47,-15.5],[141.63,-15.15],[141.67,-15.03],[141.57,-14.76],[141.52,-14.48],[141.59,-14.26],[141.58,-14.07],[141.48,-13.95],[141.47,-13.83],[141.54,-13.53],[141.68,-13.28],[141.59,-12.99],[141.71,-12.87],[141.84,-12.67],[141.66,-12.45],[141.78,-12.21],[141.81,-12.05],[141.92,-12.09],[141.97,-11.81],[142.12,-11.37],[142.16,-11.15],[142.14,-10.97],[142.34,-10.9],[142.44,-10.71],[142.61,-10.75],[142.61,-10.87],[142.74,-10.99],[142.87,-11.39],[142.84,-11.51],[142.86,-11.83],[142.97,-11.93],[143.13,-11.91],[143.2,-11.99],[143.1,-12.14],[143.08,-12.33],[143.28,-12.41],[143.28,-12.52],[143.43,-12.62],[143.36,-12.85],[143.51,-12.88],[143.5,-13.1],[143.53,-13.34],[143.59,-13.43],[143.53,-13.76],[143.6,-13.94],[143.69,-14.02],[143.7,-14.19],[143.78,-14.41],[143.89,-14.49],[144.01,-14.49],[144.15,-14.38],[144.44,-14.25],[144.57,-14.36],[144.68,-14.56],[144.9,-14.62],[144.96,-14.75],[145.21,-14.86],[145.32,-14.95],[145.24,-15.1],[145.29,-15.33],[145.25,-15.45],[145.36,-15.73],[145.35,-15.89],[145.46,-16.08],[145.4,-16.44],[145.77,-16.89],[145.93,-16.87],[145.88,-17.07],[146.03,-17.36],[146.1,-17.69],[146.09,-17.96],[146,-18.14],[146.02,-18.27],[146.21,-18.49],[146.33,-18.54],[146.27,-18.85],[146.45,-19.07],[146.65,-19.18],[146.76,-19.19],[146.89,-19.3],[147.25,-19.43],[147.43,-19.41],[147.56,-19.54],[147.59,-19.73],[147.67,-19.82],[147.86,-19.85],[147.94,-19.91],[148.22,-19.95],[148.27,-20.08],[148.41,-20.21],[148.52,-20.09],[148.67,-20.22],[148.77,-20.23],[148.84,-20.39],[148.67,-20.56],[148.73,-20.72],[148.85,-20.84],[149.03,-20.92],[149.21,-21.08],[149.24,-21.28],[149.44,-21.58],[149.43,-21.77],[149.59,-22.23],[149.7,-22.35],[149.92,-22.35],[149.96,-22.21],[150.08,-22.16],[150.19,-22.37],[150.56,-22.58],[150.53,-22.38],[150.71,-22.44],[150.68,-22.55],[150.82,-22.73],[150.76,-23.13],[150.81,-23.24],[150.8,-23.38],[150.87,-23.5],[151.02,-23.56],[151.17,-23.79],[151.32,-23.86],[151.54,-24.04],[151.68,-23.99],[151.94,-24.24],[152,-24.41],[152.13,-24.61],[152.45,-24.78],[152.53,-25.04],[152.67,-25.25],[152.91,-25.29],[152.95,-25.44],[152.89,-25.56],[152.92,-25.74],[153.04,-25.89],[153.18,-25.95],[153.07,-26.31],[153.14,-26.73],[153.16,-27.08],[153.03,-27.18],[153.06,-27.31],[153.26,-27.48],[153.32,-27.67],[153.43,-27.85],[153.41,-27.98],[153.59,-28.27],[153.56,-28.49],[153.62,-28.66],[153.61,-28.86],[153.45,-29.04],[153.34,-29.33],[153.37,-29.4],[153.25,-29.95],[153.03,-30.51],[153.01,-30.84],[153.07,-30.95],[152.95,-31.36],[152.83,-31.7],[152.56,-32.03],[152.51,-32.13],[152.53,-32.4],[152.28,-32.6],[152.13,-32.68],[152.14,-32.77],[151.81,-32.89],[151.67,-33.07],[151.57,-33.27],[151.45,-33.32],[151.45,-33.5],[151.34,-33.63],[151.27,-33.97],[150.93,-34.33],[150.84,-34.56],[150.83,-34.79],[150.75,-34.88],[150.78,-35.01],[150.7,-35.13],[150.56,-35.21],[150.41,-35.53],[150.16,-35.94],[150.14,-36.33],[150.08,-36.39],[150.02,-36.63],[149.9,-36.92],[149.91,-37.07],[150.01,-37.16],[149.95,-37.28],[149.98,-37.51],[149.79,-37.56],[149.67,-37.7],[149.46,-37.78],[148.31,-37.82],[147.96,-37.9],[147.54,-38.11],[147.21,-38.36],[146.87,-38.65],[146.18,-38.76],[146.3,-38.92],[146.47,-38.81],[146.48,-39.08],[146.32,-39.1],[146.21,-38.9],[146.07,-38.82],[145.9,-38.86],[145.82,-38.65],[145.57,-38.67],[145.42,-38.55],[145.56,-38.37],[145.44,-38.23],[145.26,-38.24],[145.21,-38.35],[145.03,-38.5],[144.9,-38.51],[144.84,-38.38],[144.99,-38.34],[145.13,-38.14],[144.98,-37.89],[144.82,-37.9],[144.53,-38.1],[144.71,-38.22],[144.63,-38.3],[144.4,-38.31],[144.06,-38.48],[143.84,-38.7],[143.73,-38.72],[143.54,-38.86],[143.39,-38.77],[143.05,-38.64],[142.8,-38.58],[142.54,-38.41],[142.38,-38.36],[142.16,-38.4],[141.96,-38.29],[141.68,-38.28],[141.57,-38.42],[141.45,-38.37],[141.19,-38.16],[141.03,-38.08],[140.68,-38.07],[140.36,-37.86],[140.12,-37.53],[139.99,-37.49],[139.75,-37.2],[139.75,-36.92],[139.85,-36.83],[139.86,-36.66],[139.66,-36.21]]],[[[139.74,-16.48],[139.58,-16.5],[139.45,-16.66],[139.19,-16.73],[139.16,-16.61],[139.31,-16.46],[139.53,-16.41],[139.74,-16.48]]],[[[124.63,-15.41],[124.46,-15.37],[124.55,-15.26],[124.63,-15.41]]],[[[136.71,-13.84],[136.81,-13.85],[136.71,-14.08],[136.75,-14.26],[136.63,-14.28],[136.38,-14.22],[136.41,-13.97],[136.46,-13.84],[136.71,-13.84]]],[[[130.64,-11.77],[130.49,-11.84],[130.33,-11.78],[130.1,-11.83],[130.08,-11.67],[130.2,-11.66],[130.17,-11.48],[130.26,-11.34],[130.34,-11.33],[130.49,-11.69],[130.64,-11.77]]],[[[130.57,-11.35],[130.7,-11.39],[130.9,-11.31],[131,-11.35],[131.27,-11.19],[131.42,-11.25],[131.54,-11.47],[131.28,-11.73],[130.96,-11.94],[130.68,-11.78],[130.49,-11.64],[130.36,-11.25],[130.39,-11.16],[130.57,-11.35]]],[[[132.62,-11.28],[132.5,-11.05],[132.58,-11.02],[132.62,-11.28]]]]}},{"type":"Feature","properties":{"NAME":"Papua","ABBREVN":"Papua","SUBJECTO":"Papua","BORDERPRECISION":3,"PARTOF":"Papua","SHAPE_HASH":"01807a0c57"},"geometry":{"type":"MultiPolygon","coordinates":[[[[153.78,-11.61],[153.57,-11.64],[153.39,-11.5],[153.27,-11.46],[153.2,-11.32],[153.78,-11.61]]],[[[151.07,-10.02],[151.19,-9.94],[151.3,-9.96],[151.22,-10.17],[150.95,-10.11],[150.76,-9.71],[150.94,-9.85],[151.07,-10.02]]],[[[150.67,-9.44],[150.76,-9.41],[150.89,-9.52],[150.93,-9.65],[150.66,-9.66],[150.51,-9.62],[150.43,-9.44],[150.48,-9.34],[150.67,-9.44]]],[[[150.34,-9.52],[150.11,-9.37],[150.12,-9.26],[150.23,-9.21],[150.38,-9.39],[150.34,-9.52]]],[[[152.81,-8.97],[153.02,-9.12],[152.83,-9.23],[152.65,-9.07],[152.62,-8.96],[152.81,-8.97]]],[[[141.01,-9.13],[141.01,-8.41],[141,-6.9],[140.9,-6.86],[140.86,-6.63],[141.01,-6.33],[141.01,-5.16],[144.13,-6.09],[147.37,-8.02],[147.99,-8.05],[148.14,-8.07],[148.2,-8.26],[148.22,-8.53],[148.48,-8.74],[148.54,-9.01],[148.59,-9.07],[148.78,-9.1],[149.14,-9.01],[149.31,-9.02],[149.34,-9.13],[149.18,-9.36],[149.23,-9.49],[149.45,-9.6],[149.74,-9.6],[150.01,-9.63],[149.99,-9.75],[149.77,-9.79],[149.72,-9.85],[149.94,-10.06],[150.19,-10.09],[150.42,-10.3],[150.35,-10.39],[150.65,-10.48],[150.68,-10.58],[150.49,-10.62],[150.43,-10.69],[150.21,-10.7],[150.11,-10.66],[149.99,-10.52],[150.08,-10.46],[149.72,-10.34],[149.54,-10.36],[149.09,-10.23],[148.93,-10.27],[148.64,-10.19],[148.47,-10.2],[148.16,-10.08],[147.95,-10.15],[147.86,-10.04],[147.62,-9.99],[147.5,-9.87],[147.49,-9.77],[147.3,-9.53],[147.06,-9.47],[146.93,-9.28],[146.84,-9.1],[146.63,-9.03],[146.55,-8.9],[146.57,-8.81],[146.28,-8.44],[146.22,-8.27],[146.09,-8.09],[145.84,-8.03],[145.62,-7.94],[145.44,-7.95],[145.24,-7.87],[144.88,-7.78],[144.79,-7.69],[144.59,-7.66],[144.41,-7.57],[144.47,-7.74],[144.22,-7.79],[143.91,-7.69],[143.85,-7.81],[143.96,-7.98],[143.89,-8.04],[143.62,-7.99],[143.54,-8.05],[143.61,-8.24],[143.34,-8.25],[142.97,-8.34],[142.91,-8.42],[143.11,-8.47],[143.28,-8.62],[143.39,-8.78],[143.4,-8.97],[143.04,-9.09],[142.9,-9.2],[142.63,-9.33],[142.43,-9.23],[142.21,-9.16],[141.94,-9.21],[141.52,-9.22],[141.32,-9.15],[141.11,-9.23],[141.01,-9.13]]]]}},{"type":"Feature","properties":{"NAME":"New Guinea (German New Guinea)","ABBREVN":"New Guinea (German New Guinea)","SUBJECTO":"New Guinea (German New Guinea)","BORDERPRECISION":3,"PARTOF":"New Guinea (German New Guinea)","SHAPE_HASH":"7a45450373"},"geometry":{"type":"MultiPolygon","coordinates":[[[[148.02,-5.84],[147.87,-5.75],[147.77,-5.62],[147.85,-5.49],[148.07,-5.63],[148.02,-5.84]]],[[[155.07,-5.56],[155.22,-5.87],[155.4,-6],[155.49,-6.19],[155.61,-6.22],[155.83,-6.4],[155.91,-6.52],[155.97,-6.71],[155.71,-6.88],[155.56,-6.85],[155.34,-6.74],[155.19,-6.56],[155.23,-6.44],[155.18,-6.29],[154.99,-6.21],[154.75,-5.95],[154.7,-5.77],[154.75,-5.52],[155.07,-5.56]]],[[[147.22,-5.43],[147.13,-5.45],[147.01,-5.35],[147.01,-5.24],[147.13,-5.19],[147.21,-5.27],[147.22,-5.43]]],[[[154.67,-5.03],[154.73,-5.21],[154.69,-5.43],[154.62,-5.43],[154.53,-5.13],[154.67,-5.03]]],[[[145.99,-4.75],[145.87,-4.67],[145.97,-4.53],[146.05,-4.6],[145.99,-4.75]]],[[[152.24,-4.21],[152.19,-4.32],[152.36,-4.34],[152.4,-4.62],[152.39,-4.79],[152.24,-4.99],[151.99,-4.97],[151.98,-5.16],[152.13,-5.3],[152.1,-5.46],[151.84,-5.6],[151.7,-5.53],[151.46,-5.54],[151.38,-5.81],[151.17,-5.96],[150.86,-6.04],[150.77,-6.14],[150.64,-6.15],[150.4,-6.29],[150.18,-6.26],[150.01,-6.3],[149.63,-6.31],[149.49,-6.12],[149.34,-6.06],[149.08,-6.14],[149.06,-6.04],[148.88,-5.98],[148.76,-5.86],[148.53,-5.83],[148.36,-5.75],[148.32,-5.63],[148.36,-5.49],[148.88,-5.5],[148.99,-5.48],[149.22,-5.61],[149.61,-5.52],[149.71,-5.56],[149.88,-5.54],[149.98,-5.43],[149.92,-5.35],[150,-5.17],[150.12,-5.51],[150.29,-5.57],[150.42,-5.46],[150.58,-5.48],[150.68,-5.55],[150.91,-5.49],[151.02,-5.37],[151.1,-5.14],[151.26,-4.99],[151.51,-4.94],[151.61,-4.97],[151.69,-4.86],[151.63,-4.5],[151.5,-4.23],[151.54,-4.18],[151.84,-4.22],[151.99,-4.33],[152.14,-4.2],[152.24,-4.21]]],[[[141.01,-5.16],[141.01,-4.91],[141,-2.61],[141.21,-2.62],[141.37,-2.72],[141.61,-2.81],[141.89,-2.97],[142,-2.96],[142.12,-3.06],[142.55,-3.22],[143.04,-3.36],[143.53,-3.44],[143.61,-3.55],[143.8,-3.61],[144.02,-3.81],[144.25,-3.87],[144.28,-3.81],[144.51,-3.82],[144.55,-3.97],[144.88,-4.11],[145.09,-4.37],[145.34,-4.39],[145.62,-4.7],[145.74,-4.8],[145.81,-5.07],[145.72,-5.43],[145.79,-5.49],[145.97,-5.47],[146.29,-5.59],[146.47,-5.61],[146.66,-5.76],[146.88,-5.83],[147.11,-5.97],[147.28,-5.94],[147.47,-5.97],[147.57,-6.06],[147.83,-6.34],[147.87,-6.66],[147.81,-6.72],[147.57,-6.75],[146.96,-6.75],[146.95,-6.97],[147.13,-7.2],[147.18,-7.46],[147.33,-7.5],[147.46,-7.6],[147.69,-7.83],[147.76,-7.95],[147.86,-7.94],[147.99,-8.05],[147.37,-8.02],[144.13,-6.09],[141.01,-5.16]]],[[[151.09,-2.75],[151.28,-2.87],[151.42,-2.9],[151.82,-3.2],[152.06,-3.25],[152.21,-3.46],[152.49,-3.65],[152.58,-3.82],[152.77,-3.9],[152.92,-4],[153.13,-4.27],[153.13,-4.39],[153.04,-4.49],[153.08,-4.59],[152.9,-4.82],[152.74,-4.67],[152.66,-4.47],[152.69,-4.19],[152.54,-3.9],[152.37,-3.73],[152.29,-3.58],[152.14,-3.49],[151.93,-3.45],[151.76,-3.32],[151.62,-3.17],[151.21,-2.94],[151.09,-2.75]]],[[[150.46,-2.65],[150.19,-2.69],[149.96,-2.47],[150.21,-2.38],[150.44,-2.48],[150.46,-2.65]]],[[[147.3,-2.03],[147.21,-2.19],[146.98,-2.2],[146.73,-2.16],[146.57,-2.24],[146.52,-2.15],[146.58,-2],[146.87,-1.95],[147.12,-1.97],[147.3,-2.03]]],[[[149.72,-1.43],[149.67,-1.58],[149.53,-1.46],[149.58,-1.36],[149.72,-1.43]]]]}},{"type":"Feature","properties":{"NAME":"New Zealand","ABBREVN":"New Zealand","SUBJECTO":"New Zealand","BORDERPRECISION":3,"PARTOF":"New Zealand","SHAPE_HASH":"6c757e385c"},"geometry":{"type":"MultiPolygon","coordinates":[[[[166.25,-50.83],[165.89,-50.85],[165.9,-50.77],[166.14,-50.7],[166.25,-50.83]]],[[[168.22,-47.07],[167.78,-47.16],[167.68,-47.26],[167.53,-47.2],[167.81,-46.9],[167.77,-46.7],[167.92,-46.68],[168.18,-46.87],[168.22,-47.07]]],[[[173.99,-36.14],[174.19,-36.37],[174.09,-36.41],[174.02,-36.27],[173.83,-36.03],[173.09,-35.21],[173.2,-35.1],[173.14,-34.93],[172.81,-34.57],[172.74,-34.44],[172.91,-34.41],[172.91,-34.55],[173.06,-34.67],[173.14,-34.83],[173.36,-34.97],[173.59,-34.93],[173.84,-35],[174.1,-35.12],[174.14,-35.33],[174.32,-35.23],[174.58,-35.61],[174.36,-35.72],[174.48,-35.82],[174.5,-35.99],[174.78,-36.27],[174.71,-36.54],[174.81,-36.81],[175.32,-37.01],[175.39,-37.23],[175.58,-37.24],[175.54,-36.99],[175.44,-36.87],[175.63,-36.71],[175.84,-36.75],[175.92,-37.07],[175.88,-37.17],[175.98,-37.45],[175.99,-37.64],[176.27,-37.68],[176.66,-37.86],[177.08,-37.97],[177.16,-38.01],[177.42,-37.98],[177.6,-37.88],[177.74,-37.68],[178.06,-37.54],[178.28,-37.56],[178.56,-37.72],[178.35,-38.02],[178.3,-38.53],[177.94,-38.79],[177.9,-39.05],[177.43,-39.06],[177.05,-39.2],[176.9,-39.44],[176.95,-39.66],[177.02,-39.77],[176.8,-40.22],[176.35,-40.69],[176.24,-40.91],[175.96,-41.26],[175.74,-41.39],[175.32,-41.62],[175.23,-41.62],[175.19,-41.43],[175.05,-41.38],[174.87,-41.43],[174.61,-41.23],[174.72,-41.2],[174.94,-40.97],[175.17,-40.61],[175.24,-40.33],[175.16,-40.1],[174.97,-39.92],[174.55,-39.82],[174.35,-39.64],[173.97,-39.54],[173.79,-39.42],[173.75,-39.27],[173.84,-39.14],[174.21,-38.98],[174.39,-38.98],[174.59,-38.83],[174.72,-38.19],[174.85,-38.16],[174.89,-37.97],[174.78,-37.98],[174.85,-37.77],[174.7,-37.34],[174.72,-37.15],[174.88,-37.09],[174.66,-36.95],[174.5,-37.03],[174.37,-36.63],[174.44,-36.41],[174.3,-36.39],[174.26,-36.27],[173.99,-36.14]]],[[[172.8,-40.52],[172.66,-40.65],[172.86,-40.85],[173.05,-40.87],[173.03,-41.03],[173.08,-41.29],[173.2,-41.31],[173.38,-41.18],[173.7,-41],[173.82,-40.99],[173.81,-41.29],[174.1,-41.2],[173.9,-41.13],[174.03,-41],[174.25,-41.04],[174.21,-41.2],[174.05,-41.42],[174.29,-41.74],[174.24,-41.84],[173.98,-42.06],[173.96,-42.17],[173.57,-42.48],[173.33,-42.91],[173.1,-43.06],[172.84,-43.15],[172.73,-43.42],[172.78,-43.61],[173.06,-43.65],[173.11,-43.83],[172.87,-43.9],[172.5,-43.72],[172.39,-43.86],[172.19,-43.91],[171.58,-44.15],[171.36,-44.29],[171.2,-44.56],[171.2,-44.92],[170.96,-45.17],[170.86,-45.49],[170.62,-45.84],[170.31,-45.99],[170.24,-46.15],[169.85,-46.39],[169.7,-46.56],[169.46,-46.62],[169.01,-46.68],[168.84,-46.56],[168.49,-46.61],[168.37,-46.42],[168.12,-46.34],[167.83,-46.4],[167.78,-46.28],[167.6,-46.17],[167.45,-46.16],[167.28,-46.27],[166.72,-46.21],[166.74,-46.12],[166.48,-46.01],[166.54,-45.8],[166.89,-45.78],[166.7,-45.55],[166.87,-45.28],[167.09,-45.27],[167,-45.15],[167.23,-44.93],[167.74,-44.61],[167.96,-44.4],[168.13,-44.32],[168.38,-44.04],[168.86,-43.97],[169.22,-43.74],[169.72,-43.57],[169.88,-43.4],[170.05,-43.31],[170.29,-43.11],[170.79,-42.9],[171.15,-42.56],[171.31,-42.28],[171.36,-42.07],[171.51,-41.76],[171.66,-41.76],[171.89,-41.63],[172.12,-41.28],[172.11,-40.88],[172.63,-40.51],[172.8,-40.52]]]]}},{"type":"Feature","properties":{"NAME":"New Caledonia and Dependencies","ABBREVN":"New Caledonia and Dependencies","SUBJECTO":"New Caledonia and Dependencies","BORDERPRECISION":3,"PARTOF":"New Caledonia and Dependencies","SHAPE_HASH":"c8b852bf85"},"geometry":{"type":"MultiPolygon","coordinates":[[[[167.27,-22.77],[167.15,-22.81],[167.06,-22.61],[167.1,-22.5],[167.3,-22.57],[167.27,-22.77]]],[[[167.6,-21.35],[167.73,-21.33],[167.85,-21.44],[167.84,-21.54],[167.67,-21.66],[167.53,-21.54],[167.48,-21.33],[167.6,-21.35]]],[[[167.01,-20.57],[167.18,-20.63],[167.13,-20.85],[167.35,-21.02],[167.29,-21.16],[167.1,-21.12],[166.86,-20.96],[166.82,-20.67],[167.01,-20.57]]],[[[166.58,-20.47],[166.46,-20.53],[166.37,-20.45],[166.37,-20.28],[166.44,-20.18],[166.58,-20.28],[166.58,-20.47]]],[[[164.35,-20.01],[164.44,-20.07],[164.55,-19.91],[164.67,-19.95],[164.7,-20.15],[164.8,-20.35],[164.87,-20.57],[165.04,-20.68],[165.24,-20.71],[165.31,-20.79],[165.59,-20.97],[165.84,-21.29],[166.05,-21.37],[166.44,-21.84],[166.66,-21.91],[166.65,-22.18],[166.45,-22.31],[166.35,-22.31],[165.95,-22.12],[165.89,-21.86],[165.76,-21.8],[165.51,-21.59],[165.31,-21.46],[165.15,-21.41],[164.93,-21.19],[164.84,-21.17],[164.5,-20.84],[164.41,-20.65],[164.27,-20.49],[164.23,-20.28],[164.07,-20.16],[164.03,-20.01],[164.1,-19.81],[164.26,-19.85],[164.35,-20.01]]]]}},{"type":"Feature","properties":{"NAME":"Solomon Islands","ABBREVN":"Solomon Islands","SUBJECTO":"Solomon Islands","BORDERPRECISION":3,"PARTOF":"Solomon Islands","SHAPE_HASH":"3cc55a7a49"},"geometry":{"type":"MultiPolygon","coordinates":[[[[166.14,-10.76],[165.96,-10.78],[165.88,-10.87],[165.78,-10.76],[165.91,-10.67],[166.16,-10.68],[166.14,-10.76]]],[[[161.55,-10.28],[161.84,-10.45],[162.13,-10.47],[162.29,-10.73],[162.31,-10.84],[161.88,-10.77],[161.64,-10.63],[161.54,-10.53],[161.5,-10.37],[161.29,-10.33],[161.3,-10.21],[161.55,-10.28]]],[[[159.93,-9.43],[160.36,-9.42],[160.58,-9.55],[160.82,-9.83],[160.65,-9.93],[160.35,-9.83],[160.07,-9.83],[159.83,-9.8],[159.62,-9.54],[159.6,-9.32],[159.72,-9.26],[159.93,-9.43]]],[[[158.04,-8.76],[157.87,-8.68],[157.9,-8.57],[158,-8.51],[158.14,-8.57],[158.04,-8.76]]],[[[160.94,-8.82],[161.16,-8.97],[161.29,-9.36],[161.37,-9.48],[161.29,-9.57],[161.19,-9.4],[160.92,-9.19],[160.81,-9.06],[160.66,-8.61],[160.71,-8.52],[160.59,-8.38],[160.72,-8.31],[160.98,-8.59],[160.94,-8.82]]],[[[161.39,-9.49],[161.56,-9.64],[161.4,-9.66],[161.39,-9.49]]],[[[157.63,-8.24],[157.78,-8.25],[157.91,-8.48],[157.8,-8.59],[157.62,-8.48],[157.63,-8.39],[157.53,-8.26],[157.24,-8.31],[157.24,-8.2],[157.38,-8.03],[157.49,-7.97],[157.61,-8.06],[157.63,-8.24]]],[[[157.18,-8.12],[157.04,-8.12],[156.95,-7.97],[157.03,-7.87],[157.18,-7.93],[157.18,-8.12]]],[[[156.7,-7.95],[156.5,-7.69],[156.62,-7.59],[156.81,-7.73],[156.7,-7.95]]],[[[159.85,-8.33],[159.81,-8.52],[159.62,-8.36],[159.52,-8.34],[159.01,-8.09],[158.61,-7.77],[158.57,-7.66],[158.65,-7.57],[158.76,-7.62],[159.08,-7.9],[159.39,-7.99],[159.85,-8.33]]],[[[155.83,-7.1],[155.67,-7.09],[155.74,-6.97],[155.83,-7.1]]],[[[157.32,-7.28],[157.15,-7.33],[156.93,-7.22],[156.68,-6.9],[156.47,-6.74],[156.53,-6.61],[156.78,-6.78],[156.98,-6.87],[157.12,-6.97],[157.15,-7.12],[157.32,-7.28]]]]}},{"type":"Feature","properties":{"NAME":"Fiji","ABBREVN":"Fiji","SUBJECTO":"Fiji","BORDERPRECISION":3,"PARTOF":"Fiji","SHAPE_HASH":"3c80f5d900"},"geometry":{"type":"MultiPolygon","coordinates":[[[[178.5,-18.98],[178.47,-19.03],[178.19,-19.05],[178.14,-19.14],[177.97,-19.1],[178.34,-18.93],[178.5,-18.98]]],[[[178.28,-17.39],[178.59,-17.64],[178.62,-17.89],[178.69,-18.02],[178.53,-18.09],[178.27,-18.15],[178.16,-18.25],[177.86,-18.26],[177.61,-18.18],[177.33,-18.12],[177.25,-17.96],[177.26,-17.87],[177.43,-17.75],[177.39,-17.64],[177.51,-17.51],[177.82,-17.36],[177.95,-17.41],[178.17,-17.34],[178.28,-17.39]]]]}},{"type":"Feature","properties":{"NAME":"French Polynesia","ABBREVN":"French Polynesia","SUBJECTO":"French Polynesia","BORDERPRECISION":3,"PARTOF":"French Polynesia","SHAPE_HASH":"dd7984a968"},"geometry":{"type":"MultiPolygon","coordinates":[[[[-138.82,-21.91],[-139.01,-21.92],[-138.98,-21.77],[-138.81,-21.83],[-138.82,-21.91]]],[[[-140.53,-21.7],[-140.71,-21.7],[-140.6,-21.55],[-140.53,-21.7]]],[[[-136.15,-18.61],[-136.4,-18.62],[-136.38,-18.46],[-136.2,-18.5],[-136.15,-18.61]]],[[[-140.64,-18.38],[-140.8,-18.39],[-140.9,-18.32],[-141.07,-18.11],[-140.9,-18.01],[-140.8,-18.1],[-140.64,-18.38]]],[[[-142.16,-18.17],[-142.35,-18],[-142.22,-17.93],[-142.16,-18.17]]],[[[-149.34,-17.65],[-149.32,-17.75],[-149.6,-17.7],[-149.64,-17.61],[-149.57,-17.51],[-149.46,-17.5],[-149.34,-17.65]]],[[[-142.99,-17.06],[-143.1,-17.1],[-143.3,-16.95],[-143.23,-16.85],[-142.99,-17.06]]],[[[-144.56,-16.87],[-144.82,-16.82],[-144.78,-16.75],[-144.56,-16.87]]],[[[-143.34,-16.65],[-143.47,-16.65],[-143.62,-16.56],[-143.95,-16.4],[-143.87,-16.35],[-143.64,-16.47],[-143.34,-16.58],[-143.34,-16.65]]],[[[-145.32,-16.39],[-145.39,-16.48],[-145.61,-16.41],[-145.78,-16.11],[-145.66,-15.98],[-145.32,-16.39]]],[[[-142.29,-16.06],[-142.47,-16.15],[-142.44,-15.97],[-142.31,-15.94],[-142.29,-16.06]]],[[[-145.83,-15.79],[-145.78,-15.92],[-146.04,-15.92],[-146.05,-15.75],[-145.83,-15.79]]],[[[-146.4,-15.75],[-146.47,-15.8],[-146.77,-15.76],[-146.87,-15.63],[-146.76,-15.56],[-146.63,-15.65],[-146.4,-15.75]]],[[[-146.14,-15.37],[-146.36,-15.48],[-146.45,-15.42],[-146.4,-15.24],[-146.28,-15.24],[-146.14,-15.37]]],[[[-146.65,-15.37],[-146.83,-15.36],[-146.71,-15.15],[-146.6,-15.3],[-146.65,-15.37]]],[[[-147.19,-15.28],[-147.4,-15.31],[-147.69,-15.21],[-147.85,-15.11],[-147.75,-14.94],[-147.59,-14.97],[-147.48,-15.15],[-147.17,-15.21],[-147.19,-15.28]]],[[[-139.96,-8.84],[-139.93,-8.9],[-140.15,-8.98],[-140.17,-8.85],[-139.96,-8.84]]]]}},{"type":"Feature","properties":{"NAME":"Inini","ABBREVN":"Inini","SUBJECTO":"Inini","BORDERPRECISION":3,"PARTOF":"Inini","SHAPE_HASH":"7e72dd867e"},"geometry":{"type":"Polygon","coordinates":[[[-54.6,2.33],[-54.5,2.37],[-54.37,2.5],[-54.2,2.8],[-54.16,2.95],[-54.21,3.12],[-54,3.45],[-53.99,3.6],[-54.13,3.79],[-54.19,3.81],[-54.36,4.04],[-54.37,4.16],[-54.44,4.41],[-54.42,4.56],[-54.48,4.75],[-54.46,5],[-54.35,5.15],[-54.18,4.97],[-54.1,4.94],[-53.86,4.94],[-53.83,5.26],[-53.49,5.2],[-53.13,5.12],[-52.91,4.98],[-52.37,4.62],[-52.09,4.4],[-51.65,4.13],[-51.64,4.05],[-51.77,3.98],[-51.93,3.78],[-52,3.63],[-52.23,3.25],[-52.34,3.16],[-52.35,3.04],[-52.55,2.62],[-52.54,2.57],[-52.68,2.37],[-52.95,2.18],[-53.23,2.26],[-53.32,2.35],[-53.53,2.25],[-53.75,2.37],[-54.11,2.11],[-54.46,2.21],[-54.6,2.33]]]}},{"type":"Feature","properties":{"NAME":"Italian Somaliland","ABBREVN":"Italian Somaliland","SUBJECTO":"Italian Somaliland","BORDERPRECISION":3,"PARTOF":"Italian Somaliland","SHAPE_HASH":"dd6e76744e"},"geometry":{"type":"Polygon","coordinates":[[[41.56,-1.67],[41.56,-1.59],[41,-0.87],[40.99,0],[40.99,1.31],[40.99,2],[40.99,2.84],[41.34,3.17],[41.9,3.97],[42.07,4.18],[42.37,4.2],[42.88,4.32],[42.99,4.53],[43.16,4.67],[43.49,4.82],[43.98,4.96],[44.95,4.9],[45.96,6],[46.99,7.06],[47.99,8],[48.15,8.11],[48.27,8.27],[49.02,9],[49.04,9.25],[49.01,9.92],[49.01,11.13],[48.98,11.25],[49.42,11.34],[49.56,11.45],[49.78,11.45],[50.09,11.51],[50.44,11.68],[50.53,11.86],[50.77,11.98],[51.27,11.84],[51.24,11.67],[51.13,11.51],[51.08,11.33],[51.08,11.18],[51.16,11.15],[51.11,10.98],[51.15,10.63],[51.19,10.54],[51.38,10.49],[51.37,10.37],[51.22,10.43],[50.96,10.36],[50.9,10.31],[50.9,10.02],[50.8,9.57],[50.84,9.44],[50.64,9.18],[50.63,9.07],[50.48,8.94],[50.32,8.61],[50.31,8.52],[50.15,8.31],[50.07,8.14],[49.92,8.05],[49.81,7.88],[49.8,7.71],[49.59,7.32],[49.38,7.04],[49.22,6.76],[49.07,6.39],[49.04,6.15],[48.67,5.53],[48.31,5.07],[48.2,4.9],[48,4.52],[47.6,4.08],[47.45,3.88],[47.23,3.68],[46.76,3.16],[46.36,2.79],[46.11,2.52],[45.89,2.35],[45.37,2.04],[45,1.86],[44.54,1.55],[44.15,1.22],[43.95,1.02],[43.79,0.92],[43.49,0.65],[42.81,-0.09],[42.57,-0.31],[42.18,-0.8],[41.97,-1.02],[41.79,-1.34],[41.56,-1.67]]]}},{"type":"Feature","properties":{"NAME":"East Aden Protectorate","ABBREVN":"East Aden Protectorate","SUBJECTO":"East Aden Protectorate","BORDERPRECISION":3,"PARTOF":"East Aden Protectorate","SHAPE_HASH":"5f2b55982d"},"geometry":{"type":"MultiPolygon","coordinates":[[[[53.77,12.62],[53.82,12.61],[54.1,12.7],[54.45,12.58],[54.41,12.48],[54.14,12.35],[53.76,12.31],[53.57,12.35],[53.37,12.49],[53.4,12.65],[53.5,12.72],[53.65,12.7],[53.77,12.62]]],[[[46.71,16.03],[47.38,16.75],[48.03,17.46],[48.77,18.27],[50,18.55],[51.22,18.82],[52,19],[52.78,17.35],[53.11,16.64],[52.94,16.61],[52.6,16.48],[52.29,16.27],[52.16,15.98],[52.23,15.67],[52.19,15.61],[51.72,15.42],[51.66,15.36],[51.24,15.19],[50.45,15.01],[50.18,14.84],[49.96,14.85],[49.53,14.71],[49.09,14.52],[49.01,14.33],[48.69,14.04],[48.31,13.99],[48.02,14.05],[47.82,13.93],[47.65,13.88],[47.39,13.65],[47.29,13.81],[47.01,13.92],[46.96,14],[47.01,14.23],[46.95,14.43],[46.79,14.7],[46.77,14.99],[46.72,15.1],[46.73,15.61],[46.71,16.03]]]]}},{"type":"Feature","properties":{"NAME":"Southern Sakhalin Island","ABBREVN":"Southern Sakhalin Island","SUBJECTO":"Southern Sakhalin Island","BORDERPRECISION":3,"PARTOF":"Southern Sakhalin Island","SHAPE_HASH":"76c48fedf4"},"geometry":{"type":"Polygon","coordinates":[[[142.13,49.89],[144.05,49.9],[144.21,49.47],[144.36,49.02],[144.15,49.2],[143.95,49.28],[143.71,49.3],[143.4,49.4],[143.03,49.16],[142.99,48.92],[142.76,48.52],[142.54,48.01],[142.54,47.8],[142.63,47.58],[143.02,47.25],[143.17,46.71],[143.35,46.68],[143.52,46.58],[143.6,46.38],[143.43,46.18],[143.34,46.4],[143.36,46.56],[142.78,46.6],[142.72,46.74],[142.53,46.68],[142.42,46.58],[142.3,46.34],[142.2,46.02],[142.09,45.89],[141.93,46.05],[141.81,46.59],[142.05,47.04],[141.97,47.28],[141.96,47.6],[142.19,47.95],[142.16,48.24],[141.85,48.76],[141.96,48.86],[142.12,49.46],[142.16,49.79],[142.13,49.89]]]}}]}