{"type":"FeatureCollection", "features": [
{"type":"Feature","geometry":{"type":"MultiPolygon","coordinates":[[[[-72.39,41.08],[-72.64,40.98],[-73.59,40.92],[-73.56,40.65],[-72.54,40.83],[-72.39,41.08]]],[[[-122.76,49],[-122.5,48.74],[-122.29,47.96],[-122.78,48.09],[-124.04,48.19],[-124.71,48.4],[-124.67,48.04],[-124.36,47.67],[-124.3,47.37],[-123.97,46.93],[-123.88,46.53],[-123.94,45.18],[-124.15,43.79],[-124.51,42.91],[-124.34,42.12],[-124.05,41.39],[-124.14,40.81],[-124.38,40.45],[-124.33,40.27],[-123.87,39.87],[-123.7,38.93],[-123.11,38.46],[-122.78,38],[-122.17,37.71],[-122.5,37.59],[-122.38,37.2],[-121.76,36.81],[-121.94,36.59],[-121.87,36.32],[-120.6,35.1],[-120.63,34.58],[-120.45,34.46],[-119.54,34.41],[-119.13,34.11],[-118.55,34.06],[-118.4,33.75],[-118.11,33.76],[-117.49,33.34],[-117.32,33.11],[-117.12,32.54],[-114.72,32.72],[-114.8,32.5],[-113.34,32.06],[-111.05,31.33],[-108.21,31.33],[-108.21,31.78],[-106.53,31.78],[-105.39,30.87],[-104.9,30.57],[-104.67,30.17],[-104.54,29.67],[-104.02,29.32],[-103.16,28.98],[-102.9,29.25],[-102.67,29.74],[-102.3,29.89],[-102.1,29.8],[-101.41,29.77],[-100.67,29.11],[-100.28,28.28],[-100.08,28.16],[-99.71,27.67],[-99.5,27.57],[-99.46,27.05],[-99.1,26.44],[-98.06,26.04],[-97.68,26.04],[-97.42,25.84],[-97.24,25.98],[-97.56,26.84],[-97.28,27.66],[-97.02,28.03],[-96.13,28.6],[-95.3,28.93],[-94.9,29.31],[-94.96,29.7],[-94.52,29.52],[-94.04,29.68],[-93.3,29.79],[-92.27,29.54],[-92.15,29.77],[-91.63,29.74],[-91.27,29.47],[-91.25,29.24],[-90.7,29.12],[-90.44,29.33],[-90.03,29.43],[-89.48,29.23],[-89.66,29.67],[-89.33,29.88],[-90.41,30.1],[-90.24,30.38],[-89.59,30.15],[-89.31,30.31],[-88.83,30.41],[-88.46,30.32],[-87.91,30.41],[-87.73,30.23],[-87.31,30.32],[-87.16,30.52],[-86.6,30.42],[-86.26,30.5],[-86.09,30.3],[-85.76,30.24],[-85.36,29.9],[-85.3,29.69],[-84.87,29.74],[-84.21,30.11],[-83.63,29.88],[-83.07,29.22],[-82.8,29.15],[-82.63,28.88],[-82.66,28.44],[-82.85,27.86],[-82.39,27.82],[-82.62,27.55],[-82.4,26.96],[-82.02,26.96],[-82.07,26.55],[-81.88,26.45],[-81.74,25.96],[-81.33,25.79],[-81.13,25.38],[-80.68,25.16],[-80.38,25.32],[-80.14,25.91],[-80.03,26.63],[-80.08,26.99],[-80.76,28.42],[-80.6,28.61],[-80.97,29.15],[-81.26,29.8],[-81.53,30.85],[-81.28,31.22],[-81.12,31.73],[-80.88,32.08],[-80.22,32.54],[-79.99,32.62],[-79.21,33.17],[-79.14,33.42],[-78.6,33.87],[-78.03,33.89],[-77.68,34.37],[-77.09,34.68],[-76.34,34.88],[-76.66,35.17],[-76.46,35.37],[-76.15,35.34],[-75.72,35.81],[-76.03,36.5],[-75.99,36.91],[-76.31,36.94],[-76.24,38.37],[-75.66,37.84],[-75.09,38.33],[-75.06,38.59],[-75.39,39.08],[-74.92,39.19],[-74.82,38.97],[-74.15,39.7],[-73.95,40.3],[-74.25,40.55],[-73.56,41.02],[-72.94,41.27],[-72.53,41.26],[-71.51,41.37],[-71.21,41.55],[-70.65,41.54],[-70.53,41.81],[-70.87,42.54],[-70.79,42.94],[-70.35,43.44],[-70.17,43.78],[-69.5,43.85],[-69.07,44.07],[-68.98,44.44],[-68.62,44.31],[-68.32,44.47],[-68.06,44.35],[-67.78,44.55],[-67.19,44.66],[-66.97,44.83],[-67.21,45.18],[-67.46,45.28],[-67.41,45.59],[-67.79,45.7],[-67.79,47.07],[-68.31,47.37],[-68.89,47.19],[-69.24,47.47],[-70.01,46.7],[-70.29,46.2],[-70.26,45.91],[-70.63,45.63],[-70.88,45.24],[-71.3,45.3],[-71.49,45.02],[-74.25,44.99],[-74.85,45.02],[-75.31,44.84],[-75.87,44.4],[-76.44,44.1],[-76.81,43.63],[-78.72,43.63],[-79.18,43.47],[-78.99,42.82],[-80.09,42.4],[-81.25,42.22],[-82.43,41.68],[-83.08,41.87],[-83.08,42.3],[-82.52,42.63],[-82.13,43.59],[-82.54,45.36],[-83.6,45.83],[-83.45,46.01],[-84.1,46.24],[-84.19,46.55],[-84.56,46.47],[-84.86,46.91],[-86.05,47.4],[-88.37,48.31],[-89.36,47.98],[-89.9,47.99],[-90.15,48.12],[-90.75,48.09],[-90.9,48.24],[-91.42,48.04],[-91.74,48.19],[-93.24,48.64],[-93.86,48.63],[-94.71,48.8],[-95.15,49],[-97.22,49],[-100.5,49],[-102.34,49],[-104.84,49],[-108.17,49],[-110.1,49],[-113.23,49],[-116.05,49],[-117.87,49],[-121.08,49],[-122.76,49]]]]},"properties":{"NAME":"United States of America","ABBREVN":"United States of America","SUBJECTO":"United States of America","BORDERPRECISION":3,"PARTOF":"United States of America","SHAPE_HASH":"b432d288dd"}},
{"type":"Feature","geometry":{"type":"MultiPolygon","coordinates":[[[[-77.94,63.47],[-78.56,63.4],[-77.95,63.09],[-77.5,63.27],[-77.94,63.47]]],[[[-79.54,62.41],[-80.01,62.36],[-80.28,61.81],[-79.63,61.67],[-79.26,62.25],[-79.54,62.41]]],[[[-81.91,62.95],[-82.24,62.99],[-83.53,62.82],[-83.94,62.42],[-83.68,62.14],[-82.77,62.29],[-81.93,62.72],[-81.91,62.95]]],[[[-85.5,65.8],[-86.01,65.71],[-86.15,64.93],[-86.37,64.63],[-86.23,64.08],[-86.94,63.9],[-86.78,63.58],[-85.72,63.72],[-85.49,63.12],[-84.89,63.21],[-83.6,63.82],[-83.55,64.1],[-82.53,63.97],[-82.54,63.77],[-81.11,63.46],[-80.22,63.81],[-81.61,64.13],[-81.76,64.5],[-82.36,64.76],[-83.2,64.94],[-83.41,65.14],[-84.14,65.22],[-85.16,65.78],[-85.5,65.8]]],[[[-64.07,46.75],[-64.13,46.41],[-62.84,45.97],[-62.55,45.97],[-62.17,46.49],[-63.22,46.41],[-64.07,46.75]]],[[[-61.43,45.67],[-61.34,45.57],[-60.51,45.62],[-59.81,46.11],[-60.46,46.26],[-60.32,46.73],[-60.6,47.03],[-61.53,45.99],[-61.43,45.67]]],[[[-62.17,49.4],[-63.14,49.78],[-64.23,49.95],[-63.57,49.4],[-63.09,49.23],[-62.2,49.08],[-62.17,49.4]]],[[[-80.67,52.75],[-81.11,53.2],[-81.86,53.18],[-81.92,52.96],[-80.67,52.75]]],[[[-128.52,52.94],[-128.61,53.15],[-129.02,53.31],[-129.19,53.02],[-129.05,52.73],[-128.6,52.61],[-128.52,52.94]]],[[[-132.41,53.13],[-132.49,53.03],[-131.26,52.12],[-131.01,52.22],[-131.66,52.58],[-131.62,52.92],[-131.8,53.25],[-132.41,53.13]]],[[[-126.07,49.39],[-125.8,49.31],[-125.5,48.92],[-125.1,48.72],[-123.92,48.37],[-123.28,48.45],[-123.94,49.21],[-124.79,49.46],[-125.46,50.33],[-126.56,50.48],[-127.91,50.87],[-128.41,50.77],[-128.13,50.47],[-127.13,49.85],[-126.68,49.88],[-126.58,49.41],[-126.07,49.39]]],[[[-132.51,53.16],[-131.91,53.36],[-131.87,53.79],[-132.29,54.11],[-132.78,54.12],[-133.14,53.91],[-132.99,53.59],[-132.51,53.16]]],[[[-96.77,78.68],[-98.37,78.77],[-97.76,78.03],[-96.29,77.86],[-95.32,77.97],[-95.36,78.24],[-96.77,78.68]]],[[[-109.41,78.56],[-110.41,78.76],[-111.46,78.59],[-111.28,78.37],[-109.4,78.31],[-109.41,78.56]]],[[[-103.59,79.33],[-105.48,79.31],[-105.6,79.05],[-104.08,78.98],[-103.32,78.73],[-103.13,78.37],[-101.02,78.19],[-99.91,77.78],[-98.95,78.06],[-99.79,78.3],[-99.54,78.58],[-100.35,78.83],[-103.59,79.33]]],[[[-96.68,80.04],[-95.16,79.28],[-92.15,79.34],[-94.24,79],[-92.95,78.43],[-90.97,78.14],[-87.98,78.49],[-86.34,79.09],[-84.93,79.26],[-85.63,79.6],[-86.58,79.66],[-87.68,80.41],[-90.74,80.56],[-92.12,81.23],[-95.18,81.02],[-96.02,80.58],[-95.62,80.39],[-96.68,80.04]]],[[[-109.61,78.07],[-111.32,78.08],[-113.21,77.91],[-113.2,77.53],[-112.03,77.32],[-110.08,77.56],[-109.61,78.07]]],[[[-95.39,77.74],[-95.86,77.46],[-93.57,77.44],[-93.24,77.73],[-95.39,77.74]]],[[[-94.36,75.59],[-95.76,75.51],[-96.62,74.99],[-94.55,74.62],[-93.46,74.71],[-93.49,75.26],[-94.36,75.59]]],[[[-98.36,76.6],[-100.22,76.64],[-101.86,76.45],[-102.67,75.51],[-99.74,75.69],[-100.61,75.43],[-100.39,75.04],[-97.95,75.02],[-98.04,75.48],[-97.43,75.69],[-97.76,76.51],[-98.36,76.6]]],[[[-108.65,76.81],[-109.51,76.71],[-110.38,76.3],[-109.31,76.1],[-109.63,75.8],[-108.92,75.52],[-111.41,75.62],[-111.45,75.83],[-113,76.27],[-114.06,76.22],[-114.91,76.52],[-116.64,76.11],[-117.47,75.19],[-115.68,74.96],[-111.03,75.17],[-111.54,75.01],[-112.87,74.98],[-114.44,74.66],[-113.01,74.4],[-111.68,74.49],[-110.35,74.85],[-108.83,75.07],[-107.21,74.91],[-105.87,75.17],[-105.39,75.65],[-105.84,76],[-107.84,76.06],[-108.56,76.41],[-108.65,76.81]]],[[[-95.13,76.36],[-92.8,76.21],[-92.01,75.59],[-92.49,75.21],[-91.55,74.65],[-89.94,74.53],[-89.13,74.61],[-87.71,74.46],[-84.29,74.5],[-83.45,74.59],[-81.81,74.46],[-80.25,74.58],[-79.37,74.88],[-79.49,75.38],[-80.27,75.62],[-82.28,75.84],[-83.93,75.81],[-86.37,75.42],[-87.24,75.62],[-88.2,75.52],[-90.2,76.06],[-90.41,76.4],[-91.39,76.69],[-93.05,76.62],[-93.65,76.91],[-95.74,77.07],[-96.83,76.93],[-95.85,76.4],[-95.13,76.36]]],[[[-121.02,75.95],[-119.61,75.91],[-118.68,76.45],[-117.58,76.27],[-117.04,76.54],[-115.89,76.7],[-116.27,77.19],[-118.65,77.36],[-120.09,77],[-121.55,76.43],[-122.85,76.21],[-121.02,75.95]]],[[[-64.72,82.85],[-72.23,83.1],[-73.63,82.94],[-76.03,83.05],[-78.23,82.86],[-79.46,82.97],[-82.22,82.67],[-83.01,82.22],[-84.62,82.45],[-86.75,82.14],[-90.44,81.89],[-91.94,81.63],[-89.91,81.31],[-89.29,80.85],[-86.18,80.53],[-82.35,80.56],[-83.78,80.25],[-86.51,80.3],[-86.5,79.77],[-84.49,79.41],[-84.33,78.97],[-86.62,78.8],[-87.53,78.41],[-87.29,77.9],[-88.22,77.66],[-87.18,77.2],[-88.43,77.12],[-89.52,76.85],[-89.22,76.43],[-87.65,76.34],[-86.37,76.39],[-85.17,76.28],[-84.24,76.44],[-82.29,76.4],[-81.28,76.53],[-80.7,76.16],[-78.37,76.46],[-77.78,76.65],[-78.88,76.92],[-79.26,77.22],[-77.72,77.6],[-77.95,77.8],[-75.62,78.12],[-74.79,78.59],[-74.53,79.23],[-75.01,79.37],[-71.14,79.78],[-70.76,80.13],[-69.3,80.42],[-67.56,80.94],[-64.62,81.4],[-65.72,81.49],[-61.16,82.24],[-61.5,82.47],[-64.72,82.85]]],[[[-75.58,68.3],[-76.27,68.33],[-76.86,68.16],[-77.32,67.7],[-77.05,67.26],[-75.95,67.25],[-75.39,67.35],[-75.03,67.62],[-75.13,68.23],[-75.58,68.3]]],[[[-78.29,71.98],[-79.35,72.4],[-80.9,72.19],[-80.25,72.73],[-80.55,73.1],[-81.21,73.27],[-81.57,73.72],[-82.82,73.73],[-84.98,73.36],[-85.69,72.9],[-85.52,72.46],[-85.14,72.36],[-85.85,71.96],[-86.42,72.02],[-86.26,72.45],[-86.65,72.87],[-85.11,73.81],[-86.72,73.84],[-87.74,73.71],[-89,73.28],[-89.29,72.8],[-89.74,72.62],[-90.05,71.95],[-89.82,71.33],[-88.13,71.22],[-88.03,70.93],[-89.11,71.03],[-89.37,70.82],[-88.9,70.53],[-87.8,70.24],[-86.64,70.32],[-85.73,69.99],[-85.17,70.09],[-82.53,69.86],[-81.43,69.91],[-81.23,70.1],[-78.79,69.89],[-78.35,70.2],[-77.68,70.18],[-77.65,69.77],[-76.84,69.81],[-76.69,69.56],[-75.61,69.24],[-75.54,68.9],[-74.72,68.93],[-74.39,68.54],[-73.63,68.25],[-72.99,68.21],[-72.26,67.25],[-73.11,66.72],[-74.47,66.13],[-73.71,65.76],[-74.59,65.33],[-75.94,65.29],[-77.42,65.45],[-77.32,65.19],[-77.97,65.04],[-78.18,64.57],[-77.43,64.32],[-76.72,64.24],[-75.87,64.47],[-74.1,64.37],[-73.47,64.61],[-73.22,64.31],[-72.59,64.02],[-72.63,63.85],[-71.96,63.65],[-71.71,63.18],[-70.23,62.75],[-69.73,62.78],[-69.23,62.46],[-68.62,62.26],[-67.35,62.12],[-66.28,61.86],[-66.21,62.33],[-67.64,63.1],[-68.19,63.19],[-68.76,63.55],[-67.5,63.44],[-66.68,63.02],[-65.19,62.87],[-64.63,62.9],[-64.53,63.68],[-64.95,63.78],[-65.05,64.07],[-65.73,64.5],[-65.56,64.73],[-66.95,65.12],[-67.06,65.42],[-67.94,65.62],[-67.74,65.89],[-67.16,66.04],[-67.72,66.26],[-66.57,66.36],[-66.49,66.2],[-65.36,65.9],[-65.5,65.74],[-64.52,65.11],[-63.53,64.97],[-63.32,65.6],[-62.65,65.59],[-62.18,66.15],[-61.46,66.37],[-61.26,66.63],[-61.75,66.95],[-62.97,66.96],[-63.91,67.3],[-64.07,67.61],[-64.97,68.05],[-65.99,67.92],[-66.85,68.12],[-66.91,68.45],[-67.67,68.56],[-68.17,68.81],[-67.72,69.03],[-66.65,69.2],[-67.18,69.45],[-68.54,69.58],[-67.22,69.94],[-68.32,70.56],[-69.91,70.88],[-71.29,70.91],[-71.12,71.26],[-71.55,71.5],[-72.53,71.66],[-73.62,71.29],[-73.62,71.72],[-74.8,72.1],[-75.22,72.5],[-77.58,72.76],[-78.56,72.5],[-78.87,72.23],[-78.29,71.98]]],[[[-64.54,60.31],[-64.84,60.33],[-65.53,59.72],[-65.65,59.08],[-66.1,58.77],[-67.59,58.21],[-67.67,58.42],[-68.76,58.91],[-69.46,58.88],[-69.75,59.5],[-69.71,60.68],[-70.11,61.06],[-71.29,61.15],[-71.6,61.25],[-72.2,61.86],[-72.59,61.92],[-73.68,62.48],[-74.76,62.21],[-75.71,62.3],[-76.75,62.51],[-77.51,62.56],[-78.09,62.35],[-77.98,61.7],[-77.61,61.5],[-77.7,61.22],[-78.17,60.86],[-77.57,60.53],[-77.3,59.8],[-77.8,59.68],[-77.68,59.4],[-78.09,59.16],[-78.47,58.7],[-78.02,58.39],[-77.15,58.02],[-76.86,57.72],[-76.53,57.09],[-76.54,56.3],[-76.65,56.07],[-77.22,55.59],[-77.87,55.24],[-78.97,54.84],[-79.49,54.74],[-79.51,54.43],[-79.12,54.08],[-79.15,53.7],[-78.92,53.56],[-78.88,52.9],[-78.51,52.46],[-78.58,52.11],[-78.84,51.84],[-78.89,51.39],[-79.35,51.66],[-79.74,51.21],[-80.43,51.36],[-80.61,51.73],[-81.35,52.1],[-81.73,52.54],[-82.27,52.96],[-82.12,53.27],[-82.13,53.76],[-82.44,54.33],[-82.22,54.79],[-82.29,55.04],[-83.9,55.32],[-84.54,55.25],[-85.39,55.41],[-85.73,55.64],[-87.55,56.05],[-87.98,56.44],[-88.81,56.82],[-89.97,57],[-90.41,57.18],[-91.16,57.24],[-91.95,57.06],[-92.38,57.06],[-92.45,57.44],[-93.13,58.53],[-93.15,58.74],[-94.45,58.74],[-94.79,59.09],[-94.68,59.36],[-94.82,59.96],[-94.35,60.86],[-93.65,61.63],[-92.77,62.22],[-92.71,62.47],[-92.16,62.6],[-91.99,62.85],[-91.36,62.79],[-90.63,63.06],[-90.85,63.56],[-90.15,63.63],[-90.21,63.99],[-88.68,63.98],[-87.99,64.19],[-86.94,65.14],[-87.6,65.29],[-89.06,65.33],[-89.74,65.72],[-89.67,65.94],[-87.97,65.33],[-87.36,65.33],[-86.45,65.74],[-85.92,66.18],[-85.85,66.5],[-84.45,66.16],[-83.84,66.15],[-82.69,66.56],[-81.93,66.98],[-81.5,67],[-81.24,67.47],[-82.1,67.9],[-82.49,68.45],[-81.96,68.42],[-81.26,68.64],[-81.33,69.1],[-82.23,69.39],[-82.7,69.7],[-83.74,69.71],[-84.34,69.85],[-85.55,69.86],[-85.5,69.31],[-84.95,69.02],[-85.67,68.72],[-85.9,68.05],[-86.52,67.68],[-86.51,67.37],[-87.24,67.22],[-88.16,67.68],[-88.37,68.03],[-87.79,68.33],[-88.2,68.91],[-89.31,69.25],[-89.76,68.95],[-90.12,68.26],[-90.6,68.45],[-90.44,68.87],[-91.03,69.22],[-90.74,69.38],[-91.49,69.66],[-92.12,69.55],[-92.54,69.78],[-91.58,70.14],[-92.2,70.61],[-92.98,70.83],[-92.98,71.35],[-94.49,71.82],[-95.3,71.72],[-96.5,71.28],[-96.61,70.79],[-96.23,70.56],[-96.53,70.13],[-95.97,69.78],[-94.28,69.44],[-94.22,69.03],[-93.57,68.84],[-93.66,68.52],[-94.87,68.03],[-96.02,68.11],[-97.26,68.47],[-98.71,68.36],[-98.18,67.88],[-97.65,68.01],[-97.12,67.79],[-97.55,67.6],[-98.36,67.8],[-100.72,67.83],[-101.67,67.69],[-102.83,67.83],[-103.55,68.06],[-104.5,68.03],[-104.6,68.23],[-105.39,68.41],[-105.48,68.72],[-106.21,68.94],[-106.64,68.82],[-108.35,68.6],[-108.57,68.41],[-107.76,68],[-107.97,67.68],[-108.58,67.61],[-109.73,67.72],[-110.08,68.01],[-111.01,67.76],[-113.05,67.67],[-115.01,67.79],[-115.21,67.98],[-114.07,68.47],[-114.98,68.86],[-116.2,68.98],[-116.51,68.86],[-117.87,68.99],[-118.65,69.21],[-120.23,69.39],[-120.88,69.64],[-122.05,69.81],[-123.11,69.78],[-123.47,69.38],[-124.52,69.4],[-124.76,69.97],[-125.41,69.64],[-126.11,69.47],[-126.68,69.75],[-127.12,70.24],[-127.87,70.26],[-128.93,69.68],[-129.5,70.02],[-130.41,70.14],[-131.84,69.77],[-132.79,69.66],[-133.21,69.4],[-134.16,69.26],[-134.71,68.89],[-136.68,68.87],[-138.61,69.25],[-139.11,69.5],[-141,69.64],[-141,67.73],[-141,66.1],[-141,63.83],[-141,62.73],[-141,60.31],[-139.98,60.19],[-139.68,60.34],[-137.59,59.24],[-137.48,58.99],[-136.58,59.16],[-136.21,59.64],[-135.47,59.8],[-135.01,59.57],[-134.95,59.28],[-134.47,59.13],[-134.24,58.85],[-133.83,58.73],[-132.03,57.04],[-131.82,56.6],[-130.77,56.37],[-130.01,56.02],[-130.13,55.74],[-129.95,55.29],[-130.2,54.73],[-130.44,54.62],[-130.05,54.15],[-130.1,53.94],[-129.35,53.41],[-128.97,53.55],[-128.85,53.28],[-128.54,53.13],[-128.24,52.56],[-127.86,52.21],[-127.15,52.35],[-127.88,51.67],[-127.64,51.46],[-127.79,51.17],[-127.43,50.94],[-126.2,50.86],[-126.19,50.49],[-125.34,50.48],[-124.6,50.24],[-124.74,49.96],[-124.41,49.76],[-123.98,49.8],[-123.96,49.51],[-123.21,49.13],[-122.76,49],[-121.08,49],[-117.87,49],[-116.05,49],[-113.23,49],[-110.1,49],[-108.17,49],[-104.84,49],[-102.34,49],[-100.5,49],[-97.22,49],[-95.15,49],[-94.71,48.8],[-93.86,48.63],[-93.24,48.64],[-91.74,48.19],[-91.42,48.04],[-90.9,48.24],[-90.75,48.09],[-90.15,48.12],[-89.9,47.99],[-89.36,47.98],[-88.37,48.31],[-86.05,47.4],[-84.86,46.91],[-84.56,46.47],[-84.19,46.55],[-84.1,46.24],[-83.45,46.01],[-83.6,45.83],[-82.54,45.36],[-82.13,43.59],[-82.52,42.63],[-83.08,42.3],[-83.08,41.87],[-82.43,41.68],[-81.25,42.22],[-80.09,42.4],[-78.99,42.82],[-79.18,43.47],[-78.72,43.63],[-76.81,43.63],[-76.44,44.1],[-75.87,44.4],[-75.31,44.84],[-74.85,45.02],[-74.25,44.99],[-71.49,45.02],[-71.3,45.3],[-70.88,45.24],[-70.63,45.63],[-70.26,45.91],[-70.29,46.2],[-70.01,46.7],[-69.24,47.47],[-68.89,47.19],[-68.31,47.37],[-67.79,47.07],[-67.79,45.7],[-67.41,45.59],[-67.46,45.28],[-67.21,45.18],[-66.75,45.06],[-64.91,45.41],[-64.87,45.14],[-65.65,44.76],[-66.12,44.34],[-66.12,43.76],[-65.72,43.5],[-65.03,43.7],[-64.36,44.27],[-64.31,44.53],[-63.63,44.44],[-63.55,44.59],[-62.55,44.82],[-61.35,45.18],[-61.14,45.35],[-61.47,45.68],[-62.46,45.61],[-62.68,45.76],[-63.36,45.75],[-63.91,45.98],[-63.83,46.15],[-64.5,46.24],[-64.9,46.85],[-64.8,47.81],[-65.2,47.82],[-65.63,47.62],[-65.88,47.92],[-64.77,48.2],[-64.32,48.44],[-64.23,48.9],[-64.6,49.11],[-65.5,49.26],[-66.72,49.09],[-68.24,48.63],[-69.45,47.98],[-69.73,48.11],[-69.15,48.59],[-69.06,48.77],[-68.13,49.26],[-67.37,49.33],[-67.12,49.83],[-66.47,50.26],[-64.9,50.27],[-63.81,50.31],[-61.29,50.2],[-60.01,50.25],[-59.81,50.43],[-58.95,50.83],[-58.62,51.28],[-58.01,51.31],[-57.74,51.47],[-57.1,51.42],[-57.11,52],[-59.35,52],[-62.15,52],[-63.75,52],[-63.93,52.42],[-63.6,52.77],[-64.2,52.8],[-64.08,52.38],[-64.58,51.56],[-64.87,52.04],[-65.49,52.19],[-65.93,52.05],[-66.37,52.41],[-66.44,52.7],[-67.09,52.73],[-66.91,53.31],[-67.76,54.01],[-67.49,54.23],[-67.61,54.56],[-66.74,54.73],[-66.78,55.27],[-65.7,54.72],[-64.33,54.75],[-63.67,54.61],[-63.44,54.97],[-63.51,55.19],[-63.1,55.33],[-64.02,56.08],[-63.87,56.45],[-64.12,56.69],[-63.79,57.11],[-63.77,57.57],[-64.4,58.18],[-64.03,58.69],[-64.33,58.89],[-64.88,58.93],[-64.5,59.43],[-64.83,59.54],[-64.81,59.98],[-64.54,60.31]]],[[[-73.65,68.01],[-74.73,68.07],[-74.48,67.79],[-73.43,67.76],[-73.65,68.01]]],[[[-135.36,68.93],[-134.67,68.96],[-133.85,69.45],[-134.24,69.58],[-135.8,69.32],[-136,68.95],[-135.36,68.93]]],[[[-120.15,74.27],[-121.25,74.53],[-124.76,74.34],[-124.22,73.87],[-124.16,73.49],[-124.86,73.08],[-125.03,72.57],[-125.43,72.41],[-125.25,71.95],[-124.02,71.69],[-123.09,71.08],[-120.6,71.49],[-120.15,72.15],[-119.31,72.36],[-119.16,72.62],[-116.46,73.26],[-115.4,73.57],[-117.51,74.24],[-118.84,74.19],[-120.15,74.27]]],[[[-96.52,71.93],[-96.61,72.75],[-97.86,73.05],[-97.22,73.86],[-99.23,73.74],[-99.98,73.95],[-101.01,73.8],[-101.62,73.49],[-100.24,73.14],[-100.45,72.74],[-101.3,72.71],[-101.97,73.07],[-102.74,72.72],[-101.78,72.3],[-100.64,72.19],[-99.68,71.76],[-99.23,71.34],[-98.55,71.29],[-97.98,71.66],[-97.43,71.62],[-96.52,71.93]]],[[[-95.16,71.96],[-94.04,72.14],[-93.25,72.79],[-92.07,72.75],[-90.2,73.9],[-92.27,73.99],[-93.52,74.17],[-95.25,74.01],[-95.68,73.72],[-95.6,72.7],[-95.13,72.46],[-95.16,71.96]]],[[[-80.15,73.7],[-80.86,73.74],[-80.88,73.33],[-80.22,73.24],[-80,72.87],[-79.16,72.75],[-78.27,72.89],[-76.34,72.81],[-76.31,73.1],[-77.2,73.5],[-78.21,73.67],[-80.15,73.7]]],[[[-105.1,73.74],[-106.57,73.71],[-106.45,73.4],[-105.33,72.91],[-104.57,73.33],[-105.1,73.74]]],[[[-97.36,69.69],[-97.88,69.88],[-98.6,69.54],[-98.72,69.19],[-99.59,69.02],[-97.47,68.53],[-96.3,68.47],[-95.55,68.83],[-96.04,69.23],[-97.36,69.69]]],[[[-114,72.8],[-113.96,73.12],[-114.56,73.38],[-117.35,72.92],[-118.53,72.5],[-118.58,72.18],[-119.09,71.91],[-118.18,71.6],[-117.85,71.16],[-118.41,71],[-117.55,70.6],[-115.14,70.6],[-113.94,70.72],[-112.12,70.47],[-112.67,70.2],[-114.51,70.31],[-117.08,70.11],[-117.24,69.76],[-116.53,69.41],[-115.25,69.25],[-113.69,69.19],[-113.67,68.81],[-113.26,68.45],[-111.25,68.51],[-108.93,68.74],[-108.49,68.95],[-106.41,69.18],[-105.55,69.15],[-105.14,68.9],[-103.51,68.8],[-101.81,69],[-101.96,69.75],[-100.96,69.66],[-100.98,70.16],[-102.12,70.34],[-103.99,70.75],[-104.58,71.06],[-104.38,71.6],[-105.03,72.12],[-105.56,72.91],[-106.75,73.29],[-108.27,73.17],[-107.78,72.14],[-108.66,72.34],[-108.71,72.58],[-109.77,72.72],[-110.32,72.55],[-111.27,72.57],[-111.53,72.8],[-113.01,73.01],[-114,72.8]]]]},"properties":{"NAME":"Canada","ABBREVN":"Canada","SUBJECTO":"Canada","BORDERPRECISION":3,"PARTOF":"Canada","SHAPE_HASH":"fc7fa18b25"}},
{"type":"Feature","geometry":{"type":"MultiPolygon","coordinates":[[[[-53.69,48.06],[-53.05,48.44],[-53.67,48.64],[-53.8,49.02],[-53.51,49.28],[-54.05,49.48],[-54.58,49.49],[-54.82,49.27],[-55.23,49.25],[-55.31,49.53],[-55.72,49.47],[-55.99,49.75],[-55.75,49.92],[-56.12,50.15],[-56.74,50.02],[-55.73,51.08],[-55.41,51.56],[-56.11,51.52],[-56.62,51.37],[-56.93,50.92],[-57.37,50.59],[-57.93,49.72],[-58.22,49.4],[-58.73,48.56],[-58.42,48.51],[-59.4,47.89],[-59.16,47.56],[-58.03,47.7],[-57.01,47.58],[-55.91,47.68],[-55.59,47.4],[-55.26,46.91],[-54.86,47.39],[-54.51,47.37],[-54.22,47.77],[-53.98,47.76],[-53.88,47.35],[-54.16,46.98],[-53.1,46.64],[-52.94,46.8],[-52.62,47.51],[-53.26,47.55],[-53.06,47.92],[-53.27,48.01],[-53.55,47.54],[-53.84,47.7],[-53.69,48.06]]],[[[-57.1,51.42],[-56.95,51.42],[-55.7,52.09],[-55.99,52.51],[-55.81,52.83],[-55.81,53.34],[-56.66,53.72],[-57.01,53.71],[-57.47,54.19],[-58.03,54.24],[-59.33,53.65],[-60.19,53.34],[-60.08,53.76],[-58.61,54.04],[-58.05,54.38],[-57.42,54.46],[-57.45,54.65],[-58.9,54.84],[-59.13,55.19],[-59.8,55.11],[-60.35,55.4],[-60.33,55.78],[-61.42,55.96],[-61.79,56.39],[-61.9,56.79],[-61.36,57.02],[-61.8,57.36],[-62.56,58.48],[-63.79,59.37],[-64.15,59.98],[-64.81,59.98],[-64.83,59.54],[-64.5,59.43],[-64.88,58.93],[-64.33,58.89],[-64.03,58.69],[-64.4,58.18],[-63.77,57.57],[-63.79,57.11],[-64.12,56.69],[-63.87,56.45],[-64.02,56.08],[-63.1,55.33],[-63.51,55.19],[-63.44,54.97],[-63.67,54.61],[-64.33,54.75],[-65.7,54.72],[-66.78,55.27],[-66.74,54.73],[-67.61,54.56],[-67.49,54.23],[-67.76,54.01],[-66.91,53.31],[-67.09,52.73],[-66.44,52.7],[-66.37,52.41],[-65.93,52.05],[-65.49,52.19],[-64.87,52.04],[-64.58,51.56],[-64.08,52.38],[-64.2,52.8],[-63.6,52.77],[-63.93,52.42],[-63.75,52],[-62.15,52],[-59.35,52],[-57.11,52],[-57.1,51.42]]]]},"properties":{"NAME":"Newfoundland","ABBREVN":"Newfoundland","SUBJECTO":"Newfoundland","BORDERPRECISION":3,"PARTOF":"Newfoundland","SHAPE_HASH":"af0d368b80"}},
{"type":"Feature","geometry":{"type":"MultiPolygon","coordinates":[[[[-6.27,54.1],[-5.56,54.29],[-5.57,54.68],[-6.15,55.22],[-7.25,55.07],[-7.83,54.55],[-8.17,54.46],[-7.56,54.13],[-6.87,54.34],[-6.62,54.04],[-6.27,54.1]]],[[[-2.88,56.45],[-2.49,56.61],[-1.77,57.46],[-1.92,57.67],[-3.34,57.72],[-4,57.95],[-3.21,58.31],[-3.02,58.64],[-4.6,58.53],[-5,58.62],[-5.19,57.95],[-5.82,57.82],[-5.87,57.47],[-5.55,57.25],[-6.19,56.68],[-5.43,56.43],[-5.68,55.99],[-5.02,55.87],[-4.61,55.49],[-5.18,54.99],[-4.35,54.7],[-3.62,54.88],[-3.63,54.51],[-3.15,54.08],[-2.98,53.69],[-3.07,53.41],[-4.2,53.21],[-4.06,52.49],[-4.23,52.25],[-5.24,51.92],[-5.01,51.7],[-4.44,51.74],[-4.21,51.53],[-3.84,51.62],[-3.54,51.4],[-4.23,51.19],[-4.56,50.78],[-5.43,50.19],[-5.26,50.01],[-4.76,50.31],[-4.17,50.38],[-3.65,50.23],[-3.49,50.55],[-2.77,50.71],[-1.96,50.6],[-0.93,50.84],[0.22,50.74],[0.97,50.94],[1.36,51.13],[0.91,51.34],[0.95,51.61],[1.58,52.08],[1.75,52.46],[1.65,52.77],[1.35,52.91],[0.33,53.09],[0.13,53.65],[-0.56,54.48],[-1.17,54.65],[-1.48,55.09],[-1.64,55.58],[-2.08,55.87],[-2.63,56.05],[-2.88,56.45]]],[[[-5.66,57.21],[-6.13,57.31],[-6.14,57.57],[-6.79,57.45],[-5.93,57.04],[-5.66,57.21]]],[[[-6.2,58.36],[-7.04,58.24],[-6.97,57.73],[-6.47,57.95],[-6.2,58.36]]]]},"properties":{"NAME":"United Kingdom","ABBREVN":"United Kingdom","SUBJECTO":"United Kingdom","BORDERPRECISION":3,"PARTOF":"United Kingdom","SHAPE_HASH":"8e5a451a05"}},
{"type":"Feature","geometry":{"type":"Polygon","coordinates":[[[-7.25,55.07],[-7.24,55.35],[-8.32,55.11],[-8.67,54.76],[-8.28,54.47],[-8.62,54.26],[-10,54.3],[-9.88,53.61],[-10.18,53.41],[-9.28,53.14],[-9.55,52.64],[-9.95,52.23],[-10.46,52.18],[-10.37,51.88],[-9.55,51.72],[-9.37,51.47],[-8.7,51.57],[-6.36,52.39],[-6.01,52.95],[-6.08,53.56],[-6.38,53.91],[-6.27,54.1],[-6.62,54.04],[-6.87,54.34],[-7.56,54.13],[-8.17,54.46],[-7.83,54.55],[-7.25,55.07]]]},"properties":{"NAME":"Ireland","ABBREVN":"Ireland","SUBJECTO":"Ireland","BORDERPRECISION":3,"PARTOF":"Ireland","SHAPE_HASH":"69883f5ead"}},
{"type":"Feature","geometry":{"type":"MultiPolygon","coordinates":[[[[7.21,53.24],[6.7,53.46],[5.89,53.38],[5.05,52.94],[4.74,52.96],[4.58,52.48],[5.41,52.85],[5.77,52.4],[5.53,52.27],[4.57,52.45],[4.14,52],[4,51.59],[4.25,51.38],[4.77,51.5],[5.24,51.26],[5.85,51.15],[5.65,50.88],[6.01,50.76],[6.2,51.51],[5.97,51.81],[6.78,51.92],[7.05,52.24],[7.03,52.63],[7.21,53.24]]],[[[4.24,51.35],[3.37,51.37],[3.95,51.21],[4.24,51.35]]]]},"properties":{"NAME":"Netherlands","ABBREVN":"Netherlands","SUBJECTO":"Netherlands","BORDERPRECISION":3,"PARTOF":"Netherlands","SHAPE_HASH":"6fa90b2db2"}},
{"type":"Feature","geometry":{"type":"Polygon","coordinates":[[[4.25,51.38],[4.24,51.35],[3.95,51.21],[3.37,51.37],[2.55,51.09],[2.65,50.82],[3.28,50.54],[4.19,50.24],[4.15,50.01],[4.82,49.99],[5.52,49.51],[5.8,49.54],[5.73,49.84],[6.13,50.13],[6.39,50.32],[6.01,50.76],[5.65,50.88],[5.85,51.15],[5.24,51.26],[4.77,51.5],[4.25,51.38]]]},"properties":{"NAME":"Belgium","ABBREVN":"Belgium","SUBJECTO":"Belgium","BORDERPRECISION":3,"PARTOF":"Belgium","SHAPE_HASH":"716eea75ee"}},
{"type":"Feature","geometry":{"type":"Polygon","coordinates":[[[5.8,49.54],[6.36,49.46],[6.43,49.81],[6.13,50.13],[5.73,49.84],[5.8,49.54]]]},"properties":{"NAME":"Luxembourg","ABBREVN":"Luxembourg","SUBJECTO":"Luxembourg","BORDERPRECISION":3,"PARTOF":"Luxembourg","SHAPE_HASH":"a79b5e3f1e"}},
{"type":"Feature","geometry":{"type":"MultiPolygon","coordinates":[[[[9.51,42.57],[9.34,42.74],[8.72,42.57],[8.58,42.38],[8.78,41.93],[8.79,41.56],[9.22,41.37],[9.55,42.12],[9.51,42.57]]],[[[2.55,51.09],[1.63,50.88],[1.51,50.2],[1.07,49.93],[0.17,49.69],[0.07,49.36],[-1.11,49.37],[-1.38,49.71],[-1.84,49.71],[-1.61,49.22],[-1.64,48.62],[-2.31,48.68],[-2.69,48.5],[-3.12,48.87],[-4.54,48.64],[-4.76,48.34],[-4.31,48.2],[-4.18,47.8],[-3.51,47.76],[-3.09,47.59],[-2.69,47.6],[-2.54,47.3],[-1.99,47.04],[-2.1,46.81],[-1.79,46.49],[-1.27,46.3],[-1.05,46.04],[-1.23,45.79],[-1.14,45.49],[-1.21,44.63],[-1.44,43.64],[-1.78,43.36],[-1.3,43.07],[-0.31,42.84],[0,42.69],[0.67,42.69],[0.72,42.86],[1.36,42.72],[1.45,42.6],[1.72,42.51],[2.02,42.35],[2.53,42.33],[3.17,42.44],[2.96,42.84],[3.14,43.14],[4.06,43.56],[4.65,43.36],[6.06,43.1],[6.53,43.19],[7.16,43.66],[7.53,43.78],[7.71,44.08],[7.03,44.25],[6.85,44.54],[7.03,44.83],[6.63,45.12],[7.13,45.26],[6.81,45.73],[7.04,45.93],[6.78,46.15],[6.8,46.43],[6.15,46.38],[6.13,46.59],[6.97,47.29],[7.59,47.59],[7.58,48.12],[7.8,48.58],[8.2,48.96],[7.49,49.16],[6.73,49.17],[6.36,49.46],[5.8,49.54],[5.52,49.51],[4.82,49.99],[4.15,50.01],[4.19,50.24],[3.28,50.54],[2.65,50.82],[2.55,51.09]]]]},"properties":{"NAME":"France","ABBREVN":"France","SUBJECTO":"France","BORDERPRECISION":3,"PARTOF":"France","SHAPE_HASH":"afd9d12bd1"}},
{"type":"Feature","geometry":{"type":"Polygon","coordinates":[[[7.04,45.93],[7.86,45.92],[8.3,46.42],[8.62,46.12],[9.08,46.12],[9.29,46.5],[9.71,46.3],[10.45,46.54],[10.47,46.87],[10.11,46.85],[9.6,47.06],[9.54,47.28],[9.57,47.54],[8.56,47.81],[8.03,47.56],[7.59,47.59],[6.97,47.29],[6.13,46.59],[6.15,46.38],[6.8,46.43],[6.78,46.15],[7.04,45.93]]]},"properties":{"NAME":"Switzerland","ABBREVN":"Switzerland","SUBJECTO":"Switzerland","BORDERPRECISION":3,"PARTOF":"Switzerland","SHAPE_HASH":"2b31aa4174"}},
{"type":"Feature","geometry":{"type":"MultiPolygon","coordinates":[[[[-15.55,27.76],[-15.41,28.16],[-15.7,28.15],[-15.78,27.84],[-15.55,27.76]]],[[[-16.47,28.08],[-16.49,28.42],[-16.91,28.35],[-16.67,27.98],[-16.47,28.08]]],[[[3.18,39.76],[2.73,39.53],[3.06,39.26],[3.48,39.72],[3.18,39.76]]],[[[1.72,42.51],[1.45,42.6],[1.36,42.72],[0.72,42.86],[0.67,42.69],[0,42.69],[-0.31,42.84],[-1.3,43.07],[-1.78,43.36],[-2.16,43.29],[-2.93,43.44],[-3.15,43.35],[-3.55,43.51],[-4.22,43.4],[-5.68,43.54],[-7.25,43.56],[-7.46,43.73],[-7.9,43.76],[-8.33,43.4],[-9.21,43.16],[-9.06,42.58],[-8.88,42.42],[-8.75,41.95],[-8.2,42.15],[-8.09,41.81],[-7.42,41.82],[-7.06,41.95],[-6.55,41.92],[-6.55,41.69],[-6.19,41.58],[-6.77,41.07],[-6.87,40.02],[-7.02,39.67],[-7.38,39.49],[-6.96,39.02],[-7.27,38.7],[-7.32,38.44],[-7,38.03],[-7.25,37.98],[-7.52,37.55],[-7.43,37.25],[-7.05,37.21],[-6.58,37.02],[-6.17,36.51],[-6.04,36.18],[-5.45,36.05],[-5.17,36.41],[-4.64,36.51],[-4.4,36.72],[-3.26,36.75],[-2.64,36.7],[-2.35,36.84],[-2.12,36.73],[-1.68,37.35],[-1.24,37.58],[-0.92,37.55],[-0.51,38.33],[0.21,38.73],[-0.06,38.9],[-0.34,39.44],[0.05,40.03],[0.36,40.3],[0.96,41.03],[2.12,41.29],[2.27,41.46],[3.2,41.89],[3.17,42.44],[2.53,42.33],[2.02,42.35],[1.72,42.51]]]]},"properties":{"NAME":"Spain","ABBREVN":"Spain","SUBJECTO":"Spain","BORDERPRECISION":3,"PARTOF":"Spain","SHAPE_HASH":"b57c36dd74"}},
{"type":"Feature","geometry":{"type":"Polygon","coordinates":[[[-8.75,41.95],[-8.88,41.84],[-8.65,41],[-9.09,39.62],[-9.36,39.36],[-9.48,38.71],[-9.18,38.42],[-8.77,38.52],[-8.8,37.44],[-8.66,37.11],[-7.76,37.03],[-7.43,37.25],[-7.52,37.55],[-7.25,37.98],[-7,38.03],[-7.32,38.44],[-7.27,38.7],[-6.96,39.02],[-7.38,39.49],[-7.02,39.67],[-6.87,40.02],[-6.77,41.07],[-6.19,41.58],[-6.55,41.69],[-6.55,41.92],[-7.06,41.95],[-7.42,41.82],[-8.09,41.81],[-8.2,42.15],[-8.75,41.95]]]},"properties":{"NAME":"Portugal","ABBREVN":"Portugal","SUBJECTO":"Portugal","BORDERPRECISION":3,"PARTOF":"Portugal","SHAPE_HASH":"26a5b1b4ac"}},
{"type":"Feature","geometry":{"type":"MultiPolygon","coordinates":[[[[22.78,54.37],[22.84,54.9],[22.53,55.06],[22.06,55.03],[21.38,55.28],[21.09,54.9],[19.94,54.93],[20.04,54.56],[19.37,54.27],[18.6,54.43],[18.78,54.15],[18.76,53.6],[19.8,53.61],[20.29,53.24],[20.92,53.3],[21.3,53.46],[21.86,53.47],[22.71,53.78],[22.56,54.27],[22.78,54.37]]],[[[6.01,50.76],[6.39,50.32],[6.13,50.13],[6.43,49.81],[6.36,49.46],[6.73,49.17],[7.49,49.16],[8.2,48.96],[7.8,48.58],[7.58,48.12],[7.59,47.59],[8.03,47.56],[8.56,47.81],[9.57,47.54],[9.8,47.59],[10.34,47.32],[10.44,47.53],[11.3,47.43],[12.2,47.66],[13.1,47.65],[12.77,48.08],[12.87,48.2],[13.73,48.52],[14.61,48.63],[14.93,48.79],[13.55,49.11],[13.14,49.38],[13.37,49.77],[13.27,50.07],[13.74,50.24],[13.84,50.53],[14.82,50.52],[15.3,50.73],[15.77,50.5],[16.1,50.52],[16.83,50.02],[16.64,49.84],[17.97,49.63],[18.29,49.95],[18.26,50.13],[18.93,50.34],[18.58,50.62],[18.6,50.99],[18.15,51.18],[17.85,51.13],[17.52,51.62],[16.86,51.59],[15.89,52.07],[15.79,52.46],[15.94,52.85],[16.53,52.89],[17.13,53.26],[17.49,53.74],[17.24,54.08],[18.01,54.55],[18.04,54.83],[17.25,54.73],[16.54,54.54],[16.22,54.27],[14.75,54.03],[13.96,53.77],[12.9,54.44],[12.48,54.44],[12.13,54.19],[11.7,54.15],[11.41,53.92],[11.09,54.21],[10.12,54.49],[9.97,54.76],[9.38,54.83],[8.66,54.91],[9.01,54.5],[8.97,54.13],[8.33,53.62],[8.01,53.71],[7.09,53.59],[7.21,53.24],[7.03,52.63],[7.05,52.24],[6.78,51.92],[5.97,51.81],[6.2,51.51],[6.01,50.76]]]]},"properties":{"NAME":"Germany","ABBREVN":"Germany","SUBJECTO":"Germany","BORDERPRECISION":3,"PARTOF":"Germany","SHAPE_HASH":"f6e571cc89"}},
{"type":"Feature","geometry":{"type":"Polygon","coordinates":[[[18.6,54.43],[18.34,54.84],[18.04,54.83],[18.01,54.55],[17.24,54.08],[17.49,53.74],[17.13,53.26],[16.53,52.89],[15.94,52.85],[15.79,52.46],[15.89,52.07],[16.86,51.59],[17.52,51.62],[17.85,51.13],[18.15,51.18],[18.6,50.99],[18.58,50.62],[18.93,50.34],[18.26,50.13],[18.29,49.95],[18.55,49.92],[18.97,49.4],[19.45,49.6],[19.84,49.19],[20.36,49.39],[21.61,49.44],[22.03,49.22],[22.84,49.01],[23.17,48.79],[23.58,48.73],[24.39,48.35],[24.51,47.96],[24.67,47.9],[25.33,48.33],[25.57,48.67],[26.37,48.51],[26.2,49.02],[26.24,49.73],[26.14,49.94],[26.69,50.42],[27.18,50.5],[27.46,51.43],[27.41,51.75],[27.61,52.03],[27.27,52.6],[26.79,53.06],[26.91,53.2],[26.92,53.81],[27.51,54.33],[27.52,54.58],[27.88,54.93],[28.26,55.06],[28.4,55.33],[28.14,55.66],[27.22,55.78],[26.35,55.62],[25.58,55.05],[25.04,54.99],[24.62,54.24],[23.95,53.94],[22.78,54.37],[22.56,54.27],[22.71,53.78],[21.86,53.47],[21.3,53.46],[20.92,53.3],[20.29,53.24],[19.8,53.61],[18.76,53.6],[18.78,54.15],[18.6,54.43]]]},"properties":{"NAME":"Poland","ABBREVN":"Poland","SUBJECTO":"Poland","BORDERPRECISION":3,"PARTOF":"Poland","SHAPE_HASH":"322c65d323"}},
{"type":"Feature","geometry":{"type":"Polygon","coordinates":[[[9.54,47.28],[9.6,47.06],[10.11,46.85],[10.47,46.87],[11.02,46.77],[11.18,46.97],[12.16,46.93],[12.38,46.72],[13.72,46.52],[14.55,46.41],[15.06,46.65],[15.99,46.76],[16.11,46.87],[16.45,47.41],[17.05,47.71],[17.17,48.02],[16.84,48.36],[16.89,48.73],[16.06,48.76],[15.03,49.02],[14.93,48.79],[14.61,48.63],[13.73,48.52],[12.87,48.2],[12.77,48.08],[13.1,47.65],[12.2,47.66],[11.3,47.43],[10.44,47.53],[10.34,47.32],[9.8,47.59],[9.57,47.54],[9.54,47.28]]]},"properties":{"NAME":"Austria","ABBREVN":"Austria","SUBJECTO":"Austria","BORDERPRECISION":3,"PARTOF":"Austria","SHAPE_HASH":"8fc5efbc56"}},
{"type":"Feature","geometry":{"type":"Polygon","coordinates":[[[16.11,46.87],[16.53,46.51],[17.15,46.18],[17.39,45.94],[17.88,45.78],[18.43,45.75],[18.72,45.91],[19.28,45.99],[19.57,46.17],[20.26,46.12],[21.18,46.3],[21.71,47.08],[22.27,47.73],[22.9,47.95],[22.15,48.41],[22.12,48.68],[21.67,48.73],[21.19,48.97],[20.75,48.76],[20.21,48.75],[19.68,48.42],[19.11,48.3],[18.36,48.37],[17.81,48.24],[17.48,48.38],[17.17,48.02],[17.05,47.71],[16.45,47.41],[16.11,46.87]]]},"properties":{"NAME":"Hungary","ABBREVN":"Hungary","SUBJECTO":"Hungary","BORDERPRECISION":3,"PARTOF":"Hungary","SHAPE_HASH":"a2fa01b1da"}},
{"type":"Feature","geometry":{"type":"Polygon","coordinates":[[[14.93,48.79],[15.03,49.02],[16.06,48.76],[16.89,48.73],[16.84,48.36],[17.17,48.02],[17.48,48.38],[17.81,48.24],[18.36,48.37],[19.11,48.3],[19.68,48.42],[20.21,48.75],[20.75,48.76],[21.19,48.97],[21.67,48.73],[22.12,48.68],[22.15,48.41],[22.9,47.95],[23.41,48],[24.51,47.96],[24.39,48.35],[23.58,48.73],[23.17,48.79],[22.84,49.01],[22.03,49.22],[21.61,49.44],[20.36,49.39],[19.84,49.19],[19.45,49.6],[18.97,49.4],[18.55,49.92],[18.29,49.95],[17.97,49.63],[16.64,49.84],[16.83,50.02],[16.1,50.52],[15.77,50.5],[15.3,50.73],[14.82,50.52],[13.84,50.53],[13.74,50.24],[13.27,50.07],[13.37,49.77],[13.14,49.38],[13.55,49.11],[14.93,48.79]]]},"properties":{"NAME":"Czechoslovakia","ABBREVN":"Czechoslovakia","SUBJECTO":"Czechoslovakia","BORDERPRECISION":3,"PARTOF":"Czechoslovakia","SHAPE_HASH":"6ff3c33602"}},
{"type":"Feature","geometry":{"type":"MultiPolygon","coordinates":[[[[15.53,38.14],[14.87,38.17],[14.52,38.04],[13.71,37.98],[13.1,38.18],[12.51,38.02],[12.47,37.7],[12.92,37.57],[13.89,37.1],[14.25,37.06],[14.46,36.83],[15.13,36.67],[15.32,37.01],[15.09,37.35],[15.22,37.76],[15.53,38.14]]],[[[9.51,40.92],[9.23,41.25],[8.78,40.92],[8.15,40.74],[8.46,40.32],[8.4,39.9],[8.54,39.78],[8.37,39.23],[8.62,38.92],[8.85,38.88],[9.15,39.18],[9.57,39.15],[9.82,40.53],[9.51,40.92]]],[[[7.53,43.78],[8.07,43.89],[8.27,44.14],[8.75,44.43],[9.23,44.35],[10.24,43.88],[10.3,43.54],[10.59,42.96],[11.19,42.51],[11.63,42.3],[12.66,41.46],[13.03,41.26],[13.71,41.25],[14.07,40.82],[14.75,40.68],[14.93,40.27],[15.35,40],[15.66,40.03],[16.22,38.92],[15.98,38.72],[15.67,37.96],[16.06,37.92],[16.16,38.13],[16.58,38.45],[16.53,38.71],[16.83,38.92],[17.1,38.91],[17.15,39.4],[16.5,39.82],[16.79,40.31],[17.08,40.52],[17.51,40.3],[17.91,40.26],[18,40],[18.39,39.82],[18.51,40.13],[18.01,40.64],[17.47,40.83],[17.05,41.08],[15.99,41.44],[16.17,41.76],[16.02,41.95],[15.16,41.92],[14.74,42.09],[13.99,42.71],[13.6,43.57],[12.69,43.99],[12.37,44.25],[12.25,44.69],[12.54,44.96],[12.16,45.26],[12.29,45.47],[13.09,45.64],[13.22,45.78],[13.72,45.6],[13.38,46.3],[13.72,46.52],[12.38,46.72],[12.16,46.93],[11.18,46.97],[11.02,46.77],[10.47,46.87],[10.45,46.54],[9.71,46.3],[9.29,46.5],[9.08,46.12],[8.62,46.12],[8.3,46.42],[7.86,45.92],[7.04,45.93],[6.81,45.73],[7.13,45.26],[6.63,45.12],[7.03,44.83],[6.85,44.54],[7.03,44.25],[7.71,44.08],[7.53,43.78]]]]},"properties":{"NAME":"Italy","ABBREVN":"Italy","SUBJECTO":"Italy","BORDERPRECISION":3,"PARTOF":"Italy","SHAPE_HASH":"b8431363ad"}},
{"type":"Feature","geometry":{"type":"Polygon","coordinates":[[[14.52,35.8],[14.57,35.87],[14.37,35.99],[14.33,35.9],[14.52,35.8]]]},"properties":{"NAME":"Malta","ABBREVN":"Malta","SUBJECTO":"Malta","BORDERPRECISION":3,"PARTOF":"Malta","SHAPE_HASH":"427826f85a"}},
{"type":"Feature","geometry":{"type":"Polygon","coordinates":[[[20.98,40.86],[20.6,41.09],[20.47,41.5],[20.62,41.96],[20.53,42.21],[20.06,42.56],[19.61,42.54],[19.29,42.18],[19.37,41.85],[19.6,41.81],[19.51,41.25],[19.31,40.65],[19.45,40.23],[19.86,40.04],[20.06,39.68],[20.67,40.1],[20.79,40.43],[21.05,40.67],[20.98,40.86]]]},"properties":{"NAME":"Albania","ABBREVN":"Albania","SUBJECTO":"Albania","BORDERPRECISION":3,"PARTOF":"Albania","SHAPE_HASH":"51af7bfe13"}},
{"type":"Feature","geometry":{"type":"Polygon","coordinates":[[[13.72,46.52],[13.38,46.3],[13.72,45.6],[13.5,45.5],[13.84,44.88],[14.17,44.99],[14.32,45.35],[14.83,45.12],[14.89,44.7],[15.27,44.37],[15.15,44.2],[15.46,43.92],[15.94,43.68],[16.88,43.4],[18.52,42.4],[18.88,42.28],[19.37,41.85],[19.29,42.18],[19.61,42.54],[20.06,42.56],[20.53,42.21],[20.62,41.96],[20.47,41.5],[20.6,41.09],[20.98,40.86],[21.6,40.87],[21.98,41.13],[22.59,41.12],[22.93,41.34],[22.97,41.78],[22.52,42.15],[22.44,42.82],[22.97,43.1],[22.54,43.48],[22.37,43.83],[22.69,44.22],[22.31,44.66],[21.64,44.66],[21.4,44.78],[21.51,45.14],[20.81,45.48],[20.59,45.9],[20.26,46.12],[19.57,46.17],[19.28,45.99],[18.72,45.91],[18.43,45.75],[17.88,45.78],[17.39,45.94],[17.15,46.18],[16.53,46.51],[16.11,46.87],[15.99,46.76],[15.06,46.65],[14.55,46.41],[13.72,46.52]]]},"properties":{"NAME":"Yugoslavia","ABBREVN":"Yugoslavia","SUBJECTO":"Yugoslavia","BORDERPRECISION":3,"PARTOF":"Yugoslavia","SHAPE_HASH":"e750a0d8d7"}},
{"type":"Feature","geometry":{"type":"MultiPolygon","coordinates":[[[[23.85,35.52],[23.52,35.3],[24.39,35.19],[24.75,34.95],[25.81,35.11],[25.66,35.34],[24.96,35.4],[24.27,35.36],[23.85,35.52]]],[[[26.07,39.08],[26.61,39.05],[26.32,39.37],[26.07,39.08]]],[[[23.45,38.87],[23.64,38.42],[24.19,38.39],[24.15,38.65],[23.45,38.87]]],[[[20.06,39.68],[20.21,39.44],[20.68,39.08],[20.73,38.8],[21.14,38.39],[21.54,38.32],[21.95,38.41],[22.69,38.32],[23.22,38.15],[22.86,37.94],[21.96,38.33],[21.6,38.15],[21.38,38.21],[21.29,37.78],[21.65,37.44],[21.58,37.06],[21.7,36.82],[22.15,37.02],[22.36,36.7],[23.11,36.77],[22.73,37.49],[23.13,37.45],[23.11,37.92],[23.56,37.98],[24.07,37.68],[24.07,38.2],[23.68,38.35],[23.32,38.64],[22.95,38.75],[22.97,39.11],[22.86,39.78],[22.57,40.06],[22.63,40.38],[22.9,40.4],[23.33,40.21],[23.79,40.19],[23.88,40.4],[23.69,40.68],[24.09,40.72],[24.39,40.94],[24.78,40.85],[25.18,40.94],[26.02,40.83],[26.05,40.74],[26.36,40.95],[26.33,41.23],[26.61,41.33],[26.35,41.71],[26.14,41.35],[25.24,41.25],[24.47,41.55],[24.09,41.55],[23.63,41.38],[22.93,41.34],[22.59,41.12],[21.98,41.13],[21.6,40.87],[20.98,40.86],[21.05,40.67],[20.79,40.43],[20.67,40.1],[20.06,39.68]]]]},"properties":{"NAME":"Greece","ABBREVN":"Greece","SUBJECTO":"Greece","BORDERPRECISION":3,"PARTOF":"Greece","SHAPE_HASH":"22f4e02201"}},
{"type":"Feature","geometry":{"type":"Polygon","coordinates":[[[33.15,34.7],[33.6,34.82],[33.96,35.31],[33,35.37],[32.84,35.14],[32.28,35.04],[32.41,34.75],[32.71,34.64],[33.15,34.7]]]},"properties":{"NAME":"Cyprus","ABBREVN":"Cyprus","SUBJECTO":"Cyprus","BORDERPRECISION":3,"PARTOF":"Cyprus","SHAPE_HASH":"b6395f4fd6"}},
{"type":"Feature","geometry":{"type":"Polygon","coordinates":[[[22.93,41.34],[23.63,41.38],[24.09,41.55],[24.47,41.55],[25.24,41.25],[26.14,41.35],[26.35,41.71],[26.62,41.97],[27.23,42.11],[27.57,41.91],[28.02,41.99],[27.68,42.42],[27.89,42.7],[27.89,43.04],[28.15,43.4],[28.48,43.39],[28.58,43.75],[28.26,43.76],[27.92,44],[27.41,44.02],[27.04,44.15],[26.14,43.98],[25.79,43.71],[25.22,43.69],[24.5,43.76],[24.19,43.68],[23.42,43.86],[22.87,43.85],[22.69,44.22],[22.37,43.83],[22.54,43.48],[22.97,43.1],[22.44,42.82],[22.52,42.15],[22.97,41.78],[22.93,41.34]]]},"properties":{"NAME":"Bulgaria","ABBREVN":"Bulgaria","SUBJECTO":"Bulgaria","BORDERPRECISION":3,"PARTOF":"Bulgaria","SHAPE_HASH":"6f825cba07"}},
{"type":"Feature","geometry":{"type":"Polygon","coordinates":[[[24.51,47.96],[23.41,48],[22.9,47.95],[22.27,47.73],[21.71,47.08],[21.18,46.3],[20.26,46.12],[20.59,45.9],[20.81,45.48],[21.51,45.14],[21.4,44.78],[21.64,44.66],[22.31,44.66],[22.69,44.22],[22.87,43.85],[23.42,43.86],[24.19,43.68],[24.5,43.76],[25.22,43.69],[25.79,43.71],[26.14,43.98],[27.04,44.15],[27.41,44.02],[27.92,44],[28.26,43.76],[28.58,43.75],[28.64,44.33],[28.8,44.72],[29.61,44.85],[29.67,45.29],[29.22,45.43],[28.7,45.22],[28.38,45.3],[28.07,45.58],[28.25,46.43],[28.08,46.98],[27.3,47.66],[27,48.16],[26.64,48.27],[26.16,47.99],[25.33,47.92],[24.9,47.72],[24.67,47.9],[24.51,47.96]]]},"properties":{"NAME":"Rumania","ABBREVN":"Rumania","SUBJECTO":"Rumania","BORDERPRECISION":3,"PARTOF":"Rumania","SHAPE_HASH":"0305d469b5"}},
{"type":"Feature","geometry":{"type":"MultiPolygon","coordinates":[[[[23.33,58.45],[22.91,58.62],[21.91,58.46],[22.19,58.15],[23.33,58.45]]],[[[163.47,58.49],[164.18,58.82],[164.68,58.9],[164.58,59.23],[163.84,58.99],[163.47,58.49]]],[[[144.05,49.9],[143.79,50.29],[143.45,51.5],[143.12,51.96],[143.34,52.73],[143.29,53.14],[142.88,53.81],[141.77,53.37],[141.92,53.01],[141.64,52.31],[141.65,51.89],[142.25,51.15],[142.04,50.54],[142.13,49.89],[144.05,49.9]]],[[[169.45,69.81],[168.25,70.02],[167.76,69.83],[168.83,69.57],[169.45,69.81]]],[[[50.31,69.16],[49.31,69.5],[48.58,69.42],[48.22,68.89],[48.79,68.72],[49.68,68.87],[50.31,69.16]]],[[[59.46,70.28],[58.41,70.25],[59.02,69.85],[60.21,69.68],[60.48,69.92],[59.46,70.28]]],[[[128.14,72.58],[127.46,72.44],[128.76,72.07],[129.52,72.24],[129.09,72.48],[128.14,72.58]]],[[[127.3,73.52],[126.76,73.17],[126.66,72.99],[126.36,72.91],[126.45,72.79],[126.3,72.5],[128.17,72.81],[129.1,73.13],[127.3,73.52]]],[[[124.6,73.73],[123.24,73.55],[123.53,73.21],[123.09,72.91],[124.78,72.66],[126.17,72.3],[126.38,72.8],[126.32,72.92],[126.71,73.08],[126.42,73.41],[125.68,73.46],[124.6,73.73]]],[[[55.72,73.33],[55.32,73.33],[54.96,73.42],[53.15,73.15],[52.6,72.85],[52.75,72.34],[51.57,72.07],[51.42,71.73],[51.8,71.47],[53.18,71.49],[54.05,70.74],[55.41,70.75],[56.12,70.59],[57.06,70.86],[56.08,71.27],[55.32,71.95],[55.46,72.43],[56.55,73.12],[56.47,73.22],[55.72,73.33]]],[[[147.02,75.33],[146.07,75.22],[148.23,74.79],[149.73,74.76],[150.63,74.89],[150.1,75.23],[148.79,75.21],[148.39,75.42],[147.02,75.33]]],[[[112.71,74.5],[111.58,74.26],[112.82,74.1],[112.71,74.5]]],[[[142.15,73.89],[141.13,73.88],[140.57,73.45],[143.18,73.2],[143.43,73.52],[142.15,73.89]]],[[[55.44,73.34],[55.8,73.34],[55.93,73.3],[56.75,73.25],[57.94,73.8],[57.73,74.05],[58.72,74.24],[59.37,74.67],[60.37,74.79],[60.43,75.01],[61.7,75.37],[67.03,76.08],[68.32,76.29],[68.86,76.54],[68.51,76.95],[67.57,77.01],[66.43,76.85],[65.16,76.47],[62.39,76.19],[61.68,76.31],[58.89,75.86],[56.91,75.24],[55.75,75.11],[56.39,74.72],[55.53,74.65],[55.74,74.29],[53.85,73.77],[54.35,73.56],[54.3,73.42],[54.97,73.44],[55.44,73.34]]],[[[71.28,73.28],[70.93,73.52],[69.98,73.41],[70.24,73.04],[71.28,73.28]]],[[[139.19,76.07],[137.41,75.94],[136.91,75.27],[138.14,74.78],[139.23,74.66],[140.3,74.84],[143.43,74.89],[144.35,75.04],[145.21,75.51],[143.9,75.84],[142.56,75.86],[141.76,76.1],[140.54,75.75],[139.19,76.07]]]]},"properties":{"NAME":"Soviet Union","ABBREVN":"Soviet Union","SUBJECTO":"Soviet Union","BORDERPRECISION":3,"PARTOF":"Soviet Union","SHAPE_HASH":"acd5b72892"}},
{"type":"Feature","geometry":{"type":"Polygon","coordinates":[[[24.17,65.81],[25.35,65.48],[25.44,64.95],[24.54,64.8],[24.34,64.52],[23.32,63.9],[22.59,63.7],[22.32,63.37],[21.64,63.19],[21.11,62.77],[21.39,62.21],[21.55,61.31],[21.36,60.65],[22.87,60.15],[23.25,59.84],[25.2,60.24],[26.91,60.48],[27.74,60.51],[29.68,61.53],[31.26,62.51],[31.58,62.91],[31.24,63.2],[30,63.74],[30.6,64.05],[30.06,64.41],[29.65,65.07],[29.82,65.65],[30.13,65.71],[29.09,66.97],[30.03,67.69],[29.36,68.08],[28.7,68.2],[28.46,68.53],[28.96,69.05],[29.3,69.49],[29.1,69.71],[27.6,70.07],[26.48,69.94],[25.94,69.67],[25.76,68.99],[25.08,68.62],[24.06,68.82],[23.2,68.63],[22.55,68.74],[21.68,69.28],[20.61,69.06],[22.05,68.48],[22.83,68.39],[23.39,68.04],[23.57,67.16],[24,66.8],[23.64,66.43],[24.17,65.81]]]},"properties":{"NAME":"Finland","ABBREVN":"Finland","SUBJECTO":"Finland","BORDERPRECISION":3,"PARTOF":"Finland","SHAPE_HASH":"eacd7bdfa0"}},
{"type":"Feature","geometry":{"type":"MultiPolygon","coordinates":[[[[20.61,69.06],[19.96,68.54],[18.09,68.5],[18.16,68.17],[17.27,68.09],[16.73,67.9],[16.09,67.41],[16.4,67.17],[15.36,66.48],[15.47,66.28],[14.51,66.12],[14.63,65.82],[14.49,65.31],[13.67,64.58],[14.12,64.47],[13.99,64.02],[13.23,64.09],[12.63,63.94],[11.94,63.27],[12.17,63.02],[12.05,62.59],[12.29,62.26],[12.12,61.73],[12.86,61.36],[12.63,61.06],[12.22,61],[12.59,60.52],[12.47,60.07],[11.67,59.59],[11.79,59.3],[11.43,58.99],[11.12,58.94],[11.2,58.4],[11.88,58.2],[11.7,57.7],[12.1,57.43],[12.35,56.92],[12.72,56.64],[12.72,56.22],[13.06,55.68],[12.98,55.4],[14.19,55.39],[14.33,55.94],[14.72,56.16],[15.87,56.09],[16.56,57.09],[16.69,57.48],[16.78,58.58],[18.31,59.13],[17.93,59.34],[18.84,59.71],[18.93,59.92],[17.96,60.59],[17.28,60.68],[17.22,61.43],[17.51,62.23],[17.37,62.33],[18.47,62.86],[18.29,63],[19.23,63.33],[19.43,63.55],[20.32,63.66],[20.96,64.14],[21.59,64.44],[21.27,64.62],[22.33,65.83],[23.08,65.7],[24.17,65.81],[23.64,66.43],[24,66.8],[23.57,67.16],[23.39,68.04],[22.83,68.39],[22.05,68.48],[20.61,69.06]]],[[[18.21,56.91],[18.71,57.24],[18.81,57.7],[18.12,57.53],[18.21,56.91]]]]},"properties":{"NAME":"Sweden","ABBREVN":"Sweden","SUBJECTO":"Sweden","BORDERPRECISION":3,"PARTOF":"Sweden","SHAPE_HASH":"37a02a1fca"}},
{"type":"Feature","geometry":{"type":"MultiPolygon","coordinates":[[[[28.96,69.05],[29.31,69.32],[30.86,69.54],[30.85,69.79],[29.64,69.97],[31.07,70.29],[30.94,70.45],[28.21,71.08],[27.47,71.01],[27.03,70.47],[26.51,70.43],[26.52,70.93],[25.43,70.32],[25.09,70.51],[25.92,70.86],[24.57,70.93],[24.3,70.67],[23.33,70.22],[21.99,70.32],[21.21,70.21],[21.25,70],[20.32,69.67],[19.27,69.78],[18.17,69.43],[18.15,69.15],[17.64,69.1],[17.24,68.75],[16.62,68.64],[16.48,68.18],[14.76,67.8],[14.84,67.64],[14.22,66.98],[13.29,66.72],[13.16,66.4],[12.35,65.64],[12.56,65.5],[11.98,65.07],[11.43,64.92],[11.54,64.56],[10.59,64.43],[9.86,63.89],[9.72,63.63],[8.64,63.4],[8.63,63.18],[6.33,62.61],[6.29,62.37],[5.68,62.17],[4.98,61.74],[5.12,61.14],[5.14,60.36],[5.64,60.15],[5.48,59.73],[5.18,59.5],[5.54,59.28],[5.46,58.75],[5.62,58.56],[6.78,58.11],[7.62,58.02],[8.21,58.12],[9.79,59.04],[10.37,59.27],[11.35,59.11],[11.43,58.99],[11.79,59.3],[11.67,59.59],[12.47,60.07],[12.59,60.52],[12.22,61],[12.63,61.06],[12.86,61.36],[12.12,61.73],[12.29,62.26],[12.05,62.59],[12.17,63.02],[11.94,63.27],[12.63,63.94],[13.23,64.09],[13.99,64.02],[14.12,64.47],[13.67,64.58],[14.49,65.31],[14.63,65.82],[14.51,66.12],[15.47,66.28],[15.36,66.48],[16.4,67.17],[16.09,67.41],[16.73,67.9],[17.27,68.09],[18.16,68.17],[18.09,68.5],[19.96,68.54],[20.61,69.06],[21.68,69.28],[22.55,68.74],[23.2,68.63],[24.06,68.82],[25.08,68.62],[25.76,68.99],[25.94,69.67],[26.48,69.94],[27.6,70.07],[29.1,69.71],[29.3,69.49],[28.96,69.05]]],[[[15.51,68.45],[16.5,68.55],[16.54,68.76],[15.63,68.94],[15.51,68.45]]],[[[17.67,69.55],[16.94,69.39],[17,69.13],[17.86,69.16],[18.08,69.42],[17.67,69.55]]]]},"properties":{"NAME":"Norway","ABBREVN":"Norway","SUBJECTO":"Norway","BORDERPRECISION":3,"PARTOF":"Norway","SHAPE_HASH":"783330a318"}},
{"type":"Feature","geometry":{"type":"MultiPolygon","coordinates":[[[[9.38,54.83],[9.59,55.42],[10.28,56.02],[10.75,56.16],[10.96,56.44],[10.28,56.6],[10.27,56.91],[9.97,57.07],[9.3,57],[8.52,56.54],[8.12,56.55],[8.14,56.11],[8.4,55.89],[8.09,55.56],[8.59,55.44],[8.66,54.91],[9.38,54.83]]],[[[8.24,56.75],[8.68,56.95],[10,57.09],[10.53,57.22],[10.44,57.61],[9.96,57.59],[9.39,57.15],[8.62,57.12],[8.24,56.75]]],[[[9.75,55.54],[10.15,55.08],[10.73,55.07],[10.75,55.49],[10.32,55.61],[9.75,55.54]]],[[[12.57,55.99],[12.28,56.13],[11.61,55.94],[11.09,55.67],[11.25,55.2],[12.16,55],[12.46,55.29],[12.25,55.55],[12.6,55.7],[12.57,55.99]]]]},"properties":{"NAME":"Denmark","ABBREVN":"Denmark","SUBJECTO":"Denmark","BORDERPRECISION":3,"PARTOF":"Denmark","SHAPE_HASH":"4075ed24c4"}},
{"type":"Feature","geometry":{"type":"Polygon","coordinates":[[[-14.33,65.64],[-14.61,65.95],[-15.75,66.29],[-16.03,66.54],[-16.74,66.11],[-17.42,65.99],[-17.96,66.15],[-18.85,66.2],[-19.45,66.05],[-19.42,65.73],[-20.26,65.74],[-20.45,65.49],[-21.34,65.73],[-21.29,65.92],[-22.42,66.43],[-22.94,66.47],[-23.47,66.2],[-24.15,65.6],[-23.62,65.46],[-22.91,65.56],[-22.22,65.42],[-22.41,64.81],[-21.97,64.07],[-20.22,63.55],[-18.71,63.39],[-17.97,63.67],[-16.45,63.91],[-16.02,64.13],[-14.54,64.4],[-13.5,65.07],[-13.61,65.51],[-14.33,65.64]]]},"properties":{"NAME":"Iceland","ABBREVN":"Iceland","SUBJECTO":"Iceland","BORDERPRECISION":3,"PARTOF":"Iceland","SHAPE_HASH":"87cc45d5dd"}},
{"type":"Feature","geometry":{"type":"Polygon","coordinates":[[[0.47,9],[0.55,9.41],[0.22,9.46],[0.37,10.25],[-0.08,10.7],[-0.11,9.98],[-0.01,9.49],[-0.01,9.06],[-0.17,8.63],[-0.05,7.68],[0.26,7.18],[0.09,6.57],[0.36,6.3],[0.88,6.31],[0.53,6.95],[0.64,7.4],[0.51,7.46],[0.61,8.22],[0.47,8.6],[0.47,9]]]},"properties":{"NAME":"British Togoland","ABBREVN":"British Togoland","SUBJECTO":"British Togoland","BORDERPRECISION":3,"PARTOF":"British Togoland","SHAPE_HASH":"a3dd844ac7"}},
{"type":"Feature","geometry":{"type":"Polygon","coordinates":[[[9.5,4.1],[9.66,3.53],[9.97,3.09],[9.82,2.57],[9.83,2.26],[10.02,2.17],[11.34,2.17],[11.37,2.3],[12.75,2.23],[13.17,2.28],[13.3,2.17],[14.56,2.17],[14.89,2.02],[15.76,1.91],[16.16,1.72],[16.08,2.15],[16.1,2.9],[15.82,3.1],[15.26,3.67],[15.04,4.03],[15.09,4.29],[14.72,4.64],[14.69,5.12],[14.53,5.29],[14.62,5.9],[14.43,6.08],[14.74,6.26],[15.23,7.24],[15.57,7.63],[15.21,8.48],[14.56,9.01],[14.01,9.62],[14.19,9.98],[14.78,9.92],[15.5,10.1],[15.19,10.5],[15.02,11.2],[15.11,11.5],[15.04,12.08],[14.89,12.16],[14.82,12.63],[14.55,12.77],[14.44,13.09],[14.07,13.07],[14.24,12.35],[14.65,12.19],[14.61,11.5],[14.19,11.24],[13.89,11.17],[13.58,10.69],[13.4,10.11],[13.25,10.07],[13.24,9.59],[13.09,9.51],[12.9,9.35],[12.83,8.91],[12.68,8.66],[12.27,8.42],[12.21,8],[12.04,7.58],[11.79,7.25],[11.56,6.66],[11,6.1],[10.67,6.01],[10.59,5.82],[10.14,5.75],[9.74,5.25],[9.76,4.88],[9.53,4.66],[9.5,4.1]]]},"properties":{"NAME":"Cameroon","ABBREVN":"Cameroon","SUBJECTO":"Cameroon","BORDERPRECISION":3,"PARTOF":"Cameroon","SHAPE_HASH":"6ab3946ec1"}},
{"type":"Feature","geometry":{"type":"MultiPolygon","coordinates":[[[[12.83,8.91],[12.49,8.72],[12.08,8.78],[10.35,7.18],[9.88,6.78],[9.71,6.52],[9.37,6.33],[8.86,5.84],[8.92,5.6],[8.81,5.16],[8.51,4.63],[8.9,4.45],[8.97,4.1],[9.37,3.9],[9.5,4.1],[9.53,4.66],[9.76,4.88],[9.74,5.25],[10.14,5.75],[10.59,5.82],[10.67,6.01],[11,6.1],[11.56,6.66],[11.79,7.25],[12.04,7.58],[12.21,8],[12.27,8.42],[12.68,8.66],[12.83,8.91]]],[[[14.07,13.07],[14.02,12.54],[14.1,12.38],[13.65,11.68],[13.4,11.53],[13.28,11.27],[13.29,10.74],[13.01,9.97],[13.09,9.51],[13.24,9.59],[13.25,10.07],[13.4,10.11],[13.58,10.69],[13.89,11.17],[14.19,11.24],[14.61,11.5],[14.65,12.19],[14.24,12.35],[14.07,13.07]]]]},"properties":{"NAME":"British Cameroons","ABBREVN":"British Cameroons","SUBJECTO":"British Cameroons","BORDERPRECISION":3,"PARTOF":"British Cameroons","SHAPE_HASH":"5d884fe08f"}},
{"type":"Feature","geometry":{"type":"Polygon","coordinates":[[[48.98,11.25],[48.66,11.33],[48.13,11.14],[47.4,11.18],[46.65,10.75],[45.76,10.87],[44.99,10.44],[44.28,10.45],[43.81,10.81],[43.25,11.47],[42.94,11],[42.66,10.63],[42.85,10.22],[43.22,9.86],[43.44,9.42],[44.01,9.01],[45.62,8.47],[47.01,8],[47.99,8],[49.02,9],[49.01,11.13],[48.98,11.25]]]},"properties":{"NAME":"British Somaliland","ABBREVN":"British Somaliland","SUBJECTO":"British Somaliland","BORDERPRECISION":3,"PARTOF":"British Somaliland","SHAPE_HASH":"8a4b3f19b7"}},
{"type":"Feature","geometry":{"type":"Polygon","coordinates":[[[43.25,11.47],[42.77,11.73],[43.37,11.99],[43.41,12.23],[43.12,12.71],[42.7,12.36],[42.4,12.47],[41.76,11.51],[41.8,11.03],[42.02,10.94],[42.64,11.1],[42.94,11],[43.25,11.47]]]},"properties":{"NAME":"Djibouti","ABBREVN":"Djibouti","SUBJECTO":"Djibouti","BORDERPRECISION":3,"PARTOF":"Djibouti","SHAPE_HASH":"0e5270b9b9"}},
{"type":"Feature","geometry":{"type":"Polygon","coordinates":[[[42.94,11],[42.64,11.1],[42.02,10.94],[41.8,11.03],[41.76,11.51],[42.4,12.47],[41.99,12.85],[41.82,13.16],[41.24,13.6],[40.8,14.15],[40.12,14.47],[39.9,14.43],[39.53,14.57],[39.38,14.48],[39.01,14.59],[38.45,14.42],[38.26,14.68],[37.91,14.88],[37.57,14.1],[37.34,14.43],[37.08,14.29],[36.54,14.27],[36.4,13.57],[36.25,13.37],[36.14,12.71],[35.7,12.67],[35.23,11.9],[34.93,10.96],[34.59,10.89],[34.29,10.55],[34.35,10.24],[34.09,9.55],[34.12,8.58],[33.97,8.44],[33.26,8.46],[33.05,7.79],[33.71,7.66],[34.03,7.38],[34.3,6.96],[34.76,6.61],[35.1,5.63],[35.82,5.33],[35.77,4.8],[35.93,4.62],[36.05,4.45],[36.89,4.43],[38,3.73],[38.12,3.61],[38.52,3.63],[38.91,3.51],[39.5,3.45],[39.87,3.87],[40.78,4.29],[41.18,3.94],[41.9,3.97],[42.07,4.18],[42.88,4.32],[43.16,4.67],[43.98,4.96],[44.95,4.9],[45.96,6],[46.99,7.06],[47.99,8],[47.01,8],[45.62,8.47],[44.01,9.01],[43.44,9.42],[43.22,9.86],[42.85,10.22],[42.66,10.63],[42.94,11]]]},"properties":{"NAME":"Ethiopia","ABBREVN":"Ethiopia","SUBJECTO":"Ethiopia","BORDERPRECISION":3,"PARTOF":"Ethiopia","SHAPE_HASH":"2663db0d05"}},
{"type":"Feature","geometry":{"type":"Polygon","coordinates":[[[43.12,12.71],[42.8,12.85],[42.72,13.04],[42.37,13.22],[42.28,13.57],[41.96,13.86],[41.68,13.94],[41.17,14.63],[40.81,14.71],[40.45,15.01],[40.18,14.97],[39.99,15.39],[39.71,15.26],[39.46,15.52],[39.23,16.13],[39.16,16.68],[38.95,17.35],[38.6,18],[38.26,17.53],[37.51,17.32],[37.49,17.11],[37.15,17.02],[36.91,16.64],[36.97,16.29],[36.44,15.15],[36.54,14.27],[37.08,14.29],[37.34,14.43],[37.57,14.1],[37.91,14.88],[38.26,14.68],[38.45,14.42],[39.01,14.59],[39.38,14.48],[39.53,14.57],[39.9,14.43],[40.12,14.47],[40.8,14.15],[41.24,13.6],[41.82,13.16],[41.99,12.85],[42.4,12.47],[42.7,12.36],[43.12,12.71]]]},"properties":{"NAME":"Eritrea","ABBREVN":"Eritrea","SUBJECTO":"Eritrea","BORDERPRECISION":3,"PARTOF":"Eritrea","SHAPE_HASH":"86c24e79cb"}},
{"type":"Feature","geometry":{"type":"Polygon","coordinates":[[[31.3,-22.42],[30.9,-22.29],[30.3,-22.34],[29.73,-22.14],[29.02,-22.23],[28.92,-22.45],[28.36,-22.58],[27.53,-23.38],[27.34,-23.4],[26.98,-23.69],[26.85,-24.25],[26.46,-24.58],[25.87,-24.74],[25.87,-24.91],[25.59,-25.62],[25.36,-25.75],[24.8,-25.83],[23.9,-25.62],[23.45,-25.28],[22.91,-25.4],[22.62,-26.11],[22.2,-26.39],[21.67,-26.86],[21.14,-26.87],[20.62,-26.77],[20.61,-26.45],[20.86,-26.14],[20.61,-25.4],[20.39,-25.04],[20,-24.77],[20,-26.41],[20,-28.42],[19.57,-28.53],[19.11,-28.96],[18.72,-28.84],[18.18,-28.91],[17.59,-28.69],[17.4,-28.34],[17.08,-28.03],[16.91,-28.07],[16.78,-28.44],[16.49,-28.58],[16.82,-29.09],[17.28,-30.34],[17.91,-31.36],[18.18,-31.67],[18.35,-32.29],[18.26,-32.67],[17.85,-32.83],[18.03,-33.03],[18.47,-33.82],[18.31,-34.04],[18.85,-34.15],[18.8,-34.36],[19.31,-34.43],[19.65,-34.77],[20,-34.82],[20.46,-34.48],[21.06,-34.36],[21.73,-34.4],[22.16,-34.09],[22.54,-34.01],[23.37,-34.09],[23.65,-33.98],[24.82,-34.2],[25.16,-33.96],[25.63,-34.05],[25.68,-33.79],[26.08,-33.71],[26.46,-33.77],[27.1,-33.53],[27.9,-33.04],[28.93,-32.22],[29.41,-31.7],[30.02,-31.28],[30.39,-30.86],[31.33,-29.39],[31.77,-28.95],[32.38,-28.55],[32.55,-28.18],[32.67,-27.52],[32.89,-26.85],[32.02,-26.81],[31.99,-27.32],[31.52,-27.31],[31.16,-27.2],[30.82,-26.81],[30.8,-26.47],[31.13,-25.92],[31.42,-25.73],[31.88,-26],[32.01,-25.62],[32.02,-24.46],[31.88,-23.96],[31.55,-23.48],[31.56,-23.19],[31.3,-22.42]],[[27.38,-30.32],[27.01,-29.63],[27.3,-29.53],[27.8,-28.92],[28.18,-28.7],[28.65,-28.57],[28.95,-28.88],[29.33,-29.09],[29.46,-29.35],[29.17,-29.66],[29.17,-29.92],[28.67,-30.14],[28.4,-30.14],[28.08,-30.65],[27.74,-30.6],[27.38,-30.32]]]},"properties":{"NAME":"South Africa","ABBREVN":"South Africa","SUBJECTO":"South Africa","BORDERPRECISION":3,"PARTOF":"South Africa","SHAPE_HASH":"3990a31a1b"}},
{"type":"Feature","geometry":{"type":"Polygon","coordinates":[[[-2.21,35.09],[-2.31,35.11],[-2.84,34.64],[-3.34,34.5],[-3.63,34.68],[-4.33,34.61],[-4.45,34.51],[-5.07,34.63],[-5.54,35.03],[-5.84,34.95],[-6.23,35.03],[-6.8,34.06],[-7.5,33.65],[-8.54,33.25],[-9.28,32.54],[-9.28,32.18],[-9.81,31.45],[-9.83,30.63],[-9.61,30.4],[-9.79,29.87],[-10.44,29.1],[-11.2,28.61],[-10.27,28.26],[-9.43,28.27],[-8.67,28.56],[-8.67,28.71],[-7.64,29.39],[-7.11,29.64],[-6.59,29.57],[-6.4,29.8],[-5.53,29.91],[-5.28,30.06],[-4.92,30.51],[-4.4,30.65],[-4.03,30.9],[-3.83,31.18],[-3.83,31.65],[-3,31.83],[-2.87,32.08],[-2.26,32.15],[-1.21,32.09],[-1.25,32.32],[-1.01,32.51],[-1.38,32.72],[-1.67,33.26],[-1.73,33.7],[-1.66,34.09],[-1.85,34.61],[-1.76,34.75],[-2.21,35.09]]]},"properties":{"NAME":"Morocco","ABBREVN":"Morocco","SUBJECTO":"Morocco","BORDERPRECISION":3,"PARTOF":"Morocco","SHAPE_HASH":"55428b3f35"}},
{"type":"Feature","geometry":{"type":"MultiPolygon","coordinates":[[[[-11.2,28.61],[-11.51,28.3],[-12.06,28.08],[-12.96,27.92],[-13.07,27.67],[-10.3,27.67],[-8.67,27.67],[-8.67,28.56],[-9.43,28.27],[-10.27,28.26],[-11.2,28.61]]],[[[-2.31,35.11],[-2.55,35.09],[-3.07,35.29],[-3.31,35.2],[-3.91,35.26],[-4.36,35.15],[-4.7,35.21],[-5.25,35.57],[-5.4,35.92],[-5.92,35.79],[-6.23,35.03],[-5.84,34.95],[-5.54,35.03],[-5.07,34.63],[-4.45,34.51],[-4.33,34.61],[-3.63,34.68],[-3.34,34.5],[-2.84,34.64],[-2.31,35.11]]]]},"properties":{"NAME":"Spanish Morocco","ABBREVN":"Spanish Morocco","SUBJECTO":"Spanish Morocco","BORDERPRECISION":3,"PARTOF":"Spanish Morocco","SHAPE_HASH":"8783c7944e"}},
{"type":"Feature","geometry":{"type":"Polygon","coordinates":[[[-8.67,28.56],[-8.67,27.67],[-8.67,27.29],[-7.69,26.73],[-5.86,25.65],[-4.53,24.83],[-2.45,23.49],[-1.14,22.61],[-0.01,21.83],[1.17,21.1],[1.18,20.73],[1.66,20.54],[1.9,20.26],[2.2,20.28],[2.42,20.05],[2.9,19.97],[3.23,19.82],[3.27,19.38],[3.12,19.15],[3.33,18.98],[5.81,19.45],[7.46,20.86],[8.58,21.54],[10.12,22.45],[11.99,23.52],[11.56,24.3],[10.72,24.57],[10.48,24.48],[10.05,24.84],[10.03,25.33],[9.4,26.15],[9.5,26.36],[9.87,26.51],[9.73,27.32],[9.95,27.87],[9.79,28.27],[9.87,28.81],[9.77,29.43],[9.31,30.13],[9.54,30.24],[9.06,32.1],[8.35,32.53],[8.31,32.83],[8.08,33.11],[7.76,33.21],[7.49,33.89],[7.53,34.1],[7.87,34.44],[8.25,34.66],[8.4,35.19],[8.27,35.92],[8.37,36.45],[8.62,36.94],[7.76,36.97],[7.23,37.09],[6.92,36.88],[6.47,37.09],[6.23,36.91],[5.7,36.82],[5.42,36.65],[4.79,36.89],[3.75,36.89],[3.48,36.77],[2.9,36.79],[2.5,36.58],[1.18,36.51],[0.2,36.1],[-0.11,35.78],[-0.37,35.9],[-0.62,35.72],[-1.04,35.68],[-1.26,35.41],[-1.78,35.12],[-2.21,35.09],[-1.76,34.75],[-1.85,34.61],[-1.66,34.09],[-1.73,33.7],[-1.67,33.26],[-1.38,32.72],[-1.01,32.51],[-1.25,32.32],[-1.21,32.09],[-2.26,32.15],[-2.87,32.08],[-3,31.83],[-3.83,31.65],[-3.83,31.18],[-4.03,30.9],[-4.4,30.65],[-4.92,30.51],[-5.28,30.06],[-5.53,29.91],[-6.4,29.8],[-6.59,29.57],[-7.11,29.64],[-7.64,29.39],[-8.67,28.71],[-8.67,28.56]]]},"properties":{"NAME":"Algeria","ABBREVN":"Algeria","SUBJECTO":"Algeria","BORDERPRECISION":3,"PARTOF":"Algeria","SHAPE_HASH":"dd2f27f229"}},
{"type":"Feature","geometry":{"type":"Polygon","coordinates":[[[9.54,30.24],[9.89,30.36],[10.29,30.91],[10.12,31.42],[10.88,32.13],[11.55,32.43],[11.47,32.62],[11.53,33.17],[11.17,33.21],[11.11,33.55],[10.75,33.47],[10.17,33.83],[10.01,34.17],[10.58,34.55],[11.13,35.24],[11.03,35.64],[10.6,35.86],[10.5,36.33],[10.8,36.47],[11.1,36.9],[11.04,37.09],[10.41,36.72],[10.19,37.21],[9.66,37.34],[8.62,36.94],[8.37,36.45],[8.27,35.92],[8.4,35.19],[8.25,34.66],[7.87,34.44],[7.53,34.1],[7.49,33.89],[7.76,33.21],[8.08,33.11],[8.31,32.83],[8.35,32.53],[9.06,32.1],[9.54,30.24]]]},"properties":{"NAME":"Tunisia","ABBREVN":"Tunisia","SUBJECTO":"Tunisia","BORDERPRECISION":3,"PARTOF":"Tunisia","SHAPE_HASH":"96fd83664a"}},
{"type":"Feature","geometry":{"type":"Polygon","coordinates":[[[11.99,23.52],[13.41,23.22],[13.61,23.13],[14.24,22.61],[15,23],[16,23.45],[18.36,22.34],[19.87,21.61],[21.78,20.66],[24,19.51],[24.01,20],[25,20],[25,22],[25,23.58],[25,24.99],[25,27.08],[25,29.25],[24.71,30.19],[25.02,30.79],[24.87,31.37],[25.15,31.64],[24.98,31.97],[24.12,32],[23.72,32.18],[23.25,32.22],[23.12,32.62],[22.38,32.87],[21.63,32.93],[20.56,32.56],[20.08,32.18],[19.92,31.7],[20.14,31.21],[20.03,30.81],[19.77,30.52],[19.35,30.29],[18.96,30.28],[18.18,30.78],[17.37,31.08],[16.71,31.23],[16.25,31.23],[15.75,31.39],[15.49,31.66],[15.37,32.15],[15.13,32.41],[14.45,32.53],[14.2,32.7],[13.25,32.92],[12.91,32.82],[12.28,32.85],[11.53,33.17],[11.47,32.62],[11.55,32.43],[10.88,32.13],[10.12,31.42],[10.29,30.91],[9.89,30.36],[9.54,30.24],[9.31,30.13],[9.77,29.43],[9.87,28.81],[9.79,28.27],[9.95,27.87],[9.73,27.32],[9.87,26.51],[9.5,26.36],[9.4,26.15],[10.03,25.33],[10.05,24.84],[10.48,24.48],[10.72,24.57],[11.56,24.3],[11.99,23.52]]]},"properties":{"NAME":"Libya","ABBREVN":"Libya","SUBJECTO":"Libya","BORDERPRECISION":3,"PARTOF":"Libya","SHAPE_HASH":"d7b38ff49d"}},
{"type":"Feature","geometry":{"type":"Polygon","coordinates":[[[36.54,14.27],[36.44,15.15],[36.97,16.29],[36.91,16.64],[37.15,17.02],[37.49,17.11],[37.51,17.32],[38.26,17.53],[38.6,18],[38.19,18.24],[37.75,18.71],[37.52,18.72],[37.34,19.15],[37.19,20.01],[37.1,21.29],[36.9,21.64],[36.89,22],[34.35,22],[33.17,22],[31.46,22],[29.61,22],[27.39,21.99],[25,22],[25,20],[24.01,20],[24,19.51],[24,18.22],[24,15.7],[23.6,15.76],[23.11,15.71],[22.94,15.56],[22.98,15.21],[22.42,14.6],[22.56,14.13],[22.08,13.78],[22.29,13.37],[21.94,13.05],[21.91,12.67],[22.22,12.75],[22.41,12.49],[22.61,11.99],[22.55,11.67],[22.93,11.41],[22.87,10.92],[23.31,10.45],[23.67,9.87],[23.65,9.28],[23.45,9.02],[23.53,8.71],[24.2,8.69],[24.25,8.28],[24.87,8.16],[25.29,7.78],[25.2,7.52],[25.37,7.34],[25.85,7.11],[26.41,6.64],[26.3,6.39],[27.14,5.77],[27.28,5.58],[27.3,5.23],[27.79,4.6],[28.36,4.29],[29.01,4.5],[29.33,4.39],[29.49,4.68],[29.81,4.56],[30.21,3.96],[30.55,3.86],[30.59,3.6],[31.29,3.8],[31.54,3.65],[31.79,3.81],[31.95,3.59],[33.02,3.89],[33.52,3.76],[34.39,4.61],[35.93,4.62],[35.77,4.8],[35.82,5.33],[35.1,5.63],[34.76,6.61],[34.3,6.96],[34.03,7.38],[33.71,7.66],[33.05,7.79],[33.26,8.46],[33.97,8.44],[34.12,8.58],[34.09,9.55],[34.35,10.24],[34.29,10.55],[34.59,10.89],[34.93,10.96],[35.23,11.9],[35.7,12.67],[36.14,12.71],[36.25,13.37],[36.4,13.57],[36.54,14.27]]]},"properties":{"NAME":"Sudan","ABBREVN":"Sudan","SUBJECTO":"Sudan","BORDERPRECISION":3,"PARTOF":"Sudan","SHAPE_HASH":"435ac2285e"}},
{"type":"Feature","geometry":{"type":"Polygon","coordinates":[[[44.81,39.64],[44.47,39.7],[44.22,39.14],[44.32,38.38],[44.22,37.9],[44.58,37.77],[44.59,37.44],[44.79,37.15],[45.01,36.55],[45.28,36.38],[45.35,36.06],[45.76,35.82],[46.09,35.87],[45.99,35.49],[46.19,35.22],[45.88,35.03],[45.44,34.46],[45.58,34.3],[45.5,33.95],[45.9,33.63],[46.41,32.94],[47.15,32.46],[47.36,32.47],[47.86,31.8],[47.7,31.41],[47.69,31],[48.04,31],[48.03,30.49],[48.41,30.2],[48.55,29.96],[48.92,30.04],[48.87,30.36],[49.58,30.01],[49.93,30.21],[50.39,29.66],[50.63,29.49],[50.64,29.14],[50.92,29.06],[51.33,28.05],[51.58,27.85],[52.05,27.82],[52.5,27.61],[52.61,27.35],[53.39,27],[53.65,26.75],[54.27,26.72],[54.69,26.51],[55.64,26.98],[56.36,27.2],[56.81,27.12],[57.01,26.87],[57.08,26.41],[57.32,25.77],[57.95,25.7],[58.16,25.54],[58.82,25.56],[59.02,25.4],[59.49,25.47],[60.3,25.35],[61.44,25.08],[61.61,25.2],[61.69,25.8],[61.83,26.18],[62.32,26.51],[62.77,26.65],[63.19,26.64],[63.25,27.08],[62.94,27.21],[62.76,28],[62.4,28.42],[61.95,28.53],[61.65,28.79],[61.31,29.4],[60.87,29.86],[61.76,30.79],[61.85,31.02],[61.71,31.38],[60.85,31.5],[60.86,32.23],[60.58,33.15],[60.89,33.56],[60.55,33.63],[60.5,34.09],[60.72,34.53],[60.98,34.65],[61.28,35.52],[61.15,36.65],[60.36,36.65],[60.02,37.04],[59.48,37.23],[59.38,37.5],[58.81,37.67],[58.41,37.64],[58.2,37.79],[57.45,37.94],[57.24,38.27],[56.44,38.26],[56.33,38.09],[55.47,38.09],[55.14,37.95],[54.78,37.51],[54.2,37.33],[53.91,37.35],[54.02,36.82],[53.54,36.89],[51.88,36.58],[51.09,36.73],[50.48,37.03],[50.2,37.39],[49.44,37.49],[49.15,37.61],[48.94,37.9],[48.87,38.45],[48.6,38.42],[48.02,38.83],[48.26,38.98],[48.12,39.28],[48.34,39.42],[47.81,39.68],[46.54,38.88],[46.19,38.84],[45.43,39],[44.81,39.64]]]},"properties":{"NAME":"Iran","ABBREVN":"Iran","SUBJECTO":"Iran","BORDERPRECISION":3,"PARTOF":"Iran","SHAPE_HASH":"b9dcc19142"}},
{"type":"Feature","geometry":{"type":"MultiPolygon","coordinates":[[[[44.81,39.64],[44.49,39.96],[43.91,40.02],[43.59,40.5],[43.74,40.67],[43.46,41.17],[43.23,41.19],[42.83,41.58],[42.46,41.43],[41.53,41.52],[41.38,41.37],[40.15,40.92],[39.41,41.11],[38.33,40.92],[37.54,41.03],[37.05,41.17],[36.86,41.35],[36.43,41.24],[35.97,41.73],[35.58,41.63],[35.29,41.71],[34.98,42.09],[34.72,41.94],[33.34,42.02],[32.6,41.83],[31.55,41.36],[31.23,41.09],[30.76,41.09],[29.13,41.21],[29.04,40.97],[29.41,40.77],[28.78,40.53],[28.67,40.36],[27.75,40.53],[27.51,40.31],[27.26,40.46],[26.7,40.38],[26.15,39.91],[26.13,39.45],[26.94,39.58],[26.64,39.26],[26.85,39.13],[26.73,38.64],[26.35,38.62],[26.43,38.21],[27.24,37.98],[27.19,37.35],[27.6,37.23],[27.52,36.99],[28.07,36.94],[28.12,36.8],[29.05,36.68],[29.15,36.35],[29.68,36.12],[30.5,36.32],[30.57,36.79],[31.29,36.82],[32.06,36.52],[32.37,36.18],[32.67,36.04],[33.71,36.18],[33.99,36.28],[34.32,36.62],[34.84,36.79],[35.35,36.54],[35.63,36.61],[36.01,36.92],[36.19,36.6],[35.79,36.29],[35.92,35.93],[36.37,36],[36.66,36.82],[37.13,36.66],[37.53,36.68],[38.18,36.91],[38.73,36.7],[39.22,36.67],[39.82,36.75],[40.77,37.12],[41.22,37.07],[42.06,37.19],[42.36,37.11],[42.79,37.38],[43.49,37.25],[44.23,37.28],[44.26,36.99],[44.79,37.15],[44.59,37.44],[44.58,37.77],[44.22,37.9],[44.32,38.38],[44.22,39.14],[44.47,39.7],[44.81,39.64]]],[[[26.05,40.74],[26.32,40.11],[26.73,40.48],[27.18,40.63],[27.51,40.98],[28.24,41.08],[28.63,40.96],[28.84,41.28],[28.24,41.51],[28.02,41.99],[27.57,41.91],[27.23,42.11],[26.62,41.97],[26.35,41.71],[26.61,41.33],[26.33,41.23],[26.36,40.95],[26.05,40.74]]]]},"properties":{"NAME":"Ottoman Empire","ABBREVN":"Ottoman Empire","SUBJECTO":"Ottoman Empire","BORDERPRECISION":3,"PARTOF":"Ottoman Empire","SHAPE_HASH":"79692cf837"}},
{"type":"Feature","geometry":{"type":"Polygon","coordinates":[[[44.79,37.15],[44.26,36.99],[44.23,37.28],[43.49,37.25],[42.79,37.38],[42.36,37.11],[41.84,36.6],[41.4,36.53],[41.25,36.05],[41.38,35.84],[41.21,35.19],[41.22,34.78],[41,34.42],[38.8,33.38],[39.2,32.15],[40.41,31.95],[41.44,31.37],[42.09,31.11],[43.07,30.42],[44.72,29.2],[46.43,29.06],[46.55,29.1],[46.94,29.58],[47.13,29.98],[47.35,30.08],[48.09,30.05],[48.55,29.96],[48.41,30.2],[48.03,30.49],[48.04,31],[47.69,31],[47.7,31.41],[47.86,31.8],[47.36,32.47],[47.15,32.46],[46.41,32.94],[45.9,33.63],[45.5,33.95],[45.58,34.3],[45.44,34.46],[45.88,35.03],[46.19,35.22],[45.99,35.49],[46.09,35.87],[45.76,35.82],[45.35,36.06],[45.28,36.38],[45.01,36.55],[44.79,37.15]]]},"properties":{"NAME":"Iraq","ABBREVN":"Iraq","SUBJECTO":"Iraq","BORDERPRECISION":3,"PARTOF":"Iraq","SHAPE_HASH":"e31ef8d63d"}},
{"type":"Feature","geometry":{"type":"Polygon","coordinates":[[[25,22],[27.39,21.99],[29.61,22],[31.46,22],[33.17,22],[34.35,22],[36.89,22],[36.47,22.32],[36.28,22.59],[35.84,22.76],[35.67,22.97],[35.49,23.49],[35.48,24.15],[35.14,24.52],[35.09,24.72],[34.55,25.72],[33.93,26.68],[33.83,27.26],[33.49,27.64],[33.47,28],[33.13,28.28],[32.62,28.98],[32.57,29.38],[32.36,29.68],[32.56,29.96],[32.74,29.45],[33.17,29],[33.24,28.55],[33.76,28.02],[34.13,27.8],[34.43,27.97],[34.41,28.32],[34.63,28.74],[34.76,29.33],[34.9,29.49],[34.72,30.09],[34.22,31.32],[33.74,31.13],[33.12,31.19],[32.78,31.05],[32.08,31.08],[31.6,31.44],[31.13,31.5],[30.59,31.38],[30.35,31.45],[29.48,30.94],[29.04,30.82],[28.43,31.08],[27.92,31.1],[27.44,31.22],[27.35,31.37],[25.81,31.61],[25.4,31.5],[25.15,31.64],[24.87,31.37],[25.02,30.79],[24.71,30.19],[25,29.25],[25,27.08],[25,24.99],[25,23.58],[25,22]]]},"properties":{"NAME":"Egypt","ABBREVN":"Egypt","SUBJECTO":"Egypt","BORDERPRECISION":3,"PARTOF":"Egypt","SHAPE_HASH":"b48c6fa4fd"}},
{"type":"Feature","geometry":{"type":"Polygon","coordinates":[[[35.92,35.93],[35.73,35.58],[35.92,35.42],[35.87,34.91],[35.97,34.65],[36.46,34.63],[36.59,34.23],[36.03,33.55],[35.63,33.25],[35.64,32.69],[35.93,32.72],[36.4,32.38],[36.84,32.31],[38.8,33.38],[41,34.42],[41.22,34.78],[41.21,35.19],[41.38,35.84],[41.25,36.05],[41.4,36.53],[41.84,36.6],[42.36,37.11],[42.06,37.19],[41.22,37.07],[40.77,37.12],[39.82,36.75],[39.22,36.67],[38.73,36.7],[38.18,36.91],[37.53,36.68],[37.13,36.66],[36.66,36.82],[36.37,36],[35.92,35.93]]]},"properties":{"NAME":"Syria","ABBREVN":"Syria","SUBJECTO":"Syria","BORDERPRECISION":3,"PARTOF":"Syria","SHAPE_HASH":"3651774797"}},
{"type":"Feature","geometry":{"type":"Polygon","coordinates":[[[35.97,34.65],[35.67,34.31],[35.63,34.01],[35.1,33.09],[35.43,33.07],[35.63,33.25],[36.03,33.55],[36.59,34.23],[36.46,34.63],[35.97,34.65]]]},"properties":{"NAME":"Lebanon","ABBREVN":"Lebanon","SUBJECTO":"Lebanon","BORDERPRECISION":3,"PARTOF":"Lebanon","SHAPE_HASH":"58b48b6213"}},
{"type":"Feature","geometry":{"type":"Polygon","coordinates":[[[38.8,33.38],[36.84,32.31],[36.4,32.38],[35.93,32.72],[35.64,32.69],[35.57,32.65],[35.56,31.76],[35.46,31.12],[35.16,30.44],[35.17,30.15],[34.97,29.55],[34.96,29.35],[36.07,29.19],[36.5,29.5],[36.74,29.86],[37.5,30],[37.67,30.34],[38,30.5],[37.01,31.51],[39.01,32.01],[39.2,32.15],[38.8,33.38]]]},"properties":{"NAME":"Jordan","ABBREVN":"Jordan","SUBJECTO":"Jordan","BORDERPRECISION":3,"PARTOF":"Jordan","SHAPE_HASH":"fefbab2763"}},
{"type":"Feature","geometry":{"type":"Polygon","coordinates":[[[34.9,29.49],[34.97,29.55],[35.17,30.15],[35.16,30.44],[35.46,31.12],[35.56,31.76],[35.57,32.65],[35.64,32.69],[35.63,33.25],[35.43,33.07],[35.1,33.09],[34.59,31.73],[34.22,31.32],[34.72,30.09],[34.9,29.49]]]},"properties":{"NAME":"Palestine","ABBREVN":"Palestine","SUBJECTO":"Palestine","BORDERPRECISION":3,"PARTOF":"Palestine","SHAPE_HASH":"01ff3cbe55"}},
{"type":"Feature","geometry":{"type":"Polygon","coordinates":[[[39.2,32.15],[39.01,32.01],[37.01,31.51],[38,30.5],[37.67,30.34],[37.5,30],[36.74,29.86],[36.5,29.5],[36.07,29.19],[34.96,29.35],[34.69,28.29],[35.33,27.86],[35.82,27.1],[36.21,26.65],[36.66,25.87],[37.24,25.18],[37.15,24.84],[37.6,24.25],[38.14,24.04],[38.45,23.79],[39.06,22.58],[39.11,22.38],[38.99,21.84],[39.16,21.5],[39.17,21.1],[39.45,20.82],[39.66,20.44],[40.1,20.27],[40.51,19.97],[40.96,19.45],[41.21,18.7],[41.44,18.46],[41.68,17.95],[42.31,17.45],[42.33,17.25],[42.67,16.78],[42.79,16.38],[43.21,16.67],[43.12,16.93],[43.19,17.34],[43.45,17.53],[43.94,17.31],[44.5,17.4],[46.33,16.67],[46.33,15.64],[46.71,16.03],[47.38,16.75],[48.77,18.27],[50,18.55],[52,19],[55,20],[55.67,22],[55.14,22.63],[52.58,22.94],[51.58,24.12],[50.97,24.58],[50.56,25.05],[50.37,25.46],[49.99,26.02],[50.21,26.18],[50,26.74],[49.4,27.16],[48.65,28.04],[48.42,28.54],[47.7,28.54],[47.46,28.99],[46.55,29.1],[46.43,29.06],[44.72,29.2],[43.07,30.42],[42.09,31.11],[41.44,31.37],[40.41,31.95],[39.2,32.15]]]},"properties":{"NAME":"Saudi Arabia","ABBREVN":"Saudi Arabia","SUBJECTO":"Saudi Arabia","BORDERPRECISION":3,"PARTOF":"Saudi Arabia","SHAPE_HASH":"99e4b4bc39"}},
{"type":"Feature","geometry":{"type":"Polygon","coordinates":[[[42.79,16.38],[42.83,15.88],[42.69,15.7],[42.94,14.96],[43.09,13.99],[43.29,13.67],[43.25,13.21],[43.48,12.81],[44.74,13.2],[45.08,13.56],[45.11,13.82],[45.7,14.93],[46.33,15.64],[46.33,16.67],[44.5,17.4],[43.94,17.31],[43.45,17.53],[43.19,17.34],[43.12,16.93],[43.21,16.67],[42.79,16.38]]]},"properties":{"NAME":"Yemen","ABBREVN":"Yemen","SUBJECTO":"Yemen","BORDERPRECISION":3,"PARTOF":"Yemen","SHAPE_HASH":"864e5f70a9"}},
{"type":"Feature","geometry":{"type":"Polygon","coordinates":[[[46.33,15.64],[45.7,14.93],[45.11,13.82],[45.08,13.56],[44.74,13.2],[43.48,12.81],[43.95,12.59],[44.29,12.64],[44.59,12.82],[44.85,12.73],[45.18,13.01],[45.41,13.07],[45.63,13.33],[46.05,13.41],[46.69,13.43],[47.39,13.65],[47.01,13.92],[47.01,14.23],[46.79,14.7],[46.72,15.1],[46.71,16.03],[46.33,15.64]]]},"properties":{"NAME":"Aden","ABBREVN":"Aden","SUBJECTO":"Aden","BORDERPRECISION":3,"PARTOF":"Aden","SHAPE_HASH":"c929c3652e"}},
{"type":"Feature","geometry":{"type":"MultiPolygon","coordinates":[[[[110.58,19.14],[110.82,19.55],[111.02,19.64],[110.93,20],[109.58,19.98],[109.3,19.92],[109.16,19.65],[108.63,19.28],[108.69,18.51],[109.54,18.22],[109.76,18.39],[110.05,18.39],[110.21,18.63],[110.53,18.8],[110.58,19.14]]],[[[107.99,21.54],[108.6,21.91],[108.74,21.61],[109.51,21.48],[109.77,21.33],[109.66,20.92],[109.92,20.23],[110.41,20.3],[110.38,20.84],[110.15,20.99],[110.64,21.24],[110.99,21.51],[111.64,21.53],[111.97,21.77],[112.25,21.71],[112.89,21.86],[112.99,22.09],[113.58,22.25],[113.56,22.55],[113.75,22.75],[113.93,22.35],[114.22,22.55],[114.72,22.72],[115.22,22.79],[115.56,22.68],[116.23,22.93],[116.48,22.94],[116.75,23.22],[116.92,23.66],[117.12,23.59],[117.61,23.86],[118.12,24.26],[118.02,24.44],[118.44,24.63],[118.66,24.58],[118.87,25.04],[119.3,25.56],[119.55,25.56],[119.68,26.01],[119.53,26.65],[119.69,26.81],[120.07,26.79],[120.28,27.11],[120.53,27.23],[120.59,27.54],[121.21,28.36],[121.64,28.35],[121.66,29.19],[121.93,29.2],[121.97,29.59],[121.48,30.19],[120.8,30.33],[120.99,30.57],[121.47,30.82],[121.85,30.85],[121.76,31.21],[121.23,31.62],[121.29,31.87],[121.65,31.71],[121.83,31.92],[121.44,32.11],[121.41,32.37],[120.84,32.64],[120.89,32.97],[120.55,33.56],[120.25,34.31],[119.2,34.77],[119.65,35.58],[120.18,35.98],[120.7,36.14],[121.18,36.68],[121.94,36.93],[122.35,36.83],[122.56,37.4],[121.58,37.42],[121.16,37.58],[120.93,37.81],[120.35,37.69],[119.45,37.12],[118.97,37.27],[119.03,37.9],[118.84,38.15],[118.48,38.1],[117.8,38.27],[117.55,38.59],[117.74,39.1],[118.15,39.19],[119.01,39.19],[119.26,39.41],[119.53,39.87],[120.45,40.2],[120.54,40.39],[121.18,40.92],[122.05,40.74],[122.29,40.47],[121.78,39.92],[121.47,39.81],[121.43,39.51],[121.69,39.12],[123,39.64],[123.7,39.83],[124.13,39.83],[124.38,40.1],[124.89,40.47],[126.01,40.9],[126.51,41.39],[126.57,41.61],[126.93,41.8],[127.16,41.53],[128.15,41.38],[128.3,41.58],[128.06,42],[128.93,42.03],[129.35,42.45],[129.7,42.44],[129.93,43.01],[130.6,42.42],[130.43,42.74],[131.02,42.86],[131.26,43.27],[131.2,43.82],[131.3,44.05],[131.1,44.69],[131.99,45.24],[132.93,45.02],[133.12,45.12],[133.19,45.5],[133.9,46.25],[134.15,47.25],[134.76,47.7],[134.56,47.99],[134.72,48.27],[134.42,48.39],[133.75,48.25],[133.54,48.1],[133.08,48.1],[132.58,47.73],[131.91,47.67],[130.99,47.69],[130.66,48.11],[130.83,48.29],[130.22,48.86],[129.42,49.43],[129.05,49.36],[128.79,49.57],[127.82,49.59],[127.51,49.83],[127.58,50.21],[127.33,50.31],[127.29,50.74],[126.93,51.06],[126.89,51.4],[125.73,52.98],[125.16,53.19],[124.49,53.19],[123.87,53.48],[123.23,53.55],[122.25,53.46],[121.21,53.27],[120.87,53.28],[120.27,52.86],[120.71,52.54],[120.65,51.91],[120.06,51.62],[119.75,51.08],[119.29,50.6],[119.22,50.02],[118.64,49.95],[117.87,49.52],[116.72,49.83],[115.81,48.52],[115.84,48.25],[115.59,47.92],[115.92,47.69],[116.26,47.88],[116.87,47.89],[117.38,47.66],[117.8,48.01],[118.54,47.99],[118.77,47.77],[119.73,47.17],[119.93,46.72],[119.71,46.6],[118.31,46.74],[117.37,46.36],[116.59,46.3],[116.03,45.69],[115.71,45.46],[114.55,45.39],[114.08,44.94],[113.64,44.75],[112.85,44.85],[112.43,45.08],[111.78,44.99],[111.43,44.33],[111.96,43.84],[111.64,43.54],[110.99,43.32],[110.44,42.78],[109.52,42.46],[108.85,42.4],[108.23,42.46],[106.78,42.3],[104.93,41.65],[104.53,41.88],[103.85,41.8],[102.71,42.16],[102.08,42.23],[101.81,42.51],[100.84,42.68],[100.31,42.69],[99.51,42.57],[98.22,42.65],[97.17,42.8],[96.39,42.73],[96.36,42.91],[95.92,43.23],[95.41,44.29],[94.72,44.35],[93.55,44.96],[92.79,45.05],[92.49,45],[91.56,45.08],[90.9,45.25],[90.68,45.49],[90.72,45.74],[91.03,46.02],[91.05,46.52],[90.91,46.95],[90.71,47.04],[90.46,47.5],[90.07,47.89],[89.55,48.04],[89.22,47.98],[88.66,48.18],[88.52,48.41],[87.99,48.57],[87.76,48.88],[87.84,49.17],[86.88,49.11],[86.6,48.54],[85.77,48.39],[85.54,47.94],[85.7,47.38],[85.52,47.06],[84.97,46.87],[84.72,46.98],[83.93,46.97],[83.06,47.22],[83.02,46.98],[82.57,46.17],[82.32,45.54],[82.66,45.39],[82.01,45.16],[81.65,45.34],[80.92,45.15],[80.08,45.02],[80.28,44.82],[80.44,44.03],[80.82,43.17],[80.38,43.03],[80.16,42.63],[80.29,42.25],[80.21,42.03],[79.34,41.79],[78.4,41.39],[78.08,41.04],[77.51,40.99],[77.02,41.05],[76.79,40.95],[76.64,40.62],[76.33,40.35],[75.7,40.3],[75.62,40.59],[74.83,40.41],[74.41,40.12],[73.99,40.04],[73.95,39.6],[73.62,39.24],[73.84,39],[73.81,38.61],[74.35,38.67],[74.79,38.52],[74.9,37.65],[75.19,37.41],[75.66,37.25],[76.01,37.37],[76.34,36.82],[77.06,36.66],[77.72,36.7],[78.07,36.41],[78.71,36.21],[79.24,35.87],[79.7,35.86],[80.07,35.65],[80.16,35.44],[80.92,35.59],[81.27,35.4],[81.75,35.29],[81.71,35.11],[83.14,35.46],[84.19,35.75],[84.66,35.96],[85.57,36.2],[86.29,36.13],[87.19,36.15],[87.55,36.3],[88.02,36.29],[88.4,36.4],[89.77,36.2],[90.73,35.98],[90.93,36.1],[91.88,36.16],[91.66,36.36],[91,36.48],[90.59,36.72],[91.06,36.9],[91.04,37.43],[90.6,37.66],[90.58,38.01],[90.72,38.81],[91.39,38.81],[91.86,39.02],[92.71,38.98],[92.96,39.09],[94.09,39.07],[94.55,39.26],[95.23,38.99],[95.6,38.94],[97.04,38.39],[97.47,38.62],[98.76,38.22],[99.19,38.33],[99.74,38.13],[100.73,37.92],[101.1,37.66],[100.88,37.32],[100.99,36.94],[101.05,36.13],[101.37,35.49],[101.37,35.1],[101.62,34.63],[101.75,34.14],[101.51,33.6],[101.26,33.4],[101.51,32.71],[100.95,32.32],[100.13,31.85],[99.09,32.31],[98.58,32.38],[98.02,32.62],[97.78,32.41],[98.26,32.16],[97.88,31.82],[97.83,31.45],[97.98,31.08],[98.55,30.55],[98.96,30.02],[99.4,29.64],[99.44,29.48],[98.98,29.27],[99.07,28.96],[99.02,28.48],[99.09,28.16],[98.81,28.13],[98.37,28.66],[97.91,28.37],[98.14,28.15],[98.32,27.54],[98.65,27.61],[98.78,26.79],[98.71,26.13],[98.38,25.59],[97.83,25.25],[97.55,24.74],[97.73,24.12],[98.59,24.1],[98.93,23.19],[99.36,23.13],[99.56,22.94],[99.34,22.71],[99.38,22.51],[99.17,22.16],[99.96,22.05],[99.94,21.82],[100.57,21.45],[101.1,21.77],[101.15,21.57],[101.29,21.18],[101.74,21.31],[101.77,21.83],[101.57,22.21],[101.77,22.5],[102.15,22.39],[102.52,22.77],[103.06,22.44],[103.33,22.79],[103.65,22.78],[103.91,22.54],[104.11,22.8],[104.37,22.69],[104.73,22.82],[104.91,23.18],[105.36,23.32],[105.88,22.91],[106.13,22.99],[106.52,22.93],[106.79,22.76],[106.55,22.46],[106.69,22.03],[107.36,21.61],[107.78,21.67],[107.99,21.54]]]]},"properties":{"NAME":"China","ABBREVN":"China","SUBJECTO":"China","BORDERPRECISION":3,"PARTOF":"China","SHAPE_HASH":"7fc57334ef"}},
{"type":"Feature","geometry":{"type":"Polygon","coordinates":[[[116.72,49.83],[116.25,50.03],[115.39,49.9],[114.67,50.26],[114.18,50.25],[113.19,49.79],[113.1,49.6],[111.33,49.34],[110.79,49.15],[109.55,49.23],[109.2,49.36],[108.53,49.35],[107.95,49.69],[107.98,49.93],[107.25,50],[106.74,50.33],[106.24,50.3],[105.36,50.48],[103.65,50.14],[102.89,50.32],[102.33,50.57],[102.22,51.33],[101.41,51.45],[100.56,51.73],[100.02,51.74],[98.93,52.14],[98.77,51.88],[98.31,51.7],[97.83,51],[98.07,50.63],[98.32,50.53],[98.13,50.08],[97.35,49.74],[97.01,49.89],[96.41,49.9],[95.83,50.02],[95.52,49.9],[94.63,50.03],[94.3,50.55],[93.11,50.6],[92.81,50.79],[91.82,50.7],[89.64,49.9],[89.72,49.72],[89.01,49.46],[88.22,49.46],[87.84,49.17],[87.76,48.88],[87.99,48.57],[88.52,48.41],[88.66,48.18],[89.22,47.98],[89.55,48.04],[90.07,47.89],[90.46,47.5],[90.71,47.04],[90.91,46.95],[91.05,46.52],[91.03,46.02],[90.72,45.74],[90.68,45.49],[90.9,45.25],[91.56,45.08],[92.49,45],[92.79,45.05],[93.55,44.96],[94.72,44.35],[95.41,44.29],[95.92,43.23],[96.36,42.91],[96.39,42.73],[97.17,42.8],[98.22,42.65],[99.51,42.57],[100.31,42.69],[100.84,42.68],[101.81,42.51],[102.08,42.23],[102.71,42.16],[103.85,41.8],[104.53,41.88],[104.93,41.65],[106.78,42.3],[108.23,42.46],[108.85,42.4],[109.52,42.46],[110.44,42.78],[110.99,43.32],[111.64,43.54],[111.96,43.84],[111.43,44.33],[111.78,44.99],[112.43,45.08],[112.85,44.85],[113.64,44.75],[114.08,44.94],[114.55,45.39],[115.71,45.46],[116.03,45.69],[116.59,46.3],[117.37,46.36],[118.31,46.74],[119.71,46.6],[119.93,46.72],[119.73,47.17],[118.77,47.77],[118.54,47.99],[117.8,48.01],[117.38,47.66],[116.87,47.89],[116.26,47.88],[115.92,47.69],[115.59,47.92],[115.84,48.25],[115.81,48.52],[116.72,49.83]]]},"properties":{"NAME":"Mongolia","ABBREVN":"Mongolia","SUBJECTO":"Mongolia","BORDERPRECISION":3,"PARTOF":"Mongolia","SHAPE_HASH":"b5c7352e2c"}},
{"type":"Feature","geometry":{"type":"Polygon","coordinates":[[[120.12,23.51],[120.06,23.15],[120.34,22.51],[120.88,22.04],[120.97,22.57],[121.36,23.09],[121.61,24.08],[121.84,24.47],[121.83,24.87],[122,25],[121.56,25.28],[121.01,25.01],[120.7,24.6],[120.11,23.62],[120.12,23.51]]]},"properties":{"NAME":"Taiwan","ABBREVN":"Taiwan","SUBJECTO":"Taiwan","BORDERPRECISION":3,"PARTOF":"Taiwan","SHAPE_HASH":"3bc938ac0c"}},
{"type":"Feature","geometry":{"type":"Polygon","coordinates":[[[124.38,40.1],[124.41,39.83],[125.29,39.52],[125.29,39.16],[125.06,38.58],[124.74,38.14],[124.98,37.93],[125.52,37.78],[126.4,37.89],[126.76,37.24],[126.19,36.88],[126.47,36.74],[126.54,36.14],[126.75,35.78],[126.48,35.64],[126.34,35.15],[126.29,34.59],[126.6,34.3],[126.76,34.57],[127.22,34.71],[127.32,34.44],[128.02,34.99],[128.47,34.88],[128.73,35.09],[129.14,35.11],[129.47,35.54],[129.59,36],[129.39,36.02],[129.47,36.7],[129.34,37.26],[128.64,38.12],[128.36,38.63],[127.78,39.09],[127.45,39.16],[127.5,39.71],[128,40.04],[128.33,40.05],[129.7,40.83],[129.8,41.38],[129.66,41.55],[129.98,41.98],[130.6,42.42],[129.93,43.01],[129.7,42.44],[129.35,42.45],[128.93,42.03],[128.06,42],[128.3,41.58],[128.15,41.38],[127.16,41.53],[126.93,41.8],[126.57,41.61],[126.51,41.39],[126.01,40.9],[124.89,40.47],[124.38,40.1]]]},"properties":{"NAME":"Korea","ABBREVN":"Korea","SUBJECTO":"Korea","BORDERPRECISION":3,"PARTOF":"Korea","SHAPE_HASH":"6b6584def5"}},
{"type":"Feature","geometry":{"type":"MultiPolygon","coordinates":[[[[131.21,33.6],[130.7,33.94],[130.21,33.65],[129.83,33.29],[129.97,32.86],[130.58,32.82],[130.56,32.44],[130.16,32.01],[130.34,31.63],[130.65,31.62],[130.93,31.12],[131.33,31.37],[131.69,32.53],[131.99,32.9],[131.59,33.68],[131.21,33.6]]],[[[134.22,34.34],[133.89,34.36],[133.52,33.96],[133.15,33.91],[132.9,34.11],[132.64,33.67],[132.31,33.48],[132.53,33.24],[132.48,32.9],[132.64,32.75],[133.01,32.77],[133.25,33.32],[133.58,33.49],[133.92,33.47],[134.19,33.24],[134.38,33.62],[134.74,33.82],[134.22,34.34]]],[[[141.34,41.34],[140.92,41.53],[140.76,41.17],[141.23,41.23],[141.18,40.89],[140.65,41.16],[140.33,41.21],[140.28,40.83],[139.85,40.59],[140.01,40.35],[139.91,40],[140.07,39.59],[139.75,38.77],[139.43,38.15],[138.83,37.79],[138.73,37.56],[138.3,37.2],[137.09,36.77],[136.87,37.07],[136.41,36.4],[135.96,35.97],[136.1,35.76],[135.82,35.52],[135.51,35.49],[135.22,35.76],[134.92,35.64],[133.42,35.45],[133.1,35.58],[132.68,35.44],[131.85,34.7],[131.41,34.42],[130.88,34.29],[131.17,33.93],[131.75,34.05],[132.05,33.9],[132.22,34.24],[132.55,34.19],[132.82,34.31],[133.19,34.28],[133.67,34.51],[133.94,34.45],[134.25,34.69],[134.65,34.78],[134.97,34.63],[135.46,34.57],[135.1,34.25],[135.06,33.88],[135.77,33.45],[135.95,33.58],[136.29,34.14],[136.92,34.43],[136.52,34.7],[136.67,34.99],[137.33,34.64],[138.17,34.6],[138.57,35.09],[139.09,35.06],[139.28,35.29],[139.65,35.3],[139.87,35],[140.39,35.18],[140.48,35.54],[140.84,35.74],[140.59,36.1],[140.64,36.53],[140.97,36.98],[141.04,37.37],[140.92,37.94],[141.06,38.34],[141.42,38.38],[141.64,38.99],[141.85,39.02],[142.07,39.55],[141.82,40.27],[141.48,40.55],[141.34,41.34]]],[[[143.73,44.12],[142.98,44.58],[141.97,45.49],[141.58,45.24],[141.79,44.71],[141.67,44.03],[141.34,43.71],[141.44,43.38],[141.21,43.14],[140.32,43.24],[140.53,43.01],[139.86,42.65],[139.79,42.24],[140.06,42.08],[139.98,41.59],[140.2,41.4],[140.46,41.68],[140.97,41.91],[140.71,42.13],[140.3,42.24],[140.47,42.57],[140.99,42.3],[141.4,42.55],[141.93,42.55],[143.24,41.92],[143.33,42.29],[143.89,42.85],[144.29,42.99],[145,42.98],[145.31,43.28],[145.21,43.6],[144.79,43.92],[144.17,44.11],[143.73,44.12]]]]},"properties":{"NAME":"Japan","ABBREVN":"Japan","SUBJECTO":"Japan","BORDERPRECISION":3,"PARTOF":"Japan","SHAPE_HASH":"187b86432f"}},
{"type":"Feature","geometry":{"type":"MultiPolygon","coordinates":[[[[61.61,25.2],[61.84,25.04],[62.48,25.25],[63.43,25.22],[63.75,25.39],[64.6,25.25],[65.24,25.37],[65.66,25.34],[66.28,25.44],[66.74,25.17],[66.65,24.83],[67.24,24.77],[67.15,24.61],[67.5,23.89],[68.33,23.58],[68.66,23.15],[69.22,22.84],[69.68,22.75],[69.84,22.86],[70.39,22.94],[70.18,22.57],[69.29,22.28],[69.23,21.95],[69.79,21.47],[70.02,21.19],[70.52,20.81],[70.96,20.7],[72,21.13],[72.29,21.61],[72.15,21.93],[72.5,21.97],[72.56,21.38],[72.85,21.07],[72.93,20.75],[72.67,19.92],[72.89,18.42],[73.27,17.08],[73.33,16.49],[73.45,16.06],[74.1,14.79],[74.27,14.68],[74.62,13.83],[74.82,12.86],[75.13,12.21],[75.68,11.44],[76.16,10.19],[76.4,9.82],[76.31,9.5],[76.58,8.88],[77,8.37],[77.54,8.07],[78.06,8.37],[78.18,8.86],[78.43,9.11],[78.88,9.25],[78.94,9.6],[79.39,10.32],[79.86,10.29],[79.83,11.34],[79.75,11.55],[79.87,12.03],[80.16,12.47],[80.35,13.34],[80.05,13.62],[80.25,13.8],[80.13,14.2],[80.19,14.56],[80.05,15.06],[80.26,15.68],[80.56,15.88],[81,15.84],[81.25,16.31],[81.72,16.31],[82.3,16.58],[82.3,17.02],[82.61,17.29],[83.23,17.59],[83.58,18.02],[84.08,18.27],[84.88,19.23],[85.63,19.73],[86.42,19.98],[86.73,20.45],[87.03,20.67],[86.83,21.15],[87.07,21.48],[87.68,21.65],[87.97,21.83],[88.54,21.53],[88.85,21.63],[89.58,21.7],[90.02,21.86],[90.2,21.8],[90.6,22.27],[90.42,22.77],[90.6,23.12],[90.97,22.57],[91.46,22.79],[91.7,22.48],[91.98,21.65],[92.05,21.17],[92.26,21.05],[92.2,21.3],[92.62,21.47],[92.6,21.98],[92.89,22.01],[93.2,22.26],[93.09,22.71],[93.31,23.02],[93.43,23.6],[93.33,23.98],[93.63,24.02],[94.14,23.85],[94.31,24.29],[94.74,25.03],[94.63,25.4],[94.89,25.58],[95.18,26.07],[95.07,26.31],[95.14,26.62],[95.45,26.71],[96.19,27.27],[96.82,27.32],[96.89,27.6],[97.36,27.94],[97.35,28.22],[96.34,28.53],[96.62,28.76],[96.48,28.97],[96.15,29.06],[96.08,29.46],[95.39,29.04],[94.43,29.22],[93.96,28.67],[93.5,28.68],[92.83,28.21],[92.45,27.83],[91.88,27.73],[92.11,26.93],[91.72,26.8],[90.69,26.77],[90.36,26.9],[89.77,26.7],[88.89,26.98],[88.92,27.32],[88.76,27.54],[88.88,27.84],[88.62,28.12],[88.19,27.78],[87.99,27.11],[88.19,26.76],[87.89,26.47],[87.27,26.38],[86.95,26.53],[86.73,26.42],[86.33,26.61],[85.86,26.57],[85.63,26.87],[85.33,26.74],[84.66,27.04],[84.6,27.34],[84.15,27.51],[83.86,27.35],[83.61,27.47],[82.77,27.5],[82.07,27.91],[81.9,27.85],[81.3,28.16],[81.19,28.37],[80.54,28.69],[80.06,28.83],[80.29,29.21],[80.24,29.42],[80.54,29.84],[80.99,30.26],[80.22,30.6],[80.19,30.8],[79.31,31.13],[79.16,31.4],[78.88,31.29],[78.71,31.5],[78.77,31.97],[78.48,32.25],[78.5,32.58],[78.78,32.6],[78.92,32.36],[79.45,32.6],[79.38,33.1],[78.99,33.32],[78.81,33.55],[78.73,34.04],[79,34.16],[79.49,34.17],[79.52,34.48],[79.83,34.48],[79.9,34.81],[80.16,35.08],[80.16,35.44],[80.07,35.65],[79.7,35.86],[79.24,35.87],[78.71,36.21],[78.07,36.41],[77.72,36.7],[77.06,36.66],[76.34,36.82],[76.01,37.37],[75.66,37.25],[75.19,37.41],[74.39,37.15],[74.04,36.82],[73.67,36.91],[72.58,36.83],[71.58,36.35],[71.19,36.05],[71.44,35.87],[71.65,35.43],[71.5,34.96],[71.09,34.67],[71.08,34.06],[70.48,33.94],[70,34.05],[70.2,33.64],[70.23,33.25],[69.56,33.08],[69.46,32.67],[69.25,32.44],[69.33,31.94],[68.83,31.61],[68.58,31.82],[68.16,31.83],[67.38,31.22],[66.88,31.29],[66.4,30.94],[66.26,29.85],[65.03,29.54],[64.66,29.59],[64.06,29.41],[63.59,29.5],[62.48,29.41],[60.87,29.86],[61.31,29.4],[61.65,28.79],[61.95,28.53],[62.4,28.42],[62.76,28],[62.94,27.21],[63.25,27.08],[63.19,26.64],[62.77,26.65],[62.32,26.51],[61.83,26.18],[61.69,25.8],[61.61,25.2]]],[[[92.88,12.89],[92.74,12.82],[92.71,12.42],[92.99,12.53],[92.88,12.89]]]]},"properties":{"NAME":"India","ABBREVN":"India","SUBJECTO":"India","BORDERPRECISION":3,"PARTOF":"India","SHAPE_HASH":"8c9f3b3c1f"}},
{"type":"Feature","geometry":{"type":"Polygon","coordinates":[[[97.91,28.37],[97.56,28.55],[97.35,28.22],[97.36,27.94],[96.89,27.6],[96.82,27.32],[96.19,27.27],[95.45,26.71],[95.14,26.62],[95.07,26.31],[95.18,26.07],[94.89,25.58],[94.63,25.4],[94.74,25.03],[94.31,24.29],[94.14,23.85],[93.63,24.02],[93.33,23.98],[93.43,23.6],[93.31,23.02],[93.09,22.71],[93.2,22.26],[92.89,22.01],[92.6,21.98],[92.62,21.47],[92.2,21.3],[92.26,21.05],[92.38,20.7],[92.8,20.49],[92.98,20.07],[93.37,20.04],[93.98,19.36],[93.87,19.26],[94.24,18.74],[94.25,18.53],[94.49,18.06],[94.61,17.55],[94.2,16.03],[94.43,16.07],[94.96,15.75],[95.29,15.89],[95.39,15.71],[95.75,16.14],[96.8,16.73],[96.91,17.04],[97.15,17.12],[97.36,16.53],[97.64,16.49],[97.59,16],[97.78,15.43],[97.8,14.88],[98.09,14.18],[98.08,13.76],[98.29,13.68],[98.58,13.18],[98.68,12.69],[98.6,12.42],[98.75,11.67],[98.72,10.96],[98.46,10.67],[98.53,10.35],[98.74,10.35],[98.78,10.68],[99.17,11.04],[99.66,11.83],[99.11,13.06],[99.21,13.21],[99.17,13.73],[98.97,14.08],[98.61,14.32],[98.26,14.81],[98.23,15.22],[98.58,15.36],[98.63,16.05],[98.86,16.14],[98.66,16.46],[98.55,16.85],[97.78,17.7],[97.75,17.97],[97.45,18.5],[97.78,18.57],[97.79,19.4],[98.04,19.65],[98.84,19.82],[99.08,20.1],[99.45,20.1],[99.96,20.45],[100.09,20.35],[100.17,20.63],[100.53,20.8],[100.73,21.31],[101.15,21.57],[101.1,21.77],[100.57,21.45],[99.94,21.82],[99.96,22.05],[99.17,22.16],[99.38,22.51],[99.34,22.71],[99.56,22.94],[99.36,23.13],[98.93,23.19],[98.59,24.1],[97.73,24.12],[97.55,24.74],[97.83,25.25],[98.38,25.59],[98.71,26.13],[98.78,26.79],[98.65,27.61],[98.32,27.54],[98.14,28.15],[97.91,28.37]]]},"properties":{"NAME":"Myanmar","ABBREVN":"Myanmar","SUBJECTO":"Myanmar","BORDERPRECISION":3,"PARTOF":"Myanmar","SHAPE_HASH":"580d39dfbb"}},
{"type":"Feature","geometry":{"type":"Polygon","coordinates":[[[98.74,10.35],[98.56,9.73],[98.33,9.21],[98.19,8.55],[98.27,8.27],[98.62,8.38],[98.77,8.02],[99.26,7.66],[99.39,7.3],[99.69,7.11],[99.68,6.88],[100.13,6.42],[100.44,6.52],[100.83,6.43],[101.11,6.25],[101,5.78],[101.14,5.63],[101.57,5.92],[101.7,5.76],[101.83,5.74],[102.1,6.24],[101.79,6.48],[101.55,6.85],[101.03,6.85],[100.65,7.15],[100.42,7.16],[100.18,7.52],[100.29,7.78],[100.22,8.45],[99.95,8.65],[99.85,9.3],[99.45,9.19],[99.18,9.64],[99.15,10.31],[99.5,10.93],[99.64,11.51],[100.02,12.19],[99.97,12.74],[100.1,13.04],[100.06,13.42],[100.58,13.52],[100.98,13.46],[100.84,12.7],[101.38,12.61],[101.76,12.71],[102.34,12.2],[102.77,12.03],[102.78,12.45],[102.5,12.68],[102.35,13.28],[102.38,13.57],[102.72,13.77],[102.95,14.19],[103.14,14.32],[103.66,14.45],[103.92,14.34],[104.48,14.36],[104.81,14.45],[105.22,14.35],[105.54,14.56],[105.59,15],[105.47,15.11],[105.64,15.67],[105.31,16.04],[105.08,16.1],[104.75,16.52],[104.81,17.24],[104.72,17.5],[104.46,17.65],[103.98,18.33],[103.3,18.42],[103.26,18.27],[102.68,17.82],[102.6,17.95],[102.05,18.19],[101.78,18.06],[101.16,17.46],[100.92,17.57],[101.17,18.09],[101.06,18.44],[101.27,18.68],[101.35,19.04],[101.2,19.35],[101.28,19.57],[100.91,19.62],[100.49,19.54],[100.41,19.77],[100.57,20.09],[100.38,20.34],[100.09,20.35],[99.96,20.45],[99.45,20.1],[99.08,20.1],[98.84,19.82],[98.04,19.65],[97.79,19.4],[97.78,18.57],[97.45,18.5],[97.75,17.97],[97.78,17.7],[98.55,16.85],[98.66,16.46],[98.86,16.14],[98.63,16.05],[98.58,15.36],[98.23,15.22],[98.26,14.81],[98.61,14.32],[98.97,14.08],[99.17,13.73],[99.21,13.21],[99.11,13.06],[99.66,11.83],[99.17,11.04],[98.78,10.68],[98.74,10.35]]]},"properties":{"NAME":"Thailand","ABBREVN":"Thailand","SUBJECTO":"Thailand","BORDERPRECISION":3,"PARTOF":"Thailand","SHAPE_HASH":"d9d06454c2"}},
{"type":"Feature","geometry":{"type":"Polygon","coordinates":[[[102.9,11.78],[103.1,11.35],[103.1,10.93],[103.35,10.88],[103.56,11.16],[103.93,10.59],[104.25,10.57],[104.45,10.42],[104.85,10.52],[105.29,10.88],[105.77,11.02],[106.2,10.77],[106.19,11.05],[105.87,11.3],[106.04,11.78],[106.46,11.67],[106.45,11.98],[106.7,11.96],[107.16,12.27],[107.55,12.36],[107.6,12.55],[107.48,13.02],[107.63,13.54],[107.34,14.13],[107.55,14.71],[106.85,14.3],[106.53,14.6],[106.41,14.46],[106,14.37],[106.17,14.08],[105.91,13.93],[105.22,14.35],[104.81,14.45],[104.48,14.36],[103.92,14.34],[103.66,14.45],[103.14,14.32],[102.95,14.19],[102.72,13.77],[102.38,13.57],[102.35,13.28],[102.5,12.68],[102.78,12.45],[102.77,12.03],[102.9,11.78]]]},"properties":{"NAME":"Cambodia","ABBREVN":"Cambodia","SUBJECTO":"Cambodia","BORDERPRECISION":3,"PARTOF":"Cambodia","SHAPE_HASH":"7307f0a7b0"}},
{"type":"Feature","geometry":{"type":"Polygon","coordinates":[[[101.15,21.57],[100.73,21.31],[100.53,20.8],[100.17,20.63],[100.09,20.35],[100.38,20.34],[100.57,20.09],[100.41,19.77],[100.49,19.54],[100.91,19.62],[101.28,19.57],[101.2,19.35],[101.35,19.04],[101.27,18.68],[101.06,18.44],[101.17,18.09],[100.92,17.57],[101.16,17.46],[101.78,18.06],[102.05,18.19],[102.6,17.95],[102.68,17.82],[103.26,18.27],[103.3,18.42],[103.98,18.33],[104.46,17.65],[104.72,17.5],[104.81,17.24],[104.75,16.52],[105.08,16.1],[105.31,16.04],[105.64,15.67],[105.47,15.11],[105.59,15],[105.54,14.56],[105.22,14.35],[105.91,13.93],[106.17,14.08],[106,14.37],[106.41,14.46],[106.53,14.6],[106.85,14.3],[107.55,14.71],[107.7,15.27],[107.18,15.77],[107.4,15.92],[106.9,16.52],[106.68,16.46],[106.56,16.89],[106.34,17.17],[105.75,17.67],[105.5,18.17],[105.11,18.44],[105.19,18.64],[104.74,18.8],[104.17,19.19],[103.88,19.31],[104.25,19.7],[104.64,19.62],[104.94,20.18],[104.62,20.42],[104.64,20.65],[104.1,20.98],[103.74,20.67],[103.18,20.84],[102.89,21.25],[102.97,21.75],[102.65,21.85],[102.15,22.39],[101.77,22.5],[101.57,22.21],[101.77,21.83],[101.74,21.31],[101.29,21.18],[101.15,21.57]]]},"properties":{"NAME":"Laos","ABBREVN":"Laos","SUBJECTO":"Laos","BORDERPRECISION":3,"PARTOF":"Laos","SHAPE_HASH":"741d1934f1"}},
{"type":"Feature","geometry":{"type":"Polygon","coordinates":[[[102.15,22.39],[102.65,21.85],[102.97,21.75],[102.89,21.25],[103.18,20.84],[103.74,20.67],[104.1,20.98],[104.64,20.65],[104.62,20.42],[104.94,20.18],[104.64,19.62],[104.25,19.7],[103.88,19.31],[104.17,19.19],[104.74,18.8],[105.19,18.64],[105.11,18.44],[105.5,18.17],[105.75,17.67],[106.34,17.17],[106.56,16.89],[106.68,16.46],[106.9,16.52],[107.4,15.92],[107.18,15.77],[107.7,15.27],[107.55,14.71],[107.34,14.13],[107.63,13.54],[107.48,13.02],[107.6,12.55],[107.55,12.36],[107.16,12.27],[106.7,11.96],[106.45,11.98],[106.46,11.67],[106.04,11.78],[105.87,11.3],[106.19,11.05],[106.2,10.77],[105.77,11.02],[105.29,10.88],[104.85,10.52],[104.45,10.42],[105.11,9.95],[104.9,9.81],[104.8,8.79],[104.86,8.56],[105.31,8.78],[105.53,9.13],[106.19,9.37],[106.58,9.66],[106.78,10.08],[106.73,10.47],[107.33,10.45],[108.08,10.88],[109.02,11.36],[109.22,11.76],[109.23,12.68],[109.46,12.9],[109.23,13.41],[109.3,13.86],[108.93,15],[108.88,15.28],[108.62,15.48],[108.19,16.2],[107.88,16.28],[107.7,16.51],[107.19,16.87],[107.12,17.08],[106.75,17.34],[106.42,17.74],[106.51,17.96],[105.88,18.5],[105.61,19],[105.96,19.92],[106.57,20.29],[106.73,20.8],[107.35,21.01],[107.59,21.29],[107.99,21.54],[107.78,21.67],[107.36,21.61],[106.69,22.03],[106.55,22.46],[106.79,22.76],[106.52,22.93],[106.13,22.99],[105.88,22.91],[105.36,23.32],[104.91,23.18],[104.73,22.82],[104.37,22.69],[104.11,22.8],[103.91,22.54],[103.65,22.78],[103.33,22.79],[103.06,22.44],[102.52,22.77],[102.15,22.39]]]},"properties":{"NAME":"Vietnam","ABBREVN":"Vietnam","SUBJECTO":"Vietnam","BORDERPRECISION":3,"PARTOF":"Vietnam","SHAPE_HASH":"dba9507370"}},
{"type":"Feature","geometry":{"type":"Polygon","coordinates":[[[101,5.78],[100.87,5.34],[100.55,5.13],[100.4,5.12],[100.61,4.8],[100.57,4.34],[100.87,4.02],[101.03,3.63],[101.3,3.25],[101.29,2.84],[101.99,2.4],[102.21,2.51],[102.59,2.43],[102.73,2.85],[103.17,2.53],[103.65,2.66],[103.43,2.96],[103.48,3.5],[103.34,3.74],[103.45,4.19],[103.25,4.02],[102.93,4.15],[103.03,4.4],[102.85,4.67],[102.37,4.7],[101.65,4.56],[101.39,4.62],[101.5,5.16],[101.77,5.36],[101.7,5.76],[101.57,5.92],[101.14,5.63],[101,5.78]]]},"properties":{"NAME":"Federated Malay States","ABBREVN":"Federated Malay States","SUBJECTO":"Federated Malay States","BORDERPRECISION":3,"PARTOF":"Federated Malay States","SHAPE_HASH":"773b49d6cc"}},
{"type":"Feature","geometry":{"type":"MultiPolygon","coordinates":[[[[102.59,2.43],[102.49,2.09],[103.37,1.53],[103.51,1.27],[103.82,1.48],[104.29,1.44],[104.12,1.97],[103.82,2.58],[103.65,2.66],[103.17,2.53],[102.73,2.85],[102.59,2.43]]],[[[101.7,5.76],[101.77,5.36],[101.5,5.16],[101.39,4.62],[101.65,4.56],[102.37,4.7],[102.85,4.67],[103.03,4.4],[102.93,4.15],[103.25,4.02],[103.45,4.19],[103.41,4.86],[103.12,5.38],[102.5,5.88],[102.31,6.19],[102.1,6.24],[101.83,5.74],[101.7,5.76]]],[[[100.13,6.42],[100.34,6.03],[100.35,5.58],[100.56,5.56],[100.55,5.13],[100.87,5.34],[101,5.78],[101.11,6.25],[100.83,6.43],[100.44,6.52],[100.13,6.42]]]]},"properties":{"NAME":"Unfederated Malay States","ABBREVN":"Unfederated Malay States","SUBJECTO":"Unfederated Malay States","BORDERPRECISION":3,"PARTOF":"Unfederated Malay States","SHAPE_HASH":"9172ea4ee5"}},
{"type":"Feature","geometry":{"type":"MultiPolygon","coordinates":[[[[101.99,2.4],[102.49,2.09],[102.59,2.43],[102.21,2.51],[101.99,2.4]]],[[[100.55,5.13],[100.56,5.56],[100.35,5.58],[100.4,5.12],[100.55,5.13]]]]},"properties":{"NAME":"Straits Settlements","ABBREVN":"Straits Settlements","SUBJECTO":"Straits Settlements","BORDERPRECISION":3,"PARTOF":"Straits Settlements","SHAPE_HASH":"4495048dcd"}},
{"type":"Feature","geometry":{"type":"MultiPolygon","coordinates":[[[[125.64,7.09],[125.89,7.12],[126.08,6.84],[126.56,7.2],[126.55,7.69],[126.36,7.9],[126.4,8.47],[126.08,8.61],[126.3,8.96],[125.9,9.41],[125.39,9.65],[125.54,9.06],[125.07,8.83],[124.77,8.97],[124.71,8.47],[124.43,8.62],[124.22,8.21],[123.87,8.16],[123.78,8.55],[123.43,8.72],[123.06,8.52],[122.99,8.2],[122.35,8.04],[122.11,7.78],[122.13,7.56],[121.9,7.08],[122.19,6.95],[122.36,7.47],[122.55,7.73],[122.78,7.47],[123.23,7.53],[123.68,7.81],[124.01,7.65],[124.27,7.36],[124.05,7.13],[123.95,6.82],[124.04,6.43],[124.32,6.11],[124.83,5.89],[125.18,5.84],[125.41,5.56],[125.7,6.03],[125.59,6.48],[125.4,6.8],[125.64,7.09]]],[[[124.47,10.06],[124.15,10.15],[123.79,9.84],[123.86,9.64],[124.36,9.62],[124.6,9.76],[124.47,10.06]]],[[[123.21,9.98],[123.56,10.79],[123.19,11],[122.95,10.89],[122.84,10.54],[122.86,10.1],[122.45,9.97],[122.41,9.66],[123.13,9.05],[123.3,9.35],[123.11,9.63],[123.21,9.98]]],[[[123.35,9.42],[123.64,10.07],[124.02,10.39],[123.86,10.81],[123.51,10.14],[123.37,9.99],[123.35,9.42]]],[[[119.51,11.34],[119.34,10.72],[119.01,10.44],[118.61,9.87],[118.03,9.26],[117.66,9.08],[117.34,8.73],[117.2,8.33],[118,8.88],[118.73,9.65],[118.75,9.93],[119.2,10.05],[119.33,10.31],[119.72,10.51],[119.48,10.88],[119.51,11.34]]],[[[124.58,11.31],[124.4,11.24],[124.8,10.66],[124.76,10.2],[124.98,10.04],[125.26,10.26],[125.02,10.74],[124.95,11.42],[124.58,11.31]]],[[[122.23,11.8],[122.08,11.73],[122.05,11.03],[121.91,10.44],[122.26,10.65],[122.73,10.8],[122.79,10.99],[123.12,11.17],[122.91,11.43],[122.59,11.52],[122.23,11.8]]],[[[124.9,11.57],[125.07,11.28],[125.46,11.1],[125.64,11.35],[125.45,11.59],[125.5,12.21],[125.15,12.58],[124.65,12.5],[124.26,12.55],[124.39,12.19],[124.86,11.81],[124.9,11.57]]],[[[123.88,12.22],[123.25,12.61],[123.3,12.24],[123.88,12.22]]],[[[120.72,13.48],[120.65,13.19],[120.8,12.72],[121.22,12.23],[121.56,12.6],[121.5,13.15],[120.97,13.52],[120.72,13.48]]],[[[124.29,13.95],[124.05,13.61],[124.32,13.55],[124.29,13.95]]],[[[121.26,18.57],[120.87,18.61],[120.57,18.49],[120.44,17.73],[120.45,16.97],[120.32,16.63],[120.43,16.17],[120.16,16.04],[119.79,16.33],[119.75,15.96],[119.91,15.84],[119.91,15.4],[120.09,14.78],[120.39,14.47],[120.55,14.72],[120.84,14.76],[120.99,14.55],[120.59,14.22],[120.72,13.93],[121.28,13.59],[121.7,13.96],[122.11,13.76],[122.48,13.71],[122.78,13.79],[122.89,13.57],[123.2,13.42],[123.41,13.04],[123.84,12.83],[124.08,13.01],[123.78,13.23],[123.54,13.56],[123.42,13.98],[123.09,13.97],[122.87,14.27],[122.47,14.34],[122.25,13.92],[121.74,14.17],[121.61,14.82],[121.38,15.32],[121.64,15.71],[121.56,15.89],[121.96,16.13],[122.31,16.56],[122.53,17.1],[122.26,17.36],[122.15,17.8],[122.34,18.28],[122.23,18.52],[121.95,18.27],[121.26,18.57]]]]},"properties":{"NAME":"Philippines","ABBREVN":"Philippines","SUBJECTO":"Philippines","BORDERPRECISION":3,"PARTOF":"Philippines","SHAPE_HASH":"9d976501e7"}},
{"type":"Feature","geometry":{"type":"MultiPolygon","coordinates":[[[[120.03,-9.38],[119.28,-9.36],[118.93,-9.56],[119.19,-9.75],[119.63,-9.77],[120.16,-10.23],[120.72,-10.2],[120.81,-9.99],[120.46,-9.63],[120.03,-9.38]]],[[[124.97,-9.04],[124.46,-9.18],[124.37,-9.43],[123.98,-9.36],[123.66,-9.65],[123.58,-9.94],[123.81,-10.38],[124.12,-10.18],[124.41,-10.17],[125.13,-9.44],[124.97,-9.04]]],[[[116.55,-8.77],[116.74,-8.4],[116.38,-8.21],[116.1,-8.41],[116,-8.9],[116.55,-8.91],[116.55,-8.77]]],[[[124.67,-8.17],[124.42,-8.47],[125.13,-8.35],[125.09,-8.16],[124.67,-8.17]]],[[[118.26,-8.35],[117.95,-8.08],[117.71,-8.24],[117.99,-8.48],[117.98,-8.75],[117.58,-8.5],[117.19,-8.36],[116.78,-8.67],[116.74,-8.98],[117.05,-9.11],[119.06,-8.65],[119,-8.32],[118.49,-8.25],[118.26,-8.35]]],[[[122.98,-8.15],[122.29,-8.64],[122.04,-8.44],[121.28,-8.47],[120.52,-8.26],[120.27,-8.27],[119.8,-8.59],[119.89,-8.85],[120.59,-8.8],[121.01,-8.95],[121.39,-8.8],[121.76,-8.89],[122.84,-8.6],[122.98,-8.15]]],[[[115.5,-8.18],[115.2,-8.06],[114.61,-8.4],[114.97,-8.5],[115.16,-8.68],[115.62,-8.49],[115.5,-8.18]]],[[[126.73,-7.67],[126.54,-7.58],[125.81,-7.85],[126.42,-7.93],[126.73,-7.67]]],[[[138.6,-8.26],[138.88,-8.04],[139.04,-7.61],[138.81,-7.38],[138.24,-7.46],[138.02,-7.63],[137.63,-8.38],[138.3,-8.43],[138.6,-8.26]]],[[[131.74,-7.21],[131.54,-7.15],[131.24,-7.49],[131.08,-7.87],[131.3,-8.03],[131.57,-7.7],[131.74,-7.21]]],[[[113.99,-6.88],[112.84,-6.91],[112.72,-7.15],[113.5,-7.23],[114.07,-7],[113.99,-6.88]]],[[[134.2,-6.92],[134.51,-6.6],[134.11,-6.17],[134.05,-6.77],[134.2,-6.92]]],[[[134.67,-6.34],[134.64,-5.95],[134.33,-6.22],[134.67,-6.34]]],[[[106.16,-6.01],[105.88,-6.08],[105.8,-6.47],[105.49,-6.81],[106.04,-6.84],[106.55,-7.07],[106.57,-7.42],[107.47,-7.5],[108.16,-7.78],[108.58,-7.69],[109.29,-7.7],[110.06,-7.9],[110.72,-8.2],[111.39,-8.28],[111.79,-8.26],[112.65,-8.43],[113.32,-8.31],[114.06,-8.64],[114.37,-8.65],[114.47,-7.88],[114.03,-7.61],[113.78,-7.73],[113.3,-7.79],[112.85,-7.6],[112.83,-7.29],[112.68,-7.17],[112.56,-6.91],[112.13,-6.91],[111.49,-6.63],[111.15,-6.7],[111.06,-6.47],[110.73,-6.46],[110.48,-6.95],[109.28,-6.88],[108.62,-6.77],[108.55,-6.51],[108.17,-6.34],[107.67,-6.25],[107.33,-5.96],[106.99,-6.08],[106.16,-6.01]]],[[[134.68,-5.59],[134.49,-5.44],[134.3,-5.91],[134.76,-5.89],[134.68,-5.59]]],[[[122.73,-4.64],[122.37,-4.76],[122.4,-5.07],[122.6,-5.17],[122.78,-4.96],[122.73,-4.64]]],[[[123.21,-4.7],[122.91,-4.47],[122.73,-5.25],[122.9,-5.44],[123.05,-4.76],[123.21,-4.7]]],[[[116.12,-4.04],[116.31,-3.91],[116.26,-3.38],[116.01,-3.63],[116.12,-4.04]]],[[[126.99,-3.14],[126.42,-3.07],[126.01,-3.18],[126.04,-3.43],[126.38,-3.71],[126.69,-3.83],[127.24,-3.59],[126.99,-3.14]]],[[[129.8,-2.91],[129.53,-2.78],[129.21,-2.95],[128.91,-2.86],[128.17,-2.86],[128.1,-3.12],[128.4,-3.42],[128.61,-3.44],[128.88,-3.21],[129.52,-3.47],[129.89,-3.33],[129.99,-3.47],[130.83,-3.87],[130.83,-3.45],[130.34,-2.98],[129.8,-2.91]]],[[[107.83,-2.53],[107.65,-2.59],[107.61,-3.21],[108.08,-3.23],[108.29,-2.85],[108.08,-2.61],[107.83,-2.53]]],[[[130.19,-2.06],[130.43,-1.98],[130.32,-1.68],[129.75,-1.86],[130.19,-2.06]]],[[[124.96,-1.7],[124.4,-1.66],[124.41,-2.02],[124.85,-1.9],[124.96,-1.7]]],[[[106.09,-1.77],[105.89,-1.49],[105.35,-1.66],[105.14,-1.95],[105.34,-2.13],[105.75,-2.13],[105.93,-2.47],[105.92,-2.72],[106.44,-2.98],[106.68,-2.68],[106.24,-2.31],[106.09,-1.77]]],[[[127.88,-1.43],[127.64,-1.33],[127.39,-1.66],[128.06,-1.72],[127.88,-1.43]]],[[[98.93,-0.95],[98.66,-0.97],[98.59,-1.18],[98.88,-1.68],[99.22,-1.59],[98.93,-0.95]]],[[[130.89,-0.89],[130.66,-0.96],[130.96,-1.36],[131.07,-0.97],[130.89,-0.89]]],[[[135.48,-0.67],[135.79,-0.9],[135.83,-1.13],[136.26,-1.2],[135.89,-0.73],[135.48,-0.67]]],[[[141,-2.61],[140.16,-2.33],[139.76,-2.35],[138.65,-1.79],[138.06,-1.61],[137.85,-1.47],[137.12,-1.81],[137.19,-2.1],[136.75,-2.25],[136.41,-2.22],[136.25,-2.58],[136.03,-2.7],[135.91,-2.99],[135.49,-3.36],[135,-3.34],[134.47,-2.63],[134.16,-2.32],[134.09,-1.68],[134.28,-1.35],[134.03,-0.97],[133.99,-0.73],[133.43,-0.74],[133.17,-0.54],[132.43,-0.35],[132.11,-0.47],[131.87,-0.69],[131.26,-0.82],[131.18,-1.48],[131.58,-1.48],[131.96,-1.71],[132.04,-2.09],[132.29,-2.26],[132.68,-2.31],[133.3,-2.2],[133.65,-2.24],[133.68,-2.58],[133.25,-2.42],[133.02,-2.5],[132.74,-2.81],[132.2,-2.68],[132.32,-2.95],[132.93,-3.55],[132.75,-3.72],[132.91,-4.09],[133.25,-4.07],[133.57,-3.58],[134.3,-4.01],[135.2,-4.46],[135.93,-4.5],[136.82,-4.93],[137.22,-5.01],[138.04,-5.46],[138.08,-5.74],[138.3,-5.86],[138.4,-6.27],[138.88,-6.83],[138.58,-6.96],[139.07,-7.54],[138.99,-7.87],[138.84,-8.13],[139.33,-8.2],[139.92,-8.11],[141.01,-9.13],[141,-6.9],[140.86,-6.63],[141.01,-6.33],[141.01,-5.16],[141,-2.61]]],[[[127.57,-0.32],[127.3,-0.52],[127.46,-0.81],[127.68,-0.47],[127.57,-0.32]]],[[[130.88,-0.02],[130.43,-0.28],[131.17,-0.34],[131.3,-0.17],[130.88,-0.02]]],[[[97.52,1.42],[97.11,1.39],[97.61,0.82],[97.89,0.64],[97.91,1.04],[97.52,1.42]]],[[[125.14,1.42],[124.83,1.46],[124.53,1.33],[124.29,1.01],[123.84,0.83],[123.2,0.96],[122.85,0.81],[122.66,0.94],[121.91,1.1],[121.6,1.05],[121.38,1.25],[120.82,1.32],[120.8,1.07],[120.56,0.77],[120.34,0.86],[120.02,0.69],[119.78,0.22],[119.74,-0.65],[119.52,-0.87],[119.29,-1.4],[119.35,-1.94],[119.21,-2.02],[119.14,-2.45],[118.76,-2.77],[118.89,-2.89],[118.84,-3.38],[118.93,-3.57],[119.29,-3.43],[119.6,-3.98],[119.6,-4.57],[119.38,-5.19],[119.47,-5.56],[119.78,-5.71],[119.91,-5.57],[120.31,-5.51],[120.31,-4.85],[120.42,-4.68],[120.35,-3.95],[120.45,-3.72],[120.38,-3.21],[120.2,-2.96],[120.68,-2.65],[121.08,-2.76],[121.07,-3.21],[120.88,-3.54],[121.62,-4.16],[121.48,-4.66],[121.7,-4.83],[122.08,-4.84],[122.1,-4.53],[122.6,-4.39],[122.69,-4.15],[122.6,-3.88],[122.2,-3.56],[122.38,-3.13],[122.31,-2.91],[122.01,-2.68],[121.84,-2.31],[121.56,-2.15],[121.8,-1.72],[122.38,-1.49],[122.84,-0.91],[123.38,-1.01],[123.41,-0.65],[122.82,-0.62],[122.77,-0.78],[122.22,-0.76],[122.11,-0.93],[121.75,-0.95],[121.59,-0.81],[121.07,-1.43],[120.68,-1.4],[120.59,-1.13],[120.26,-0.9],[120.07,-0.61],[120,-0.27],[120.12,0.18],[120.55,0.54],[121.11,0.41],[121.7,0.52],[121.79,0.43],[122.37,0.5],[123.07,0.51],[123.25,0.32],[123.65,0.28],[124.32,0.39],[124.9,0.97],[125.14,1.42]]],[[[127.87,1.81],[127.57,1.74],[127.4,1.21],[127.53,0.55],[127.66,0.34],[127.66,-0.22],[128.02,-0.69],[128.21,-0.7],[127.89,-0.03],[127.96,0.48],[128.54,0.32],[128.67,0.55],[128.24,0.73],[128.3,0.89],[128.7,1.1],[128.72,1.56],[128.37,1.51],[127.75,0.81],[127.65,1.02],[127.91,1.2],[128.04,1.52],[127.87,1.81]]],[[[128.51,2.05],[128.69,2.48],[128.43,2.57],[128.23,2.31],[128.28,2.02],[128.51,2.05]]],[[[96.48,2.36],[96.43,2.5],[95.79,2.94],[95.7,2.77],[96.48,2.36]]],[[[108.32,3.68],[108.39,3.98],[108.18,4.2],[107.99,4.02],[108.32,3.68]]],[[[95.74,5.59],[95.41,5.65],[95.22,5.48],[95.28,5.12],[95.53,4.68],[96.56,3.74],[96.79,3.74],[97.01,3.54],[97.42,2.93],[97.6,2.86],[97.66,2.4],[98.44,1.99],[98.77,1.75],[98.72,1.52],[99.1,0.58],[99.14,0.26],[99.35,0.23],[99.74,-0.03],[99.81,-0.3],[100.34,-0.87],[100.44,-1.24],[100.85,-1.89],[100.84,-2.19],[101.09,-2.58],[101.32,-2.73],[101.63,-3.25],[102.24,-3.68],[102.29,-3.96],[103.44,-4.86],[103.72,-4.96],[104.1,-5.43],[104.53,-5.83],[104.69,-5.52],[105.14,-5.8],[105.26,-5.45],[105.62,-5.82],[105.78,-5.83],[105.89,-4.89],[105.81,-4.3],[105.95,-3.86],[105.82,-3.67],[106.07,-3.26],[105.61,-2.4],[105.04,-2.37],[104.85,-2.04],[104.56,-1.86],[104.41,-1.14],[103.96,-0.98],[103.74,-1],[103.36,-0.7],[103.42,-0.35],[103.73,0.29],[103.38,0.53],[103.07,0.54],[102.87,0.73],[102.58,0.73],[102.24,0.98],[102.13,1.38],[101.72,1.67],[101.36,1.8],[101.32,2.01],[100.84,2.28],[100.7,2.11],[100.4,2.32],[100.2,2.71],[99.25,3.52],[98.83,3.71],[98.55,4],[98.27,4.14],[98.28,4.42],[98.02,4.55],[97.9,4.9],[97.49,5.25],[97.17,5.16],[96.81,5.28],[96.58,5.21],[96.06,5.31],[95.74,5.59]]],[[[109.65,2.07],[109.34,1.89],[109.08,1.55],[108.85,0.82],[108.92,0.31],[109.17,0.11],[109.12,-0.51],[109.29,-0.87],[109.73,-0.95],[110.05,-1.31],[110.1,-2.24],[110.28,-3.01],[110.6,-2.88],[110.92,-3.1],[111.34,-2.92],[111.83,-3.03],[111.95,-3.55],[112.25,-3.31],[112.53,-3.44],[112.95,-3.21],[113.06,-2.99],[113.61,-3.43],[114.03,-3.36],[114.48,-3.5],[114.61,-3.68],[114.61,-4.13],[114.94,-4.04],[115.99,-3.58],[116.37,-2.83],[116.31,-2.52],[116.55,-2.48],[116.46,-2.05],[116.54,-1.47],[117.03,-1.2],[117.26,-0.87],[117.62,-0.78],[117.44,-0.52],[117.47,0.1],[117.74,0.74],[118.19,0.87],[118.81,0.81],[119,0.97],[118.6,1.36],[117.92,1.82],[117.87,2.04],[118.09,2.31],[117.84,2.59],[117.62,3.09],[117.21,3.61],[117.83,3.71],[117.25,4.36],[116.53,4.33],[115.88,4.36],[115.69,4.17],[115.58,3.71],[115.63,3.46],[115.49,3.03],[115.25,3.01],[115.08,2.61],[114.81,2.25],[114.86,1.92],[114.58,1.45],[113.93,1.44],[113.66,1.23],[112.88,1.59],[112.47,1.57],[112.2,1.45],[112.13,1.15],[111.8,0.99],[111.26,1.07],[110.55,0.86],[109.67,1.62],[109.65,2.07]]]]},"properties":{"NAME":"Indonesia","ABBREVN":"Indonesia","SUBJECTO":"Indonesia","BORDERPRECISION":3,"PARTOF":"Indonesia","SHAPE_HASH":"7437fbf1c9"}},
{"type":"Feature","geometry":{"type":"MultiPolygon","coordinates":[[[[145.08,-40.81],[144.62,-40.93],[144.95,-41.71],[145.18,-41.94],[145.26,-42.61],[146.04,-43.5],[146.94,-43.6],[147.27,-43.06],[147.95,-42.72],[148.08,-42.12],[148.26,-41.81],[148.33,-41],[148.01,-40.75],[147.49,-40.98],[147.02,-40.98],[146.58,-41.15],[146.19,-41.16],[145.27,-40.8],[145.08,-40.81]]],[[[137.58,-35.65],[137.32,-35.59],[136.58,-35.77],[136.71,-36.06],[137.36,-36],[137.83,-35.81],[137.58,-35.65]]],[[[148.18,-40.26],[148.28,-39.97],[147.97,-39.73],[147.76,-39.88],[148.18,-40.26]]],[[[139.66,-36.21],[139.86,-36.66],[139.75,-37.2],[140.36,-37.86],[140.68,-38.07],[141.03,-38.08],[141.57,-38.42],[141.68,-38.28],[142.38,-38.36],[143.54,-38.86],[144.4,-38.31],[144.53,-38.1],[144.98,-37.89],[145.13,-38.14],[145.56,-38.37],[145.42,-38.55],[146.18,-38.76],[146.87,-38.65],[147.54,-38.11],[148.31,-37.82],[149.46,-37.78],[149.98,-37.51],[149.9,-36.92],[150.14,-36.33],[150.16,-35.94],[150.56,-35.21],[150.78,-35.01],[150.93,-34.33],[151.27,-33.97],[151.34,-33.63],[151.81,-32.89],[152.53,-32.4],[152.51,-32.13],[152.83,-31.7],[153.07,-30.95],[153.03,-30.51],[153.25,-29.95],[153.45,-29.04],[153.61,-28.86],[153.59,-28.27],[153.26,-27.48],[153.06,-27.31],[153.16,-27.08],[153.07,-26.31],[153.18,-25.95],[152.92,-25.74],[152.91,-25.29],[152.67,-25.25],[152.45,-24.78],[152.13,-24.61],[151.94,-24.24],[151.54,-24.04],[150.87,-23.5],[150.76,-23.13],[150.82,-22.73],[150.19,-22.37],[149.7,-22.35],[149.43,-21.77],[149.44,-21.58],[149.21,-21.08],[148.85,-20.84],[148.67,-20.56],[148.77,-20.23],[148.22,-19.95],[147.67,-19.82],[147.43,-19.41],[147.25,-19.43],[146.45,-19.07],[146.27,-18.85],[146.33,-18.54],[146.02,-18.27],[146.1,-17.69],[146.03,-17.36],[145.77,-16.89],[145.4,-16.44],[145.46,-16.08],[145.25,-15.45],[145.32,-14.95],[144.68,-14.56],[144.44,-14.25],[144.01,-14.49],[143.78,-14.41],[143.53,-13.76],[143.51,-12.88],[143.28,-12.41],[143.08,-12.33],[143.2,-11.99],[142.86,-11.83],[142.87,-11.39],[142.61,-10.75],[142.14,-10.97],[142.12,-11.37],[141.92,-12.09],[141.66,-12.45],[141.84,-12.67],[141.59,-12.99],[141.68,-13.28],[141.47,-13.83],[141.58,-14.07],[141.52,-14.48],[141.67,-15.03],[141.47,-15.5],[141.43,-16.07],[141.18,-16.73],[140.96,-17],[140.89,-17.36],[140.37,-17.68],[139.98,-17.7],[139.26,-17.34],[139.03,-16.91],[138.19,-16.71],[137.74,-16.25],[137.03,-15.91],[136.77,-15.9],[136.32,-15.6],[136.24,-15.42],[135.43,-14.9],[135.62,-14.44],[135.9,-14.14],[136.02,-13.76],[135.85,-13.6],[135.89,-13.34],[136.1,-13.18],[136.53,-13.15],[136.64,-12.7],[136.8,-12.48],[136.45,-11.95],[136.18,-12.17],[135.38,-12.09],[135.08,-12.27],[134.77,-12],[134.21,-12.06],[133.8,-11.72],[133.62,-11.83],[133.15,-11.69],[132.87,-11.33],[132.65,-11.49],[132.34,-11.13],[131.98,-11.13],[131.87,-11.31],[132.11,-11.53],[132.37,-11.44],[132.69,-11.66],[132.64,-12.08],[132.06,-12.31],[131.49,-12.3],[131.02,-12.15],[131.03,-12.36],[130.66,-12.39],[130.12,-12.97],[130.26,-13.33],[129.83,-13.52],[129.75,-13.96],[129.49,-14.14],[129.36,-14.41],[129.59,-14.57],[129.61,-14.95],[129.09,-14.9],[128.54,-14.76],[128.46,-15],[128.07,-15.1],[128.17,-14.7],[127.96,-14.58],[127.43,-13.95],[126.96,-13.73],[126.6,-14.23],[126.33,-14.05],[126.15,-14.13],[126.04,-14.52],[125.58,-14.31],[125.14,-14.75],[125.24,-14.9],[124.71,-15.25],[124.37,-15.67],[124.42,-16.35],[123.96,-16.25],[123.71,-16.34],[123.61,-16.67],[123.78,-16.9],[123.57,-17.07],[123.55,-17.52],[123.1,-16.72],[122.52,-16.84],[122.14,-17.36],[122.31,-18.16],[121.77,-18.56],[121.49,-19.12],[121.23,-19.44],[120.88,-19.67],[120.24,-19.91],[119.6,-20.07],[119.17,-19.96],[118.82,-20.27],[118.07,-20.41],[117.69,-20.68],[117.32,-20.73],[117.07,-20.62],[116.71,-20.65],[116.19,-20.9],[115.45,-21.52],[114.64,-21.86],[114.37,-22.44],[113.89,-22.06],[113.66,-22.6],[113.82,-23.03],[113.74,-23.53],[113.53,-23.76],[113.38,-24.23],[114.03,-25.63],[114.26,-25.85],[114.07,-26.46],[113.64,-26.65],[113.51,-26.28],[113.28,-26.4],[113.8,-26.97],[114.07,-27.45],[114.15,-28.09],[114.58,-28.63],[114.98,-29.49],[114.94,-30.06],[115.05,-30.5],[115.74,-31.87],[115.76,-32.57],[115.62,-32.81],[115.71,-33.24],[115.43,-33.61],[114.95,-33.69],[115.01,-34.26],[115.65,-34.47],[115.97,-34.82],[116.46,-35],[117.33,-35.02],[117.53,-35.09],[118.08,-34.99],[118.94,-34.45],[119.21,-34.5],[119.62,-34.1],[120.03,-33.93],[120.42,-33.97],[120.86,-33.86],[122.01,-33.83],[122.35,-33.91],[123.02,-33.86],[123.17,-34.02],[123.54,-33.91],[123.96,-33.54],[124.09,-33.16],[124.4,-32.95],[124.75,-32.9],[125.81,-32.34],[126.21,-32.24],[126.69,-32.32],[127.33,-32.27],[128.01,-32.09],[128.95,-31.7],[130.26,-31.58],[130.76,-31.61],[131.12,-31.48],[131.67,-31.67],[132.2,-32.03],[132.58,-31.94],[133.14,-32.18],[133.57,-32.17],[134.11,-32.45],[134.33,-33.2],[134.71,-33.18],[134.84,-33.64],[135.26,-34.01],[135.4,-34.64],[135.67,-34.96],[135.94,-34.54],[136.41,-34.04],[137.21,-33.67],[137.6,-33.03],[137.95,-33.56],[137.6,-33.88],[137.51,-34.14],[137.45,-34.9],[136.98,-34.96],[137.03,-35.23],[137.46,-35.11],[137.67,-35.18],[137.92,-34.43],[138.22,-34.31],[138.5,-34.73],[138.44,-35.34],[138.54,-35.65],[139.21,-35.32],[139.34,-35.69],[139.66,-36.21]]],[[[136.71,-13.84],[136.46,-13.84],[136.38,-14.22],[136.75,-14.26],[136.71,-13.84]]],[[[130.57,-11.35],[130.49,-11.64],[130.96,-11.94],[131.54,-11.47],[131.27,-11.19],[131,-11.35],[130.57,-11.35]]]]},"properties":{"NAME":"Australia","ABBREVN":"Australia","SUBJECTO":"Australia","BORDERPRECISION":3,"PARTOF":"Australia","SHAPE_HASH":"236a1b3ecd"}},
{"type":"Feature","geometry":{"type":"Polygon","coordinates":[[[141.01,-9.13],[141.52,-9.22],[142.21,-9.16],[142.63,-9.33],[143.4,-8.97],[143.28,-8.62],[142.97,-8.34],[143.61,-8.24],[143.89,-8.04],[143.91,-7.69],[144.22,-7.79],[144.59,-7.66],[145.44,-7.95],[146.09,-8.09],[147.06,-9.47],[147.3,-9.53],[147.62,-9.99],[147.95,-10.15],[148.16,-10.08],[148.47,-10.2],[149.09,-10.23],[149.72,-10.34],[150.21,-10.7],[150.65,-10.48],[150.19,-10.09],[149.94,-10.06],[149.18,-9.36],[149.14,-9.01],[148.78,-9.1],[148.54,-9.01],[148.48,-8.74],[148.22,-8.53],[148.14,-8.07],[147.99,-8.05],[147.37,-8.02],[144.13,-6.09],[141.01,-5.16],[141.01,-6.33],[140.86,-6.63],[141,-6.9],[141.01,-9.13]]]},"properties":{"NAME":"Papua","ABBREVN":"Papua","SUBJECTO":"Papua","BORDERPRECISION":3,"PARTOF":"Papua","SHAPE_HASH":"43602bcd96"}},
{"type":"Feature","geometry":{"type":"MultiPolygon","coordinates":[[[[155.07,-5.56],[154.75,-5.52],[154.75,-5.95],[155.18,-6.29],[155.34,-6.74],[155.71,-6.88],[155.97,-6.71],[155.83,-6.4],[155.49,-6.19],[155.07,-5.56]]],[[[152.24,-4.21],[151.99,-4.33],[151.54,-4.18],[151.69,-4.86],[151.26,-4.99],[150.91,-5.49],[150.42,-5.46],[149.22,-5.61],[148.99,-5.48],[148.36,-5.49],[148.36,-5.75],[148.76,-5.86],[149.08,-6.14],[149.34,-6.06],[149.63,-6.31],[150.4,-6.29],[151.38,-5.81],[151.46,-5.54],[151.84,-5.6],[152.1,-5.46],[151.99,-4.97],[152.24,-4.99],[152.39,-4.79],[152.36,-4.34],[152.24,-4.21]]],[[[141.01,-5.16],[144.13,-6.09],[147.37,-8.02],[147.99,-8.05],[147.33,-7.5],[146.95,-6.97],[146.96,-6.75],[147.57,-6.75],[147.87,-6.66],[147.83,-6.34],[147.47,-5.97],[147.11,-5.97],[146.47,-5.61],[145.72,-5.43],[145.81,-5.07],[145.74,-4.8],[145.34,-4.39],[145.09,-4.37],[144.51,-3.82],[144.02,-3.81],[143.53,-3.44],[142.55,-3.22],[141.89,-2.97],[141.21,-2.62],[141,-2.61],[141.01,-5.16]]],[[[151.09,-2.75],[151.21,-2.94],[151.62,-3.17],[151.93,-3.45],[152.29,-3.58],[152.69,-4.19],[152.66,-4.47],[152.9,-4.82],[153.08,-4.59],[153.13,-4.27],[152.92,-4],[152.58,-3.82],[152.06,-3.25],[151.82,-3.2],[151.09,-2.75]]],[[[147.3,-2.03],[146.87,-1.95],[146.73,-2.16],[147.21,-2.19],[147.3,-2.03]]]]},"properties":{"NAME":"New Guinea (German New Guinea)","ABBREVN":"New Guinea (German New Guinea)","SUBJECTO":"New Guinea (German New Guinea)","BORDERPRECISION":3,"PARTOF":"New Guinea (German New Guinea)","SHAPE_HASH":"d41a9786c1"}},
{"type":"Feature","geometry":{"type":"MultiPolygon","coordinates":[[[[168.22,-47.07],[167.92,-46.68],[167.53,-47.2],[168.22,-47.07]]],[[[173.99,-36.14],[174.44,-36.41],[174.37,-36.63],[174.85,-37.77],[174.59,-38.83],[173.84,-39.14],[173.79,-39.42],[174.97,-39.92],[175.24,-40.33],[175.17,-40.61],[174.72,-41.2],[174.87,-41.43],[175.32,-41.62],[175.96,-41.26],[176.35,-40.69],[176.8,-40.22],[177.02,-39.77],[176.9,-39.44],[177.05,-39.2],[177.43,-39.06],[177.9,-39.05],[177.94,-38.79],[178.3,-38.53],[178.35,-38.02],[178.56,-37.72],[178.06,-37.54],[177.6,-37.88],[177.16,-38.01],[176.27,-37.68],[175.99,-37.64],[175.84,-36.75],[175.63,-36.71],[175.32,-37.01],[174.81,-36.81],[174.78,-36.27],[174.36,-35.72],[174.58,-35.61],[174.32,-35.23],[173.59,-34.93],[173.09,-35.21],[173.99,-36.14]]],[[[172.8,-40.52],[172.63,-40.51],[172.11,-40.88],[172.12,-41.28],[171.89,-41.63],[171.51,-41.76],[171.15,-42.56],[170.79,-42.9],[170.29,-43.11],[169.72,-43.57],[168.86,-43.97],[168.38,-44.04],[168.13,-44.32],[167.23,-44.93],[166.87,-45.28],[166.48,-46.01],[166.72,-46.21],[167.28,-46.27],[167.45,-46.16],[168.37,-46.42],[168.49,-46.61],[169.01,-46.68],[169.7,-46.56],[170.62,-45.84],[170.96,-45.17],[171.2,-44.92],[171.2,-44.56],[171.58,-44.15],[172.39,-43.86],[172.78,-43.61],[172.84,-43.15],[173.33,-42.91],[173.57,-42.48],[173.96,-42.17],[174.29,-41.74],[174.05,-41.42],[174.25,-41.04],[173.7,-41],[173.2,-41.31],[173.05,-40.87],[172.8,-40.52]]]]},"properties":{"NAME":"New Zealand","ABBREVN":"New Zealand","SUBJECTO":"New Zealand","BORDERPRECISION":3,"PARTOF":"New Zealand","SHAPE_HASH":"5af83b5654"}},
{"type":"Feature","geometry":{"type":"MultiPolygon","coordinates":[[[[161.55,-10.28],[161.54,-10.53],[161.88,-10.77],[162.31,-10.84],[162.13,-10.47],[161.84,-10.45],[161.55,-10.28]]],[[[159.93,-9.43],[159.62,-9.54],[159.83,-9.8],[160.82,-9.83],[160.36,-9.42],[159.93,-9.43]]],[[[160.94,-8.82],[160.98,-8.59],[160.59,-8.38],[160.81,-9.06],[161.19,-9.4],[161.16,-8.97],[160.94,-8.82]]],[[[159.85,-8.33],[159.39,-7.99],[159.08,-7.9],[158.76,-7.62],[158.61,-7.77],[159.01,-8.09],[159.81,-8.52],[159.85,-8.33]]],[[[157.32,-7.28],[157.12,-6.97],[156.53,-6.61],[156.93,-7.22],[157.32,-7.28]]]]},"properties":{"NAME":"Solomon Islands","ABBREVN":"Solomon Islands","SUBJECTO":"Solomon Islands","BORDERPRECISION":3,"PARTOF":"Solomon Islands","SHAPE_HASH":"e4510d5a1b"}},
{"type":"Feature","geometry":{"type":"Polygon","coordinates":[[[47.99,8],[46.99,7.06],[45.96,6],[44.95,4.9],[43.98,4.96],[43.16,4.67],[42.88,4.32],[42.07,4.18],[41.9,3.97],[41.34,3.17],[40.99,2.84],[40.99,1.31],[41,-0.87],[41.56,-1.59],[41.97,-1.02],[42.57,-0.31],[43.49,0.65],[44.54,1.55],[46.11,2.52],[46.76,3.16],[48,4.52],[48.31,5.07],[48.67,5.53],[49.04,6.15],[49.22,6.76],[50.07,8.14],[50.48,8.94],[50.84,9.44],[50.8,9.57],[50.9,10.31],[51.15,10.63],[51.08,11.18],[51.27,11.84],[50.77,11.98],[50.44,11.68],[50.09,11.51],[49.56,11.45],[48.98,11.25],[49.01,11.13],[49.02,9],[47.99,8]]]},"properties":{"NAME":"Italian Somaliland","ABBREVN":"Italian Somaliland","SUBJECTO":"Italian Somaliland","BORDERPRECISION":3,"PARTOF":"Italian Somaliland","SHAPE_HASH":"a2a06b9c94"}},
{"type":"Feature","geometry":{"type":"MultiPolygon","coordinates":[[[[53.77,12.62],[53.5,12.72],[53.37,12.49],[53.76,12.31],[54.14,12.35],[54.45,12.58],[54.1,12.7],[53.77,12.62]]],[[[46.71,16.03],[46.72,15.1],[46.79,14.7],[47.01,14.23],[47.01,13.92],[47.39,13.65],[48.02,14.05],[48.69,14.04],[49.09,14.52],[50.45,15.01],[51.24,15.19],[52.19,15.61],[52.16,15.98],[52.29,16.27],[52.6,16.48],[53.11,16.64],[52,19],[50,18.55],[48.77,18.27],[47.38,16.75],[46.71,16.03]]]]},"properties":{"NAME":"East Aden Protectorate","ABBREVN":"East Aden Protectorate","SUBJECTO":"East Aden Protectorate","BORDERPRECISION":3,"PARTOF":"East Aden Protectorate","SHAPE_HASH":"2db5330d35"}},
{"type":"Feature","geometry":{"type":"Polygon","coordinates":[[[142.13,49.89],[142.12,49.46],[141.85,48.76],[142.16,48.24],[142.19,47.95],[141.96,47.6],[142.05,47.04],[141.81,46.59],[141.93,46.05],[142.2,46.02],[142.42,46.58],[143.17,46.71],[143.02,47.25],[142.63,47.58],[142.54,48.01],[142.99,48.92],[143.03,49.16],[143.4,49.4],[144.15,49.2],[144.05,49.9],[142.13,49.89]]]},"properties":{"NAME":"Southern Sakhalin Island","ABBREVN":"Southern Sakhalin Island","SUBJECTO":"Southern Sakhalin Island","BORDERPRECISION":3,"PARTOF":"Southern Sakhalin Island","SHAPE_HASH":"04c5c5e10a"}}
]}